pressure_gpa,scale_factor,source_type,source_value,trajectory,trajectory_path,frame,uncertainty,uncertainty_bin,volume_per_atom,max_force,max_force_model0,instant_pressure_gpa,discarded_equilibration,selected_candidate,candidate_id,candidate_file,selection_rank_in_bin,cur_score,final_selected,natoms,mini_pressure_bar,pressure_index,raw_index,rss_source_file,rss_source_path,minimized_source_path,raw_source_path,flat_sha256,minimized_sha256
0.0,,rss_mini,0.0,rss-n9-p0bar,W-potential/fcc-restart/05-rss-round-1/rss-selection/source-frames/rss-n9-p0bar.xyz,0,0.15829617164620863,,16.88480746736625,0.22803665835128997,0.19510811968287653,,False,False,,,,,False,9,0.0,0,0,000001.poscar,unary-W/W-00000-0.poscar,/home/tuzhengyu/work/WTaTi/W-potential/fcc-restart/05-rss-round-1/rss/minimized/unary-W/W-00000-0.poscar,W-potential/fcc-restart/05-rss-round-1/rss/raw/unary-W/W-00000.poscar,a16843e04f74164e5c7e932e2489a80cc0a0cf447cef2f0551c7846eecbf2d86,a16843e04f74164e5c7e932e2489a80cc0a0cf447cef2f0551c7846eecbf2d86
0.0,,rss_mini,0.0,rss-n9-p0bar,W-potential/fcc-restart/05-rss-round-1/rss-selection/source-frames/rss-n9-p0bar.xyz,1,0.1540730521310186,,17.13201965826333,0.16989424601034583,0.17799155041542117,,False,False,,,,,False,9,0.0,0,1,000004.poscar,unary-W/W-00001-0.poscar,/home/tuzhengyu/work/WTaTi/W-potential/fcc-restart/05-rss-round-1/rss/minimized/unary-W/W-00001-0.poscar,W-potential/fcc-restart/05-rss-round-1/rss/raw/unary-W/W-00001.poscar,b309f980238125db3669de4cb4e911a61a0ee661f2aba052a39b3c40c33f50f6,b309f980238125db3669de4cb4e911a61a0ee661f2aba052a39b3c40c33f50f6
0.0,,rss_mini,0.0,rss-n9-p0bar,W-potential/fcc-restart/05-rss-round-1/rss-selection/source-frames/rss-n9-p0bar.xyz,2,0.11801656113185008,,16.88635553845236,0.20154257915564192,0.19383313334682148,,False,False,,,,,False,9,0.0,0,2,000007.poscar,unary-W/W-00002-0.poscar,/home/tuzhengyu/work/WTaTi/W-potential/fcc-restart/05-rss-round-1/rss/minimized/unary-W/W-00002-0.poscar,W-potential/fcc-restart/05-rss-round-1/rss/raw/unary-W/W-00002.poscar,1a8e835581b04c3d92ebc25823086059fdb46b359960b194a46b043a038b323d,1a8e835581b04c3d92ebc25823086059fdb46b359960b194a46b043a038b323d
0.0,,rss_mini,0.0,rss-n9-p0bar,W-potential/fcc-restart/05-rss-round-1/rss-selection/source-frames/rss-n9-p0bar.xyz,3,0.24488605755039258,,17.159339564299863,0.2639646504070149,0.3343999952316629,,False,False,,,,,False,9,0.0,0,3,000010.poscar,unary-W/W-00003-0.poscar,/home/tuzhengyu/work/WTaTi/W-potential/fcc-restart/05-rss-round-1/rss/minimized/unary-W/W-00003-0.poscar,W-potential/fcc-restart/05-rss-round-1/rss/raw/unary-W/W-00003.poscar,f10bb211eef801500e2e87f801cc5c1c4bd113918fcb1c1de86f943595eb11d1,f10bb211eef801500e2e87f801cc5c1c4bd113918fcb1c1de86f943595eb11d1
0.0,,rss_mini,0.0,rss-n9-p0bar,W-potential/fcc-restart/05-rss-round-1/rss-selection/source-frames/rss-n9-p0bar.xyz,4,0.004628118177525813,,15.894565817654998,0.02318421940306245,0.020981752633069235,,False,False,,,,,False,9,0.0,0,4,000013.poscar,unary-W/W-00004-0.poscar,/home/tuzhengyu/work/WTaTi/W-potential/fcc-restart/05-rss-round-1/rss/minimized/unary-W/W-00004-0.poscar,W-potential/fcc-restart/05-rss-round-1/rss/raw/unary-W/W-00004.poscar,2ddc9b0595b4e8fb64afb0bce11d49eea690473de0c14e622a898756e693e046,2ddc9b0595b4e8fb64afb0bce11d49eea690473de0c14e622a898756e693e046
0.0,,rss_mini,0.0,rss-n9-p0bar,W-potential/fcc-restart/05-rss-round-1/rss-selection/source-frames/rss-n9-p0bar.xyz,5,0.1273755526310267,,17.05635911918847,0.16205418702190444,0.12176100647934975,,False,False,,,,,False,9,0.0,0,5,000016.poscar,unary-W/W-00005-0.poscar,/home/tuzhengyu/work/WTaTi/W-potential/fcc-restart/05-rss-round-1/rss/minimized/unary-W/W-00005-0.poscar,W-potential/fcc-restart/05-rss-round-1/rss/raw/unary-W/W-00005.poscar,44f64c36e93d360e7705758c9835bc0727286b16c639d81188735862c7c3f6a6,44f64c36e93d360e7705758c9835bc0727286b16c639d81188735862c7c3f6a6
0.0,,rss_mini,0.0,rss-n9-p0bar,W-potential/fcc-restart/05-rss-round-1/rss-selection/source-frames/rss-n9-p0bar.xyz,6,0.2775687779108792,,17.19073426717863,0.23699321009713936,0.3434965044629333,,False,False,,,,,False,9,0.0,0,6,000019.poscar,unary-W/W-00006-0.poscar,/home/tuzhengyu/work/WTaTi/W-potential/fcc-restart/05-rss-round-1/rss/minimized/unary-W/W-00006-0.poscar,W-potential/fcc-restart/05-rss-round-1/rss/raw/unary-W/W-00006.poscar,0f0939549fbae133e7484230741e6283defe56beda3957a9f2f11ac2c0e7962a,0f0939549fbae133e7484230741e6283defe56beda3957a9f2f11ac2c0e7962a
0.0,,rss_mini,0.0,rss-n9-p0bar,W-potential/fcc-restart/05-rss-round-1/rss-selection/source-frames/rss-n9-p0bar.xyz,7,0.12262616433961443,,17.096720858701474,0.24108820790511826,0.2638694024093115,,False,False,,,,,False,9,0.0,0,7,000022.poscar,unary-W/W-00007-0.poscar,/home/tuzhengyu/work/WTaTi/W-potential/fcc-restart/05-rss-round-1/rss/minimized/unary-W/W-00007-0.poscar,W-potential/fcc-restart/05-rss-round-1/rss/raw/unary-W/W-00007.poscar,9a438b34d6fd22909f146c5c715c4727c5e3db8765fa7be29d1830453766970d,9a438b34d6fd22909f146c5c715c4727c5e3db8765fa7be29d1830453766970d
0.0,,rss_mini,0.0,rss-n9-p0bar,W-potential/fcc-restart/05-rss-round-1/rss-selection/source-frames/rss-n9-p0bar.xyz,8,0.15243652469964888,,16.954064494066106,0.20698041702499753,0.3368857198421747,,False,False,,,,,False,9,0.0,0,8,000025.poscar,unary-W/W-00008-0.poscar,/home/tuzhengyu/work/WTaTi/W-potential/fcc-restart/05-rss-round-1/rss/minimized/unary-W/W-00008-0.poscar,W-potential/fcc-restart/05-rss-round-1/rss/raw/unary-W/W-00008.poscar,d118c0c07112d364a0f194de6a10b5746d477adb8d8a4f9e1a6d45fbad392c61,d118c0c07112d364a0f194de6a10b5746d477adb8d8a4f9e1a6d45fbad392c61
0.0,,rss_mini,0.0,rss-n9-p0bar,W-potential/fcc-restart/05-rss-round-1/rss-selection/source-frames/rss-n9-p0bar.xyz,9,0.2524911019852906,,17.159979019800154,0.2509255930947103,0.3577632203844054,,False,False,,,,,False,9,0.0,0,9,000028.poscar,unary-W/W-00009-0.poscar,/home/tuzhengyu/work/WTaTi/W-potential/fcc-restart/05-rss-round-1/rss/minimized/unary-W/W-00009-0.poscar,W-potential/fcc-restart/05-rss-round-1/rss/raw/unary-W/W-00009.poscar,a4abed4a6701158935f33734353ce1e69fc48e95723819bde7a45b2d2ecf9883,a4abed4a6701158935f33734353ce1e69fc48e95723819bde7a45b2d2ecf9883
0.0,,rss_mini,0.0,rss-n9-p0bar,W-potential/fcc-restart/05-rss-round-1/rss-selection/source-frames/rss-n9-p0bar.xyz,10,0.013762090739516399,,16.328784003807826,0.03695766655362275,0.02816933993412891,,False,False,,,,,False,9,0.0,0,10,000031.poscar,unary-W/W-00010-0.poscar,/home/tuzhengyu/work/WTaTi/W-potential/fcc-restart/05-rss-round-1/rss/minimized/unary-W/W-00010-0.poscar,W-potential/fcc-restart/05-rss-round-1/rss/raw/unary-W/W-00010.poscar,9b93a11879a039bbafe643767626b71d7ff01f2f9b9c4fb2f6416cf28db77e7f,9b93a11879a039bbafe643767626b71d7ff01f2f9b9c4fb2f6416cf28db77e7f
0.0,,rss_mini,0.0,rss-n9-p0bar,W-potential/fcc-restart/05-rss-round-1/rss-selection/source-frames/rss-n9-p0bar.xyz,11,0.009065671872093306,,15.88683766944145,0.05219141855065678,0.04926828526582682,,False,False,,,,,False,9,0.0,0,11,000034.poscar,unary-W/W-00011-0.poscar,/home/tuzhengyu/work/WTaTi/W-potential/fcc-restart/05-rss-round-1/rss/minimized/unary-W/W-00011-0.poscar,W-potential/fcc-restart/05-rss-round-1/rss/raw/unary-W/W-00011.poscar,f1ef707fb5fe6dcdc3e4d4f0c48cff3890d2aa4263a50bca85ef525e6b8247d7,f1ef707fb5fe6dcdc3e4d4f0c48cff3890d2aa4263a50bca85ef525e6b8247d7
0.0,,rss_mini,0.0,rss-n9-p0bar,W-potential/fcc-restart/05-rss-round-1/rss-selection/source-frames/rss-n9-p0bar.xyz,12,0.005569259262763195,,15.960418074180204,0.0212268451875008,0.019998523699481133,,False,False,,,,,False,9,0.0,0,12,000037.poscar,unary-W/W-00012-0.poscar,/home/tuzhengyu/work/WTaTi/W-potential/fcc-restart/05-rss-round-1/rss/minimized/unary-W/W-00012-0.poscar,W-potential/fcc-restart/05-rss-round-1/rss/raw/unary-W/W-00012.poscar,eb1dc15c0e9c3f0158fee77a2be360de5a27b5c77d80130e60b7754632ef961f,eb1dc15c0e9c3f0158fee77a2be360de5a27b5c77d80130e60b7754632ef961f
0.0,,rss_mini,0.0,rss-n9-p0bar,W-potential/fcc-restart/05-rss-round-1/rss-selection/source-frames/rss-n9-p0bar.xyz,13,0.22938074032330225,,17.188473134445413,0.22848647665868407,0.36443934651813953,,False,False,,,,,False,9,0.0,0,13,000040.poscar,unary-W/W-00013-0.poscar,/home/tuzhengyu/work/WTaTi/W-potential/fcc-restart/05-rss-round-1/rss/minimized/unary-W/W-00013-0.poscar,W-potential/fcc-restart/05-rss-round-1/rss/raw/unary-W/W-00013.poscar,0cf825fa01a6d2a76d8649fdb73b6813ff8dabcd75c6f0ad1a31e8fe2764b00a,0cf825fa01a6d2a76d8649fdb73b6813ff8dabcd75c6f0ad1a31e8fe2764b00a
0.0,,rss_mini,0.0,rss-n9-p0bar,W-potential/fcc-restart/05-rss-round-1/rss-selection/source-frames/rss-n9-p0bar.xyz,14,0.023805114225791735,,15.802884493067147,0.11156597642850041,0.09843721984426292,,False,False,,,,,False,9,0.0,0,14,000043.poscar,unary-W/W-00014-0.poscar,/home/tuzhengyu/work/WTaTi/W-potential/fcc-restart/05-rss-round-1/rss/minimized/unary-W/W-00014-0.poscar,W-potential/fcc-restart/05-rss-round-1/rss/raw/unary-W/W-00014.poscar,27d0d4bdc88b5a5a358aacd38afc3117e13ae6d745bb7d7afbdbc4ba49140150,27d0d4bdc88b5a5a358aacd38afc3117e13ae6d745bb7d7afbdbc4ba49140150
0.0,,rss_mini,0.0,rss-n9-p0bar,W-potential/fcc-restart/05-rss-round-1/rss-selection/source-frames/rss-n9-p0bar.xyz,15,0.004153058427345864,,15.974972828049374,0.02621437174372133,0.026349228461513198,,False,False,,,,,False,9,0.0,0,15,000046.poscar,unary-W/W-00015-0.poscar,/home/tuzhengyu/work/WTaTi/W-potential/fcc-restart/05-rss-round-1/rss/minimized/unary-W/W-00015-0.poscar,W-potential/fcc-restart/05-rss-round-1/rss/raw/unary-W/W-00015.poscar,b9dc0b0be6561ed9a54ed7b75a8f97179454d5343ff1a652cccb15733660366c,b9dc0b0be6561ed9a54ed7b75a8f97179454d5343ff1a652cccb15733660366c
0.0,,rss_mini,0.0,rss-n9-p0bar,W-potential/fcc-restart/05-rss-round-1/rss-selection/source-frames/rss-n9-p0bar.xyz,16,0.16402939259803515,,16.926798605139727,0.20546653582276556,0.21197969903351743,,False,False,,,,,False,9,0.0,0,16,000049.poscar,unary-W/W-00016-0.poscar,/home/tuzhengyu/work/WTaTi/W-potential/fcc-restart/05-rss-round-1/rss/minimized/unary-W/W-00016-0.poscar,W-potential/fcc-restart/05-rss-round-1/rss/raw/unary-W/W-00016.poscar,d98f9483ccf2a74b6a92bb4689fe7bc8c57ccf3a401b0d953de0d840de917a88,d98f9483ccf2a74b6a92bb4689fe7bc8c57ccf3a401b0d953de0d840de917a88
0.0,,rss_mini,0.0,rss-n9-p0bar,W-potential/fcc-restart/05-rss-round-1/rss-selection/source-frames/rss-n9-p0bar.xyz,17,9.573525062648184e-05,,15.861590995116915,0.0006373199092541246,0.0005786812725792595,,False,False,,,,,False,9,0.0,0,17,000052.poscar,unary-W/W-00017-0.poscar,/home/tuzhengyu/work/WTaTi/W-potential/fcc-restart/05-rss-round-1/rss/minimized/unary-W/W-00017-0.poscar,W-potential/fcc-restart/05-rss-round-1/rss/raw/unary-W/W-00017.poscar,cad2b4232c2b0173568915dbcdd9ad47759f9dfbdb42400f00ceed30307cf1ff,cad2b4232c2b0173568915dbcdd9ad47759f9dfbdb42400f00ceed30307cf1ff
0.0,,rss_mini,0.0,rss-n9-p0bar,W-potential/fcc-restart/05-rss-round-1/rss-selection/source-frames/rss-n9-p0bar.xyz,18,0.20683714715531754,,17.15368784276223,0.22380763057606623,0.29256639120646755,,False,False,,,,,False,9,0.0,0,18,000055.poscar,unary-W/W-00018-0.poscar,/home/tuzhengyu/work/WTaTi/W-potential/fcc-restart/05-rss-round-1/rss/minimized/unary-W/W-00018-0.poscar,W-potential/fcc-restart/05-rss-round-1/rss/raw/unary-W/W-00018.poscar,43b37c61e8384f4dfbe784bcf511a8401e4619f3e5823a8705870a4755c7fcf7,43b37c61e8384f4dfbe784bcf511a8401e4619f3e5823a8705870a4755c7fcf7
0.0,,rss_mini,0.0,rss-n9-p0bar,W-potential/fcc-restart/05-rss-round-1/rss-selection/source-frames/rss-n9-p0bar.xyz,19,0.12480695455496797,,17.2098276760517,0.3310634065215912,0.41015056110597203,,False,False,,,,,False,9,0.0,0,19,000058.poscar,unary-W/W-00019-0.poscar,/home/tuzhengyu/work/WTaTi/W-potential/fcc-restart/05-rss-round-1/rss/minimized/unary-W/W-00019-0.poscar,W-potential/fcc-restart/05-rss-round-1/rss/raw/unary-W/W-00019.poscar,cb2d00ddc7745f20ce398313921b91665de68e98455ffa22241b1b7924d75e45,cb2d00ddc7745f20ce398313921b91665de68e98455ffa22241b1b7924d75e45
0.0,,rss_mini,0.0,rss-n9-p0bar,W-potential/fcc-restart/05-rss-round-1/rss-selection/source-frames/rss-n9-p0bar.xyz,20,0.14044620661030754,,17.280708829846684,0.20235962535943813,0.1999452624911119,,False,False,,,,,False,9,0.0,0,20,000061.poscar,unary-W/W-00020-0.poscar,/home/tuzhengyu/work/WTaTi/W-potential/fcc-restart/05-rss-round-1/rss/minimized/unary-W/W-00020-0.poscar,W-potential/fcc-restart/05-rss-round-1/rss/raw/unary-W/W-00020.poscar,66dcf38c4657cfe5962b67937e707286b3d61d7c52b02000d0cd4c8bc38f8137,66dcf38c4657cfe5962b67937e707286b3d61d7c52b02000d0cd4c8bc38f8137
0.0,,rss_mini,0.0,rss-n9-p0bar,W-potential/fcc-restart/05-rss-round-1/rss-selection/source-frames/rss-n9-p0bar.xyz,21,0.16762894102371848,,17.233063820719355,0.3048855265816153,0.4181530312601527,,False,False,,,,,False,9,0.0,0,21,000064.poscar,unary-W/W-00021-0.poscar,/home/tuzhengyu/work/WTaTi/W-potential/fcc-restart/05-rss-round-1/rss/minimized/unary-W/W-00021-0.poscar,W-potential/fcc-restart/05-rss-round-1/rss/raw/unary-W/W-00021.poscar,02a27da2b87620a0330b7a7acc3b68e4c6fc4abbd473ecc9ee31a16188f8570e,02a27da2b87620a0330b7a7acc3b68e4c6fc4abbd473ecc9ee31a16188f8570e
0.0,,rss_mini,0.0,rss-n9-p0bar,W-potential/fcc-restart/05-rss-round-1/rss-selection/source-frames/rss-n9-p0bar.xyz,22,0.00011848157298230764,,15.865004076196064,0.000978764711846902,0.000946863164582335,,False,False,,,,,False,9,0.0,0,22,000067.poscar,unary-W/W-00022-0.poscar,/home/tuzhengyu/work/WTaTi/W-potential/fcc-restart/05-rss-round-1/rss/minimized/unary-W/W-00022-0.poscar,W-potential/fcc-restart/05-rss-round-1/rss/raw/unary-W/W-00022.poscar,5f0845d95b48517e71c473a72dde57eaf03a67aa893eb6df5b91ad9e6bfe68b2,5f0845d95b48517e71c473a72dde57eaf03a67aa893eb6df5b91ad9e6bfe68b2
0.0,,rss_mini,0.0,rss-n9-p0bar,W-potential/fcc-restart/05-rss-round-1/rss-selection/source-frames/rss-n9-p0bar.xyz,23,0.015782225074899833,,15.87235768309511,0.06906947640942938,0.061533839012307794,,False,False,,,,,False,9,0.0,0,23,000070.poscar,unary-W/W-00023-0.poscar,/home/tuzhengyu/work/WTaTi/W-potential/fcc-restart/05-rss-round-1/rss/minimized/unary-W/W-00023-0.poscar,W-potential/fcc-restart/05-rss-round-1/rss/raw/unary-W/W-00023.poscar,5e53a70c2475098a8a9c641146d42edea021992f5f7cbccb91a1345b48df63de,5e53a70c2475098a8a9c641146d42edea021992f5f7cbccb91a1345b48df63de
0.0,,rss_mini,0.0,rss-n9-p0bar,W-potential/fcc-restart/05-rss-round-1/rss-selection/source-frames/rss-n9-p0bar.xyz,24,0.20466661427104127,,17.281118997230593,0.2053170167191561,0.303636787189976,,False,False,,,,,False,9,0.0,0,24,000073.poscar,unary-W/W-00024-0.poscar,/home/tuzhengyu/work/WTaTi/W-potential/fcc-restart/05-rss-round-1/rss/minimized/unary-W/W-00024-0.poscar,W-potential/fcc-restart/05-rss-round-1/rss/raw/unary-W/W-00024.poscar,c6575bf999175c0a1b94fe246a741da0d522cd9f8b86142cdf0a587b4bd8ef57,c6575bf999175c0a1b94fe246a741da0d522cd9f8b86142cdf0a587b4bd8ef57
0.0,,rss_mini,0.0,rss-n9-p0bar,W-potential/fcc-restart/05-rss-round-1/rss-selection/source-frames/rss-n9-p0bar.xyz,25,0.14296117249507248,,17.01856634224585,0.10142115535789603,0.19422245393966606,,False,False,,,,,False,9,0.0,0,25,000076.poscar,unary-W/W-00025-0.poscar,/home/tuzhengyu/work/WTaTi/W-potential/fcc-restart/05-rss-round-1/rss/minimized/unary-W/W-00025-0.poscar,W-potential/fcc-restart/05-rss-round-1/rss/raw/unary-W/W-00025.poscar,b22027259b042ed700bb85f8c02fc4b09c32b6e8c299867cc6a9950fb865ea61,b22027259b042ed700bb85f8c02fc4b09c32b6e8c299867cc6a9950fb865ea61
0.0,,rss_mini,0.0,rss-n9-p0bar,W-potential/fcc-restart/05-rss-round-1/rss-selection/source-frames/rss-n9-p0bar.xyz,26,0.005744872783905476,,15.808670652421634,0.03154819911859572,0.028639554492184183,,False,False,,,,,False,9,0.0,0,26,000079.poscar,unary-W/W-00026-0.poscar,/home/tuzhengyu/work/WTaTi/W-potential/fcc-restart/05-rss-round-1/rss/minimized/unary-W/W-00026-0.poscar,W-potential/fcc-restart/05-rss-round-1/rss/raw/unary-W/W-00026.poscar,4603b97d87faec80aea2eeb617bfa00ed4e6cdc634700ec05ddaf34b51a13c3a,4603b97d87faec80aea2eeb617bfa00ed4e6cdc634700ec05ddaf34b51a13c3a
0.0,,rss_mini,0.0,rss-n9-p0bar,W-potential/fcc-restart/05-rss-round-1/rss-selection/source-frames/rss-n9-p0bar.xyz,27,0.18460453108685598,,15.759692034571376,0.8742479942168248,0.8432304822837839,,False,False,,,,,False,9,0.0,0,27,000082.poscar,unary-W/W-00027-0.poscar,/home/tuzhengyu/work/WTaTi/W-potential/fcc-restart/05-rss-round-1/rss/minimized/unary-W/W-00027-0.poscar,W-potential/fcc-restart/05-rss-round-1/rss/raw/unary-W/W-00027.poscar,937698402d8f8ca2559f78fc40b3a9c16ed729178d2f9a792815e9501e926374,937698402d8f8ca2559f78fc40b3a9c16ed729178d2f9a792815e9501e926374
0.0,,rss_mini,0.0,rss-n9-p0bar,W-potential/fcc-restart/05-rss-round-1/rss-selection/source-frames/rss-n9-p0bar.xyz,28,0.0022238842488677946,,15.794254599506722,0.010725920240030901,0.009908842267329127,,False,False,,,,,False,9,0.0,0,28,000085.poscar,unary-W/W-00028-0.poscar,/home/tuzhengyu/work/WTaTi/W-potential/fcc-restart/05-rss-round-1/rss/minimized/unary-W/W-00028-0.poscar,W-potential/fcc-restart/05-rss-round-1/rss/raw/unary-W/W-00028.poscar,725718fb10b7f68efbd91a0145c814a0819d4805bf3f139da70ae36a938f4cd2,725718fb10b7f68efbd91a0145c814a0819d4805bf3f139da70ae36a938f4cd2
0.0,,rss_mini,0.0,rss-n9-p0bar,W-potential/fcc-restart/05-rss-round-1/rss-selection/source-frames/rss-n9-p0bar.xyz,29,0.1964478314595658,,17.10876864503402,0.14946749575776322,0.21281695551022758,,False,False,,,,,False,9,0.0,0,29,000088.poscar,unary-W/W-00029-0.poscar,/home/tuzhengyu/work/WTaTi/W-potential/fcc-restart/05-rss-round-1/rss/minimized/unary-W/W-00029-0.poscar,W-potential/fcc-restart/05-rss-round-1/rss/raw/unary-W/W-00029.poscar,25c8958ba3b4f0dfd7df93fca3a1ffe83d872d0e8108172da975bb97d19c74e9,25c8958ba3b4f0dfd7df93fca3a1ffe83d872d0e8108172da975bb97d19c74e9
0.0,,rss_mini,0.0,rss-n9-p0bar,W-potential/fcc-restart/05-rss-round-1/rss-selection/source-frames/rss-n9-p0bar.xyz,30,0.172739192855296,,17.56926076806322,0.0746685091290179,0.17722179963820284,,False,False,,,,,False,9,0.0,0,30,000091.poscar,unary-W/W-00030-0.poscar,/home/tuzhengyu/work/WTaTi/W-potential/fcc-restart/05-rss-round-1/rss/minimized/unary-W/W-00030-0.poscar,W-potential/fcc-restart/05-rss-round-1/rss/raw/unary-W/W-00030.poscar,42d2d2f1c3a7b2a285692d63197af6df5a0fa411dab43974e3e04936626a6166,42d2d2f1c3a7b2a285692d63197af6df5a0fa411dab43974e3e04936626a6166
0.0,,rss_mini,0.0,rss-n9-p0bar,W-potential/fcc-restart/05-rss-round-1/rss-selection/source-frames/rss-n9-p0bar.xyz,31,0.21256212630852708,,16.7405724465348,0.1918485323126564,0.2856328926985002,,False,False,,,,,False,9,0.0,0,31,000094.poscar,unary-W/W-00031-0.poscar,/home/tuzhengyu/work/WTaTi/W-potential/fcc-restart/05-rss-round-1/rss/minimized/unary-W/W-00031-0.poscar,W-potential/fcc-restart/05-rss-round-1/rss/raw/unary-W/W-00031.poscar,8a563e79d6497d5c0bc6b0603740dd8636858bceae96ed6e166b460909d9d679,8a563e79d6497d5c0bc6b0603740dd8636858bceae96ed6e166b460909d9d679
0.0,,rss_mini,0.0,rss-n9-p0bar,W-potential/fcc-restart/05-rss-round-1/rss-selection/source-frames/rss-n9-p0bar.xyz,32,0.0006737321136243876,,15.933688301316957,0.0030468704125081836,0.0030032184457090124,,False,False,,,,,False,9,0.0,0,32,000097.poscar,unary-W/W-00032-0.poscar,/home/tuzhengyu/work/WTaTi/W-potential/fcc-restart/05-rss-round-1/rss/minimized/unary-W/W-00032-0.poscar,W-potential/fcc-restart/05-rss-round-1/rss/raw/unary-W/W-00032.poscar,d8ae3ebb8e1af66e4a65913ccf5eecdb8ed84587c217952b77f79e554a6a085a,d8ae3ebb8e1af66e4a65913ccf5eecdb8ed84587c217952b77f79e554a6a085a
0.0,,rss_mini,0.0,rss-n9-p0bar,W-potential/fcc-restart/05-rss-round-1/rss-selection/source-frames/rss-n9-p0bar.xyz,33,0.004950018186554175,,15.840148116861693,0.023186975100176192,0.02208922113253865,,False,False,,,,,False,9,0.0,0,33,000100.poscar,unary-W/W-00033-0.poscar,/home/tuzhengyu/work/WTaTi/W-potential/fcc-restart/05-rss-round-1/rss/minimized/unary-W/W-00033-0.poscar,W-potential/fcc-restart/05-rss-round-1/rss/raw/unary-W/W-00033.poscar,0a52c03b9e7c72da38239dd4778b3f590e049c1acc57df82df7f98f55f68c98f,0a52c03b9e7c72da38239dd4778b3f590e049c1acc57df82df7f98f55f68c98f
0.0,,rss_mini,0.0,rss-n9-p0bar,W-potential/fcc-restart/05-rss-round-1/rss-selection/source-frames/rss-n9-p0bar.xyz,34,0.0021504065246894357,,15.841025288462381,0.010717147899606667,0.00972557274347634,,False,False,,,,,False,9,0.0,0,34,000103.poscar,unary-W/W-00034-0.poscar,/home/tuzhengyu/work/WTaTi/W-potential/fcc-restart/05-rss-round-1/rss/minimized/unary-W/W-00034-0.poscar,W-potential/fcc-restart/05-rss-round-1/rss/raw/unary-W/W-00034.poscar,8debabf9e2f38e6d63597a0cf5d48bce8f5537a38f580c10b6c4dbd8e71c3dae,8debabf9e2f38e6d63597a0cf5d48bce8f5537a38f580c10b6c4dbd8e71c3dae
0.0,,rss_mini,0.0,rss-n9-p0bar,W-potential/fcc-restart/05-rss-round-1/rss-selection/source-frames/rss-n9-p0bar.xyz,35,0.00810106102428728,,15.852171138299534,0.03892294501452238,0.037931374687280306,,False,False,,,,,False,9,0.0,0,35,000106.poscar,unary-W/W-00035-0.poscar,/home/tuzhengyu/work/WTaTi/W-potential/fcc-restart/05-rss-round-1/rss/minimized/unary-W/W-00035-0.poscar,W-potential/fcc-restart/05-rss-round-1/rss/raw/unary-W/W-00035.poscar,d124c03430574332641aadc4755839d01e721f07dbaa0cc95362482144fdfabe,d124c03430574332641aadc4755839d01e721f07dbaa0cc95362482144fdfabe
0.0,,rss_mini,0.0,rss-n9-p0bar,W-potential/fcc-restart/05-rss-round-1/rss-selection/source-frames/rss-n9-p0bar.xyz,36,0.0038829966185311955,,15.785886721455991,0.02060768463945493,0.017951435718189,,False,False,,,,,False,9,0.0,0,36,000109.poscar,unary-W/W-00036-0.poscar,/home/tuzhengyu/work/WTaTi/W-potential/fcc-restart/05-rss-round-1/rss/minimized/unary-W/W-00036-0.poscar,W-potential/fcc-restart/05-rss-round-1/rss/raw/unary-W/W-00036.poscar,1a72475ad3d1747894aef397006f02f4a32e91cd430de82d297e1c7220e5a261,1a72475ad3d1747894aef397006f02f4a32e91cd430de82d297e1c7220e5a261
0.0,,rss_mini,0.0,rss-n9-p0bar,W-potential/fcc-restart/05-rss-round-1/rss-selection/source-frames/rss-n9-p0bar.xyz,37,0.0026538413907932867,,15.849962588235318,0.018018398178376967,0.01785373818593288,,False,False,,,,,False,9,0.0,0,37,000112.poscar,unary-W/W-00037-0.poscar,/home/tuzhengyu/work/WTaTi/W-potential/fcc-restart/05-rss-round-1/rss/minimized/unary-W/W-00037-0.poscar,W-potential/fcc-restart/05-rss-round-1/rss/raw/unary-W/W-00037.poscar,2eb5b0b118d0c2b36e2ba4fa7f160685e9e270d98f20b238d98b9bcea0cd3491,2eb5b0b118d0c2b36e2ba4fa7f160685e9e270d98f20b238d98b9bcea0cd3491
0.0,,rss_mini,0.0,rss-n9-p0bar,W-potential/fcc-restart/05-rss-round-1/rss-selection/source-frames/rss-n9-p0bar.xyz,38,0.011118832690926473,,15.83157576741215,0.057472641015502715,0.055627672316842194,,False,False,,,,,False,9,0.0,0,38,000115.poscar,unary-W/W-00038-0.poscar,/home/tuzhengyu/work/WTaTi/W-potential/fcc-restart/05-rss-round-1/rss/minimized/unary-W/W-00038-0.poscar,W-potential/fcc-restart/05-rss-round-1/rss/raw/unary-W/W-00038.poscar,cda826890d60073eecc2edfe36fbf9787a5c5943f5a4a080274723e1c758a646,cda826890d60073eecc2edfe36fbf9787a5c5943f5a4a080274723e1c758a646
0.0,,rss_mini,0.0,rss-n9-p0bar,W-potential/fcc-restart/05-rss-round-1/rss-selection/source-frames/rss-n9-p0bar.xyz,39,0.20114311680588995,,16.907715094536076,1.2393807034269646,1.207733606691186,,False,False,,,,,False,9,0.0,0,39,000118.poscar,unary-W/W-00039-0.poscar,/home/tuzhengyu/work/WTaTi/W-potential/fcc-restart/05-rss-round-1/rss/minimized/unary-W/W-00039-0.poscar,W-potential/fcc-restart/05-rss-round-1/rss/raw/unary-W/W-00039.poscar,300737473654e742dc1d46032e976ff32f983078f8e81336449af4b7f891092b,300737473654e742dc1d46032e976ff32f983078f8e81336449af4b7f891092b
0.0,,rss_mini,0.0,rss-n9-p0bar,W-potential/fcc-restart/05-rss-round-1/rss-selection/source-frames/rss-n9-p0bar.xyz,40,0.03376557035610298,,16.18638447254549,0.08868428966215004,0.09217195424763233,,False,False,,,,,False,9,0.0,0,40,000121.poscar,unary-W/W-00040-0.poscar,/home/tuzhengyu/work/WTaTi/W-potential/fcc-restart/05-rss-round-1/rss/minimized/unary-W/W-00040-0.poscar,W-potential/fcc-restart/05-rss-round-1/rss/raw/unary-W/W-00040.poscar,55e6e18f79a6177347e205e339cd2dcd48e50618361d98dd9134a6dc91d101e0,55e6e18f79a6177347e205e339cd2dcd48e50618361d98dd9134a6dc91d101e0
0.0,,rss_mini,0.0,rss-n9-p0bar,W-potential/fcc-restart/05-rss-round-1/rss-selection/source-frames/rss-n9-p0bar.xyz,41,0.009266779438557105,,15.84448421323314,0.060227012594509126,0.05873725273956234,,False,False,,,,,False,9,0.0,0,41,000124.poscar,unary-W/W-00041-0.poscar,/home/tuzhengyu/work/WTaTi/W-potential/fcc-restart/05-rss-round-1/rss/minimized/unary-W/W-00041-0.poscar,W-potential/fcc-restart/05-rss-round-1/rss/raw/unary-W/W-00041.poscar,0600f80d5efb734f1cac3b02ae65a15cbcced119bd2c33f739ec70eeda826ba2,0600f80d5efb734f1cac3b02ae65a15cbcced119bd2c33f739ec70eeda826ba2
0.0,,rss_mini,0.0,rss-n9-p0bar,W-potential/fcc-restart/05-rss-round-1/rss-selection/source-frames/rss-n9-p0bar.xyz,42,0.16879787042707178,,16.969170737618487,0.19391285017032195,0.1360206760779325,,False,False,,,,,False,9,0.0,0,42,000127.poscar,unary-W/W-00042-0.poscar,/home/tuzhengyu/work/WTaTi/W-potential/fcc-restart/05-rss-round-1/rss/minimized/unary-W/W-00042-0.poscar,W-potential/fcc-restart/05-rss-round-1/rss/raw/unary-W/W-00042.poscar,293e04345b8464c55c9ae971cd5390e303f71dd4d730c2e1642ef641867b2057,293e04345b8464c55c9ae971cd5390e303f71dd4d730c2e1642ef641867b2057
0.0,,rss_mini,0.0,rss-n9-p0bar,W-potential/fcc-restart/05-rss-round-1/rss-selection/source-frames/rss-n9-p0bar.xyz,43,0.0017570016857484047,,15.806582644838633,0.008556215261157006,0.0077900467114862875,,False,False,,,,,False,9,0.0,0,43,000130.poscar,unary-W/W-00043-0.poscar,/home/tuzhengyu/work/WTaTi/W-potential/fcc-restart/05-rss-round-1/rss/minimized/unary-W/W-00043-0.poscar,W-potential/fcc-restart/05-rss-round-1/rss/raw/unary-W/W-00043.poscar,f1856fb0b7f4608e6d8c167cf6a05cd7e7700c93a03298ae5cb6efc4f11ed423,f1856fb0b7f4608e6d8c167cf6a05cd7e7700c93a03298ae5cb6efc4f11ed423
0.0,,rss_mini,0.0,rss-n9-p0bar,W-potential/fcc-restart/05-rss-round-1/rss-selection/source-frames/rss-n9-p0bar.xyz,44,0.1168709867117231,,16.366711761071386,0.1465437624723253,0.1210768083913919,,False,False,,,,,False,9,0.0,0,44,000133.poscar,unary-W/W-00044-0.poscar,/home/tuzhengyu/work/WTaTi/W-potential/fcc-restart/05-rss-round-1/rss/minimized/unary-W/W-00044-0.poscar,W-potential/fcc-restart/05-rss-round-1/rss/raw/unary-W/W-00044.poscar,d4bc6523a1265d679711e1537fd09bb59e1cc2847ed74d15795464d4719b47d1,d4bc6523a1265d679711e1537fd09bb59e1cc2847ed74d15795464d4719b47d1
0.0,,rss_mini,0.0,rss-n9-p0bar,W-potential/fcc-restart/05-rss-round-1/rss-selection/source-frames/rss-n9-p0bar.xyz,45,0.020179600907789426,,15.954076809609338,0.1447884326455452,0.1471604215372197,,False,False,,,,,False,9,0.0,0,45,000136.poscar,unary-W/W-00045-0.poscar,/home/tuzhengyu/work/WTaTi/W-potential/fcc-restart/05-rss-round-1/rss/minimized/unary-W/W-00045-0.poscar,W-potential/fcc-restart/05-rss-round-1/rss/raw/unary-W/W-00045.poscar,04f5f8a0015cefbf9fad1db5f64e0aad23e2d169fc42f65c6a05a46af7f2c4f5,04f5f8a0015cefbf9fad1db5f64e0aad23e2d169fc42f65c6a05a46af7f2c4f5
0.0,,rss_mini,0.0,rss-n9-p0bar,W-potential/fcc-restart/05-rss-round-1/rss-selection/source-frames/rss-n9-p0bar.xyz,46,0.12827979429972294,,16.894776357329064,0.1215096830322102,0.172081390489673,,False,False,,,,,False,9,0.0,0,46,000139.poscar,unary-W/W-00046-0.poscar,/home/tuzhengyu/work/WTaTi/W-potential/fcc-restart/05-rss-round-1/rss/minimized/unary-W/W-00046-0.poscar,W-potential/fcc-restart/05-rss-round-1/rss/raw/unary-W/W-00046.poscar,55c81e94051f0fd278396faf3946be10800e150776c720ec4db6cceda262d129,55c81e94051f0fd278396faf3946be10800e150776c720ec4db6cceda262d129
0.0,,rss_mini,0.0,rss-n9-p0bar,W-potential/fcc-restart/05-rss-round-1/rss-selection/source-frames/rss-n9-p0bar.xyz,47,0.12125153254020815,,16.84236658161221,0.12166880315509006,0.16529162519259966,,False,False,,,,,False,9,0.0,0,47,000142.poscar,unary-W/W-00047-0.poscar,/home/tuzhengyu/work/WTaTi/W-potential/fcc-restart/05-rss-round-1/rss/minimized/unary-W/W-00047-0.poscar,W-potential/fcc-restart/05-rss-round-1/rss/raw/unary-W/W-00047.poscar,7cda9da6302a6561cd2c8ac29ed41fd8684bea3784b465a3a5828eb6c03338b2,7cda9da6302a6561cd2c8ac29ed41fd8684bea3784b465a3a5828eb6c03338b2
0.0,,rss_mini,0.0,rss-n9-p0bar,W-potential/fcc-restart/05-rss-round-1/rss-selection/source-frames/rss-n9-p0bar.xyz,48,0.17844220509716283,,17.218055226636288,0.1956931618311448,0.22903781623925434,,False,False,,,,,False,9,0.0,0,48,000145.poscar,unary-W/W-00048-0.poscar,/home/tuzhengyu/work/WTaTi/W-potential/fcc-restart/05-rss-round-1/rss/minimized/unary-W/W-00048-0.poscar,W-potential/fcc-restart/05-rss-round-1/rss/raw/unary-W/W-00048.poscar,b921a0a29d0362718d63ddb7b097eb38043130d75b3756d2460e1df94311f6e2,b921a0a29d0362718d63ddb7b097eb38043130d75b3756d2460e1df94311f6e2
0.0,,rss_mini,0.0,rss-n9-p0bar,W-potential/fcc-restart/05-rss-round-1/rss-selection/source-frames/rss-n9-p0bar.xyz,49,0.010914743830727996,,15.85708918249757,0.04809018013930648,0.041491545109447005,,False,False,,,,,False,9,0.0,0,49,000148.poscar,unary-W/W-00049-0.poscar,/home/tuzhengyu/work/WTaTi/W-potential/fcc-restart/05-rss-round-1/rss/minimized/unary-W/W-00049-0.poscar,W-potential/fcc-restart/05-rss-round-1/rss/raw/unary-W/W-00049.poscar,8efd3582b60ffb2d97e979d943689f3581ba00cdccf02efa050b43de7ac99467,8efd3582b60ffb2d97e979d943689f3581ba00cdccf02efa050b43de7ac99467
20.0,,rss_mini,20.0,rss-n9-p200000bar,W-potential/fcc-restart/05-rss-round-1/rss-selection/source-frames/rss-n9-p200000bar.xyz,0,0.04842777366562073,,14.96595010448987,0.2394969979330395,0.23765974463035358,,False,False,,,,,False,9,200000.0,1,0,000002.poscar,unary-W/W-00000-1.poscar,/home/tuzhengyu/work/WTaTi/W-potential/fcc-restart/05-rss-round-1/rss/minimized/unary-W/W-00000-1.poscar,W-potential/fcc-restart/05-rss-round-1/rss/raw/unary-W/W-00000.poscar,309673fe2110cdaed0b2820e23ed938d0686973a3f29f520c9d3b982fc2f0c43,309673fe2110cdaed0b2820e23ed938d0686973a3f29f520c9d3b982fc2f0c43
20.0,,rss_mini,20.0,rss-n9-p200000bar,W-potential/fcc-restart/05-rss-round-1/rss-selection/source-frames/rss-n9-p200000bar.xyz,1,0.20241111366739445,,16.00741768810493,0.2528398289373364,0.14386234262235387,,False,False,,,,,False,9,200000.0,1,1,000005.poscar,unary-W/W-00001-1.poscar,/home/tuzhengyu/work/WTaTi/W-potential/fcc-restart/05-rss-round-1/rss/minimized/unary-W/W-00001-1.poscar,W-potential/fcc-restart/05-rss-round-1/rss/raw/unary-W/W-00001.poscar,d166f9ca803da088610c8d72ddc45ec3a4b5d09884a5847a888e96ccfdec4570,d166f9ca803da088610c8d72ddc45ec3a4b5d09884a5847a888e96ccfdec4570
20.0,,rss_mini,20.0,rss-n9-p200000bar,W-potential/fcc-restart/05-rss-round-1/rss-selection/source-frames/rss-n9-p200000bar.xyz,2,0.1546868838035535,,15.715857006112032,0.3232346832045208,0.2829559121143801,,False,False,,,,,False,9,200000.0,1,2,000008.poscar,unary-W/W-00002-1.poscar,/home/tuzhengyu/work/WTaTi/W-potential/fcc-restart/05-rss-round-1/rss/minimized/unary-W/W-00002-1.poscar,W-potential/fcc-restart/05-rss-round-1/rss/raw/unary-W/W-00002.poscar,1e25ad6380308aeff22a7f8fe30d2eb6b2b937719d70885a6f5ddf4b0fb312b1,1e25ad6380308aeff22a7f8fe30d2eb6b2b937719d70885a6f5ddf4b0fb312b1
20.0,,rss_mini,20.0,rss-n9-p200000bar,W-potential/fcc-restart/05-rss-round-1/rss-selection/source-frames/rss-n9-p200000bar.xyz,3,0.13269296524183707,,15.940461067148988,0.19713202612943537,0.21311675259256296,,False,False,,,,,False,9,200000.0,1,3,000011.poscar,unary-W/W-00003-1.poscar,/home/tuzhengyu/work/WTaTi/W-potential/fcc-restart/05-rss-round-1/rss/minimized/unary-W/W-00003-1.poscar,W-potential/fcc-restart/05-rss-round-1/rss/raw/unary-W/W-00003.poscar,f364f21b526a1dadaad9dfd08f0af0d3302e08381220213cdf05a52323e39ee6,f364f21b526a1dadaad9dfd08f0af0d3302e08381220213cdf05a52323e39ee6
20.0,,rss_mini,20.0,rss-n9-p200000bar,W-potential/fcc-restart/05-rss-round-1/rss-selection/source-frames/rss-n9-p200000bar.xyz,4,0.004813101591738249,,14.979994157290413,0.02268206233947543,0.022921937278861368,,False,False,,,,,False,9,200000.0,1,4,000014.poscar,unary-W/W-00004-1.poscar,/home/tuzhengyu/work/WTaTi/W-potential/fcc-restart/05-rss-round-1/rss/minimized/unary-W/W-00004-1.poscar,W-potential/fcc-restart/05-rss-round-1/rss/raw/unary-W/W-00004.poscar,5fe77cbc1f28a2ae4f81bc5ab0eda13f287365e6b06aa217b8b44ae89804235e,5fe77cbc1f28a2ae4f81bc5ab0eda13f287365e6b06aa217b8b44ae89804235e
20.0,,rss_mini,20.0,rss-n9-p200000bar,W-potential/fcc-restart/05-rss-round-1/rss-selection/source-frames/rss-n9-p200000bar.xyz,5,0.15884568371586408,,15.878992981257625,0.1624993806724258,0.21860259517502306,,False,False,,,,,False,9,200000.0,1,5,000017.poscar,unary-W/W-00005-1.poscar,/home/tuzhengyu/work/WTaTi/W-potential/fcc-restart/05-rss-round-1/rss/minimized/unary-W/W-00005-1.poscar,W-potential/fcc-restart/05-rss-round-1/rss/raw/unary-W/W-00005.poscar,dfeb502d679c1ded8baa69c54d70faf31d98731e9d7ec983de5f858a407b13bf,dfeb502d679c1ded8baa69c54d70faf31d98731e9d7ec983de5f858a407b13bf
20.0,,rss_mini,20.0,rss-n9-p200000bar,W-potential/fcc-restart/05-rss-round-1/rss-selection/source-frames/rss-n9-p200000bar.xyz,6,0.3129300820831534,,16.17896775397732,0.3335860955932637,0.2671626323501011,,False,False,,,,,False,9,200000.0,1,6,000020.poscar,unary-W/W-00006-1.poscar,/home/tuzhengyu/work/WTaTi/W-potential/fcc-restart/05-rss-round-1/rss/minimized/unary-W/W-00006-1.poscar,W-potential/fcc-restart/05-rss-round-1/rss/raw/unary-W/W-00006.poscar,88cb76d6d32e8746819903941d5de659f57a5f728c22d41caaf9358cdda2929c,88cb76d6d32e8746819903941d5de659f57a5f728c22d41caaf9358cdda2929c
20.0,,rss_mini,20.0,rss-n9-p200000bar,W-potential/fcc-restart/05-rss-round-1/rss-selection/source-frames/rss-n9-p200000bar.xyz,7,0.17668915808610164,,15.901459681911133,0.19110448321329163,0.29915124280570166,,False,False,,,,,False,9,200000.0,1,7,000023.poscar,unary-W/W-00007-1.poscar,/home/tuzhengyu/work/WTaTi/W-potential/fcc-restart/05-rss-round-1/rss/minimized/unary-W/W-00007-1.poscar,W-potential/fcc-restart/05-rss-round-1/rss/raw/unary-W/W-00007.poscar,66ff22c5ae49f611c2cfc9156f6daf3d79c8ab577339d8db183ab081d01098c7,66ff22c5ae49f611c2cfc9156f6daf3d79c8ab577339d8db183ab081d01098c7
20.0,,rss_mini,20.0,rss-n9-p200000bar,W-potential/fcc-restart/05-rss-round-1/rss-selection/source-frames/rss-n9-p200000bar.xyz,8,0.018862035755493046,,14.932054340533362,0.10380449635892666,0.10394417951967005,,False,False,,,,,False,9,200000.0,1,8,000026.poscar,unary-W/W-00008-1.poscar,/home/tuzhengyu/work/WTaTi/W-potential/fcc-restart/05-rss-round-1/rss/minimized/unary-W/W-00008-1.poscar,W-potential/fcc-restart/05-rss-round-1/rss/raw/unary-W/W-00008.poscar,b397cce83d7a95e1cfaec07287bfb3e054574b0ef44c45a7d43c1f6608b75a10,b397cce83d7a95e1cfaec07287bfb3e054574b0ef44c45a7d43c1f6608b75a10
20.0,,rss_mini,20.0,rss-n9-p200000bar,W-potential/fcc-restart/05-rss-round-1/rss-selection/source-frames/rss-n9-p200000bar.xyz,9,0.2939138574695669,,16.19663679190319,0.4576121768630554,0.406827909391037,,False,False,,,,,False,9,200000.0,1,9,000029.poscar,unary-W/W-00009-1.poscar,/home/tuzhengyu/work/WTaTi/W-potential/fcc-restart/05-rss-round-1/rss/minimized/unary-W/W-00009-1.poscar,W-potential/fcc-restart/05-rss-round-1/rss/raw/unary-W/W-00009.poscar,23868216d0a3fc2db2d9f38a93faae2d9806b310aa433074347998086948f253,23868216d0a3fc2db2d9f38a93faae2d9806b310aa433074347998086948f253
20.0,,rss_mini,20.0,rss-n9-p200000bar,W-potential/fcc-restart/05-rss-round-1/rss-selection/source-frames/rss-n9-p200000bar.xyz,10,0.011658950453008372,,15.421437569993648,0.036428767745176414,0.029916091498588527,,False,False,,,,,False,9,200000.0,1,10,000032.poscar,unary-W/W-00010-1.poscar,/home/tuzhengyu/work/WTaTi/W-potential/fcc-restart/05-rss-round-1/rss/minimized/unary-W/W-00010-1.poscar,W-potential/fcc-restart/05-rss-round-1/rss/raw/unary-W/W-00010.poscar,00d966af83f3e73267eae268e1a0bad25f43850f0a28313ebe319557557ab6b6,00d966af83f3e73267eae268e1a0bad25f43850f0a28313ebe319557557ab6b6
20.0,,rss_mini,20.0,rss-n9-p200000bar,W-potential/fcc-restart/05-rss-round-1/rss-selection/source-frames/rss-n9-p200000bar.xyz,11,0.022497368235364096,,14.973148353154793,0.11094388903707895,0.11691090473324574,,False,False,,,,,False,9,200000.0,1,11,000035.poscar,unary-W/W-00011-1.poscar,/home/tuzhengyu/work/WTaTi/W-potential/fcc-restart/05-rss-round-1/rss/minimized/unary-W/W-00011-1.poscar,W-potential/fcc-restart/05-rss-round-1/rss/raw/unary-W/W-00011.poscar,34509dad55131affc3883e76bb73f758c1105ac4dc522d3db9832cbeaec11823,34509dad55131affc3883e76bb73f758c1105ac4dc522d3db9832cbeaec11823
20.0,,rss_mini,20.0,rss-n9-p200000bar,W-potential/fcc-restart/05-rss-round-1/rss-selection/source-frames/rss-n9-p200000bar.xyz,12,0.005308460145663289,,15.016145117905458,0.023573378426486248,0.022081986417182595,,False,False,,,,,False,9,200000.0,1,12,000038.poscar,unary-W/W-00012-1.poscar,/home/tuzhengyu/work/WTaTi/W-potential/fcc-restart/05-rss-round-1/rss/minimized/unary-W/W-00012-1.poscar,W-potential/fcc-restart/05-rss-round-1/rss/raw/unary-W/W-00012.poscar,b61a84bb95f3f5908bb9cabc32a19c3470b722dce95ae518096265f4d39fd0cc,b61a84bb95f3f5908bb9cabc32a19c3470b722dce95ae518096265f4d39fd0cc
20.0,,rss_mini,20.0,rss-n9-p200000bar,W-potential/fcc-restart/05-rss-round-1/rss-selection/source-frames/rss-n9-p200000bar.xyz,13,0.0010857885839531316,,15.43442685748235,0.010181789578814297,0.009279538876753106,,False,False,,,,,False,9,200000.0,1,13,000041.poscar,unary-W/W-00013-1.poscar,/home/tuzhengyu/work/WTaTi/W-potential/fcc-restart/05-rss-round-1/rss/minimized/unary-W/W-00013-1.poscar,W-potential/fcc-restart/05-rss-round-1/rss/raw/unary-W/W-00013.poscar,381883d08d051a230abfb9bf52bef494bf5faca8fdfe01fe231c19bf38e02f3a,381883d08d051a230abfb9bf52bef494bf5faca8fdfe01fe231c19bf38e02f3a
20.0,,rss_mini,20.0,rss-n9-p200000bar,W-potential/fcc-restart/05-rss-round-1/rss-selection/source-frames/rss-n9-p200000bar.xyz,14,0.008282102286033446,,14.940924999185366,0.04617628779232161,0.04090841786912663,,False,False,,,,,False,9,200000.0,1,14,000044.poscar,unary-W/W-00014-1.poscar,/home/tuzhengyu/work/WTaTi/W-potential/fcc-restart/05-rss-round-1/rss/minimized/unary-W/W-00014-1.poscar,W-potential/fcc-restart/05-rss-round-1/rss/raw/unary-W/W-00014.poscar,9b7a687af1e50ef7ce82accb2ace768add6bb6d09818eaa6bac50a7e5b0bfaee,9b7a687af1e50ef7ce82accb2ace768add6bb6d09818eaa6bac50a7e5b0bfaee
20.0,,rss_mini,20.0,rss-n9-p200000bar,W-potential/fcc-restart/05-rss-round-1/rss-selection/source-frames/rss-n9-p200000bar.xyz,15,0.008963968555199741,,15.024461940877265,0.05546616647378446,0.055929181291627654,,False,False,,,,,False,9,200000.0,1,15,000047.poscar,unary-W/W-00015-1.poscar,/home/tuzhengyu/work/WTaTi/W-potential/fcc-restart/05-rss-round-1/rss/minimized/unary-W/W-00015-1.poscar,W-potential/fcc-restart/05-rss-round-1/rss/raw/unary-W/W-00015.poscar,560058d386effdef87089f78401cf70fbd2aecbb0a45e304a40d504ac365ee7e,560058d386effdef87089f78401cf70fbd2aecbb0a45e304a40d504ac365ee7e
20.0,,rss_mini,20.0,rss-n9-p200000bar,W-potential/fcc-restart/05-rss-round-1/rss-selection/source-frames/rss-n9-p200000bar.xyz,16,0.16291958862642433,,15.803951370315424,0.2917463152563945,0.2582095431204371,,False,False,,,,,False,9,200000.0,1,16,000050.poscar,unary-W/W-00016-1.poscar,/home/tuzhengyu/work/WTaTi/W-potential/fcc-restart/05-rss-round-1/rss/minimized/unary-W/W-00016-1.poscar,W-potential/fcc-restart/05-rss-round-1/rss/raw/unary-W/W-00016.poscar,ac1d1d7812e45e0d196c8dd6538ae6d68f5b7618c0b6cf36c004c4792f9f4357,ac1d1d7812e45e0d196c8dd6538ae6d68f5b7618c0b6cf36c004c4792f9f4357
20.0,,rss_mini,20.0,rss-n9-p200000bar,W-potential/fcc-restart/05-rss-round-1/rss-selection/source-frames/rss-n9-p200000bar.xyz,17,0.0002846518499129985,,14.93339174118497,0.0014434916178892262,0.001315640155849965,,False,False,,,,,False,9,200000.0,1,17,000053.poscar,unary-W/W-00017-1.poscar,/home/tuzhengyu/work/WTaTi/W-potential/fcc-restart/05-rss-round-1/rss/minimized/unary-W/W-00017-1.poscar,W-potential/fcc-restart/05-rss-round-1/rss/raw/unary-W/W-00017.poscar,ce845d6fbc8823a1320e0d5cb751140b9ccb0aea76d2afa2aa8494e21c43269d,ce845d6fbc8823a1320e0d5cb751140b9ccb0aea76d2afa2aa8494e21c43269d
20.0,,rss_mini,20.0,rss-n9-p200000bar,W-potential/fcc-restart/05-rss-round-1/rss-selection/source-frames/rss-n9-p200000bar.xyz,18,0.21051562061612594,,16.025687874618306,0.2454470800642446,0.2540138299361083,,False,False,,,,,False,9,200000.0,1,18,000056.poscar,unary-W/W-00018-1.poscar,/home/tuzhengyu/work/WTaTi/W-potential/fcc-restart/05-rss-round-1/rss/minimized/unary-W/W-00018-1.poscar,W-potential/fcc-restart/05-rss-round-1/rss/raw/unary-W/W-00018.poscar,807bd0cd1c3b4bfbef38c42491a4a7ca183bde6c6f42dc498a70057b80426f6a,807bd0cd1c3b4bfbef38c42491a4a7ca183bde6c6f42dc498a70057b80426f6a
20.0,,rss_mini,20.0,rss-n9-p200000bar,W-potential/fcc-restart/05-rss-round-1/rss-selection/source-frames/rss-n9-p200000bar.xyz,19,0.012038446268903524,,15.002321050432974,0.07729884801669704,0.07386707122269762,,False,False,,,,,False,9,200000.0,1,19,000059.poscar,unary-W/W-00019-1.poscar,/home/tuzhengyu/work/WTaTi/W-potential/fcc-restart/05-rss-round-1/rss/minimized/unary-W/W-00019-1.poscar,W-potential/fcc-restart/05-rss-round-1/rss/raw/unary-W/W-00019.poscar,73c1111cd24d596aa57f2b1725d359b11f97ce6094afa4ed98242c5f56f393b4,73c1111cd24d596aa57f2b1725d359b11f97ce6094afa4ed98242c5f56f393b4
20.0,,rss_mini,20.0,rss-n9-p200000bar,W-potential/fcc-restart/05-rss-round-1/rss-selection/source-frames/rss-n9-p200000bar.xyz,20,0.16272701064952289,,16.092687772038587,0.21664420896761524,0.31484951415949525,,False,False,,,,,False,9,200000.0,1,20,000062.poscar,unary-W/W-00020-1.poscar,/home/tuzhengyu/work/WTaTi/W-potential/fcc-restart/05-rss-round-1/rss/minimized/unary-W/W-00020-1.poscar,W-potential/fcc-restart/05-rss-round-1/rss/raw/unary-W/W-00020.poscar,9dbedaa3105c5c3c4bfb7dedfa19a189e54d9bb1011c7679eefd01f5038cc445,9dbedaa3105c5c3c4bfb7dedfa19a189e54d9bb1011c7679eefd01f5038cc445
20.0,,rss_mini,20.0,rss-n9-p200000bar,W-potential/fcc-restart/05-rss-round-1/rss-selection/source-frames/rss-n9-p200000bar.xyz,21,0.014119450997356297,,14.930182925824855,0.0805683780240119,0.07346306841714396,,False,False,,,,,False,9,200000.0,1,21,000065.poscar,unary-W/W-00021-1.poscar,/home/tuzhengyu/work/WTaTi/W-potential/fcc-restart/05-rss-round-1/rss/minimized/unary-W/W-00021-1.poscar,W-potential/fcc-restart/05-rss-round-1/rss/raw/unary-W/W-00021.poscar,d75e4313e4c09dadc7dff5df3270c70a6b288a8c41fe38c9b7f811b38ca46e5b,d75e4313e4c09dadc7dff5df3270c70a6b288a8c41fe38c9b7f811b38ca46e5b
20.0,,rss_mini,20.0,rss-n9-p200000bar,W-potential/fcc-restart/05-rss-round-1/rss-selection/source-frames/rss-n9-p200000bar.xyz,22,0.00014949520363517643,,14.98988560977676,0.0009918702577958757,0.0009450168274340791,,False,False,,,,,False,9,200000.0,1,22,000068.poscar,unary-W/W-00022-1.poscar,/home/tuzhengyu/work/WTaTi/W-potential/fcc-restart/05-rss-round-1/rss/minimized/unary-W/W-00022-1.poscar,W-potential/fcc-restart/05-rss-round-1/rss/raw/unary-W/W-00022.poscar,171ed8c55a8c40085fc3ce1dc3132902c9ddcdd0c47cc9ee56d4cd8e0b050b69,171ed8c55a8c40085fc3ce1dc3132902c9ddcdd0c47cc9ee56d4cd8e0b050b69
20.0,,rss_mini,20.0,rss-n9-p200000bar,W-potential/fcc-restart/05-rss-round-1/rss-selection/source-frames/rss-n9-p200000bar.xyz,23,0.009250714448189637,,14.951603488619766,0.04906144493691968,0.04681960454499838,,False,False,,,,,False,9,200000.0,1,23,000071.poscar,unary-W/W-00023-1.poscar,/home/tuzhengyu/work/WTaTi/W-potential/fcc-restart/05-rss-round-1/rss/minimized/unary-W/W-00023-1.poscar,W-potential/fcc-restart/05-rss-round-1/rss/raw/unary-W/W-00023.poscar,79de28a641c547e664cf013712013212a64b2ede0b453e6db00baffb90ae9c8e,79de28a641c547e664cf013712013212a64b2ede0b453e6db00baffb90ae9c8e
20.0,,rss_mini,20.0,rss-n9-p200000bar,W-potential/fcc-restart/05-rss-round-1/rss-selection/source-frames/rss-n9-p200000bar.xyz,24,0.23360865199779443,,16.157662577415923,0.25653243913951485,0.28062050587609705,,False,False,,,,,False,9,200000.0,1,24,000074.poscar,unary-W/W-00024-1.poscar,/home/tuzhengyu/work/WTaTi/W-potential/fcc-restart/05-rss-round-1/rss/minimized/unary-W/W-00024-1.poscar,W-potential/fcc-restart/05-rss-round-1/rss/raw/unary-W/W-00024.poscar,2c274ea9e6b079e8481b1c94137d2175349c03d064c9d9d981b1d39d9f825cac,2c274ea9e6b079e8481b1c94137d2175349c03d064c9d9d981b1d39d9f825cac
20.0,,rss_mini,20.0,rss-n9-p200000bar,W-potential/fcc-restart/05-rss-round-1/rss-selection/source-frames/rss-n9-p200000bar.xyz,25,0.18366355022039244,,15.857737683761055,0.15445686677123543,0.22678435199285032,,False,False,,,,,False,9,200000.0,1,25,000077.poscar,unary-W/W-00025-1.poscar,/home/tuzhengyu/work/WTaTi/W-potential/fcc-restart/05-rss-round-1/rss/minimized/unary-W/W-00025-1.poscar,W-potential/fcc-restart/05-rss-round-1/rss/raw/unary-W/W-00025.poscar,edea586390d1d335c431c8ff9d493d9d001061e43923dff7a9c46d2ac8b0dfef,edea586390d1d335c431c8ff9d493d9d001061e43923dff7a9c46d2ac8b0dfef
20.0,,rss_mini,20.0,rss-n9-p200000bar,W-potential/fcc-restart/05-rss-round-1/rss-selection/source-frames/rss-n9-p200000bar.xyz,26,0.0017800624713652955,,14.931004194487002,0.010223107766281355,0.009486102288626546,,False,False,,,,,False,9,200000.0,1,26,000080.poscar,unary-W/W-00026-1.poscar,/home/tuzhengyu/work/WTaTi/W-potential/fcc-restart/05-rss-round-1/rss/minimized/unary-W/W-00026-1.poscar,W-potential/fcc-restart/05-rss-round-1/rss/raw/unary-W/W-00026.poscar,6084e0e8ae8c06bbaf9f86ea5a3b591b795e1ec93de09374a0c8b0d9d947ff7d,6084e0e8ae8c06bbaf9f86ea5a3b591b795e1ec93de09374a0c8b0d9d947ff7d
20.0,,rss_mini,20.0,rss-n9-p200000bar,W-potential/fcc-restart/05-rss-round-1/rss-selection/source-frames/rss-n9-p200000bar.xyz,27,0.004126842816783965,,14.993851381421637,0.025217029951597657,0.023922428245488826,,False,False,,,,,False,9,200000.0,1,27,000083.poscar,unary-W/W-00027-1.poscar,/home/tuzhengyu/work/WTaTi/W-potential/fcc-restart/05-rss-round-1/rss/minimized/unary-W/W-00027-1.poscar,W-potential/fcc-restart/05-rss-round-1/rss/raw/unary-W/W-00027.poscar,ca7b9069ea825a1f15a8b6da33ac2192de7b34f1c9ef4f5278623136a867b278,ca7b9069ea825a1f15a8b6da33ac2192de7b34f1c9ef4f5278623136a867b278
20.0,,rss_mini,20.0,rss-n9-p200000bar,W-potential/fcc-restart/05-rss-round-1/rss-selection/source-frames/rss-n9-p200000bar.xyz,28,0.0018979188119716973,,14.911997232920847,0.008439887989771392,0.008096652057663122,,False,False,,,,,False,9,200000.0,1,28,000086.poscar,unary-W/W-00028-1.poscar,/home/tuzhengyu/work/WTaTi/W-potential/fcc-restart/05-rss-round-1/rss/minimized/unary-W/W-00028-1.poscar,W-potential/fcc-restart/05-rss-round-1/rss/raw/unary-W/W-00028.poscar,db4c8163d3f8c3dd9c33ebed37b4fca3182bac7834fd2a4d467449aa541b018a,db4c8163d3f8c3dd9c33ebed37b4fca3182bac7834fd2a4d467449aa541b018a
20.0,,rss_mini,20.0,rss-n9-p200000bar,W-potential/fcc-restart/05-rss-round-1/rss-selection/source-frames/rss-n9-p200000bar.xyz,29,0.013602844032319403,,15.005638231742147,0.05472403863659548,0.05528239709276156,,False,False,,,,,False,9,200000.0,1,29,000089.poscar,unary-W/W-00029-1.poscar,/home/tuzhengyu/work/WTaTi/W-potential/fcc-restart/05-rss-round-1/rss/minimized/unary-W/W-00029-1.poscar,W-potential/fcc-restart/05-rss-round-1/rss/raw/unary-W/W-00029.poscar,de4cc1df9ee56ce1513fce057c1ef7207c026ca41804974060b3b46dbc308a0b,de4cc1df9ee56ce1513fce057c1ef7207c026ca41804974060b3b46dbc308a0b
20.0,,rss_mini,20.0,rss-n9-p200000bar,W-potential/fcc-restart/05-rss-round-1/rss-selection/source-frames/rss-n9-p200000bar.xyz,30,0.1905151008370538,,16.242098378998364,0.1446341134555679,0.2090802141583418,,False,False,,,,,False,9,200000.0,1,30,000092.poscar,unary-W/W-00030-1.poscar,/home/tuzhengyu/work/WTaTi/W-potential/fcc-restart/05-rss-round-1/rss/minimized/unary-W/W-00030-1.poscar,W-potential/fcc-restart/05-rss-round-1/rss/raw/unary-W/W-00030.poscar,d6ee254d96dbfa733f6f5128082211d353a9f4faa3ebb9db3653e7fb1fb21ff6,d6ee254d96dbfa733f6f5128082211d353a9f4faa3ebb9db3653e7fb1fb21ff6
20.0,,rss_mini,20.0,rss-n9-p200000bar,W-potential/fcc-restart/05-rss-round-1/rss-selection/source-frames/rss-n9-p200000bar.xyz,31,0.2576458301850397,,15.65571251342871,0.35939714162350334,0.34307876691758177,,False,False,,,,,False,9,200000.0,1,31,000095.poscar,unary-W/W-00031-1.poscar,/home/tuzhengyu/work/WTaTi/W-potential/fcc-restart/05-rss-round-1/rss/minimized/unary-W/W-00031-1.poscar,W-potential/fcc-restart/05-rss-round-1/rss/raw/unary-W/W-00031.poscar,4ccade0ca79e68b4c120079997bc9daf45119e74f0d96a5c418e50830e7f9c30,4ccade0ca79e68b4c120079997bc9daf45119e74f0d96a5c418e50830e7f9c30
20.0,,rss_mini,20.0,rss-n9-p200000bar,W-potential/fcc-restart/05-rss-round-1/rss-selection/source-frames/rss-n9-p200000bar.xyz,32,0.004777278064142842,,14.997516703986356,0.028317842883590644,0.02791222877638372,,False,False,,,,,False,9,200000.0,1,32,000098.poscar,unary-W/W-00032-1.poscar,/home/tuzhengyu/work/WTaTi/W-potential/fcc-restart/05-rss-round-1/rss/minimized/unary-W/W-00032-1.poscar,W-potential/fcc-restart/05-rss-round-1/rss/raw/unary-W/W-00032.poscar,17766649dec18c494245cf438f6571d13776a5b55c2f2a60e89d3c25f43d2fa7,17766649dec18c494245cf438f6571d13776a5b55c2f2a60e89d3c25f43d2fa7
20.0,,rss_mini,20.0,rss-n9-p200000bar,W-potential/fcc-restart/05-rss-round-1/rss-selection/source-frames/rss-n9-p200000bar.xyz,33,0.0005145467702956458,,14.952675273685665,0.0035046366078432247,0.003415698985632479,,False,False,,,,,False,9,200000.0,1,33,000101.poscar,unary-W/W-00033-1.poscar,/home/tuzhengyu/work/WTaTi/W-potential/fcc-restart/05-rss-round-1/rss/minimized/unary-W/W-00033-1.poscar,W-potential/fcc-restart/05-rss-round-1/rss/raw/unary-W/W-00033.poscar,a12f556c09ea6c5110fd97cb3c1423e0922b8be57c428bda2b349f835f8394ee,a12f556c09ea6c5110fd97cb3c1423e0922b8be57c428bda2b349f835f8394ee
20.0,,rss_mini,20.0,rss-n9-p200000bar,W-potential/fcc-restart/05-rss-round-1/rss-selection/source-frames/rss-n9-p200000bar.xyz,34,0.0013761488540217012,,14.946370934300157,0.009560928345047617,0.009250892140726073,,False,False,,,,,False,9,200000.0,1,34,000104.poscar,unary-W/W-00034-1.poscar,/home/tuzhengyu/work/WTaTi/W-potential/fcc-restart/05-rss-round-1/rss/minimized/unary-W/W-00034-1.poscar,W-potential/fcc-restart/05-rss-round-1/rss/raw/unary-W/W-00034.poscar,6baa4d347e07f0ac43200dc1e1c7513104d3511a26bc5eab599c7e868338fbbd,6baa4d347e07f0ac43200dc1e1c7513104d3511a26bc5eab599c7e868338fbbd
20.0,,rss_mini,20.0,rss-n9-p200000bar,W-potential/fcc-restart/05-rss-round-1/rss-selection/source-frames/rss-n9-p200000bar.xyz,35,0.005187631765067418,,15.40063226881629,0.03977115926011272,0.041650507538332576,,False,False,,,,,False,9,200000.0,1,35,000107.poscar,unary-W/W-00035-1.poscar,/home/tuzhengyu/work/WTaTi/W-potential/fcc-restart/05-rss-round-1/rss/minimized/unary-W/W-00035-1.poscar,W-potential/fcc-restart/05-rss-round-1/rss/raw/unary-W/W-00035.poscar,0f70490b0628476c5e53f92b630122c7e49d36d87bd4fb16c7b0d62daa3f0ea8,0f70490b0628476c5e53f92b630122c7e49d36d87bd4fb16c7b0d62daa3f0ea8
20.0,,rss_mini,20.0,rss-n9-p200000bar,W-potential/fcc-restart/05-rss-round-1/rss-selection/source-frames/rss-n9-p200000bar.xyz,36,0.0037607539963319405,,14.91817417180334,0.02127572306743952,0.020033838323889736,,False,False,,,,,False,9,200000.0,1,36,000110.poscar,unary-W/W-00036-1.poscar,/home/tuzhengyu/work/WTaTi/W-potential/fcc-restart/05-rss-round-1/rss/minimized/unary-W/W-00036-1.poscar,W-potential/fcc-restart/05-rss-round-1/rss/raw/unary-W/W-00036.poscar,a3b562b5ae5e3a8f1890e75f5be8ed6250a97d62f132653986a8ebab40758a51,a3b562b5ae5e3a8f1890e75f5be8ed6250a97d62f132653986a8ebab40758a51
20.0,,rss_mini,20.0,rss-n9-p200000bar,W-potential/fcc-restart/05-rss-round-1/rss-selection/source-frames/rss-n9-p200000bar.xyz,37,0.0024047105748485286,,14.949250264559835,0.01441588380223028,0.014200525660066765,,False,False,,,,,False,9,200000.0,1,37,000113.poscar,unary-W/W-00037-1.poscar,/home/tuzhengyu/work/WTaTi/W-potential/fcc-restart/05-rss-round-1/rss/minimized/unary-W/W-00037-1.poscar,W-potential/fcc-restart/05-rss-round-1/rss/raw/unary-W/W-00037.poscar,0652873399537419f15134503aa5e228985bae41efa028a276400ffea0380e42,0652873399537419f15134503aa5e228985bae41efa028a276400ffea0380e42
20.0,,rss_mini,20.0,rss-n9-p200000bar,W-potential/fcc-restart/05-rss-round-1/rss-selection/source-frames/rss-n9-p200000bar.xyz,38,0.01814204499417089,,14.936548283835485,0.10466890998476795,0.10140923050455986,,False,False,,,,,False,9,200000.0,1,38,000116.poscar,unary-W/W-00038-1.poscar,/home/tuzhengyu/work/WTaTi/W-potential/fcc-restart/05-rss-round-1/rss/minimized/unary-W/W-00038-1.poscar,W-potential/fcc-restart/05-rss-round-1/rss/raw/unary-W/W-00038.poscar,1abd5152373c33a034563edb2be85edf7ebf0f1e96af51392c9a9add53c92572,1abd5152373c33a034563edb2be85edf7ebf0f1e96af51392c9a9add53c92572
20.0,,rss_mini,20.0,rss-n9-p200000bar,W-potential/fcc-restart/05-rss-round-1/rss-selection/source-frames/rss-n9-p200000bar.xyz,39,0.018355676528562504,,15.011486618647313,0.0906961716651708,0.08705175286221038,,False,False,,,,,False,9,200000.0,1,39,000119.poscar,unary-W/W-00039-1.poscar,/home/tuzhengyu/work/WTaTi/W-potential/fcc-restart/05-rss-round-1/rss/minimized/unary-W/W-00039-1.poscar,W-potential/fcc-restart/05-rss-round-1/rss/raw/unary-W/W-00039.poscar,f02d15d66c1b3c44388080e1aaa73d0a4a65e294ce4a5ced99ab7d308466be23,f02d15d66c1b3c44388080e1aaa73d0a4a65e294ce4a5ced99ab7d308466be23
20.0,,rss_mini,20.0,rss-n9-p200000bar,W-potential/fcc-restart/05-rss-round-1/rss-selection/source-frames/rss-n9-p200000bar.xyz,40,0.013602411582498756,,15.1678388171159,0.0631401958840303,0.05681580555342971,,False,False,,,,,False,9,200000.0,1,40,000122.poscar,unary-W/W-00040-1.poscar,/home/tuzhengyu/work/WTaTi/W-potential/fcc-restart/05-rss-round-1/rss/minimized/unary-W/W-00040-1.poscar,W-potential/fcc-restart/05-rss-round-1/rss/raw/unary-W/W-00040.poscar,a909d8832d87b4dfb405dba371504e14e044ead64fed0e5495a716ca18d6d53d,a909d8832d87b4dfb405dba371504e14e044ead64fed0e5495a716ca18d6d53d
20.0,,rss_mini,20.0,rss-n9-p200000bar,W-potential/fcc-restart/05-rss-round-1/rss-selection/source-frames/rss-n9-p200000bar.xyz,41,0.0036203464489006406,,14.95032225722453,0.01795202465077241,0.01763710925037743,,False,False,,,,,False,9,200000.0,1,41,000125.poscar,unary-W/W-00041-1.poscar,/home/tuzhengyu/work/WTaTi/W-potential/fcc-restart/05-rss-round-1/rss/minimized/unary-W/W-00041-1.poscar,W-potential/fcc-restart/05-rss-round-1/rss/raw/unary-W/W-00041.poscar,d758e415d8dd92331816389c00f059332880dcbfe3fb970443d7865a4ffb9368,d758e415d8dd92331816389c00f059332880dcbfe3fb970443d7865a4ffb9368
20.0,,rss_mini,20.0,rss-n9-p200000bar,W-potential/fcc-restart/05-rss-round-1/rss-selection/source-frames/rss-n9-p200000bar.xyz,42,0.2442365311070325,,15.91322295278861,0.20078656513267046,0.1651765015611176,,False,False,,,,,False,9,200000.0,1,42,000128.poscar,unary-W/W-00042-1.poscar,/home/tuzhengyu/work/WTaTi/W-potential/fcc-restart/05-rss-round-1/rss/minimized/unary-W/W-00042-1.poscar,W-potential/fcc-restart/05-rss-round-1/rss/raw/unary-W/W-00042.poscar,34d14cfd65d1b8082f1947b12173e51ed917bce328cd5a04e263e7258237e89e,34d14cfd65d1b8082f1947b12173e51ed917bce328cd5a04e263e7258237e89e
20.0,,rss_mini,20.0,rss-n9-p200000bar,W-potential/fcc-restart/05-rss-round-1/rss-selection/source-frames/rss-n9-p200000bar.xyz,43,0.0021123242061199805,,14.934861211681007,0.009370479465708681,0.009036995912433739,,False,False,,,,,False,9,200000.0,1,43,000131.poscar,unary-W/W-00043-1.poscar,/home/tuzhengyu/work/WTaTi/W-potential/fcc-restart/05-rss-round-1/rss/minimized/unary-W/W-00043-1.poscar,W-potential/fcc-restart/05-rss-round-1/rss/raw/unary-W/W-00043.poscar,73d0394f258d9795335b944fe7a17d9342c3ba600ee13af0428ed7203e13c3fb,73d0394f258d9795335b944fe7a17d9342c3ba600ee13af0428ed7203e13c3fb
20.0,,rss_mini,20.0,rss-n9-p200000bar,W-potential/fcc-restart/05-rss-round-1/rss-selection/source-frames/rss-n9-p200000bar.xyz,44,0.10893842893870492,,15.40871270973446,0.11831208645058938,0.12796249881860225,,False,False,,,,,False,9,200000.0,1,44,000134.poscar,unary-W/W-00044-1.poscar,/home/tuzhengyu/work/WTaTi/W-potential/fcc-restart/05-rss-round-1/rss/minimized/unary-W/W-00044-1.poscar,W-potential/fcc-restart/05-rss-round-1/rss/raw/unary-W/W-00044.poscar,b76be788e9c9f99a22c16a460a9cd32c6d824f6b52c9a7d4f72730f733d2635a,b76be788e9c9f99a22c16a460a9cd32c6d824f6b52c9a7d4f72730f733d2635a
20.0,,rss_mini,20.0,rss-n9-p200000bar,W-potential/fcc-restart/05-rss-round-1/rss-selection/source-frames/rss-n9-p200000bar.xyz,45,0.006505355270810586,,15.052874730111272,0.043025756431994126,0.0433111064195071,,False,False,,,,,False,9,200000.0,1,45,000137.poscar,unary-W/W-00045-1.poscar,/home/tuzhengyu/work/WTaTi/W-potential/fcc-restart/05-rss-round-1/rss/minimized/unary-W/W-00045-1.poscar,W-potential/fcc-restart/05-rss-round-1/rss/raw/unary-W/W-00045.poscar,2f0ff60fc19bfaea3e1a31d401af468f7bec0557301fead5da11478917a13cac,2f0ff60fc19bfaea3e1a31d401af468f7bec0557301fead5da11478917a13cac
20.0,,rss_mini,20.0,rss-n9-p200000bar,W-potential/fcc-restart/05-rss-round-1/rss-selection/source-frames/rss-n9-p200000bar.xyz,46,0.14840728224095537,,15.74985305418415,0.17520065850758618,0.28209356793956214,,False,False,,,,,False,9,200000.0,1,46,000140.poscar,unary-W/W-00046-1.poscar,/home/tuzhengyu/work/WTaTi/W-potential/fcc-restart/05-rss-round-1/rss/minimized/unary-W/W-00046-1.poscar,W-potential/fcc-restart/05-rss-round-1/rss/raw/unary-W/W-00046.poscar,bc2297df7257d767990361069660bfea4746e36d30f7d0847fbee930a31bd301,bc2297df7257d767990361069660bfea4746e36d30f7d0847fbee930a31bd301
20.0,,rss_mini,20.0,rss-n9-p200000bar,W-potential/fcc-restart/05-rss-round-1/rss-selection/source-frames/rss-n9-p200000bar.xyz,47,0.18598792574263803,,15.70223043399153,0.25275426885781327,0.28244636170021936,,False,False,,,,,False,9,200000.0,1,47,000143.poscar,unary-W/W-00047-1.poscar,/home/tuzhengyu/work/WTaTi/W-potential/fcc-restart/05-rss-round-1/rss/minimized/unary-W/W-00047-1.poscar,W-potential/fcc-restart/05-rss-round-1/rss/raw/unary-W/W-00047.poscar,ba3cd23ffe63d36ba05930c94d026d6be4e041812fc78b0b3cd517b0ecce0c9c,ba3cd23ffe63d36ba05930c94d026d6be4e041812fc78b0b3cd517b0ecce0c9c
20.0,,rss_mini,20.0,rss-n9-p200000bar,W-potential/fcc-restart/05-rss-round-1/rss-selection/source-frames/rss-n9-p200000bar.xyz,48,0.015314249875902955,,15.053046765887457,0.092286964997021,0.08945760895814017,,False,False,,,,,False,9,200000.0,1,48,000146.poscar,unary-W/W-00048-1.poscar,/home/tuzhengyu/work/WTaTi/W-potential/fcc-restart/05-rss-round-1/rss/minimized/unary-W/W-00048-1.poscar,W-potential/fcc-restart/05-rss-round-1/rss/raw/unary-W/W-00048.poscar,3c7eb6168dbe0d5a84e64b98da83d7b5e4a0bf849d0f9bd000bd56a9d4e053f7,3c7eb6168dbe0d5a84e64b98da83d7b5e4a0bf849d0f9bd000bd56a9d4e053f7
20.0,,rss_mini,20.0,rss-n9-p200000bar,W-potential/fcc-restart/05-rss-round-1/rss-selection/source-frames/rss-n9-p200000bar.xyz,49,0.01840000473316538,,14.949381050426089,0.1119738675509596,0.10400579080321994,,False,False,,,,,False,9,200000.0,1,49,000149.poscar,unary-W/W-00049-1.poscar,/home/tuzhengyu/work/WTaTi/W-potential/fcc-restart/05-rss-round-1/rss/minimized/unary-W/W-00049-1.poscar,W-potential/fcc-restart/05-rss-round-1/rss/raw/unary-W/W-00049.poscar,25e35022cb044649b3f010d0732c0dfa477a748b16121b5e038e7768561cd3de,25e35022cb044649b3f010d0732c0dfa477a748b16121b5e038e7768561cd3de
40.0,,rss_mini,40.0,rss-n9-p400000bar,W-potential/fcc-restart/05-rss-round-1/rss-selection/source-frames/rss-n9-p400000bar.xyz,0,0.058748158152965704,,14.277000547818595,0.23157998619613032,0.23875808183892225,,False,False,,,,,False,9,400000.0,2,0,000003.poscar,unary-W/W-00000-2.poscar,/home/tuzhengyu/work/WTaTi/W-potential/fcc-restart/05-rss-round-1/rss/minimized/unary-W/W-00000-2.poscar,W-potential/fcc-restart/05-rss-round-1/rss/raw/unary-W/W-00000.poscar,3c20751d06b63820b4ca8f898dfd28926b4df3fb3e13d2ea9f761644627c41b9,3c20751d06b63820b4ca8f898dfd28926b4df3fb3e13d2ea9f761644627c41b9
40.0,,rss_mini,40.0,rss-n9-p400000bar,W-potential/fcc-restart/05-rss-round-1/rss-selection/source-frames/rss-n9-p400000bar.xyz,1,0.26998682171047167,,15.183501651793286,0.3638778764130295,0.45472490036751134,,False,False,,,,,False,9,400000.0,2,1,000006.poscar,unary-W/W-00001-2.poscar,/home/tuzhengyu/work/WTaTi/W-potential/fcc-restart/05-rss-round-1/rss/minimized/unary-W/W-00001-2.poscar,W-potential/fcc-restart/05-rss-round-1/rss/raw/unary-W/W-00001.poscar,2a950b67185d4c60ea4aa1d01422ab5cafcdbab52b52bfecf18711d88dd3518d,2a950b67185d4c60ea4aa1d01422ab5cafcdbab52b52bfecf18711d88dd3518d
40.0,,rss_mini,40.0,rss-n9-p400000bar,W-potential/fcc-restart/05-rss-round-1/rss-selection/source-frames/rss-n9-p400000bar.xyz,2,0.2119576092058256,,14.8282551367298,0.2806031572912547,0.33596339345245374,,False,False,,,,,False,9,400000.0,2,2,000009.poscar,unary-W/W-00002-2.poscar,/home/tuzhengyu/work/WTaTi/W-potential/fcc-restart/05-rss-round-1/rss/minimized/unary-W/W-00002-2.poscar,W-potential/fcc-restart/05-rss-round-1/rss/raw/unary-W/W-00002.poscar,b0bdbb367e52696392ff7ea16ccb441dd949bfb46ff2628aac7753433c77c69c,b0bdbb367e52696392ff7ea16ccb441dd949bfb46ff2628aac7753433c77c69c
40.0,,rss_mini,40.0,rss-n9-p400000bar,W-potential/fcc-restart/05-rss-round-1/rss-selection/source-frames/rss-n9-p400000bar.xyz,3,0.010323236138501595,,14.246382580599446,0.04302685123400603,0.0430286591888509,,False,False,,,,,False,9,400000.0,2,3,000012.poscar,unary-W/W-00003-2.poscar,/home/tuzhengyu/work/WTaTi/W-potential/fcc-restart/05-rss-round-1/rss/minimized/unary-W/W-00003-2.poscar,W-potential/fcc-restart/05-rss-round-1/rss/raw/unary-W/W-00003.poscar,01dbfe1f9dbf167a10bd6fe3c40fdad9b7037a084c261174232e3c1d3730561e,01dbfe1f9dbf167a10bd6fe3c40fdad9b7037a084c261174232e3c1d3730561e
40.0,,rss_mini,40.0,rss-n9-p400000bar,W-potential/fcc-restart/05-rss-round-1/rss-selection/source-frames/rss-n9-p400000bar.xyz,4,0.008016819850083652,,14.28497380878278,0.04853638101829703,0.04768590026033163,,False,False,,,,,False,9,400000.0,2,4,000015.poscar,unary-W/W-00004-2.poscar,/home/tuzhengyu/work/WTaTi/W-potential/fcc-restart/05-rss-round-1/rss/minimized/unary-W/W-00004-2.poscar,W-potential/fcc-restart/05-rss-round-1/rss/raw/unary-W/W-00004.poscar,0ddf4eda5f778faaeb0095aab9628a0f419a71f54e827fbae934383a8da0541a,0ddf4eda5f778faaeb0095aab9628a0f419a71f54e827fbae934383a8da0541a
40.0,,rss_mini,40.0,rss-n9-p400000bar,W-potential/fcc-restart/05-rss-round-1/rss-selection/source-frames/rss-n9-p400000bar.xyz,5,0.20202665198267006,,15.029823600501025,0.29289540871629555,0.35664754570582574,,False,False,,,,,False,9,400000.0,2,5,000018.poscar,unary-W/W-00005-2.poscar,/home/tuzhengyu/work/WTaTi/W-potential/fcc-restart/05-rss-round-1/rss/minimized/unary-W/W-00005-2.poscar,W-potential/fcc-restart/05-rss-round-1/rss/raw/unary-W/W-00005.poscar,63d0b5d4fa32d26be5a00c248597a306f1fb80d28b23cdf0db2516f03fbc2341,63d0b5d4fa32d26be5a00c248597a306f1fb80d28b23cdf0db2516f03fbc2341
40.0,,rss_mini,40.0,rss-n9-p400000bar,W-potential/fcc-restart/05-rss-round-1/rss-selection/source-frames/rss-n9-p400000bar.xyz,6,0.32687051223651004,,15.350884724865036,0.36434526083251795,0.4506408261741443,,False,False,,,,,False,9,400000.0,2,6,000021.poscar,unary-W/W-00006-2.poscar,/home/tuzhengyu/work/WTaTi/W-potential/fcc-restart/05-rss-round-1/rss/minimized/unary-W/W-00006-2.poscar,W-potential/fcc-restart/05-rss-round-1/rss/raw/unary-W/W-00006.poscar,564efdb8aba95c6ddac0a9766a4975fa80bc4d1b4a8846e71879b5489f604913,564efdb8aba95c6ddac0a9766a4975fa80bc4d1b4a8846e71879b5489f604913
40.0,,rss_mini,40.0,rss-n9-p400000bar,W-potential/fcc-restart/05-rss-round-1/rss-selection/source-frames/rss-n9-p400000bar.xyz,7,0.1456865726496429,,14.342245632816441,0.8716885374578638,0.8309792931549016,,False,False,,,,,False,9,400000.0,2,7,000024.poscar,unary-W/W-00007-2.poscar,/home/tuzhengyu/work/WTaTi/W-potential/fcc-restart/05-rss-round-1/rss/minimized/unary-W/W-00007-2.poscar,W-potential/fcc-restart/05-rss-round-1/rss/raw/unary-W/W-00007.poscar,ae0dbd9e4837921412c63ec9d6633aed28d9238d5037cb6596c4110f067e3b08,ae0dbd9e4837921412c63ec9d6633aed28d9238d5037cb6596c4110f067e3b08
40.0,,rss_mini,40.0,rss-n9-p400000bar,W-potential/fcc-restart/05-rss-round-1/rss-selection/source-frames/rss-n9-p400000bar.xyz,8,0.012626454278043719,,14.25903024634716,0.052920059622750135,0.05442292142514158,,False,False,,,,,False,9,400000.0,2,8,000027.poscar,unary-W/W-00008-2.poscar,/home/tuzhengyu/work/WTaTi/W-potential/fcc-restart/05-rss-round-1/rss/minimized/unary-W/W-00008-2.poscar,W-potential/fcc-restart/05-rss-round-1/rss/raw/unary-W/W-00008.poscar,aec4ce9757dbbf0c86f2b354384a3e8b8ff2cb1ddba70ad28f15782bbaa21c99,aec4ce9757dbbf0c86f2b354384a3e8b8ff2cb1ddba70ad28f15782bbaa21c99
40.0,,rss_mini,40.0,rss-n9-p400000bar,W-potential/fcc-restart/05-rss-round-1/rss-selection/source-frames/rss-n9-p400000bar.xyz,9,0.043869214231163106,,14.262402683541081,0.25909293079679224,0.26354906064011546,,False,False,,,,,False,9,400000.0,2,9,000030.poscar,unary-W/W-00009-2.poscar,/home/tuzhengyu/work/WTaTi/W-potential/fcc-restart/05-rss-round-1/rss/minimized/unary-W/W-00009-2.poscar,W-potential/fcc-restart/05-rss-round-1/rss/raw/unary-W/W-00009.poscar,94037fba184abd6e39e49ab32fea99bfb0e08ba5c52cc455f928f1ba9226cf0c,94037fba184abd6e39e49ab32fea99bfb0e08ba5c52cc455f928f1ba9226cf0c
40.0,,rss_mini,40.0,rss-n9-p400000bar,W-potential/fcc-restart/05-rss-round-1/rss-selection/source-frames/rss-n9-p400000bar.xyz,10,0.013099568083937868,,14.635018605302283,0.04866873146700912,0.047364369590975466,,False,False,,,,,False,9,400000.0,2,10,000033.poscar,unary-W/W-00010-2.poscar,/home/tuzhengyu/work/WTaTi/W-potential/fcc-restart/05-rss-round-1/rss/minimized/unary-W/W-00010-2.poscar,W-potential/fcc-restart/05-rss-round-1/rss/raw/unary-W/W-00010.poscar,ab977273b80c1669ce35f55a148dce49c5e16f0b06289aff53ae055ff6dcc3cc,ab977273b80c1669ce35f55a148dce49c5e16f0b06289aff53ae055ff6dcc3cc
40.0,,rss_mini,40.0,rss-n9-p400000bar,W-potential/fcc-restart/05-rss-round-1/rss-selection/source-frames/rss-n9-p400000bar.xyz,11,0.08019411735623755,,14.272436386255663,0.40604900893243556,0.40599774475508277,,False,False,,,,,False,9,400000.0,2,11,000036.poscar,unary-W/W-00011-2.poscar,/home/tuzhengyu/work/WTaTi/W-potential/fcc-restart/05-rss-round-1/rss/minimized/unary-W/W-00011-2.poscar,W-potential/fcc-restart/05-rss-round-1/rss/raw/unary-W/W-00011.poscar,5ce36665c33bff8a75503504e219d0dcfd8976b93fcb1f9e017195bb4d4fd29a,5ce36665c33bff8a75503504e219d0dcfd8976b93fcb1f9e017195bb4d4fd29a
40.0,,rss_mini,40.0,rss-n9-p400000bar,W-potential/fcc-restart/05-rss-round-1/rss-selection/source-frames/rss-n9-p400000bar.xyz,12,0.01315282968490423,,14.300121475102868,0.06342255590855916,0.06549526202325373,,False,False,,,,,False,9,400000.0,2,12,000039.poscar,unary-W/W-00012-2.poscar,/home/tuzhengyu/work/WTaTi/W-potential/fcc-restart/05-rss-round-1/rss/minimized/unary-W/W-00012-2.poscar,W-potential/fcc-restart/05-rss-round-1/rss/raw/unary-W/W-00012.poscar,f1e40d41ea35e76b1a9a1f150615dc805caa02b402939f25b4047f506274e45a,f1e40d41ea35e76b1a9a1f150615dc805caa02b402939f25b4047f506274e45a
40.0,,rss_mini,40.0,rss-n9-p400000bar,W-potential/fcc-restart/05-rss-round-1/rss-selection/source-frames/rss-n9-p400000bar.xyz,13,0.013392086876761744,,14.271201220304919,0.05470719832739222,0.05612092816232766,,False,False,,,,,False,9,400000.0,2,13,000042.poscar,unary-W/W-00013-2.poscar,/home/tuzhengyu/work/WTaTi/W-potential/fcc-restart/05-rss-round-1/rss/minimized/unary-W/W-00013-2.poscar,W-potential/fcc-restart/05-rss-round-1/rss/raw/unary-W/W-00013.poscar,be5c577fcd1a0874ef9216ffc6a24aa019c8f4d8468a6ba11157596c32ff81bb,be5c577fcd1a0874ef9216ffc6a24aa019c8f4d8468a6ba11157596c32ff81bb
40.0,,rss_mini,40.0,rss-n9-p400000bar,W-potential/fcc-restart/05-rss-round-1/rss-selection/source-frames/rss-n9-p400000bar.xyz,14,0.008615042431688844,,14.271764792224637,0.04541778456800578,0.0431336430844036,,False,False,,,,,False,9,400000.0,2,14,000045.poscar,unary-W/W-00014-2.poscar,/home/tuzhengyu/work/WTaTi/W-potential/fcc-restart/05-rss-round-1/rss/minimized/unary-W/W-00014-2.poscar,W-potential/fcc-restart/05-rss-round-1/rss/raw/unary-W/W-00014.poscar,a0c6a5232d597051bbb77ba7936f774fc0db2f5ed52d0ff9802bef8887d28f27,a0c6a5232d597051bbb77ba7936f774fc0db2f5ed52d0ff9802bef8887d28f27
40.0,,rss_mini,40.0,rss-n9-p400000bar,W-potential/fcc-restart/05-rss-round-1/rss-selection/source-frames/rss-n9-p400000bar.xyz,15,0.014999337373847123,,14.313719630554866,0.08825809127083814,0.09173951725962426,,False,False,,,,,False,9,400000.0,2,15,000048.poscar,unary-W/W-00015-2.poscar,/home/tuzhengyu/work/WTaTi/W-potential/fcc-restart/05-rss-round-1/rss/minimized/unary-W/W-00015-2.poscar,W-potential/fcc-restart/05-rss-round-1/rss/raw/unary-W/W-00015.poscar,645ce101caf6e18504a5880d294360f41e5760e5f6adce970572132844ad9a58,645ce101caf6e18504a5880d294360f41e5760e5f6adce970572132844ad9a58
40.0,,rss_mini,40.0,rss-n9-p400000bar,W-potential/fcc-restart/05-rss-round-1/rss-selection/source-frames/rss-n9-p400000bar.xyz,16,0.19819329535839353,,15.009215674212035,0.19408611371807546,0.35183569578511076,,False,False,,,,,False,9,400000.0,2,16,000051.poscar,unary-W/W-00016-2.poscar,/home/tuzhengyu/work/WTaTi/W-potential/fcc-restart/05-rss-round-1/rss/minimized/unary-W/W-00016-2.poscar,W-potential/fcc-restart/05-rss-round-1/rss/raw/unary-W/W-00016.poscar,0b49841e0249aff755fafb022b712078dd10da2936aad994354a7055c3c37db1,0b49841e0249aff755fafb022b712078dd10da2936aad994354a7055c3c37db1
40.0,,rss_mini,40.0,rss-n9-p400000bar,W-potential/fcc-restart/05-rss-round-1/rss-selection/source-frames/rss-n9-p400000bar.xyz,17,0.0002863653953721412,,14.268001917885057,0.001679470332811994,0.001659912007154968,,False,False,,,,,False,9,400000.0,2,17,000054.poscar,unary-W/W-00017-2.poscar,/home/tuzhengyu/work/WTaTi/W-potential/fcc-restart/05-rss-round-1/rss/minimized/unary-W/W-00017-2.poscar,W-potential/fcc-restart/05-rss-round-1/rss/raw/unary-W/W-00017.poscar,5646f00adc34f6ad05e44e14e82adca473fe68f3663eb48ec0b04b54e7ba1d32,5646f00adc34f6ad05e44e14e82adca473fe68f3663eb48ec0b04b54e7ba1d32
40.0,,rss_mini,40.0,rss-n9-p400000bar,W-potential/fcc-restart/05-rss-round-1/rss-selection/source-frames/rss-n9-p400000bar.xyz,18,0.2518708419938479,,15.148116757566319,0.31399923426586357,0.4927273354472162,,False,False,,,,,False,9,400000.0,2,18,000057.poscar,unary-W/W-00018-2.poscar,/home/tuzhengyu/work/WTaTi/W-potential/fcc-restart/05-rss-round-1/rss/minimized/unary-W/W-00018-2.poscar,W-potential/fcc-restart/05-rss-round-1/rss/raw/unary-W/W-00018.poscar,2257d16832464ca2bd43f6580d14f561658ebb02981d233bc5b6fe386e935314,2257d16832464ca2bd43f6580d14f561658ebb02981d233bc5b6fe386e935314
40.0,,rss_mini,40.0,rss-n9-p400000bar,W-potential/fcc-restart/05-rss-round-1/rss-selection/source-frames/rss-n9-p400000bar.xyz,19,0.17074711437022197,,14.962418469852528,0.22271516400210284,0.261915998746122,,False,False,,,,,False,9,400000.0,2,19,000060.poscar,unary-W/W-00019-2.poscar,/home/tuzhengyu/work/WTaTi/W-potential/fcc-restart/05-rss-round-1/rss/minimized/unary-W/W-00019-2.poscar,W-potential/fcc-restart/05-rss-round-1/rss/raw/unary-W/W-00019.poscar,952162ca92f929cb4921dba8cb5bf65edb1d61c1f3099e1f132f42ce7c93033e,952162ca92f929cb4921dba8cb5bf65edb1d61c1f3099e1f132f42ce7c93033e
40.0,,rss_mini,40.0,rss-n9-p400000bar,W-potential/fcc-restart/05-rss-round-1/rss-selection/source-frames/rss-n9-p400000bar.xyz,20,0.22373321503871002,,15.161181863334061,0.3025498410701817,0.49437005374548987,,False,False,,,,,False,9,400000.0,2,20,000063.poscar,unary-W/W-00020-2.poscar,/home/tuzhengyu/work/WTaTi/W-potential/fcc-restart/05-rss-round-1/rss/minimized/unary-W/W-00020-2.poscar,W-potential/fcc-restart/05-rss-round-1/rss/raw/unary-W/W-00020.poscar,57a1bd32618deae0f95c715c255deef4c26d3305094119dd098ff3d9cede38f1,57a1bd32618deae0f95c715c255deef4c26d3305094119dd098ff3d9cede38f1
40.0,,rss_mini,40.0,rss-n9-p400000bar,W-potential/fcc-restart/05-rss-round-1/rss-selection/source-frames/rss-n9-p400000bar.xyz,21,0.006059353041252296,,14.25851800455676,0.03178881903163468,0.03092599177398804,,False,False,,,,,False,9,400000.0,2,21,000066.poscar,unary-W/W-00021-2.poscar,/home/tuzhengyu/work/WTaTi/W-potential/fcc-restart/05-rss-round-1/rss/minimized/unary-W/W-00021-2.poscar,W-potential/fcc-restart/05-rss-round-1/rss/raw/unary-W/W-00021.poscar,8f90c02265ac02a9bb6dd7d491581c5b301e432dc8ab98764fcf321516aa8e36,8f90c02265ac02a9bb6dd7d491581c5b301e432dc8ab98764fcf321516aa8e36
40.0,,rss_mini,40.0,rss-n9-p400000bar,W-potential/fcc-restart/05-rss-round-1/rss-selection/source-frames/rss-n9-p400000bar.xyz,22,0.00024380812569880998,,14.301939295397855,0.0017023033792007336,0.0016767124505061568,,False,False,,,,,False,9,400000.0,2,22,000069.poscar,unary-W/W-00022-2.poscar,/home/tuzhengyu/work/WTaTi/W-potential/fcc-restart/05-rss-round-1/rss/minimized/unary-W/W-00022-2.poscar,W-potential/fcc-restart/05-rss-round-1/rss/raw/unary-W/W-00022.poscar,48a942eae95b648d2deb97462d2ea50e1e0591b13a0fa338a0d7926d09fe37c1,48a942eae95b648d2deb97462d2ea50e1e0591b13a0fa338a0d7926d09fe37c1
40.0,,rss_mini,40.0,rss-n9-p400000bar,W-potential/fcc-restart/05-rss-round-1/rss-selection/source-frames/rss-n9-p400000bar.xyz,23,0.006933579467559321,,14.261266611416861,0.03327801120643286,0.032069221240926725,,False,False,,,,,False,9,400000.0,2,23,000072.poscar,unary-W/W-00023-2.poscar,/home/tuzhengyu/work/WTaTi/W-potential/fcc-restart/05-rss-round-1/rss/minimized/unary-W/W-00023-2.poscar,W-potential/fcc-restart/05-rss-round-1/rss/raw/unary-W/W-00023.poscar,889e4156843eb28c60e29c15c4f525c719bcf02c547dca89fa963bcc6e7dfa1e,889e4156843eb28c60e29c15c4f525c719bcf02c547dca89fa963bcc6e7dfa1e
40.0,,rss_mini,40.0,rss-n9-p400000bar,W-potential/fcc-restart/05-rss-round-1/rss-selection/source-frames/rss-n9-p400000bar.xyz,24,0.28064022872913985,,15.221344649933087,0.33577469639002494,0.31666609706170834,,False,False,,,,,False,9,400000.0,2,24,000075.poscar,unary-W/W-00024-2.poscar,/home/tuzhengyu/work/WTaTi/W-potential/fcc-restart/05-rss-round-1/rss/minimized/unary-W/W-00024-2.poscar,W-potential/fcc-restart/05-rss-round-1/rss/raw/unary-W/W-00024.poscar,beea8ce2479cea7c8819a921b4157d79c8f71261ba355625084f0a43d9ab710e,beea8ce2479cea7c8819a921b4157d79c8f71261ba355625084f0a43d9ab710e
40.0,,rss_mini,40.0,rss-n9-p400000bar,W-potential/fcc-restart/05-rss-round-1/rss-selection/source-frames/rss-n9-p400000bar.xyz,25,0.16415512461717724,,14.286869525933405,0.721522205309917,0.7178099984037491,,False,False,,,,,False,9,400000.0,2,25,000078.poscar,unary-W/W-00025-2.poscar,/home/tuzhengyu/work/WTaTi/W-potential/fcc-restart/05-rss-round-1/rss/minimized/unary-W/W-00025-2.poscar,W-potential/fcc-restart/05-rss-round-1/rss/raw/unary-W/W-00025.poscar,fc1db0613b817a8b73cb87e6a61b6d649357e1f72dff3bc6c181c5fb28ddc381,fc1db0613b817a8b73cb87e6a61b6d649357e1f72dff3bc6c181c5fb28ddc381
40.0,,rss_mini,40.0,rss-n9-p400000bar,W-potential/fcc-restart/05-rss-round-1/rss-selection/source-frames/rss-n9-p400000bar.xyz,26,0.001489114553634554,,14.267125373787406,0.009517538776554214,0.009456827173258235,,False,False,,,,,False,9,400000.0,2,26,000081.poscar,unary-W/W-00026-2.poscar,/home/tuzhengyu/work/WTaTi/W-potential/fcc-restart/05-rss-round-1/rss/minimized/unary-W/W-00026-2.poscar,W-potential/fcc-restart/05-rss-round-1/rss/raw/unary-W/W-00026.poscar,13d1ea7aabf525ae0dc6c9a557c0932d7c3fe921a1bb9eb015c895afffaf1506,13d1ea7aabf525ae0dc6c9a557c0932d7c3fe921a1bb9eb015c895afffaf1506
40.0,,rss_mini,40.0,rss-n9-p400000bar,W-potential/fcc-restart/05-rss-round-1/rss-selection/source-frames/rss-n9-p400000bar.xyz,27,0.00224278177726416,,14.295506600475294,0.01321123431182888,0.0130215130069245,,False,False,,,,,False,9,400000.0,2,27,000084.poscar,unary-W/W-00027-2.poscar,/home/tuzhengyu/work/WTaTi/W-potential/fcc-restart/05-rss-round-1/rss/minimized/unary-W/W-00027-2.poscar,W-potential/fcc-restart/05-rss-round-1/rss/raw/unary-W/W-00027.poscar,d04173a5fee23af0632d2ad922a1a1df92f48062f222759334550bb2d2c00d72,d04173a5fee23af0632d2ad922a1a1df92f48062f222759334550bb2d2c00d72
40.0,,rss_mini,40.0,rss-n9-p400000bar,W-potential/fcc-restart/05-rss-round-1/rss-selection/source-frames/rss-n9-p400000bar.xyz,28,0.0036531771179925277,,14.258170800203787,0.020172251015924802,0.02059535599739689,,False,False,,,,,False,9,400000.0,2,28,000087.poscar,unary-W/W-00028-2.poscar,/home/tuzhengyu/work/WTaTi/W-potential/fcc-restart/05-rss-round-1/rss/minimized/unary-W/W-00028-2.poscar,W-potential/fcc-restart/05-rss-round-1/rss/raw/unary-W/W-00028.poscar,cf1d39adda5dcbef4ee283ed417d73a0a4cee61fa8812bebd9d38158b991fa58,cf1d39adda5dcbef4ee283ed417d73a0a4cee61fa8812bebd9d38158b991fa58
40.0,,rss_mini,40.0,rss-n9-p400000bar,W-potential/fcc-restart/05-rss-round-1/rss-selection/source-frames/rss-n9-p400000bar.xyz,29,0.07237563023611367,,14.297672718930633,0.26680017149403,0.28317469263588974,,False,False,,,,,False,9,400000.0,2,29,000090.poscar,unary-W/W-00029-2.poscar,/home/tuzhengyu/work/WTaTi/W-potential/fcc-restart/05-rss-round-1/rss/minimized/unary-W/W-00029-2.poscar,W-potential/fcc-restart/05-rss-round-1/rss/raw/unary-W/W-00029.poscar,75e7b33179be18644850b3fe9146a22d78b89ffcf7826ecd85b457baa054eec7,75e7b33179be18644850b3fe9146a22d78b89ffcf7826ecd85b457baa054eec7
40.0,,rss_mini,40.0,rss-n9-p400000bar,W-potential/fcc-restart/05-rss-round-1/rss-selection/source-frames/rss-n9-p400000bar.xyz,30,0.2700797724447705,,15.02813095170878,0.35360548765288174,0.42023027968639776,,False,False,,,,,False,9,400000.0,2,30,000093.poscar,unary-W/W-00030-2.poscar,/home/tuzhengyu/work/WTaTi/W-potential/fcc-restart/05-rss-round-1/rss/minimized/unary-W/W-00030-2.poscar,W-potential/fcc-restart/05-rss-round-1/rss/raw/unary-W/W-00030.poscar,f50039b45490b331fb8963c53f0a9bb7740babb7328b30a7db731b13272410ed,f50039b45490b331fb8963c53f0a9bb7740babb7328b30a7db731b13272410ed
40.0,,rss_mini,40.0,rss-n9-p400000bar,W-potential/fcc-restart/05-rss-round-1/rss-selection/source-frames/rss-n9-p400000bar.xyz,31,0.3382795990705497,,14.80258279234077,0.4670846233474201,0.44710463726755795,,False,False,,,,,False,9,400000.0,2,31,000096.poscar,unary-W/W-00031-2.poscar,/home/tuzhengyu/work/WTaTi/W-potential/fcc-restart/05-rss-round-1/rss/minimized/unary-W/W-00031-2.poscar,W-potential/fcc-restart/05-rss-round-1/rss/raw/unary-W/W-00031.poscar,bf591db23daaa9ac39d9cd0cb5f37cc221112d685746ff6072335ed6dc377815,bf591db23daaa9ac39d9cd0cb5f37cc221112d685746ff6072335ed6dc377815
40.0,,rss_mini,40.0,rss-n9-p400000bar,W-potential/fcc-restart/05-rss-round-1/rss-selection/source-frames/rss-n9-p400000bar.xyz,32,0.006673210323997052,,14.29647507426608,0.02872379474811987,0.02972511136204453,,False,False,,,,,False,9,400000.0,2,32,000099.poscar,unary-W/W-00032-2.poscar,/home/tuzhengyu/work/WTaTi/W-potential/fcc-restart/05-rss-round-1/rss/minimized/unary-W/W-00032-2.poscar,W-potential/fcc-restart/05-rss-round-1/rss/raw/unary-W/W-00032.poscar,d67add1eb3e6b721cd11868ed53547e511bd72d4668ef814e7c54ffe261565f5,d67add1eb3e6b721cd11868ed53547e511bd72d4668ef814e7c54ffe261565f5
40.0,,rss_mini,40.0,rss-n9-p400000bar,W-potential/fcc-restart/05-rss-round-1/rss-selection/source-frames/rss-n9-p400000bar.xyz,33,0.004464077245291624,,14.270893793431734,0.022391488257431945,0.022354389961713787,,False,False,,,,,False,9,400000.0,2,33,000102.poscar,unary-W/W-00033-2.poscar,/home/tuzhengyu/work/WTaTi/W-potential/fcc-restart/05-rss-round-1/rss/minimized/unary-W/W-00033-2.poscar,W-potential/fcc-restart/05-rss-round-1/rss/raw/unary-W/W-00033.poscar,3fb144c06d5a06977d5b2afa40eb3a0cccb20e8fbc5f5464a202b9d00785de00,3fb144c06d5a06977d5b2afa40eb3a0cccb20e8fbc5f5464a202b9d00785de00
40.0,,rss_mini,40.0,rss-n9-p400000bar,W-potential/fcc-restart/05-rss-round-1/rss-selection/source-frames/rss-n9-p400000bar.xyz,34,0.001688731482646728,,14.267762257077623,0.007592133054527931,0.007651119337774948,,False,False,,,,,False,9,400000.0,2,34,000105.poscar,unary-W/W-00034-2.poscar,/home/tuzhengyu/work/WTaTi/W-potential/fcc-restart/05-rss-round-1/rss/minimized/unary-W/W-00034-2.poscar,W-potential/fcc-restart/05-rss-round-1/rss/raw/unary-W/W-00034.poscar,a1df66b3d04145d3f07fe76551aebdb27ed1ddf0cafcceeef3c44bc880ecd80d,a1df66b3d04145d3f07fe76551aebdb27ed1ddf0cafcceeef3c44bc880ecd80d
40.0,,rss_mini,40.0,rss-n9-p400000bar,W-potential/fcc-restart/05-rss-round-1/rss-selection/source-frames/rss-n9-p400000bar.xyz,35,0.0022968491463749192,,14.665875199800745,0.02120294878211696,0.022488233406414326,,False,False,,,,,False,9,400000.0,2,35,000108.poscar,unary-W/W-00035-2.poscar,/home/tuzhengyu/work/WTaTi/W-potential/fcc-restart/05-rss-round-1/rss/minimized/unary-W/W-00035-2.poscar,W-potential/fcc-restart/05-rss-round-1/rss/raw/unary-W/W-00035.poscar,1a6cb9857a8875c2b793ef1dd15ff26ec05f29067da69f009a76a89089ec464a,1a6cb9857a8875c2b793ef1dd15ff26ec05f29067da69f009a76a89089ec464a
40.0,,rss_mini,40.0,rss-n9-p400000bar,W-potential/fcc-restart/05-rss-round-1/rss-selection/source-frames/rss-n9-p400000bar.xyz,36,0.0015093338311573286,,14.261542113512853,0.00850462618017241,0.008624558204366108,,False,False,,,,,False,9,400000.0,2,36,000111.poscar,unary-W/W-00036-2.poscar,/home/tuzhengyu/work/WTaTi/W-potential/fcc-restart/05-rss-round-1/rss/minimized/unary-W/W-00036-2.poscar,W-potential/fcc-restart/05-rss-round-1/rss/raw/unary-W/W-00036.poscar,bc03e4ed3ab1e27e265aec2b288066d2e0c1775b6844f5cc640fb9a7313ad90d,bc03e4ed3ab1e27e265aec2b288066d2e0c1775b6844f5cc640fb9a7313ad90d
40.0,,rss_mini,40.0,rss-n9-p400000bar,W-potential/fcc-restart/05-rss-round-1/rss-selection/source-frames/rss-n9-p400000bar.xyz,37,0.001139390028881511,,14.278919993226314,0.006900269880658621,0.007011210772280275,,False,False,,,,,False,9,400000.0,2,37,000114.poscar,unary-W/W-00037-2.poscar,/home/tuzhengyu/work/WTaTi/W-potential/fcc-restart/05-rss-round-1/rss/minimized/unary-W/W-00037-2.poscar,W-potential/fcc-restart/05-rss-round-1/rss/raw/unary-W/W-00037.poscar,2d4740707766dbac3b4055894f4a1a7686e9dce4e024c5d63eb4403cddac6260,2d4740707766dbac3b4055894f4a1a7686e9dce4e024c5d63eb4403cddac6260
40.0,,rss_mini,40.0,rss-n9-p400000bar,W-potential/fcc-restart/05-rss-round-1/rss-selection/source-frames/rss-n9-p400000bar.xyz,38,0.0027363044927397532,,14.265929501863212,0.012729707852850937,0.012711300595535121,,False,False,,,,,False,9,400000.0,2,38,000117.poscar,unary-W/W-00038-2.poscar,/home/tuzhengyu/work/WTaTi/W-potential/fcc-restart/05-rss-round-1/rss/minimized/unary-W/W-00038-2.poscar,W-potential/fcc-restart/05-rss-round-1/rss/raw/unary-W/W-00038.poscar,00329e086c7580219fb29707f368710ab2126f9283bada0cdda017f0d45ca5e9,00329e086c7580219fb29707f368710ab2126f9283bada0cdda017f0d45ca5e9
40.0,,rss_mini,40.0,rss-n9-p400000bar,W-potential/fcc-restart/05-rss-round-1/rss-selection/source-frames/rss-n9-p400000bar.xyz,39,0.037895161165538774,,14.305657164146968,0.1620667318510623,0.17022362767698743,,False,False,,,,,False,9,400000.0,2,39,000120.poscar,unary-W/W-00039-2.poscar,/home/tuzhengyu/work/WTaTi/W-potential/fcc-restart/05-rss-round-1/rss/minimized/unary-W/W-00039-2.poscar,W-potential/fcc-restart/05-rss-round-1/rss/raw/unary-W/W-00039.poscar,28e00da69d5978d35a83016fb5c2ae0b9d6f32b4735483297bad35033a3e22fd,28e00da69d5978d35a83016fb5c2ae0b9d6f32b4735483297bad35033a3e22fd
40.0,,rss_mini,40.0,rss-n9-p400000bar,W-potential/fcc-restart/05-rss-round-1/rss-selection/source-frames/rss-n9-p400000bar.xyz,40,0.010212094174147571,,14.398126046282634,0.05170501291446454,0.050372096545597767,,False,False,,,,,False,9,400000.0,2,40,000123.poscar,unary-W/W-00040-2.poscar,/home/tuzhengyu/work/WTaTi/W-potential/fcc-restart/05-rss-round-1/rss/minimized/unary-W/W-00040-2.poscar,W-potential/fcc-restart/05-rss-round-1/rss/raw/unary-W/W-00040.poscar,797d951b7bd966286818dfb1824123ac55ae29c521b3db7728a2242d1dfd13e0,797d951b7bd966286818dfb1824123ac55ae29c521b3db7728a2242d1dfd13e0
40.0,,rss_mini,40.0,rss-n9-p400000bar,W-potential/fcc-restart/05-rss-round-1/rss-selection/source-frames/rss-n9-p400000bar.xyz,41,0.007020212979380448,,14.273436226329725,0.038952145419464054,0.03944592449589861,,False,False,,,,,False,9,400000.0,2,41,000126.poscar,unary-W/W-00041-2.poscar,/home/tuzhengyu/work/WTaTi/W-potential/fcc-restart/05-rss-round-1/rss/minimized/unary-W/W-00041-2.poscar,W-potential/fcc-restart/05-rss-round-1/rss/raw/unary-W/W-00041.poscar,5fb84dd179577969fce648a3c76f1da57c39a29c12a645b591b01bb4c91c4835,5fb84dd179577969fce648a3c76f1da57c39a29c12a645b591b01bb4c91c4835
40.0,,rss_mini,40.0,rss-n9-p400000bar,W-potential/fcc-restart/05-rss-round-1/rss-selection/source-frames/rss-n9-p400000bar.xyz,42,0.29134707578424507,,15.115164010986234,0.1976971680485964,0.36887191045814566,,False,False,,,,,False,9,400000.0,2,42,000129.poscar,unary-W/W-00042-2.poscar,/home/tuzhengyu/work/WTaTi/W-potential/fcc-restart/05-rss-round-1/rss/minimized/unary-W/W-00042-2.poscar,W-potential/fcc-restart/05-rss-round-1/rss/raw/unary-W/W-00042.poscar,8847d5063dfd215530e6c25fa671c1e639e552ce2f99ede3a05a1a241fbd8697,8847d5063dfd215530e6c25fa671c1e639e552ce2f99ede3a05a1a241fbd8697
40.0,,rss_mini,40.0,rss-n9-p400000bar,W-potential/fcc-restart/05-rss-round-1/rss-selection/source-frames/rss-n9-p400000bar.xyz,43,0.003611119958663445,,14.26767164949067,0.016214390637389345,0.016508591433536883,,False,False,,,,,False,9,400000.0,2,43,000132.poscar,unary-W/W-00043-2.poscar,/home/tuzhengyu/work/WTaTi/W-potential/fcc-restart/05-rss-round-1/rss/minimized/unary-W/W-00043-2.poscar,W-potential/fcc-restart/05-rss-round-1/rss/raw/unary-W/W-00043.poscar,c09a1896f9a4ef02ef54314f6fab3aa39e70974ef20bb54d83eedcff5b6912a6,c09a1896f9a4ef02ef54314f6fab3aa39e70974ef20bb54d83eedcff5b6912a6
40.0,,rss_mini,40.0,rss-n9-p400000bar,W-potential/fcc-restart/05-rss-round-1/rss-selection/source-frames/rss-n9-p400000bar.xyz,44,0.04702552757744147,,14.287396636602486,0.17685615501787746,0.18067490276877776,,False,False,,,,,False,9,400000.0,2,44,000135.poscar,unary-W/W-00044-2.poscar,/home/tuzhengyu/work/WTaTi/W-potential/fcc-restart/05-rss-round-1/rss/minimized/unary-W/W-00044-2.poscar,W-potential/fcc-restart/05-rss-round-1/rss/raw/unary-W/W-00044.poscar,f1fb884d1ecf6f9b228198d21a8bbff63b19fa16ced5f6e0f67026804d474b05,f1fb884d1ecf6f9b228198d21a8bbff63b19fa16ced5f6e0f67026804d474b05
40.0,,rss_mini,40.0,rss-n9-p400000bar,W-potential/fcc-restart/05-rss-round-1/rss-selection/source-frames/rss-n9-p400000bar.xyz,45,0.017304503930749022,,14.335914322348149,0.11792384547905127,0.12281474477196831,,False,False,,,,,False,9,400000.0,2,45,000138.poscar,unary-W/W-00045-2.poscar,/home/tuzhengyu/work/WTaTi/W-potential/fcc-restart/05-rss-round-1/rss/minimized/unary-W/W-00045-2.poscar,W-potential/fcc-restart/05-rss-round-1/rss/raw/unary-W/W-00045.poscar,acc042b28ae94b74945542b9a7d131264ed16591a7f17f2c66416a0c30ac99a7,acc042b28ae94b74945542b9a7d131264ed16591a7f17f2c66416a0c30ac99a7
40.0,,rss_mini,40.0,rss-n9-p400000bar,W-potential/fcc-restart/05-rss-round-1/rss-selection/source-frames/rss-n9-p400000bar.xyz,46,0.21710912752420375,,14.895337754804352,0.2904077473047363,0.329392810079668,,False,False,,,,,False,9,400000.0,2,46,000141.poscar,unary-W/W-00046-2.poscar,/home/tuzhengyu/work/WTaTi/W-potential/fcc-restart/05-rss-round-1/rss/minimized/unary-W/W-00046-2.poscar,W-potential/fcc-restart/05-rss-round-1/rss/raw/unary-W/W-00046.poscar,3c6e767f8e230d0081bc7226c13ce9d8e98b95adc6d6173bc12b76c9ed1ce681,3c6e767f8e230d0081bc7226c13ce9d8e98b95adc6d6173bc12b76c9ed1ce681
40.0,,rss_mini,40.0,rss-n9-p400000bar,W-potential/fcc-restart/05-rss-round-1/rss-selection/source-frames/rss-n9-p400000bar.xyz,47,0.25847393492149534,,14.847004072948364,0.4434442129913279,0.3713058158578218,,False,False,,,,,False,9,400000.0,2,47,000144.poscar,unary-W/W-00047-2.poscar,/home/tuzhengyu/work/WTaTi/W-potential/fcc-restart/05-rss-round-1/rss/minimized/unary-W/W-00047-2.poscar,W-potential/fcc-restart/05-rss-round-1/rss/raw/unary-W/W-00047.poscar,371bbc6202784fed36b8c4c0a674941f0f15c51a52afcfe9a2676fd6fd4bed18,371bbc6202784fed36b8c4c0a674941f0f15c51a52afcfe9a2676fd6fd4bed18
40.0,,rss_mini,40.0,rss-n9-p400000bar,W-potential/fcc-restart/05-rss-round-1/rss-selection/source-frames/rss-n9-p400000bar.xyz,48,0.002509666053918072,,14.322865287178779,0.014365847254951221,0.014666710928064777,,False,False,,,,,False,9,400000.0,2,48,000147.poscar,unary-W/W-00048-2.poscar,/home/tuzhengyu/work/WTaTi/W-potential/fcc-restart/05-rss-round-1/rss/minimized/unary-W/W-00048-2.poscar,W-potential/fcc-restart/05-rss-round-1/rss/raw/unary-W/W-00048.poscar,b8902340f5c2493af2be7d6d828429e47038c9bcc8af6d7668fa2242229aab22,b8902340f5c2493af2be7d6d828429e47038c9bcc8af6d7668fa2242229aab22
40.0,,rss_mini,40.0,rss-n9-p400000bar,W-potential/fcc-restart/05-rss-round-1/rss-selection/source-frames/rss-n9-p400000bar.xyz,49,0.006317136484932002,,14.264996507032663,0.03502493945584496,0.03511832906935348,,False,False,,,,,False,9,400000.0,2,49,000150.poscar,unary-W/W-00049-2.poscar,/home/tuzhengyu/work/WTaTi/W-potential/fcc-restart/05-rss-round-1/rss/minimized/unary-W/W-00049-2.poscar,W-potential/fcc-restart/05-rss-round-1/rss/raw/unary-W/W-00049.poscar,66bcf6f35e770e439de020a86700773e74b3fde3130a5ec01009cc6bbd152d4a,66bcf6f35e770e439de020a86700773e74b3fde3130a5ec01009cc6bbd152d4a
0.0,,rss_mini,0.0,rss-n10-p0bar,W-potential/fcc-restart/05-rss-round-1/rss-selection/source-frames/rss-n10-p0bar.xyz,0,0.013302144625749308,,15.893735721712446,0.06551693662996048,0.05759264173300576,,False,False,,,,,False,10,0.0,0,50,000151.poscar,unary-W/W-00050-0.poscar,/home/tuzhengyu/work/WTaTi/W-potential/fcc-restart/05-rss-round-1/rss/minimized/unary-W/W-00050-0.poscar,W-potential/fcc-restart/05-rss-round-1/rss/raw/unary-W/W-00050.poscar,7845421db38cb9037690f611c5f2777891b8d66d530041d00b4dd72298b3d1fb,7845421db38cb9037690f611c5f2777891b8d66d530041d00b4dd72298b3d1fb
0.0,,rss_mini,0.0,rss-n10-p0bar,W-potential/fcc-restart/05-rss-round-1/rss-selection/source-frames/rss-n10-p0bar.xyz,1,0.13037474555571588,,17.16275107090538,0.2657266073732426,0.33107465259434005,,False,False,,,,,False,10,0.0,0,51,000154.poscar,unary-W/W-00051-0.poscar,/home/tuzhengyu/work/WTaTi/W-potential/fcc-restart/05-rss-round-1/rss/minimized/unary-W/W-00051-0.poscar,W-potential/fcc-restart/05-rss-round-1/rss/raw/unary-W/W-00051.poscar,8ef7fd77ccd3b77d114bdc1876cc5e70b37e653ea2b9331938a55ef39b414914,8ef7fd77ccd3b77d114bdc1876cc5e70b37e653ea2b9331938a55ef39b414914
0.0,,rss_mini,0.0,rss-n10-p0bar,W-potential/fcc-restart/05-rss-round-1/rss-selection/source-frames/rss-n10-p0bar.xyz,2,0.010010297174544283,,15.828492276560809,0.055762984515075095,0.05336350226346953,,False,False,,,,,False,10,0.0,0,52,000157.poscar,unary-W/W-00052-0.poscar,/home/tuzhengyu/work/WTaTi/W-potential/fcc-restart/05-rss-round-1/rss/minimized/unary-W/W-00052-0.poscar,W-potential/fcc-restart/05-rss-round-1/rss/raw/unary-W/W-00052.poscar,86c30c381c953dafcaf2bfcf4798c53a7cc10ed60849057da03bd2568d929b8c,86c30c381c953dafcaf2bfcf4798c53a7cc10ed60849057da03bd2568d929b8c
0.0,,rss_mini,0.0,rss-n10-p0bar,W-potential/fcc-restart/05-rss-round-1/rss-selection/source-frames/rss-n10-p0bar.xyz,3,0.22656772512483092,,16.772557435544165,0.1953181365840901,0.2052275291679579,,False,False,,,,,False,10,0.0,0,53,000160.poscar,unary-W/W-00053-0.poscar,/home/tuzhengyu/work/WTaTi/W-potential/fcc-restart/05-rss-round-1/rss/minimized/unary-W/W-00053-0.poscar,W-potential/fcc-restart/05-rss-round-1/rss/raw/unary-W/W-00053.poscar,39cf54f8685ed2e18cfe564edf83eae1ecb8018e93d58a6ccfee1e85b7faaa31,39cf54f8685ed2e18cfe564edf83eae1ecb8018e93d58a6ccfee1e85b7faaa31
0.0,,rss_mini,0.0,rss-n10-p0bar,W-potential/fcc-restart/05-rss-round-1/rss-selection/source-frames/rss-n10-p0bar.xyz,4,0.12852100123710164,,18.005313414037307,0.2399551174297677,0.29453964961042356,,False,False,,,,,False,10,0.0,0,54,000163.poscar,unary-W/W-00054-0.poscar,/home/tuzhengyu/work/WTaTi/W-potential/fcc-restart/05-rss-round-1/rss/minimized/unary-W/W-00054-0.poscar,W-potential/fcc-restart/05-rss-round-1/rss/raw/unary-W/W-00054.poscar,fdda3cc1e38792d55739624dc04b8e89ece075e2911a86c4d1a2ee8bf86fb82f,fdda3cc1e38792d55739624dc04b8e89ece075e2911a86c4d1a2ee8bf86fb82f
0.0,,rss_mini,0.0,rss-n10-p0bar,W-potential/fcc-restart/05-rss-round-1/rss-selection/source-frames/rss-n10-p0bar.xyz,5,0.010956372102070112,,15.824427708705041,0.04691119004866947,0.03762012108225096,,False,False,,,,,False,10,0.0,0,55,000166.poscar,unary-W/W-00055-0.poscar,/home/tuzhengyu/work/WTaTi/W-potential/fcc-restart/05-rss-round-1/rss/minimized/unary-W/W-00055-0.poscar,W-potential/fcc-restart/05-rss-round-1/rss/raw/unary-W/W-00055.poscar,a89efcca357945828fe24b6095a61190f5e291bd746e8897baed153ebb9f35de,a89efcca357945828fe24b6095a61190f5e291bd746e8897baed153ebb9f35de
0.0,,rss_mini,0.0,rss-n10-p0bar,W-potential/fcc-restart/05-rss-round-1/rss-selection/source-frames/rss-n10-p0bar.xyz,6,0.1199874984029382,,16.95761976188757,0.20404138331105295,0.20178086273221435,,False,False,,,,,False,10,0.0,0,56,000169.poscar,unary-W/W-00056-0.poscar,/home/tuzhengyu/work/WTaTi/W-potential/fcc-restart/05-rss-round-1/rss/minimized/unary-W/W-00056-0.poscar,W-potential/fcc-restart/05-rss-round-1/rss/raw/unary-W/W-00056.poscar,38e73eeeaee938cc4d7bf28449b4af24f1f994f9e605fed2ba0ab073d3f99ab3,38e73eeeaee938cc4d7bf28449b4af24f1f994f9e605fed2ba0ab073d3f99ab3
0.0,,rss_mini,0.0,rss-n10-p0bar,W-potential/fcc-restart/05-rss-round-1/rss-selection/source-frames/rss-n10-p0bar.xyz,7,0.004533659914977269,,15.81333476794131,0.017640767526966975,0.017113903700854943,,False,False,,,,,False,10,0.0,0,57,000172.poscar,unary-W/W-00057-0.poscar,/home/tuzhengyu/work/WTaTi/W-potential/fcc-restart/05-rss-round-1/rss/minimized/unary-W/W-00057-0.poscar,W-potential/fcc-restart/05-rss-round-1/rss/raw/unary-W/W-00057.poscar,9f585c8056fc2c135a9b9888aacddcb240ad46b4ef5c66b76c87de7e911384e5,9f585c8056fc2c135a9b9888aacddcb240ad46b4ef5c66b76c87de7e911384e5
0.0,,rss_mini,0.0,rss-n10-p0bar,W-potential/fcc-restart/05-rss-round-1/rss-selection/source-frames/rss-n10-p0bar.xyz,8,0.14341673026145554,,17.09812543698083,0.10419972857052762,0.27472928762839416,,False,False,,,,,False,10,0.0,0,58,000175.poscar,unary-W/W-00058-0.poscar,/home/tuzhengyu/work/WTaTi/W-potential/fcc-restart/05-rss-round-1/rss/minimized/unary-W/W-00058-0.poscar,W-potential/fcc-restart/05-rss-round-1/rss/raw/unary-W/W-00058.poscar,64eef088abd7c42c0de60f29437f6104192b3a3885119911d24eb657bb2e5852,64eef088abd7c42c0de60f29437f6104192b3a3885119911d24eb657bb2e5852
0.0,,rss_mini,0.0,rss-n10-p0bar,W-potential/fcc-restart/05-rss-round-1/rss-selection/source-frames/rss-n10-p0bar.xyz,9,0.005998778726265211,,16.431419968331173,0.05439642549911576,0.05541037513761816,,False,False,,,,,False,10,0.0,0,59,000178.poscar,unary-W/W-00059-0.poscar,/home/tuzhengyu/work/WTaTi/W-potential/fcc-restart/05-rss-round-1/rss/minimized/unary-W/W-00059-0.poscar,W-potential/fcc-restart/05-rss-round-1/rss/raw/unary-W/W-00059.poscar,3c4c69ea7c727e97e4ef4d3763ffab5667aca0debcd8c584c674e2498842bca2,3c4c69ea7c727e97e4ef4d3763ffab5667aca0debcd8c584c674e2498842bca2
0.0,,rss_mini,0.0,rss-n10-p0bar,W-potential/fcc-restart/05-rss-round-1/rss-selection/source-frames/rss-n10-p0bar.xyz,10,0.20424569898094694,,18.297156522190814,0.1965409420942981,0.34373324975676645,,False,False,,,,,False,10,0.0,0,60,000181.poscar,unary-W/W-00060-0.poscar,/home/tuzhengyu/work/WTaTi/W-potential/fcc-restart/05-rss-round-1/rss/minimized/unary-W/W-00060-0.poscar,W-potential/fcc-restart/05-rss-round-1/rss/raw/unary-W/W-00060.poscar,cc799052f25dddda22b4215540b879ca32e7c076f2f4ce7ab951e5c87b7823e4,cc799052f25dddda22b4215540b879ca32e7c076f2f4ce7ab951e5c87b7823e4
0.0,,rss_mini,0.0,rss-n10-p0bar,W-potential/fcc-restart/05-rss-round-1/rss-selection/source-frames/rss-n10-p0bar.xyz,11,0.13796462755797415,,16.895334161248,0.15735265487415553,0.18216272872431946,,False,False,,,,,False,10,0.0,0,61,000184.poscar,unary-W/W-00061-0.poscar,/home/tuzhengyu/work/WTaTi/W-potential/fcc-restart/05-rss-round-1/rss/minimized/unary-W/W-00061-0.poscar,W-potential/fcc-restart/05-rss-round-1/rss/raw/unary-W/W-00061.poscar,66ffdbd6e7a61bdd36083729e4a2a0a24dfb466a8a9cea5082e08cb0f4c07122,66ffdbd6e7a61bdd36083729e4a2a0a24dfb466a8a9cea5082e08cb0f4c07122
0.0,,rss_mini,0.0,rss-n10-p0bar,W-potential/fcc-restart/05-rss-round-1/rss-selection/source-frames/rss-n10-p0bar.xyz,12,0.22367448079736996,,17.447503733495616,0.19508160969987734,0.2732784836524284,,False,False,,,,,False,10,0.0,0,62,000187.poscar,unary-W/W-00062-0.poscar,/home/tuzhengyu/work/WTaTi/W-potential/fcc-restart/05-rss-round-1/rss/minimized/unary-W/W-00062-0.poscar,W-potential/fcc-restart/05-rss-round-1/rss/raw/unary-W/W-00062.poscar,ede20a46c836cca5935e18b518a707f069f5ba4075825052039f91275cd7e86f,ede20a46c836cca5935e18b518a707f069f5ba4075825052039f91275cd7e86f
0.0,,rss_mini,0.0,rss-n10-p0bar,W-potential/fcc-restart/05-rss-round-1/rss-selection/source-frames/rss-n10-p0bar.xyz,13,0.19628965359932307,,17.917559696743755,0.41810197226927087,0.32438940383575976,,False,False,,,,,False,10,0.0,0,63,000190.poscar,unary-W/W-00063-0.poscar,/home/tuzhengyu/work/WTaTi/W-potential/fcc-restart/05-rss-round-1/rss/minimized/unary-W/W-00063-0.poscar,W-potential/fcc-restart/05-rss-round-1/rss/raw/unary-W/W-00063.poscar,97b781865c6bca8387738d1c592637fbc06ca165db0333973436ed1937742eeb,97b781865c6bca8387738d1c592637fbc06ca165db0333973436ed1937742eeb
0.0,,rss_mini,0.0,rss-n10-p0bar,W-potential/fcc-restart/05-rss-round-1/rss-selection/source-frames/rss-n10-p0bar.xyz,14,0.1425069164306196,,18.187167252681547,0.19725600132484236,0.32288959092426717,,False,False,,,,,False,10,0.0,0,64,000193.poscar,unary-W/W-00064-0.poscar,/home/tuzhengyu/work/WTaTi/W-potential/fcc-restart/05-rss-round-1/rss/minimized/unary-W/W-00064-0.poscar,W-potential/fcc-restart/05-rss-round-1/rss/raw/unary-W/W-00064.poscar,38300f5cd0d10625eb359b3c5b97ca6f011ea42de08d5f011b6a17f8b0c7edbf,38300f5cd0d10625eb359b3c5b97ca6f011ea42de08d5f011b6a17f8b0c7edbf
0.0,,rss_mini,0.0,rss-n10-p0bar,W-potential/fcc-restart/05-rss-round-1/rss-selection/source-frames/rss-n10-p0bar.xyz,15,0.0044367969068395225,,15.828097778245132,0.022425472714212663,0.022915042269659906,,False,False,,,,,False,10,0.0,0,65,000196.poscar,unary-W/W-00065-0.poscar,/home/tuzhengyu/work/WTaTi/W-potential/fcc-restart/05-rss-round-1/rss/minimized/unary-W/W-00065-0.poscar,W-potential/fcc-restart/05-rss-round-1/rss/raw/unary-W/W-00065.poscar,9d909d02420da7539a026de0be86c8e726f7cbf3e792cf9a119ffecb3cb60a7b,9d909d02420da7539a026de0be86c8e726f7cbf3e792cf9a119ffecb3cb60a7b
0.0,,rss_mini,0.0,rss-n10-p0bar,W-potential/fcc-restart/05-rss-round-1/rss-selection/source-frames/rss-n10-p0bar.xyz,16,0.19777337062846115,,17.117531870095032,0.16686894515381306,0.2893581527982408,,False,False,,,,,False,10,0.0,0,66,000199.poscar,unary-W/W-00066-0.poscar,/home/tuzhengyu/work/WTaTi/W-potential/fcc-restart/05-rss-round-1/rss/minimized/unary-W/W-00066-0.poscar,W-potential/fcc-restart/05-rss-round-1/rss/raw/unary-W/W-00066.poscar,cae67eca4a7edd68207fcbb4be2b0f633db14e549434540e00d2237b06c44875,cae67eca4a7edd68207fcbb4be2b0f633db14e549434540e00d2237b06c44875
0.0,,rss_mini,0.0,rss-n10-p0bar,W-potential/fcc-restart/05-rss-round-1/rss-selection/source-frames/rss-n10-p0bar.xyz,17,0.1269059241181468,,17.075224596376568,0.25171335880717033,0.338576342486964,,False,False,,,,,False,10,0.0,0,67,000202.poscar,unary-W/W-00067-0.poscar,/home/tuzhengyu/work/WTaTi/W-potential/fcc-restart/05-rss-round-1/rss/minimized/unary-W/W-00067-0.poscar,W-potential/fcc-restart/05-rss-round-1/rss/raw/unary-W/W-00067.poscar,cfa5b15e977fa85e14b5c393a83ea19e961b1bcf68814be1d1756f55df1a0734,cfa5b15e977fa85e14b5c393a83ea19e961b1bcf68814be1d1756f55df1a0734
0.0,,rss_mini,0.0,rss-n10-p0bar,W-potential/fcc-restart/05-rss-round-1/rss-selection/source-frames/rss-n10-p0bar.xyz,18,0.0026344404635913177,,15.916060599426245,0.012043609903363445,0.011034771602457524,,False,False,,,,,False,10,0.0,0,68,000205.poscar,unary-W/W-00068-0.poscar,/home/tuzhengyu/work/WTaTi/W-potential/fcc-restart/05-rss-round-1/rss/minimized/unary-W/W-00068-0.poscar,W-potential/fcc-restart/05-rss-round-1/rss/raw/unary-W/W-00068.poscar,9ae4bffbf13e085b6f793746bae453d7845f1b8333c873833cfb27a6ec8e48a0,9ae4bffbf13e085b6f793746bae453d7845f1b8333c873833cfb27a6ec8e48a0
0.0,,rss_mini,0.0,rss-n10-p0bar,W-potential/fcc-restart/05-rss-round-1/rss-selection/source-frames/rss-n10-p0bar.xyz,19,0.2187699996081954,,17.97577519527318,0.14249284043601437,0.35264795328365584,,False,False,,,,,False,10,0.0,0,69,000208.poscar,unary-W/W-00069-0.poscar,/home/tuzhengyu/work/WTaTi/W-potential/fcc-restart/05-rss-round-1/rss/minimized/unary-W/W-00069-0.poscar,W-potential/fcc-restart/05-rss-round-1/rss/raw/unary-W/W-00069.poscar,8ec0af6de23d85146e0a56d7ba221587e282000d863baeca5a0ac60e85c65b27,8ec0af6de23d85146e0a56d7ba221587e282000d863baeca5a0ac60e85c65b27
0.0,,rss_mini,0.0,rss-n10-p0bar,W-potential/fcc-restart/05-rss-round-1/rss-selection/source-frames/rss-n10-p0bar.xyz,20,0.0015360518310630748,,15.977267176796488,0.006119199193656751,0.005737945682268946,,False,False,,,,,False,10,0.0,0,70,000211.poscar,unary-W/W-00070-0.poscar,/home/tuzhengyu/work/WTaTi/W-potential/fcc-restart/05-rss-round-1/rss/minimized/unary-W/W-00070-0.poscar,W-potential/fcc-restart/05-rss-round-1/rss/raw/unary-W/W-00070.poscar,f3e4c9052a77fc11829152de81b8659b0e6d166094b5aee7b56931a02195b669,f3e4c9052a77fc11829152de81b8659b0e6d166094b5aee7b56931a02195b669
0.0,,rss_mini,0.0,rss-n10-p0bar,W-potential/fcc-restart/05-rss-round-1/rss-selection/source-frames/rss-n10-p0bar.xyz,21,0.002485332935287659,,15.833077665121195,0.015100649447037281,0.012877134142654548,,False,False,,,,,False,10,0.0,0,71,000214.poscar,unary-W/W-00071-0.poscar,/home/tuzhengyu/work/WTaTi/W-potential/fcc-restart/05-rss-round-1/rss/minimized/unary-W/W-00071-0.poscar,W-potential/fcc-restart/05-rss-round-1/rss/raw/unary-W/W-00071.poscar,a4c495bea61ddc1da0df903bb385a52f4a5eab8526254b961066871c33c84b41,a4c495bea61ddc1da0df903bb385a52f4a5eab8526254b961066871c33c84b41
0.0,,rss_mini,0.0,rss-n10-p0bar,W-potential/fcc-restart/05-rss-round-1/rss-selection/source-frames/rss-n10-p0bar.xyz,22,0.12039791276489899,,17.358282697438217,0.2949357390070839,0.2889978954570179,,False,False,,,,,False,10,0.0,0,72,000217.poscar,unary-W/W-00072-0.poscar,/home/tuzhengyu/work/WTaTi/W-potential/fcc-restart/05-rss-round-1/rss/minimized/unary-W/W-00072-0.poscar,W-potential/fcc-restart/05-rss-round-1/rss/raw/unary-W/W-00072.poscar,727c55bd23546e5ef895a596588bac299d3dd0dada1c0a8170a11d2bc7a436c9,727c55bd23546e5ef895a596588bac299d3dd0dada1c0a8170a11d2bc7a436c9
0.0,,rss_mini,0.0,rss-n10-p0bar,W-potential/fcc-restart/05-rss-round-1/rss-selection/source-frames/rss-n10-p0bar.xyz,23,0.18019068223277593,,17.908374716728698,0.1782599644085112,0.25961446235873936,,False,False,,,,,False,10,0.0,0,73,000220.poscar,unary-W/W-00073-0.poscar,/home/tuzhengyu/work/WTaTi/W-potential/fcc-restart/05-rss-round-1/rss/minimized/unary-W/W-00073-0.poscar,W-potential/fcc-restart/05-rss-round-1/rss/raw/unary-W/W-00073.poscar,6f0b3f4ab7d785f716379af53d16c961f403c3672a7976a8fd4d4f27a2b4b68b,6f0b3f4ab7d785f716379af53d16c961f403c3672a7976a8fd4d4f27a2b4b68b
0.0,,rss_mini,0.0,rss-n10-p0bar,W-potential/fcc-restart/05-rss-round-1/rss-selection/source-frames/rss-n10-p0bar.xyz,24,0.00232962972658878,,15.9291287722003,0.011807816313534584,0.010429900752511184,,False,False,,,,,False,10,0.0,0,74,000223.poscar,unary-W/W-00074-0.poscar,/home/tuzhengyu/work/WTaTi/W-potential/fcc-restart/05-rss-round-1/rss/minimized/unary-W/W-00074-0.poscar,W-potential/fcc-restart/05-rss-round-1/rss/raw/unary-W/W-00074.poscar,e0e7e5951a81d2478222727af3f38051d28a4f706c52306265b4023f090d5540,e0e7e5951a81d2478222727af3f38051d28a4f706c52306265b4023f090d5540
0.0,,rss_mini,0.0,rss-n10-p0bar,W-potential/fcc-restart/05-rss-round-1/rss-selection/source-frames/rss-n10-p0bar.xyz,25,0.1655217745041785,,17.34942075680979,0.13041729899716425,0.15606760817631626,,False,False,,,,,False,10,0.0,0,75,000226.poscar,unary-W/W-00075-0.poscar,/home/tuzhengyu/work/WTaTi/W-potential/fcc-restart/05-rss-round-1/rss/minimized/unary-W/W-00075-0.poscar,W-potential/fcc-restart/05-rss-round-1/rss/raw/unary-W/W-00075.poscar,743e0bcc5f475c71f958d776060a50b57b3562de28748b1da03affa37715d898,743e0bcc5f475c71f958d776060a50b57b3562de28748b1da03affa37715d898
0.0,,rss_mini,0.0,rss-n10-p0bar,W-potential/fcc-restart/05-rss-round-1/rss-selection/source-frames/rss-n10-p0bar.xyz,26,0.3396460604487525,,18.116832412014528,0.3391306628275184,0.2927586972090569,,False,False,,,,,False,10,0.0,0,76,000229.poscar,unary-W/W-00076-0.poscar,/home/tuzhengyu/work/WTaTi/W-potential/fcc-restart/05-rss-round-1/rss/minimized/unary-W/W-00076-0.poscar,W-potential/fcc-restart/05-rss-round-1/rss/raw/unary-W/W-00076.poscar,556b5295983e9db9798ad389509906db6a27c3506feaf7f19d0bd0261dbc0513,556b5295983e9db9798ad389509906db6a27c3506feaf7f19d0bd0261dbc0513
0.0,,rss_mini,0.0,rss-n10-p0bar,W-potential/fcc-restart/05-rss-round-1/rss-selection/source-frames/rss-n10-p0bar.xyz,27,0.3085323503317625,,18.17030275830135,0.21894436631386308,0.6457076341715293,,False,False,,,,,False,10,0.0,0,77,000232.poscar,unary-W/W-00077-0.poscar,/home/tuzhengyu/work/WTaTi/W-potential/fcc-restart/05-rss-round-1/rss/minimized/unary-W/W-00077-0.poscar,W-potential/fcc-restart/05-rss-round-1/rss/raw/unary-W/W-00077.poscar,693801dfe6b03172bcba241de42ab62a6b95e605620a27b11a733ee149b5df6e,693801dfe6b03172bcba241de42ab62a6b95e605620a27b11a733ee149b5df6e
0.0,,rss_mini,0.0,rss-n10-p0bar,W-potential/fcc-restart/05-rss-round-1/rss-selection/source-frames/rss-n10-p0bar.xyz,28,0.01162902669104627,,15.822682953283135,0.06070524706707739,0.05578006935083505,,False,False,,,,,False,10,0.0,0,78,000235.poscar,unary-W/W-00078-0.poscar,/home/tuzhengyu/work/WTaTi/W-potential/fcc-restart/05-rss-round-1/rss/minimized/unary-W/W-00078-0.poscar,W-potential/fcc-restart/05-rss-round-1/rss/raw/unary-W/W-00078.poscar,89e1a13515806ebfe8feb8f9d545dd6b7ce2c1e5009943190d34cacad6d4053c,89e1a13515806ebfe8feb8f9d545dd6b7ce2c1e5009943190d34cacad6d4053c
0.0,,rss_mini,0.0,rss-n10-p0bar,W-potential/fcc-restart/05-rss-round-1/rss-selection/source-frames/rss-n10-p0bar.xyz,29,0.1196821125150924,,16.32209947690212,0.1167710173614122,0.14774933779514346,,False,False,,,,,False,10,0.0,0,79,000238.poscar,unary-W/W-00079-0.poscar,/home/tuzhengyu/work/WTaTi/W-potential/fcc-restart/05-rss-round-1/rss/minimized/unary-W/W-00079-0.poscar,W-potential/fcc-restart/05-rss-round-1/rss/raw/unary-W/W-00079.poscar,25bd55ef7c468ddfae0bb7d694bb502ce26454081535855bbb567506adace5ef,25bd55ef7c468ddfae0bb7d694bb502ce26454081535855bbb567506adace5ef
0.0,,rss_mini,0.0,rss-n10-p0bar,W-potential/fcc-restart/05-rss-round-1/rss-selection/source-frames/rss-n10-p0bar.xyz,30,0.013500159747525551,,15.819527833832131,0.05001285534432736,0.04680328267059472,,False,False,,,,,False,10,0.0,0,80,000241.poscar,unary-W/W-00080-0.poscar,/home/tuzhengyu/work/WTaTi/W-potential/fcc-restart/05-rss-round-1/rss/minimized/unary-W/W-00080-0.poscar,W-potential/fcc-restart/05-rss-round-1/rss/raw/unary-W/W-00080.poscar,5f87f980329bb523859307f0325cf46036c6ccfe7951319c11a24c1c4de7d7c7,5f87f980329bb523859307f0325cf46036c6ccfe7951319c11a24c1c4de7d7c7
0.0,,rss_mini,0.0,rss-n10-p0bar,W-potential/fcc-restart/05-rss-round-1/rss-selection/source-frames/rss-n10-p0bar.xyz,31,0.01407002821824571,,15.862612621501423,0.05889198994829691,0.05258865427240295,,False,False,,,,,False,10,0.0,0,81,000244.poscar,unary-W/W-00081-0.poscar,/home/tuzhengyu/work/WTaTi/W-potential/fcc-restart/05-rss-round-1/rss/minimized/unary-W/W-00081-0.poscar,W-potential/fcc-restart/05-rss-round-1/rss/raw/unary-W/W-00081.poscar,32777ce24e1238ca7598b0842fdafb00f4a570d1c543aa12061d6c23702c4f78,32777ce24e1238ca7598b0842fdafb00f4a570d1c543aa12061d6c23702c4f78
0.0,,rss_mini,0.0,rss-n10-p0bar,W-potential/fcc-restart/05-rss-round-1/rss-selection/source-frames/rss-n10-p0bar.xyz,32,0.15797430399289794,,16.9687240554378,0.13147007264482963,0.2548575178973919,,False,False,,,,,False,10,0.0,0,82,000247.poscar,unary-W/W-00082-0.poscar,/home/tuzhengyu/work/WTaTi/W-potential/fcc-restart/05-rss-round-1/rss/minimized/unary-W/W-00082-0.poscar,W-potential/fcc-restart/05-rss-round-1/rss/raw/unary-W/W-00082.poscar,41a28047dd1dc3cf8a75372b28008d92a45b8ff67754b76bc892535a1b8368a1,41a28047dd1dc3cf8a75372b28008d92a45b8ff67754b76bc892535a1b8368a1
0.0,,rss_mini,0.0,rss-n10-p0bar,W-potential/fcc-restart/05-rss-round-1/rss-selection/source-frames/rss-n10-p0bar.xyz,33,0.13021907596773122,,17.230613294804833,0.2530532819455496,0.3747533914045659,,False,False,,,,,False,10,0.0,0,83,000250.poscar,unary-W/W-00083-0.poscar,/home/tuzhengyu/work/WTaTi/W-potential/fcc-restart/05-rss-round-1/rss/minimized/unary-W/W-00083-0.poscar,W-potential/fcc-restart/05-rss-round-1/rss/raw/unary-W/W-00083.poscar,eaf5eacfe508b5f5151366850503470e0100d2d32cbc70420127e4b590ae328c,eaf5eacfe508b5f5151366850503470e0100d2d32cbc70420127e4b590ae328c
0.0,,rss_mini,0.0,rss-n10-p0bar,W-potential/fcc-restart/05-rss-round-1/rss-selection/source-frames/rss-n10-p0bar.xyz,34,0.00043360065316950283,,16.05107069099929,0.0025769594625848057,0.0026557665295498254,,False,False,,,,,False,10,0.0,0,84,000253.poscar,unary-W/W-00084-0.poscar,/home/tuzhengyu/work/WTaTi/W-potential/fcc-restart/05-rss-round-1/rss/minimized/unary-W/W-00084-0.poscar,W-potential/fcc-restart/05-rss-round-1/rss/raw/unary-W/W-00084.poscar,9893be9f6e92ed645f540bf1bb72173274f570b43c6e20b319d04470961cd873,9893be9f6e92ed645f540bf1bb72173274f570b43c6e20b319d04470961cd873
0.0,,rss_mini,0.0,rss-n10-p0bar,W-potential/fcc-restart/05-rss-round-1/rss-selection/source-frames/rss-n10-p0bar.xyz,35,0.009037812294772102,,15.80552885470305,0.03985203589936298,0.029197893930681167,,False,False,,,,,False,10,0.0,0,85,000256.poscar,unary-W/W-00085-0.poscar,/home/tuzhengyu/work/WTaTi/W-potential/fcc-restart/05-rss-round-1/rss/minimized/unary-W/W-00085-0.poscar,W-potential/fcc-restart/05-rss-round-1/rss/raw/unary-W/W-00085.poscar,111eb1497d5a44cf449f36df1c8d484576c4a8c4f6ceac565240ae5ccdb3c818,111eb1497d5a44cf449f36df1c8d484576c4a8c4f6ceac565240ae5ccdb3c818
0.0,,rss_mini,0.0,rss-n10-p0bar,W-potential/fcc-restart/05-rss-round-1/rss-selection/source-frames/rss-n10-p0bar.xyz,36,0.0010240564108514225,,15.798283220300624,0.005846700383476788,0.005425831441640008,,False,False,,,,,False,10,0.0,0,86,000259.poscar,unary-W/W-00086-0.poscar,/home/tuzhengyu/work/WTaTi/W-potential/fcc-restart/05-rss-round-1/rss/minimized/unary-W/W-00086-0.poscar,W-potential/fcc-restart/05-rss-round-1/rss/raw/unary-W/W-00086.poscar,d225267ba82abf87a8549e62a68f3eec8a477e1e9f9756f882f6d5797a65f39e,d225267ba82abf87a8549e62a68f3eec8a477e1e9f9756f882f6d5797a65f39e
0.0,,rss_mini,0.0,rss-n10-p0bar,W-potential/fcc-restart/05-rss-round-1/rss-selection/source-frames/rss-n10-p0bar.xyz,37,0.2048411680450593,,17.210644652629803,0.20239295956510464,0.36600277560172134,,False,False,,,,,False,10,0.0,0,87,000262.poscar,unary-W/W-00087-0.poscar,/home/tuzhengyu/work/WTaTi/W-potential/fcc-restart/05-rss-round-1/rss/minimized/unary-W/W-00087-0.poscar,W-potential/fcc-restart/05-rss-round-1/rss/raw/unary-W/W-00087.poscar,16053e8c93ce54c45e295100eb7c0c4c524b13fe3f8e13eb6d53fb54a3b173c0,16053e8c93ce54c45e295100eb7c0c4c524b13fe3f8e13eb6d53fb54a3b173c0
0.0,,rss_mini,0.0,rss-n10-p0bar,W-potential/fcc-restart/05-rss-round-1/rss-selection/source-frames/rss-n10-p0bar.xyz,38,0.16628902620399508,,17.139613935685237,0.2080539372644876,0.28668957978084886,,False,False,,,,,False,10,0.0,0,88,000265.poscar,unary-W/W-00088-0.poscar,/home/tuzhengyu/work/WTaTi/W-potential/fcc-restart/05-rss-round-1/rss/minimized/unary-W/W-00088-0.poscar,W-potential/fcc-restart/05-rss-round-1/rss/raw/unary-W/W-00088.poscar,d1b9abe2011b39b172dea95c6332094c5a6f54ee2836df7c9eeb30b6e425d74e,d1b9abe2011b39b172dea95c6332094c5a6f54ee2836df7c9eeb30b6e425d74e
0.0,,rss_mini,0.0,rss-n10-p0bar,W-potential/fcc-restart/05-rss-round-1/rss-selection/source-frames/rss-n10-p0bar.xyz,39,0.15375992446032954,,17.52549578593848,0.297833268195079,0.32267769965679627,,False,False,,,,,False,10,0.0,0,89,000268.poscar,unary-W/W-00089-0.poscar,/home/tuzhengyu/work/WTaTi/W-potential/fcc-restart/05-rss-round-1/rss/minimized/unary-W/W-00089-0.poscar,W-potential/fcc-restart/05-rss-round-1/rss/raw/unary-W/W-00089.poscar,e4a2a9c6d2adac1f34d3a2f695c1755b77bbb2c8f11e6fdb619aba9b4a35163d,e4a2a9c6d2adac1f34d3a2f695c1755b77bbb2c8f11e6fdb619aba9b4a35163d
0.0,,rss_mini,0.0,rss-n10-p0bar,W-potential/fcc-restart/05-rss-round-1/rss-selection/source-frames/rss-n10-p0bar.xyz,40,0.02723852507958762,,15.849178612533743,0.13368862165070217,0.12330004724675367,,False,False,,,,,False,10,0.0,0,90,000271.poscar,unary-W/W-00090-0.poscar,/home/tuzhengyu/work/WTaTi/W-potential/fcc-restart/05-rss-round-1/rss/minimized/unary-W/W-00090-0.poscar,W-potential/fcc-restart/05-rss-round-1/rss/raw/unary-W/W-00090.poscar,9beec4bd4c5440bda5d4e7fad8b8025696df0e4098fccfbb6bce6719bc123a56,9beec4bd4c5440bda5d4e7fad8b8025696df0e4098fccfbb6bce6719bc123a56
0.0,,rss_mini,0.0,rss-n10-p0bar,W-potential/fcc-restart/05-rss-round-1/rss-selection/source-frames/rss-n10-p0bar.xyz,41,0.07087123702670814,,16.44597362718101,0.30543386774146003,0.29964960792232,,False,False,,,,,False,10,0.0,0,91,000274.poscar,unary-W/W-00091-0.poscar,/home/tuzhengyu/work/WTaTi/W-potential/fcc-restart/05-rss-round-1/rss/minimized/unary-W/W-00091-0.poscar,W-potential/fcc-restart/05-rss-round-1/rss/raw/unary-W/W-00091.poscar,0be079c5cd5634edfdb7c77b0bab2f1038d1cc2f2760e60ae54072b7df22db09,0be079c5cd5634edfdb7c77b0bab2f1038d1cc2f2760e60ae54072b7df22db09
0.0,,rss_mini,0.0,rss-n10-p0bar,W-potential/fcc-restart/05-rss-round-1/rss-selection/source-frames/rss-n10-p0bar.xyz,42,0.008701284494967172,,15.808805837799989,0.040917792844624684,0.041097448658426614,,False,False,,,,,False,10,0.0,0,92,000277.poscar,unary-W/W-00092-0.poscar,/home/tuzhengyu/work/WTaTi/W-potential/fcc-restart/05-rss-round-1/rss/minimized/unary-W/W-00092-0.poscar,W-potential/fcc-restart/05-rss-round-1/rss/raw/unary-W/W-00092.poscar,8bceea4a8e457a90a7d12c7cacc49c9f369f329ceb54c4a626e2e9333b961553,8bceea4a8e457a90a7d12c7cacc49c9f369f329ceb54c4a626e2e9333b961553
0.0,,rss_mini,0.0,rss-n10-p0bar,W-potential/fcc-restart/05-rss-round-1/rss-selection/source-frames/rss-n10-p0bar.xyz,43,0.0005162849153488732,,15.924266889671298,0.0033036192974379925,0.0036045561056917007,,False,False,,,,,False,10,0.0,0,93,000280.poscar,unary-W/W-00093-0.poscar,/home/tuzhengyu/work/WTaTi/W-potential/fcc-restart/05-rss-round-1/rss/minimized/unary-W/W-00093-0.poscar,W-potential/fcc-restart/05-rss-round-1/rss/raw/unary-W/W-00093.poscar,c7e3f83ce307fc2751af5185a9c2206d2987d9e194e5a91697dbe13a754dcaa1,c7e3f83ce307fc2751af5185a9c2206d2987d9e194e5a91697dbe13a754dcaa1
0.0,,rss_mini,0.0,rss-n10-p0bar,W-potential/fcc-restart/05-rss-round-1/rss-selection/source-frames/rss-n10-p0bar.xyz,44,0.34087406616193755,,17.97997129663989,0.4652042106148019,0.3759284481273579,,False,False,,,,,False,10,0.0,0,94,000283.poscar,unary-W/W-00094-0.poscar,/home/tuzhengyu/work/WTaTi/W-potential/fcc-restart/05-rss-round-1/rss/minimized/unary-W/W-00094-0.poscar,W-potential/fcc-restart/05-rss-round-1/rss/raw/unary-W/W-00094.poscar,ef78cc1ea0a95a84feb5b8a109bf32ad0ff9463e1b085571aacd7dbda24048ab,ef78cc1ea0a95a84feb5b8a109bf32ad0ff9463e1b085571aacd7dbda24048ab
0.0,,rss_mini,0.0,rss-n10-p0bar,W-potential/fcc-restart/05-rss-round-1/rss-selection/source-frames/rss-n10-p0bar.xyz,45,0.17501838782500026,,16.90408823006979,0.3237827659475851,0.37723533354172767,,False,False,,,,,False,10,0.0,0,95,000286.poscar,unary-W/W-00095-0.poscar,/home/tuzhengyu/work/WTaTi/W-potential/fcc-restart/05-rss-round-1/rss/minimized/unary-W/W-00095-0.poscar,W-potential/fcc-restart/05-rss-round-1/rss/raw/unary-W/W-00095.poscar,cfa11c3615121569d580a27abefd0fcb494c044e890e9cc0814b2fad24cd3416,cfa11c3615121569d580a27abefd0fcb494c044e890e9cc0814b2fad24cd3416
0.0,,rss_mini,0.0,rss-n10-p0bar,W-potential/fcc-restart/05-rss-round-1/rss-selection/source-frames/rss-n10-p0bar.xyz,46,0.005207927478238672,,15.797225394872573,0.03479197008405979,0.032883518110405796,,False,False,,,,,False,10,0.0,0,96,000289.poscar,unary-W/W-00096-0.poscar,/home/tuzhengyu/work/WTaTi/W-potential/fcc-restart/05-rss-round-1/rss/minimized/unary-W/W-00096-0.poscar,W-potential/fcc-restart/05-rss-round-1/rss/raw/unary-W/W-00096.poscar,bf3b049ff31d16b5dd18e0c32d862ededd4d17295614ec6bc228cb981a4d86bd,bf3b049ff31d16b5dd18e0c32d862ededd4d17295614ec6bc228cb981a4d86bd
0.0,,rss_mini,0.0,rss-n10-p0bar,W-potential/fcc-restart/05-rss-round-1/rss-selection/source-frames/rss-n10-p0bar.xyz,47,0.041963184493055916,,16.380679293913005,0.13749199289231925,0.12674283651855775,,False,False,,,,,False,10,0.0,0,97,000292.poscar,unary-W/W-00097-0.poscar,/home/tuzhengyu/work/WTaTi/W-potential/fcc-restart/05-rss-round-1/rss/minimized/unary-W/W-00097-0.poscar,W-potential/fcc-restart/05-rss-round-1/rss/raw/unary-W/W-00097.poscar,19155dcfabd0ae0ec25d65166b595362cf4d5b22b3e0a802232d0b4123eb9924,19155dcfabd0ae0ec25d65166b595362cf4d5b22b3e0a802232d0b4123eb9924
0.0,,rss_mini,0.0,rss-n10-p0bar,W-potential/fcc-restart/05-rss-round-1/rss-selection/source-frames/rss-n10-p0bar.xyz,48,0.13401409819228088,,16.471896247227317,0.5037675093009669,0.592018061494545,,False,False,,,,,False,10,0.0,0,98,000295.poscar,unary-W/W-00098-0.poscar,/home/tuzhengyu/work/WTaTi/W-potential/fcc-restart/05-rss-round-1/rss/minimized/unary-W/W-00098-0.poscar,W-potential/fcc-restart/05-rss-round-1/rss/raw/unary-W/W-00098.poscar,785dc87f118697c02eb072abeb8021061cd00d5e32ed69b331298d70ca3243d6,785dc87f118697c02eb072abeb8021061cd00d5e32ed69b331298d70ca3243d6
0.0,,rss_mini,0.0,rss-n10-p0bar,W-potential/fcc-restart/05-rss-round-1/rss-selection/source-frames/rss-n10-p0bar.xyz,49,0.00033533780194216123,,16.43347962636599,0.0035685917575126918,0.003542161948145006,,False,False,,,,,False,10,0.0,0,99,000298.poscar,unary-W/W-00099-0.poscar,/home/tuzhengyu/work/WTaTi/W-potential/fcc-restart/05-rss-round-1/rss/minimized/unary-W/W-00099-0.poscar,W-potential/fcc-restart/05-rss-round-1/rss/raw/unary-W/W-00099.poscar,9c6e025db166f71071dd0e111563bd0c2ed5bab657df49682e836ff2f0847263,9c6e025db166f71071dd0e111563bd0c2ed5bab657df49682e836ff2f0847263
20.0,,rss_mini,20.0,rss-n10-p200000bar,W-potential/fcc-restart/05-rss-round-1/rss-selection/source-frames/rss-n10-p200000bar.xyz,0,0.011054636086971919,,14.977060599754287,0.07955849427542426,0.07451085163014069,,False,False,,,,,False,10,200000.0,1,50,000152.poscar,unary-W/W-00050-1.poscar,/home/tuzhengyu/work/WTaTi/W-potential/fcc-restart/05-rss-round-1/rss/minimized/unary-W/W-00050-1.poscar,W-potential/fcc-restart/05-rss-round-1/rss/raw/unary-W/W-00050.poscar,6a3f4ec87cf151e2e843329261d244ccfeeca07b31ba8808422839fbdab68ba4,6a3f4ec87cf151e2e843329261d244ccfeeca07b31ba8808422839fbdab68ba4
20.0,,rss_mini,20.0,rss-n10-p200000bar,W-potential/fcc-restart/05-rss-round-1/rss-selection/source-frames/rss-n10-p200000bar.xyz,1,0.01058224533990403,,15.023234978887611,0.07229375988897935,0.06798697335130652,,False,False,,,,,False,10,200000.0,1,51,000155.poscar,unary-W/W-00051-1.poscar,/home/tuzhengyu/work/WTaTi/W-potential/fcc-restart/05-rss-round-1/rss/minimized/unary-W/W-00051-1.poscar,W-potential/fcc-restart/05-rss-round-1/rss/raw/unary-W/W-00051.poscar,fceb4e72aae99597490a8b3be3a8b259e1bd9176a791811bdcbb8c9860a6419c,fceb4e72aae99597490a8b3be3a8b259e1bd9176a791811bdcbb8c9860a6419c
20.0,,rss_mini,20.0,rss-n10-p200000bar,W-potential/fcc-restart/05-rss-round-1/rss-selection/source-frames/rss-n10-p200000bar.xyz,2,0.01794962649865529,,14.944106908084402,0.08824000914703581,0.08242262045476283,,False,False,,,,,False,10,200000.0,1,52,000158.poscar,unary-W/W-00052-1.poscar,/home/tuzhengyu/work/WTaTi/W-potential/fcc-restart/05-rss-round-1/rss/minimized/unary-W/W-00052-1.poscar,W-potential/fcc-restart/05-rss-round-1/rss/raw/unary-W/W-00052.poscar,675122f0731dc2a24da63cf405e1c714b07788044e6a909049c630c4e26e880f,675122f0731dc2a24da63cf405e1c714b07788044e6a909049c630c4e26e880f
20.0,,rss_mini,20.0,rss-n10-p200000bar,W-potential/fcc-restart/05-rss-round-1/rss-selection/source-frames/rss-n10-p200000bar.xyz,3,0.22518041149565418,,15.66911749778276,0.2714897315755842,0.28903075143552387,,False,False,,,,,False,10,200000.0,1,53,000161.poscar,unary-W/W-00053-1.poscar,/home/tuzhengyu/work/WTaTi/W-potential/fcc-restart/05-rss-round-1/rss/minimized/unary-W/W-00053-1.poscar,W-potential/fcc-restart/05-rss-round-1/rss/raw/unary-W/W-00053.poscar,8ef3933214242b930e1973977ae98bcb598f8695d32264c39be5158df9c74c8a,8ef3933214242b930e1973977ae98bcb598f8695d32264c39be5158df9c74c8a
20.0,,rss_mini,20.0,rss-n10-p200000bar,W-potential/fcc-restart/05-rss-round-1/rss-selection/source-frames/rss-n10-p200000bar.xyz,4,0.17167188529162017,,16.601091253386983,0.36364266855770166,0.3291686436269411,,False,False,,,,,False,10,200000.0,1,54,000164.poscar,unary-W/W-00054-1.poscar,/home/tuzhengyu/work/WTaTi/W-potential/fcc-restart/05-rss-round-1/rss/minimized/unary-W/W-00054-1.poscar,W-potential/fcc-restart/05-rss-round-1/rss/raw/unary-W/W-00054.poscar,46ab737803f7d94349cee1249ab43f2f88cc9a1cb6a0bb7e617b5f4e5535e286,46ab737803f7d94349cee1249ab43f2f88cc9a1cb6a0bb7e617b5f4e5535e286
20.0,,rss_mini,20.0,rss-n10-p200000bar,W-potential/fcc-restart/05-rss-round-1/rss-selection/source-frames/rss-n10-p200000bar.xyz,5,0.0013492445986348163,,14.96823052781489,0.007428876491598696,0.007573361802020521,,False,False,,,,,False,10,200000.0,1,55,000167.poscar,unary-W/W-00055-1.poscar,/home/tuzhengyu/work/WTaTi/W-potential/fcc-restart/05-rss-round-1/rss/minimized/unary-W/W-00055-1.poscar,W-potential/fcc-restart/05-rss-round-1/rss/raw/unary-W/W-00055.poscar,9310e8711661a9cb284a94d8c019f3a3d8353ccec950e17dc659c2dec7d22713,9310e8711661a9cb284a94d8c019f3a3d8353ccec950e17dc659c2dec7d22713
20.0,,rss_mini,20.0,rss-n10-p200000bar,W-potential/fcc-restart/05-rss-round-1/rss-selection/source-frames/rss-n10-p200000bar.xyz,6,0.13171446285193836,,15.789168762436379,0.1837964178905737,0.1888980727916336,,False,False,,,,,False,10,200000.0,1,56,000170.poscar,unary-W/W-00056-1.poscar,/home/tuzhengyu/work/WTaTi/W-potential/fcc-restart/05-rss-round-1/rss/minimized/unary-W/W-00056-1.poscar,W-potential/fcc-restart/05-rss-round-1/rss/raw/unary-W/W-00056.poscar,b139599b2bd3da2e1a4a586a256775ecad36f792df24586588ce6a04753822b3,b139599b2bd3da2e1a4a586a256775ecad36f792df24586588ce6a04753822b3
20.0,,rss_mini,20.0,rss-n10-p200000bar,W-potential/fcc-restart/05-rss-round-1/rss-selection/source-frames/rss-n10-p200000bar.xyz,7,0.004804958407262665,,14.919091295474109,0.021524008108140168,0.02072596716349754,,False,False,,,,,False,10,200000.0,1,57,000173.poscar,unary-W/W-00057-1.poscar,/home/tuzhengyu/work/WTaTi/W-potential/fcc-restart/05-rss-round-1/rss/minimized/unary-W/W-00057-1.poscar,W-potential/fcc-restart/05-rss-round-1/rss/raw/unary-W/W-00057.poscar,443f367f76e028536e7ccd2206245fa9f4bf7a952eea0c4df5d5869f82f25a03,443f367f76e028536e7ccd2206245fa9f4bf7a952eea0c4df5d5869f82f25a03
20.0,,rss_mini,20.0,rss-n10-p200000bar,W-potential/fcc-restart/05-rss-round-1/rss-selection/source-frames/rss-n10-p200000bar.xyz,8,0.16958321427077466,,15.93496190415802,0.13383433602688594,0.21903700648228244,,False,False,,,,,False,10,200000.0,1,58,000176.poscar,unary-W/W-00058-1.poscar,/home/tuzhengyu/work/WTaTi/W-potential/fcc-restart/05-rss-round-1/rss/minimized/unary-W/W-00058-1.poscar,W-potential/fcc-restart/05-rss-round-1/rss/raw/unary-W/W-00058.poscar,4aab69104e520af11845a119d0f99b15bcdaf18a084f7e19f44ae00567e8d14b,4aab69104e520af11845a119d0f99b15bcdaf18a084f7e19f44ae00567e8d14b
20.0,,rss_mini,20.0,rss-n10-p200000bar,W-potential/fcc-restart/05-rss-round-1/rss-selection/source-frames/rss-n10-p200000bar.xyz,9,0.1481397402402064,,15.904120053452559,0.12414631985420148,0.22911496119703748,,False,False,,,,,False,10,200000.0,1,59,000179.poscar,unary-W/W-00059-1.poscar,/home/tuzhengyu/work/WTaTi/W-potential/fcc-restart/05-rss-round-1/rss/minimized/unary-W/W-00059-1.poscar,W-potential/fcc-restart/05-rss-round-1/rss/raw/unary-W/W-00059.poscar,cbb1be7974c8af33111e2dde2dcabbf849cd016ad90e52b146cf457d0741f743,cbb1be7974c8af33111e2dde2dcabbf849cd016ad90e52b146cf457d0741f743
20.0,,rss_mini,20.0,rss-n10-p200000bar,W-potential/fcc-restart/05-rss-round-1/rss-selection/source-frames/rss-n10-p200000bar.xyz,10,0.14706284116255258,,16.076375136611603,0.296631030622047,0.35330203380545244,,False,False,,,,,False,10,200000.0,1,60,000182.poscar,unary-W/W-00060-1.poscar,/home/tuzhengyu/work/WTaTi/W-potential/fcc-restart/05-rss-round-1/rss/minimized/unary-W/W-00060-1.poscar,W-potential/fcc-restart/05-rss-round-1/rss/raw/unary-W/W-00060.poscar,74ccb3f3ff520e8094245cfceaa6bcd53ec101bc756fc6e10ef46507e9c87752,74ccb3f3ff520e8094245cfceaa6bcd53ec101bc756fc6e10ef46507e9c87752
20.0,,rss_mini,20.0,rss-n10-p200000bar,W-potential/fcc-restart/05-rss-round-1/rss-selection/source-frames/rss-n10-p200000bar.xyz,11,0.002832378363843747,,14.99759215669703,0.015698103058175962,0.016031059616148598,,False,False,,,,,False,10,200000.0,1,61,000185.poscar,unary-W/W-00061-1.poscar,/home/tuzhengyu/work/WTaTi/W-potential/fcc-restart/05-rss-round-1/rss/minimized/unary-W/W-00061-1.poscar,W-potential/fcc-restart/05-rss-round-1/rss/raw/unary-W/W-00061.poscar,681b3857b15c7c36282409e0d3e74772bd7889608d50db03c2bf67258baa3807,681b3857b15c7c36282409e0d3e74772bd7889608d50db03c2bf67258baa3807
20.0,,rss_mini,20.0,rss-n10-p200000bar,W-potential/fcc-restart/05-rss-round-1/rss-selection/source-frames/rss-n10-p200000bar.xyz,12,0.34220904099554206,,15.922935949737695,0.4686637571905648,0.381091147487691,,False,False,,,,,False,10,200000.0,1,62,000188.poscar,unary-W/W-00062-1.poscar,/home/tuzhengyu/work/WTaTi/W-potential/fcc-restart/05-rss-round-1/rss/minimized/unary-W/W-00062-1.poscar,W-potential/fcc-restart/05-rss-round-1/rss/raw/unary-W/W-00062.poscar,7a37bf0e062bc555f56dac2a75995fb635b496bd94817af09d3123314e3108d1,7a37bf0e062bc555f56dac2a75995fb635b496bd94817af09d3123314e3108d1
20.0,,rss_mini,20.0,rss-n10-p200000bar,W-potential/fcc-restart/05-rss-round-1/rss-selection/source-frames/rss-n10-p200000bar.xyz,13,0.14894119973031136,,15.724736030235059,0.1712279912338007,0.2965381660411512,,False,False,,,,,False,10,200000.0,1,63,000191.poscar,unary-W/W-00063-1.poscar,/home/tuzhengyu/work/WTaTi/W-potential/fcc-restart/05-rss-round-1/rss/minimized/unary-W/W-00063-1.poscar,W-potential/fcc-restart/05-rss-round-1/rss/raw/unary-W/W-00063.poscar,9a0091a2a5b9c1b4151e4df1e4a25c6069438f135047394e793221a51cae6e08,9a0091a2a5b9c1b4151e4df1e4a25c6069438f135047394e793221a51cae6e08
20.0,,rss_mini,20.0,rss-n10-p200000bar,W-potential/fcc-restart/05-rss-round-1/rss-selection/source-frames/rss-n10-p200000bar.xyz,14,0.18117234758085515,,16.717262249082427,0.24006960559784998,0.36153159489369247,,False,False,,,,,False,10,200000.0,1,64,000194.poscar,unary-W/W-00064-1.poscar,/home/tuzhengyu/work/WTaTi/W-potential/fcc-restart/05-rss-round-1/rss/minimized/unary-W/W-00064-1.poscar,W-potential/fcc-restart/05-rss-round-1/rss/raw/unary-W/W-00064.poscar,41a60e8238b1407d0603e0b80ff4f055265b847f5a034520c930ed9c680c0444,41a60e8238b1407d0603e0b80ff4f055265b847f5a034520c930ed9c680c0444
20.0,,rss_mini,20.0,rss-n10-p200000bar,W-potential/fcc-restart/05-rss-round-1/rss-selection/source-frames/rss-n10-p200000bar.xyz,15,0.015032400262217001,,14.944245834462444,0.060444764123149926,0.061818474886238456,,False,False,,,,,False,10,200000.0,1,65,000197.poscar,unary-W/W-00065-1.poscar,/home/tuzhengyu/work/WTaTi/W-potential/fcc-restart/05-rss-round-1/rss/minimized/unary-W/W-00065-1.poscar,W-potential/fcc-restart/05-rss-round-1/rss/raw/unary-W/W-00065.poscar,8dc5ebf059ec02ee7facf408fcb62a7e730feaa74d1fe42f6bd0db70ec49780e,8dc5ebf059ec02ee7facf408fcb62a7e730feaa74d1fe42f6bd0db70ec49780e
20.0,,rss_mini,20.0,rss-n10-p200000bar,W-potential/fcc-restart/05-rss-round-1/rss-selection/source-frames/rss-n10-p200000bar.xyz,16,0.25714234356238824,,16.080752859088342,0.17625949548093278,0.23104477809862578,,False,False,,,,,False,10,200000.0,1,66,000200.poscar,unary-W/W-00066-1.poscar,/home/tuzhengyu/work/WTaTi/W-potential/fcc-restart/05-rss-round-1/rss/minimized/unary-W/W-00066-1.poscar,W-potential/fcc-restart/05-rss-round-1/rss/raw/unary-W/W-00066.poscar,5fcae24a0caa717b9a9838fa621c82d54e515e367169fd826b5fff51be0bf539,5fcae24a0caa717b9a9838fa621c82d54e515e367169fd826b5fff51be0bf539
20.0,,rss_mini,20.0,rss-n10-p200000bar,W-potential/fcc-restart/05-rss-round-1/rss-selection/source-frames/rss-n10-p200000bar.xyz,17,0.17650206618368264,,15.757030439750348,0.35597333814471327,0.41890227132853775,,False,False,,,,,False,10,200000.0,1,67,000203.poscar,unary-W/W-00067-1.poscar,/home/tuzhengyu/work/WTaTi/W-potential/fcc-restart/05-rss-round-1/rss/minimized/unary-W/W-00067-1.poscar,W-potential/fcc-restart/05-rss-round-1/rss/raw/unary-W/W-00067.poscar,94a706fa486f0b2d6303c764918a13b712061d5741e9d1d4e117524b08455115,94a706fa486f0b2d6303c764918a13b712061d5741e9d1d4e117524b08455115
20.0,,rss_mini,20.0,rss-n10-p200000bar,W-potential/fcc-restart/05-rss-round-1/rss-selection/source-frames/rss-n10-p200000bar.xyz,18,0.011032328353466183,,14.999300128608017,0.05802084903763334,0.057180001623936855,,False,False,,,,,False,10,200000.0,1,68,000206.poscar,unary-W/W-00068-1.poscar,/home/tuzhengyu/work/WTaTi/W-potential/fcc-restart/05-rss-round-1/rss/minimized/unary-W/W-00068-1.poscar,W-potential/fcc-restart/05-rss-round-1/rss/raw/unary-W/W-00068.poscar,89a2e0e3e68317899e52d60820efd1a8e40b3e272aff6252ed2d18de21a949c9,89a2e0e3e68317899e52d60820efd1a8e40b3e272aff6252ed2d18de21a949c9
20.0,,rss_mini,20.0,rss-n10-p200000bar,W-potential/fcc-restart/05-rss-round-1/rss-selection/source-frames/rss-n10-p200000bar.xyz,19,0.20690011051249096,,14.99189874060447,1.144822814201811,1.0373985975388806,,False,False,,,,,False,10,200000.0,1,69,000209.poscar,unary-W/W-00069-1.poscar,/home/tuzhengyu/work/WTaTi/W-potential/fcc-restart/05-rss-round-1/rss/minimized/unary-W/W-00069-1.poscar,W-potential/fcc-restart/05-rss-round-1/rss/raw/unary-W/W-00069.poscar,c6ac8115233f5dcecb20b59587e939e6a2c01074cdef19ce0004dc8ffa1e0f97,c6ac8115233f5dcecb20b59587e939e6a2c01074cdef19ce0004dc8ffa1e0f97
20.0,,rss_mini,20.0,rss-n10-p200000bar,W-potential/fcc-restart/05-rss-round-1/rss-selection/source-frames/rss-n10-p200000bar.xyz,20,0.0013100147951177039,,15.048038185142213,0.007813458471230062,0.008062550208218796,,False,False,,,,,False,10,200000.0,1,70,000212.poscar,unary-W/W-00070-1.poscar,/home/tuzhengyu/work/WTaTi/W-potential/fcc-restart/05-rss-round-1/rss/minimized/unary-W/W-00070-1.poscar,W-potential/fcc-restart/05-rss-round-1/rss/raw/unary-W/W-00070.poscar,b403179cc10fbe622a89be52bd8adbece04e86e1676a7be8b3f6af0b6539883c,b403179cc10fbe622a89be52bd8adbece04e86e1676a7be8b3f6af0b6539883c
20.0,,rss_mini,20.0,rss-n10-p200000bar,W-potential/fcc-restart/05-rss-round-1/rss-selection/source-frames/rss-n10-p200000bar.xyz,21,0.0011486699707616308,,14.945915246688163,0.008648322656601516,0.008558239050741533,,False,False,,,,,False,10,200000.0,1,71,000215.poscar,unary-W/W-00071-1.poscar,/home/tuzhengyu/work/WTaTi/W-potential/fcc-restart/05-rss-round-1/rss/minimized/unary-W/W-00071-1.poscar,W-potential/fcc-restart/05-rss-round-1/rss/raw/unary-W/W-00071.poscar,f07122309b0c22b962cd932fd4411f86f0383bbae82b204e7390c1fc4ed59952,f07122309b0c22b962cd932fd4411f86f0383bbae82b204e7390c1fc4ed59952
20.0,,rss_mini,20.0,rss-n10-p200000bar,W-potential/fcc-restart/05-rss-round-1/rss-selection/source-frames/rss-n10-p200000bar.xyz,22,0.16911445304900732,,15.89461947557957,0.38528416208982263,0.5067446229305997,,False,False,,,,,False,10,200000.0,1,72,000218.poscar,unary-W/W-00072-1.poscar,/home/tuzhengyu/work/WTaTi/W-potential/fcc-restart/05-rss-round-1/rss/minimized/unary-W/W-00072-1.poscar,W-potential/fcc-restart/05-rss-round-1/rss/raw/unary-W/W-00072.poscar,07152d5ec5de0f4622ee0a74eb9ef840b32e112124881fc99f9f6e0bd12f1474,07152d5ec5de0f4622ee0a74eb9ef840b32e112124881fc99f9f6e0bd12f1474
20.0,,rss_mini,20.0,rss-n10-p200000bar,W-potential/fcc-restart/05-rss-round-1/rss-selection/source-frames/rss-n10-p200000bar.xyz,23,0.11852210217844888,,15.416396657126455,0.23066505024280864,0.2622470734208961,,False,False,,,,,False,10,200000.0,1,73,000221.poscar,unary-W/W-00073-1.poscar,/home/tuzhengyu/work/WTaTi/W-potential/fcc-restart/05-rss-round-1/rss/minimized/unary-W/W-00073-1.poscar,W-potential/fcc-restart/05-rss-round-1/rss/raw/unary-W/W-00073.poscar,2c6f1b515f6a238668fc010fd08f2769bcf0c56a2039d6468f8a96d42bea1d44,2c6f1b515f6a238668fc010fd08f2769bcf0c56a2039d6468f8a96d42bea1d44
20.0,,rss_mini,20.0,rss-n10-p200000bar,W-potential/fcc-restart/05-rss-round-1/rss-selection/source-frames/rss-n10-p200000bar.xyz,24,0.007691739598558254,,15.001286824406511,0.04091818459114693,0.03783832711859013,,False,False,,,,,False,10,200000.0,1,74,000224.poscar,unary-W/W-00074-1.poscar,/home/tuzhengyu/work/WTaTi/W-potential/fcc-restart/05-rss-round-1/rss/minimized/unary-W/W-00074-1.poscar,W-potential/fcc-restart/05-rss-round-1/rss/raw/unary-W/W-00074.poscar,99ce6d6eef2a19075ff80363e9c13b75cda3004a623665a36ec63caca9b05293,99ce6d6eef2a19075ff80363e9c13b75cda3004a623665a36ec63caca9b05293
20.0,,rss_mini,20.0,rss-n10-p200000bar,W-potential/fcc-restart/05-rss-round-1/rss-selection/source-frames/rss-n10-p200000bar.xyz,25,0.17296593880960515,,16.15053889075434,0.14598459955246787,0.36724517026609554,,False,False,,,,,False,10,200000.0,1,75,000227.poscar,unary-W/W-00075-1.poscar,/home/tuzhengyu/work/WTaTi/W-potential/fcc-restart/05-rss-round-1/rss/minimized/unary-W/W-00075-1.poscar,W-potential/fcc-restart/05-rss-round-1/rss/raw/unary-W/W-00075.poscar,3c96bff928a8607dd5fea7023e9bc79c19e2eaf3519cac7ef6abd1b18ba49348,3c96bff928a8607dd5fea7023e9bc79c19e2eaf3519cac7ef6abd1b18ba49348
20.0,,rss_mini,20.0,rss-n10-p200000bar,W-potential/fcc-restart/05-rss-round-1/rss-selection/source-frames/rss-n10-p200000bar.xyz,26,0.16865061015032112,,15.833507466392543,0.21604858182330489,0.23052221554895963,,False,False,,,,,False,10,200000.0,1,76,000230.poscar,unary-W/W-00076-1.poscar,/home/tuzhengyu/work/WTaTi/W-potential/fcc-restart/05-rss-round-1/rss/minimized/unary-W/W-00076-1.poscar,W-potential/fcc-restart/05-rss-round-1/rss/raw/unary-W/W-00076.poscar,427f1f08c94026be7e46370960c797b1a2e0e0e2d9be3de4b85b27b10431ac5a,427f1f08c94026be7e46370960c797b1a2e0e0e2d9be3de4b85b27b10431ac5a
20.0,,rss_mini,20.0,rss-n10-p200000bar,W-potential/fcc-restart/05-rss-round-1/rss-selection/source-frames/rss-n10-p200000bar.xyz,27,0.31165788831618657,,17.155100967772967,0.3947632102433468,0.2704570073220197,,False,False,,,,,False,10,200000.0,1,77,000233.poscar,unary-W/W-00077-1.poscar,/home/tuzhengyu/work/WTaTi/W-potential/fcc-restart/05-rss-round-1/rss/minimized/unary-W/W-00077-1.poscar,W-potential/fcc-restart/05-rss-round-1/rss/raw/unary-W/W-00077.poscar,bb353dca19fb2002970984287408ec08d47288489b66a7925cd89a8cb6587325,bb353dca19fb2002970984287408ec08d47288489b66a7925cd89a8cb6587325
20.0,,rss_mini,20.0,rss-n10-p200000bar,W-potential/fcc-restart/05-rss-round-1/rss-selection/source-frames/rss-n10-p200000bar.xyz,28,0.05592708735012285,,15.042466628950198,0.23876375981859618,0.2198928841651438,,False,False,,,,,False,10,200000.0,1,78,000236.poscar,unary-W/W-00078-1.poscar,/home/tuzhengyu/work/WTaTi/W-potential/fcc-restart/05-rss-round-1/rss/minimized/unary-W/W-00078-1.poscar,W-potential/fcc-restart/05-rss-round-1/rss/raw/unary-W/W-00078.poscar,8f062aecdb8376145e775e4a2f898379a9895c682122c583666fc8bf05eb06d7,8f062aecdb8376145e775e4a2f898379a9895c682122c583666fc8bf05eb06d7
20.0,,rss_mini,20.0,rss-n10-p200000bar,W-potential/fcc-restart/05-rss-round-1/rss-selection/source-frames/rss-n10-p200000bar.xyz,29,0.16822253673748844,,15.759221236935437,0.1566753922885709,0.232966462730818,,False,False,,,,,False,10,200000.0,1,79,000239.poscar,unary-W/W-00079-1.poscar,/home/tuzhengyu/work/WTaTi/W-potential/fcc-restart/05-rss-round-1/rss/minimized/unary-W/W-00079-1.poscar,W-potential/fcc-restart/05-rss-round-1/rss/raw/unary-W/W-00079.poscar,b54656027521b6b4a31338ede5eb9139f7e056c77bf57d510f6d560444b77418,b54656027521b6b4a31338ede5eb9139f7e056c77bf57d510f6d560444b77418
20.0,,rss_mini,20.0,rss-n10-p200000bar,W-potential/fcc-restart/05-rss-round-1/rss-selection/source-frames/rss-n10-p200000bar.xyz,30,0.014519708138617518,,14.926116943900846,0.053677378300146905,0.052850968529521654,,False,False,,,,,False,10,200000.0,1,80,000242.poscar,unary-W/W-00080-1.poscar,/home/tuzhengyu/work/WTaTi/W-potential/fcc-restart/05-rss-round-1/rss/minimized/unary-W/W-00080-1.poscar,W-potential/fcc-restart/05-rss-round-1/rss/raw/unary-W/W-00080.poscar,1a6eb9129cddecb810d713bd026e3f58d0b2df2636bb567b9665eb3ce6315668,1a6eb9129cddecb810d713bd026e3f58d0b2df2636bb567b9665eb3ce6315668
20.0,,rss_mini,20.0,rss-n10-p200000bar,W-potential/fcc-restart/05-rss-round-1/rss-selection/source-frames/rss-n10-p200000bar.xyz,31,0.0259210911829757,,14.960885082582072,0.11503439481313725,0.10122014121708747,,False,False,,,,,False,10,200000.0,1,81,000245.poscar,unary-W/W-00081-1.poscar,/home/tuzhengyu/work/WTaTi/W-potential/fcc-restart/05-rss-round-1/rss/minimized/unary-W/W-00081-1.poscar,W-potential/fcc-restart/05-rss-round-1/rss/raw/unary-W/W-00081.poscar,e1e93bf556b67f104d9096ba1451142deba7f8f807273588101a2a6e1e881bc0,e1e93bf556b67f104d9096ba1451142deba7f8f807273588101a2a6e1e881bc0
20.0,,rss_mini,20.0,rss-n10-p200000bar,W-potential/fcc-restart/05-rss-round-1/rss-selection/source-frames/rss-n10-p200000bar.xyz,32,0.14430748432554857,,15.794570129287521,0.3585098789736953,0.4059058134628835,,False,False,,,,,False,10,200000.0,1,82,000248.poscar,unary-W/W-00082-1.poscar,/home/tuzhengyu/work/WTaTi/W-potential/fcc-restart/05-rss-round-1/rss/minimized/unary-W/W-00082-1.poscar,W-potential/fcc-restart/05-rss-round-1/rss/raw/unary-W/W-00082.poscar,6f1127b2326304f69ea5626871a162a6a9a1f059fa75b9112e595dd6d66350bc,6f1127b2326304f69ea5626871a162a6a9a1f059fa75b9112e595dd6d66350bc
20.0,,rss_mini,20.0,rss-n10-p200000bar,W-potential/fcc-restart/05-rss-round-1/rss-selection/source-frames/rss-n10-p200000bar.xyz,33,0.040367997216844614,,14.91399955361669,0.1624544819209144,0.17001171714048494,,False,False,,,,,False,10,200000.0,1,83,000251.poscar,unary-W/W-00083-1.poscar,/home/tuzhengyu/work/WTaTi/W-potential/fcc-restart/05-rss-round-1/rss/minimized/unary-W/W-00083-1.poscar,W-potential/fcc-restart/05-rss-round-1/rss/raw/unary-W/W-00083.poscar,0a5047d3fa46ea425b5d57c268c0d11e26e0e0e366c8decc7ddc8eefdae37ca4,0a5047d3fa46ea425b5d57c268c0d11e26e0e0e366c8decc7ddc8eefdae37ca4
20.0,,rss_mini,20.0,rss-n10-p200000bar,W-potential/fcc-restart/05-rss-round-1/rss-selection/source-frames/rss-n10-p200000bar.xyz,34,0.0013238056976990658,,15.101184213222641,0.008326554990732675,0.008694145396150174,,False,False,,,,,False,10,200000.0,1,84,000254.poscar,unary-W/W-00084-1.poscar,/home/tuzhengyu/work/WTaTi/W-potential/fcc-restart/05-rss-round-1/rss/minimized/unary-W/W-00084-1.poscar,W-potential/fcc-restart/05-rss-round-1/rss/raw/unary-W/W-00084.poscar,853303f8400389940d1923f593b72f1be36a7282ad53efeb89618d718d54e571,853303f8400389940d1923f593b72f1be36a7282ad53efeb89618d718d54e571
20.0,,rss_mini,20.0,rss-n10-p200000bar,W-potential/fcc-restart/05-rss-round-1/rss-selection/source-frames/rss-n10-p200000bar.xyz,35,0.0021188169003463226,,14.927245880133631,0.01922721641607554,0.017558360658221767,,False,False,,,,,False,10,200000.0,1,85,000257.poscar,unary-W/W-00085-1.poscar,/home/tuzhengyu/work/WTaTi/W-potential/fcc-restart/05-rss-round-1/rss/minimized/unary-W/W-00085-1.poscar,W-potential/fcc-restart/05-rss-round-1/rss/raw/unary-W/W-00085.poscar,7d7ca163dfb6008ebb89f48e014f60519882240ca1c65ad46c2c529de8685668,7d7ca163dfb6008ebb89f48e014f60519882240ca1c65ad46c2c529de8685668
20.0,,rss_mini,20.0,rss-n10-p200000bar,W-potential/fcc-restart/05-rss-round-1/rss-selection/source-frames/rss-n10-p200000bar.xyz,36,0.002031312424681295,,14.928638335492234,0.010580754929300802,0.010363515486702755,,False,False,,,,,False,10,200000.0,1,86,000260.poscar,unary-W/W-00086-1.poscar,/home/tuzhengyu/work/WTaTi/W-potential/fcc-restart/05-rss-round-1/rss/minimized/unary-W/W-00086-1.poscar,W-potential/fcc-restart/05-rss-round-1/rss/raw/unary-W/W-00086.poscar,3f2d20be41927d213e5ce461b505a76921d2661032e857093f6c21a6ddc317b4,3f2d20be41927d213e5ce461b505a76921d2661032e857093f6c21a6ddc317b4
20.0,,rss_mini,20.0,rss-n10-p200000bar,W-potential/fcc-restart/05-rss-round-1/rss-selection/source-frames/rss-n10-p200000bar.xyz,37,0.24118736147469283,,16.070819560856542,0.2938622622371099,0.3522605011648837,,False,False,,,,,False,10,200000.0,1,87,000263.poscar,unary-W/W-00087-1.poscar,/home/tuzhengyu/work/WTaTi/W-potential/fcc-restart/05-rss-round-1/rss/minimized/unary-W/W-00087-1.poscar,W-potential/fcc-restart/05-rss-round-1/rss/raw/unary-W/W-00087.poscar,1e0b7ce9f9f076574e1d0d8464f40c538f83dad34d14c56e20427ffa73e574a9,1e0b7ce9f9f076574e1d0d8464f40c538f83dad34d14c56e20427ffa73e574a9
20.0,,rss_mini,20.0,rss-n10-p200000bar,W-potential/fcc-restart/05-rss-round-1/rss-selection/source-frames/rss-n10-p200000bar.xyz,38,0.16563887188182147,,15.530422644127384,0.39435675620226435,0.43865824372933293,,False,False,,,,,False,10,200000.0,1,88,000266.poscar,unary-W/W-00088-1.poscar,/home/tuzhengyu/work/WTaTi/W-potential/fcc-restart/05-rss-round-1/rss/minimized/unary-W/W-00088-1.poscar,W-potential/fcc-restart/05-rss-round-1/rss/raw/unary-W/W-00088.poscar,0dd360dd213f957de100bf9147e66d80774ed8354cadd4f59bb5a10958a52d05,0dd360dd213f957de100bf9147e66d80774ed8354cadd4f59bb5a10958a52d05
20.0,,rss_mini,20.0,rss-n10-p200000bar,W-potential/fcc-restart/05-rss-round-1/rss-selection/source-frames/rss-n10-p200000bar.xyz,39,0.018544235111915844,,15.00332681786399,0.09424011254428767,0.08478536230550847,,False,False,,,,,False,10,200000.0,1,89,000269.poscar,unary-W/W-00089-1.poscar,/home/tuzhengyu/work/WTaTi/W-potential/fcc-restart/05-rss-round-1/rss/minimized/unary-W/W-00089-1.poscar,W-potential/fcc-restart/05-rss-round-1/rss/raw/unary-W/W-00089.poscar,7513781e25bbb08b368c2ef126448180b5bec049ebe09da4c3507f82dd16e65a,7513781e25bbb08b368c2ef126448180b5bec049ebe09da4c3507f82dd16e65a
20.0,,rss_mini,20.0,rss-n10-p200000bar,W-potential/fcc-restart/05-rss-round-1/rss-selection/source-frames/rss-n10-p200000bar.xyz,40,0.04496192973968955,,14.946271279736308,0.20041858624672423,0.18034384878480353,,False,False,,,,,False,10,200000.0,1,90,000272.poscar,unary-W/W-00090-1.poscar,/home/tuzhengyu/work/WTaTi/W-potential/fcc-restart/05-rss-round-1/rss/minimized/unary-W/W-00090-1.poscar,W-potential/fcc-restart/05-rss-round-1/rss/raw/unary-W/W-00090.poscar,c0dfc1ab9d7194694fc168bccf94fd20533d5c453b68167b90b805689d5a2376,c0dfc1ab9d7194694fc168bccf94fd20533d5c453b68167b90b805689d5a2376
20.0,,rss_mini,20.0,rss-n10-p200000bar,W-potential/fcc-restart/05-rss-round-1/rss-selection/source-frames/rss-n10-p200000bar.xyz,41,0.08770083073931088,,15.374343355022702,0.20494117150905974,0.21189157349911814,,False,False,,,,,False,10,200000.0,1,91,000275.poscar,unary-W/W-00091-1.poscar,/home/tuzhengyu/work/WTaTi/W-potential/fcc-restart/05-rss-round-1/rss/minimized/unary-W/W-00091-1.poscar,W-potential/fcc-restart/05-rss-round-1/rss/raw/unary-W/W-00091.poscar,33515dc3f1ae81845b5b1197d690023fd178ef491df7c4d263371d535a5b1013,33515dc3f1ae81845b5b1197d690023fd178ef491df7c4d263371d535a5b1013
20.0,,rss_mini,20.0,rss-n10-p200000bar,W-potential/fcc-restart/05-rss-round-1/rss-selection/source-frames/rss-n10-p200000bar.xyz,42,0.005712279693735789,,14.932041639350865,0.02471060561874298,0.024587649095556347,,False,False,,,,,False,10,200000.0,1,92,000278.poscar,unary-W/W-00092-1.poscar,/home/tuzhengyu/work/WTaTi/W-potential/fcc-restart/05-rss-round-1/rss/minimized/unary-W/W-00092-1.poscar,W-potential/fcc-restart/05-rss-round-1/rss/raw/unary-W/W-00092.poscar,20eaa5c19013030644e6d0f4e5ea368b9b796dc422b6878c88e83971f39ed80d,20eaa5c19013030644e6d0f4e5ea368b9b796dc422b6878c88e83971f39ed80d
20.0,,rss_mini,20.0,rss-n10-p200000bar,W-potential/fcc-restart/05-rss-round-1/rss-selection/source-frames/rss-n10-p200000bar.xyz,43,0.0015415234127268318,,15.012204564018017,0.011190451362787486,0.01170112885918981,,False,False,,,,,False,10,200000.0,1,93,000281.poscar,unary-W/W-00093-1.poscar,/home/tuzhengyu/work/WTaTi/W-potential/fcc-restart/05-rss-round-1/rss/minimized/unary-W/W-00093-1.poscar,W-potential/fcc-restart/05-rss-round-1/rss/raw/unary-W/W-00093.poscar,c7eaeaf2beb5a87c753e75a8da45921f16f04ab54cd6c6cd6ae45ab3e654800e,c7eaeaf2beb5a87c753e75a8da45921f16f04ab54cd6c6cd6ae45ab3e654800e
20.0,,rss_mini,20.0,rss-n10-p200000bar,W-potential/fcc-restart/05-rss-round-1/rss-selection/source-frames/rss-n10-p200000bar.xyz,44,0.4231155133027717,,16.843379664221146,0.5625012065988467,0.5979911983511438,,False,False,,,,,False,10,200000.0,1,94,000284.poscar,unary-W/W-00094-1.poscar,/home/tuzhengyu/work/WTaTi/W-potential/fcc-restart/05-rss-round-1/rss/minimized/unary-W/W-00094-1.poscar,W-potential/fcc-restart/05-rss-round-1/rss/raw/unary-W/W-00094.poscar,c2ed05698adfa6d12998b91485c9e370de540e7579cbdb2fbf4393b8c56abb35,c2ed05698adfa6d12998b91485c9e370de540e7579cbdb2fbf4393b8c56abb35
20.0,,rss_mini,20.0,rss-n10-p200000bar,W-potential/fcc-restart/05-rss-round-1/rss-selection/source-frames/rss-n10-p200000bar.xyz,45,0.22915876437756258,,15.72639344106651,0.3882953036784292,0.3414613696051365,,False,False,,,,,False,10,200000.0,1,95,000287.poscar,unary-W/W-00095-1.poscar,/home/tuzhengyu/work/WTaTi/W-potential/fcc-restart/05-rss-round-1/rss/minimized/unary-W/W-00095-1.poscar,W-potential/fcc-restart/05-rss-round-1/rss/raw/unary-W/W-00095.poscar,6bf924c8d639effe2a2a08ce54344f05e7303c000d609f76286ffcc7ff21f903,6bf924c8d639effe2a2a08ce54344f05e7303c000d609f76286ffcc7ff21f903
20.0,,rss_mini,20.0,rss-n10-p200000bar,W-potential/fcc-restart/05-rss-round-1/rss-selection/source-frames/rss-n10-p200000bar.xyz,46,0.21901368319364883,,14.930804098498896,1.3719870590072982,1.2853373264977805,,False,False,,,,,False,10,200000.0,1,96,000290.poscar,unary-W/W-00096-1.poscar,/home/tuzhengyu/work/WTaTi/W-potential/fcc-restart/05-rss-round-1/rss/minimized/unary-W/W-00096-1.poscar,W-potential/fcc-restart/05-rss-round-1/rss/raw/unary-W/W-00096.poscar,fa94eacf6cca2de22af1136f12f348e9bb64f0fe443011f164f0e954a6b9c212,fa94eacf6cca2de22af1136f12f348e9bb64f0fe443011f164f0e954a6b9c212
20.0,,rss_mini,20.0,rss-n10-p200000bar,W-potential/fcc-restart/05-rss-round-1/rss-selection/source-frames/rss-n10-p200000bar.xyz,47,0.04545078799496749,,15.426704984950524,0.22350912840731518,0.24036685099861627,,False,False,,,,,False,10,200000.0,1,97,000293.poscar,unary-W/W-00097-1.poscar,/home/tuzhengyu/work/WTaTi/W-potential/fcc-restart/05-rss-round-1/rss/minimized/unary-W/W-00097-1.poscar,W-potential/fcc-restart/05-rss-round-1/rss/raw/unary-W/W-00097.poscar,ab23b7b88c782afb2ee5ac65c5174fba3b85fccc9a4ba750cad7dbf65a7d4fc5,ab23b7b88c782afb2ee5ac65c5174fba3b85fccc9a4ba750cad7dbf65a7d4fc5
20.0,,rss_mini,20.0,rss-n10-p200000bar,W-potential/fcc-restart/05-rss-round-1/rss-selection/source-frames/rss-n10-p200000bar.xyz,48,0.0660295930513143,,15.032564188761118,0.4276817512963588,0.4101923045881604,,False,False,,,,,False,10,200000.0,1,98,000296.poscar,unary-W/W-00098-1.poscar,/home/tuzhengyu/work/WTaTi/W-potential/fcc-restart/05-rss-round-1/rss/minimized/unary-W/W-00098-1.poscar,W-potential/fcc-restart/05-rss-round-1/rss/raw/unary-W/W-00098.poscar,0b87bba9312bac4ed47e3ab8773ce5081c9f027e21ac125123c5ae80dbe51d17,0b87bba9312bac4ed47e3ab8773ce5081c9f027e21ac125123c5ae80dbe51d17
20.0,,rss_mini,20.0,rss-n10-p200000bar,W-potential/fcc-restart/05-rss-round-1/rss-selection/source-frames/rss-n10-p200000bar.xyz,49,0.0007812359484105864,,15.478454928067743,0.011208801295642383,0.011119868903826899,,False,False,,,,,False,10,200000.0,1,99,000299.poscar,unary-W/W-00099-1.poscar,/home/tuzhengyu/work/WTaTi/W-potential/fcc-restart/05-rss-round-1/rss/minimized/unary-W/W-00099-1.poscar,W-potential/fcc-restart/05-rss-round-1/rss/raw/unary-W/W-00099.poscar,7aa3604ae0b2ba0992e95168ca9db8b540f565d110c05e84084c282a6439e05e,7aa3604ae0b2ba0992e95168ca9db8b540f565d110c05e84084c282a6439e05e
40.0,,rss_mini,40.0,rss-n10-p400000bar,W-potential/fcc-restart/05-rss-round-1/rss-selection/source-frames/rss-n10-p400000bar.xyz,0,0.07899543606940296,,14.290500224895109,0.3469078100568111,0.36388614186443524,,False,False,,,,,False,10,400000.0,2,50,000153.poscar,unary-W/W-00050-2.poscar,/home/tuzhengyu/work/WTaTi/W-potential/fcc-restart/05-rss-round-1/rss/minimized/unary-W/W-00050-2.poscar,W-potential/fcc-restart/05-rss-round-1/rss/raw/unary-W/W-00050.poscar,57bb7b37b2c1a03fd1f9a39d34c3ab9e35a036870c6d79f50fb5e9649d2a1cdd,57bb7b37b2c1a03fd1f9a39d34c3ab9e35a036870c6d79f50fb5e9649d2a1cdd
40.0,,rss_mini,40.0,rss-n10-p400000bar,W-potential/fcc-restart/05-rss-round-1/rss-selection/source-frames/rss-n10-p400000bar.xyz,1,0.020709359679712172,,14.313791922456465,0.1033461638781604,0.0981062867446022,,False,False,,,,,False,10,400000.0,2,51,000156.poscar,unary-W/W-00051-2.poscar,/home/tuzhengyu/work/WTaTi/W-potential/fcc-restart/05-rss-round-1/rss/minimized/unary-W/W-00051-2.poscar,W-potential/fcc-restart/05-rss-round-1/rss/raw/unary-W/W-00051.poscar,8657388be1a3c5aadd19b86ec8b0310dd2e832b24138fac9a79292fae48c0f93,8657388be1a3c5aadd19b86ec8b0310dd2e832b24138fac9a79292fae48c0f93
40.0,,rss_mini,40.0,rss-n10-p400000bar,W-potential/fcc-restart/05-rss-round-1/rss-selection/source-frames/rss-n10-p400000bar.xyz,2,0.016645534869801956,,14.272769367362622,0.05774235282224449,0.06286632977247665,,False,False,,,,,False,10,400000.0,2,52,000159.poscar,unary-W/W-00052-2.poscar,/home/tuzhengyu/work/WTaTi/W-potential/fcc-restart/05-rss-round-1/rss/minimized/unary-W/W-00052-2.poscar,W-potential/fcc-restart/05-rss-round-1/rss/raw/unary-W/W-00052.poscar,8cb82a30e0b7cfc9cd327765e11b9bbf19cea17b64c83fc862f17b5332c0d328,8cb82a30e0b7cfc9cd327765e11b9bbf19cea17b64c83fc862f17b5332c0d328
40.0,,rss_mini,40.0,rss-n10-p400000bar,W-potential/fcc-restart/05-rss-round-1/rss-selection/source-frames/rss-n10-p400000bar.xyz,3,0.323603366534771,,14.853639569766816,0.2539786499826681,0.4304603380433801,,False,False,,,,,False,10,400000.0,2,53,000162.poscar,unary-W/W-00053-2.poscar,/home/tuzhengyu/work/WTaTi/W-potential/fcc-restart/05-rss-round-1/rss/minimized/unary-W/W-00053-2.poscar,W-potential/fcc-restart/05-rss-round-1/rss/raw/unary-W/W-00053.poscar,c868ecb501e2c910a4d26c728eddae503ecbe4ea96e70705f454ea9c91c3d948,c868ecb501e2c910a4d26c728eddae503ecbe4ea96e70705f454ea9c91c3d948
40.0,,rss_mini,40.0,rss-n10-p400000bar,W-potential/fcc-restart/05-rss-round-1/rss-selection/source-frames/rss-n10-p400000bar.xyz,4,0.44351617072535254,,14.789658526608514,0.6607681867007076,1.1826191719787675,,False,False,,,,,False,10,400000.0,2,54,000165.poscar,unary-W/W-00054-2.poscar,/home/tuzhengyu/work/WTaTi/W-potential/fcc-restart/05-rss-round-1/rss/minimized/unary-W/W-00054-2.poscar,W-potential/fcc-restart/05-rss-round-1/rss/raw/unary-W/W-00054.poscar,484557d550a78b49f459c9825d8c919c811a3852f8cfb371b69c97e11f313dfc,484557d550a78b49f459c9825d8c919c811a3852f8cfb371b69c97e11f313dfc
40.0,,rss_mini,40.0,rss-n10-p400000bar,W-potential/fcc-restart/05-rss-round-1/rss-selection/source-frames/rss-n10-p400000bar.xyz,5,0.17926876718892007,,14.774226261307444,0.26220560810069066,0.22096511988405876,,False,False,,,,,False,10,400000.0,2,55,000168.poscar,unary-W/W-00055-2.poscar,/home/tuzhengyu/work/WTaTi/W-potential/fcc-restart/05-rss-round-1/rss/minimized/unary-W/W-00055-2.poscar,W-potential/fcc-restart/05-rss-round-1/rss/raw/unary-W/W-00055.poscar,9e73468271505c6c99c53ce43e0ef177be2d20bc1c4158950fbb6b52025caca4,9e73468271505c6c99c53ce43e0ef177be2d20bc1c4158950fbb6b52025caca4
40.0,,rss_mini,40.0,rss-n10-p400000bar,W-potential/fcc-restart/05-rss-round-1/rss-selection/source-frames/rss-n10-p400000bar.xyz,6,0.1843914854426763,,14.952572040473779,0.27728699024485504,0.31695921855309017,,False,False,,,,,False,10,400000.0,2,56,000171.poscar,unary-W/W-00056-2.poscar,/home/tuzhengyu/work/WTaTi/W-potential/fcc-restart/05-rss-round-1/rss/minimized/unary-W/W-00056-2.poscar,W-potential/fcc-restart/05-rss-round-1/rss/raw/unary-W/W-00056.poscar,41cac4636069812d2b19ff06ff5a31f45e8a8f98c7ecd0b354f40b8bf1c5f653,41cac4636069812d2b19ff06ff5a31f45e8a8f98c7ecd0b354f40b8bf1c5f653
40.0,,rss_mini,40.0,rss-n10-p400000bar,W-potential/fcc-restart/05-rss-round-1/rss-selection/source-frames/rss-n10-p400000bar.xyz,7,0.006334110901050759,,14.24834786868407,0.033500523319654564,0.03405089690310813,,False,False,,,,,False,10,400000.0,2,57,000174.poscar,unary-W/W-00057-2.poscar,/home/tuzhengyu/work/WTaTi/W-potential/fcc-restart/05-rss-round-1/rss/minimized/unary-W/W-00057-2.poscar,W-potential/fcc-restart/05-rss-round-1/rss/raw/unary-W/W-00057.poscar,96bce6308c455d497227c27598b45ad0d97cebbc406f26a61fed40c5ddeec270,96bce6308c455d497227c27598b45ad0d97cebbc406f26a61fed40c5ddeec270
40.0,,rss_mini,40.0,rss-n10-p400000bar,W-potential/fcc-restart/05-rss-round-1/rss-selection/source-frames/rss-n10-p400000bar.xyz,8,0.22504714686237468,,15.032179795186698,0.22090644145035226,0.2515836963067649,,False,False,,,,,False,10,400000.0,2,58,000177.poscar,unary-W/W-00058-2.poscar,/home/tuzhengyu/work/WTaTi/W-potential/fcc-restart/05-rss-round-1/rss/minimized/unary-W/W-00058-2.poscar,W-potential/fcc-restart/05-rss-round-1/rss/raw/unary-W/W-00058.poscar,334af4a91455d8451b362174de501c12ac744c4ce666e4cba5dc52ffa02a26df,334af4a91455d8451b362174de501c12ac744c4ce666e4cba5dc52ffa02a26df
40.0,,rss_mini,40.0,rss-n10-p400000bar,W-potential/fcc-restart/05-rss-round-1/rss-selection/source-frames/rss-n10-p400000bar.xyz,9,0.19698686887657313,,14.934840819927341,0.2583287317319762,0.23500580255273715,,False,False,,,,,False,10,400000.0,2,59,000180.poscar,unary-W/W-00059-2.poscar,/home/tuzhengyu/work/WTaTi/W-potential/fcc-restart/05-rss-round-1/rss/minimized/unary-W/W-00059-2.poscar,W-potential/fcc-restart/05-rss-round-1/rss/raw/unary-W/W-00059.poscar,f189a6708323092e3c41b2f9d7c771dab5410e664b58b1dab41e2011131d1311,f189a6708323092e3c41b2f9d7c771dab5410e664b58b1dab41e2011131d1311
40.0,,rss_mini,40.0,rss-n10-p400000bar,W-potential/fcc-restart/05-rss-round-1/rss-selection/source-frames/rss-n10-p400000bar.xyz,10,0.19291492442128833,,15.034780265269884,0.2522651257800532,0.31572615313992325,,False,False,,,,,False,10,400000.0,2,60,000183.poscar,unary-W/W-00060-2.poscar,/home/tuzhengyu/work/WTaTi/W-potential/fcc-restart/05-rss-round-1/rss/minimized/unary-W/W-00060-2.poscar,W-potential/fcc-restart/05-rss-round-1/rss/raw/unary-W/W-00060.poscar,c6e7a1490d33382367c8179f6fef35a4abdcdd76be8a366221d86add7610f9f0,c6e7a1490d33382367c8179f6fef35a4abdcdd76be8a366221d86add7610f9f0
40.0,,rss_mini,40.0,rss-n10-p400000bar,W-potential/fcc-restart/05-rss-round-1/rss-selection/source-frames/rss-n10-p400000bar.xyz,11,0.010499689895697148,,14.309485022775903,0.05149255510171694,0.05568717077216305,,False,False,,,,,False,10,400000.0,2,61,000186.poscar,unary-W/W-00061-2.poscar,/home/tuzhengyu/work/WTaTi/W-potential/fcc-restart/05-rss-round-1/rss/minimized/unary-W/W-00061-2.poscar,W-potential/fcc-restart/05-rss-round-1/rss/raw/unary-W/W-00061.poscar,cc941eb0ea350939c4f922a50b143b10f0e2ccb245a44baaa0a110a3e96e82f3,cc941eb0ea350939c4f922a50b143b10f0e2ccb245a44baaa0a110a3e96e82f3
40.0,,rss_mini,40.0,rss-n10-p400000bar,W-potential/fcc-restart/05-rss-round-1/rss-selection/source-frames/rss-n10-p400000bar.xyz,12,0.5142198801466827,,14.945484112969648,0.6150679323340532,0.4084325671768945,,False,False,,,,,False,10,400000.0,2,62,000189.poscar,unary-W/W-00062-2.poscar,/home/tuzhengyu/work/WTaTi/W-potential/fcc-restart/05-rss-round-1/rss/minimized/unary-W/W-00062-2.poscar,W-potential/fcc-restart/05-rss-round-1/rss/raw/unary-W/W-00062.poscar,a9f88bcbed9b45fe4e67060eca55253e13fd5187c11cd85f8970f564b6a2589c,a9f88bcbed9b45fe4e67060eca55253e13fd5187c11cd85f8970f564b6a2589c
40.0,,rss_mini,40.0,rss-n10-p400000bar,W-potential/fcc-restart/05-rss-round-1/rss-selection/source-frames/rss-n10-p400000bar.xyz,13,0.1799285795550029,,14.964478009248566,0.2795580338026272,0.43681189993110864,,False,False,,,,,False,10,400000.0,2,63,000192.poscar,unary-W/W-00063-2.poscar,/home/tuzhengyu/work/WTaTi/W-potential/fcc-restart/05-rss-round-1/rss/minimized/unary-W/W-00063-2.poscar,W-potential/fcc-restart/05-rss-round-1/rss/raw/unary-W/W-00063.poscar,97629a985c9551e3aa86dc1e35cbc6fa14b07dc47d49629a0f242ebf412112f8,97629a985c9551e3aa86dc1e35cbc6fa14b07dc47d49629a0f242ebf412112f8
40.0,,rss_mini,40.0,rss-n10-p400000bar,W-potential/fcc-restart/05-rss-round-1/rss-selection/source-frames/rss-n10-p400000bar.xyz,14,0.26299264907081715,,14.75853739294875,0.3851665022578728,0.3501953691709117,,False,False,,,,,False,10,400000.0,2,64,000195.poscar,unary-W/W-00064-2.poscar,/home/tuzhengyu/work/WTaTi/W-potential/fcc-restart/05-rss-round-1/rss/minimized/unary-W/W-00064-2.poscar,W-potential/fcc-restart/05-rss-round-1/rss/raw/unary-W/W-00064.poscar,353a86f83ed043f2bebc83d6bc1c0ef2aaeefa04b335664c0031dfe379f52857,353a86f83ed043f2bebc83d6bc1c0ef2aaeefa04b335664c0031dfe379f52857
40.0,,rss_mini,40.0,rss-n10-p400000bar,W-potential/fcc-restart/05-rss-round-1/rss-selection/source-frames/rss-n10-p400000bar.xyz,15,0.028378080794503928,,14.27315985120136,0.12278933647790863,0.13138830605433657,,False,False,,,,,False,10,400000.0,2,65,000198.poscar,unary-W/W-00065-2.poscar,/home/tuzhengyu/work/WTaTi/W-potential/fcc-restart/05-rss-round-1/rss/minimized/unary-W/W-00065-2.poscar,W-potential/fcc-restart/05-rss-round-1/rss/raw/unary-W/W-00065.poscar,1b867925eb0d2adcd30fee9e0737f4510709852e268bb419c42f43d2fb776f9a,1b867925eb0d2adcd30fee9e0737f4510709852e268bb419c42f43d2fb776f9a
40.0,,rss_mini,40.0,rss-n10-p400000bar,W-potential/fcc-restart/05-rss-round-1/rss-selection/source-frames/rss-n10-p400000bar.xyz,16,0.0021318727677961794,,14.318578019664878,0.012917955663116293,0.014013164741576134,,False,False,,,,,False,10,400000.0,2,66,000201.poscar,unary-W/W-00066-2.poscar,/home/tuzhengyu/work/WTaTi/W-potential/fcc-restart/05-rss-round-1/rss/minimized/unary-W/W-00066-2.poscar,W-potential/fcc-restart/05-rss-round-1/rss/raw/unary-W/W-00066.poscar,6f5b4d30ffcb3f5e280424141686ee85af48b2c34bd98458bfbdd3f1b6939852,6f5b4d30ffcb3f5e280424141686ee85af48b2c34bd98458bfbdd3f1b6939852
40.0,,rss_mini,40.0,rss-n10-p400000bar,W-potential/fcc-restart/05-rss-round-1/rss-selection/source-frames/rss-n10-p400000bar.xyz,17,0.1612234837991745,,14.714231540255593,0.20947296401683643,0.1741619066839751,,False,False,,,,,False,10,400000.0,2,67,000204.poscar,unary-W/W-00067-2.poscar,/home/tuzhengyu/work/WTaTi/W-potential/fcc-restart/05-rss-round-1/rss/minimized/unary-W/W-00067-2.poscar,W-potential/fcc-restart/05-rss-round-1/rss/raw/unary-W/W-00067.poscar,9427db2e4ee659ea7e4cd59f3a8a2278d4f2843c7a3d613adafcb6bb11bf0cac,9427db2e4ee659ea7e4cd59f3a8a2278d4f2843c7a3d613adafcb6bb11bf0cac
40.0,,rss_mini,40.0,rss-n10-p400000bar,W-potential/fcc-restart/05-rss-round-1/rss-selection/source-frames/rss-n10-p400000bar.xyz,18,0.03158669727038456,,14.30247942895241,0.17087311756943774,0.18993506142915556,,False,False,,,,,False,10,400000.0,2,68,000207.poscar,unary-W/W-00068-2.poscar,/home/tuzhengyu/work/WTaTi/W-potential/fcc-restart/05-rss-round-1/rss/minimized/unary-W/W-00068-2.poscar,W-potential/fcc-restart/05-rss-round-1/rss/raw/unary-W/W-00068.poscar,a8a7096726089f8a969007c6d6ce0efd9c448ddc19824f7efc143bf3e5aa8f7d,a8a7096726089f8a969007c6d6ce0efd9c448ddc19824f7efc143bf3e5aa8f7d
40.0,,rss_mini,40.0,rss-n10-p400000bar,W-potential/fcc-restart/05-rss-round-1/rss-selection/source-frames/rss-n10-p400000bar.xyz,19,0.03461462752708643,,14.308451016197921,0.15636566025280565,0.1439007659298668,,False,False,,,,,False,10,400000.0,2,69,000210.poscar,unary-W/W-00069-2.poscar,/home/tuzhengyu/work/WTaTi/W-potential/fcc-restart/05-rss-round-1/rss/minimized/unary-W/W-00069-2.poscar,W-potential/fcc-restart/05-rss-round-1/rss/raw/unary-W/W-00069.poscar,1e1bf9fb7df57a3a7546d080178c1718e3d1f4efe40f1cacf4a7e67e7330b601,1e1bf9fb7df57a3a7546d080178c1718e3d1f4efe40f1cacf4a7e67e7330b601
40.0,,rss_mini,40.0,rss-n10-p400000bar,W-potential/fcc-restart/05-rss-round-1/rss-selection/source-frames/rss-n10-p400000bar.xyz,20,0.0006826527985833465,,14.32840800703784,0.004594675472165669,0.00489679242138094,,False,False,,,,,False,10,400000.0,2,70,000213.poscar,unary-W/W-00070-2.poscar,/home/tuzhengyu/work/WTaTi/W-potential/fcc-restart/05-rss-round-1/rss/minimized/unary-W/W-00070-2.poscar,W-potential/fcc-restart/05-rss-round-1/rss/raw/unary-W/W-00070.poscar,f2b17b269eabb6b5632323d8dc9c380b6295216cad904b0458fda2e54f9478e3,f2b17b269eabb6b5632323d8dc9c380b6295216cad904b0458fda2e54f9478e3
40.0,,rss_mini,40.0,rss-n10-p400000bar,W-potential/fcc-restart/05-rss-round-1/rss-selection/source-frames/rss-n10-p400000bar.xyz,21,0.0007617635480372153,,14.275021379156334,0.006199498940304294,0.006658486285678158,,False,False,,,,,False,10,400000.0,2,71,000216.poscar,unary-W/W-00071-2.poscar,/home/tuzhengyu/work/WTaTi/W-potential/fcc-restart/05-rss-round-1/rss/minimized/unary-W/W-00071-2.poscar,W-potential/fcc-restart/05-rss-round-1/rss/raw/unary-W/W-00071.poscar,da8224fecd463deec02fffec8e80f8cc5d6fe613fddf7a8db0266c74a5ea6e71,da8224fecd463deec02fffec8e80f8cc5d6fe613fddf7a8db0266c74a5ea6e71
40.0,,rss_mini,40.0,rss-n10-p400000bar,W-potential/fcc-restart/05-rss-round-1/rss-selection/source-frames/rss-n10-p400000bar.xyz,22,0.2231928439323559,,14.998205821273967,0.31806278711173336,0.6135588790519065,,False,False,,,,,False,10,400000.0,2,72,000219.poscar,unary-W/W-00072-2.poscar,/home/tuzhengyu/work/WTaTi/W-potential/fcc-restart/05-rss-round-1/rss/minimized/unary-W/W-00072-2.poscar,W-potential/fcc-restart/05-rss-round-1/rss/raw/unary-W/W-00072.poscar,7cc594715d312a6ca42816aed6171ead5be628bb2d7b394be3fdf6293d805f73,7cc594715d312a6ca42816aed6171ead5be628bb2d7b394be3fdf6293d805f73
40.0,,rss_mini,40.0,rss-n10-p400000bar,W-potential/fcc-restart/05-rss-round-1/rss-selection/source-frames/rss-n10-p400000bar.xyz,23,0.11342163994744167,,14.660948695562045,0.270643026497188,0.3249750059195854,,False,False,,,,,False,10,400000.0,2,73,000222.poscar,unary-W/W-00073-2.poscar,/home/tuzhengyu/work/WTaTi/W-potential/fcc-restart/05-rss-round-1/rss/minimized/unary-W/W-00073-2.poscar,W-potential/fcc-restart/05-rss-round-1/rss/raw/unary-W/W-00073.poscar,848d8942855a3f30ab4bbb64c468091ad86bb5e36a7fbd9d9ff575542c076e06,848d8942855a3f30ab4bbb64c468091ad86bb5e36a7fbd9d9ff575542c076e06
40.0,,rss_mini,40.0,rss-n10-p400000bar,W-potential/fcc-restart/05-rss-round-1/rss-selection/source-frames/rss-n10-p400000bar.xyz,24,0.013382332098270491,,14.297205517586463,0.07026898539648879,0.06946510575162629,,False,False,,,,,False,10,400000.0,2,74,000225.poscar,unary-W/W-00074-2.poscar,/home/tuzhengyu/work/WTaTi/W-potential/fcc-restart/05-rss-round-1/rss/minimized/unary-W/W-00074-2.poscar,W-potential/fcc-restart/05-rss-round-1/rss/raw/unary-W/W-00074.poscar,407d564d8bcceac4d1470727fab52419532727e58bfc8bde8124f69d9702d792,407d564d8bcceac4d1470727fab52419532727e58bfc8bde8124f69d9702d792
40.0,,rss_mini,40.0,rss-n10-p400000bar,W-potential/fcc-restart/05-rss-round-1/rss-selection/source-frames/rss-n10-p400000bar.xyz,25,0.25791875788045726,,15.173066150608577,0.3115912970791873,0.6865707196049935,,False,False,,,,,False,10,400000.0,2,75,000228.poscar,unary-W/W-00075-2.poscar,/home/tuzhengyu/work/WTaTi/W-potential/fcc-restart/05-rss-round-1/rss/minimized/unary-W/W-00075-2.poscar,W-potential/fcc-restart/05-rss-round-1/rss/raw/unary-W/W-00075.poscar,692d63204cb8f2c2e6dcc581474e1901eb64aa0813b1ab0e7a20a2dc568bddde,692d63204cb8f2c2e6dcc581474e1901eb64aa0813b1ab0e7a20a2dc568bddde
40.0,,rss_mini,40.0,rss-n10-p400000bar,W-potential/fcc-restart/05-rss-round-1/rss-selection/source-frames/rss-n10-p400000bar.xyz,26,0.18687502775690282,,14.935653037732763,0.1871646298771727,0.12684751162571212,,False,False,,,,,False,10,400000.0,2,76,000231.poscar,unary-W/W-00076-2.poscar,/home/tuzhengyu/work/WTaTi/W-potential/fcc-restart/05-rss-round-1/rss/minimized/unary-W/W-00076-2.poscar,W-potential/fcc-restart/05-rss-round-1/rss/raw/unary-W/W-00076.poscar,c2dd564de2d7ac0f83e35c7a1b2ba7e7d0f56963b5ab3f6d8719df3cdb91c7e8,c2dd564de2d7ac0f83e35c7a1b2ba7e7d0f56963b5ab3f6d8719df3cdb91c7e8
40.0,,rss_mini,40.0,rss-n10-p400000bar,W-potential/fcc-restart/05-rss-round-1/rss-selection/source-frames/rss-n10-p400000bar.xyz,27,0.01911505810801481,,14.332920216150498,0.1260868337815088,0.14371805757076359,,False,False,,,,,False,10,400000.0,2,77,000234.poscar,unary-W/W-00077-2.poscar,/home/tuzhengyu/work/WTaTi/W-potential/fcc-restart/05-rss-round-1/rss/minimized/unary-W/W-00077-2.poscar,W-potential/fcc-restart/05-rss-round-1/rss/raw/unary-W/W-00077.poscar,518ebe2def37793b47b6b7030bb222450db7d48bf6b79c8d4cc57a74334d1ac6,518ebe2def37793b47b6b7030bb222450db7d48bf6b79c8d4cc57a74334d1ac6
40.0,,rss_mini,40.0,rss-n10-p400000bar,W-potential/fcc-restart/05-rss-round-1/rss-selection/source-frames/rss-n10-p400000bar.xyz,28,0.05696833393346001,,14.31716013341991,0.2319240471128649,0.22275105426046327,,False,False,,,,,False,10,400000.0,2,78,000237.poscar,unary-W/W-00078-2.poscar,/home/tuzhengyu/work/WTaTi/W-potential/fcc-restart/05-rss-round-1/rss/minimized/unary-W/W-00078-2.poscar,W-potential/fcc-restart/05-rss-round-1/rss/raw/unary-W/W-00078.poscar,5e2d4a48ce73d6ae5c7ba0a8a89be2856fa0e21975f975ee4723296942a6b056,5e2d4a48ce73d6ae5c7ba0a8a89be2856fa0e21975f975ee4723296942a6b056
40.0,,rss_mini,40.0,rss-n10-p400000bar,W-potential/fcc-restart/05-rss-round-1/rss-selection/source-frames/rss-n10-p400000bar.xyz,29,0.1688195200267553,,14.832973300673624,0.33006623785102235,0.3682102498721665,,False,False,,,,,False,10,400000.0,2,79,000240.poscar,unary-W/W-00079-2.poscar,/home/tuzhengyu/work/WTaTi/W-potential/fcc-restart/05-rss-round-1/rss/minimized/unary-W/W-00079-2.poscar,W-potential/fcc-restart/05-rss-round-1/rss/raw/unary-W/W-00079.poscar,20c45e8f411c1fc92f6fcac7c682ffddc54d9146785a15332445824f02b1d78c,20c45e8f411c1fc92f6fcac7c682ffddc54d9146785a15332445824f02b1d78c
40.0,,rss_mini,40.0,rss-n10-p400000bar,W-potential/fcc-restart/05-rss-round-1/rss-selection/source-frames/rss-n10-p400000bar.xyz,30,0.014224890577914486,,14.2576648262306,0.04301555594125135,0.051012167237475266,,False,False,,,,,False,10,400000.0,2,80,000243.poscar,unary-W/W-00080-2.poscar,/home/tuzhengyu/work/WTaTi/W-potential/fcc-restart/05-rss-round-1/rss/minimized/unary-W/W-00080-2.poscar,W-potential/fcc-restart/05-rss-round-1/rss/raw/unary-W/W-00080.poscar,a49bab049a9b7e95e086b89bb1cffd45a87ceb99727e83c67f93985cb03dfd67,a49bab049a9b7e95e086b89bb1cffd45a87ceb99727e83c67f93985cb03dfd67
40.0,,rss_mini,40.0,rss-n10-p400000bar,W-potential/fcc-restart/05-rss-round-1/rss-selection/source-frames/rss-n10-p400000bar.xyz,31,0.042508344387116336,,14.274021792860134,0.18216397354563307,0.1745346414391046,,False,False,,,,,False,10,400000.0,2,81,000246.poscar,unary-W/W-00081-2.poscar,/home/tuzhengyu/work/WTaTi/W-potential/fcc-restart/05-rss-round-1/rss/minimized/unary-W/W-00081-2.poscar,W-potential/fcc-restart/05-rss-round-1/rss/raw/unary-W/W-00081.poscar,a888a3ccff99d987473d194ae3e11859b79fd113f4cd52d189e7832e22bf3555,a888a3ccff99d987473d194ae3e11859b79fd113f4cd52d189e7832e22bf3555
40.0,,rss_mini,40.0,rss-n10-p400000bar,W-potential/fcc-restart/05-rss-round-1/rss-selection/source-frames/rss-n10-p400000bar.xyz,32,0.057161255906231744,,14.278369404307915,0.25699657966899697,0.24635276475698537,,False,False,,,,,False,10,400000.0,2,82,000249.poscar,unary-W/W-00082-2.poscar,/home/tuzhengyu/work/WTaTi/W-potential/fcc-restart/05-rss-round-1/rss/minimized/unary-W/W-00082-2.poscar,W-potential/fcc-restart/05-rss-round-1/rss/raw/unary-W/W-00082.poscar,edd4968ca80839daf47e576c4d445c855f06b309a89a99e4443f7a15a6a8da72,edd4968ca80839daf47e576c4d445c855f06b309a89a99e4443f7a15a6a8da72
40.0,,rss_mini,40.0,rss-n10-p400000bar,W-potential/fcc-restart/05-rss-round-1/rss-selection/source-frames/rss-n10-p400000bar.xyz,33,0.06300193022255587,,14.253787461666215,0.16205040383912078,0.20157073039050957,,False,False,,,,,False,10,400000.0,2,83,000252.poscar,unary-W/W-00083-2.poscar,/home/tuzhengyu/work/WTaTi/W-potential/fcc-restart/05-rss-round-1/rss/minimized/unary-W/W-00083-2.poscar,W-potential/fcc-restart/05-rss-round-1/rss/raw/unary-W/W-00083.poscar,88db4b2991cd3c2fe0e9efbf457859d9ff57514e613b6aaa3d11ab816fc28493,88db4b2991cd3c2fe0e9efbf457859d9ff57514e613b6aaa3d11ab816fc28493
40.0,,rss_mini,40.0,rss-n10-p400000bar,W-potential/fcc-restart/05-rss-round-1/rss-selection/source-frames/rss-n10-p400000bar.xyz,34,0.0009317540147867865,,14.35409501727528,0.005734661842917937,0.0063635866606343225,,False,False,,,,,False,10,400000.0,2,84,000255.poscar,unary-W/W-00084-2.poscar,/home/tuzhengyu/work/WTaTi/W-potential/fcc-restart/05-rss-round-1/rss/minimized/unary-W/W-00084-2.poscar,W-potential/fcc-restart/05-rss-round-1/rss/raw/unary-W/W-00084.poscar,7c42fe7b7b64e2a6d18563a7c88db322124910c5c899d6739606daff569aab46,7c42fe7b7b64e2a6d18563a7c88db322124910c5c899d6739606daff569aab46
40.0,,rss_mini,40.0,rss-n10-p400000bar,W-potential/fcc-restart/05-rss-round-1/rss-selection/source-frames/rss-n10-p400000bar.xyz,35,0.0013860044236641811,,14.262908658699734,0.012896922989931432,0.013305371111338253,,False,False,,,,,False,10,400000.0,2,85,000258.poscar,unary-W/W-00085-2.poscar,/home/tuzhengyu/work/WTaTi/W-potential/fcc-restart/05-rss-round-1/rss/minimized/unary-W/W-00085-2.poscar,W-potential/fcc-restart/05-rss-round-1/rss/raw/unary-W/W-00085.poscar,da5c7dcf8cfc8988e497513a18ed613038e925292d8e8b59f755a27a88274a71,da5c7dcf8cfc8988e497513a18ed613038e925292d8e8b59f755a27a88274a71
40.0,,rss_mini,40.0,rss-n10-p400000bar,W-potential/fcc-restart/05-rss-round-1/rss-selection/source-frames/rss-n10-p400000bar.xyz,36,0.006659819701568085,,14.266223639510168,0.041212069652792185,0.04148294399339885,,False,False,,,,,False,10,400000.0,2,86,000261.poscar,unary-W/W-00086-2.poscar,/home/tuzhengyu/work/WTaTi/W-potential/fcc-restart/05-rss-round-1/rss/minimized/unary-W/W-00086-2.poscar,W-potential/fcc-restart/05-rss-round-1/rss/raw/unary-W/W-00086.poscar,07ca84e6295e05bc9c9a5c74d2bdada52ac427f504fc66ba40d80ebf1e199c5a,07ca84e6295e05bc9c9a5c74d2bdada52ac427f504fc66ba40d80ebf1e199c5a
40.0,,rss_mini,40.0,rss-n10-p400000bar,W-potential/fcc-restart/05-rss-round-1/rss-selection/source-frames/rss-n10-p400000bar.xyz,37,0.34099849284957934,,15.147845840204212,0.41667720923353885,0.4499709962963683,,False,False,,,,,False,10,400000.0,2,87,000264.poscar,unary-W/W-00087-2.poscar,/home/tuzhengyu/work/WTaTi/W-potential/fcc-restart/05-rss-round-1/rss/minimized/unary-W/W-00087-2.poscar,W-potential/fcc-restart/05-rss-round-1/rss/raw/unary-W/W-00087.poscar,c3091155365776aa80751b7a52825aa9bba9cccac5c14f0f7ad8196df587dab8,c3091155365776aa80751b7a52825aa9bba9cccac5c14f0f7ad8196df587dab8
40.0,,rss_mini,40.0,rss-n10-p400000bar,W-potential/fcc-restart/05-rss-round-1/rss-selection/source-frames/rss-n10-p400000bar.xyz,38,0.2347663252151183,,14.29382850134544,0.9824051932354354,1.1243744770185138,,False,False,,,,,False,10,400000.0,2,88,000267.poscar,unary-W/W-00088-2.poscar,/home/tuzhengyu/work/WTaTi/W-potential/fcc-restart/05-rss-round-1/rss/minimized/unary-W/W-00088-2.poscar,W-potential/fcc-restart/05-rss-round-1/rss/raw/unary-W/W-00088.poscar,2b015aa7b4caf76f66fb158c9a427088f6278ebcf16607fe14e72dd7ec13a1d7,2b015aa7b4caf76f66fb158c9a427088f6278ebcf16607fe14e72dd7ec13a1d7
40.0,,rss_mini,40.0,rss-n10-p400000bar,W-potential/fcc-restart/05-rss-round-1/rss-selection/source-frames/rss-n10-p400000bar.xyz,39,0.03657384473741475,,14.302659383788543,0.20296935339692887,0.19358796862565247,,False,False,,,,,False,10,400000.0,2,89,000270.poscar,unary-W/W-00089-2.poscar,/home/tuzhengyu/work/WTaTi/W-potential/fcc-restart/05-rss-round-1/rss/minimized/unary-W/W-00089-2.poscar,W-potential/fcc-restart/05-rss-round-1/rss/raw/unary-W/W-00089.poscar,c91208f40ba12e67594fb2dd5398a6fd2479a149826419dfee53b7d4177a869c,c91208f40ba12e67594fb2dd5398a6fd2479a149826419dfee53b7d4177a869c
40.0,,rss_mini,40.0,rss-n10-p400000bar,W-potential/fcc-restart/05-rss-round-1/rss-selection/source-frames/rss-n10-p400000bar.xyz,40,0.0567563124881769,,14.26723592066045,0.23901094796841982,0.2271395994571911,,False,False,,,,,False,10,400000.0,2,90,000273.poscar,unary-W/W-00090-2.poscar,/home/tuzhengyu/work/WTaTi/W-potential/fcc-restart/05-rss-round-1/rss/minimized/unary-W/W-00090-2.poscar,W-potential/fcc-restart/05-rss-round-1/rss/raw/unary-W/W-00090.poscar,b6ae6ee798acf2e64df313e3edead93cb64de3d88685b6743d5ef45b053bf6bd,b6ae6ee798acf2e64df313e3edead93cb64de3d88685b6743d5ef45b053bf6bd
40.0,,rss_mini,40.0,rss-n10-p400000bar,W-potential/fcc-restart/05-rss-round-1/rss-selection/source-frames/rss-n10-p400000bar.xyz,41,0.10074265649486285,,14.612576128783918,0.18089771717386818,0.199799809495826,,False,False,,,,,False,10,400000.0,2,91,000276.poscar,unary-W/W-00091-2.poscar,/home/tuzhengyu/work/WTaTi/W-potential/fcc-restart/05-rss-round-1/rss/minimized/unary-W/W-00091-2.poscar,W-potential/fcc-restart/05-rss-round-1/rss/raw/unary-W/W-00091.poscar,3afe601fa4af6e5e22c41ac27b822263f2852a0759fa6ebf0d6976f376ee1173,3afe601fa4af6e5e22c41ac27b822263f2852a0759fa6ebf0d6976f376ee1173
40.0,,rss_mini,40.0,rss-n10-p400000bar,W-potential/fcc-restart/05-rss-round-1/rss-selection/source-frames/rss-n10-p400000bar.xyz,42,0.0032423625307290978,,14.265222455150758,0.014487833184567027,0.015171377720906456,,False,False,,,,,False,10,400000.0,2,92,000279.poscar,unary-W/W-00092-2.poscar,/home/tuzhengyu/work/WTaTi/W-potential/fcc-restart/05-rss-round-1/rss/minimized/unary-W/W-00092-2.poscar,W-potential/fcc-restart/05-rss-round-1/rss/raw/unary-W/W-00092.poscar,fe039e7caebb6cf6c68dc3b3e9bf749a9dddfbc821e26ff58f5bcce63727bb62,fe039e7caebb6cf6c68dc3b3e9bf749a9dddfbc821e26ff58f5bcce63727bb62
40.0,,rss_mini,40.0,rss-n10-p400000bar,W-potential/fcc-restart/05-rss-round-1/rss-selection/source-frames/rss-n10-p400000bar.xyz,43,0.002096915701812229,,14.308676984014033,0.016558651410637778,0.01765604656089622,,False,False,,,,,False,10,400000.0,2,93,000282.poscar,unary-W/W-00093-2.poscar,/home/tuzhengyu/work/WTaTi/W-potential/fcc-restart/05-rss-round-1/rss/minimized/unary-W/W-00093-2.poscar,W-potential/fcc-restart/05-rss-round-1/rss/raw/unary-W/W-00093.poscar,c6165c20ad3ec36f6324a55e290663958bc5464933a2d86f758e76314d2574ee,c6165c20ad3ec36f6324a55e290663958bc5464933a2d86f758e76314d2574ee
40.0,,rss_mini,40.0,rss-n10-p400000bar,W-potential/fcc-restart/05-rss-round-1/rss-selection/source-frames/rss-n10-p400000bar.xyz,44,0.008444344558943355,,14.67540978630704,0.030471295405596264,0.03132988497908735,,False,False,,,,,False,10,400000.0,2,94,000285.poscar,unary-W/W-00094-2.poscar,/home/tuzhengyu/work/WTaTi/W-potential/fcc-restart/05-rss-round-1/rss/minimized/unary-W/W-00094-2.poscar,W-potential/fcc-restart/05-rss-round-1/rss/raw/unary-W/W-00094.poscar,8e5b8965f97d4850035b931db956a12fc251f395bfb7881a1c6cf640e9513994,8e5b8965f97d4850035b931db956a12fc251f395bfb7881a1c6cf640e9513994
40.0,,rss_mini,40.0,rss-n10-p400000bar,W-potential/fcc-restart/05-rss-round-1/rss-selection/source-frames/rss-n10-p400000bar.xyz,45,0.2910563562254742,,14.804062850475216,0.3476909578736689,0.34641162125531083,,False,False,,,,,False,10,400000.0,2,95,000288.poscar,unary-W/W-00095-2.poscar,/home/tuzhengyu/work/WTaTi/W-potential/fcc-restart/05-rss-round-1/rss/minimized/unary-W/W-00095-2.poscar,W-potential/fcc-restart/05-rss-round-1/rss/raw/unary-W/W-00095.poscar,e27d2d5301f2d15d2884979387697790f063ae2b84f8fe81e3eec8e5042bab23,e27d2d5301f2d15d2884979387697790f063ae2b84f8fe81e3eec8e5042bab23
40.0,,rss_mini,40.0,rss-n10-p400000bar,W-potential/fcc-restart/05-rss-round-1/rss-selection/source-frames/rss-n10-p400000bar.xyz,46,0.0024336327608618855,,14.258366665359066,0.01058147118230918,0.011214744795930731,,False,False,,,,,False,10,400000.0,2,96,000291.poscar,unary-W/W-00096-2.poscar,/home/tuzhengyu/work/WTaTi/W-potential/fcc-restart/05-rss-round-1/rss/minimized/unary-W/W-00096-2.poscar,W-potential/fcc-restart/05-rss-round-1/rss/raw/unary-W/W-00096.poscar,4be2fe2b79fd2c46e9a4a18ef33816831c6475586112fe71d07f8b4b76387c49,4be2fe2b79fd2c46e9a4a18ef33816831c6475586112fe71d07f8b4b76387c49
40.0,,rss_mini,40.0,rss-n10-p400000bar,W-potential/fcc-restart/05-rss-round-1/rss-selection/source-frames/rss-n10-p400000bar.xyz,47,0.046388975514319856,,14.667318792719438,0.1515556549614922,0.18244064901224055,,False,False,,,,,False,10,400000.0,2,97,000294.poscar,unary-W/W-00097-2.poscar,/home/tuzhengyu/work/WTaTi/W-potential/fcc-restart/05-rss-round-1/rss/minimized/unary-W/W-00097-2.poscar,W-potential/fcc-restart/05-rss-round-1/rss/raw/unary-W/W-00097.poscar,dc39c0402bd98314cbc7cafa4f3f7737216af1047083fc7aa9b6cccbc4eb0c22,dc39c0402bd98314cbc7cafa4f3f7737216af1047083fc7aa9b6cccbc4eb0c22
40.0,,rss_mini,40.0,rss-n10-p400000bar,W-potential/fcc-restart/05-rss-round-1/rss-selection/source-frames/rss-n10-p400000bar.xyz,48,0.07306333508238005,,14.323140207200689,0.4099554185063845,0.4068076386452459,,False,False,,,,,False,10,400000.0,2,98,000297.poscar,unary-W/W-00098-2.poscar,/home/tuzhengyu/work/WTaTi/W-potential/fcc-restart/05-rss-round-1/rss/minimized/unary-W/W-00098-2.poscar,W-potential/fcc-restart/05-rss-round-1/rss/raw/unary-W/W-00098.poscar,7c4699b62db9f4eae9317e911b3821d417c034c6841821d24ea2363f71fdf6c3,7c4699b62db9f4eae9317e911b3821d417c034c6841821d24ea2363f71fdf6c3
40.0,,rss_mini,40.0,rss-n10-p400000bar,W-potential/fcc-restart/05-rss-round-1/rss-selection/source-frames/rss-n10-p400000bar.xyz,49,0.0004757152780654346,,14.756786387870164,0.005419070840754544,0.0054286311335229875,,False,False,,,,,False,10,400000.0,2,99,000300.poscar,unary-W/W-00099-2.poscar,/home/tuzhengyu/work/WTaTi/W-potential/fcc-restart/05-rss-round-1/rss/minimized/unary-W/W-00099-2.poscar,W-potential/fcc-restart/05-rss-round-1/rss/raw/unary-W/W-00099.poscar,c5cf89a84c7602850a48c968599249b3f66be949be09db26832bb91e2334294e,c5cf89a84c7602850a48c968599249b3f66be949be09db26832bb91e2334294e
0.0,,rss_mini,0.0,rss-n12-p0bar,W-potential/fcc-restart/05-rss-round-1/rss-selection/source-frames/rss-n12-p0bar.xyz,0,0.013429727986107611,,16.522347301547754,0.06683326784233956,0.0740338021445824,,False,False,,,,,False,12,0.0,0,100,000301.poscar,unary-W/W-00100-0.poscar,/home/tuzhengyu/work/WTaTi/W-potential/fcc-restart/05-rss-round-1/rss/minimized/unary-W/W-00100-0.poscar,W-potential/fcc-restart/05-rss-round-1/rss/raw/unary-W/W-00100.poscar,efc84f3af6a48b6a59cae7f63f00c2c5920823a5d7bee5f9ff346160c671b8e3,efc84f3af6a48b6a59cae7f63f00c2c5920823a5d7bee5f9ff346160c671b8e3
0.0,,rss_mini,0.0,rss-n12-p0bar,W-potential/fcc-restart/05-rss-round-1/rss-selection/source-frames/rss-n12-p0bar.xyz,1,0.014680329218719682,,15.8516252604714,0.06173031639524648,0.05759169225741436,,False,False,,,,,False,12,0.0,0,101,000304.poscar,unary-W/W-00101-0.poscar,/home/tuzhengyu/work/WTaTi/W-potential/fcc-restart/05-rss-round-1/rss/minimized/unary-W/W-00101-0.poscar,W-potential/fcc-restart/05-rss-round-1/rss/raw/unary-W/W-00101.poscar,448f43eeb3f999cd536f5afd3e0aaa439c7847417baa315ece24ff3345cb598b,448f43eeb3f999cd536f5afd3e0aaa439c7847417baa315ece24ff3345cb598b
0.0,,rss_mini,0.0,rss-n12-p0bar,W-potential/fcc-restart/05-rss-round-1/rss-selection/source-frames/rss-n12-p0bar.xyz,2,0.014073885632522523,,15.836220118962665,0.0648394719823868,0.06123647519802496,,False,False,,,,,False,12,0.0,0,102,000307.poscar,unary-W/W-00102-0.poscar,/home/tuzhengyu/work/WTaTi/W-potential/fcc-restart/05-rss-round-1/rss/minimized/unary-W/W-00102-0.poscar,W-potential/fcc-restart/05-rss-round-1/rss/raw/unary-W/W-00102.poscar,c95ea2575134bf6d89c40f93740ddc071540d5a51247b8c7f02b506104685af3,c95ea2575134bf6d89c40f93740ddc071540d5a51247b8c7f02b506104685af3
0.0,,rss_mini,0.0,rss-n12-p0bar,W-potential/fcc-restart/05-rss-round-1/rss-selection/source-frames/rss-n12-p0bar.xyz,3,0.005077519657702614,,16.24577125751511,0.010834086730988061,0.012489849545912108,,False,False,,,,,False,12,0.0,0,103,000310.poscar,unary-W/W-00103-0.poscar,/home/tuzhengyu/work/WTaTi/W-potential/fcc-restart/05-rss-round-1/rss/minimized/unary-W/W-00103-0.poscar,W-potential/fcc-restart/05-rss-round-1/rss/raw/unary-W/W-00103.poscar,ecb006ca73eebcce578d4bf326c544de6313a75d6d7060dc611ffcd7ba2fb29a,ecb006ca73eebcce578d4bf326c544de6313a75d6d7060dc611ffcd7ba2fb29a
0.0,,rss_mini,0.0,rss-n12-p0bar,W-potential/fcc-restart/05-rss-round-1/rss-selection/source-frames/rss-n12-p0bar.xyz,4,0.3185108166940196,,16.796437617133623,0.25324650559392375,0.41597383032482305,,False,False,,,,,False,12,0.0,0,104,000313.poscar,unary-W/W-00104-0.poscar,/home/tuzhengyu/work/WTaTi/W-potential/fcc-restart/05-rss-round-1/rss/minimized/unary-W/W-00104-0.poscar,W-potential/fcc-restart/05-rss-round-1/rss/raw/unary-W/W-00104.poscar,e4d2333d80f3658522f78dfa0e7e2d095417d97db5b4d8dc4a1a1b155d073288,e4d2333d80f3658522f78dfa0e7e2d095417d97db5b4d8dc4a1a1b155d073288
0.0,,rss_mini,0.0,rss-n12-p0bar,W-potential/fcc-restart/05-rss-round-1/rss-selection/source-frames/rss-n12-p0bar.xyz,5,0.12304058283149047,,16.772009653993873,0.24847601972288777,0.20854568974488574,,False,False,,,,,False,12,0.0,0,105,000316.poscar,unary-W/W-00105-0.poscar,/home/tuzhengyu/work/WTaTi/W-potential/fcc-restart/05-rss-round-1/rss/minimized/unary-W/W-00105-0.poscar,W-potential/fcc-restart/05-rss-round-1/rss/raw/unary-W/W-00105.poscar,76b905072dd5f7a1c94bcbb8da13af35ab6a0e4f215d5ca9046dd382eeb4dbdb,76b905072dd5f7a1c94bcbb8da13af35ab6a0e4f215d5ca9046dd382eeb4dbdb
0.0,,rss_mini,0.0,rss-n12-p0bar,W-potential/fcc-restart/05-rss-round-1/rss-selection/source-frames/rss-n12-p0bar.xyz,6,0.01040225544289852,,15.851814749194384,0.04857568849811137,0.04936693797837994,,False,False,,,,,False,12,0.0,0,106,000319.poscar,unary-W/W-00106-0.poscar,/home/tuzhengyu/work/WTaTi/W-potential/fcc-restart/05-rss-round-1/rss/minimized/unary-W/W-00106-0.poscar,W-potential/fcc-restart/05-rss-round-1/rss/raw/unary-W/W-00106.poscar,56fc44b6244d33e1f4dd4d4477688323f92c0091d1788263354c88b5a563e814,56fc44b6244d33e1f4dd4d4477688323f92c0091d1788263354c88b5a563e814
0.0,,rss_mini,0.0,rss-n12-p0bar,W-potential/fcc-restart/05-rss-round-1/rss-selection/source-frames/rss-n12-p0bar.xyz,7,0.20167348920463712,,16.266565944557602,0.1502881101336795,0.08663431309382484,,False,False,,,,,False,12,0.0,0,107,000322.poscar,unary-W/W-00107-0.poscar,/home/tuzhengyu/work/WTaTi/W-potential/fcc-restart/05-rss-round-1/rss/minimized/unary-W/W-00107-0.poscar,W-potential/fcc-restart/05-rss-round-1/rss/raw/unary-W/W-00107.poscar,30abb1cf9c6c7f55b9c0e40ac7f7157018ee17a5c0f8f301dac3bb8ef964f059,30abb1cf9c6c7f55b9c0e40ac7f7157018ee17a5c0f8f301dac3bb8ef964f059
0.0,,rss_mini,0.0,rss-n12-p0bar,W-potential/fcc-restart/05-rss-round-1/rss-selection/source-frames/rss-n12-p0bar.xyz,8,0.1265943916086022,,16.910114839274645,0.17769189777685726,0.30553987222881984,,False,False,,,,,False,12,0.0,0,108,000325.poscar,unary-W/W-00108-0.poscar,/home/tuzhengyu/work/WTaTi/W-potential/fcc-restart/05-rss-round-1/rss/minimized/unary-W/W-00108-0.poscar,W-potential/fcc-restart/05-rss-round-1/rss/raw/unary-W/W-00108.poscar,f2e8edb841ee89fdc53e0079f3da778538f59b1dab07b5a85d77f3016b8022c7,f2e8edb841ee89fdc53e0079f3da778538f59b1dab07b5a85d77f3016b8022c7
0.0,,rss_mini,0.0,rss-n12-p0bar,W-potential/fcc-restart/05-rss-round-1/rss-selection/source-frames/rss-n12-p0bar.xyz,9,0.008050028884630281,,15.824212519724732,0.04209006215807022,0.04451350763747474,,False,False,,,,,False,12,0.0,0,109,000328.poscar,unary-W/W-00109-0.poscar,/home/tuzhengyu/work/WTaTi/W-potential/fcc-restart/05-rss-round-1/rss/minimized/unary-W/W-00109-0.poscar,W-potential/fcc-restart/05-rss-round-1/rss/raw/unary-W/W-00109.poscar,bb1aaefbfd1468b7b707750bfe25e8f1f6d9db78377687c6be09eb47ca243b9a,bb1aaefbfd1468b7b707750bfe25e8f1f6d9db78377687c6be09eb47ca243b9a
0.0,,rss_mini,0.0,rss-n12-p0bar,W-potential/fcc-restart/05-rss-round-1/rss-selection/source-frames/rss-n12-p0bar.xyz,10,0.021366602774343012,,15.980213000234796,0.10671992839682931,0.10758753493252533,,False,False,,,,,False,12,0.0,0,110,000331.poscar,unary-W/W-00110-0.poscar,/home/tuzhengyu/work/WTaTi/W-potential/fcc-restart/05-rss-round-1/rss/minimized/unary-W/W-00110-0.poscar,W-potential/fcc-restart/05-rss-round-1/rss/raw/unary-W/W-00110.poscar,546d82511c4ae6c027b94a694a7de6eade126c1771260e43739334e75b52cd6d,546d82511c4ae6c027b94a694a7de6eade126c1771260e43739334e75b52cd6d
0.0,,rss_mini,0.0,rss-n12-p0bar,W-potential/fcc-restart/05-rss-round-1/rss-selection/source-frames/rss-n12-p0bar.xyz,11,0.004897377330891854,,16.012331750455523,0.023860048856380378,0.026599412221571028,,False,False,,,,,False,12,0.0,0,111,000334.poscar,unary-W/W-00111-0.poscar,/home/tuzhengyu/work/WTaTi/W-potential/fcc-restart/05-rss-round-1/rss/minimized/unary-W/W-00111-0.poscar,W-potential/fcc-restart/05-rss-round-1/rss/raw/unary-W/W-00111.poscar,b63c3e46ec2e19ea948a21d858fb81d3774362da7473d87101903a888229b9ef,b63c3e46ec2e19ea948a21d858fb81d3774362da7473d87101903a888229b9ef
0.0,,rss_mini,0.0,rss-n12-p0bar,W-potential/fcc-restart/05-rss-round-1/rss-selection/source-frames/rss-n12-p0bar.xyz,12,0.04992593253421042,,16.47691907744346,0.11088291412222794,0.1128015560096415,,False,False,,,,,False,12,0.0,0,112,000337.poscar,unary-W/W-00112-0.poscar,/home/tuzhengyu/work/WTaTi/W-potential/fcc-restart/05-rss-round-1/rss/minimized/unary-W/W-00112-0.poscar,W-potential/fcc-restart/05-rss-round-1/rss/raw/unary-W/W-00112.poscar,399400f62f78d50f6a3e8177f6d96ff67fdc9cc33067d5b3097a6df6fda444ab,399400f62f78d50f6a3e8177f6d96ff67fdc9cc33067d5b3097a6df6fda444ab
0.0,,rss_mini,0.0,rss-n12-p0bar,W-potential/fcc-restart/05-rss-round-1/rss-selection/source-frames/rss-n12-p0bar.xyz,13,0.13624656348596756,,15.980249882440246,0.6917329603881133,0.7394006781475051,,False,False,,,,,False,12,0.0,0,113,000340.poscar,unary-W/W-00113-0.poscar,/home/tuzhengyu/work/WTaTi/W-potential/fcc-restart/05-rss-round-1/rss/minimized/unary-W/W-00113-0.poscar,W-potential/fcc-restart/05-rss-round-1/rss/raw/unary-W/W-00113.poscar,324dae6b816636ad0cdd822ac65c8d0e7558fec8850e81e7fc9e35e3dd1b65ac,324dae6b816636ad0cdd822ac65c8d0e7558fec8850e81e7fc9e35e3dd1b65ac
0.0,,rss_mini,0.0,rss-n12-p0bar,W-potential/fcc-restart/05-rss-round-1/rss-selection/source-frames/rss-n12-p0bar.xyz,14,0.14681724715356803,,16.57051451545399,1.7404350977085719,1.7259261197210631,,False,False,,,,,False,12,0.0,0,114,000343.poscar,unary-W/W-00114-0.poscar,/home/tuzhengyu/work/WTaTi/W-potential/fcc-restart/05-rss-round-1/rss/minimized/unary-W/W-00114-0.poscar,W-potential/fcc-restart/05-rss-round-1/rss/raw/unary-W/W-00114.poscar,cc1f6823ae937b4b9a144f4e2b47f48454046655740d33e19d46e9fb8cb4c9be,cc1f6823ae937b4b9a144f4e2b47f48454046655740d33e19d46e9fb8cb4c9be
0.0,,rss_mini,0.0,rss-n12-p0bar,W-potential/fcc-restart/05-rss-round-1/rss-selection/source-frames/rss-n12-p0bar.xyz,15,0.09672662959062887,,15.792059531178458,0.33730219593099653,0.3417284271877046,,False,False,,,,,False,12,0.0,0,115,000346.poscar,unary-W/W-00115-0.poscar,/home/tuzhengyu/work/WTaTi/W-potential/fcc-restart/05-rss-round-1/rss/minimized/unary-W/W-00115-0.poscar,W-potential/fcc-restart/05-rss-round-1/rss/raw/unary-W/W-00115.poscar,0f202afffde6bad0d550317f1ba40b97c6dfb5e80918705b6ab6575ce998fc28,0f202afffde6bad0d550317f1ba40b97c6dfb5e80918705b6ab6575ce998fc28
0.0,,rss_mini,0.0,rss-n12-p0bar,W-potential/fcc-restart/05-rss-round-1/rss-selection/source-frames/rss-n12-p0bar.xyz,16,0.21182749651630822,,16.821387339247757,0.24435090357408323,0.37290822272953855,,False,False,,,,,False,12,0.0,0,116,000349.poscar,unary-W/W-00116-0.poscar,/home/tuzhengyu/work/WTaTi/W-potential/fcc-restart/05-rss-round-1/rss/minimized/unary-W/W-00116-0.poscar,W-potential/fcc-restart/05-rss-round-1/rss/raw/unary-W/W-00116.poscar,e6d3753cbcb2b4420046e2b339ab9a90350f1fe6a5ec065165a6b30a71d042ff,e6d3753cbcb2b4420046e2b339ab9a90350f1fe6a5ec065165a6b30a71d042ff
0.0,,rss_mini,0.0,rss-n12-p0bar,W-potential/fcc-restart/05-rss-round-1/rss-selection/source-frames/rss-n12-p0bar.xyz,17,0.08628712074434995,,16.263853524809125,0.3682324201648255,0.3679974619423443,,False,False,,,,,False,12,0.0,0,117,000352.poscar,unary-W/W-00117-0.poscar,/home/tuzhengyu/work/WTaTi/W-potential/fcc-restart/05-rss-round-1/rss/minimized/unary-W/W-00117-0.poscar,W-potential/fcc-restart/05-rss-round-1/rss/raw/unary-W/W-00117.poscar,53082c07de96803e10950bc3c36e460170a9f10a64f347110e5f1cdd7ce157a6,53082c07de96803e10950bc3c36e460170a9f10a64f347110e5f1cdd7ce157a6
0.0,,rss_mini,0.0,rss-n12-p0bar,W-potential/fcc-restart/05-rss-round-1/rss-selection/source-frames/rss-n12-p0bar.xyz,18,0.015516042390484394,,15.823285544654818,0.07470420064778523,0.0704989752933908,,False,False,,,,,False,12,0.0,0,118,000355.poscar,unary-W/W-00118-0.poscar,/home/tuzhengyu/work/WTaTi/W-potential/fcc-restart/05-rss-round-1/rss/minimized/unary-W/W-00118-0.poscar,W-potential/fcc-restart/05-rss-round-1/rss/raw/unary-W/W-00118.poscar,731afea55ee4bfd906f6989d565a2ce2c2ee31c40a155f61ae819c336dbcb9ed,731afea55ee4bfd906f6989d565a2ce2c2ee31c40a155f61ae819c336dbcb9ed
0.0,,rss_mini,0.0,rss-n12-p0bar,W-potential/fcc-restart/05-rss-round-1/rss-selection/source-frames/rss-n12-p0bar.xyz,19,0.15084237799397865,,16.3217201683352,0.5682546921076966,0.5941956500625895,,False,False,,,,,False,12,0.0,0,119,000358.poscar,unary-W/W-00119-0.poscar,/home/tuzhengyu/work/WTaTi/W-potential/fcc-restart/05-rss-round-1/rss/minimized/unary-W/W-00119-0.poscar,W-potential/fcc-restart/05-rss-round-1/rss/raw/unary-W/W-00119.poscar,4f9668904b4a8a4525c3dab5d21ca048e99c048dd87c6f25f03b779adbb4704f,4f9668904b4a8a4525c3dab5d21ca048e99c048dd87c6f25f03b779adbb4704f
0.0,,rss_mini,0.0,rss-n12-p0bar,W-potential/fcc-restart/05-rss-round-1/rss-selection/source-frames/rss-n12-p0bar.xyz,20,0.11100971153845361,,16.266692453491178,0.16164560459256722,0.19301509716945506,,False,False,,,,,False,12,0.0,0,120,000361.poscar,unary-W/W-00120-0.poscar,/home/tuzhengyu/work/WTaTi/W-potential/fcc-restart/05-rss-round-1/rss/minimized/unary-W/W-00120-0.poscar,W-potential/fcc-restart/05-rss-round-1/rss/raw/unary-W/W-00120.poscar,20675bdae6e434f90786c5d47839ce4ccf7095994c242b47087a00325f9d0a5a,20675bdae6e434f90786c5d47839ce4ccf7095994c242b47087a00325f9d0a5a
0.0,,rss_mini,0.0,rss-n12-p0bar,W-potential/fcc-restart/05-rss-round-1/rss-selection/source-frames/rss-n12-p0bar.xyz,21,7.511701038936978e-05,,16.44585234675662,0.0009513059942263097,0.0009805796774583109,,False,False,,,,,False,12,0.0,0,121,000364.poscar,unary-W/W-00121-0.poscar,/home/tuzhengyu/work/WTaTi/W-potential/fcc-restart/05-rss-round-1/rss/minimized/unary-W/W-00121-0.poscar,W-potential/fcc-restart/05-rss-round-1/rss/raw/unary-W/W-00121.poscar,e5d667eae692764d9518fd59477f0c35089345b1ea4663ca6240ec4647ac6e3a,e5d667eae692764d9518fd59477f0c35089345b1ea4663ca6240ec4647ac6e3a
0.0,,rss_mini,0.0,rss-n12-p0bar,W-potential/fcc-restart/05-rss-round-1/rss-selection/source-frames/rss-n12-p0bar.xyz,22,0.016805144543597987,,16.00072607992829,0.07272830388473721,0.06263612745837299,,False,False,,,,,False,12,0.0,0,122,000367.poscar,unary-W/W-00122-0.poscar,/home/tuzhengyu/work/WTaTi/W-potential/fcc-restart/05-rss-round-1/rss/minimized/unary-W/W-00122-0.poscar,W-potential/fcc-restart/05-rss-round-1/rss/raw/unary-W/W-00122.poscar,d19e3e6d6699b78836ec8eac2762327f2654f71031fdff506bb688cd8e83e99b,d19e3e6d6699b78836ec8eac2762327f2654f71031fdff506bb688cd8e83e99b
0.0,,rss_mini,0.0,rss-n12-p0bar,W-potential/fcc-restart/05-rss-round-1/rss-selection/source-frames/rss-n12-p0bar.xyz,23,0.008864056628474013,,15.813417692607233,0.03900202301132772,0.03810778819196392,,False,False,,,,,False,12,0.0,0,123,000370.poscar,unary-W/W-00123-0.poscar,/home/tuzhengyu/work/WTaTi/W-potential/fcc-restart/05-rss-round-1/rss/minimized/unary-W/W-00123-0.poscar,W-potential/fcc-restart/05-rss-round-1/rss/raw/unary-W/W-00123.poscar,f76b8a195e38962da69ab13ee58250e3be054ebbafc2c05cbde01aa947341515,f76b8a195e38962da69ab13ee58250e3be054ebbafc2c05cbde01aa947341515
0.0,,rss_mini,0.0,rss-n12-p0bar,W-potential/fcc-restart/05-rss-round-1/rss-selection/source-frames/rss-n12-p0bar.xyz,24,0.14479115790876548,,16.67645858523642,0.26109047315168527,0.2601935268248967,,False,False,,,,,False,12,0.0,0,124,000373.poscar,unary-W/W-00124-0.poscar,/home/tuzhengyu/work/WTaTi/W-potential/fcc-restart/05-rss-round-1/rss/minimized/unary-W/W-00124-0.poscar,W-potential/fcc-restart/05-rss-round-1/rss/raw/unary-W/W-00124.poscar,2d5e64093b6c6e3e3afd59f394d9c717267921b77fccf4d15c65b1cb7a3db69b,2d5e64093b6c6e3e3afd59f394d9c717267921b77fccf4d15c65b1cb7a3db69b
0.0,,rss_mini,0.0,rss-n12-p0bar,W-potential/fcc-restart/05-rss-round-1/rss-selection/source-frames/rss-n12-p0bar.xyz,25,0.10140798810384682,,16.224484010844076,0.2919381537333991,0.33441713554025043,,False,False,,,,,False,12,0.0,0,125,000376.poscar,unary-W/W-00125-0.poscar,/home/tuzhengyu/work/WTaTi/W-potential/fcc-restart/05-rss-round-1/rss/minimized/unary-W/W-00125-0.poscar,W-potential/fcc-restart/05-rss-round-1/rss/raw/unary-W/W-00125.poscar,fddf94960a82d3f96ad9af0727b37aae05221a37c47a19ad2628dd4fd021c6d3,fddf94960a82d3f96ad9af0727b37aae05221a37c47a19ad2628dd4fd021c6d3
0.0,,rss_mini,0.0,rss-n12-p0bar,W-potential/fcc-restart/05-rss-round-1/rss-selection/source-frames/rss-n12-p0bar.xyz,26,0.17143795007538326,,17.30745849516575,0.14402237165631324,0.21171026019412292,,False,False,,,,,False,12,0.0,0,126,000379.poscar,unary-W/W-00126-0.poscar,/home/tuzhengyu/work/WTaTi/W-potential/fcc-restart/05-rss-round-1/rss/minimized/unary-W/W-00126-0.poscar,W-potential/fcc-restart/05-rss-round-1/rss/raw/unary-W/W-00126.poscar,16db677a5eea8b531e3ea4a83f24be6baf99256dbe426a6b6eb7382ca8fe2e4f,16db677a5eea8b531e3ea4a83f24be6baf99256dbe426a6b6eb7382ca8fe2e4f
0.0,,rss_mini,0.0,rss-n12-p0bar,W-potential/fcc-restart/05-rss-round-1/rss-selection/source-frames/rss-n12-p0bar.xyz,27,0.1293406240417667,,16.44620742590016,0.20306413359402778,0.1783238593635086,,False,False,,,,,False,12,0.0,0,127,000382.poscar,unary-W/W-00127-0.poscar,/home/tuzhengyu/work/WTaTi/W-potential/fcc-restart/05-rss-round-1/rss/minimized/unary-W/W-00127-0.poscar,W-potential/fcc-restart/05-rss-round-1/rss/raw/unary-W/W-00127.poscar,eb1fbc37d670930d33792ee2670121dffcda731fd6e97ff854f579de643810f2,eb1fbc37d670930d33792ee2670121dffcda731fd6e97ff854f579de643810f2
0.0,,rss_mini,0.0,rss-n12-p0bar,W-potential/fcc-restart/05-rss-round-1/rss-selection/source-frames/rss-n12-p0bar.xyz,28,0.113595071552023,,16.480608120758664,0.1957109454080657,0.1947607692515642,,False,False,,,,,False,12,0.0,0,128,000385.poscar,unary-W/W-00128-0.poscar,/home/tuzhengyu/work/WTaTi/W-potential/fcc-restart/05-rss-round-1/rss/minimized/unary-W/W-00128-0.poscar,W-potential/fcc-restart/05-rss-round-1/rss/raw/unary-W/W-00128.poscar,5d8cc6f19b7ed5cf22e839ed6150ced991a8c3dc65bddf1afd0d1eb46e4ed000,5d8cc6f19b7ed5cf22e839ed6150ced991a8c3dc65bddf1afd0d1eb46e4ed000
0.0,,rss_mini,0.0,rss-n12-p0bar,W-potential/fcc-restart/05-rss-round-1/rss-selection/source-frames/rss-n12-p0bar.xyz,29,0.09166709305273753,,16.34831649086377,0.10809804899248904,0.1272083470472993,,False,False,,,,,False,12,0.0,0,129,000388.poscar,unary-W/W-00129-0.poscar,/home/tuzhengyu/work/WTaTi/W-potential/fcc-restart/05-rss-round-1/rss/minimized/unary-W/W-00129-0.poscar,W-potential/fcc-restart/05-rss-round-1/rss/raw/unary-W/W-00129.poscar,d236ec64c6dcc6b17fc40c038f04e1e2d6ebb4a80cff2084575391409c42701a,d236ec64c6dcc6b17fc40c038f04e1e2d6ebb4a80cff2084575391409c42701a
0.0,,rss_mini,0.0,rss-n12-p0bar,W-potential/fcc-restart/05-rss-round-1/rss-selection/source-frames/rss-n12-p0bar.xyz,30,0.058444948276433616,,15.785379630956562,0.1927729539810712,0.1771495244813106,,False,False,,,,,False,12,0.0,0,130,000391.poscar,unary-W/W-00130-0.poscar,/home/tuzhengyu/work/WTaTi/W-potential/fcc-restart/05-rss-round-1/rss/minimized/unary-W/W-00130-0.poscar,W-potential/fcc-restart/05-rss-round-1/rss/raw/unary-W/W-00130.poscar,03606695459db6b59e3a1b36d720e91d7f89669038de5921961b6cd05e092539,03606695459db6b59e3a1b36d720e91d7f89669038de5921961b6cd05e092539
0.0,,rss_mini,0.0,rss-n12-p0bar,W-potential/fcc-restart/05-rss-round-1/rss-selection/source-frames/rss-n12-p0bar.xyz,31,0.20064773975360112,,17.34742401501875,0.15540646364852004,0.26042319696173527,,False,False,,,,,False,12,0.0,0,131,000394.poscar,unary-W/W-00131-0.poscar,/home/tuzhengyu/work/WTaTi/W-potential/fcc-restart/05-rss-round-1/rss/minimized/unary-W/W-00131-0.poscar,W-potential/fcc-restart/05-rss-round-1/rss/raw/unary-W/W-00131.poscar,2ceb916f87b9f3bd37f9ed9ea7ba38f0f193f9685f7df33fa01be99f6124ab1a,2ceb916f87b9f3bd37f9ed9ea7ba38f0f193f9685f7df33fa01be99f6124ab1a
0.0,,rss_mini,0.0,rss-n12-p0bar,W-potential/fcc-restart/05-rss-round-1/rss-selection/source-frames/rss-n12-p0bar.xyz,32,0.0801341009431397,,16.261698478652566,0.17006259656490413,0.18903315914354538,,False,False,,,,,False,12,0.0,0,132,000397.poscar,unary-W/W-00132-0.poscar,/home/tuzhengyu/work/WTaTi/W-potential/fcc-restart/05-rss-round-1/rss/minimized/unary-W/W-00132-0.poscar,W-potential/fcc-restart/05-rss-round-1/rss/raw/unary-W/W-00132.poscar,55e06434f808dcce3a7ccce04d9bfd6a16eeaa5e52354ffe1cd008722a7eeb97,55e06434f808dcce3a7ccce04d9bfd6a16eeaa5e52354ffe1cd008722a7eeb97
0.0,,rss_mini,0.0,rss-n12-p0bar,W-potential/fcc-restart/05-rss-round-1/rss-selection/source-frames/rss-n12-p0bar.xyz,33,0.017843108923342132,,15.81992122799216,0.10477089469250073,0.09144132744292037,,False,False,,,,,False,12,0.0,0,133,000400.poscar,unary-W/W-00133-0.poscar,/home/tuzhengyu/work/WTaTi/W-potential/fcc-restart/05-rss-round-1/rss/minimized/unary-W/W-00133-0.poscar,W-potential/fcc-restart/05-rss-round-1/rss/raw/unary-W/W-00133.poscar,18d6685c958694f09bc872225141cad1848eb3a1b4a80d1c770cd9c7705a41ce,18d6685c958694f09bc872225141cad1848eb3a1b4a80d1c770cd9c7705a41ce
0.0,,rss_mini,0.0,rss-n12-p0bar,W-potential/fcc-restart/05-rss-round-1/rss-selection/source-frames/rss-n12-p0bar.xyz,34,0.18136224675617682,,16.025055775258373,0.9249645523183628,1.0062945513023906,,False,False,,,,,False,12,0.0,0,134,000403.poscar,unary-W/W-00134-0.poscar,/home/tuzhengyu/work/WTaTi/W-potential/fcc-restart/05-rss-round-1/rss/minimized/unary-W/W-00134-0.poscar,W-potential/fcc-restart/05-rss-round-1/rss/raw/unary-W/W-00134.poscar,5f8ca1bbd57edcda0b8228a749e5b6b386d041e3b2f6aca4a66191cb8026ea72,5f8ca1bbd57edcda0b8228a749e5b6b386d041e3b2f6aca4a66191cb8026ea72
0.0,,rss_mini,0.0,rss-n12-p0bar,W-potential/fcc-restart/05-rss-round-1/rss-selection/source-frames/rss-n12-p0bar.xyz,35,0.004030326597562601,,15.81871944701268,0.01864722435656898,0.017067599751006583,,False,False,,,,,False,12,0.0,0,135,000406.poscar,unary-W/W-00135-0.poscar,/home/tuzhengyu/work/WTaTi/W-potential/fcc-restart/05-rss-round-1/rss/minimized/unary-W/W-00135-0.poscar,W-potential/fcc-restart/05-rss-round-1/rss/raw/unary-W/W-00135.poscar,bd101cb0c62f27514bc34e92ee54ea896dc4e2b5ecdfca564323687cbbd80627,bd101cb0c62f27514bc34e92ee54ea896dc4e2b5ecdfca564323687cbbd80627
0.0,,rss_mini,0.0,rss-n12-p0bar,W-potential/fcc-restart/05-rss-round-1/rss-selection/source-frames/rss-n12-p0bar.xyz,36,0.1536226079801738,,16.325235372763295,0.5392828074939928,0.504895959770476,,False,False,,,,,False,12,0.0,0,136,000409.poscar,unary-W/W-00136-0.poscar,/home/tuzhengyu/work/WTaTi/W-potential/fcc-restart/05-rss-round-1/rss/minimized/unary-W/W-00136-0.poscar,W-potential/fcc-restart/05-rss-round-1/rss/raw/unary-W/W-00136.poscar,3f11f3bc37a10f7cf7087af4d6dd9c4b44f17932003e19123a27586e9f57d79b,3f11f3bc37a10f7cf7087af4d6dd9c4b44f17932003e19123a27586e9f57d79b
0.0,,rss_mini,0.0,rss-n12-p0bar,W-potential/fcc-restart/05-rss-round-1/rss-selection/source-frames/rss-n12-p0bar.xyz,37,0.11101318632219348,,16.27188689104094,0.11983112504977794,0.13273020354301457,,False,False,,,,,False,12,0.0,0,137,000412.poscar,unary-W/W-00137-0.poscar,/home/tuzhengyu/work/WTaTi/W-potential/fcc-restart/05-rss-round-1/rss/minimized/unary-W/W-00137-0.poscar,W-potential/fcc-restart/05-rss-round-1/rss/raw/unary-W/W-00137.poscar,077c248b78c05368c58459890c744c80f4c885ea183a87a5f7847e6ce7f1be07,077c248b78c05368c58459890c744c80f4c885ea183a87a5f7847e6ce7f1be07
0.0,,rss_mini,0.0,rss-n12-p0bar,W-potential/fcc-restart/05-rss-round-1/rss-selection/source-frames/rss-n12-p0bar.xyz,38,0.21676870470864673,,16.57975858690158,0.7436748983330267,0.7569655364706489,,False,False,,,,,False,12,0.0,0,138,000415.poscar,unary-W/W-00138-0.poscar,/home/tuzhengyu/work/WTaTi/W-potential/fcc-restart/05-rss-round-1/rss/minimized/unary-W/W-00138-0.poscar,W-potential/fcc-restart/05-rss-round-1/rss/raw/unary-W/W-00138.poscar,e477672e6727255f68cd072262d45adbadad23dd0e144edd58790e449c0446ec,e477672e6727255f68cd072262d45adbadad23dd0e144edd58790e449c0446ec
0.0,,rss_mini,0.0,rss-n12-p0bar,W-potential/fcc-restart/05-rss-round-1/rss-selection/source-frames/rss-n12-p0bar.xyz,39,0.14368595810100807,,16.615520186951752,0.3022537819770853,0.3115865292014631,,False,False,,,,,False,12,0.0,0,139,000418.poscar,unary-W/W-00139-0.poscar,/home/tuzhengyu/work/WTaTi/W-potential/fcc-restart/05-rss-round-1/rss/minimized/unary-W/W-00139-0.poscar,W-potential/fcc-restart/05-rss-round-1/rss/raw/unary-W/W-00139.poscar,bd1cbddf69d7a7c5340aaf4f8c07deaec2baf9db256f2378f45e9b79fd790308,bd1cbddf69d7a7c5340aaf4f8c07deaec2baf9db256f2378f45e9b79fd790308
0.0,,rss_mini,0.0,rss-n12-p0bar,W-potential/fcc-restart/05-rss-round-1/rss-selection/source-frames/rss-n12-p0bar.xyz,40,0.002938025076375932,,15.923497906130995,0.013521567188773623,0.011440577696045404,,False,False,,,,,False,12,0.0,0,140,000421.poscar,unary-W/W-00140-0.poscar,/home/tuzhengyu/work/WTaTi/W-potential/fcc-restart/05-rss-round-1/rss/minimized/unary-W/W-00140-0.poscar,W-potential/fcc-restart/05-rss-round-1/rss/raw/unary-W/W-00140.poscar,fb36273e04c57898d4afca4a6ccc8c66ec949cef238ad37e282605e10b0b9c66,fb36273e04c57898d4afca4a6ccc8c66ec949cef238ad37e282605e10b0b9c66
0.0,,rss_mini,0.0,rss-n12-p0bar,W-potential/fcc-restart/05-rss-round-1/rss-selection/source-frames/rss-n12-p0bar.xyz,41,0.02863177583398293,,16.004134149584665,0.10525723764925897,0.10770050900408003,,False,False,,,,,False,12,0.0,0,141,000424.poscar,unary-W/W-00141-0.poscar,/home/tuzhengyu/work/WTaTi/W-potential/fcc-restart/05-rss-round-1/rss/minimized/unary-W/W-00141-0.poscar,W-potential/fcc-restart/05-rss-round-1/rss/raw/unary-W/W-00141.poscar,903cf3ade4000e3a56cfa9f2f002aa75e1c1d0df8e13d831e58c6a03c2a75461,903cf3ade4000e3a56cfa9f2f002aa75e1c1d0df8e13d831e58c6a03c2a75461
0.0,,rss_mini,0.0,rss-n12-p0bar,W-potential/fcc-restart/05-rss-round-1/rss-selection/source-frames/rss-n12-p0bar.xyz,42,0.17407203859182283,,16.49202261089103,0.1600431132249043,0.23105641671885213,,False,False,,,,,False,12,0.0,0,142,000427.poscar,unary-W/W-00142-0.poscar,/home/tuzhengyu/work/WTaTi/W-potential/fcc-restart/05-rss-round-1/rss/minimized/unary-W/W-00142-0.poscar,W-potential/fcc-restart/05-rss-round-1/rss/raw/unary-W/W-00142.poscar,fd74d089ef0f0d72cfe6f5715bd5e5961d5952093e1a62b68d88b8115cc57b03,fd74d089ef0f0d72cfe6f5715bd5e5961d5952093e1a62b68d88b8115cc57b03
0.0,,rss_mini,0.0,rss-n12-p0bar,W-potential/fcc-restart/05-rss-round-1/rss-selection/source-frames/rss-n12-p0bar.xyz,43,0.04382463206145316,,15.893619225526974,0.18016548319598266,0.1755943519206627,,False,False,,,,,False,12,0.0,0,143,000430.poscar,unary-W/W-00143-0.poscar,/home/tuzhengyu/work/WTaTi/W-potential/fcc-restart/05-rss-round-1/rss/minimized/unary-W/W-00143-0.poscar,W-potential/fcc-restart/05-rss-round-1/rss/raw/unary-W/W-00143.poscar,5a020f4a035a6fca4667bf1505bd5d80230a78afab8e7d86299c834137d9c815,5a020f4a035a6fca4667bf1505bd5d80230a78afab8e7d86299c834137d9c815
0.0,,rss_mini,0.0,rss-n12-p0bar,W-potential/fcc-restart/05-rss-round-1/rss-selection/source-frames/rss-n12-p0bar.xyz,44,0.009415309190115427,,15.881469268326525,0.04626640396589271,0.04494387913354231,,False,False,,,,,False,12,0.0,0,144,000433.poscar,unary-W/W-00144-0.poscar,/home/tuzhengyu/work/WTaTi/W-potential/fcc-restart/05-rss-round-1/rss/minimized/unary-W/W-00144-0.poscar,W-potential/fcc-restart/05-rss-round-1/rss/raw/unary-W/W-00144.poscar,ea9c8b988fc78fddc432eb0e85b2418a9e2ff590b3618b947890aba1f54d998d,ea9c8b988fc78fddc432eb0e85b2418a9e2ff590b3618b947890aba1f54d998d
0.0,,rss_mini,0.0,rss-n12-p0bar,W-potential/fcc-restart/05-rss-round-1/rss-selection/source-frames/rss-n12-p0bar.xyz,45,0.13659777583848254,,16.951017582811193,0.234692497869841,0.3131343093242894,,False,False,,,,,False,12,0.0,0,145,000436.poscar,unary-W/W-00145-0.poscar,/home/tuzhengyu/work/WTaTi/W-potential/fcc-restart/05-rss-round-1/rss/minimized/unary-W/W-00145-0.poscar,W-potential/fcc-restart/05-rss-round-1/rss/raw/unary-W/W-00145.poscar,04857efaaaa91fbfada7746c9205c892e7967c1ba537bb4fc4613f1c86296044,04857efaaaa91fbfada7746c9205c892e7967c1ba537bb4fc4613f1c86296044
0.0,,rss_mini,0.0,rss-n12-p0bar,W-potential/fcc-restart/05-rss-round-1/rss-selection/source-frames/rss-n12-p0bar.xyz,46,0.022032879527645138,,15.906683912300549,0.13102093976789234,0.13474949359496124,,False,False,,,,,False,12,0.0,0,146,000439.poscar,unary-W/W-00146-0.poscar,/home/tuzhengyu/work/WTaTi/W-potential/fcc-restart/05-rss-round-1/rss/minimized/unary-W/W-00146-0.poscar,W-potential/fcc-restart/05-rss-round-1/rss/raw/unary-W/W-00146.poscar,b4b84b970520e664ecaaac0a7c60a3a80fd7836e4e9828d2f93369134c44d163,b4b84b970520e664ecaaac0a7c60a3a80fd7836e4e9828d2f93369134c44d163
0.0,,rss_mini,0.0,rss-n12-p0bar,W-potential/fcc-restart/05-rss-round-1/rss-selection/source-frames/rss-n12-p0bar.xyz,47,0.12029280865054805,,16.726344694849363,0.1762237358508501,0.2387158871524776,,False,False,,,,,False,12,0.0,0,147,000442.poscar,unary-W/W-00147-0.poscar,/home/tuzhengyu/work/WTaTi/W-potential/fcc-restart/05-rss-round-1/rss/minimized/unary-W/W-00147-0.poscar,W-potential/fcc-restart/05-rss-round-1/rss/raw/unary-W/W-00147.poscar,ebbdf42500cfa8accbd2759cb18e343c63a92fc3ec4a6260ffea31198acba82d,ebbdf42500cfa8accbd2759cb18e343c63a92fc3ec4a6260ffea31198acba82d
0.0,,rss_mini,0.0,rss-n12-p0bar,W-potential/fcc-restart/05-rss-round-1/rss-selection/source-frames/rss-n12-p0bar.xyz,48,0.00668757771680121,,15.826326103814411,0.036731358037943466,0.03649939152484268,,False,False,,,,,False,12,0.0,0,148,000445.poscar,unary-W/W-00148-0.poscar,/home/tuzhengyu/work/WTaTi/W-potential/fcc-restart/05-rss-round-1/rss/minimized/unary-W/W-00148-0.poscar,W-potential/fcc-restart/05-rss-round-1/rss/raw/unary-W/W-00148.poscar,ea89fbd8047d8a3f94821e4458e768dab8b52b1eed918704969daa54c8af9e02,ea89fbd8047d8a3f94821e4458e768dab8b52b1eed918704969daa54c8af9e02
0.0,,rss_mini,0.0,rss-n12-p0bar,W-potential/fcc-restart/05-rss-round-1/rss-selection/source-frames/rss-n12-p0bar.xyz,49,0.08912969425152945,,15.973822016886084,0.21916718742160998,0.19191844085849077,,False,False,,,,,False,12,0.0,0,149,000448.poscar,unary-W/W-00149-0.poscar,/home/tuzhengyu/work/WTaTi/W-potential/fcc-restart/05-rss-round-1/rss/minimized/unary-W/W-00149-0.poscar,W-potential/fcc-restart/05-rss-round-1/rss/raw/unary-W/W-00149.poscar,8e1680925a8135fd2b39e54260105da01f1ee5e0d6b133e89dc144957082d64b,8e1680925a8135fd2b39e54260105da01f1ee5e0d6b133e89dc144957082d64b
20.0,,rss_mini,20.0,rss-n12-p200000bar,W-potential/fcc-restart/05-rss-round-1/rss-selection/source-frames/rss-n12-p200000bar.xyz,0,0.03396334622259838,,15.534636603840886,0.0958882849217741,0.1206473971458763,,False,False,,,,,False,12,200000.0,1,100,000302.poscar,unary-W/W-00100-1.poscar,/home/tuzhengyu/work/WTaTi/W-potential/fcc-restart/05-rss-round-1/rss/minimized/unary-W/W-00100-1.poscar,W-potential/fcc-restart/05-rss-round-1/rss/raw/unary-W/W-00100.poscar,732366516c150daae24f326e20b57b0b78208e1dcc369c4aa2d822935d03bafe,732366516c150daae24f326e20b57b0b78208e1dcc369c4aa2d822935d03bafe
20.0,,rss_mini,20.0,rss-n12-p200000bar,W-potential/fcc-restart/05-rss-round-1/rss-selection/source-frames/rss-n12-p200000bar.xyz,1,0.014014156077422174,,14.958742800436047,0.0652214986136985,0.0677265142137938,,False,False,,,,,False,12,200000.0,1,101,000305.poscar,unary-W/W-00101-1.poscar,/home/tuzhengyu/work/WTaTi/W-potential/fcc-restart/05-rss-round-1/rss/minimized/unary-W/W-00101-1.poscar,W-potential/fcc-restart/05-rss-round-1/rss/raw/unary-W/W-00101.poscar,e7e914035d851a48711b009261073da16e3a6f5d2b969caedf1e57bd9d0a8ae5,e7e914035d851a48711b009261073da16e3a6f5d2b969caedf1e57bd9d0a8ae5
20.0,,rss_mini,20.0,rss-n12-p200000bar,W-potential/fcc-restart/05-rss-round-1/rss-selection/source-frames/rss-n12-p200000bar.xyz,2,0.009112592838121008,,14.93968943166094,0.0439865545653632,0.04468845081088493,,False,False,,,,,False,12,200000.0,1,102,000308.poscar,unary-W/W-00102-1.poscar,/home/tuzhengyu/work/WTaTi/W-potential/fcc-restart/05-rss-round-1/rss/minimized/unary-W/W-00102-1.poscar,W-potential/fcc-restart/05-rss-round-1/rss/raw/unary-W/W-00102.poscar,2295e932b144ca85cd1135554998edc74b7550075b20c22a79045b64ab5e6cc7,2295e932b144ca85cd1135554998edc74b7550075b20c22a79045b64ab5e6cc7
20.0,,rss_mini,20.0,rss-n12-p200000bar,W-potential/fcc-restart/05-rss-round-1/rss-selection/source-frames/rss-n12-p200000bar.xyz,3,0.006105344851371781,,15.194646924823942,0.014487118574727212,0.015905920361448358,,False,False,,,,,False,12,200000.0,1,103,000311.poscar,unary-W/W-00103-1.poscar,/home/tuzhengyu/work/WTaTi/W-potential/fcc-restart/05-rss-round-1/rss/minimized/unary-W/W-00103-1.poscar,W-potential/fcc-restart/05-rss-round-1/rss/raw/unary-W/W-00103.poscar,0aab4dbba1eeeb1990d3d7290deeb85176f2e1d2569c1a2f31dc4535e7a7eb6d,0aab4dbba1eeeb1990d3d7290deeb85176f2e1d2569c1a2f31dc4535e7a7eb6d
20.0,,rss_mini,20.0,rss-n12-p200000bar,W-potential/fcc-restart/05-rss-round-1/rss-selection/source-frames/rss-n12-p200000bar.xyz,4,0.0006066202828542431,,14.935457741818274,0.003841154887560026,0.003395381533037661,,False,False,,,,,False,12,200000.0,1,104,000314.poscar,unary-W/W-00104-1.poscar,/home/tuzhengyu/work/WTaTi/W-potential/fcc-restart/05-rss-round-1/rss/minimized/unary-W/W-00104-1.poscar,W-potential/fcc-restart/05-rss-round-1/rss/raw/unary-W/W-00104.poscar,44c629af8416aabcf5d0dcb669bd663e28ab9de0f5871e3bae7682dd91d95cba,44c629af8416aabcf5d0dcb669bd663e28ab9de0f5871e3bae7682dd91d95cba
20.0,,rss_mini,20.0,rss-n12-p200000bar,W-potential/fcc-restart/05-rss-round-1/rss-selection/source-frames/rss-n12-p200000bar.xyz,5,0.017168195392009464,,14.92121835570793,0.08766643770663489,0.07849125878301226,,False,False,,,,,False,12,200000.0,1,105,000317.poscar,unary-W/W-00105-1.poscar,/home/tuzhengyu/work/WTaTi/W-potential/fcc-restart/05-rss-round-1/rss/minimized/unary-W/W-00105-1.poscar,W-potential/fcc-restart/05-rss-round-1/rss/raw/unary-W/W-00105.poscar,32a0dbc8b2c07d2763e98d2e4a85280d0dca4ebf07d7504d395f55bc50c9e218,32a0dbc8b2c07d2763e98d2e4a85280d0dca4ebf07d7504d395f55bc50c9e218
20.0,,rss_mini,20.0,rss-n12-p200000bar,W-potential/fcc-restart/05-rss-round-1/rss-selection/source-frames/rss-n12-p200000bar.xyz,6,0.0315141057724046,,14.964003997500285,0.12568304386489346,0.13570000851173164,,False,False,,,,,False,12,200000.0,1,106,000320.poscar,unary-W/W-00106-1.poscar,/home/tuzhengyu/work/WTaTi/W-potential/fcc-restart/05-rss-round-1/rss/minimized/unary-W/W-00106-1.poscar,W-potential/fcc-restart/05-rss-round-1/rss/raw/unary-W/W-00106.poscar,63c345b94c593864e8aaeb22cda9ab0cdaa91cda33841cb5dd4e1529891946b9,63c345b94c593864e8aaeb22cda9ab0cdaa91cda33841cb5dd4e1529891946b9
20.0,,rss_mini,20.0,rss-n12-p200000bar,W-potential/fcc-restart/05-rss-round-1/rss-selection/source-frames/rss-n12-p200000bar.xyz,7,0.21962654072732093,,15.355968936937591,0.11559071728768695,0.11596380472240607,,False,False,,,,,False,12,200000.0,1,107,000323.poscar,unary-W/W-00107-1.poscar,/home/tuzhengyu/work/WTaTi/W-potential/fcc-restart/05-rss-round-1/rss/minimized/unary-W/W-00107-1.poscar,W-potential/fcc-restart/05-rss-round-1/rss/raw/unary-W/W-00107.poscar,4960af2183d6f2ade701a8ca5ef2518d3d7ece904c33abeb113ecd5744fee44b,4960af2183d6f2ade701a8ca5ef2518d3d7ece904c33abeb113ecd5744fee44b
20.0,,rss_mini,20.0,rss-n12-p200000bar,W-potential/fcc-restart/05-rss-round-1/rss-selection/source-frames/rss-n12-p200000bar.xyz,8,0.10002947171713483,,15.345369087326764,0.1916550935306806,0.19636535862249263,,False,False,,,,,False,12,200000.0,1,108,000326.poscar,unary-W/W-00108-1.poscar,/home/tuzhengyu/work/WTaTi/W-potential/fcc-restart/05-rss-round-1/rss/minimized/unary-W/W-00108-1.poscar,W-potential/fcc-restart/05-rss-round-1/rss/raw/unary-W/W-00108.poscar,9a46f43e6f2c44303dabee9ee189d213221a415b5fceab5dac823d0b1940985e,9a46f43e6f2c44303dabee9ee189d213221a415b5fceab5dac823d0b1940985e
20.0,,rss_mini,20.0,rss-n12-p200000bar,W-potential/fcc-restart/05-rss-round-1/rss-selection/source-frames/rss-n12-p200000bar.xyz,9,0.016901579790902437,,14.926708481885766,0.09363303551756663,0.09843243512650741,,False,False,,,,,False,12,200000.0,1,109,000329.poscar,unary-W/W-00109-1.poscar,/home/tuzhengyu/work/WTaTi/W-potential/fcc-restart/05-rss-round-1/rss/minimized/unary-W/W-00109-1.poscar,W-potential/fcc-restart/05-rss-round-1/rss/raw/unary-W/W-00109.poscar,4a8c3a75fc7bd66b0739ea95a4345d037d21f3f40cef842e1a62d2e2dddac87a,4a8c3a75fc7bd66b0739ea95a4345d037d21f3f40cef842e1a62d2e2dddac87a
20.0,,rss_mini,20.0,rss-n12-p200000bar,W-potential/fcc-restart/05-rss-round-1/rss-selection/source-frames/rss-n12-p200000bar.xyz,10,0.03237747545136389,,15.026713429202387,0.16642662642308553,0.17379558043220392,,False,False,,,,,False,12,200000.0,1,110,000332.poscar,unary-W/W-00110-1.poscar,/home/tuzhengyu/work/WTaTi/W-potential/fcc-restart/05-rss-round-1/rss/minimized/unary-W/W-00110-1.poscar,W-potential/fcc-restart/05-rss-round-1/rss/raw/unary-W/W-00110.poscar,9e02c0fe9954ee516e5b6bf7edb5a52f86c8e9c086424a6c76f5f57c83fc5ebd,9e02c0fe9954ee516e5b6bf7edb5a52f86c8e9c086424a6c76f5f57c83fc5ebd
20.0,,rss_mini,20.0,rss-n12-p200000bar,W-potential/fcc-restart/05-rss-round-1/rss-selection/source-frames/rss-n12-p200000bar.xyz,11,0.006215229233464259,,15.11934432634506,0.03436345108507808,0.03629604961361093,,False,False,,,,,False,12,200000.0,1,111,000335.poscar,unary-W/W-00111-1.poscar,/home/tuzhengyu/work/WTaTi/W-potential/fcc-restart/05-rss-round-1/rss/minimized/unary-W/W-00111-1.poscar,W-potential/fcc-restart/05-rss-round-1/rss/raw/unary-W/W-00111.poscar,b94919484358a342d598d2e31554a52241348f38247df6a2a09b190987a81c6a,b94919484358a342d598d2e31554a52241348f38247df6a2a09b190987a81c6a
20.0,,rss_mini,20.0,rss-n12-p200000bar,W-potential/fcc-restart/05-rss-round-1/rss-selection/source-frames/rss-n12-p200000bar.xyz,12,0.1614304141346771,,15.04862438556257,0.5591182427410187,0.562253915033018,,False,False,,,,,False,12,200000.0,1,112,000338.poscar,unary-W/W-00112-1.poscar,/home/tuzhengyu/work/WTaTi/W-potential/fcc-restart/05-rss-round-1/rss/minimized/unary-W/W-00112-1.poscar,W-potential/fcc-restart/05-rss-round-1/rss/raw/unary-W/W-00112.poscar,117126853f6553f9fe331c9360a78a707cd358d2e840bcdcef386f4b97281c48,117126853f6553f9fe331c9360a78a707cd358d2e840bcdcef386f4b97281c48
20.0,,rss_mini,20.0,rss-n12-p200000bar,W-potential/fcc-restart/05-rss-round-1/rss-selection/source-frames/rss-n12-p200000bar.xyz,13,0.0019461431320640591,,15.014372923372674,0.011620467802315196,0.012091268023382984,,False,False,,,,,False,12,200000.0,1,113,000341.poscar,unary-W/W-00113-1.poscar,/home/tuzhengyu/work/WTaTi/W-potential/fcc-restart/05-rss-round-1/rss/minimized/unary-W/W-00113-1.poscar,W-potential/fcc-restart/05-rss-round-1/rss/raw/unary-W/W-00113.poscar,bda91d91861deb2a8705a8ed6fcc6e1b66eb62c6bff4754abd85b2cd414d8e77,bda91d91861deb2a8705a8ed6fcc6e1b66eb62c6bff4754abd85b2cd414d8e77
20.0,,rss_mini,20.0,rss-n12-p200000bar,W-potential/fcc-restart/05-rss-round-1/rss-selection/source-frames/rss-n12-p200000bar.xyz,14,0.014486961922607029,,14.981433771616528,0.09674075621539083,0.09899285830636799,,False,False,,,,,False,12,200000.0,1,114,000344.poscar,unary-W/W-00114-1.poscar,/home/tuzhengyu/work/WTaTi/W-potential/fcc-restart/05-rss-round-1/rss/minimized/unary-W/W-00114-1.poscar,W-potential/fcc-restart/05-rss-round-1/rss/raw/unary-W/W-00114.poscar,0b7b2452a1cf194196049cb465a3125e68f3cfdaba649e17d20b2ed49ce893b4,0b7b2452a1cf194196049cb465a3125e68f3cfdaba649e17d20b2ed49ce893b4
20.0,,rss_mini,20.0,rss-n12-p200000bar,W-potential/fcc-restart/05-rss-round-1/rss-selection/source-frames/rss-n12-p200000bar.xyz,15,0.012747073466668462,,14.930437242061496,0.04678786565160293,0.05059367684680148,,False,False,,,,,False,12,200000.0,1,115,000347.poscar,unary-W/W-00115-1.poscar,/home/tuzhengyu/work/WTaTi/W-potential/fcc-restart/05-rss-round-1/rss/minimized/unary-W/W-00115-1.poscar,W-potential/fcc-restart/05-rss-round-1/rss/raw/unary-W/W-00115.poscar,49ebf6a870b0b71dfa8526654545e64988f957e75f2e91d073e0bf973936c1ec,49ebf6a870b0b71dfa8526654545e64988f957e75f2e91d073e0bf973936c1ec
20.0,,rss_mini,20.0,rss-n12-p200000bar,W-potential/fcc-restart/05-rss-round-1/rss-selection/source-frames/rss-n12-p200000bar.xyz,16,0.00470585309207736,,14.919845313903892,0.02516414357708155,0.025965027218807613,,False,False,,,,,False,12,200000.0,1,116,000350.poscar,unary-W/W-00116-1.poscar,/home/tuzhengyu/work/WTaTi/W-potential/fcc-restart/05-rss-round-1/rss/minimized/unary-W/W-00116-1.poscar,W-potential/fcc-restart/05-rss-round-1/rss/raw/unary-W/W-00116.poscar,57c58a8ac4944799bbb02aad1e2c007707cc13d02e70b1c8102fde038893ab3b,57c58a8ac4944799bbb02aad1e2c007707cc13d02e70b1c8102fde038893ab3b
20.0,,rss_mini,20.0,rss-n12-p200000bar,W-potential/fcc-restart/05-rss-round-1/rss-selection/source-frames/rss-n12-p200000bar.xyz,17,0.14282541175334534,,15.459893334562631,0.9092100392140445,0.9056660217750677,,False,False,,,,,False,12,200000.0,1,117,000353.poscar,unary-W/W-00117-1.poscar,/home/tuzhengyu/work/WTaTi/W-potential/fcc-restart/05-rss-round-1/rss/minimized/unary-W/W-00117-1.poscar,W-potential/fcc-restart/05-rss-round-1/rss/raw/unary-W/W-00117.poscar,c7e465c9830a12ce2b606881bc23f9e75cd42d440b943efc5f20f1763fa200e7,c7e465c9830a12ce2b606881bc23f9e75cd42d440b943efc5f20f1763fa200e7
20.0,,rss_mini,20.0,rss-n12-p200000bar,W-potential/fcc-restart/05-rss-round-1/rss-selection/source-frames/rss-n12-p200000bar.xyz,18,0.15097800893596366,,15.287682337300758,0.6899521181497156,0.7279103166743663,,False,False,,,,,False,12,200000.0,1,118,000356.poscar,unary-W/W-00118-1.poscar,/home/tuzhengyu/work/WTaTi/W-potential/fcc-restart/05-rss-round-1/rss/minimized/unary-W/W-00118-1.poscar,W-potential/fcc-restart/05-rss-round-1/rss/raw/unary-W/W-00118.poscar,ddb79ce0b98c4fb7510e597df1d4c61d5110fefc187bcf964d66d7ce33461929,ddb79ce0b98c4fb7510e597df1d4c61d5110fefc187bcf964d66d7ce33461929
20.0,,rss_mini,20.0,rss-n12-p200000bar,W-potential/fcc-restart/05-rss-round-1/rss-selection/source-frames/rss-n12-p200000bar.xyz,19,0.029191041448118026,,15.114175868361833,0.15408108802705991,0.14829524161954316,,False,False,,,,,False,12,200000.0,1,119,000359.poscar,unary-W/W-00119-1.poscar,/home/tuzhengyu/work/WTaTi/W-potential/fcc-restart/05-rss-round-1/rss/minimized/unary-W/W-00119-1.poscar,W-potential/fcc-restart/05-rss-round-1/rss/raw/unary-W/W-00119.poscar,c8db44e6ab03ba086e47c4b4c16741ac1523e1bf3c4255cd5b8f10756ad879a8,c8db44e6ab03ba086e47c4b4c16741ac1523e1bf3c4255cd5b8f10756ad879a8
20.0,,rss_mini,20.0,rss-n12-p200000bar,W-potential/fcc-restart/05-rss-round-1/rss-selection/source-frames/rss-n12-p200000bar.xyz,20,0.1335381476057964,,15.315940513617107,0.11736094078589838,0.08869985089990996,,False,False,,,,,False,12,200000.0,1,120,000362.poscar,unary-W/W-00120-1.poscar,/home/tuzhengyu/work/WTaTi/W-potential/fcc-restart/05-rss-round-1/rss/minimized/unary-W/W-00120-1.poscar,W-potential/fcc-restart/05-rss-round-1/rss/raw/unary-W/W-00120.poscar,2684cc14c37d791f5d1c8e5f1720ae1d277ea8a8dff1699587928c23a5af1857,2684cc14c37d791f5d1c8e5f1720ae1d277ea8a8dff1699587928c23a5af1857
20.0,,rss_mini,20.0,rss-n12-p200000bar,W-potential/fcc-restart/05-rss-round-1/rss-selection/source-frames/rss-n12-p200000bar.xyz,21,0.00029813642192946436,,15.471342007663454,0.003456336970291107,0.0033121220533183925,,False,False,,,,,False,12,200000.0,1,121,000365.poscar,unary-W/W-00121-1.poscar,/home/tuzhengyu/work/WTaTi/W-potential/fcc-restart/05-rss-round-1/rss/minimized/unary-W/W-00121-1.poscar,W-potential/fcc-restart/05-rss-round-1/rss/raw/unary-W/W-00121.poscar,58d442fe2f84b11711c5b15fd7193553447f61cc1be306b328bf501b46c9a5b3,58d442fe2f84b11711c5b15fd7193553447f61cc1be306b328bf501b46c9a5b3
20.0,,rss_mini,20.0,rss-n12-p200000bar,W-potential/fcc-restart/05-rss-round-1/rss-selection/source-frames/rss-n12-p200000bar.xyz,22,0.010719700148666867,,15.010224140329358,0.04057317831014115,0.0388550635711976,,False,False,,,,,False,12,200000.0,1,122,000368.poscar,unary-W/W-00122-1.poscar,/home/tuzhengyu/work/WTaTi/W-potential/fcc-restart/05-rss-round-1/rss/minimized/unary-W/W-00122-1.poscar,W-potential/fcc-restart/05-rss-round-1/rss/raw/unary-W/W-00122.poscar,fc88124ef6251e94a6e092397834f61edebdf8f2ee652b9fcf49c8ba63bd5ca5,fc88124ef6251e94a6e092397834f61edebdf8f2ee652b9fcf49c8ba63bd5ca5
20.0,,rss_mini,20.0,rss-n12-p200000bar,W-potential/fcc-restart/05-rss-round-1/rss-selection/source-frames/rss-n12-p200000bar.xyz,23,0.019567412938143777,,14.93975460040565,0.08841725952232592,0.09236238357815624,,False,False,,,,,False,12,200000.0,1,123,000371.poscar,unary-W/W-00123-1.poscar,/home/tuzhengyu/work/WTaTi/W-potential/fcc-restart/05-rss-round-1/rss/minimized/unary-W/W-00123-1.poscar,W-potential/fcc-restart/05-rss-round-1/rss/raw/unary-W/W-00123.poscar,d99d64ad66aa1fae57dfb8a24c5ba43a2712c39c3616b1a4474ef02ff42ed4a0,d99d64ad66aa1fae57dfb8a24c5ba43a2712c39c3616b1a4474ef02ff42ed4a0
20.0,,rss_mini,20.0,rss-n12-p200000bar,W-potential/fcc-restart/05-rss-round-1/rss-selection/source-frames/rss-n12-p200000bar.xyz,24,0.18831532497002867,,15.496502427426442,0.22390244632416184,0.33421647749119643,,False,False,,,,,False,12,200000.0,1,124,000374.poscar,unary-W/W-00124-1.poscar,/home/tuzhengyu/work/WTaTi/W-potential/fcc-restart/05-rss-round-1/rss/minimized/unary-W/W-00124-1.poscar,W-potential/fcc-restart/05-rss-round-1/rss/raw/unary-W/W-00124.poscar,3b6f8f3ccee5d43b039f1d7b932a4211e865aee553e419c10defee24b14a83aa,3b6f8f3ccee5d43b039f1d7b932a4211e865aee553e419c10defee24b14a83aa
20.0,,rss_mini,20.0,rss-n12-p200000bar,W-potential/fcc-restart/05-rss-round-1/rss-selection/source-frames/rss-n12-p200000bar.xyz,25,0.19502699255831255,,15.106522817686164,1.1467440856104198,1.2133806040051534,,False,False,,,,,False,12,200000.0,1,125,000377.poscar,unary-W/W-00125-1.poscar,/home/tuzhengyu/work/WTaTi/W-potential/fcc-restart/05-rss-round-1/rss/minimized/unary-W/W-00125-1.poscar,W-potential/fcc-restart/05-rss-round-1/rss/raw/unary-W/W-00125.poscar,7193b84eff617b0c5fe2a7dc922d0c3734006a4a509e6cc6ec5512a0e7053de8,7193b84eff617b0c5fe2a7dc922d0c3734006a4a509e6cc6ec5512a0e7053de8
20.0,,rss_mini,20.0,rss-n12-p200000bar,W-potential/fcc-restart/05-rss-round-1/rss-selection/source-frames/rss-n12-p200000bar.xyz,26,0.17729660916185824,,16.006168596829664,0.27835807598949647,0.3441083269146222,,False,False,,,,,False,12,200000.0,1,126,000380.poscar,unary-W/W-00126-1.poscar,/home/tuzhengyu/work/WTaTi/W-potential/fcc-restart/05-rss-round-1/rss/minimized/unary-W/W-00126-1.poscar,W-potential/fcc-restart/05-rss-round-1/rss/raw/unary-W/W-00126.poscar,bd243ffeb3e688e3af1357bfd945b021d461514299ccf945daeff710d069a654,bd243ffeb3e688e3af1357bfd945b021d461514299ccf945daeff710d069a654
20.0,,rss_mini,20.0,rss-n12-p200000bar,W-potential/fcc-restart/05-rss-round-1/rss-selection/source-frames/rss-n12-p200000bar.xyz,27,0.13207106092728507,,15.363150406772833,0.2332595620727154,0.22078046676709212,,False,False,,,,,False,12,200000.0,1,127,000383.poscar,unary-W/W-00127-1.poscar,/home/tuzhengyu/work/WTaTi/W-potential/fcc-restart/05-rss-round-1/rss/minimized/unary-W/W-00127-1.poscar,W-potential/fcc-restart/05-rss-round-1/rss/raw/unary-W/W-00127.poscar,ce07f9ac5b90880082925c8340e454e3191413ae4f61eeb2cfce347cee4980bb,ce07f9ac5b90880082925c8340e454e3191413ae4f61eeb2cfce347cee4980bb
20.0,,rss_mini,20.0,rss-n12-p200000bar,W-potential/fcc-restart/05-rss-round-1/rss-selection/source-frames/rss-n12-p200000bar.xyz,28,0.14506560207601638,,15.466736830326012,0.19522674359697206,0.19816122203545733,,False,False,,,,,False,12,200000.0,1,128,000386.poscar,unary-W/W-00128-1.poscar,/home/tuzhengyu/work/WTaTi/W-potential/fcc-restart/05-rss-round-1/rss/minimized/unary-W/W-00128-1.poscar,W-potential/fcc-restart/05-rss-round-1/rss/raw/unary-W/W-00128.poscar,aceb5a47c4ed05d25ea54ede2f3ec31efa9ac50512853bbac7aca812793112b3,aceb5a47c4ed05d25ea54ede2f3ec31efa9ac50512853bbac7aca812793112b3
20.0,,rss_mini,20.0,rss-n12-p200000bar,W-potential/fcc-restart/05-rss-round-1/rss-selection/source-frames/rss-n12-p200000bar.xyz,29,0.15047316268670263,,15.100097277931885,0.5660168048068371,0.5869302911936398,,False,False,,,,,False,12,200000.0,1,129,000389.poscar,unary-W/W-00129-1.poscar,/home/tuzhengyu/work/WTaTi/W-potential/fcc-restart/05-rss-round-1/rss/minimized/unary-W/W-00129-1.poscar,W-potential/fcc-restart/05-rss-round-1/rss/raw/unary-W/W-00129.poscar,f98cd01f452758c964e1ac165979370650012d42480c5ebc7ed1dacf21c33eb9,f98cd01f452758c964e1ac165979370650012d42480c5ebc7ed1dacf21c33eb9
20.0,,rss_mini,20.0,rss-n12-p200000bar,W-potential/fcc-restart/05-rss-round-1/rss-selection/source-frames/rss-n12-p200000bar.xyz,30,0.017164191622627712,,14.911131465075114,0.07361719232421281,0.07070594865428402,,False,False,,,,,False,12,200000.0,1,130,000392.poscar,unary-W/W-00130-1.poscar,/home/tuzhengyu/work/WTaTi/W-potential/fcc-restart/05-rss-round-1/rss/minimized/unary-W/W-00130-1.poscar,W-potential/fcc-restart/05-rss-round-1/rss/raw/unary-W/W-00130.poscar,2993866bba10081f398280d9311f026be58521e665b5a3835e72e35c3cb27555,2993866bba10081f398280d9311f026be58521e665b5a3835e72e35c3cb27555
20.0,,rss_mini,20.0,rss-n12-p200000bar,W-potential/fcc-restart/05-rss-round-1/rss-selection/source-frames/rss-n12-p200000bar.xyz,31,0.20788825263093164,,16.00242346809843,0.19988781403375555,0.2304552086121342,,False,False,,,,,False,12,200000.0,1,131,000395.poscar,unary-W/W-00131-1.poscar,/home/tuzhengyu/work/WTaTi/W-potential/fcc-restart/05-rss-round-1/rss/minimized/unary-W/W-00131-1.poscar,W-potential/fcc-restart/05-rss-round-1/rss/raw/unary-W/W-00131.poscar,d567f14257abf8c4b6f9150f649ffcb1a032fc32522ceb74368b1d0807169a28,d567f14257abf8c4b6f9150f649ffcb1a032fc32522ceb74368b1d0807169a28
20.0,,rss_mini,20.0,rss-n12-p200000bar,W-potential/fcc-restart/05-rss-round-1/rss-selection/source-frames/rss-n12-p200000bar.xyz,32,0.09443932362904815,,15.330929084955487,0.1261626442771855,0.1171615409606713,,False,False,,,,,False,12,200000.0,1,132,000398.poscar,unary-W/W-00132-1.poscar,/home/tuzhengyu/work/WTaTi/W-potential/fcc-restart/05-rss-round-1/rss/minimized/unary-W/W-00132-1.poscar,W-potential/fcc-restart/05-rss-round-1/rss/raw/unary-W/W-00132.poscar,9bca521153eaf086889140c928322569af221bc2a55892ec4a099dd21bedfc1d,9bca521153eaf086889140c928322569af221bc2a55892ec4a099dd21bedfc1d
20.0,,rss_mini,20.0,rss-n12-p200000bar,W-potential/fcc-restart/05-rss-round-1/rss-selection/source-frames/rss-n12-p200000bar.xyz,33,0.23124427325014132,,14.955804113058052,1.4968681185516919,1.5199028095564207,,False,False,,,,,False,12,200000.0,1,133,000401.poscar,unary-W/W-00133-1.poscar,/home/tuzhengyu/work/WTaTi/W-potential/fcc-restart/05-rss-round-1/rss/minimized/unary-W/W-00133-1.poscar,W-potential/fcc-restart/05-rss-round-1/rss/raw/unary-W/W-00133.poscar,0f8ca97425d54a40e49876cd56fe83bebb4b31020910a28f4400324af044c17e,0f8ca97425d54a40e49876cd56fe83bebb4b31020910a28f4400324af044c17e
20.0,,rss_mini,20.0,rss-n12-p200000bar,W-potential/fcc-restart/05-rss-round-1/rss-selection/source-frames/rss-n12-p200000bar.xyz,34,0.1877181526295237,,15.21191909809455,1.5096418312088822,1.4620842026111935,,False,False,,,,,False,12,200000.0,1,134,000404.poscar,unary-W/W-00134-1.poscar,/home/tuzhengyu/work/WTaTi/W-potential/fcc-restart/05-rss-round-1/rss/minimized/unary-W/W-00134-1.poscar,W-potential/fcc-restart/05-rss-round-1/rss/raw/unary-W/W-00134.poscar,38664c1040fa581449cb9d9c4f56b4b5555b4d7e68f2467909db2bd6067c47ca,38664c1040fa581449cb9d9c4f56b4b5555b4d7e68f2467909db2bd6067c47ca
20.0,,rss_mini,20.0,rss-n12-p200000bar,W-potential/fcc-restart/05-rss-round-1/rss-selection/source-frames/rss-n12-p200000bar.xyz,35,0.024537136918784428,,14.93371345141867,0.1091781683356564,0.10742189630989916,,False,False,,,,,False,12,200000.0,1,135,000407.poscar,unary-W/W-00135-1.poscar,/home/tuzhengyu/work/WTaTi/W-potential/fcc-restart/05-rss-round-1/rss/minimized/unary-W/W-00135-1.poscar,W-potential/fcc-restart/05-rss-round-1/rss/raw/unary-W/W-00135.poscar,4ef67c08d94a24a749830ae7fd56f240bd7d09bab9b5ea7f43784e8c85e459c9,4ef67c08d94a24a749830ae7fd56f240bd7d09bab9b5ea7f43784e8c85e459c9
20.0,,rss_mini,20.0,rss-n12-p200000bar,W-potential/fcc-restart/05-rss-round-1/rss-selection/source-frames/rss-n12-p200000bar.xyz,36,0.007282514151883095,,14.944794124916998,0.03295161606751467,0.03423509586389441,,False,False,,,,,False,12,200000.0,1,136,000410.poscar,unary-W/W-00136-1.poscar,/home/tuzhengyu/work/WTaTi/W-potential/fcc-restart/05-rss-round-1/rss/minimized/unary-W/W-00136-1.poscar,W-potential/fcc-restart/05-rss-round-1/rss/raw/unary-W/W-00136.poscar,86eb1437bd4ef684ee160f5608a6698b4a89e180d948fb540209ec8c277685eb,86eb1437bd4ef684ee160f5608a6698b4a89e180d948fb540209ec8c277685eb
20.0,,rss_mini,20.0,rss-n12-p200000bar,W-potential/fcc-restart/05-rss-round-1/rss-selection/source-frames/rss-n12-p200000bar.xyz,37,0.14628604591198455,,15.288788983938458,0.3375910477259098,0.3570147487803817,,False,False,,,,,False,12,200000.0,1,137,000413.poscar,unary-W/W-00137-1.poscar,/home/tuzhengyu/work/WTaTi/W-potential/fcc-restart/05-rss-round-1/rss/minimized/unary-W/W-00137-1.poscar,W-potential/fcc-restart/05-rss-round-1/rss/raw/unary-W/W-00137.poscar,c49152455d93297e79adfa0726caec765e261df8a169525bbfc0bc3fed5737a3,c49152455d93297e79adfa0726caec765e261df8a169525bbfc0bc3fed5737a3
20.0,,rss_mini,20.0,rss-n12-p200000bar,W-potential/fcc-restart/05-rss-round-1/rss-selection/source-frames/rss-n12-p200000bar.xyz,38,0.24305988514047794,,15.493164393389854,0.6019291586016154,0.6413098569890704,,False,False,,,,,False,12,200000.0,1,138,000416.poscar,unary-W/W-00138-1.poscar,/home/tuzhengyu/work/WTaTi/W-potential/fcc-restart/05-rss-round-1/rss/minimized/unary-W/W-00138-1.poscar,W-potential/fcc-restart/05-rss-round-1/rss/raw/unary-W/W-00138.poscar,6905c29f486b8b59c039f30ecde7ee957671a172b21159b0706a23c907059fc0,6905c29f486b8b59c039f30ecde7ee957671a172b21159b0706a23c907059fc0
20.0,,rss_mini,20.0,rss-n12-p200000bar,W-potential/fcc-restart/05-rss-round-1/rss-selection/source-frames/rss-n12-p200000bar.xyz,39,0.16105537689278127,,15.42115873516156,0.14347342262881102,0.29367169220114,,False,False,,,,,False,12,200000.0,1,139,000419.poscar,unary-W/W-00139-1.poscar,/home/tuzhengyu/work/WTaTi/W-potential/fcc-restart/05-rss-round-1/rss/minimized/unary-W/W-00139-1.poscar,W-potential/fcc-restart/05-rss-round-1/rss/raw/unary-W/W-00139.poscar,defded7bb685ba054b19c067a6dd99524ba1dd4dbc8859c5c7119878579690d4,defded7bb685ba054b19c067a6dd99524ba1dd4dbc8859c5c7119878579690d4
20.0,,rss_mini,20.0,rss-n12-p200000bar,W-potential/fcc-restart/05-rss-round-1/rss-selection/source-frames/rss-n12-p200000bar.xyz,40,0.0022404613779499994,,14.98046918255915,0.01623447333103825,0.015439846687068824,,False,False,,,,,False,12,200000.0,1,140,000422.poscar,unary-W/W-00140-1.poscar,/home/tuzhengyu/work/WTaTi/W-potential/fcc-restart/05-rss-round-1/rss/minimized/unary-W/W-00140-1.poscar,W-potential/fcc-restart/05-rss-round-1/rss/raw/unary-W/W-00140.poscar,85318e30d3d6facbb2a88b3760d881672acb364c0b2b9a1633253bd4d23d34dd,85318e30d3d6facbb2a88b3760d881672acb364c0b2b9a1633253bd4d23d34dd
20.0,,rss_mini,20.0,rss-n12-p200000bar,W-potential/fcc-restart/05-rss-round-1/rss-selection/source-frames/rss-n12-p200000bar.xyz,41,0.04349636807506785,,15.035634226443088,0.2459664074918504,0.26432937814605517,,False,False,,,,,False,12,200000.0,1,141,000425.poscar,unary-W/W-00141-1.poscar,/home/tuzhengyu/work/WTaTi/W-potential/fcc-restart/05-rss-round-1/rss/minimized/unary-W/W-00141-1.poscar,W-potential/fcc-restart/05-rss-round-1/rss/raw/unary-W/W-00141.poscar,fa2f3a8333f9f6df855fe1098952feafd5cb5ad15c71858689d2e8c081bab698,fa2f3a8333f9f6df855fe1098952feafd5cb5ad15c71858689d2e8c081bab698
20.0,,rss_mini,20.0,rss-n12-p200000bar,W-potential/fcc-restart/05-rss-round-1/rss-selection/source-frames/rss-n12-p200000bar.xyz,42,0.18799803450785874,,15.487172238391972,0.2756595870276346,0.34608407260037505,,False,False,,,,,False,12,200000.0,1,142,000428.poscar,unary-W/W-00142-1.poscar,/home/tuzhengyu/work/WTaTi/W-potential/fcc-restart/05-rss-round-1/rss/minimized/unary-W/W-00142-1.poscar,W-potential/fcc-restart/05-rss-round-1/rss/raw/unary-W/W-00142.poscar,c65d13806ddeb459f0105a2ee768a55a90ee225160302e517b7350d363697c9d,c65d13806ddeb459f0105a2ee768a55a90ee225160302e517b7350d363697c9d
20.0,,rss_mini,20.0,rss-n12-p200000bar,W-potential/fcc-restart/05-rss-round-1/rss-selection/source-frames/rss-n12-p200000bar.xyz,43,0.006226039595597929,,14.99071414243368,0.03299525868126224,0.03325735152012299,,False,False,,,,,False,12,200000.0,1,143,000431.poscar,unary-W/W-00143-1.poscar,/home/tuzhengyu/work/WTaTi/W-potential/fcc-restart/05-rss-round-1/rss/minimized/unary-W/W-00143-1.poscar,W-potential/fcc-restart/05-rss-round-1/rss/raw/unary-W/W-00143.poscar,cc4be75ae6fc02ee03d11ea5769dc06cb1a1231b1113e6189906ff894b5a66c3,cc4be75ae6fc02ee03d11ea5769dc06cb1a1231b1113e6189906ff894b5a66c3
20.0,,rss_mini,20.0,rss-n12-p200000bar,W-potential/fcc-restart/05-rss-round-1/rss-selection/source-frames/rss-n12-p200000bar.xyz,44,0.023325126108363414,,14.974339868179264,0.08522866640182634,0.09153539515481766,,False,False,,,,,False,12,200000.0,1,144,000434.poscar,unary-W/W-00144-1.poscar,/home/tuzhengyu/work/WTaTi/W-potential/fcc-restart/05-rss-round-1/rss/minimized/unary-W/W-00144-1.poscar,W-potential/fcc-restart/05-rss-round-1/rss/raw/unary-W/W-00144.poscar,9d33db906564fbc14ae85e180a7a829fc8c4628b98f213d64c70ed8cbf135d8f,9d33db906564fbc14ae85e180a7a829fc8c4628b98f213d64c70ed8cbf135d8f
20.0,,rss_mini,20.0,rss-n12-p200000bar,W-potential/fcc-restart/05-rss-round-1/rss-selection/source-frames/rss-n12-p200000bar.xyz,45,0.1320273066868691,,15.84417324206813,0.1866788349923539,0.2400388900389124,,False,False,,,,,False,12,200000.0,1,145,000437.poscar,unary-W/W-00145-1.poscar,/home/tuzhengyu/work/WTaTi/W-potential/fcc-restart/05-rss-round-1/rss/minimized/unary-W/W-00145-1.poscar,W-potential/fcc-restart/05-rss-round-1/rss/raw/unary-W/W-00145.poscar,1e4f2ef2c27b419b93e2ca8019c935fa1e516b758ecce1cd6c759f13b9977a5c,1e4f2ef2c27b419b93e2ca8019c935fa1e516b758ecce1cd6c759f13b9977a5c
20.0,,rss_mini,20.0,rss-n12-p200000bar,W-potential/fcc-restart/05-rss-round-1/rss-selection/source-frames/rss-n12-p200000bar.xyz,46,0.010707214573198731,,14.996922483029934,0.05523770350104603,0.05679690084688391,,False,False,,,,,False,12,200000.0,1,146,000440.poscar,unary-W/W-00146-1.poscar,/home/tuzhengyu/work/WTaTi/W-potential/fcc-restart/05-rss-round-1/rss/minimized/unary-W/W-00146-1.poscar,W-potential/fcc-restart/05-rss-round-1/rss/raw/unary-W/W-00146.poscar,56c3b176ca0228c1434a0defe0334f4390f89a18e652a2b7f37fbf65a81f5e38,56c3b176ca0228c1434a0defe0334f4390f89a18e652a2b7f37fbf65a81f5e38
20.0,,rss_mini,20.0,rss-n12-p200000bar,W-potential/fcc-restart/05-rss-round-1/rss-selection/source-frames/rss-n12-p200000bar.xyz,47,0.16631987534715942,,15.298116552438872,0.8949550345820355,0.9174427349155335,,False,False,,,,,False,12,200000.0,1,147,000443.poscar,unary-W/W-00147-1.poscar,/home/tuzhengyu/work/WTaTi/W-potential/fcc-restart/05-rss-round-1/rss/minimized/unary-W/W-00147-1.poscar,W-potential/fcc-restart/05-rss-round-1/rss/raw/unary-W/W-00147.poscar,2acbe357a169c46bd743c848203270056110f16118cadbfaa060f97a62d48484,2acbe357a169c46bd743c848203270056110f16118cadbfaa060f97a62d48484
20.0,,rss_mini,20.0,rss-n12-p200000bar,W-potential/fcc-restart/05-rss-round-1/rss-selection/source-frames/rss-n12-p200000bar.xyz,48,0.18223590022104083,,15.393674970549325,0.6347566284202334,0.6228733334459639,,False,False,,,,,False,12,200000.0,1,148,000446.poscar,unary-W/W-00148-1.poscar,/home/tuzhengyu/work/WTaTi/W-potential/fcc-restart/05-rss-round-1/rss/minimized/unary-W/W-00148-1.poscar,W-potential/fcc-restart/05-rss-round-1/rss/raw/unary-W/W-00148.poscar,56155da265e017f46593ecfe640491a67d4dbc386b233f2afd19f17c14a1705f,56155da265e017f46593ecfe640491a67d4dbc386b233f2afd19f17c14a1705f
20.0,,rss_mini,20.0,rss-n12-p200000bar,W-potential/fcc-restart/05-rss-round-1/rss-selection/source-frames/rss-n12-p200000bar.xyz,49,0.04306896406531626,,15.02701337601025,0.15908117439742755,0.1541582138812048,,False,False,,,,,False,12,200000.0,1,149,000449.poscar,unary-W/W-00149-1.poscar,/home/tuzhengyu/work/WTaTi/W-potential/fcc-restart/05-rss-round-1/rss/minimized/unary-W/W-00149-1.poscar,W-potential/fcc-restart/05-rss-round-1/rss/raw/unary-W/W-00149.poscar,f03889d643aebd03a3b01f93f7fdd0d46e60dc3fe69da36cf83531d08c84a3ec,f03889d643aebd03a3b01f93f7fdd0d46e60dc3fe69da36cf83531d08c84a3ec
40.0,,rss_mini,40.0,rss-n12-p400000bar,W-potential/fcc-restart/05-rss-round-1/rss-selection/source-frames/rss-n12-p400000bar.xyz,0,0.008807327986097433,,14.710934421567819,0.05636473192909664,0.06065570020786661,,False,False,,,,,False,12,400000.0,2,100,000303.poscar,unary-W/W-00100-2.poscar,/home/tuzhengyu/work/WTaTi/W-potential/fcc-restart/05-rss-round-1/rss/minimized/unary-W/W-00100-2.poscar,W-potential/fcc-restart/05-rss-round-1/rss/raw/unary-W/W-00100.poscar,df968e88b5dec7442bc4efe8458613905bb6d8082eac155c7713492b374f87dc,df968e88b5dec7442bc4efe8458613905bb6d8082eac155c7713492b374f87dc
40.0,,rss_mini,40.0,rss-n12-p400000bar,W-potential/fcc-restart/05-rss-round-1/rss-selection/source-frames/rss-n12-p400000bar.xyz,1,0.010404205750020597,,14.278815426078786,0.040981580389947425,0.046269216472919476,,False,False,,,,,False,12,400000.0,2,101,000306.poscar,unary-W/W-00101-2.poscar,/home/tuzhengyu/work/WTaTi/W-potential/fcc-restart/05-rss-round-1/rss/minimized/unary-W/W-00101-2.poscar,W-potential/fcc-restart/05-rss-round-1/rss/raw/unary-W/W-00101.poscar,a735b68a4dbdfa600cff90eee4023253885eb40fe67937030397468b73b37019,a735b68a4dbdfa600cff90eee4023253885eb40fe67937030397468b73b37019
40.0,,rss_mini,40.0,rss-n12-p400000bar,W-potential/fcc-restart/05-rss-round-1/rss-selection/source-frames/rss-n12-p400000bar.xyz,2,0.013578769033922635,,14.270486146096685,0.07768302968785205,0.07992926259115549,,False,False,,,,,False,12,400000.0,2,102,000309.poscar,unary-W/W-00102-2.poscar,/home/tuzhengyu/work/WTaTi/W-potential/fcc-restart/05-rss-round-1/rss/minimized/unary-W/W-00102-2.poscar,W-potential/fcc-restart/05-rss-round-1/rss/raw/unary-W/W-00102.poscar,3b4b6059762d4a81c6dc4a5ef3794f376a3332dc7ed3af1f47f54f1a8864fc19,3b4b6059762d4a81c6dc4a5ef3794f376a3332dc7ed3af1f47f54f1a8864fc19
40.0,,rss_mini,40.0,rss-n12-p400000bar,W-potential/fcc-restart/05-rss-round-1/rss-selection/source-frames/rss-n12-p400000bar.xyz,3,0.013843392623511192,,14.385043280423018,0.031807240657428404,0.03939618983206947,,False,False,,,,,False,12,400000.0,2,103,000312.poscar,unary-W/W-00103-2.poscar,/home/tuzhengyu/work/WTaTi/W-potential/fcc-restart/05-rss-round-1/rss/minimized/unary-W/W-00103-2.poscar,W-potential/fcc-restart/05-rss-round-1/rss/raw/unary-W/W-00103.poscar,45afe3666001f41ceacb108f600a943f1c96be0a5c95d48f0cc01cbf5cec6a81,45afe3666001f41ceacb108f600a943f1c96be0a5c95d48f0cc01cbf5cec6a81
40.0,,rss_mini,40.0,rss-n12-p400000bar,W-potential/fcc-restart/05-rss-round-1/rss-selection/source-frames/rss-n12-p400000bar.xyz,4,0.00024736342977492367,,14.264717684404383,0.002053483761926831,0.0019639472419520454,,False,False,,,,,False,12,400000.0,2,104,000315.poscar,unary-W/W-00104-2.poscar,/home/tuzhengyu/work/WTaTi/W-potential/fcc-restart/05-rss-round-1/rss/minimized/unary-W/W-00104-2.poscar,W-potential/fcc-restart/05-rss-round-1/rss/raw/unary-W/W-00104.poscar,e73a8b043fa7a80d11842429c3caf34413490573b82e2fe0631e600b2340fe97,e73a8b043fa7a80d11842429c3caf34413490573b82e2fe0631e600b2340fe97
40.0,,rss_mini,40.0,rss-n12-p400000bar,W-potential/fcc-restart/05-rss-round-1/rss-selection/source-frames/rss-n12-p400000bar.xyz,5,0.007283994637368013,,14.258538450646354,0.047540847220217924,0.04634283228413081,,False,False,,,,,False,12,400000.0,2,105,000318.poscar,unary-W/W-00105-2.poscar,/home/tuzhengyu/work/WTaTi/W-potential/fcc-restart/05-rss-round-1/rss/minimized/unary-W/W-00105-2.poscar,W-potential/fcc-restart/05-rss-round-1/rss/raw/unary-W/W-00105.poscar,82985de61fdf2300580d3814bb189513e7d87ced2b14f53191161e80323e06c1,82985de61fdf2300580d3814bb189513e7d87ced2b14f53191161e80323e06c1
40.0,,rss_mini,40.0,rss-n12-p400000bar,W-potential/fcc-restart/05-rss-round-1/rss-selection/source-frames/rss-n12-p400000bar.xyz,6,0.012074688484113576,,14.276631677084836,0.0586731940407512,0.0668729921718763,,False,False,,,,,False,12,400000.0,2,106,000321.poscar,unary-W/W-00106-2.poscar,/home/tuzhengyu/work/WTaTi/W-potential/fcc-restart/05-rss-round-1/rss/minimized/unary-W/W-00106-2.poscar,W-potential/fcc-restart/05-rss-round-1/rss/raw/unary-W/W-00106.poscar,d1a8126a63be7fca36a8a288d91321483492dafd19d109fccd4e6f26da140009,d1a8126a63be7fca36a8a288d91321483492dafd19d109fccd4e6f26da140009
40.0,,rss_mini,40.0,rss-n12-p400000bar,W-potential/fcc-restart/05-rss-round-1/rss-selection/source-frames/rss-n12-p400000bar.xyz,7,0.2709685474053514,,14.621136430847733,0.11787929785629638,0.23750331394471136,,False,False,,,,,False,12,400000.0,2,107,000324.poscar,unary-W/W-00107-2.poscar,/home/tuzhengyu/work/WTaTi/W-potential/fcc-restart/05-rss-round-1/rss/minimized/unary-W/W-00107-2.poscar,W-potential/fcc-restart/05-rss-round-1/rss/raw/unary-W/W-00107.poscar,a2f91248590482f9bca0d7e21f340ef278f9f04494c6efe0a17de7656038c245,a2f91248590482f9bca0d7e21f340ef278f9f04494c6efe0a17de7656038c245
40.0,,rss_mini,40.0,rss-n12-p400000bar,W-potential/fcc-restart/05-rss-round-1/rss-selection/source-frames/rss-n12-p400000bar.xyz,8,0.10199603762578327,,14.601213120866431,0.2613576341587701,0.2701102260459182,,False,False,,,,,False,12,400000.0,2,108,000327.poscar,unary-W/W-00108-2.poscar,/home/tuzhengyu/work/WTaTi/W-potential/fcc-restart/05-rss-round-1/rss/minimized/unary-W/W-00108-2.poscar,W-potential/fcc-restart/05-rss-round-1/rss/raw/unary-W/W-00108.poscar,3086c4b72a27070b272e12e7e590df286aebccb70954f08d2ed8fc6802636c04,3086c4b72a27070b272e12e7e590df286aebccb70954f08d2ed8fc6802636c04
40.0,,rss_mini,40.0,rss-n12-p400000bar,W-potential/fcc-restart/05-rss-round-1/rss-selection/source-frames/rss-n12-p400000bar.xyz,9,0.01110862219545875,,14.258764160331216,0.054089996980164735,0.05994287270332535,,False,False,,,,,False,12,400000.0,2,109,000330.poscar,unary-W/W-00109-2.poscar,/home/tuzhengyu/work/WTaTi/W-potential/fcc-restart/05-rss-round-1/rss/minimized/unary-W/W-00109-2.poscar,W-potential/fcc-restart/05-rss-round-1/rss/raw/unary-W/W-00109.poscar,da471b7660168e896701a6f855d45f1ff2c6df0c983ba34ab5977906966cd40b,da471b7660168e896701a6f855d45f1ff2c6df0c983ba34ab5977906966cd40b
40.0,,rss_mini,40.0,rss-n12-p400000bar,W-potential/fcc-restart/05-rss-round-1/rss-selection/source-frames/rss-n12-p400000bar.xyz,10,0.16479980034412453,,14.296741297408838,0.7976357680594506,0.8821433545133658,,False,False,,,,,False,12,400000.0,2,110,000333.poscar,unary-W/W-00110-2.poscar,/home/tuzhengyu/work/WTaTi/W-potential/fcc-restart/05-rss-round-1/rss/minimized/unary-W/W-00110-2.poscar,W-potential/fcc-restart/05-rss-round-1/rss/raw/unary-W/W-00110.poscar,3d61b66de63c0afabb0c81f1d438badcdf5dbcd4feab0fa84c4eb14674ab60a6,3d61b66de63c0afabb0c81f1d438badcdf5dbcd4feab0fa84c4eb14674ab60a6
40.0,,rss_mini,40.0,rss-n12-p400000bar,W-potential/fcc-restart/05-rss-round-1/rss-selection/source-frames/rss-n12-p400000bar.xyz,11,0.0038047060020570825,,14.37070475938656,0.0186463766582901,0.021589905188104535,,False,False,,,,,False,12,400000.0,2,111,000336.poscar,unary-W/W-00111-2.poscar,/home/tuzhengyu/work/WTaTi/W-potential/fcc-restart/05-rss-round-1/rss/minimized/unary-W/W-00111-2.poscar,W-potential/fcc-restart/05-rss-round-1/rss/raw/unary-W/W-00111.poscar,46aa5e114be09f64df49cd1715c1975c01d67273d8a2993bb9f794ad7789e91d,46aa5e114be09f64df49cd1715c1975c01d67273d8a2993bb9f794ad7789e91d
40.0,,rss_mini,40.0,rss-n12-p400000bar,W-potential/fcc-restart/05-rss-round-1/rss-selection/source-frames/rss-n12-p400000bar.xyz,12,0.20068748714176396,,14.322205608399841,0.6938220652522831,0.7696723578849824,,False,False,,,,,False,12,400000.0,2,112,000339.poscar,unary-W/W-00112-2.poscar,/home/tuzhengyu/work/WTaTi/W-potential/fcc-restart/05-rss-round-1/rss/minimized/unary-W/W-00112-2.poscar,W-potential/fcc-restart/05-rss-round-1/rss/raw/unary-W/W-00112.poscar,71c16323465bbdb25af3288be9c2f98af011654c1c2eea15c356f949e9e8c9f8,71c16323465bbdb25af3288be9c2f98af011654c1c2eea15c356f949e9e8c9f8
40.0,,rss_mini,40.0,rss-n12-p400000bar,W-potential/fcc-restart/05-rss-round-1/rss-selection/source-frames/rss-n12-p400000bar.xyz,13,0.003930847307658719,,14.325562648411113,0.025623624469510494,0.02836668130385835,,False,False,,,,,False,12,400000.0,2,113,000342.poscar,unary-W/W-00113-2.poscar,/home/tuzhengyu/work/WTaTi/W-potential/fcc-restart/05-rss-round-1/rss/minimized/unary-W/W-00113-2.poscar,W-potential/fcc-restart/05-rss-round-1/rss/raw/unary-W/W-00113.poscar,f7864bd347a1c79233d7a9da145c3799cf1e887d7f8ab2ba734f1e690c0598b2,f7864bd347a1c79233d7a9da145c3799cf1e887d7f8ab2ba734f1e690c0598b2
40.0,,rss_mini,40.0,rss-n12-p400000bar,W-potential/fcc-restart/05-rss-round-1/rss-selection/source-frames/rss-n12-p400000bar.xyz,14,0.004107322518378636,,14.31674385132657,0.023812536600912492,0.026012636488198536,,False,False,,,,,False,12,400000.0,2,114,000345.poscar,unary-W/W-00114-2.poscar,/home/tuzhengyu/work/WTaTi/W-potential/fcc-restart/05-rss-round-1/rss/minimized/unary-W/W-00114-2.poscar,W-potential/fcc-restart/05-rss-round-1/rss/raw/unary-W/W-00114.poscar,1133f4ad71ef05cc6a988802e437d96ddc46e7c2a7e5f0f737e3b7f7300f9399,1133f4ad71ef05cc6a988802e437d96ddc46e7c2a7e5f0f737e3b7f7300f9399
40.0,,rss_mini,40.0,rss-n12-p400000bar,W-potential/fcc-restart/05-rss-round-1/rss-selection/source-frames/rss-n12-p400000bar.xyz,15,0.026868392467956272,,14.26642252724637,0.09051141816622581,0.10897730984905514,,False,False,,,,,False,12,400000.0,2,115,000348.poscar,unary-W/W-00115-2.poscar,/home/tuzhengyu/work/WTaTi/W-potential/fcc-restart/05-rss-round-1/rss/minimized/unary-W/W-00115-2.poscar,W-potential/fcc-restart/05-rss-round-1/rss/raw/unary-W/W-00115.poscar,f608d47aacd287955d0a4a96c632a6fda82b79352ebc93fd212ec10c00561db2,f608d47aacd287955d0a4a96c632a6fda82b79352ebc93fd212ec10c00561db2
40.0,,rss_mini,40.0,rss-n12-p400000bar,W-potential/fcc-restart/05-rss-round-1/rss-selection/source-frames/rss-n12-p400000bar.xyz,16,0.013875370057812525,,14.263386041883136,0.06977647685465099,0.07695164196029539,,False,False,,,,,False,12,400000.0,2,116,000351.poscar,unary-W/W-00116-2.poscar,/home/tuzhengyu/work/WTaTi/W-potential/fcc-restart/05-rss-round-1/rss/minimized/unary-W/W-00116-2.poscar,W-potential/fcc-restart/05-rss-round-1/rss/raw/unary-W/W-00116.poscar,55bbc7e0775a06cb1ce83ca544916cf401409511225b2dd5b04fb42c67b2a6f3,55bbc7e0775a06cb1ce83ca544916cf401409511225b2dd5b04fb42c67b2a6f3
40.0,,rss_mini,40.0,rss-n12-p400000bar,W-potential/fcc-restart/05-rss-round-1/rss-selection/source-frames/rss-n12-p400000bar.xyz,17,0.18507209247469975,,14.583072102738553,0.16287472819692,0.19088913913947558,,False,False,,,,,False,12,400000.0,2,117,000354.poscar,unary-W/W-00117-2.poscar,/home/tuzhengyu/work/WTaTi/W-potential/fcc-restart/05-rss-round-1/rss/minimized/unary-W/W-00117-2.poscar,W-potential/fcc-restart/05-rss-round-1/rss/raw/unary-W/W-00117.poscar,62fb1c89947d417d505d497b47f2d3b81f352c1a3574c6bae13fd345312c91d6,62fb1c89947d417d505d497b47f2d3b81f352c1a3574c6bae13fd345312c91d6
40.0,,rss_mini,40.0,rss-n12-p400000bar,W-potential/fcc-restart/05-rss-round-1/rss-selection/source-frames/rss-n12-p400000bar.xyz,18,0.1661462818573051,,14.56662425562971,0.1771616642615855,0.2163703135010207,,False,False,,,,,False,12,400000.0,2,118,000357.poscar,unary-W/W-00118-2.poscar,/home/tuzhengyu/work/WTaTi/W-potential/fcc-restart/05-rss-round-1/rss/minimized/unary-W/W-00118-2.poscar,W-potential/fcc-restart/05-rss-round-1/rss/raw/unary-W/W-00118.poscar,24c54c277a2c1bd41a1dbffaa4fcb3b407ea302bb6ae6958d4c5adea5f484463,24c54c277a2c1bd41a1dbffaa4fcb3b407ea302bb6ae6958d4c5adea5f484463
40.0,,rss_mini,40.0,rss-n12-p400000bar,W-potential/fcc-restart/05-rss-round-1/rss-selection/source-frames/rss-n12-p400000bar.xyz,19,0.029157809402595086,,14.356552289276785,0.13736653875406432,0.13843079182022924,,False,False,,,,,False,12,400000.0,2,119,000360.poscar,unary-W/W-00119-2.poscar,/home/tuzhengyu/work/WTaTi/W-potential/fcc-restart/05-rss-round-1/rss/minimized/unary-W/W-00119-2.poscar,W-potential/fcc-restart/05-rss-round-1/rss/raw/unary-W/W-00119.poscar,f9e76a3835290ceffe0ab17816be5c68ee892cb74d1f97f3c084948738707677,f9e76a3835290ceffe0ab17816be5c68ee892cb74d1f97f3c084948738707677
40.0,,rss_mini,40.0,rss-n12-p400000bar,W-potential/fcc-restart/05-rss-round-1/rss-selection/source-frames/rss-n12-p400000bar.xyz,20,0.1632926917179988,,14.586726273773278,0.06662001714102588,0.13845407192672024,,False,False,,,,,False,12,400000.0,2,120,000363.poscar,unary-W/W-00120-2.poscar,/home/tuzhengyu/work/WTaTi/W-potential/fcc-restart/05-rss-round-1/rss/minimized/unary-W/W-00120-2.poscar,W-potential/fcc-restart/05-rss-round-1/rss/raw/unary-W/W-00120.poscar,e55b14c396159ae030a14c890b8420b8ac231148c44cdd17547fabc26f8be066,e55b14c396159ae030a14c890b8420b8ac231148c44cdd17547fabc26f8be066
40.0,,rss_mini,40.0,rss-n12-p400000bar,W-potential/fcc-restart/05-rss-round-1/rss-selection/source-frames/rss-n12-p400000bar.xyz,21,0.0006208527645833643,,14.707072894409967,0.007236960485755052,0.006564043062375957,,False,False,,,,,False,12,400000.0,2,121,000366.poscar,unary-W/W-00121-2.poscar,/home/tuzhengyu/work/WTaTi/W-potential/fcc-restart/05-rss-round-1/rss/minimized/unary-W/W-00121-2.poscar,W-potential/fcc-restart/05-rss-round-1/rss/raw/unary-W/W-00121.poscar,21468be83b160eb00505e57ac513255af75957398da5d4e5d42b04126f9accfb,21468be83b160eb00505e57ac513255af75957398da5d4e5d42b04126f9accfb
40.0,,rss_mini,40.0,rss-n12-p400000bar,W-potential/fcc-restart/05-rss-round-1/rss-selection/source-frames/rss-n12-p400000bar.xyz,22,0.013264538486595064,,14.311455007528515,0.04989254870184821,0.05023039522757806,,False,False,,,,,False,12,400000.0,2,122,000369.poscar,unary-W/W-00122-2.poscar,/home/tuzhengyu/work/WTaTi/W-potential/fcc-restart/05-rss-round-1/rss/minimized/unary-W/W-00122-2.poscar,W-potential/fcc-restart/05-rss-round-1/rss/raw/unary-W/W-00122.poscar,a5b59bec37043445fd883a7fbc260d9108dd2c6bc128920bbc77431b10ffecd2,a5b59bec37043445fd883a7fbc260d9108dd2c6bc128920bbc77431b10ffecd2
40.0,,rss_mini,40.0,rss-n12-p400000bar,W-potential/fcc-restart/05-rss-round-1/rss-selection/source-frames/rss-n12-p400000bar.xyz,23,0.016063093289150628,,14.267655842451127,0.0885312405525658,0.09926575922451338,,False,False,,,,,False,12,400000.0,2,123,000372.poscar,unary-W/W-00123-2.poscar,/home/tuzhengyu/work/WTaTi/W-potential/fcc-restart/05-rss-round-1/rss/minimized/unary-W/W-00123-2.poscar,W-potential/fcc-restart/05-rss-round-1/rss/raw/unary-W/W-00123.poscar,61e13136fe5109ccf0461b8c7e3c94584255a7b52ef541594bd30a11d69e72c9,61e13136fe5109ccf0461b8c7e3c94584255a7b52ef541594bd30a11d69e72c9
40.0,,rss_mini,40.0,rss-n12-p400000bar,W-potential/fcc-restart/05-rss-round-1/rss-selection/source-frames/rss-n12-p400000bar.xyz,24,0.2585345763098586,,14.80330325724541,0.6605210821072802,0.9327085262692622,,False,False,,,,,False,12,400000.0,2,124,000375.poscar,unary-W/W-00124-2.poscar,/home/tuzhengyu/work/WTaTi/W-potential/fcc-restart/05-rss-round-1/rss/minimized/unary-W/W-00124-2.poscar,W-potential/fcc-restart/05-rss-round-1/rss/raw/unary-W/W-00124.poscar,9e158f7dd363d7f31064c73f255fa29bec96478b40d9bfddaf278af03cea5da2,9e158f7dd363d7f31064c73f255fa29bec96478b40d9bfddaf278af03cea5da2
40.0,,rss_mini,40.0,rss-n12-p400000bar,W-potential/fcc-restart/05-rss-round-1/rss-selection/source-frames/rss-n12-p400000bar.xyz,25,0.18793066208550058,,14.54052827998589,0.6520353394002,0.564195001542884,,False,False,,,,,False,12,400000.0,2,125,000378.poscar,unary-W/W-00125-2.poscar,/home/tuzhengyu/work/WTaTi/W-potential/fcc-restart/05-rss-round-1/rss/minimized/unary-W/W-00125-2.poscar,W-potential/fcc-restart/05-rss-round-1/rss/raw/unary-W/W-00125.poscar,ee05ccd5ab5fb226e4528ec793ee91cd4aae40af47394e9b6ff4dfcb7d955554,ee05ccd5ab5fb226e4528ec793ee91cd4aae40af47394e9b6ff4dfcb7d955554
40.0,,rss_mini,40.0,rss-n12-p400000bar,W-potential/fcc-restart/05-rss-round-1/rss-selection/source-frames/rss-n12-p400000bar.xyz,26,0.22307285019616796,,14.60659318269447,2.4042820859335468,2.4619070543999024,,False,False,,,,,False,12,400000.0,2,126,000381.poscar,unary-W/W-00126-2.poscar,/home/tuzhengyu/work/WTaTi/W-potential/fcc-restart/05-rss-round-1/rss/minimized/unary-W/W-00126-2.poscar,W-potential/fcc-restart/05-rss-round-1/rss/raw/unary-W/W-00126.poscar,a9056f7dc96b31db33e4b23c1ea8505f5fd5e05f7b180c9a74b86945407c6185,a9056f7dc96b31db33e4b23c1ea8505f5fd5e05f7b180c9a74b86945407c6185
40.0,,rss_mini,40.0,rss-n12-p400000bar,W-potential/fcc-restart/05-rss-round-1/rss-selection/source-frames/rss-n12-p400000bar.xyz,27,0.13430623968494995,,14.59655150368936,0.1547014149146927,0.18485894431441513,,False,False,,,,,False,12,400000.0,2,127,000384.poscar,unary-W/W-00127-2.poscar,/home/tuzhengyu/work/WTaTi/W-potential/fcc-restart/05-rss-round-1/rss/minimized/unary-W/W-00127-2.poscar,W-potential/fcc-restart/05-rss-round-1/rss/raw/unary-W/W-00127.poscar,1047baee91eaeec56ddaf37a1ea992946493c4c100061d134ac545b55696194f,1047baee91eaeec56ddaf37a1ea992946493c4c100061d134ac545b55696194f
40.0,,rss_mini,40.0,rss-n12-p400000bar,W-potential/fcc-restart/05-rss-round-1/rss-selection/source-frames/rss-n12-p400000bar.xyz,28,0.17343780900404288,,14.689823473991979,0.15968764811027386,0.2194761797793626,,False,False,,,,,False,12,400000.0,2,128,000387.poscar,unary-W/W-00128-2.poscar,/home/tuzhengyu/work/WTaTi/W-potential/fcc-restart/05-rss-round-1/rss/minimized/unary-W/W-00128-2.poscar,W-potential/fcc-restart/05-rss-round-1/rss/raw/unary-W/W-00128.poscar,f021ac7f16be1d5e323b87e46a47f567ba33795a7b16fe3de3c67bfdf26030ba,f021ac7f16be1d5e323b87e46a47f567ba33795a7b16fe3de3c67bfdf26030ba
40.0,,rss_mini,40.0,rss-n12-p400000bar,W-potential/fcc-restart/05-rss-round-1/rss-selection/source-frames/rss-n12-p400000bar.xyz,29,0.107824150240842,,14.617973029162036,0.33126917717509136,0.27766101782737745,,False,False,,,,,False,12,400000.0,2,129,000390.poscar,unary-W/W-00129-2.poscar,/home/tuzhengyu/work/WTaTi/W-potential/fcc-restart/05-rss-round-1/rss/minimized/unary-W/W-00129-2.poscar,W-potential/fcc-restart/05-rss-round-1/rss/raw/unary-W/W-00129.poscar,df76489dd2a3a7020f7aee9cc3c1635dcadc2417ae38b799c20f5c069a12f824,df76489dd2a3a7020f7aee9cc3c1635dcadc2417ae38b799c20f5c069a12f824
40.0,,rss_mini,40.0,rss-n12-p400000bar,W-potential/fcc-restart/05-rss-round-1/rss-selection/source-frames/rss-n12-p400000bar.xyz,30,0.1723680354065461,,14.714509385342469,0.31621405772977224,0.31698420915105113,,False,False,,,,,False,12,400000.0,2,130,000393.poscar,unary-W/W-00130-2.poscar,/home/tuzhengyu/work/WTaTi/W-potential/fcc-restart/05-rss-round-1/rss/minimized/unary-W/W-00130-2.poscar,W-potential/fcc-restart/05-rss-round-1/rss/raw/unary-W/W-00130.poscar,edab698e24171c9f9d520cfd3691c716dc9f9e97449a3b426e7343a5ed1088cf,edab698e24171c9f9d520cfd3691c716dc9f9e97449a3b426e7343a5ed1088cf
40.0,,rss_mini,40.0,rss-n12-p400000bar,W-potential/fcc-restart/05-rss-round-1/rss-selection/source-frames/rss-n12-p400000bar.xyz,31,0.24515898082588905,,15.036998288939975,0.37241488805705086,0.43516403092237,,False,False,,,,,False,12,400000.0,2,131,000396.poscar,unary-W/W-00131-2.poscar,/home/tuzhengyu/work/WTaTi/W-potential/fcc-restart/05-rss-round-1/rss/minimized/unary-W/W-00131-2.poscar,W-potential/fcc-restart/05-rss-round-1/rss/raw/unary-W/W-00131.poscar,148501a5cb2459f90b73ef3ceffb252017f4e628d004a183280b729f8dacd37a,148501a5cb2459f90b73ef3ceffb252017f4e628d004a183280b729f8dacd37a
40.0,,rss_mini,40.0,rss-n12-p400000bar,W-potential/fcc-restart/05-rss-round-1/rss-selection/source-frames/rss-n12-p400000bar.xyz,32,0.11007411849704846,,14.581721527105756,0.09460365933244479,0.11777735952776709,,False,False,,,,,False,12,400000.0,2,132,000399.poscar,unary-W/W-00132-2.poscar,/home/tuzhengyu/work/WTaTi/W-potential/fcc-restart/05-rss-round-1/rss/minimized/unary-W/W-00132-2.poscar,W-potential/fcc-restart/05-rss-round-1/rss/raw/unary-W/W-00132.poscar,1a414866db275fd53de0a6981429ec19be0273cadc75d900690e634f17a22142,1a414866db275fd53de0a6981429ec19be0273cadc75d900690e634f17a22142
40.0,,rss_mini,40.0,rss-n12-p400000bar,W-potential/fcc-restart/05-rss-round-1/rss-selection/source-frames/rss-n12-p400000bar.xyz,33,0.13617519604380374,,14.529185287507834,0.08206529938480973,0.17070738899859778,,False,False,,,,,False,12,400000.0,2,133,000402.poscar,unary-W/W-00133-2.poscar,/home/tuzhengyu/work/WTaTi/W-potential/fcc-restart/05-rss-round-1/rss/minimized/unary-W/W-00133-2.poscar,W-potential/fcc-restart/05-rss-round-1/rss/raw/unary-W/W-00133.poscar,08399d611c39b5d9b08b365ce9dbc820b1749d96b31ab8e34327596d7719f76c,08399d611c39b5d9b08b365ce9dbc820b1749d96b31ab8e34327596d7719f76c
40.0,,rss_mini,40.0,rss-n12-p400000bar,W-potential/fcc-restart/05-rss-round-1/rss-selection/source-frames/rss-n12-p400000bar.xyz,34,0.05323677293487565,,14.275780994169027,0.16134391882851112,0.19389137599265863,,False,False,,,,,False,12,400000.0,2,134,000405.poscar,unary-W/W-00134-2.poscar,/home/tuzhengyu/work/WTaTi/W-potential/fcc-restart/05-rss-round-1/rss/minimized/unary-W/W-00134-2.poscar,W-potential/fcc-restart/05-rss-round-1/rss/raw/unary-W/W-00134.poscar,9ff10596bfc2aa45a54de95e35d10e2e02d44c32789bc4a8b6b226c7206a5dd4,9ff10596bfc2aa45a54de95e35d10e2e02d44c32789bc4a8b6b226c7206a5dd4
40.0,,rss_mini,40.0,rss-n12-p400000bar,W-potential/fcc-restart/05-rss-round-1/rss-selection/source-frames/rss-n12-p400000bar.xyz,35,0.03948919729286395,,14.262674370299706,0.17077668365356327,0.17539962341172813,,False,False,,,,,False,12,400000.0,2,135,000408.poscar,unary-W/W-00135-2.poscar,/home/tuzhengyu/work/WTaTi/W-potential/fcc-restart/05-rss-round-1/rss/minimized/unary-W/W-00135-2.poscar,W-potential/fcc-restart/05-rss-round-1/rss/raw/unary-W/W-00135.poscar,6503935df4c677cda8d0827167988e194ccc63b73c35efe472dd2c158f727b0a,6503935df4c677cda8d0827167988e194ccc63b73c35efe472dd2c158f727b0a
40.0,,rss_mini,40.0,rss-n12-p400000bar,W-potential/fcc-restart/05-rss-round-1/rss-selection/source-frames/rss-n12-p400000bar.xyz,36,0.007373177981018391,,14.277247181830484,0.042472743051067095,0.04584007166942495,,False,False,,,,,False,12,400000.0,2,136,000411.poscar,unary-W/W-00136-2.poscar,/home/tuzhengyu/work/WTaTi/W-potential/fcc-restart/05-rss-round-1/rss/minimized/unary-W/W-00136-2.poscar,W-potential/fcc-restart/05-rss-round-1/rss/raw/unary-W/W-00136.poscar,947356b3bc6d6b05ba01ad107449692fce84a3fecd6541da2bdea4dcfbfdf027,947356b3bc6d6b05ba01ad107449692fce84a3fecd6541da2bdea4dcfbfdf027
40.0,,rss_mini,40.0,rss-n12-p400000bar,W-potential/fcc-restart/05-rss-round-1/rss-selection/source-frames/rss-n12-p400000bar.xyz,37,0.29348309659575594,,14.386042421112073,1.7044390145391195,1.5519506212556942,,False,False,,,,,False,12,400000.0,2,137,000414.poscar,unary-W/W-00137-2.poscar,/home/tuzhengyu/work/WTaTi/W-potential/fcc-restart/05-rss-round-1/rss/minimized/unary-W/W-00137-2.poscar,W-potential/fcc-restart/05-rss-round-1/rss/raw/unary-W/W-00137.poscar,6fd309f675a8ed1010ed20e9010217810614d6c5f57f92835b194d9108fd35d5,6fd309f675a8ed1010ed20e9010217810614d6c5f57f92835b194d9108fd35d5
40.0,,rss_mini,40.0,rss-n12-p400000bar,W-potential/fcc-restart/05-rss-round-1/rss-selection/source-frames/rss-n12-p400000bar.xyz,38,0.2549086389928302,,14.666472569908427,0.8501750595314065,0.8760686091008986,,False,False,,,,,False,12,400000.0,2,138,000417.poscar,unary-W/W-00138-2.poscar,/home/tuzhengyu/work/WTaTi/W-potential/fcc-restart/05-rss-round-1/rss/minimized/unary-W/W-00138-2.poscar,W-potential/fcc-restart/05-rss-round-1/rss/raw/unary-W/W-00138.poscar,24b8a4a4417965cb780a924e81bd712936e0f98c242d9d7ddbc01784b89a4bf9,24b8a4a4417965cb780a924e81bd712936e0f98c242d9d7ddbc01784b89a4bf9
40.0,,rss_mini,40.0,rss-n12-p400000bar,W-potential/fcc-restart/05-rss-round-1/rss-selection/source-frames/rss-n12-p400000bar.xyz,39,0.18249604508235548,,14.637321545544586,0.21047823374902408,0.35868905012411706,,False,False,,,,,False,12,400000.0,2,139,000420.poscar,unary-W/W-00139-2.poscar,/home/tuzhengyu/work/WTaTi/W-potential/fcc-restart/05-rss-round-1/rss/minimized/unary-W/W-00139-2.poscar,W-potential/fcc-restart/05-rss-round-1/rss/raw/unary-W/W-00139.poscar,a4926f954e3aae0941c99a6b5677c4bf360d68b2a5ad765def79309ad0f92a78,a4926f954e3aae0941c99a6b5677c4bf360d68b2a5ad765def79309ad0f92a78
40.0,,rss_mini,40.0,rss-n12-p400000bar,W-potential/fcc-restart/05-rss-round-1/rss-selection/source-frames/rss-n12-p400000bar.xyz,40,0.004972444573360289,,14.285044912985171,0.02270642778005288,0.024258188519646277,,False,False,,,,,False,12,400000.0,2,140,000423.poscar,unary-W/W-00140-2.poscar,/home/tuzhengyu/work/WTaTi/W-potential/fcc-restart/05-rss-round-1/rss/minimized/unary-W/W-00140-2.poscar,W-potential/fcc-restart/05-rss-round-1/rss/raw/unary-W/W-00140.poscar,28a7e3763330f32c24e1440d0b133289c53f6783e1fd8913ffd8df47b6468832,28a7e3763330f32c24e1440d0b133289c53f6783e1fd8913ffd8df47b6468832
40.0,,rss_mini,40.0,rss-n12-p400000bar,W-potential/fcc-restart/05-rss-round-1/rss-selection/source-frames/rss-n12-p400000bar.xyz,41,0.035290222697067906,,14.304314837470622,0.16390835020866032,0.1902480074226687,,False,False,,,,,False,12,400000.0,2,141,000426.poscar,unary-W/W-00141-2.poscar,/home/tuzhengyu/work/WTaTi/W-potential/fcc-restart/05-rss-round-1/rss/minimized/unary-W/W-00141-2.poscar,W-potential/fcc-restart/05-rss-round-1/rss/raw/unary-W/W-00141.poscar,93991a927f85da18c7d6295ff6db332fadf9db0a5c2c097069f3dc5451f1a508,93991a927f85da18c7d6295ff6db332fadf9db0a5c2c097069f3dc5451f1a508
40.0,,rss_mini,40.0,rss-n12-p400000bar,W-potential/fcc-restart/05-rss-round-1/rss-selection/source-frames/rss-n12-p400000bar.xyz,42,0.2281563278286242,,14.71869007685826,0.24491025554694615,0.314608519685921,,False,False,,,,,False,12,400000.0,2,142,000429.poscar,unary-W/W-00142-2.poscar,/home/tuzhengyu/work/WTaTi/W-potential/fcc-restart/05-rss-round-1/rss/minimized/unary-W/W-00142-2.poscar,W-potential/fcc-restart/05-rss-round-1/rss/raw/unary-W/W-00142.poscar,6eb4f12fc02d2002abac4171849758dce44dd8cf75f3e9e7285c8985c3029a65,6eb4f12fc02d2002abac4171849758dce44dd8cf75f3e9e7285c8985c3029a65
40.0,,rss_mini,40.0,rss-n12-p400000bar,W-potential/fcc-restart/05-rss-round-1/rss-selection/source-frames/rss-n12-p400000bar.xyz,43,0.018499998549915814,,14.301476286921286,0.07824648737173097,0.0881673909130581,,False,False,,,,,False,12,400000.0,2,143,000432.poscar,unary-W/W-00143-2.poscar,/home/tuzhengyu/work/WTaTi/W-potential/fcc-restart/05-rss-round-1/rss/minimized/unary-W/W-00143-2.poscar,W-potential/fcc-restart/05-rss-round-1/rss/raw/unary-W/W-00143.poscar,90a3e491f8debaa95adb5a9341c179b6b23ea7caef4d6354709b54d79981273f,90a3e491f8debaa95adb5a9341c179b6b23ea7caef4d6354709b54d79981273f
40.0,,rss_mini,40.0,rss-n12-p400000bar,W-potential/fcc-restart/05-rss-round-1/rss-selection/source-frames/rss-n12-p400000bar.xyz,44,0.014119270545968296,,14.284136673499363,0.05927944548863035,0.06499441985117982,,False,False,,,,,False,12,400000.0,2,144,000435.poscar,unary-W/W-00144-2.poscar,/home/tuzhengyu/work/WTaTi/W-potential/fcc-restart/05-rss-round-1/rss/minimized/unary-W/W-00144-2.poscar,W-potential/fcc-restart/05-rss-round-1/rss/raw/unary-W/W-00144.poscar,af5f5bf81cda2eb02de74eae3b5bc1a954f3a695bcf90db77266ae91332109f0,af5f5bf81cda2eb02de74eae3b5bc1a954f3a695bcf90db77266ae91332109f0
40.0,,rss_mini,40.0,rss-n12-p400000bar,W-potential/fcc-restart/05-rss-round-1/rss-selection/source-frames/rss-n12-p400000bar.xyz,45,0.3173205028264571,,15.077127687709918,0.8368654914354,1.0593913274834088,,False,False,,,,,False,12,400000.0,2,145,000438.poscar,unary-W/W-00145-2.poscar,/home/tuzhengyu/work/WTaTi/W-potential/fcc-restart/05-rss-round-1/rss/minimized/unary-W/W-00145-2.poscar,W-potential/fcc-restart/05-rss-round-1/rss/raw/unary-W/W-00145.poscar,b0727a9e175d7cea99072bef845fa9d029ca1afa70e502359f9fed3b16d9b3c3,b0727a9e175d7cea99072bef845fa9d029ca1afa70e502359f9fed3b16d9b3c3
40.0,,rss_mini,40.0,rss-n12-p400000bar,W-potential/fcc-restart/05-rss-round-1/rss-selection/source-frames/rss-n12-p400000bar.xyz,46,0.005897445110059178,,14.31288224525092,0.035539066407121775,0.039340439830621125,,False,False,,,,,False,12,400000.0,2,146,000441.poscar,unary-W/W-00146-2.poscar,/home/tuzhengyu/work/WTaTi/W-potential/fcc-restart/05-rss-round-1/rss/minimized/unary-W/W-00146-2.poscar,W-potential/fcc-restart/05-rss-round-1/rss/raw/unary-W/W-00146.poscar,1c90020d99bf5f85701cce63d1e8e97398fda4e6d63ee8a8f379284aa262b04c,1c90020d99bf5f85701cce63d1e8e97398fda4e6d63ee8a8f379284aa262b04c
40.0,,rss_mini,40.0,rss-n12-p400000bar,W-potential/fcc-restart/05-rss-round-1/rss-selection/source-frames/rss-n12-p400000bar.xyz,47,0.19619004566806875,,14.554793374677443,0.9227855579522559,0.9399059227657571,,False,False,,,,,False,12,400000.0,2,147,000444.poscar,unary-W/W-00147-2.poscar,/home/tuzhengyu/work/WTaTi/W-potential/fcc-restart/05-rss-round-1/rss/minimized/unary-W/W-00147-2.poscar,W-potential/fcc-restart/05-rss-round-1/rss/raw/unary-W/W-00147.poscar,1b300e3a37d4a3caadca1490b6dbda6664a118afbbedeb07182b55c5ce0c99cc,1b300e3a37d4a3caadca1490b6dbda6664a118afbbedeb07182b55c5ce0c99cc
40.0,,rss_mini,40.0,rss-n12-p400000bar,W-potential/fcc-restart/05-rss-round-1/rss-selection/source-frames/rss-n12-p400000bar.xyz,48,0.041593231160328474,,14.27721853487816,0.1639028726706682,0.18780314861345285,,False,False,,,,,False,12,400000.0,2,148,000447.poscar,unary-W/W-00148-2.poscar,/home/tuzhengyu/work/WTaTi/W-potential/fcc-restart/05-rss-round-1/rss/minimized/unary-W/W-00148-2.poscar,W-potential/fcc-restart/05-rss-round-1/rss/raw/unary-W/W-00148.poscar,33fc2d0fe2476082c3030354922d55096c51cf4ae67aecc4ba7f2576b649f829,33fc2d0fe2476082c3030354922d55096c51cf4ae67aecc4ba7f2576b649f829
40.0,,rss_mini,40.0,rss-n12-p400000bar,W-potential/fcc-restart/05-rss-round-1/rss-selection/source-frames/rss-n12-p400000bar.xyz,49,0.07034485992998674,,14.317946263578568,0.23893398140390198,0.2729567762245107,,False,False,,,,,False,12,400000.0,2,149,000450.poscar,unary-W/W-00149-2.poscar,/home/tuzhengyu/work/WTaTi/W-potential/fcc-restart/05-rss-round-1/rss/minimized/unary-W/W-00149-2.poscar,W-potential/fcc-restart/05-rss-round-1/rss/raw/unary-W/W-00149.poscar,17bde6227b1c4df2e209c943ee1c07c08e15e75f5746fe5f33aef816ac1d1063,17bde6227b1c4df2e209c943ee1c07c08e15e75f5746fe5f33aef816ac1d1063
0.0,,rss_mini,0.0,rss-n15-p0bar,W-potential/fcc-restart/05-rss-round-1/rss-selection/source-frames/rss-n15-p0bar.xyz,0,0.12557471057357514,,15.876000289910081,0.6693005472271172,0.682264067294454,,False,False,,,,,False,15,0.0,0,150,000451.poscar,unary-W/W-00150-0.poscar,/home/tuzhengyu/work/WTaTi/W-potential/fcc-restart/05-rss-round-1/rss/minimized/unary-W/W-00150-0.poscar,W-potential/fcc-restart/05-rss-round-1/rss/raw/unary-W/W-00150.poscar,08ce2fe91b665f0094620f27606c29c32f130ce88078d0da9864c600a19140b5,08ce2fe91b665f0094620f27606c29c32f130ce88078d0da9864c600a19140b5
0.0,,rss_mini,0.0,rss-n15-p0bar,W-potential/fcc-restart/05-rss-round-1/rss-selection/source-frames/rss-n15-p0bar.xyz,1,0.1812444273831061,,16.88941639274589,0.8566888325024943,0.9811709065598632,,False,False,,,,,False,15,0.0,0,151,000454.poscar,unary-W/W-00151-0.poscar,/home/tuzhengyu/work/WTaTi/W-potential/fcc-restart/05-rss-round-1/rss/minimized/unary-W/W-00151-0.poscar,W-potential/fcc-restart/05-rss-round-1/rss/raw/unary-W/W-00151.poscar,08892d8e41b17bf45421de4d56094d52cd034e2e05ab38d59c01abfef731fa72,08892d8e41b17bf45421de4d56094d52cd034e2e05ab38d59c01abfef731fa72
0.0,,rss_mini,0.0,rss-n15-p0bar,W-potential/fcc-restart/05-rss-round-1/rss-selection/source-frames/rss-n15-p0bar.xyz,2,0.1624932500925551,,16.843452691541383,0.3800666415804664,0.39508401585118746,,False,False,,,,,False,15,0.0,0,152,000457.poscar,unary-W/W-00152-0.poscar,/home/tuzhengyu/work/WTaTi/W-potential/fcc-restart/05-rss-round-1/rss/minimized/unary-W/W-00152-0.poscar,W-potential/fcc-restart/05-rss-round-1/rss/raw/unary-W/W-00152.poscar,3af2aa77e9c8d92f039158df397e203cad25c5877cf941bb77c11ebebf970713,3af2aa77e9c8d92f039158df397e203cad25c5877cf941bb77c11ebebf970713
0.0,,rss_mini,0.0,rss-n15-p0bar,W-potential/fcc-restart/05-rss-round-1/rss-selection/source-frames/rss-n15-p0bar.xyz,3,0.25752014876659257,,16.66623967065549,0.7029860381349774,0.6075049027532167,,False,False,,,,,False,15,0.0,0,153,000460.poscar,unary-W/W-00153-0.poscar,/home/tuzhengyu/work/WTaTi/W-potential/fcc-restart/05-rss-round-1/rss/minimized/unary-W/W-00153-0.poscar,W-potential/fcc-restart/05-rss-round-1/rss/raw/unary-W/W-00153.poscar,c41f98ed205916174073a33eed41ca7ce5ece9163d674f3abbffb847c9e79bdf,c41f98ed205916174073a33eed41ca7ce5ece9163d674f3abbffb847c9e79bdf
0.0,,rss_mini,0.0,rss-n15-p0bar,W-potential/fcc-restart/05-rss-round-1/rss-selection/source-frames/rss-n15-p0bar.xyz,4,0.13348254740413318,,16.94439695671325,0.268297758901336,0.2366813685774007,,False,False,,,,,False,15,0.0,0,154,000463.poscar,unary-W/W-00154-0.poscar,/home/tuzhengyu/work/WTaTi/W-potential/fcc-restart/05-rss-round-1/rss/minimized/unary-W/W-00154-0.poscar,W-potential/fcc-restart/05-rss-round-1/rss/raw/unary-W/W-00154.poscar,4a1d37af6a11f8649c54cf94404da96920b007652e34b88aff6b305b53e9dde0,4a1d37af6a11f8649c54cf94404da96920b007652e34b88aff6b305b53e9dde0
0.0,,rss_mini,0.0,rss-n15-p0bar,W-potential/fcc-restart/05-rss-round-1/rss-selection/source-frames/rss-n15-p0bar.xyz,5,0.14988314723007387,,16.96326727978661,0.21513186211568647,0.352491017430204,,False,False,,,,,False,15,0.0,0,155,000466.poscar,unary-W/W-00155-0.poscar,/home/tuzhengyu/work/WTaTi/W-potential/fcc-restart/05-rss-round-1/rss/minimized/unary-W/W-00155-0.poscar,W-potential/fcc-restart/05-rss-round-1/rss/raw/unary-W/W-00155.poscar,0a39fc3dd5b715ba86d089a83368a5c52d496bb1632694a37e8bb7c8e6ffd33d,0a39fc3dd5b715ba86d089a83368a5c52d496bb1632694a37e8bb7c8e6ffd33d
0.0,,rss_mini,0.0,rss-n15-p0bar,W-potential/fcc-restart/05-rss-round-1/rss-selection/source-frames/rss-n15-p0bar.xyz,6,0.002109645324328773,,16.387897596250003,0.024352385170958935,0.024185215899257057,,False,False,,,,,False,15,0.0,0,156,000469.poscar,unary-W/W-00156-0.poscar,/home/tuzhengyu/work/WTaTi/W-potential/fcc-restart/05-rss-round-1/rss/minimized/unary-W/W-00156-0.poscar,W-potential/fcc-restart/05-rss-round-1/rss/raw/unary-W/W-00156.poscar,3b19be28d8e0b8ed5875434e7203809b62a8180230a8acc38f89bb10bf6f986f,3b19be28d8e0b8ed5875434e7203809b62a8180230a8acc38f89bb10bf6f986f
0.0,,rss_mini,0.0,rss-n15-p0bar,W-potential/fcc-restart/05-rss-round-1/rss-selection/source-frames/rss-n15-p0bar.xyz,7,0.16677188275635052,,17.695620953865955,0.2123251703095473,0.2798237571450949,,False,False,,,,,False,15,0.0,0,157,000472.poscar,unary-W/W-00157-0.poscar,/home/tuzhengyu/work/WTaTi/W-potential/fcc-restart/05-rss-round-1/rss/minimized/unary-W/W-00157-0.poscar,W-potential/fcc-restart/05-rss-round-1/rss/raw/unary-W/W-00157.poscar,a2523ea5c3ec90d6f7d70a4a78294d5534716d714d7d0c71e89aa992bccc9bea,a2523ea5c3ec90d6f7d70a4a78294d5534716d714d7d0c71e89aa992bccc9bea
0.0,,rss_mini,0.0,rss-n15-p0bar,W-potential/fcc-restart/05-rss-round-1/rss-selection/source-frames/rss-n15-p0bar.xyz,8,0.2084560948403382,,16.66347782043048,0.10682821417854026,0.4684080395802519,,False,False,,,,,False,15,0.0,0,158,000475.poscar,unary-W/W-00158-0.poscar,/home/tuzhengyu/work/WTaTi/W-potential/fcc-restart/05-rss-round-1/rss/minimized/unary-W/W-00158-0.poscar,W-potential/fcc-restart/05-rss-round-1/rss/raw/unary-W/W-00158.poscar,12db7474056add20b03254c3cb0737bdccdf65dd7f0f6d77609cdf0e0fc15c2b,12db7474056add20b03254c3cb0737bdccdf65dd7f0f6d77609cdf0e0fc15c2b
0.0,,rss_mini,0.0,rss-n15-p0bar,W-potential/fcc-restart/05-rss-round-1/rss-selection/source-frames/rss-n15-p0bar.xyz,9,0.21380847768532094,,16.963310290076027,0.2594333868066014,0.4403640245474971,,False,False,,,,,False,15,0.0,0,159,000478.poscar,unary-W/W-00159-0.poscar,/home/tuzhengyu/work/WTaTi/W-potential/fcc-restart/05-rss-round-1/rss/minimized/unary-W/W-00159-0.poscar,W-potential/fcc-restart/05-rss-round-1/rss/raw/unary-W/W-00159.poscar,0de5329babb71b16f150eb8467e0b61e30ca9390d8be380fdc3a3b8d17a35a11,0de5329babb71b16f150eb8467e0b61e30ca9390d8be380fdc3a3b8d17a35a11
0.0,,rss_mini,0.0,rss-n15-p0bar,W-potential/fcc-restart/05-rss-round-1/rss-selection/source-frames/rss-n15-p0bar.xyz,10,0.1833082940349979,,16.62683582661073,0.21081690479735168,0.1691248948468293,,False,False,,,,,False,15,0.0,0,160,000481.poscar,unary-W/W-00160-0.poscar,/home/tuzhengyu/work/WTaTi/W-potential/fcc-restart/05-rss-round-1/rss/minimized/unary-W/W-00160-0.poscar,W-potential/fcc-restart/05-rss-round-1/rss/raw/unary-W/W-00160.poscar,5f2354a9ee4dd73224f6d09a1cd4e0a7527c2d6b2ca8b22c66918b5e38dbb5ae,5f2354a9ee4dd73224f6d09a1cd4e0a7527c2d6b2ca8b22c66918b5e38dbb5ae
0.0,,rss_mini,0.0,rss-n15-p0bar,W-potential/fcc-restart/05-rss-round-1/rss-selection/source-frames/rss-n15-p0bar.xyz,11,0.18637865721472932,,16.64065068303921,0.23460031786486443,0.19128639424549004,,False,False,,,,,False,15,0.0,0,161,000484.poscar,unary-W/W-00161-0.poscar,/home/tuzhengyu/work/WTaTi/W-potential/fcc-restart/05-rss-round-1/rss/minimized/unary-W/W-00161-0.poscar,W-potential/fcc-restart/05-rss-round-1/rss/raw/unary-W/W-00161.poscar,23fe162732c6b0443c3df5864247e65d3cd318d9a466996351ad143bbaec3c98,23fe162732c6b0443c3df5864247e65d3cd318d9a466996351ad143bbaec3c98
0.0,,rss_mini,0.0,rss-n15-p0bar,W-potential/fcc-restart/05-rss-round-1/rss-selection/source-frames/rss-n15-p0bar.xyz,12,0.38010173462125674,,17.982856062978165,0.33078173992161025,0.2560400771501169,,False,False,,,,,False,15,0.0,0,162,000487.poscar,unary-W/W-00162-0.poscar,/home/tuzhengyu/work/WTaTi/W-potential/fcc-restart/05-rss-round-1/rss/minimized/unary-W/W-00162-0.poscar,W-potential/fcc-restart/05-rss-round-1/rss/raw/unary-W/W-00162.poscar,02e24bbc1a3e44f34b69e4954f231298079143bdc49c7e8516271febbf888a18,02e24bbc1a3e44f34b69e4954f231298079143bdc49c7e8516271febbf888a18
0.0,,rss_mini,0.0,rss-n15-p0bar,W-potential/fcc-restart/05-rss-round-1/rss-selection/source-frames/rss-n15-p0bar.xyz,13,0.14370629598968593,,16.627082004333705,0.37777141937693487,0.38566932869981263,,False,False,,,,,False,15,0.0,0,163,000490.poscar,unary-W/W-00163-0.poscar,/home/tuzhengyu/work/WTaTi/W-potential/fcc-restart/05-rss-round-1/rss/minimized/unary-W/W-00163-0.poscar,W-potential/fcc-restart/05-rss-round-1/rss/raw/unary-W/W-00163.poscar,7f5cabcbce633c3a5e7cf9fc3869617fb7c86169ce7b7784e1c7f5702686b4e2,7f5cabcbce633c3a5e7cf9fc3869617fb7c86169ce7b7784e1c7f5702686b4e2
0.0,,rss_mini,0.0,rss-n15-p0bar,W-potential/fcc-restart/05-rss-round-1/rss-selection/source-frames/rss-n15-p0bar.xyz,14,0.1499452866187582,,17.323836307787246,0.23558561919552912,0.305634334774163,,False,False,,,,,False,15,0.0,0,164,000493.poscar,unary-W/W-00164-0.poscar,/home/tuzhengyu/work/WTaTi/W-potential/fcc-restart/05-rss-round-1/rss/minimized/unary-W/W-00164-0.poscar,W-potential/fcc-restart/05-rss-round-1/rss/raw/unary-W/W-00164.poscar,15b757fdd211f42212df7267954c1b944fc9a789e3ce5901bcb9a41defa96580,15b757fdd211f42212df7267954c1b944fc9a789e3ce5901bcb9a41defa96580
0.0,,rss_mini,0.0,rss-n15-p0bar,W-potential/fcc-restart/05-rss-round-1/rss-selection/source-frames/rss-n15-p0bar.xyz,15,0.2339584306627862,,16.76302360003115,0.3723913697126108,0.42696112048487506,,False,False,,,,,False,15,0.0,0,165,000496.poscar,unary-W/W-00165-0.poscar,/home/tuzhengyu/work/WTaTi/W-potential/fcc-restart/05-rss-round-1/rss/minimized/unary-W/W-00165-0.poscar,W-potential/fcc-restart/05-rss-round-1/rss/raw/unary-W/W-00165.poscar,8c4331047af9399cfb22b055777b3632d370736e3f5a1895d201fc6098505b20,8c4331047af9399cfb22b055777b3632d370736e3f5a1895d201fc6098505b20
0.0,,rss_mini,0.0,rss-n15-p0bar,W-potential/fcc-restart/05-rss-round-1/rss-selection/source-frames/rss-n15-p0bar.xyz,16,0.10595984188936526,,15.860102780064977,0.5847832126092658,0.611537384513527,,False,False,,,,,False,15,0.0,0,166,000499.poscar,unary-W/W-00166-0.poscar,/home/tuzhengyu/work/WTaTi/W-potential/fcc-restart/05-rss-round-1/rss/minimized/unary-W/W-00166-0.poscar,W-potential/fcc-restart/05-rss-round-1/rss/raw/unary-W/W-00166.poscar,edf7ce3c07499d92b5e05183853f0616ea90ed29611e9a08d90f8a5bcc4b5aec,edf7ce3c07499d92b5e05183853f0616ea90ed29611e9a08d90f8a5bcc4b5aec
0.0,,rss_mini,0.0,rss-n15-p0bar,W-potential/fcc-restart/05-rss-round-1/rss-selection/source-frames/rss-n15-p0bar.xyz,17,0.18159040476376828,,16.677391995971902,0.15663020021508176,0.39464308836879497,,False,False,,,,,False,15,0.0,0,167,000502.poscar,unary-W/W-00167-0.poscar,/home/tuzhengyu/work/WTaTi/W-potential/fcc-restart/05-rss-round-1/rss/minimized/unary-W/W-00167-0.poscar,W-potential/fcc-restart/05-rss-round-1/rss/raw/unary-W/W-00167.poscar,9588c12555e867028f616094203b06fadf58e76fca37f47c62742453e3d57b53,9588c12555e867028f616094203b06fadf58e76fca37f47c62742453e3d57b53
0.0,,rss_mini,0.0,rss-n15-p0bar,W-potential/fcc-restart/05-rss-round-1/rss-selection/source-frames/rss-n15-p0bar.xyz,18,0.1398931403887158,,17.670559095903908,0.36887766935303784,0.4348355539100031,,False,False,,,,,False,15,0.0,0,168,000505.poscar,unary-W/W-00168-0.poscar,/home/tuzhengyu/work/WTaTi/W-potential/fcc-restart/05-rss-round-1/rss/minimized/unary-W/W-00168-0.poscar,W-potential/fcc-restart/05-rss-round-1/rss/raw/unary-W/W-00168.poscar,40ff2044adf32d9b79a727c0e0f79d251d9b7b445d04779b2f52232337e8b2ba,40ff2044adf32d9b79a727c0e0f79d251d9b7b445d04779b2f52232337e8b2ba
0.0,,rss_mini,0.0,rss-n15-p0bar,W-potential/fcc-restart/05-rss-round-1/rss-selection/source-frames/rss-n15-p0bar.xyz,19,0.23260321235016143,,16.70022683912764,0.21322158157964602,0.4280733249588023,,False,False,,,,,False,15,0.0,0,169,000508.poscar,unary-W/W-00169-0.poscar,/home/tuzhengyu/work/WTaTi/W-potential/fcc-restart/05-rss-round-1/rss/minimized/unary-W/W-00169-0.poscar,W-potential/fcc-restart/05-rss-round-1/rss/raw/unary-W/W-00169.poscar,b409ec35b886c72f090136de2f8b38a95a89d0afeaf7158b1280a8b8a16abbf4,b409ec35b886c72f090136de2f8b38a95a89d0afeaf7158b1280a8b8a16abbf4
0.0,,rss_mini,0.0,rss-n15-p0bar,W-potential/fcc-restart/05-rss-round-1/rss-selection/source-frames/rss-n15-p0bar.xyz,20,0.12784814785366058,,16.18461344871226,0.1423832392180537,0.1762510968997569,,False,False,,,,,False,15,0.0,0,170,000511.poscar,unary-W/W-00170-0.poscar,/home/tuzhengyu/work/WTaTi/W-potential/fcc-restart/05-rss-round-1/rss/minimized/unary-W/W-00170-0.poscar,W-potential/fcc-restart/05-rss-round-1/rss/raw/unary-W/W-00170.poscar,fa114d12fb7be90949103e664d1e210bd82cafbf9ce8fe43af8cd38bc631af64,fa114d12fb7be90949103e664d1e210bd82cafbf9ce8fe43af8cd38bc631af64
0.0,,rss_mini,0.0,rss-n15-p0bar,W-potential/fcc-restart/05-rss-round-1/rss-selection/source-frames/rss-n15-p0bar.xyz,21,0.24413520286102192,,16.4750574389884,0.306244401323922,0.3411311516431301,,False,False,,,,,False,15,0.0,0,171,000514.poscar,unary-W/W-00171-0.poscar,/home/tuzhengyu/work/WTaTi/W-potential/fcc-restart/05-rss-round-1/rss/minimized/unary-W/W-00171-0.poscar,W-potential/fcc-restart/05-rss-round-1/rss/raw/unary-W/W-00171.poscar,e93d6920b5eeb5edf7f45eed7ecc23a4dc6d407aeed1d55dadda3b4c6b5ed16f,e93d6920b5eeb5edf7f45eed7ecc23a4dc6d407aeed1d55dadda3b4c6b5ed16f
0.0,,rss_mini,0.0,rss-n15-p0bar,W-potential/fcc-restart/05-rss-round-1/rss-selection/source-frames/rss-n15-p0bar.xyz,22,0.18869753256408062,,16.99153045956856,0.25697954703096954,0.31692422767689443,,False,False,,,,,False,15,0.0,0,172,000517.poscar,unary-W/W-00172-0.poscar,/home/tuzhengyu/work/WTaTi/W-potential/fcc-restart/05-rss-round-1/rss/minimized/unary-W/W-00172-0.poscar,W-potential/fcc-restart/05-rss-round-1/rss/raw/unary-W/W-00172.poscar,ef0952741cb8b3459284fb9fe4fd44c3fe095e734ac9645062c9d7053987aed0,ef0952741cb8b3459284fb9fe4fd44c3fe095e734ac9645062c9d7053987aed0
0.0,,rss_mini,0.0,rss-n15-p0bar,W-potential/fcc-restart/05-rss-round-1/rss-selection/source-frames/rss-n15-p0bar.xyz,23,0.23512382977267396,,16.563974587155535,0.16545246518537204,0.5150985865750547,,False,False,,,,,False,15,0.0,0,173,000520.poscar,unary-W/W-00173-0.poscar,/home/tuzhengyu/work/WTaTi/W-potential/fcc-restart/05-rss-round-1/rss/minimized/unary-W/W-00173-0.poscar,W-potential/fcc-restart/05-rss-round-1/rss/raw/unary-W/W-00173.poscar,0e250274e5d7f2b3c6a791dd6ad024f7ddcd5090cc061c15bbee2d16d644220c,0e250274e5d7f2b3c6a791dd6ad024f7ddcd5090cc061c15bbee2d16d644220c
0.0,,rss_mini,0.0,rss-n15-p0bar,W-potential/fcc-restart/05-rss-round-1/rss-selection/source-frames/rss-n15-p0bar.xyz,24,0.1675935664069779,,16.760774150714855,0.20000574634677107,0.26568110349930374,,False,False,,,,,False,15,0.0,0,174,000523.poscar,unary-W/W-00174-0.poscar,/home/tuzhengyu/work/WTaTi/W-potential/fcc-restart/05-rss-round-1/rss/minimized/unary-W/W-00174-0.poscar,W-potential/fcc-restart/05-rss-round-1/rss/raw/unary-W/W-00174.poscar,b89bec7948554f295118f94e38f51a8841242d350017f3ea0e0b0a0fed714f4b,b89bec7948554f295118f94e38f51a8841242d350017f3ea0e0b0a0fed714f4b
0.0,,rss_mini,0.0,rss-n15-p0bar,W-potential/fcc-restart/05-rss-round-1/rss-selection/source-frames/rss-n15-p0bar.xyz,25,0.22539416070128082,,16.61633724540623,0.1298391001148711,0.4879616140518821,,False,False,,,,,False,15,0.0,0,175,000526.poscar,unary-W/W-00175-0.poscar,/home/tuzhengyu/work/WTaTi/W-potential/fcc-restart/05-rss-round-1/rss/minimized/unary-W/W-00175-0.poscar,W-potential/fcc-restart/05-rss-round-1/rss/raw/unary-W/W-00175.poscar,13128a0cd288c929d9d002b671918197115cbe5c67d1d92edc6b854d2f7b0469,13128a0cd288c929d9d002b671918197115cbe5c67d1d92edc6b854d2f7b0469
0.0,,rss_mini,0.0,rss-n15-p0bar,W-potential/fcc-restart/05-rss-round-1/rss-selection/source-frames/rss-n15-p0bar.xyz,26,0.23923650277871725,,16.957621211147153,0.20084508186060648,0.23801775869338695,,False,False,,,,,False,15,0.0,0,176,000529.poscar,unary-W/W-00176-0.poscar,/home/tuzhengyu/work/WTaTi/W-potential/fcc-restart/05-rss-round-1/rss/minimized/unary-W/W-00176-0.poscar,W-potential/fcc-restart/05-rss-round-1/rss/raw/unary-W/W-00176.poscar,50636e5252816a0ddaf920c91c042936b18a87753277e0cc592daf79fc62ba1a,50636e5252816a0ddaf920c91c042936b18a87753277e0cc592daf79fc62ba1a
0.0,,rss_mini,0.0,rss-n15-p0bar,W-potential/fcc-restart/05-rss-round-1/rss-selection/source-frames/rss-n15-p0bar.xyz,27,0.2621848106640035,,16.970458742043796,0.5621593283581297,0.5203339776923894,,False,False,,,,,False,15,0.0,0,177,000532.poscar,unary-W/W-00177-0.poscar,/home/tuzhengyu/work/WTaTi/W-potential/fcc-restart/05-rss-round-1/rss/minimized/unary-W/W-00177-0.poscar,W-potential/fcc-restart/05-rss-round-1/rss/raw/unary-W/W-00177.poscar,bb5c858bf8f7cd12e4967ae046587b50a4c3415545e38e099e5477e8424cf2ed,bb5c858bf8f7cd12e4967ae046587b50a4c3415545e38e099e5477e8424cf2ed
0.0,,rss_mini,0.0,rss-n15-p0bar,W-potential/fcc-restart/05-rss-round-1/rss-selection/source-frames/rss-n15-p0bar.xyz,28,0.20712825462050363,,16.621719212741546,1.8522388666950986,1.7316722983475858,,False,False,,,,,False,15,0.0,0,178,000535.poscar,unary-W/W-00178-0.poscar,/home/tuzhengyu/work/WTaTi/W-potential/fcc-restart/05-rss-round-1/rss/minimized/unary-W/W-00178-0.poscar,W-potential/fcc-restart/05-rss-round-1/rss/raw/unary-W/W-00178.poscar,ad1be924c2477320fdbab83b1868eb9a29ade4314e7170e555888ac0362532cc,ad1be924c2477320fdbab83b1868eb9a29ade4314e7170e555888ac0362532cc
0.0,,rss_mini,0.0,rss-n15-p0bar,W-potential/fcc-restart/05-rss-round-1/rss-selection/source-frames/rss-n15-p0bar.xyz,29,0.20529944109189135,,16.861068743086403,0.21025181870275747,0.30750091336832697,,False,False,,,,,False,15,0.0,0,179,000538.poscar,unary-W/W-00179-0.poscar,/home/tuzhengyu/work/WTaTi/W-potential/fcc-restart/05-rss-round-1/rss/minimized/unary-W/W-00179-0.poscar,W-potential/fcc-restart/05-rss-round-1/rss/raw/unary-W/W-00179.poscar,5b1177e60c47a066fd831464c726f6f575e449667c6e53c016651e365a988dba,5b1177e60c47a066fd831464c726f6f575e449667c6e53c016651e365a988dba
0.0,,rss_mini,0.0,rss-n15-p0bar,W-potential/fcc-restart/05-rss-round-1/rss-selection/source-frames/rss-n15-p0bar.xyz,30,0.16611227730849648,,16.835919124841055,0.30273811874791334,0.35560153614814755,,False,False,,,,,False,15,0.0,0,180,000541.poscar,unary-W/W-00180-0.poscar,/home/tuzhengyu/work/WTaTi/W-potential/fcc-restart/05-rss-round-1/rss/minimized/unary-W/W-00180-0.poscar,W-potential/fcc-restart/05-rss-round-1/rss/raw/unary-W/W-00180.poscar,2c75e45f2d544179490587f6b68b5e6abd0653f9af83f0c123efdb9440105ecb,2c75e45f2d544179490587f6b68b5e6abd0653f9af83f0c123efdb9440105ecb
0.0,,rss_mini,0.0,rss-n15-p0bar,W-potential/fcc-restart/05-rss-round-1/rss-selection/source-frames/rss-n15-p0bar.xyz,31,0.009289971165132317,,15.834677215394445,0.05594628145627588,0.0544088493387073,,False,False,,,,,False,15,0.0,0,181,000544.poscar,unary-W/W-00181-0.poscar,/home/tuzhengyu/work/WTaTi/W-potential/fcc-restart/05-rss-round-1/rss/minimized/unary-W/W-00181-0.poscar,W-potential/fcc-restart/05-rss-round-1/rss/raw/unary-W/W-00181.poscar,ed4da666eb04f3309d8bf3dcd81365dc182de935ed525c5df103ffee213bc846,ed4da666eb04f3309d8bf3dcd81365dc182de935ed525c5df103ffee213bc846
0.0,,rss_mini,0.0,rss-n15-p0bar,W-potential/fcc-restart/05-rss-round-1/rss-selection/source-frames/rss-n15-p0bar.xyz,32,0.1643877690333063,,16.0568660536808,1.5219900642154343,1.666015399830075,,False,False,,,,,False,15,0.0,0,182,000547.poscar,unary-W/W-00182-0.poscar,/home/tuzhengyu/work/WTaTi/W-potential/fcc-restart/05-rss-round-1/rss/minimized/unary-W/W-00182-0.poscar,W-potential/fcc-restart/05-rss-round-1/rss/raw/unary-W/W-00182.poscar,0a8fb7e83e8d75bb94f204d776277c2ff2bcd9018a404b1d58b7618e7a364f41,0a8fb7e83e8d75bb94f204d776277c2ff2bcd9018a404b1d58b7618e7a364f41
0.0,,rss_mini,0.0,rss-n15-p0bar,W-potential/fcc-restart/05-rss-round-1/rss-selection/source-frames/rss-n15-p0bar.xyz,33,0.015173603373187555,,15.786195777271013,0.07254013181365633,0.06581438143429276,,False,False,,,,,False,15,0.0,0,183,000550.poscar,unary-W/W-00183-0.poscar,/home/tuzhengyu/work/WTaTi/W-potential/fcc-restart/05-rss-round-1/rss/minimized/unary-W/W-00183-0.poscar,W-potential/fcc-restart/05-rss-round-1/rss/raw/unary-W/W-00183.poscar,8faeaaf4bbb6f586bc7330b480e72d097c77cd90308565d0cffb4b46783111b8,8faeaaf4bbb6f586bc7330b480e72d097c77cd90308565d0cffb4b46783111b8
0.0,,rss_mini,0.0,rss-n15-p0bar,W-potential/fcc-restart/05-rss-round-1/rss-selection/source-frames/rss-n15-p0bar.xyz,34,0.22251484567286658,,16.682095581572717,0.3061771651402407,0.3598911466924554,,False,False,,,,,False,15,0.0,0,184,000553.poscar,unary-W/W-00184-0.poscar,/home/tuzhengyu/work/WTaTi/W-potential/fcc-restart/05-rss-round-1/rss/minimized/unary-W/W-00184-0.poscar,W-potential/fcc-restart/05-rss-round-1/rss/raw/unary-W/W-00184.poscar,2e0572e2fa9bb52fa204838953c79abd1cee4ef108fca9d326de76b80fa60a50,2e0572e2fa9bb52fa204838953c79abd1cee4ef108fca9d326de76b80fa60a50
0.0,,rss_mini,0.0,rss-n15-p0bar,W-potential/fcc-restart/05-rss-round-1/rss-selection/source-frames/rss-n15-p0bar.xyz,35,0.21113138127079378,,16.61855588287525,1.6358814110044553,1.6556814060416858,,False,False,,,,,False,15,0.0,0,185,000556.poscar,unary-W/W-00185-0.poscar,/home/tuzhengyu/work/WTaTi/W-potential/fcc-restart/05-rss-round-1/rss/minimized/unary-W/W-00185-0.poscar,W-potential/fcc-restart/05-rss-round-1/rss/raw/unary-W/W-00185.poscar,737c3f5284efa0bf34afdd27f6e63e8466e18fec12c02262966dde7ca2ccfb93,737c3f5284efa0bf34afdd27f6e63e8466e18fec12c02262966dde7ca2ccfb93
0.0,,rss_mini,0.0,rss-n15-p0bar,W-potential/fcc-restart/05-rss-round-1/rss-selection/source-frames/rss-n15-p0bar.xyz,36,0.2313987768025235,,16.63143595799431,0.19729955238644944,0.5017731631896704,,False,False,,,,,False,15,0.0,0,186,000559.poscar,unary-W/W-00186-0.poscar,/home/tuzhengyu/work/WTaTi/W-potential/fcc-restart/05-rss-round-1/rss/minimized/unary-W/W-00186-0.poscar,W-potential/fcc-restart/05-rss-round-1/rss/raw/unary-W/W-00186.poscar,8a6a584a983e8dcbaf47daeb849b77244ffba07f30133eb446d4395009b3459b,8a6a584a983e8dcbaf47daeb849b77244ffba07f30133eb446d4395009b3459b
0.0,,rss_mini,0.0,rss-n15-p0bar,W-potential/fcc-restart/05-rss-round-1/rss-selection/source-frames/rss-n15-p0bar.xyz,37,0.20522437289320727,,16.623655796123803,0.21155071783464657,0.3028369902919946,,False,False,,,,,False,15,0.0,0,187,000562.poscar,unary-W/W-00187-0.poscar,/home/tuzhengyu/work/WTaTi/W-potential/fcc-restart/05-rss-round-1/rss/minimized/unary-W/W-00187-0.poscar,W-potential/fcc-restart/05-rss-round-1/rss/raw/unary-W/W-00187.poscar,0c492aa182aeee5a469846c2b35a28b09ce397d34b88f71f605c5f81dcc70ea5,0c492aa182aeee5a469846c2b35a28b09ce397d34b88f71f605c5f81dcc70ea5
0.0,,rss_mini,0.0,rss-n15-p0bar,W-potential/fcc-restart/05-rss-round-1/rss-selection/source-frames/rss-n15-p0bar.xyz,38,0.13697355641937156,,16.916863095964487,0.1713484713964069,0.27163335637628994,,False,False,,,,,False,15,0.0,0,188,000565.poscar,unary-W/W-00188-0.poscar,/home/tuzhengyu/work/WTaTi/W-potential/fcc-restart/05-rss-round-1/rss/minimized/unary-W/W-00188-0.poscar,W-potential/fcc-restart/05-rss-round-1/rss/raw/unary-W/W-00188.poscar,b39e2c09bfb70c593b0f01de27fd41e559f8217fd87f35ebf5b40f970f162589,b39e2c09bfb70c593b0f01de27fd41e559f8217fd87f35ebf5b40f970f162589
0.0,,rss_mini,0.0,rss-n15-p0bar,W-potential/fcc-restart/05-rss-round-1/rss-selection/source-frames/rss-n15-p0bar.xyz,39,0.1448224559161986,,16.83244635347032,0.19738501074161918,0.26801398664737636,,False,False,,,,,False,15,0.0,0,189,000568.poscar,unary-W/W-00189-0.poscar,/home/tuzhengyu/work/WTaTi/W-potential/fcc-restart/05-rss-round-1/rss/minimized/unary-W/W-00189-0.poscar,W-potential/fcc-restart/05-rss-round-1/rss/raw/unary-W/W-00189.poscar,bf4c5cf952acd5adb5130c692d7c92c0b1b3bbaed24298d1cb1fb82e3e53a995,bf4c5cf952acd5adb5130c692d7c92c0b1b3bbaed24298d1cb1fb82e3e53a995
0.0,,rss_mini,0.0,rss-n15-p0bar,W-potential/fcc-restart/05-rss-round-1/rss-selection/source-frames/rss-n15-p0bar.xyz,40,0.25433310098708745,,16.423740709118746,0.27828040002976456,0.41491964989700497,,False,False,,,,,False,15,0.0,0,190,000571.poscar,unary-W/W-00190-0.poscar,/home/tuzhengyu/work/WTaTi/W-potential/fcc-restart/05-rss-round-1/rss/minimized/unary-W/W-00190-0.poscar,W-potential/fcc-restart/05-rss-round-1/rss/raw/unary-W/W-00190.poscar,d4caa22bd7df58b0acaf1f541e5f20a874137bbeb5dc767fa4fbe383ca03dd56,d4caa22bd7df58b0acaf1f541e5f20a874137bbeb5dc767fa4fbe383ca03dd56
0.0,,rss_mini,0.0,rss-n15-p0bar,W-potential/fcc-restart/05-rss-round-1/rss-selection/source-frames/rss-n15-p0bar.xyz,41,0.14460209177902497,,17.272141395568035,0.17599353617009372,0.3066301389609635,,False,False,,,,,False,15,0.0,0,191,000574.poscar,unary-W/W-00191-0.poscar,/home/tuzhengyu/work/WTaTi/W-potential/fcc-restart/05-rss-round-1/rss/minimized/unary-W/W-00191-0.poscar,W-potential/fcc-restart/05-rss-round-1/rss/raw/unary-W/W-00191.poscar,37223daeb343311a5190592cc970daadb15520b8ede220faf11c192236936931,37223daeb343311a5190592cc970daadb15520b8ede220faf11c192236936931
0.0,,rss_mini,0.0,rss-n15-p0bar,W-potential/fcc-restart/05-rss-round-1/rss-selection/source-frames/rss-n15-p0bar.xyz,42,0.1538216369299047,,16.782349635468574,0.2005754386934067,0.22263611758766047,,False,False,,,,,False,15,0.0,0,192,000577.poscar,unary-W/W-00192-0.poscar,/home/tuzhengyu/work/WTaTi/W-potential/fcc-restart/05-rss-round-1/rss/minimized/unary-W/W-00192-0.poscar,W-potential/fcc-restart/05-rss-round-1/rss/raw/unary-W/W-00192.poscar,8988ec8a5450de4d7792ae32996291f262e013fccef6ce4d35b8364c3a9516e8,8988ec8a5450de4d7792ae32996291f262e013fccef6ce4d35b8364c3a9516e8
0.0,,rss_mini,0.0,rss-n15-p0bar,W-potential/fcc-restart/05-rss-round-1/rss-selection/source-frames/rss-n15-p0bar.xyz,43,0.3005398788871192,,18.21943847491542,0.8997079305945865,0.8813691000307604,,False,False,,,,,False,15,0.0,0,193,000580.poscar,unary-W/W-00193-0.poscar,/home/tuzhengyu/work/WTaTi/W-potential/fcc-restart/05-rss-round-1/rss/minimized/unary-W/W-00193-0.poscar,W-potential/fcc-restart/05-rss-round-1/rss/raw/unary-W/W-00193.poscar,8bbb2d6c623cc1f2f0a35fcd555ceb27ec2c92b9cc30211b61a27454bb105a03,8bbb2d6c623cc1f2f0a35fcd555ceb27ec2c92b9cc30211b61a27454bb105a03
0.0,,rss_mini,0.0,rss-n15-p0bar,W-potential/fcc-restart/05-rss-round-1/rss-selection/source-frames/rss-n15-p0bar.xyz,44,0.04009166586056383,,15.814906401558703,0.19387742186826074,0.16376197309516635,,False,False,,,,,False,15,0.0,0,194,000583.poscar,unary-W/W-00194-0.poscar,/home/tuzhengyu/work/WTaTi/W-potential/fcc-restart/05-rss-round-1/rss/minimized/unary-W/W-00194-0.poscar,W-potential/fcc-restart/05-rss-round-1/rss/raw/unary-W/W-00194.poscar,072f04e8eb2d0972d52810bd18435394c486c862a1c12d2e58029c59f9959e04,072f04e8eb2d0972d52810bd18435394c486c862a1c12d2e58029c59f9959e04
0.0,,rss_mini,0.0,rss-n15-p0bar,W-potential/fcc-restart/05-rss-round-1/rss-selection/source-frames/rss-n15-p0bar.xyz,45,0.16090133190957306,,16.75014204223235,0.8502779411242286,0.8879906012038831,,False,False,,,,,False,15,0.0,0,195,000586.poscar,unary-W/W-00195-0.poscar,/home/tuzhengyu/work/WTaTi/W-potential/fcc-restart/05-rss-round-1/rss/minimized/unary-W/W-00195-0.poscar,W-potential/fcc-restart/05-rss-round-1/rss/raw/unary-W/W-00195.poscar,6cae2a70ec996cf1969e2dc8d7437bab7ebafeaac9b3f416fb6e4f503bc5e397,6cae2a70ec996cf1969e2dc8d7437bab7ebafeaac9b3f416fb6e4f503bc5e397
0.0,,rss_mini,0.0,rss-n15-p0bar,W-potential/fcc-restart/05-rss-round-1/rss-selection/source-frames/rss-n15-p0bar.xyz,46,0.14361007308210136,,16.79265585914869,0.3196694889664171,0.34725688651799136,,False,False,,,,,False,15,0.0,0,196,000589.poscar,unary-W/W-00196-0.poscar,/home/tuzhengyu/work/WTaTi/W-potential/fcc-restart/05-rss-round-1/rss/minimized/unary-W/W-00196-0.poscar,W-potential/fcc-restart/05-rss-round-1/rss/raw/unary-W/W-00196.poscar,a2d26ce5a03ab365f1787e579bf5817febc55266960c4de36840dd3a6538dca5,a2d26ce5a03ab365f1787e579bf5817febc55266960c4de36840dd3a6538dca5
0.0,,rss_mini,0.0,rss-n15-p0bar,W-potential/fcc-restart/05-rss-round-1/rss-selection/source-frames/rss-n15-p0bar.xyz,47,0.21232446059737703,,16.63416187098298,0.15142598723064402,0.48652774541352845,,False,False,,,,,False,15,0.0,0,197,000592.poscar,unary-W/W-00197-0.poscar,/home/tuzhengyu/work/WTaTi/W-potential/fcc-restart/05-rss-round-1/rss/minimized/unary-W/W-00197-0.poscar,W-potential/fcc-restart/05-rss-round-1/rss/raw/unary-W/W-00197.poscar,c5608e1b7f2c950a5773136a3a3b635b276b1490a8aae6a1ce38bc61f5a4adc8,c5608e1b7f2c950a5773136a3a3b635b276b1490a8aae6a1ce38bc61f5a4adc8
0.0,,rss_mini,0.0,rss-n15-p0bar,W-potential/fcc-restart/05-rss-round-1/rss-selection/source-frames/rss-n15-p0bar.xyz,48,0.0021793928275593653,,15.786710908664388,0.01376052948356879,0.013143998123986447,,False,False,,,,,False,15,0.0,0,198,000595.poscar,unary-W/W-00198-0.poscar,/home/tuzhengyu/work/WTaTi/W-potential/fcc-restart/05-rss-round-1/rss/minimized/unary-W/W-00198-0.poscar,W-potential/fcc-restart/05-rss-round-1/rss/raw/unary-W/W-00198.poscar,d7af40f63ec6674ae647ca89af5b21b9a5a05a60e8072f31ffc66fc0b40587ca,d7af40f63ec6674ae647ca89af5b21b9a5a05a60e8072f31ffc66fc0b40587ca
0.0,,rss_mini,0.0,rss-n15-p0bar,W-potential/fcc-restart/05-rss-round-1/rss-selection/source-frames/rss-n15-p0bar.xyz,49,0.1295466780615305,,17.445194590189107,0.23317100190470483,0.3009408590466813,,False,False,,,,,False,15,0.0,0,199,000598.poscar,unary-W/W-00199-0.poscar,/home/tuzhengyu/work/WTaTi/W-potential/fcc-restart/05-rss-round-1/rss/minimized/unary-W/W-00199-0.poscar,W-potential/fcc-restart/05-rss-round-1/rss/raw/unary-W/W-00199.poscar,4db6c5b9b94416372cfd060e037c9c8b6183585bda094e26bf54e98c34f7d0aa,4db6c5b9b94416372cfd060e037c9c8b6183585bda094e26bf54e98c34f7d0aa
20.0,,rss_mini,20.0,rss-n15-p200000bar,W-potential/fcc-restart/05-rss-round-1/rss-selection/source-frames/rss-n15-p200000bar.xyz,0,0.1471632236037913,,15.271939137457121,0.12943874371991437,0.15977776076366984,,False,False,,,,,False,15,200000.0,1,150,000452.poscar,unary-W/W-00150-1.poscar,/home/tuzhengyu/work/WTaTi/W-potential/fcc-restart/05-rss-round-1/rss/minimized/unary-W/W-00150-1.poscar,W-potential/fcc-restart/05-rss-round-1/rss/raw/unary-W/W-00150.poscar,86bcf21dace181c5e8a1e50ce651516fa7957fe78fddfc9de2a1abac9f8d0981,86bcf21dace181c5e8a1e50ce651516fa7957fe78fddfc9de2a1abac9f8d0981
20.0,,rss_mini,20.0,rss-n15-p200000bar,W-potential/fcc-restart/05-rss-round-1/rss-selection/source-frames/rss-n15-p200000bar.xyz,1,0.20971509461934779,,15.904901148129165,0.3398651603607192,0.3374343891014073,,False,False,,,,,False,15,200000.0,1,151,000455.poscar,unary-W/W-00151-1.poscar,/home/tuzhengyu/work/WTaTi/W-potential/fcc-restart/05-rss-round-1/rss/minimized/unary-W/W-00151-1.poscar,W-potential/fcc-restart/05-rss-round-1/rss/raw/unary-W/W-00151.poscar,6cb3b731cc1a0541eac3abdf1d7d1f4d1ccc8464f7b5b623f1f73acf3b0c52e1,6cb3b731cc1a0541eac3abdf1d7d1f4d1ccc8464f7b5b623f1f73acf3b0c52e1
20.0,,rss_mini,20.0,rss-n15-p200000bar,W-potential/fcc-restart/05-rss-round-1/rss-selection/source-frames/rss-n15-p200000bar.xyz,2,0.284421948310936,,15.694330460468032,2.311763978183531,2.187428747843727,,False,False,,,,,False,15,200000.0,1,152,000458.poscar,unary-W/W-00152-1.poscar,/home/tuzhengyu/work/WTaTi/W-potential/fcc-restart/05-rss-round-1/rss/minimized/unary-W/W-00152-1.poscar,W-potential/fcc-restart/05-rss-round-1/rss/raw/unary-W/W-00152.poscar,7d81af38bc833aeb25c7f2df8368d1043ae6e1bcb3a65f841f80743f9de5ddf8,7d81af38bc833aeb25c7f2df8368d1043ae6e1bcb3a65f841f80743f9de5ddf8
20.0,,rss_mini,20.0,rss-n15-p200000bar,W-potential/fcc-restart/05-rss-round-1/rss-selection/source-frames/rss-n15-p200000bar.xyz,3,0.2710514503702593,,15.738075222943591,0.32350265523299293,0.24119648399355834,,False,False,,,,,False,15,200000.0,1,153,000461.poscar,unary-W/W-00153-1.poscar,/home/tuzhengyu/work/WTaTi/W-potential/fcc-restart/05-rss-round-1/rss/minimized/unary-W/W-00153-1.poscar,W-potential/fcc-restart/05-rss-round-1/rss/raw/unary-W/W-00153.poscar,bf1352ee4f6f8914deef39a463243daffe29952ee6f0ca31ded1dc26a5c03aef,bf1352ee4f6f8914deef39a463243daffe29952ee6f0ca31ded1dc26a5c03aef
20.0,,rss_mini,20.0,rss-n15-p200000bar,W-potential/fcc-restart/05-rss-round-1/rss-selection/source-frames/rss-n15-p200000bar.xyz,4,0.16090504993758825,,15.582932721309037,1.1751107364448083,1.4008558439634489,,False,False,,,,,False,15,200000.0,1,154,000464.poscar,unary-W/W-00154-1.poscar,/home/tuzhengyu/work/WTaTi/W-potential/fcc-restart/05-rss-round-1/rss/minimized/unary-W/W-00154-1.poscar,W-potential/fcc-restart/05-rss-round-1/rss/raw/unary-W/W-00154.poscar,9daa554e998680d0e090c07ec42a3b471682a100b80b88b4e329c3433bdeea44,9daa554e998680d0e090c07ec42a3b471682a100b80b88b4e329c3433bdeea44
20.0,,rss_mini,20.0,rss-n15-p200000bar,W-potential/fcc-restart/05-rss-round-1/rss-selection/source-frames/rss-n15-p200000bar.xyz,5,0.16726003288605745,,15.631234422249351,0.4375628248943528,0.4704990058842928,,False,False,,,,,False,15,200000.0,1,155,000467.poscar,unary-W/W-00155-1.poscar,/home/tuzhengyu/work/WTaTi/W-potential/fcc-restart/05-rss-round-1/rss/minimized/unary-W/W-00155-1.poscar,W-potential/fcc-restart/05-rss-round-1/rss/raw/unary-W/W-00155.poscar,1c2d4e5e0fe3f4af122f726884fe89e2d686f8fbad7c1626ebd6853edff31d9f,1c2d4e5e0fe3f4af122f726884fe89e2d686f8fbad7c1626ebd6853edff31d9f
20.0,,rss_mini,20.0,rss-n15-p200000bar,W-potential/fcc-restart/05-rss-round-1/rss-selection/source-frames/rss-n15-p200000bar.xyz,6,0.003524091345001783,,15.444294657951287,0.026085213193706096,0.025007988054076842,,False,False,,,,,False,15,200000.0,1,156,000470.poscar,unary-W/W-00156-1.poscar,/home/tuzhengyu/work/WTaTi/W-potential/fcc-restart/05-rss-round-1/rss/minimized/unary-W/W-00156-1.poscar,W-potential/fcc-restart/05-rss-round-1/rss/raw/unary-W/W-00156.poscar,67e8782f5249286abeccb6828bff23f36e1a92be2ae5424b19f473ebc186ceff,67e8782f5249286abeccb6828bff23f36e1a92be2ae5424b19f473ebc186ceff
20.0,,rss_mini,20.0,rss-n15-p200000bar,W-potential/fcc-restart/05-rss-round-1/rss-selection/source-frames/rss-n15-p200000bar.xyz,7,0.1819282060420727,,15.875041089057808,0.943247876995203,0.8899069229675262,,False,False,,,,,False,15,200000.0,1,157,000473.poscar,unary-W/W-00157-1.poscar,/home/tuzhengyu/work/WTaTi/W-potential/fcc-restart/05-rss-round-1/rss/minimized/unary-W/W-00157-1.poscar,W-potential/fcc-restart/05-rss-round-1/rss/raw/unary-W/W-00157.poscar,f1346a7df06caa83c548892b13a32f14412b1717d6b6884ba57dba9f7880d58f,f1346a7df06caa83c548892b13a32f14412b1717d6b6884ba57dba9f7880d58f
20.0,,rss_mini,20.0,rss-n15-p200000bar,W-potential/fcc-restart/05-rss-round-1/rss-selection/source-frames/rss-n15-p200000bar.xyz,8,0.22843182039665805,,15.764457612720697,0.09780467775678903,0.3097628665764034,,False,False,,,,,False,15,200000.0,1,158,000476.poscar,unary-W/W-00158-1.poscar,/home/tuzhengyu/work/WTaTi/W-potential/fcc-restart/05-rss-round-1/rss/minimized/unary-W/W-00158-1.poscar,W-potential/fcc-restart/05-rss-round-1/rss/raw/unary-W/W-00158.poscar,59b1ed71d52f326a199a51dce71292254fe9d53ac70de8bc37e28fbf9087263a,59b1ed71d52f326a199a51dce71292254fe9d53ac70de8bc37e28fbf9087263a
20.0,,rss_mini,20.0,rss-n15-p200000bar,W-potential/fcc-restart/05-rss-round-1/rss-selection/source-frames/rss-n15-p200000bar.xyz,9,0.24619419792379096,,15.591914571357632,0.669457917967975,0.627150194957111,,False,False,,,,,False,15,200000.0,1,159,000479.poscar,unary-W/W-00159-1.poscar,/home/tuzhengyu/work/WTaTi/W-potential/fcc-restart/05-rss-round-1/rss/minimized/unary-W/W-00159-1.poscar,W-potential/fcc-restart/05-rss-round-1/rss/raw/unary-W/W-00159.poscar,72585841a5c6c452c12307ebe7b88268d97e0edf00c6186b4cbab11805d5d395,72585841a5c6c452c12307ebe7b88268d97e0edf00c6186b4cbab11805d5d395
20.0,,rss_mini,20.0,rss-n15-p200000bar,W-potential/fcc-restart/05-rss-round-1/rss-selection/source-frames/rss-n15-p200000bar.xyz,10,0.26342203536609915,,15.724305269868823,0.2801500408304695,0.2348418327451728,,False,False,,,,,False,15,200000.0,1,160,000482.poscar,unary-W/W-00160-1.poscar,/home/tuzhengyu/work/WTaTi/W-potential/fcc-restart/05-rss-round-1/rss/minimized/unary-W/W-00160-1.poscar,W-potential/fcc-restart/05-rss-round-1/rss/raw/unary-W/W-00160.poscar,40128c510d32be8e67e0c1699954c244447013683dcfb440c98408999da8ee02,40128c510d32be8e67e0c1699954c244447013683dcfb440c98408999da8ee02
20.0,,rss_mini,20.0,rss-n15-p200000bar,W-potential/fcc-restart/05-rss-round-1/rss-selection/source-frames/rss-n15-p200000bar.xyz,11,0.26468575925559795,,15.728647290589373,0.3060645461775124,0.2205519995797006,,False,False,,,,,False,15,200000.0,1,161,000485.poscar,unary-W/W-00161-1.poscar,/home/tuzhengyu/work/WTaTi/W-potential/fcc-restart/05-rss-round-1/rss/minimized/unary-W/W-00161-1.poscar,W-potential/fcc-restart/05-rss-round-1/rss/raw/unary-W/W-00161.poscar,7bec8fc9abe042fd6a0654b55ac1df35a820564c52c97fd7f61408bd3a522028,7bec8fc9abe042fd6a0654b55ac1df35a820564c52c97fd7f61408bd3a522028
20.0,,rss_mini,20.0,rss-n15-p200000bar,W-potential/fcc-restart/05-rss-round-1/rss-selection/source-frames/rss-n15-p200000bar.xyz,12,0.25682655155550005,,16.492662088647048,0.3337261794066244,0.3940446217968778,,False,False,,,,,False,15,200000.0,1,162,000488.poscar,unary-W/W-00162-1.poscar,/home/tuzhengyu/work/WTaTi/W-potential/fcc-restart/05-rss-round-1/rss/minimized/unary-W/W-00162-1.poscar,W-potential/fcc-restart/05-rss-round-1/rss/raw/unary-W/W-00162.poscar,3d2a7f47d98e1bb30614e2202f2a90123ad911d853d877461f9ba525679e8b7e,3d2a7f47d98e1bb30614e2202f2a90123ad911d853d877461f9ba525679e8b7e
20.0,,rss_mini,20.0,rss-n15-p200000bar,W-potential/fcc-restart/05-rss-round-1/rss-selection/source-frames/rss-n15-p200000bar.xyz,13,0.15051251304457164,,15.59653700652541,0.4803154912059702,0.46419790579480547,,False,False,,,,,False,15,200000.0,1,163,000491.poscar,unary-W/W-00163-1.poscar,/home/tuzhengyu/work/WTaTi/W-potential/fcc-restart/05-rss-round-1/rss/minimized/unary-W/W-00163-1.poscar,W-potential/fcc-restart/05-rss-round-1/rss/raw/unary-W/W-00163.poscar,ec2a9f549f5172dc34460e4b7b1309f0bfd267ae0f6ed667506f7a2e6c30b574,ec2a9f549f5172dc34460e4b7b1309f0bfd267ae0f6ed667506f7a2e6c30b574
20.0,,rss_mini,20.0,rss-n15-p200000bar,W-potential/fcc-restart/05-rss-round-1/rss-selection/source-frames/rss-n15-p200000bar.xyz,14,0.1877076807389026,,15.980540531747883,0.26508084604303234,0.36057380943907985,,False,False,,,,,False,15,200000.0,1,164,000494.poscar,unary-W/W-00164-1.poscar,/home/tuzhengyu/work/WTaTi/W-potential/fcc-restart/05-rss-round-1/rss/minimized/unary-W/W-00164-1.poscar,W-potential/fcc-restart/05-rss-round-1/rss/raw/unary-W/W-00164.poscar,80404b91039c39ab00f9c08226ae46314b7576f6bae45b0929f86f4301a64e58,80404b91039c39ab00f9c08226ae46314b7576f6bae45b0929f86f4301a64e58
20.0,,rss_mini,20.0,rss-n15-p200000bar,W-potential/fcc-restart/05-rss-round-1/rss-selection/source-frames/rss-n15-p200000bar.xyz,15,0.27391277376060036,,15.543274699287442,0.40321852657517465,0.5509567356220416,,False,False,,,,,False,15,200000.0,1,165,000497.poscar,unary-W/W-00165-1.poscar,/home/tuzhengyu/work/WTaTi/W-potential/fcc-restart/05-rss-round-1/rss/minimized/unary-W/W-00165-1.poscar,W-potential/fcc-restart/05-rss-round-1/rss/raw/unary-W/W-00165.poscar,fc19405654aa57f230a7e82369acff34b28264ea1ef6bcec747fbddeabf6316e,fc19405654aa57f230a7e82369acff34b28264ea1ef6bcec747fbddeabf6316e
20.0,,rss_mini,20.0,rss-n15-p200000bar,W-potential/fcc-restart/05-rss-round-1/rss-selection/source-frames/rss-n15-p200000bar.xyz,16,0.118132255439779,,14.939585760009724,0.644156814967257,0.6487683118024531,,False,False,,,,,False,15,200000.0,1,166,000500.poscar,unary-W/W-00166-1.poscar,/home/tuzhengyu/work/WTaTi/W-potential/fcc-restart/05-rss-round-1/rss/minimized/unary-W/W-00166-1.poscar,W-potential/fcc-restart/05-rss-round-1/rss/raw/unary-W/W-00166.poscar,5e6736bc778d4eb832d779ed2f63ed731fb89e9b1bd35ff4744a84d8abef9726,5e6736bc778d4eb832d779ed2f63ed731fb89e9b1bd35ff4744a84d8abef9726
20.0,,rss_mini,20.0,rss-n15-p200000bar,W-potential/fcc-restart/05-rss-round-1/rss-selection/source-frames/rss-n15-p200000bar.xyz,17,0.2515439870848458,,15.686445381929458,0.20795357201468817,0.2970062655000627,,False,False,,,,,False,15,200000.0,1,167,000503.poscar,unary-W/W-00167-1.poscar,/home/tuzhengyu/work/WTaTi/W-potential/fcc-restart/05-rss-round-1/rss/minimized/unary-W/W-00167-1.poscar,W-potential/fcc-restart/05-rss-round-1/rss/raw/unary-W/W-00167.poscar,ce455fa990386a206ff2ca2b1995eee0dad591e4a636bcd5e328dd8cf0131d9a,ce455fa990386a206ff2ca2b1995eee0dad591e4a636bcd5e328dd8cf0131d9a
20.0,,rss_mini,20.0,rss-n15-p200000bar,W-potential/fcc-restart/05-rss-round-1/rss-selection/source-frames/rss-n15-p200000bar.xyz,18,0.16896633897900373,,16.159598061775387,0.305585372576595,0.437680536941156,,False,False,,,,,False,15,200000.0,1,168,000506.poscar,unary-W/W-00168-1.poscar,/home/tuzhengyu/work/WTaTi/W-potential/fcc-restart/05-rss-round-1/rss/minimized/unary-W/W-00168-1.poscar,W-potential/fcc-restart/05-rss-round-1/rss/raw/unary-W/W-00168.poscar,a503e910e55a69461b5a8bd6efe3f1f0be2f3a7f005da477d62581c19f9955e7,a503e910e55a69461b5a8bd6efe3f1f0be2f3a7f005da477d62581c19f9955e7
20.0,,rss_mini,20.0,rss-n15-p200000bar,W-potential/fcc-restart/05-rss-round-1/rss-selection/source-frames/rss-n15-p200000bar.xyz,19,0.25557909138272833,,15.784997429292293,0.2963428092542212,0.4488744187376753,,False,False,,,,,False,15,200000.0,1,169,000509.poscar,unary-W/W-00169-1.poscar,/home/tuzhengyu/work/WTaTi/W-potential/fcc-restart/05-rss-round-1/rss/minimized/unary-W/W-00169-1.poscar,W-potential/fcc-restart/05-rss-round-1/rss/raw/unary-W/W-00169.poscar,cdf4c7f19ddc9771c5dd66e8697f874e8cfbd63d73bce8a9d1fcc56b2e8b0b24,cdf4c7f19ddc9771c5dd66e8697f874e8cfbd63d73bce8a9d1fcc56b2e8b0b24
20.0,,rss_mini,20.0,rss-n15-p200000bar,W-potential/fcc-restart/05-rss-round-1/rss-selection/source-frames/rss-n15-p200000bar.xyz,20,0.15088242773447422,,15.246677187001172,0.16705780709822654,0.21267681553441006,,False,False,,,,,False,15,200000.0,1,170,000512.poscar,unary-W/W-00170-1.poscar,/home/tuzhengyu/work/WTaTi/W-potential/fcc-restart/05-rss-round-1/rss/minimized/unary-W/W-00170-1.poscar,W-potential/fcc-restart/05-rss-round-1/rss/raw/unary-W/W-00170.poscar,d236a2caf8388f61195fb5c6516a732b8d1659a3324787e2f1a9f506a19b83ae,d236a2caf8388f61195fb5c6516a732b8d1659a3324787e2f1a9f506a19b83ae
20.0,,rss_mini,20.0,rss-n15-p200000bar,W-potential/fcc-restart/05-rss-round-1/rss-selection/source-frames/rss-n15-p200000bar.xyz,21,0.27981275997218374,,15.39337293104876,0.2729949331328506,0.2556983074405421,,False,False,,,,,False,15,200000.0,1,171,000515.poscar,unary-W/W-00171-1.poscar,/home/tuzhengyu/work/WTaTi/W-potential/fcc-restart/05-rss-round-1/rss/minimized/unary-W/W-00171-1.poscar,W-potential/fcc-restart/05-rss-round-1/rss/raw/unary-W/W-00171.poscar,2a470e74114bc6351e55b1f4b9675d587c06b9475ef494757252e2cb3eaee2af,2a470e74114bc6351e55b1f4b9675d587c06b9475ef494757252e2cb3eaee2af
20.0,,rss_mini,20.0,rss-n15-p200000bar,W-potential/fcc-restart/05-rss-round-1/rss-selection/source-frames/rss-n15-p200000bar.xyz,22,0.22969052321798436,,15.806266859587906,0.5007025850511962,0.4414158628467197,,False,False,,,,,False,15,200000.0,1,172,000518.poscar,unary-W/W-00172-1.poscar,/home/tuzhengyu/work/WTaTi/W-potential/fcc-restart/05-rss-round-1/rss/minimized/unary-W/W-00172-1.poscar,W-potential/fcc-restart/05-rss-round-1/rss/raw/unary-W/W-00172.poscar,302e53f4b12793dbc6984fefbacb01bc1d03b3815a9712e188a31a22f905d904,302e53f4b12793dbc6984fefbacb01bc1d03b3815a9712e188a31a22f905d904
20.0,,rss_mini,20.0,rss-n15-p200000bar,W-potential/fcc-restart/05-rss-round-1/rss-selection/source-frames/rss-n15-p200000bar.xyz,23,0.2948932494679479,,15.69580275943355,0.20800567797044237,0.38950880184654374,,False,False,,,,,False,15,200000.0,1,173,000521.poscar,unary-W/W-00173-1.poscar,/home/tuzhengyu/work/WTaTi/W-potential/fcc-restart/05-rss-round-1/rss/minimized/unary-W/W-00173-1.poscar,W-potential/fcc-restart/05-rss-round-1/rss/raw/unary-W/W-00173.poscar,01572ad65fb4c7e50d3f53367d668da2f3e39063cbab8916bb8be1ca8d89c3c7,01572ad65fb4c7e50d3f53367d668da2f3e39063cbab8916bb8be1ca8d89c3c7
20.0,,rss_mini,20.0,rss-n15-p200000bar,W-potential/fcc-restart/05-rss-round-1/rss-selection/source-frames/rss-n15-p200000bar.xyz,24,0.21825231714205184,,15.68804225480127,0.3697350890182151,0.6758399315796111,,False,False,,,,,False,15,200000.0,1,174,000524.poscar,unary-W/W-00174-1.poscar,/home/tuzhengyu/work/WTaTi/W-potential/fcc-restart/05-rss-round-1/rss/minimized/unary-W/W-00174-1.poscar,W-potential/fcc-restart/05-rss-round-1/rss/raw/unary-W/W-00174.poscar,91a584e78197c50802e7bd931f0b42fd2ca1574cba12b193fa3b94a50bb77845,91a584e78197c50802e7bd931f0b42fd2ca1574cba12b193fa3b94a50bb77845
20.0,,rss_mini,20.0,rss-n15-p200000bar,W-potential/fcc-restart/05-rss-round-1/rss-selection/source-frames/rss-n15-p200000bar.xyz,25,0.2865920543766474,,15.749835676642594,0.46611536964974226,0.36692440812774224,,False,False,,,,,False,15,200000.0,1,175,000527.poscar,unary-W/W-00175-1.poscar,/home/tuzhengyu/work/WTaTi/W-potential/fcc-restart/05-rss-round-1/rss/minimized/unary-W/W-00175-1.poscar,W-potential/fcc-restart/05-rss-round-1/rss/raw/unary-W/W-00175.poscar,c79360b98fa2e0ea9087649950f4463afb4546b5a6d01a0a15ded01eb97d82a1,c79360b98fa2e0ea9087649950f4463afb4546b5a6d01a0a15ded01eb97d82a1
20.0,,rss_mini,20.0,rss-n15-p200000bar,W-potential/fcc-restart/05-rss-round-1/rss-selection/source-frames/rss-n15-p200000bar.xyz,26,0.23678641066002054,,15.9120885692324,0.2773560748221232,0.2582302931695434,,False,False,,,,,False,15,200000.0,1,176,000530.poscar,unary-W/W-00176-1.poscar,/home/tuzhengyu/work/WTaTi/W-potential/fcc-restart/05-rss-round-1/rss/minimized/unary-W/W-00176-1.poscar,W-potential/fcc-restart/05-rss-round-1/rss/raw/unary-W/W-00176.poscar,d40ace6ffeaaa0c2f5c3b634cc032ae65b7a667979087bca1e3017380f69c1a6,d40ace6ffeaaa0c2f5c3b634cc032ae65b7a667979087bca1e3017380f69c1a6
20.0,,rss_mini,20.0,rss-n15-p200000bar,W-potential/fcc-restart/05-rss-round-1/rss-selection/source-frames/rss-n15-p200000bar.xyz,27,0.24491507016591352,,15.853613219227212,0.36743251564939605,0.29409250427810496,,False,False,,,,,False,15,200000.0,1,177,000533.poscar,unary-W/W-00177-1.poscar,/home/tuzhengyu/work/WTaTi/W-potential/fcc-restart/05-rss-round-1/rss/minimized/unary-W/W-00177-1.poscar,W-potential/fcc-restart/05-rss-round-1/rss/raw/unary-W/W-00177.poscar,50083afdaf2305900d8b731bbe7558aae614d9b51a4c11508a82659366935622,50083afdaf2305900d8b731bbe7558aae614d9b51a4c11508a82659366935622
20.0,,rss_mini,20.0,rss-n15-p200000bar,W-potential/fcc-restart/05-rss-round-1/rss-selection/source-frames/rss-n15-p200000bar.xyz,28,0.2517364785961477,,15.724172470754702,0.15314993425912152,0.3214239140057986,,False,False,,,,,False,15,200000.0,1,178,000536.poscar,unary-W/W-00178-1.poscar,/home/tuzhengyu/work/WTaTi/W-potential/fcc-restart/05-rss-round-1/rss/minimized/unary-W/W-00178-1.poscar,W-potential/fcc-restart/05-rss-round-1/rss/raw/unary-W/W-00178.poscar,cbd312ca8412df718b726dc59668ce95e0fc0ed7ceb116eab9569a06871363bb,cbd312ca8412df718b726dc59668ce95e0fc0ed7ceb116eab9569a06871363bb
20.0,,rss_mini,20.0,rss-n15-p200000bar,W-potential/fcc-restart/05-rss-round-1/rss-selection/source-frames/rss-n15-p200000bar.xyz,29,0.2368556295548425,,15.832028676191152,0.3560244558541966,0.29372916254423775,,False,False,,,,,False,15,200000.0,1,179,000539.poscar,unary-W/W-00179-1.poscar,/home/tuzhengyu/work/WTaTi/W-potential/fcc-restart/05-rss-round-1/rss/minimized/unary-W/W-00179-1.poscar,W-potential/fcc-restart/05-rss-round-1/rss/raw/unary-W/W-00179.poscar,ae799020148b05344aef94dd7ca9f3495aa69fe0e3dfa99902e281969aa7fcb3,ae799020148b05344aef94dd7ca9f3495aa69fe0e3dfa99902e281969aa7fcb3
20.0,,rss_mini,20.0,rss-n15-p200000bar,W-potential/fcc-restart/05-rss-round-1/rss-selection/source-frames/rss-n15-p200000bar.xyz,30,0.2118204176838008,,15.563357056708425,0.5011671418989402,0.6241045258318797,,False,False,,,,,False,15,200000.0,1,180,000542.poscar,unary-W/W-00180-1.poscar,/home/tuzhengyu/work/WTaTi/W-potential/fcc-restart/05-rss-round-1/rss/minimized/unary-W/W-00180-1.poscar,W-potential/fcc-restart/05-rss-round-1/rss/raw/unary-W/W-00180.poscar,60d7012a742aafe8f98304c39bc6da02519c431adda0ed67753c4e01b5bcf4b5,60d7012a742aafe8f98304c39bc6da02519c431adda0ed67753c4e01b5bcf4b5
20.0,,rss_mini,20.0,rss-n15-p200000bar,W-potential/fcc-restart/05-rss-round-1/rss-selection/source-frames/rss-n15-p200000bar.xyz,31,0.006385195044820991,,14.95550138657246,0.04631167017925876,0.043602183081542206,,False,False,,,,,False,15,200000.0,1,181,000545.poscar,unary-W/W-00181-1.poscar,/home/tuzhengyu/work/WTaTi/W-potential/fcc-restart/05-rss-round-1/rss/minimized/unary-W/W-00181-1.poscar,W-potential/fcc-restart/05-rss-round-1/rss/raw/unary-W/W-00181.poscar,654dc6d136484d9fe947a1dd6fa90beb7aa8ccaec1f30b8255250398aa65a9dd,654dc6d136484d9fe947a1dd6fa90beb7aa8ccaec1f30b8255250398aa65a9dd
20.0,,rss_mini,20.0,rss-n15-p200000bar,W-potential/fcc-restart/05-rss-round-1/rss-selection/source-frames/rss-n15-p200000bar.xyz,32,0.14312585334784464,,15.504298567991912,0.8323888885375078,0.9898992670239801,,False,False,,,,,False,15,200000.0,1,182,000548.poscar,unary-W/W-00182-1.poscar,/home/tuzhengyu/work/WTaTi/W-potential/fcc-restart/05-rss-round-1/rss/minimized/unary-W/W-00182-1.poscar,W-potential/fcc-restart/05-rss-round-1/rss/raw/unary-W/W-00182.poscar,7fe33d1efb54a11a5b2d4dc653e430c2c7a8d46f6657cc20a77cf1722310775b,7fe33d1efb54a11a5b2d4dc653e430c2c7a8d46f6657cc20a77cf1722310775b
20.0,,rss_mini,20.0,rss-n15-p200000bar,W-potential/fcc-restart/05-rss-round-1/rss-selection/source-frames/rss-n15-p200000bar.xyz,33,0.029260638982185255,,14.910060498567313,0.12016511581166542,0.12097303223241572,,False,False,,,,,False,15,200000.0,1,183,000551.poscar,unary-W/W-00183-1.poscar,/home/tuzhengyu/work/WTaTi/W-potential/fcc-restart/05-rss-round-1/rss/minimized/unary-W/W-00183-1.poscar,W-potential/fcc-restart/05-rss-round-1/rss/raw/unary-W/W-00183.poscar,54864c370c1fb9f5e48b44301aefc98eb61fd1a48efa3af6397aedaf349021f2,54864c370c1fb9f5e48b44301aefc98eb61fd1a48efa3af6397aedaf349021f2
20.0,,rss_mini,20.0,rss-n15-p200000bar,W-potential/fcc-restart/05-rss-round-1/rss-selection/source-frames/rss-n15-p200000bar.xyz,34,0.34125414775326723,,15.52079134404754,0.4638639891131361,0.4028385257425013,,False,False,,,,,False,15,200000.0,1,184,000554.poscar,unary-W/W-00184-1.poscar,/home/tuzhengyu/work/WTaTi/W-potential/fcc-restart/05-rss-round-1/rss/minimized/unary-W/W-00184-1.poscar,W-potential/fcc-restart/05-rss-round-1/rss/raw/unary-W/W-00184.poscar,ff8cbf42a6bb0e48554fabcf1f76e70dd02e1b9b2732843718ad044ccf2f9633,ff8cbf42a6bb0e48554fabcf1f76e70dd02e1b9b2732843718ad044ccf2f9633
20.0,,rss_mini,20.0,rss-n15-p200000bar,W-potential/fcc-restart/05-rss-round-1/rss-selection/source-frames/rss-n15-p200000bar.xyz,35,0.20259753690351637,,15.454396003354212,0.27372029494340355,0.3621410833177662,,False,False,,,,,False,15,200000.0,1,185,000557.poscar,unary-W/W-00185-1.poscar,/home/tuzhengyu/work/WTaTi/W-potential/fcc-restart/05-rss-round-1/rss/minimized/unary-W/W-00185-1.poscar,W-potential/fcc-restart/05-rss-round-1/rss/raw/unary-W/W-00185.poscar,0c68da942cdcec6ef94349dd0d2f3cb4176798495990f690e29a7e31b7e4448b,0c68da942cdcec6ef94349dd0d2f3cb4176798495990f690e29a7e31b7e4448b
20.0,,rss_mini,20.0,rss-n15-p200000bar,W-potential/fcc-restart/05-rss-round-1/rss-selection/source-frames/rss-n15-p200000bar.xyz,36,0.24671018480008547,,15.744531220003106,0.12340090293799096,0.37511982502500446,,False,False,,,,,False,15,200000.0,1,186,000560.poscar,unary-W/W-00186-1.poscar,/home/tuzhengyu/work/WTaTi/W-potential/fcc-restart/05-rss-round-1/rss/minimized/unary-W/W-00186-1.poscar,W-potential/fcc-restart/05-rss-round-1/rss/raw/unary-W/W-00186.poscar,55e4dbf134d6e59221d11601f82932b90fd6654ef75a00f0109bc7a1c85bdaba,55e4dbf134d6e59221d11601f82932b90fd6654ef75a00f0109bc7a1c85bdaba
20.0,,rss_mini,20.0,rss-n15-p200000bar,W-potential/fcc-restart/05-rss-round-1/rss-selection/source-frames/rss-n15-p200000bar.xyz,37,0.24376899741198013,,15.630033753569412,0.8198002150604217,0.8413079333383114,,False,False,,,,,False,15,200000.0,1,187,000563.poscar,unary-W/W-00187-1.poscar,/home/tuzhengyu/work/WTaTi/W-potential/fcc-restart/05-rss-round-1/rss/minimized/unary-W/W-00187-1.poscar,W-potential/fcc-restart/05-rss-round-1/rss/raw/unary-W/W-00187.poscar,55edcb3dca3bc0d91a8b8ed199f753d61d128d7bd013ede0598bab813f4ce160,55edcb3dca3bc0d91a8b8ed199f753d61d128d7bd013ede0598bab813f4ce160
20.0,,rss_mini,20.0,rss-n15-p200000bar,W-potential/fcc-restart/05-rss-round-1/rss-selection/source-frames/rss-n15-p200000bar.xyz,38,0.1363390527055642,,15.684403238412946,0.2159325952834652,0.27964370645976605,,False,False,,,,,False,15,200000.0,1,188,000566.poscar,unary-W/W-00188-1.poscar,/home/tuzhengyu/work/WTaTi/W-potential/fcc-restart/05-rss-round-1/rss/minimized/unary-W/W-00188-1.poscar,W-potential/fcc-restart/05-rss-round-1/rss/raw/unary-W/W-00188.poscar,865b5f7baa9cfb42e0882d66d42dce91970fac95bcba9a6ccd59b2d91e0f7ea3,865b5f7baa9cfb42e0882d66d42dce91970fac95bcba9a6ccd59b2d91e0f7ea3
20.0,,rss_mini,20.0,rss-n15-p200000bar,W-potential/fcc-restart/05-rss-round-1/rss-selection/source-frames/rss-n15-p200000bar.xyz,39,0.200009004322854,,15.62672748393877,0.34656646776859124,0.42868721673798316,,False,False,,,,,False,15,200000.0,1,189,000569.poscar,unary-W/W-00189-1.poscar,/home/tuzhengyu/work/WTaTi/W-potential/fcc-restart/05-rss-round-1/rss/minimized/unary-W/W-00189-1.poscar,W-potential/fcc-restart/05-rss-round-1/rss/raw/unary-W/W-00189.poscar,8324e06ad86aba52f84398dbcb4c316c6649842353e9d85101e56c0ae56d1e18,8324e06ad86aba52f84398dbcb4c316c6649842353e9d85101e56c0ae56d1e18
20.0,,rss_mini,20.0,rss-n15-p200000bar,W-potential/fcc-restart/05-rss-round-1/rss-selection/source-frames/rss-n15-p200000bar.xyz,40,0.26823265558905063,,15.370363229919933,0.3317824498109,0.39260851126200486,,False,False,,,,,False,15,200000.0,1,190,000572.poscar,unary-W/W-00190-1.poscar,/home/tuzhengyu/work/WTaTi/W-potential/fcc-restart/05-rss-round-1/rss/minimized/unary-W/W-00190-1.poscar,W-potential/fcc-restart/05-rss-round-1/rss/raw/unary-W/W-00190.poscar,ec89c00a89512bcec47c6b9b3e8b5e2e27e2db8c6581b46de28368386a36518c,ec89c00a89512bcec47c6b9b3e8b5e2e27e2db8c6581b46de28368386a36518c
20.0,,rss_mini,20.0,rss-n15-p200000bar,W-potential/fcc-restart/05-rss-round-1/rss-selection/source-frames/rss-n15-p200000bar.xyz,41,0.1633432379171157,,15.81124665081778,0.35578078901086635,0.3605171291914918,,False,False,,,,,False,15,200000.0,1,191,000575.poscar,unary-W/W-00191-1.poscar,/home/tuzhengyu/work/WTaTi/W-potential/fcc-restart/05-rss-round-1/rss/minimized/unary-W/W-00191-1.poscar,W-potential/fcc-restart/05-rss-round-1/rss/raw/unary-W/W-00191.poscar,3e2fbcfbd1cea9d5b7e321c55bdb4c79e569ddabd972f314f403bbc50592dfbf,3e2fbcfbd1cea9d5b7e321c55bdb4c79e569ddabd972f314f403bbc50592dfbf
20.0,,rss_mini,20.0,rss-n15-p200000bar,W-potential/fcc-restart/05-rss-round-1/rss-selection/source-frames/rss-n15-p200000bar.xyz,42,0.2465474365588538,,15.702751164233897,0.16084009366445115,0.27734619792019266,,False,False,,,,,False,15,200000.0,1,192,000578.poscar,unary-W/W-00192-1.poscar,/home/tuzhengyu/work/WTaTi/W-potential/fcc-restart/05-rss-round-1/rss/minimized/unary-W/W-00192-1.poscar,W-potential/fcc-restart/05-rss-round-1/rss/raw/unary-W/W-00192.poscar,3aa1495cc673b20f23b200d9b4e09e7b0fbf0da97858a93cce8619966f1a457d,3aa1495cc673b20f23b200d9b4e09e7b0fbf0da97858a93cce8619966f1a457d
20.0,,rss_mini,20.0,rss-n15-p200000bar,W-potential/fcc-restart/05-rss-round-1/rss-selection/source-frames/rss-n15-p200000bar.xyz,43,0.23335990091872202,,15.511297640495053,0.3879300998086421,0.5082560980674087,,False,False,,,,,False,15,200000.0,1,193,000581.poscar,unary-W/W-00193-1.poscar,/home/tuzhengyu/work/WTaTi/W-potential/fcc-restart/05-rss-round-1/rss/minimized/unary-W/W-00193-1.poscar,W-potential/fcc-restart/05-rss-round-1/rss/raw/unary-W/W-00193.poscar,92673223466ea25a1a7ec37e3b9ae149311018454818073fb82726d82966fee6,92673223466ea25a1a7ec37e3b9ae149311018454818073fb82726d82966fee6
20.0,,rss_mini,20.0,rss-n15-p200000bar,W-potential/fcc-restart/05-rss-round-1/rss-selection/source-frames/rss-n15-p200000bar.xyz,44,0.028109927087314468,,14.928469744280575,0.15700631402135307,0.15262252172511964,,False,False,,,,,False,15,200000.0,1,194,000584.poscar,unary-W/W-00194-1.poscar,/home/tuzhengyu/work/WTaTi/W-potential/fcc-restart/05-rss-round-1/rss/minimized/unary-W/W-00194-1.poscar,W-potential/fcc-restart/05-rss-round-1/rss/raw/unary-W/W-00194.poscar,81a008d70ff5299a29ecc79b7096abcbd4cf3d650ba2f5d198e8a3fc3c60cb67,81a008d70ff5299a29ecc79b7096abcbd4cf3d650ba2f5d198e8a3fc3c60cb67
20.0,,rss_mini,20.0,rss-n15-p200000bar,W-potential/fcc-restart/05-rss-round-1/rss-selection/source-frames/rss-n15-p200000bar.xyz,45,0.19751594468427183,,15.565425089459048,0.7974295677765378,0.8209202199821957,,False,False,,,,,False,15,200000.0,1,195,000587.poscar,unary-W/W-00195-1.poscar,/home/tuzhengyu/work/WTaTi/W-potential/fcc-restart/05-rss-round-1/rss/minimized/unary-W/W-00195-1.poscar,W-potential/fcc-restart/05-rss-round-1/rss/raw/unary-W/W-00195.poscar,33c0a19ef41a5338a20d84ba17ccb9eba3f886e9e4aa2820afbd022e2a8c97ef,33c0a19ef41a5338a20d84ba17ccb9eba3f886e9e4aa2820afbd022e2a8c97ef
20.0,,rss_mini,20.0,rss-n15-p200000bar,W-potential/fcc-restart/05-rss-round-1/rss-selection/source-frames/rss-n15-p200000bar.xyz,46,0.1435883389816007,,15.790804948450761,0.23185153545675785,0.2985500941036918,,False,False,,,,,False,15,200000.0,1,196,000590.poscar,unary-W/W-00196-1.poscar,/home/tuzhengyu/work/WTaTi/W-potential/fcc-restart/05-rss-round-1/rss/minimized/unary-W/W-00196-1.poscar,W-potential/fcc-restart/05-rss-round-1/rss/raw/unary-W/W-00196.poscar,61772517fea8c600255737ca3fbb2a10b7e36824e16f867f4e4852a0d580ee38,61772517fea8c600255737ca3fbb2a10b7e36824e16f867f4e4852a0d580ee38
20.0,,rss_mini,20.0,rss-n15-p200000bar,W-potential/fcc-restart/05-rss-round-1/rss-selection/source-frames/rss-n15-p200000bar.xyz,47,0.2527105478155418,,15.736739746792388,0.20559531463429562,0.3632159365064463,,False,False,,,,,False,15,200000.0,1,197,000593.poscar,unary-W/W-00197-1.poscar,/home/tuzhengyu/work/WTaTi/W-potential/fcc-restart/05-rss-round-1/rss/minimized/unary-W/W-00197-1.poscar,W-potential/fcc-restart/05-rss-round-1/rss/raw/unary-W/W-00197.poscar,d9978e83967b3b6fb428c2026362f97abef5530b4f907767e8da48f9e48dad42,d9978e83967b3b6fb428c2026362f97abef5530b4f907767e8da48f9e48dad42
20.0,,rss_mini,20.0,rss-n15-p200000bar,W-potential/fcc-restart/05-rss-round-1/rss-selection/source-frames/rss-n15-p200000bar.xyz,48,0.005023115657123736,,14.913587971323546,0.02059163066954005,0.020123521385939754,,False,False,,,,,False,15,200000.0,1,198,000596.poscar,unary-W/W-00198-1.poscar,/home/tuzhengyu/work/WTaTi/W-potential/fcc-restart/05-rss-round-1/rss/minimized/unary-W/W-00198-1.poscar,W-potential/fcc-restart/05-rss-round-1/rss/raw/unary-W/W-00198.poscar,7b94c7730d00c170252a3f0e3c83474d34c5920b623d20136cce718e6f387713,7b94c7730d00c170252a3f0e3c83474d34c5920b623d20136cce718e6f387713
20.0,,rss_mini,20.0,rss-n15-p200000bar,W-potential/fcc-restart/05-rss-round-1/rss-selection/source-frames/rss-n15-p200000bar.xyz,49,0.05811610149438126,,14.907084074614092,0.33058037851966793,0.31722645044794995,,False,False,,,,,False,15,200000.0,1,199,000599.poscar,unary-W/W-00199-1.poscar,/home/tuzhengyu/work/WTaTi/W-potential/fcc-restart/05-rss-round-1/rss/minimized/unary-W/W-00199-1.poscar,W-potential/fcc-restart/05-rss-round-1/rss/raw/unary-W/W-00199.poscar,37d52f15961a7fd35a30c57666ca1d3d2071eac2102589c38ba048ed5e769196,37d52f15961a7fd35a30c57666ca1d3d2071eac2102589c38ba048ed5e769196
40.0,,rss_mini,40.0,rss-n15-p400000bar,W-potential/fcc-restart/05-rss-round-1/rss-selection/source-frames/rss-n15-p400000bar.xyz,0,0.20497765225705739,,14.5162539054633,0.11176505194438796,0.13171997683508815,,False,False,,,,,False,15,400000.0,2,150,000453.poscar,unary-W/W-00150-2.poscar,/home/tuzhengyu/work/WTaTi/W-potential/fcc-restart/05-rss-round-1/rss/minimized/unary-W/W-00150-2.poscar,W-potential/fcc-restart/05-rss-round-1/rss/raw/unary-W/W-00150.poscar,1d6ee0178813a5d855de0b12ffcba61e13609c21b0f6b57ad77e253e382f9952,1d6ee0178813a5d855de0b12ffcba61e13609c21b0f6b57ad77e253e382f9952
40.0,,rss_mini,40.0,rss-n15-p400000bar,W-potential/fcc-restart/05-rss-round-1/rss-selection/source-frames/rss-n15-p400000bar.xyz,1,0.2611380049157777,,15.10635000427165,0.33673719873162106,0.29251121494495785,,False,False,,,,,False,15,400000.0,2,151,000456.poscar,unary-W/W-00151-2.poscar,/home/tuzhengyu/work/WTaTi/W-potential/fcc-restart/05-rss-round-1/rss/minimized/unary-W/W-00151-2.poscar,W-potential/fcc-restart/05-rss-round-1/rss/raw/unary-W/W-00151.poscar,c33e4d02c0250707523d6964445ead2fe0ee6629576702a2d47f978b679102e9,c33e4d02c0250707523d6964445ead2fe0ee6629576702a2d47f978b679102e9
40.0,,rss_mini,40.0,rss-n15-p400000bar,W-potential/fcc-restart/05-rss-round-1/rss-selection/source-frames/rss-n15-p400000bar.xyz,2,0.32173324706218187,,15.001842122739436,0.3627689150315416,0.3886732993623044,,False,False,,,,,False,15,400000.0,2,152,000459.poscar,unary-W/W-00152-2.poscar,/home/tuzhengyu/work/WTaTi/W-potential/fcc-restart/05-rss-round-1/rss/minimized/unary-W/W-00152-2.poscar,W-potential/fcc-restart/05-rss-round-1/rss/raw/unary-W/W-00152.poscar,9af47f28bae59e92ccd6aa3b90496215451a69a900977451351a5d0b0ba306f4,9af47f28bae59e92ccd6aa3b90496215451a69a900977451351a5d0b0ba306f4
40.0,,rss_mini,40.0,rss-n15-p400000bar,W-potential/fcc-restart/05-rss-round-1/rss-selection/source-frames/rss-n15-p400000bar.xyz,3,0.34825306184161325,,14.979029994182417,0.49521083412506145,0.31848316766329066,,False,False,,,,,False,15,400000.0,2,153,000462.poscar,unary-W/W-00153-2.poscar,/home/tuzhengyu/work/WTaTi/W-potential/fcc-restart/05-rss-round-1/rss/minimized/unary-W/W-00153-2.poscar,W-potential/fcc-restart/05-rss-round-1/rss/raw/unary-W/W-00153.poscar,2e15fd922de1849cf2f6760ab5affaa87cc009cbb1d8b014022093fe13c4cce8,2e15fd922de1849cf2f6760ab5affaa87cc009cbb1d8b014022093fe13c4cce8
40.0,,rss_mini,40.0,rss-n15-p400000bar,W-potential/fcc-restart/05-rss-round-1/rss-selection/source-frames/rss-n15-p400000bar.xyz,4,0.21476515079266983,,14.776207427288659,0.5872010300953862,0.6436279351964244,,False,False,,,,,False,15,400000.0,2,154,000465.poscar,unary-W/W-00154-2.poscar,/home/tuzhengyu/work/WTaTi/W-potential/fcc-restart/05-rss-round-1/rss/minimized/unary-W/W-00154-2.poscar,W-potential/fcc-restart/05-rss-round-1/rss/raw/unary-W/W-00154.poscar,a95869aa83c8f723416ce164344f777c850661d1719c4b07330dc8f83394fda2,a95869aa83c8f723416ce164344f777c850661d1719c4b07330dc8f83394fda2
40.0,,rss_mini,40.0,rss-n15-p400000bar,W-potential/fcc-restart/05-rss-round-1/rss-selection/source-frames/rss-n15-p400000bar.xyz,5,0.21884054671200243,,14.789479130021409,0.30154165021205814,0.5770896330729808,,False,False,,,,,False,15,400000.0,2,155,000468.poscar,unary-W/W-00155-2.poscar,/home/tuzhengyu/work/WTaTi/W-potential/fcc-restart/05-rss-round-1/rss/minimized/unary-W/W-00155-2.poscar,W-potential/fcc-restart/05-rss-round-1/rss/raw/unary-W/W-00155.poscar,9f6ea446e9c6988441755cd83908a60c6f202b55b0fca6587b5b5858b0c0de15,9f6ea446e9c6988441755cd83908a60c6f202b55b0fca6587b5b5858b0c0de15
40.0,,rss_mini,40.0,rss-n15-p400000bar,W-potential/fcc-restart/05-rss-round-1/rss-selection/source-frames/rss-n15-p400000bar.xyz,6,0.007891191953721611,,14.702635025309341,0.038787875206459224,0.037951787807296945,,False,False,,,,,False,15,400000.0,2,156,000471.poscar,unary-W/W-00156-2.poscar,/home/tuzhengyu/work/WTaTi/W-potential/fcc-restart/05-rss-round-1/rss/minimized/unary-W/W-00156-2.poscar,W-potential/fcc-restart/05-rss-round-1/rss/raw/unary-W/W-00156.poscar,95ab4425be6df423c127e8bde311a323625c74946c94d5f6d8da26a5bae07aee,95ab4425be6df423c127e8bde311a323625c74946c94d5f6d8da26a5bae07aee
40.0,,rss_mini,40.0,rss-n15-p400000bar,W-potential/fcc-restart/05-rss-round-1/rss-selection/source-frames/rss-n15-p400000bar.xyz,7,0.1778274040649029,,14.944565747747342,0.3751503980721145,0.4646548750752253,,False,False,,,,,False,15,400000.0,2,157,000474.poscar,unary-W/W-00157-2.poscar,/home/tuzhengyu/work/WTaTi/W-potential/fcc-restart/05-rss-round-1/rss/minimized/unary-W/W-00157-2.poscar,W-potential/fcc-restart/05-rss-round-1/rss/raw/unary-W/W-00157.poscar,47585c5a6ecca31d5879e549cc554941582e12d88c835b6dacf45af01c200d68,47585c5a6ecca31d5879e549cc554941582e12d88c835b6dacf45af01c200d68
40.0,,rss_mini,40.0,rss-n15-p400000bar,W-potential/fcc-restart/05-rss-round-1/rss-selection/source-frames/rss-n15-p400000bar.xyz,8,0.2842711022345622,,15.02508777475099,0.1838927733770732,0.304488682816338,,False,False,,,,,False,15,400000.0,2,158,000477.poscar,unary-W/W-00158-2.poscar,/home/tuzhengyu/work/WTaTi/W-potential/fcc-restart/05-rss-round-1/rss/minimized/unary-W/W-00158-2.poscar,W-potential/fcc-restart/05-rss-round-1/rss/raw/unary-W/W-00158.poscar,5a2c11c3cd0b8b6cedc5c26a14c9ba9b3e92ca362bb6fb1b16f16c67f5a27984,5a2c11c3cd0b8b6cedc5c26a14c9ba9b3e92ca362bb6fb1b16f16c67f5a27984
40.0,,rss_mini,40.0,rss-n15-p400000bar,W-potential/fcc-restart/05-rss-round-1/rss-selection/source-frames/rss-n15-p400000bar.xyz,9,0.2790958240132018,,14.765999999248187,0.5188333393618193,0.6558201167603371,,False,False,,,,,False,15,400000.0,2,159,000480.poscar,unary-W/W-00159-2.poscar,/home/tuzhengyu/work/WTaTi/W-potential/fcc-restart/05-rss-round-1/rss/minimized/unary-W/W-00159-2.poscar,W-potential/fcc-restart/05-rss-round-1/rss/raw/unary-W/W-00159.poscar,338b07158d4ad3b3c9725ee975669612132dc1a087413f6a62faa158c81107c5,338b07158d4ad3b3c9725ee975669612132dc1a087413f6a62faa158c81107c5
40.0,,rss_mini,40.0,rss-n15-p400000bar,W-potential/fcc-restart/05-rss-round-1/rss-selection/source-frames/rss-n15-p400000bar.xyz,10,0.33512488944913527,,14.975315249437807,0.36258815557438207,0.25437298338021164,,False,False,,,,,False,15,400000.0,2,160,000483.poscar,unary-W/W-00160-2.poscar,/home/tuzhengyu/work/WTaTi/W-potential/fcc-restart/05-rss-round-1/rss/minimized/unary-W/W-00160-2.poscar,W-potential/fcc-restart/05-rss-round-1/rss/raw/unary-W/W-00160.poscar,2def4de0c2d3d9e61aac974e0e95f85040b8e235d4e55ec2a2c666476618aa7a,2def4de0c2d3d9e61aac974e0e95f85040b8e235d4e55ec2a2c666476618aa7a
40.0,,rss_mini,40.0,rss-n15-p400000bar,W-potential/fcc-restart/05-rss-round-1/rss-selection/source-frames/rss-n15-p400000bar.xyz,11,0.36175019682956,,14.968486121024451,0.5270928099502828,0.3774508702864819,,False,False,,,,,False,15,400000.0,2,161,000486.poscar,unary-W/W-00161-2.poscar,/home/tuzhengyu/work/WTaTi/W-potential/fcc-restart/05-rss-round-1/rss/minimized/unary-W/W-00161-2.poscar,W-potential/fcc-restart/05-rss-round-1/rss/raw/unary-W/W-00161.poscar,0eaa5f214101782076993ca14be9b47926bb4c8ba85d4acf4bd1189ffe357577,0eaa5f214101782076993ca14be9b47926bb4c8ba85d4acf4bd1189ffe357577
40.0,,rss_mini,40.0,rss-n15-p400000bar,W-potential/fcc-restart/05-rss-round-1/rss-selection/source-frames/rss-n15-p400000bar.xyz,12,0.2499445000578234,,14.746754990267972,0.539315756287009,0.5062625102173827,,False,False,,,,,False,15,400000.0,2,162,000489.poscar,unary-W/W-00162-2.poscar,/home/tuzhengyu/work/WTaTi/W-potential/fcc-restart/05-rss-round-1/rss/minimized/unary-W/W-00162-2.poscar,W-potential/fcc-restart/05-rss-round-1/rss/raw/unary-W/W-00162.poscar,35c3b934b4d23a74374f6353f0edac45bcdd695a0704d78f3cf87a34b7a90c4a,35c3b934b4d23a74374f6353f0edac45bcdd695a0704d78f3cf87a34b7a90c4a
40.0,,rss_mini,40.0,rss-n15-p400000bar,W-potential/fcc-restart/05-rss-round-1/rss-selection/source-frames/rss-n15-p400000bar.xyz,13,0.3282436426345735,,14.978264644035018,0.2652279209419459,0.4259463806568123,,False,False,,,,,False,15,400000.0,2,163,000492.poscar,unary-W/W-00163-2.poscar,/home/tuzhengyu/work/WTaTi/W-potential/fcc-restart/05-rss-round-1/rss/minimized/unary-W/W-00163-2.poscar,W-potential/fcc-restart/05-rss-round-1/rss/raw/unary-W/W-00163.poscar,8cecb672f779bf3bffe4b29de6b919aaf18ae38424beb1ff4a5240a6bafcef7b,8cecb672f779bf3bffe4b29de6b919aaf18ae38424beb1ff4a5240a6bafcef7b
40.0,,rss_mini,40.0,rss-n15-p400000bar,W-potential/fcc-restart/05-rss-round-1/rss-selection/source-frames/rss-n15-p400000bar.xyz,14,0.20783098967949262,,15.090493961514799,0.4623189044808529,0.5016737798072134,,False,False,,,,,False,15,400000.0,2,164,000495.poscar,unary-W/W-00164-2.poscar,/home/tuzhengyu/work/WTaTi/W-potential/fcc-restart/05-rss-round-1/rss/minimized/unary-W/W-00164-2.poscar,W-potential/fcc-restart/05-rss-round-1/rss/raw/unary-W/W-00164.poscar,6affec21ee50ed577137751fc3939ff5148f57ba83fefae958824e6ea3f3fa65,6affec21ee50ed577137751fc3939ff5148f57ba83fefae958824e6ea3f3fa65
40.0,,rss_mini,40.0,rss-n15-p400000bar,W-potential/fcc-restart/05-rss-round-1/rss-selection/source-frames/rss-n15-p400000bar.xyz,15,0.3052002852156633,,14.746726587777044,0.5275096475921743,0.7284067171954179,,False,False,,,,,False,15,400000.0,2,165,000498.poscar,unary-W/W-00165-2.poscar,/home/tuzhengyu/work/WTaTi/W-potential/fcc-restart/05-rss-round-1/rss/minimized/unary-W/W-00165-2.poscar,W-potential/fcc-restart/05-rss-round-1/rss/raw/unary-W/W-00165.poscar,8290ee95a91cb5a30f2751075c37a5a7f24e8564bfcbbac28d9f99ce5648c4bc,8290ee95a91cb5a30f2751075c37a5a7f24e8564bfcbbac28d9f99ce5648c4bc
40.0,,rss_mini,40.0,rss-n15-p400000bar,W-potential/fcc-restart/05-rss-round-1/rss-selection/source-frames/rss-n15-p400000bar.xyz,16,0.25393306014144923,,14.861920823840173,0.5019380860835327,0.7485878198643892,,False,False,,,,,False,15,400000.0,2,166,000501.poscar,unary-W/W-00166-2.poscar,/home/tuzhengyu/work/WTaTi/W-potential/fcc-restart/05-rss-round-1/rss/minimized/unary-W/W-00166-2.poscar,W-potential/fcc-restart/05-rss-round-1/rss/raw/unary-W/W-00166.poscar,84fce38c1069424483d4f23f6b4d9b96f413aa81ac5b56a8af2cc372432874a4,84fce38c1069424483d4f23f6b4d9b96f413aa81ac5b56a8af2cc372432874a4
40.0,,rss_mini,40.0,rss-n15-p400000bar,W-potential/fcc-restart/05-rss-round-1/rss-selection/source-frames/rss-n15-p400000bar.xyz,17,0.3096523506698538,,14.933113683758995,0.28672425721393296,0.41971982879808434,,False,False,,,,,False,15,400000.0,2,167,000504.poscar,unary-W/W-00167-2.poscar,/home/tuzhengyu/work/WTaTi/W-potential/fcc-restart/05-rss-round-1/rss/minimized/unary-W/W-00167-2.poscar,W-potential/fcc-restart/05-rss-round-1/rss/raw/unary-W/W-00167.poscar,f3c27b06ddb2429fc2db7df65196163633cd9cb07200eaae30eca9cd60fd908f,f3c27b06ddb2429fc2db7df65196163633cd9cb07200eaae30eca9cd60fd908f
40.0,,rss_mini,40.0,rss-n15-p400000bar,W-potential/fcc-restart/05-rss-round-1/rss-selection/source-frames/rss-n15-p400000bar.xyz,18,0.19468908188257908,,15.288337030023593,0.30531030521981145,0.4027226527882558,,False,False,,,,,False,15,400000.0,2,168,000507.poscar,unary-W/W-00168-2.poscar,/home/tuzhengyu/work/WTaTi/W-potential/fcc-restart/05-rss-round-1/rss/minimized/unary-W/W-00168-2.poscar,W-potential/fcc-restart/05-rss-round-1/rss/raw/unary-W/W-00168.poscar,871992477896dd8381fa38fa86f4e8beb46e900f0f7d6e18136ab9a813a75510,871992477896dd8381fa38fa86f4e8beb46e900f0f7d6e18136ab9a813a75510
40.0,,rss_mini,40.0,rss-n15-p400000bar,W-potential/fcc-restart/05-rss-round-1/rss-selection/source-frames/rss-n15-p400000bar.xyz,19,0.2976507451972423,,15.033146836280013,0.2545288327079067,0.3286752552967814,,False,False,,,,,False,15,400000.0,2,169,000510.poscar,unary-W/W-00169-2.poscar,/home/tuzhengyu/work/WTaTi/W-potential/fcc-restart/05-rss-round-1/rss/minimized/unary-W/W-00169-2.poscar,W-potential/fcc-restart/05-rss-round-1/rss/raw/unary-W/W-00169.poscar,150aef1d7cfa5053020232fe1fbbb70c01647ce75a7e3d4aee640ef93cec3f74,150aef1d7cfa5053020232fe1fbbb70c01647ce75a7e3d4aee640ef93cec3f74
40.0,,rss_mini,40.0,rss-n15-p400000bar,W-potential/fcc-restart/05-rss-round-1/rss-selection/source-frames/rss-n15-p400000bar.xyz,20,0.16964843475759678,,14.511870885094497,0.16994425112456757,0.23765280464232844,,False,False,,,,,False,15,400000.0,2,170,000513.poscar,unary-W/W-00170-2.poscar,/home/tuzhengyu/work/WTaTi/W-potential/fcc-restart/05-rss-round-1/rss/minimized/unary-W/W-00170-2.poscar,W-potential/fcc-restart/05-rss-round-1/rss/raw/unary-W/W-00170.poscar,2852d0cdf81f7cfd579715c64942827051c2c381a78e5022a2ae99d9135eaac5,2852d0cdf81f7cfd579715c64942827051c2c381a78e5022a2ae99d9135eaac5
40.0,,rss_mini,40.0,rss-n15-p400000bar,W-potential/fcc-restart/05-rss-round-1/rss-selection/source-frames/rss-n15-p400000bar.xyz,21,0.3512415995970311,,14.578747796288798,0.3986965451574126,0.349823044738406,,False,False,,,,,False,15,400000.0,2,171,000516.poscar,unary-W/W-00171-2.poscar,/home/tuzhengyu/work/WTaTi/W-potential/fcc-restart/05-rss-round-1/rss/minimized/unary-W/W-00171-2.poscar,W-potential/fcc-restart/05-rss-round-1/rss/raw/unary-W/W-00171.poscar,ac98c1537dcec1f270c73fef4816a6e82ed8f08821a3441ebf22fb63eedb79fd,ac98c1537dcec1f270c73fef4816a6e82ed8f08821a3441ebf22fb63eedb79fd
40.0,,rss_mini,40.0,rss-n15-p400000bar,W-potential/fcc-restart/05-rss-round-1/rss-selection/source-frames/rss-n15-p400000bar.xyz,22,0.26727363859798536,,14.943667451393742,0.46395216627872077,0.597429318514684,,False,False,,,,,False,15,400000.0,2,172,000519.poscar,unary-W/W-00172-2.poscar,/home/tuzhengyu/work/WTaTi/W-potential/fcc-restart/05-rss-round-1/rss/minimized/unary-W/W-00172-2.poscar,W-potential/fcc-restart/05-rss-round-1/rss/raw/unary-W/W-00172.poscar,dd1bfcf2822c28d73bc991617fe8dc5f5475e3437965e1d11f57d7f5cb92b19f,dd1bfcf2822c28d73bc991617fe8dc5f5475e3437965e1d11f57d7f5cb92b19f
40.0,,rss_mini,40.0,rss-n15-p400000bar,W-potential/fcc-restart/05-rss-round-1/rss-selection/source-frames/rss-n15-p400000bar.xyz,23,0.33809439011653286,,14.55501992372792,0.38379013622509883,0.40352967005010165,,False,False,,,,,False,15,400000.0,2,173,000522.poscar,unary-W/W-00173-2.poscar,/home/tuzhengyu/work/WTaTi/W-potential/fcc-restart/05-rss-round-1/rss/minimized/unary-W/W-00173-2.poscar,W-potential/fcc-restart/05-rss-round-1/rss/raw/unary-W/W-00173.poscar,18867748ef77e4a48fb9bbc30fd6020302bb21cfbadfd72d8d0a0a61f19048e5,18867748ef77e4a48fb9bbc30fd6020302bb21cfbadfd72d8d0a0a61f19048e5
40.0,,rss_mini,40.0,rss-n15-p400000bar,W-potential/fcc-restart/05-rss-round-1/rss-selection/source-frames/rss-n15-p400000bar.xyz,24,0.1824117197346986,,14.852897937522753,0.267626458070202,0.37589088118374847,,False,False,,,,,False,15,400000.0,2,174,000525.poscar,unary-W/W-00174-2.poscar,/home/tuzhengyu/work/WTaTi/W-potential/fcc-restart/05-rss-round-1/rss/minimized/unary-W/W-00174-2.poscar,W-potential/fcc-restart/05-rss-round-1/rss/raw/unary-W/W-00174.poscar,4e41269b896ed3f43478d167277037e394ad165192755868052cff96864b51c8,4e41269b896ed3f43478d167277037e394ad165192755868052cff96864b51c8
40.0,,rss_mini,40.0,rss-n15-p400000bar,W-potential/fcc-restart/05-rss-round-1/rss-selection/source-frames/rss-n15-p400000bar.xyz,25,0.32141955265102107,,14.956478729879462,0.5273759867943756,0.5623890067582887,,False,False,,,,,False,15,400000.0,2,175,000528.poscar,unary-W/W-00175-2.poscar,/home/tuzhengyu/work/WTaTi/W-potential/fcc-restart/05-rss-round-1/rss/minimized/unary-W/W-00175-2.poscar,W-potential/fcc-restart/05-rss-round-1/rss/raw/unary-W/W-00175.poscar,3f928fb0cef367c2718ef737a65c62a2fd1b5ae3c9e1683fcb71a246ac686746,3f928fb0cef367c2718ef737a65c62a2fd1b5ae3c9e1683fcb71a246ac686746
40.0,,rss_mini,40.0,rss-n15-p400000bar,W-potential/fcc-restart/05-rss-round-1/rss-selection/source-frames/rss-n15-p400000bar.xyz,26,0.2979133547803924,,15.068456360946813,0.4907546074117008,0.38446563236899667,,False,False,,,,,False,15,400000.0,2,176,000531.poscar,unary-W/W-00176-2.poscar,/home/tuzhengyu/work/WTaTi/W-potential/fcc-restart/05-rss-round-1/rss/minimized/unary-W/W-00176-2.poscar,W-potential/fcc-restart/05-rss-round-1/rss/raw/unary-W/W-00176.poscar,2eb5c4d34c2ccedba7b0ee517a4c60b62161abdae232118b4442bb052ca88461,2eb5c4d34c2ccedba7b0ee517a4c60b62161abdae232118b4442bb052ca88461
40.0,,rss_mini,40.0,rss-n15-p400000bar,W-potential/fcc-restart/05-rss-round-1/rss-selection/source-frames/rss-n15-p400000bar.xyz,27,0.29198210261129115,,15.030727502441989,0.4568118146326739,0.409877967801791,,False,False,,,,,False,15,400000.0,2,177,000534.poscar,unary-W/W-00177-2.poscar,/home/tuzhengyu/work/WTaTi/W-potential/fcc-restart/05-rss-round-1/rss/minimized/unary-W/W-00177-2.poscar,W-potential/fcc-restart/05-rss-round-1/rss/raw/unary-W/W-00177.poscar,6cfbc61ba761ab377ed39e743be27e7f364679d95e48006b9ecb7614557fc111,6cfbc61ba761ab377ed39e743be27e7f364679d95e48006b9ecb7614557fc111
40.0,,rss_mini,40.0,rss-n15-p400000bar,W-potential/fcc-restart/05-rss-round-1/rss-selection/source-frames/rss-n15-p400000bar.xyz,28,0.30770483054911846,,14.9822126839677,0.29776736572603524,0.44728481879879056,,False,False,,,,,False,15,400000.0,2,178,000537.poscar,unary-W/W-00178-2.poscar,/home/tuzhengyu/work/WTaTi/W-potential/fcc-restart/05-rss-round-1/rss/minimized/unary-W/W-00178-2.poscar,W-potential/fcc-restart/05-rss-round-1/rss/raw/unary-W/W-00178.poscar,7487bd2b06ce9b95f202eaf17d7d42ecaa03ecf6e737154bb551f059d4decc8c,7487bd2b06ce9b95f202eaf17d7d42ecaa03ecf6e737154bb551f059d4decc8c
40.0,,rss_mini,40.0,rss-n15-p400000bar,W-potential/fcc-restart/05-rss-round-1/rss-selection/source-frames/rss-n15-p400000bar.xyz,29,0.27915430759110116,,15.015972791921433,0.45555412204313167,0.37742681137028283,,False,False,,,,,False,15,400000.0,2,179,000540.poscar,unary-W/W-00179-2.poscar,/home/tuzhengyu/work/WTaTi/W-potential/fcc-restart/05-rss-round-1/rss/minimized/unary-W/W-00179-2.poscar,W-potential/fcc-restart/05-rss-round-1/rss/raw/unary-W/W-00179.poscar,48c077e3be9f3686f1f772afade624ea1080417b1b12b6105ed89b9366cbe7e0,48c077e3be9f3686f1f772afade624ea1080417b1b12b6105ed89b9366cbe7e0
40.0,,rss_mini,40.0,rss-n15-p400000bar,W-potential/fcc-restart/05-rss-round-1/rss-selection/source-frames/rss-n15-p400000bar.xyz,30,0.23605824499896208,,14.75205110528661,1.1831145065670106,1.2941900393050128,,False,False,,,,,False,15,400000.0,2,180,000543.poscar,unary-W/W-00180-2.poscar,/home/tuzhengyu/work/WTaTi/W-potential/fcc-restart/05-rss-round-1/rss/minimized/unary-W/W-00180-2.poscar,W-potential/fcc-restart/05-rss-round-1/rss/raw/unary-W/W-00180.poscar,e9666ce278e157397d8a859e940a37b20c7a910cda51a33a7001a35bbbc30646,e9666ce278e157397d8a859e940a37b20c7a910cda51a33a7001a35bbbc30646
40.0,,rss_mini,40.0,rss-n15-p400000bar,W-potential/fcc-restart/05-rss-round-1/rss-selection/source-frames/rss-n15-p400000bar.xyz,31,0.00839773497729517,,14.284212597589791,0.05819887475566927,0.05961815612006188,,False,False,,,,,False,15,400000.0,2,181,000546.poscar,unary-W/W-00181-2.poscar,/home/tuzhengyu/work/WTaTi/W-potential/fcc-restart/05-rss-round-1/rss/minimized/unary-W/W-00181-2.poscar,W-potential/fcc-restart/05-rss-round-1/rss/raw/unary-W/W-00181.poscar,4e2946ce657d4ddde7dd69d79756716005f1f6bb72d61953201113b4ebeb9ab8,4e2946ce657d4ddde7dd69d79756716005f1f6bb72d61953201113b4ebeb9ab8
40.0,,rss_mini,40.0,rss-n15-p400000bar,W-potential/fcc-restart/05-rss-round-1/rss-selection/source-frames/rss-n15-p400000bar.xyz,32,0.19784469952620656,,14.86719956001168,0.5139058953586332,0.33280651617544754,,False,False,,,,,False,15,400000.0,2,182,000549.poscar,unary-W/W-00182-2.poscar,/home/tuzhengyu/work/WTaTi/W-potential/fcc-restart/05-rss-round-1/rss/minimized/unary-W/W-00182-2.poscar,W-potential/fcc-restart/05-rss-round-1/rss/raw/unary-W/W-00182.poscar,4599357c399cfcecb36bae225650e34ae071deb4c502478ba493ce4ae5321092,4599357c399cfcecb36bae225650e34ae071deb4c502478ba493ce4ae5321092
40.0,,rss_mini,40.0,rss-n15-p400000bar,W-potential/fcc-restart/05-rss-round-1/rss-selection/source-frames/rss-n15-p400000bar.xyz,33,0.04907342229785163,,14.251167212576298,0.16313682517342823,0.17342924164303558,,False,False,,,,,False,15,400000.0,2,183,000552.poscar,unary-W/W-00183-2.poscar,/home/tuzhengyu/work/WTaTi/W-potential/fcc-restart/05-rss-round-1/rss/minimized/unary-W/W-00183-2.poscar,W-potential/fcc-restart/05-rss-round-1/rss/raw/unary-W/W-00183.poscar,a4a736bc2bcdfe833a019498022b5a31e5a2b32e0ede1101f7b8bcf292d4add5,a4a736bc2bcdfe833a019498022b5a31e5a2b32e0ede1101f7b8bcf292d4add5
40.0,,rss_mini,40.0,rss-n15-p400000bar,W-potential/fcc-restart/05-rss-round-1/rss-selection/source-frames/rss-n15-p400000bar.xyz,34,0.40622107531293894,,14.673697596972879,0.6378013800770393,0.4494285786487452,,False,False,,,,,False,15,400000.0,2,184,000555.poscar,unary-W/W-00184-2.poscar,/home/tuzhengyu/work/WTaTi/W-potential/fcc-restart/05-rss-round-1/rss/minimized/unary-W/W-00184-2.poscar,W-potential/fcc-restart/05-rss-round-1/rss/raw/unary-W/W-00184.poscar,ebbdef98dcc366d58240e4c054fdd5f370e03360ad10543ca0c42ced53210425,ebbdef98dcc366d58240e4c054fdd5f370e03360ad10543ca0c42ced53210425
40.0,,rss_mini,40.0,rss-n15-p400000bar,W-potential/fcc-restart/05-rss-round-1/rss-selection/source-frames/rss-n15-p400000bar.xyz,35,0.25439337325731826,,14.63019950195041,0.35233827886875585,0.4295215813948828,,False,False,,,,,False,15,400000.0,2,185,000558.poscar,unary-W/W-00185-2.poscar,/home/tuzhengyu/work/WTaTi/W-potential/fcc-restart/05-rss-round-1/rss/minimized/unary-W/W-00185-2.poscar,W-potential/fcc-restart/05-rss-round-1/rss/raw/unary-W/W-00185.poscar,720f92c39538ddfccc1fc13207cd6c47a63c17df49ea06d9d503a4d93b299245,720f92c39538ddfccc1fc13207cd6c47a63c17df49ea06d9d503a4d93b299245
40.0,,rss_mini,40.0,rss-n15-p400000bar,W-potential/fcc-restart/05-rss-round-1/rss-selection/source-frames/rss-n15-p400000bar.xyz,36,0.3062173983718703,,15.016911291896397,0.1690205591728146,0.32228939285287744,,False,False,,,,,False,15,400000.0,2,186,000561.poscar,unary-W/W-00186-2.poscar,/home/tuzhengyu/work/WTaTi/W-potential/fcc-restart/05-rss-round-1/rss/minimized/unary-W/W-00186-2.poscar,W-potential/fcc-restart/05-rss-round-1/rss/raw/unary-W/W-00186.poscar,b0733d30893e29c8bc1c5ec6124dbcfcaaa3db370735984b19c48ee58cc1171d,b0733d30893e29c8bc1c5ec6124dbcfcaaa3db370735984b19c48ee58cc1171d
40.0,,rss_mini,40.0,rss-n15-p400000bar,W-potential/fcc-restart/05-rss-round-1/rss-selection/source-frames/rss-n15-p400000bar.xyz,37,0.2307300715058239,,14.814889549963032,0.9936031750005605,1.0388593873058847,,False,False,,,,,False,15,400000.0,2,187,000564.poscar,unary-W/W-00187-2.poscar,/home/tuzhengyu/work/WTaTi/W-potential/fcc-restart/05-rss-round-1/rss/minimized/unary-W/W-00187-2.poscar,W-potential/fcc-restart/05-rss-round-1/rss/raw/unary-W/W-00187.poscar,c84521b549d966d93607a983bee48c1a3739884dca064139c9694c98f7ef4e6b,c84521b549d966d93607a983bee48c1a3739884dca064139c9694c98f7ef4e6b
40.0,,rss_mini,40.0,rss-n15-p400000bar,W-potential/fcc-restart/05-rss-round-1/rss-selection/source-frames/rss-n15-p400000bar.xyz,38,0.26113346114572605,,14.642908639236015,0.3042499473936565,0.38728533625121264,,False,False,,,,,False,15,400000.0,2,188,000567.poscar,unary-W/W-00188-2.poscar,/home/tuzhengyu/work/WTaTi/W-potential/fcc-restart/05-rss-round-1/rss/minimized/unary-W/W-00188-2.poscar,W-potential/fcc-restart/05-rss-round-1/rss/raw/unary-W/W-00188.poscar,c93c84d03c41f8833e24919e815709df1d819307ece67638433bb37e16779fb7,c93c84d03c41f8833e24919e815709df1d819307ece67638433bb37e16779fb7
40.0,,rss_mini,40.0,rss-n15-p400000bar,W-potential/fcc-restart/05-rss-round-1/rss-selection/source-frames/rss-n15-p400000bar.xyz,39,0.23219967886003032,,14.810525469051942,0.47193909738895334,0.6093720717816964,,False,False,,,,,False,15,400000.0,2,189,000570.poscar,unary-W/W-00189-2.poscar,/home/tuzhengyu/work/WTaTi/W-potential/fcc-restart/05-rss-round-1/rss/minimized/unary-W/W-00189-2.poscar,W-potential/fcc-restart/05-rss-round-1/rss/raw/unary-W/W-00189.poscar,1aad9029e7e23aab90f38e06e70defce412630e210d466961a1f223c8f06ad09,1aad9029e7e23aab90f38e06e70defce412630e210d466961a1f223c8f06ad09
40.0,,rss_mini,40.0,rss-n15-p400000bar,W-potential/fcc-restart/05-rss-round-1/rss-selection/source-frames/rss-n15-p400000bar.xyz,40,0.29114626114658837,,14.59857924068925,0.4054594624008488,0.42332943127711503,,False,False,,,,,False,15,400000.0,2,190,000573.poscar,unary-W/W-00190-2.poscar,/home/tuzhengyu/work/WTaTi/W-potential/fcc-restart/05-rss-round-1/rss/minimized/unary-W/W-00190-2.poscar,W-potential/fcc-restart/05-rss-round-1/rss/raw/unary-W/W-00190.poscar,39f29d31746a14e551920ae19e2ef93614269753e77fd48c4cec881ef7cec98e,39f29d31746a14e551920ae19e2ef93614269753e77fd48c4cec881ef7cec98e
40.0,,rss_mini,40.0,rss-n15-p400000bar,W-potential/fcc-restart/05-rss-round-1/rss-selection/source-frames/rss-n15-p400000bar.xyz,41,0.2167693455741417,,14.924092092077002,0.8227797717740714,0.8602580935060948,,False,False,,,,,False,15,400000.0,2,191,000576.poscar,unary-W/W-00191-2.poscar,/home/tuzhengyu/work/WTaTi/W-potential/fcc-restart/05-rss-round-1/rss/minimized/unary-W/W-00191-2.poscar,W-potential/fcc-restart/05-rss-round-1/rss/raw/unary-W/W-00191.poscar,14e7c5bbdb3971f44180900efeae56f6bc98d07bc9e2ac95f3e2f8cc60848b53,14e7c5bbdb3971f44180900efeae56f6bc98d07bc9e2ac95f3e2f8cc60848b53
40.0,,rss_mini,40.0,rss-n15-p400000bar,W-potential/fcc-restart/05-rss-round-1/rss-selection/source-frames/rss-n15-p400000bar.xyz,42,0.3490355105539076,,14.951784494697337,0.4250621342902501,0.3229048269399927,,False,False,,,,,False,15,400000.0,2,192,000579.poscar,unary-W/W-00192-2.poscar,/home/tuzhengyu/work/WTaTi/W-potential/fcc-restart/05-rss-round-1/rss/minimized/unary-W/W-00192-2.poscar,W-potential/fcc-restart/05-rss-round-1/rss/raw/unary-W/W-00192.poscar,067e7ef4623af322e5ed43184331f7ed4419f854c2da5b729f525aa80cf785c5,067e7ef4623af322e5ed43184331f7ed4419f854c2da5b729f525aa80cf785c5
40.0,,rss_mini,40.0,rss-n15-p400000bar,W-potential/fcc-restart/05-rss-round-1/rss-selection/source-frames/rss-n15-p400000bar.xyz,43,0.25770699286542037,,14.746515957211152,0.8474034752078367,0.9397385090119005,,False,False,,,,,False,15,400000.0,2,193,000582.poscar,unary-W/W-00193-2.poscar,/home/tuzhengyu/work/WTaTi/W-potential/fcc-restart/05-rss-round-1/rss/minimized/unary-W/W-00193-2.poscar,W-potential/fcc-restart/05-rss-round-1/rss/raw/unary-W/W-00193.poscar,19712e5b0c5d6d88c52876609bcc8a4b09a1ebba51651a25d9d4e1484b2a995d,19712e5b0c5d6d88c52876609bcc8a4b09a1ebba51651a25d9d4e1484b2a995d
40.0,,rss_mini,40.0,rss-n15-p400000bar,W-potential/fcc-restart/05-rss-round-1/rss-selection/source-frames/rss-n15-p400000bar.xyz,44,0.01231229868417808,,14.263430140084923,0.08016713661156041,0.08226712506050324,,False,False,,,,,False,15,400000.0,2,194,000585.poscar,unary-W/W-00194-2.poscar,/home/tuzhengyu/work/WTaTi/W-potential/fcc-restart/05-rss-round-1/rss/minimized/unary-W/W-00194-2.poscar,W-potential/fcc-restart/05-rss-round-1/rss/raw/unary-W/W-00194.poscar,7b549328393fd9bd4950e279e9e8b5c3d66b4e716364e8e011f82c6476243c29,7b549328393fd9bd4950e279e9e8b5c3d66b4e716364e8e011f82c6476243c29
40.0,,rss_mini,40.0,rss-n15-p400000bar,W-potential/fcc-restart/05-rss-round-1/rss-selection/source-frames/rss-n15-p400000bar.xyz,45,0.27349004240483243,,14.957943324110367,0.43815969073779226,0.2920314172409197,,False,False,,,,,False,15,400000.0,2,195,000588.poscar,unary-W/W-00195-2.poscar,/home/tuzhengyu/work/WTaTi/W-potential/fcc-restart/05-rss-round-1/rss/minimized/unary-W/W-00195-2.poscar,W-potential/fcc-restart/05-rss-round-1/rss/raw/unary-W/W-00195.poscar,47bf4ca56e011d6a8c3c257a589b8704c4e2e4371f7ee0bc20c71aa8bdf57d77,47bf4ca56e011d6a8c3c257a589b8704c4e2e4371f7ee0bc20c71aa8bdf57d77
40.0,,rss_mini,40.0,rss-n15-p400000bar,W-potential/fcc-restart/05-rss-round-1/rss-selection/source-frames/rss-n15-p400000bar.xyz,46,0.1809548437356333,,14.923502287459199,0.31724904186568736,0.43580881892727646,,False,False,,,,,False,15,400000.0,2,196,000591.poscar,unary-W/W-00196-2.poscar,/home/tuzhengyu/work/WTaTi/W-potential/fcc-restart/05-rss-round-1/rss/minimized/unary-W/W-00196-2.poscar,W-potential/fcc-restart/05-rss-round-1/rss/raw/unary-W/W-00196.poscar,12368d19f0bd09fac141af496da0109c2fa29b875cc91a507c1059dd44289f94,12368d19f0bd09fac141af496da0109c2fa29b875cc91a507c1059dd44289f94
40.0,,rss_mini,40.0,rss-n15-p400000bar,W-potential/fcc-restart/05-rss-round-1/rss-selection/source-frames/rss-n15-p400000bar.xyz,47,0.3227793180249906,,15.008700563889166,0.526432981863841,0.3220582734495966,,False,False,,,,,False,15,400000.0,2,197,000594.poscar,unary-W/W-00197-2.poscar,/home/tuzhengyu/work/WTaTi/W-potential/fcc-restart/05-rss-round-1/rss/minimized/unary-W/W-00197-2.poscar,W-potential/fcc-restart/05-rss-round-1/rss/raw/unary-W/W-00197.poscar,9b8ff8638861aaea87d39bd8e393628b14a748e072ac3de6781797e4d93e76cf,9b8ff8638861aaea87d39bd8e393628b14a748e072ac3de6781797e4d93e76cf
40.0,,rss_mini,40.0,rss-n15-p400000bar,W-potential/fcc-restart/05-rss-round-1/rss-selection/source-frames/rss-n15-p400000bar.xyz,48,0.002104573044233867,,14.257513769816125,0.009729613990985939,0.009996455435973294,,False,False,,,,,False,15,400000.0,2,198,000597.poscar,unary-W/W-00198-2.poscar,/home/tuzhengyu/work/WTaTi/W-potential/fcc-restart/05-rss-round-1/rss/minimized/unary-W/W-00198-2.poscar,W-potential/fcc-restart/05-rss-round-1/rss/raw/unary-W/W-00198.poscar,cb9c9b0cdb4b192313ae1f7165a627b25eba8903387f1df6434dcae104327957,cb9c9b0cdb4b192313ae1f7165a627b25eba8903387f1df6434dcae104327957
40.0,,rss_mini,40.0,rss-n15-p400000bar,W-potential/fcc-restart/05-rss-round-1/rss-selection/source-frames/rss-n15-p400000bar.xyz,49,0.035756865603327664,,14.25230727115356,0.2339423949180435,0.23442516388148413,,False,False,,,,,False,15,400000.0,2,199,000600.poscar,unary-W/W-00199-2.poscar,/home/tuzhengyu/work/WTaTi/W-potential/fcc-restart/05-rss-round-1/rss/minimized/unary-W/W-00199-2.poscar,W-potential/fcc-restart/05-rss-round-1/rss/raw/unary-W/W-00199.poscar,5cccf6140c23f646036bb6500691ce7bc743686832666d6391ade71526b14b5b,5cccf6140c23f646036bb6500691ce7bc743686832666d6391ade71526b14b5b
0.0,,rss_mini,0.0,rss-n18-p0bar,W-potential/fcc-restart/05-rss-round-1/rss-selection/source-frames/rss-n18-p0bar.xyz,0,0.08441330204070481,,15.865286923075097,0.4097833624281406,0.4038983160080532,,False,False,,,,,False,18,0.0,0,200,000601.poscar,unary-W/W-00200-0.poscar,/home/tuzhengyu/work/WTaTi/W-potential/fcc-restart/05-rss-round-1/rss/minimized/unary-W/W-00200-0.poscar,W-potential/fcc-restart/05-rss-round-1/rss/raw/unary-W/W-00200.poscar,583021729d6f96a89d1af1c785a4dba65eaf38dd10ccfc63fc0dcd11120fa8e7,583021729d6f96a89d1af1c785a4dba65eaf38dd10ccfc63fc0dcd11120fa8e7
0.0,,rss_mini,0.0,rss-n18-p0bar,W-potential/fcc-restart/05-rss-round-1/rss-selection/source-frames/rss-n18-p0bar.xyz,1,0.1873626599435013,,17.547503813468815,0.6546839108540264,0.6324453957421692,,False,False,,,,,False,18,0.0,0,201,000604.poscar,unary-W/W-00201-0.poscar,/home/tuzhengyu/work/WTaTi/W-potential/fcc-restart/05-rss-round-1/rss/minimized/unary-W/W-00201-0.poscar,W-potential/fcc-restart/05-rss-round-1/rss/raw/unary-W/W-00201.poscar,51c5caa79d4b9c83bb10c11cfb858b2c4f9ce81307ecdc979a0070d1337ca591,51c5caa79d4b9c83bb10c11cfb858b2c4f9ce81307ecdc979a0070d1337ca591
0.0,,rss_mini,0.0,rss-n18-p0bar,W-potential/fcc-restart/05-rss-round-1/rss-selection/source-frames/rss-n18-p0bar.xyz,2,0.14552989322736634,,16.21650419029847,0.10196561276898325,0.11266378505747951,,False,False,,,,,False,18,0.0,0,202,000607.poscar,unary-W/W-00202-0.poscar,/home/tuzhengyu/work/WTaTi/W-potential/fcc-restart/05-rss-round-1/rss/minimized/unary-W/W-00202-0.poscar,W-potential/fcc-restart/05-rss-round-1/rss/raw/unary-W/W-00202.poscar,a66f5c02be8e84ed7ce1d07ca5cbedce843135a42fcd24158e2d3ebae785a66d,a66f5c02be8e84ed7ce1d07ca5cbedce843135a42fcd24158e2d3ebae785a66d
0.0,,rss_mini,0.0,rss-n18-p0bar,W-potential/fcc-restart/05-rss-round-1/rss-selection/source-frames/rss-n18-p0bar.xyz,3,0.13157982112930094,,16.26339565523914,0.17375287069603143,0.16321404057508945,,False,False,,,,,False,18,0.0,0,203,000610.poscar,unary-W/W-00203-0.poscar,/home/tuzhengyu/work/WTaTi/W-potential/fcc-restart/05-rss-round-1/rss/minimized/unary-W/W-00203-0.poscar,W-potential/fcc-restart/05-rss-round-1/rss/raw/unary-W/W-00203.poscar,07ccd0f7c106eae0ec596ac3b70bee2bbd8fa234ac8213f39bc69915203a17dd,07ccd0f7c106eae0ec596ac3b70bee2bbd8fa234ac8213f39bc69915203a17dd
0.0,,rss_mini,0.0,rss-n18-p0bar,W-potential/fcc-restart/05-rss-round-1/rss-selection/source-frames/rss-n18-p0bar.xyz,4,0.014002173863870596,,15.833863621172664,0.057944464967286544,0.05429797245281635,,False,False,,,,,False,18,0.0,0,204,000613.poscar,unary-W/W-00204-0.poscar,/home/tuzhengyu/work/WTaTi/W-potential/fcc-restart/05-rss-round-1/rss/minimized/unary-W/W-00204-0.poscar,W-potential/fcc-restart/05-rss-round-1/rss/raw/unary-W/W-00204.poscar,fcd9790da4a970ade730a09db869c81933a32d995c6e465a535f9be004475211,fcd9790da4a970ade730a09db869c81933a32d995c6e465a535f9be004475211
0.0,,rss_mini,0.0,rss-n18-p0bar,W-potential/fcc-restart/05-rss-round-1/rss-selection/source-frames/rss-n18-p0bar.xyz,5,0.1543094342369685,,16.980513224779415,0.1776334822965171,0.2543127945044242,,False,False,,,,,False,18,0.0,0,205,000616.poscar,unary-W/W-00205-0.poscar,/home/tuzhengyu/work/WTaTi/W-potential/fcc-restart/05-rss-round-1/rss/minimized/unary-W/W-00205-0.poscar,W-potential/fcc-restart/05-rss-round-1/rss/raw/unary-W/W-00205.poscar,43b8d89c9183d4d9be62f4a1b56bc232dcf07557caa466342805b357af9a356a,43b8d89c9183d4d9be62f4a1b56bc232dcf07557caa466342805b357af9a356a
0.0,,rss_mini,0.0,rss-n18-p0bar,W-potential/fcc-restart/05-rss-round-1/rss-selection/source-frames/rss-n18-p0bar.xyz,6,0.1967160255968189,,17.206248716382497,0.23687737132290437,0.3458539675929191,,False,False,,,,,False,18,0.0,0,206,000619.poscar,unary-W/W-00206-0.poscar,/home/tuzhengyu/work/WTaTi/W-potential/fcc-restart/05-rss-round-1/rss/minimized/unary-W/W-00206-0.poscar,W-potential/fcc-restart/05-rss-round-1/rss/raw/unary-W/W-00206.poscar,2ea45aeec71d19113b1c5dc9a2b48cdbd9d6d46f47cab5b2993d08bc9c2ba9cc,2ea45aeec71d19113b1c5dc9a2b48cdbd9d6d46f47cab5b2993d08bc9c2ba9cc
0.0,,rss_mini,0.0,rss-n18-p0bar,W-potential/fcc-restart/05-rss-round-1/rss-selection/source-frames/rss-n18-p0bar.xyz,7,0.021019576926366815,,16.062900989975528,0.06410175746574225,0.06967434255971315,,False,False,,,,,False,18,0.0,0,207,000622.poscar,unary-W/W-00207-0.poscar,/home/tuzhengyu/work/WTaTi/W-potential/fcc-restart/05-rss-round-1/rss/minimized/unary-W/W-00207-0.poscar,W-potential/fcc-restart/05-rss-round-1/rss/raw/unary-W/W-00207.poscar,9b3f1e507e151f3c182314a2384ddf11fe4b7e7d8d1e11f033f2b1ada385542a,9b3f1e507e151f3c182314a2384ddf11fe4b7e7d8d1e11f033f2b1ada385542a
0.0,,rss_mini,0.0,rss-n18-p0bar,W-potential/fcc-restart/05-rss-round-1/rss-selection/source-frames/rss-n18-p0bar.xyz,8,0.17934716091110567,,17.182469077075787,0.37492151165130777,0.4248384011282717,,False,False,,,,,False,18,0.0,0,208,000625.poscar,unary-W/W-00208-0.poscar,/home/tuzhengyu/work/WTaTi/W-potential/fcc-restart/05-rss-round-1/rss/minimized/unary-W/W-00208-0.poscar,W-potential/fcc-restart/05-rss-round-1/rss/raw/unary-W/W-00208.poscar,cf37886be2c82322051ac11554aa7f41deca80b0d6ced6d0054545557b5650be,cf37886be2c82322051ac11554aa7f41deca80b0d6ced6d0054545557b5650be
0.0,,rss_mini,0.0,rss-n18-p0bar,W-potential/fcc-restart/05-rss-round-1/rss-selection/source-frames/rss-n18-p0bar.xyz,9,0.18740095751389138,,16.66598517125934,0.32110330172885876,0.44834281591949715,,False,False,,,,,False,18,0.0,0,209,000628.poscar,unary-W/W-00209-0.poscar,/home/tuzhengyu/work/WTaTi/W-potential/fcc-restart/05-rss-round-1/rss/minimized/unary-W/W-00209-0.poscar,W-potential/fcc-restart/05-rss-round-1/rss/raw/unary-W/W-00209.poscar,3044fd612ef26d24d50e7041e5ba280af69e9286067c4c394042db5fd80ba04d,3044fd612ef26d24d50e7041e5ba280af69e9286067c4c394042db5fd80ba04d
0.0,,rss_mini,0.0,rss-n18-p0bar,W-potential/fcc-restart/05-rss-round-1/rss-selection/source-frames/rss-n18-p0bar.xyz,10,0.17577145133534536,,16.40084759006082,0.2580284721150067,0.24263518417075258,,False,False,,,,,False,18,0.0,0,210,000631.poscar,unary-W/W-00210-0.poscar,/home/tuzhengyu/work/WTaTi/W-potential/fcc-restart/05-rss-round-1/rss/minimized/unary-W/W-00210-0.poscar,W-potential/fcc-restart/05-rss-round-1/rss/raw/unary-W/W-00210.poscar,f3d8c0dc74e39e53dc9821326cef9887e8ec13e9e55cf120d5523742886a1695,f3d8c0dc74e39e53dc9821326cef9887e8ec13e9e55cf120d5523742886a1695
0.0,,rss_mini,0.0,rss-n18-p0bar,W-potential/fcc-restart/05-rss-round-1/rss-selection/source-frames/rss-n18-p0bar.xyz,11,0.15043801168919663,,17.08660921913848,0.2178426745774698,0.36934350468500626,,False,False,,,,,False,18,0.0,0,211,000634.poscar,unary-W/W-00211-0.poscar,/home/tuzhengyu/work/WTaTi/W-potential/fcc-restart/05-rss-round-1/rss/minimized/unary-W/W-00211-0.poscar,W-potential/fcc-restart/05-rss-round-1/rss/raw/unary-W/W-00211.poscar,12314f13d004b477cc967a005a0970a1c87565aa870dc5acfffcc935c4396183,12314f13d004b477cc967a005a0970a1c87565aa870dc5acfffcc935c4396183
0.0,,rss_mini,0.0,rss-n18-p0bar,W-potential/fcc-restart/05-rss-round-1/rss-selection/source-frames/rss-n18-p0bar.xyz,12,0.1169364319129235,,17.42022438563366,0.1891133283284539,0.29389399914538183,,False,False,,,,,False,18,0.0,0,212,000637.poscar,unary-W/W-00212-0.poscar,/home/tuzhengyu/work/WTaTi/W-potential/fcc-restart/05-rss-round-1/rss/minimized/unary-W/W-00212-0.poscar,W-potential/fcc-restart/05-rss-round-1/rss/raw/unary-W/W-00212.poscar,203c2d6a1ebc4acc6dac0440f9190204f1e7e6ddfab2abdce4ab23c31afd94cd,203c2d6a1ebc4acc6dac0440f9190204f1e7e6ddfab2abdce4ab23c31afd94cd
0.0,,rss_mini,0.0,rss-n18-p0bar,W-potential/fcc-restart/05-rss-round-1/rss-selection/source-frames/rss-n18-p0bar.xyz,13,0.02440981109956246,,15.938530275829313,0.10363968798180463,0.1031327571838817,,False,False,,,,,False,18,0.0,0,213,000640.poscar,unary-W/W-00213-0.poscar,/home/tuzhengyu/work/WTaTi/W-potential/fcc-restart/05-rss-round-1/rss/minimized/unary-W/W-00213-0.poscar,W-potential/fcc-restart/05-rss-round-1/rss/raw/unary-W/W-00213.poscar,36b5a1710a4f22aa97bf9a168529652d75d28d68e71f5fa1510bbc0da843925d,36b5a1710a4f22aa97bf9a168529652d75d28d68e71f5fa1510bbc0da843925d
0.0,,rss_mini,0.0,rss-n18-p0bar,W-potential/fcc-restart/05-rss-round-1/rss-selection/source-frames/rss-n18-p0bar.xyz,14,0.14401800468182657,,16.77065006820534,0.24607713509395399,0.2641127996922064,,False,False,,,,,False,18,0.0,0,214,000643.poscar,unary-W/W-00214-0.poscar,/home/tuzhengyu/work/WTaTi/W-potential/fcc-restart/05-rss-round-1/rss/minimized/unary-W/W-00214-0.poscar,W-potential/fcc-restart/05-rss-round-1/rss/raw/unary-W/W-00214.poscar,ff21fc9be513be7b590c50cb5c61314e83fe1268c6de81939bb2762daba7f0e7,ff21fc9be513be7b590c50cb5c61314e83fe1268c6de81939bb2762daba7f0e7
0.0,,rss_mini,0.0,rss-n18-p0bar,W-potential/fcc-restart/05-rss-round-1/rss-selection/source-frames/rss-n18-p0bar.xyz,15,0.18680345803464513,,16.647594344594857,1.0643007123530788,0.957217225403958,,False,False,,,,,False,18,0.0,0,215,000646.poscar,unary-W/W-00215-0.poscar,/home/tuzhengyu/work/WTaTi/W-potential/fcc-restart/05-rss-round-1/rss/minimized/unary-W/W-00215-0.poscar,W-potential/fcc-restart/05-rss-round-1/rss/raw/unary-W/W-00215.poscar,2d6204f39d9e032d7ec0ea465296dac30a527d7c38f851e177d3484fe9c307fb,2d6204f39d9e032d7ec0ea465296dac30a527d7c38f851e177d3484fe9c307fb
0.0,,rss_mini,0.0,rss-n18-p0bar,W-potential/fcc-restart/05-rss-round-1/rss-selection/source-frames/rss-n18-p0bar.xyz,16,0.02156044841740947,,15.825031809334904,0.06184197497174656,0.05927647007749606,,False,False,,,,,False,18,0.0,0,216,000649.poscar,unary-W/W-00216-0.poscar,/home/tuzhengyu/work/WTaTi/W-potential/fcc-restart/05-rss-round-1/rss/minimized/unary-W/W-00216-0.poscar,W-potential/fcc-restart/05-rss-round-1/rss/raw/unary-W/W-00216.poscar,bcbdfc64ac31bd7551601f6df57b2e8d640cefe5196a65df1639e8517adfdaba,bcbdfc64ac31bd7551601f6df57b2e8d640cefe5196a65df1639e8517adfdaba
0.0,,rss_mini,0.0,rss-n18-p0bar,W-potential/fcc-restart/05-rss-round-1/rss-selection/source-frames/rss-n18-p0bar.xyz,17,0.01982438454308677,,16.023536558130633,0.07740991660003965,0.07337747787761259,,False,False,,,,,False,18,0.0,0,217,000652.poscar,unary-W/W-00217-0.poscar,/home/tuzhengyu/work/WTaTi/W-potential/fcc-restart/05-rss-round-1/rss/minimized/unary-W/W-00217-0.poscar,W-potential/fcc-restart/05-rss-round-1/rss/raw/unary-W/W-00217.poscar,e46165b2bf3e5248af0b1dad3ac2ca3cefbf838b40febb5c1c218e34b6da1f1d,e46165b2bf3e5248af0b1dad3ac2ca3cefbf838b40febb5c1c218e34b6da1f1d
0.0,,rss_mini,0.0,rss-n18-p0bar,W-potential/fcc-restart/05-rss-round-1/rss-selection/source-frames/rss-n18-p0bar.xyz,18,0.2265285929934143,,17.23747073625692,0.23952464442644542,0.28003182589474596,,False,False,,,,,False,18,0.0,0,218,000655.poscar,unary-W/W-00218-0.poscar,/home/tuzhengyu/work/WTaTi/W-potential/fcc-restart/05-rss-round-1/rss/minimized/unary-W/W-00218-0.poscar,W-potential/fcc-restart/05-rss-round-1/rss/raw/unary-W/W-00218.poscar,5c1d7e6c8f73fccc4ea681230a2c9eb1ed9ed862ca58ca51ad0b9aa8d739420c,5c1d7e6c8f73fccc4ea681230a2c9eb1ed9ed862ca58ca51ad0b9aa8d739420c
0.0,,rss_mini,0.0,rss-n18-p0bar,W-potential/fcc-restart/05-rss-round-1/rss-selection/source-frames/rss-n18-p0bar.xyz,19,0.21823862546544187,,16.92343134331502,0.3364158024924724,0.4018452976346706,,False,False,,,,,False,18,0.0,0,219,000658.poscar,unary-W/W-00219-0.poscar,/home/tuzhengyu/work/WTaTi/W-potential/fcc-restart/05-rss-round-1/rss/minimized/unary-W/W-00219-0.poscar,W-potential/fcc-restart/05-rss-round-1/rss/raw/unary-W/W-00219.poscar,818c80cea7e31c155ca196daa721e91780b3c8793f40b950093ba4c73f7120a0,818c80cea7e31c155ca196daa721e91780b3c8793f40b950093ba4c73f7120a0
0.0,,rss_mini,0.0,rss-n18-p0bar,W-potential/fcc-restart/05-rss-round-1/rss-selection/source-frames/rss-n18-p0bar.xyz,20,0.13767517283116654,,16.899117709865678,0.3223968554679894,0.3025817454841554,,False,False,,,,,False,18,0.0,0,220,000661.poscar,unary-W/W-00220-0.poscar,/home/tuzhengyu/work/WTaTi/W-potential/fcc-restart/05-rss-round-1/rss/minimized/unary-W/W-00220-0.poscar,W-potential/fcc-restart/05-rss-round-1/rss/raw/unary-W/W-00220.poscar,544cd88313494f57948570567e5f6592d905ab644ac7a27b022b2e008d1a14d6,544cd88313494f57948570567e5f6592d905ab644ac7a27b022b2e008d1a14d6
0.0,,rss_mini,0.0,rss-n18-p0bar,W-potential/fcc-restart/05-rss-round-1/rss-selection/source-frames/rss-n18-p0bar.xyz,21,0.156344173014913,,16.223194795931406,0.5647528848157625,0.584333237251669,,False,False,,,,,False,18,0.0,0,221,000664.poscar,unary-W/W-00221-0.poscar,/home/tuzhengyu/work/WTaTi/W-potential/fcc-restart/05-rss-round-1/rss/minimized/unary-W/W-00221-0.poscar,W-potential/fcc-restart/05-rss-round-1/rss/raw/unary-W/W-00221.poscar,c2359e724ac0e6541261e8771770481921a73658c6f8ce6114cc9359215b8162,c2359e724ac0e6541261e8771770481921a73658c6f8ce6114cc9359215b8162
0.0,,rss_mini,0.0,rss-n18-p0bar,W-potential/fcc-restart/05-rss-round-1/rss-selection/source-frames/rss-n18-p0bar.xyz,22,0.16619784714116181,,16.281620059963657,0.1839891615651512,0.15754945564556644,,False,False,,,,,False,18,0.0,0,222,000667.poscar,unary-W/W-00222-0.poscar,/home/tuzhengyu/work/WTaTi/W-potential/fcc-restart/05-rss-round-1/rss/minimized/unary-W/W-00222-0.poscar,W-potential/fcc-restart/05-rss-round-1/rss/raw/unary-W/W-00222.poscar,daeae06faac241cef260b47a0e848fb493a226734443efe221e8c33fcf190d5e,daeae06faac241cef260b47a0e848fb493a226734443efe221e8c33fcf190d5e
0.0,,rss_mini,0.0,rss-n18-p0bar,W-potential/fcc-restart/05-rss-round-1/rss-selection/source-frames/rss-n18-p0bar.xyz,23,0.13156881366748335,,16.82161377630676,0.21357485303955726,0.2836629307747701,,False,False,,,,,False,18,0.0,0,223,000670.poscar,unary-W/W-00223-0.poscar,/home/tuzhengyu/work/WTaTi/W-potential/fcc-restart/05-rss-round-1/rss/minimized/unary-W/W-00223-0.poscar,W-potential/fcc-restart/05-rss-round-1/rss/raw/unary-W/W-00223.poscar,4d8e278af8bb194478db59caf80e35dcb283749b5908137fedf46ca378272d66,4d8e278af8bb194478db59caf80e35dcb283749b5908137fedf46ca378272d66
0.0,,rss_mini,0.0,rss-n18-p0bar,W-potential/fcc-restart/05-rss-round-1/rss-selection/source-frames/rss-n18-p0bar.xyz,24,0.21253658907235368,,16.85071526959486,0.3389565667505486,0.42010841712258634,,False,False,,,,,False,18,0.0,0,224,000673.poscar,unary-W/W-00224-0.poscar,/home/tuzhengyu/work/WTaTi/W-potential/fcc-restart/05-rss-round-1/rss/minimized/unary-W/W-00224-0.poscar,W-potential/fcc-restart/05-rss-round-1/rss/raw/unary-W/W-00224.poscar,05cb6c5897f6eb47a0f48d1f48f4f4b645a3a341e2a49fc8bca22eaa3c8125f3,05cb6c5897f6eb47a0f48d1f48f4f4b645a3a341e2a49fc8bca22eaa3c8125f3
0.0,,rss_mini,0.0,rss-n18-p0bar,W-potential/fcc-restart/05-rss-round-1/rss-selection/source-frames/rss-n18-p0bar.xyz,25,0.10417043921090184,,16.43802033584553,0.49385069985266855,0.5911577997682197,,False,False,,,,,False,18,0.0,0,225,000676.poscar,unary-W/W-00225-0.poscar,/home/tuzhengyu/work/WTaTi/W-potential/fcc-restart/05-rss-round-1/rss/minimized/unary-W/W-00225-0.poscar,W-potential/fcc-restart/05-rss-round-1/rss/raw/unary-W/W-00225.poscar,c0102af9ea149479f5d3e6634a29a20803ba49ccf4ced672a8e39f187eea8114,c0102af9ea149479f5d3e6634a29a20803ba49ccf4ced672a8e39f187eea8114
0.0,,rss_mini,0.0,rss-n18-p0bar,W-potential/fcc-restart/05-rss-round-1/rss-selection/source-frames/rss-n18-p0bar.xyz,26,0.15303465673419925,,17.182483501822045,0.4004590661358817,0.36081476452526856,,False,False,,,,,False,18,0.0,0,226,000679.poscar,unary-W/W-00226-0.poscar,/home/tuzhengyu/work/WTaTi/W-potential/fcc-restart/05-rss-round-1/rss/minimized/unary-W/W-00226-0.poscar,W-potential/fcc-restart/05-rss-round-1/rss/raw/unary-W/W-00226.poscar,1f6d591964514e5fa393d0ceec5f6ba568f39ea913a11444b7ae4f4c15204d53,1f6d591964514e5fa393d0ceec5f6ba568f39ea913a11444b7ae4f4c15204d53
0.0,,rss_mini,0.0,rss-n18-p0bar,W-potential/fcc-restart/05-rss-round-1/rss-selection/source-frames/rss-n18-p0bar.xyz,27,0.18718196445905164,,17.50602705422217,0.19003547897027043,0.2969216478534101,,False,False,,,,,False,18,0.0,0,227,000682.poscar,unary-W/W-00227-0.poscar,/home/tuzhengyu/work/WTaTi/W-potential/fcc-restart/05-rss-round-1/rss/minimized/unary-W/W-00227-0.poscar,W-potential/fcc-restart/05-rss-round-1/rss/raw/unary-W/W-00227.poscar,620ef7d89d01580f77c0105da90f272611bd21603891d4d7db388cc9d121031a,620ef7d89d01580f77c0105da90f272611bd21603891d4d7db388cc9d121031a
0.0,,rss_mini,0.0,rss-n18-p0bar,W-potential/fcc-restart/05-rss-round-1/rss-selection/source-frames/rss-n18-p0bar.xyz,28,0.2616978144330099,,16.501546638038057,0.7625764951849543,0.9115102377219221,,False,False,,,,,False,18,0.0,0,228,000685.poscar,unary-W/W-00228-0.poscar,/home/tuzhengyu/work/WTaTi/W-potential/fcc-restart/05-rss-round-1/rss/minimized/unary-W/W-00228-0.poscar,W-potential/fcc-restart/05-rss-round-1/rss/raw/unary-W/W-00228.poscar,a3da00a38df77b6217ce29edfd707129ac4af429a7253012e6f2eb3569cea79f,a3da00a38df77b6217ce29edfd707129ac4af429a7253012e6f2eb3569cea79f
0.0,,rss_mini,0.0,rss-n18-p0bar,W-potential/fcc-restart/05-rss-round-1/rss-selection/source-frames/rss-n18-p0bar.xyz,29,0.1899332853340153,,16.944054768017384,0.36785640036221273,0.4494661722049371,,False,False,,,,,False,18,0.0,0,229,000688.poscar,unary-W/W-00229-0.poscar,/home/tuzhengyu/work/WTaTi/W-potential/fcc-restart/05-rss-round-1/rss/minimized/unary-W/W-00229-0.poscar,W-potential/fcc-restart/05-rss-round-1/rss/raw/unary-W/W-00229.poscar,af7325e962219dc4a93d2e6873aad0f207bc3616c014816bac6f946441a3b415,af7325e962219dc4a93d2e6873aad0f207bc3616c014816bac6f946441a3b415
0.0,,rss_mini,0.0,rss-n18-p0bar,W-potential/fcc-restart/05-rss-round-1/rss-selection/source-frames/rss-n18-p0bar.xyz,30,0.41592609449230444,,17.627708083425357,0.373462032560212,0.4785821403434409,,False,False,,,,,False,18,0.0,0,230,000691.poscar,unary-W/W-00230-0.poscar,/home/tuzhengyu/work/WTaTi/W-potential/fcc-restart/05-rss-round-1/rss/minimized/unary-W/W-00230-0.poscar,W-potential/fcc-restart/05-rss-round-1/rss/raw/unary-W/W-00230.poscar,17f5bbb3cca6f358431470943ccf2ccda9f56ec4ef7fc5dfea11683d11710271,17f5bbb3cca6f358431470943ccf2ccda9f56ec4ef7fc5dfea11683d11710271
0.0,,rss_mini,0.0,rss-n18-p0bar,W-potential/fcc-restart/05-rss-round-1/rss-selection/source-frames/rss-n18-p0bar.xyz,31,0.12126871173993996,,17.19174586583952,0.20823853219994476,0.24814729476844807,,False,False,,,,,False,18,0.0,0,231,000694.poscar,unary-W/W-00231-0.poscar,/home/tuzhengyu/work/WTaTi/W-potential/fcc-restart/05-rss-round-1/rss/minimized/unary-W/W-00231-0.poscar,W-potential/fcc-restart/05-rss-round-1/rss/raw/unary-W/W-00231.poscar,506f17f71105a70202cd418de58e3d7fcb734eaa347470fd9eb5a9bd18689182,506f17f71105a70202cd418de58e3d7fcb734eaa347470fd9eb5a9bd18689182
0.0,,rss_mini,0.0,rss-n18-p0bar,W-potential/fcc-restart/05-rss-round-1/rss-selection/source-frames/rss-n18-p0bar.xyz,32,0.1770651482130369,,17.228005101334837,0.6948993260300159,0.6559528489876918,,False,False,,,,,False,18,0.0,0,232,000697.poscar,unary-W/W-00232-0.poscar,/home/tuzhengyu/work/WTaTi/W-potential/fcc-restart/05-rss-round-1/rss/minimized/unary-W/W-00232-0.poscar,W-potential/fcc-restart/05-rss-round-1/rss/raw/unary-W/W-00232.poscar,e107100ea43a5093374dd28916ec2962ac5630eae309581d3045b5f87cdcac07,e107100ea43a5093374dd28916ec2962ac5630eae309581d3045b5f87cdcac07
0.0,,rss_mini,0.0,rss-n18-p0bar,W-potential/fcc-restart/05-rss-round-1/rss-selection/source-frames/rss-n18-p0bar.xyz,33,0.1329895806472475,,16.24648649644973,0.03241697667122646,0.11742595086991742,,False,False,,,,,False,18,0.0,0,233,000700.poscar,unary-W/W-00233-0.poscar,/home/tuzhengyu/work/WTaTi/W-potential/fcc-restart/05-rss-round-1/rss/minimized/unary-W/W-00233-0.poscar,W-potential/fcc-restart/05-rss-round-1/rss/raw/unary-W/W-00233.poscar,fe4827147c11e8416b126e1ca6ff059b70febbd896d3017e2f58f5e65388c6cf,fe4827147c11e8416b126e1ca6ff059b70febbd896d3017e2f58f5e65388c6cf
0.0,,rss_mini,0.0,rss-n18-p0bar,W-potential/fcc-restart/05-rss-round-1/rss-selection/source-frames/rss-n18-p0bar.xyz,34,0.0060496329901796484,,15.963049562033104,0.036327245936079465,0.035068020233825374,,False,False,,,,,False,18,0.0,0,234,000703.poscar,unary-W/W-00234-0.poscar,/home/tuzhengyu/work/WTaTi/W-potential/fcc-restart/05-rss-round-1/rss/minimized/unary-W/W-00234-0.poscar,W-potential/fcc-restart/05-rss-round-1/rss/raw/unary-W/W-00234.poscar,4a18afd3cee63309cf87463f2ddbb0be85bab3b76ef808d15ec1a4a4d0745239,4a18afd3cee63309cf87463f2ddbb0be85bab3b76ef808d15ec1a4a4d0745239
0.0,,rss_mini,0.0,rss-n18-p0bar,W-potential/fcc-restart/05-rss-round-1/rss-selection/source-frames/rss-n18-p0bar.xyz,35,0.13748851125361505,,16.112718802340055,0.07364730269971095,0.12226538383531362,,False,False,,,,,False,18,0.0,0,235,000706.poscar,unary-W/W-00235-0.poscar,/home/tuzhengyu/work/WTaTi/W-potential/fcc-restart/05-rss-round-1/rss/minimized/unary-W/W-00235-0.poscar,W-potential/fcc-restart/05-rss-round-1/rss/raw/unary-W/W-00235.poscar,e9057c74f26ca1892ef2ae7e08b73a3e9322533e98b4437f58d75cef7d447b49,e9057c74f26ca1892ef2ae7e08b73a3e9322533e98b4437f58d75cef7d447b49
0.0,,rss_mini,0.0,rss-n18-p0bar,W-potential/fcc-restart/05-rss-round-1/rss-selection/source-frames/rss-n18-p0bar.xyz,36,0.2659850469992424,,17.074620503329392,0.2694032845349929,0.8085934845108211,,False,False,,,,,False,18,0.0,0,236,000709.poscar,unary-W/W-00236-0.poscar,/home/tuzhengyu/work/WTaTi/W-potential/fcc-restart/05-rss-round-1/rss/minimized/unary-W/W-00236-0.poscar,W-potential/fcc-restart/05-rss-round-1/rss/raw/unary-W/W-00236.poscar,b2063667cf84c7ddfe9056e3409f7067aadf9c7e74a0a57e13a4e6d1207b6dd0,b2063667cf84c7ddfe9056e3409f7067aadf9c7e74a0a57e13a4e6d1207b6dd0
0.0,,rss_mini,0.0,rss-n18-p0bar,W-potential/fcc-restart/05-rss-round-1/rss-selection/source-frames/rss-n18-p0bar.xyz,37,0.02805828645587452,,15.811414515918589,0.13215914211506266,0.1303978342627384,,False,False,,,,,False,18,0.0,0,237,000712.poscar,unary-W/W-00237-0.poscar,/home/tuzhengyu/work/WTaTi/W-potential/fcc-restart/05-rss-round-1/rss/minimized/unary-W/W-00237-0.poscar,W-potential/fcc-restart/05-rss-round-1/rss/raw/unary-W/W-00237.poscar,5d25798951fda0247dcb47f8c828bd00ff645aa49af46344ad4a20c062a542a4,5d25798951fda0247dcb47f8c828bd00ff645aa49af46344ad4a20c062a542a4
0.0,,rss_mini,0.0,rss-n18-p0bar,W-potential/fcc-restart/05-rss-round-1/rss-selection/source-frames/rss-n18-p0bar.xyz,38,0.1277147217111657,,16.251349793487112,0.2517553459323599,0.3181267385215014,,False,False,,,,,False,18,0.0,0,238,000715.poscar,unary-W/W-00238-0.poscar,/home/tuzhengyu/work/WTaTi/W-potential/fcc-restart/05-rss-round-1/rss/minimized/unary-W/W-00238-0.poscar,W-potential/fcc-restart/05-rss-round-1/rss/raw/unary-W/W-00238.poscar,a49b2409f4f323d54aa38e56e1fe70a435606996719de5c01b109a84569a25b4,a49b2409f4f323d54aa38e56e1fe70a435606996719de5c01b109a84569a25b4
0.0,,rss_mini,0.0,rss-n18-p0bar,W-potential/fcc-restart/05-rss-round-1/rss-selection/source-frames/rss-n18-p0bar.xyz,39,0.16754999683029118,,17.516340448960637,0.1994714104355281,0.3103175813826045,,False,False,,,,,False,18,0.0,0,239,000718.poscar,unary-W/W-00239-0.poscar,/home/tuzhengyu/work/WTaTi/W-potential/fcc-restart/05-rss-round-1/rss/minimized/unary-W/W-00239-0.poscar,W-potential/fcc-restart/05-rss-round-1/rss/raw/unary-W/W-00239.poscar,70342e356b556af50826d34bb4882110ea4dd9664c27cae1ff7fd5826d303279,70342e356b556af50826d34bb4882110ea4dd9664c27cae1ff7fd5826d303279
0.0,,rss_mini,0.0,rss-n18-p0bar,W-potential/fcc-restart/05-rss-round-1/rss-selection/source-frames/rss-n18-p0bar.xyz,40,0.14109745987270267,,16.695726491171186,0.36875468247743787,0.4010728991303417,,False,False,,,,,False,18,0.0,0,240,000721.poscar,unary-W/W-00240-0.poscar,/home/tuzhengyu/work/WTaTi/W-potential/fcc-restart/05-rss-round-1/rss/minimized/unary-W/W-00240-0.poscar,W-potential/fcc-restart/05-rss-round-1/rss/raw/unary-W/W-00240.poscar,3a597af215dbd4371fc1fb17349edf97c437ae5b15e34c8f8e87231b2a80ce33,3a597af215dbd4371fc1fb17349edf97c437ae5b15e34c8f8e87231b2a80ce33
0.0,,rss_mini,0.0,rss-n18-p0bar,W-potential/fcc-restart/05-rss-round-1/rss-selection/source-frames/rss-n18-p0bar.xyz,41,0.34541520349039656,,17.490986694316472,0.23159626098577069,0.7520822461527389,,False,False,,,,,False,18,0.0,0,241,000724.poscar,unary-W/W-00241-0.poscar,/home/tuzhengyu/work/WTaTi/W-potential/fcc-restart/05-rss-round-1/rss/minimized/unary-W/W-00241-0.poscar,W-potential/fcc-restart/05-rss-round-1/rss/raw/unary-W/W-00241.poscar,869203b68e98a40a8802326f276e9df346d3a4fae46a2d85f024d569756b95fc,869203b68e98a40a8802326f276e9df346d3a4fae46a2d85f024d569756b95fc
0.0,,rss_mini,0.0,rss-n18-p0bar,W-potential/fcc-restart/05-rss-round-1/rss-selection/source-frames/rss-n18-p0bar.xyz,42,0.14713052914625022,,16.167396280920592,0.11325038993385118,0.13018365680983995,,False,False,,,,,False,18,0.0,0,242,000727.poscar,unary-W/W-00242-0.poscar,/home/tuzhengyu/work/WTaTi/W-potential/fcc-restart/05-rss-round-1/rss/minimized/unary-W/W-00242-0.poscar,W-potential/fcc-restart/05-rss-round-1/rss/raw/unary-W/W-00242.poscar,66fc66ba4c20837df516fff75d33f9b0819665b95a3fad4f0cd8f7e9f19fcf21,66fc66ba4c20837df516fff75d33f9b0819665b95a3fad4f0cd8f7e9f19fcf21
0.0,,rss_mini,0.0,rss-n18-p0bar,W-potential/fcc-restart/05-rss-round-1/rss-selection/source-frames/rss-n18-p0bar.xyz,43,0.11428420089902688,,17.152605799379508,0.5861464947819022,0.5593235040028274,,False,False,,,,,False,18,0.0,0,243,000730.poscar,unary-W/W-00243-0.poscar,/home/tuzhengyu/work/WTaTi/W-potential/fcc-restart/05-rss-round-1/rss/minimized/unary-W/W-00243-0.poscar,W-potential/fcc-restart/05-rss-round-1/rss/raw/unary-W/W-00243.poscar,5178949d23eb66b486eb07e07709d881a57cedac213d66bc6f509f027e5757cb,5178949d23eb66b486eb07e07709d881a57cedac213d66bc6f509f027e5757cb
0.0,,rss_mini,0.0,rss-n18-p0bar,W-potential/fcc-restart/05-rss-round-1/rss-selection/source-frames/rss-n18-p0bar.xyz,44,0.1547012358273769,,16.08492275029905,0.14995816796059797,0.17419292081452922,,False,False,,,,,False,18,0.0,0,244,000733.poscar,unary-W/W-00244-0.poscar,/home/tuzhengyu/work/WTaTi/W-potential/fcc-restart/05-rss-round-1/rss/minimized/unary-W/W-00244-0.poscar,W-potential/fcc-restart/05-rss-round-1/rss/raw/unary-W/W-00244.poscar,79c4008c31301a899a29b2f446159f8228c4f912ab3335ee9953ef81cfd462ee,79c4008c31301a899a29b2f446159f8228c4f912ab3335ee9953ef81cfd462ee
0.0,,rss_mini,0.0,rss-n18-p0bar,W-potential/fcc-restart/05-rss-round-1/rss-selection/source-frames/rss-n18-p0bar.xyz,45,0.1965053551834077,,16.281302725917868,0.7628999345755929,0.8362341602827933,,False,False,,,,,False,18,0.0,0,245,000736.poscar,unary-W/W-00245-0.poscar,/home/tuzhengyu/work/WTaTi/W-potential/fcc-restart/05-rss-round-1/rss/minimized/unary-W/W-00245-0.poscar,W-potential/fcc-restart/05-rss-round-1/rss/raw/unary-W/W-00245.poscar,67b807bce46e99935e8a276c673fab02999176bb24ae0fda78213aa109bf5428,67b807bce46e99935e8a276c673fab02999176bb24ae0fda78213aa109bf5428
0.0,,rss_mini,0.0,rss-n18-p0bar,W-potential/fcc-restart/05-rss-round-1/rss-selection/source-frames/rss-n18-p0bar.xyz,46,0.119383816225381,,16.43047254073345,0.44260403129661763,0.4537141394637341,,False,False,,,,,False,18,0.0,0,246,000739.poscar,unary-W/W-00246-0.poscar,/home/tuzhengyu/work/WTaTi/W-potential/fcc-restart/05-rss-round-1/rss/minimized/unary-W/W-00246-0.poscar,W-potential/fcc-restart/05-rss-round-1/rss/raw/unary-W/W-00246.poscar,7ed1bc9be6f874a4222d25522a0d14c3daedc90ef391b88c6cbab88bb883fe74,7ed1bc9be6f874a4222d25522a0d14c3daedc90ef391b88c6cbab88bb883fe74
0.0,,rss_mini,0.0,rss-n18-p0bar,W-potential/fcc-restart/05-rss-round-1/rss-selection/source-frames/rss-n18-p0bar.xyz,47,0.02046505187117275,,15.86306208436225,0.1039470955754166,0.10737580339259696,,False,False,,,,,False,18,0.0,0,247,000742.poscar,unary-W/W-00247-0.poscar,/home/tuzhengyu/work/WTaTi/W-potential/fcc-restart/05-rss-round-1/rss/minimized/unary-W/W-00247-0.poscar,W-potential/fcc-restart/05-rss-round-1/rss/raw/unary-W/W-00247.poscar,1248d75960bc6d2768c22cf14b9b6ea92dec3247db8e59081133aa6ddc489276,1248d75960bc6d2768c22cf14b9b6ea92dec3247db8e59081133aa6ddc489276
0.0,,rss_mini,0.0,rss-n18-p0bar,W-potential/fcc-restart/05-rss-round-1/rss-selection/source-frames/rss-n18-p0bar.xyz,48,0.012512762724219634,,15.87763635147983,0.05642395451518229,0.05847856262429439,,False,False,,,,,False,18,0.0,0,248,000745.poscar,unary-W/W-00248-0.poscar,/home/tuzhengyu/work/WTaTi/W-potential/fcc-restart/05-rss-round-1/rss/minimized/unary-W/W-00248-0.poscar,W-potential/fcc-restart/05-rss-round-1/rss/raw/unary-W/W-00248.poscar,4f50ae9dc78bf9b55fc33081e3bd7337c3e88d027b785bb14bacdf0eaa7d9995,4f50ae9dc78bf9b55fc33081e3bd7337c3e88d027b785bb14bacdf0eaa7d9995
0.0,,rss_mini,0.0,rss-n18-p0bar,W-potential/fcc-restart/05-rss-round-1/rss-selection/source-frames/rss-n18-p0bar.xyz,49,0.17443034486502368,,16.296315184378766,1.462229966097078,1.540362355135215,,False,False,,,,,False,18,0.0,0,249,000748.poscar,unary-W/W-00249-0.poscar,/home/tuzhengyu/work/WTaTi/W-potential/fcc-restart/05-rss-round-1/rss/minimized/unary-W/W-00249-0.poscar,W-potential/fcc-restart/05-rss-round-1/rss/raw/unary-W/W-00249.poscar,5a02324adf73ca5354e839799f60e866dc7fe9f8fd8442a59265456e5e856695,5a02324adf73ca5354e839799f60e866dc7fe9f8fd8442a59265456e5e856695
20.0,,rss_mini,20.0,rss-n18-p200000bar,W-potential/fcc-restart/05-rss-round-1/rss-selection/source-frames/rss-n18-p200000bar.xyz,0,0.037373493373555014,,14.967197448246313,0.21940630991447735,0.22164893324216697,,False,False,,,,,False,18,200000.0,1,200,000602.poscar,unary-W/W-00200-1.poscar,/home/tuzhengyu/work/WTaTi/W-potential/fcc-restart/05-rss-round-1/rss/minimized/unary-W/W-00200-1.poscar,W-potential/fcc-restart/05-rss-round-1/rss/raw/unary-W/W-00200.poscar,abdcbf105c4e3efab1f69f51df2d446548d28cb7c0442889557d293cb16c93a9,abdcbf105c4e3efab1f69f51df2d446548d28cb7c0442889557d293cb16c93a9
20.0,,rss_mini,20.0,rss-n18-p200000bar,W-potential/fcc-restart/05-rss-round-1/rss-selection/source-frames/rss-n18-p200000bar.xyz,1,0.19229785326657764,,16.18071616503133,1.057907884802867,0.9891179945248889,,False,False,,,,,False,18,200000.0,1,201,000605.poscar,unary-W/W-00201-1.poscar,/home/tuzhengyu/work/WTaTi/W-potential/fcc-restart/05-rss-round-1/rss/minimized/unary-W/W-00201-1.poscar,W-potential/fcc-restart/05-rss-round-1/rss/raw/unary-W/W-00201.poscar,41542971dbb8946621533c9711ed8798a54fb40300f39e814bff7268b71e2469,41542971dbb8946621533c9711ed8798a54fb40300f39e814bff7268b71e2469
20.0,,rss_mini,20.0,rss-n18-p200000bar,W-potential/fcc-restart/05-rss-round-1/rss-selection/source-frames/rss-n18-p200000bar.xyz,2,0.18634286461457125,,15.302988408273945,0.12049802851683399,0.20943187113054884,,False,False,,,,,False,18,200000.0,1,202,000608.poscar,unary-W/W-00202-1.poscar,/home/tuzhengyu/work/WTaTi/W-potential/fcc-restart/05-rss-round-1/rss/minimized/unary-W/W-00202-1.poscar,W-potential/fcc-restart/05-rss-round-1/rss/raw/unary-W/W-00202.poscar,775fdb023308c1120b27138386f8eeeeca640d3b157b3ae0a6a62e5de515564f,775fdb023308c1120b27138386f8eeeeca640d3b157b3ae0a6a62e5de515564f
20.0,,rss_mini,20.0,rss-n18-p200000bar,W-potential/fcc-restart/05-rss-round-1/rss-selection/source-frames/rss-n18-p200000bar.xyz,3,0.14423779310028423,,15.247093289081493,0.22512318534576273,0.2166917483546585,,False,False,,,,,False,18,200000.0,1,203,000611.poscar,unary-W/W-00203-1.poscar,/home/tuzhengyu/work/WTaTi/W-potential/fcc-restart/05-rss-round-1/rss/minimized/unary-W/W-00203-1.poscar,W-potential/fcc-restart/05-rss-round-1/rss/raw/unary-W/W-00203.poscar,79ac7e0b8b7c4670be85f6f493d24ded23bd2976eb415ee2126aeae39b469099,79ac7e0b8b7c4670be85f6f493d24ded23bd2976eb415ee2126aeae39b469099
20.0,,rss_mini,20.0,rss-n18-p200000bar,W-potential/fcc-restart/05-rss-round-1/rss-selection/source-frames/rss-n18-p200000bar.xyz,4,0.010408232224337021,,14.948237276187351,0.04908391585020485,0.04949706402052095,,False,False,,,,,False,18,200000.0,1,204,000614.poscar,unary-W/W-00204-1.poscar,/home/tuzhengyu/work/WTaTi/W-potential/fcc-restart/05-rss-round-1/rss/minimized/unary-W/W-00204-1.poscar,W-potential/fcc-restart/05-rss-round-1/rss/raw/unary-W/W-00204.poscar,fffd8d5a05b1e49655554e3ce465e5412cedcb3f758df377eb14c0bbc8e98f5b,fffd8d5a05b1e49655554e3ce465e5412cedcb3f758df377eb14c0bbc8e98f5b
20.0,,rss_mini,20.0,rss-n18-p200000bar,W-potential/fcc-restart/05-rss-round-1/rss-selection/source-frames/rss-n18-p200000bar.xyz,5,0.2475417764507991,,15.53944540164613,1.1517818805160007,1.105833700252522,,False,False,,,,,False,18,200000.0,1,205,000617.poscar,unary-W/W-00205-1.poscar,/home/tuzhengyu/work/WTaTi/W-potential/fcc-restart/05-rss-round-1/rss/minimized/unary-W/W-00205-1.poscar,W-potential/fcc-restart/05-rss-round-1/rss/raw/unary-W/W-00205.poscar,8f7a773cd6a4a3d7f578aa936ae7184dcf10bcb43be7caaef9457a89db6a3083,8f7a773cd6a4a3d7f578aa936ae7184dcf10bcb43be7caaef9457a89db6a3083
20.0,,rss_mini,20.0,rss-n18-p200000bar,W-potential/fcc-restart/05-rss-round-1/rss-selection/source-frames/rss-n18-p200000bar.xyz,6,0.2274517190449691,,16.16756162524322,0.4382870780928159,0.4611934190290038,,False,False,,,,,False,18,200000.0,1,206,000620.poscar,unary-W/W-00206-1.poscar,/home/tuzhengyu/work/WTaTi/W-potential/fcc-restart/05-rss-round-1/rss/minimized/unary-W/W-00206-1.poscar,W-potential/fcc-restart/05-rss-round-1/rss/raw/unary-W/W-00206.poscar,c7e665e2ade6dc89f1a4758fbe845b72527003f6a3919e8175f91b668a5500f6,c7e665e2ade6dc89f1a4758fbe845b72527003f6a3919e8175f91b668a5500f6
20.0,,rss_mini,20.0,rss-n18-p200000bar,W-potential/fcc-restart/05-rss-round-1/rss-selection/source-frames/rss-n18-p200000bar.xyz,7,0.04024348283141748,,15.15955616900425,0.16597240563424728,0.16144745201492994,,False,False,,,,,False,18,200000.0,1,207,000623.poscar,unary-W/W-00207-1.poscar,/home/tuzhengyu/work/WTaTi/W-potential/fcc-restart/05-rss-round-1/rss/minimized/unary-W/W-00207-1.poscar,W-potential/fcc-restart/05-rss-round-1/rss/raw/unary-W/W-00207.poscar,5af126a4e04e8c4ea2016bbc0702a594f934da596d0f2c73b978b56e6c689993,5af126a4e04e8c4ea2016bbc0702a594f934da596d0f2c73b978b56e6c689993
20.0,,rss_mini,20.0,rss-n18-p200000bar,W-potential/fcc-restart/05-rss-round-1/rss-selection/source-frames/rss-n18-p200000bar.xyz,8,0.2049051157781413,,15.869776399846858,0.8821463024085627,0.8053365064398887,,False,False,,,,,False,18,200000.0,1,208,000626.poscar,unary-W/W-00208-1.poscar,/home/tuzhengyu/work/WTaTi/W-potential/fcc-restart/05-rss-round-1/rss/minimized/unary-W/W-00208-1.poscar,W-potential/fcc-restart/05-rss-round-1/rss/raw/unary-W/W-00208.poscar,8c798cfb74a46938709a0ed46f0fc54cd72b3589a88e0e8584189f614c613093,8c798cfb74a46938709a0ed46f0fc54cd72b3589a88e0e8584189f614c613093
20.0,,rss_mini,20.0,rss-n18-p200000bar,W-potential/fcc-restart/05-rss-round-1/rss-selection/source-frames/rss-n18-p200000bar.xyz,9,0.202600624776657,,15.41574406927417,0.20998079305979628,0.3401944655092237,,False,False,,,,,False,18,200000.0,1,209,000629.poscar,unary-W/W-00209-1.poscar,/home/tuzhengyu/work/WTaTi/W-potential/fcc-restart/05-rss-round-1/rss/minimized/unary-W/W-00209-1.poscar,W-potential/fcc-restart/05-rss-round-1/rss/raw/unary-W/W-00209.poscar,f9a4f47441df454043069d714f9f1cc2355d290eb151f5b5470e3f54fd11f1d2,f9a4f47441df454043069d714f9f1cc2355d290eb151f5b5470e3f54fd11f1d2
20.0,,rss_mini,20.0,rss-n18-p200000bar,W-potential/fcc-restart/05-rss-round-1/rss-selection/source-frames/rss-n18-p200000bar.xyz,10,0.2291205264011148,,15.396550963454663,0.38749679114743835,0.3846160142937864,,False,False,,,,,False,18,200000.0,1,210,000632.poscar,unary-W/W-00210-1.poscar,/home/tuzhengyu/work/WTaTi/W-potential/fcc-restart/05-rss-round-1/rss/minimized/unary-W/W-00210-1.poscar,W-potential/fcc-restart/05-rss-round-1/rss/raw/unary-W/W-00210.poscar,1e3c1e231d49c8b6949f91bd5d494e8b3f2824316133a0154feef0e15f2c2abe,1e3c1e231d49c8b6949f91bd5d494e8b3f2824316133a0154feef0e15f2c2abe
20.0,,rss_mini,20.0,rss-n18-p200000bar,W-potential/fcc-restart/05-rss-round-1/rss-selection/source-frames/rss-n18-p200000bar.xyz,11,0.13701624239264718,,15.639373597991822,1.9046927716104367,1.8630537292986749,,False,False,,,,,False,18,200000.0,1,211,000635.poscar,unary-W/W-00211-1.poscar,/home/tuzhengyu/work/WTaTi/W-potential/fcc-restart/05-rss-round-1/rss/minimized/unary-W/W-00211-1.poscar,W-potential/fcc-restart/05-rss-round-1/rss/raw/unary-W/W-00211.poscar,0b025882a5ae0c1d007194981974f07d1a32894ebaac19aeeb4642041d4fa79f,0b025882a5ae0c1d007194981974f07d1a32894ebaac19aeeb4642041d4fa79f
20.0,,rss_mini,20.0,rss-n18-p200000bar,W-potential/fcc-restart/05-rss-round-1/rss-selection/source-frames/rss-n18-p200000bar.xyz,12,0.1838851325004977,,15.901689866385645,0.4940358114379761,0.4839300856601492,,False,False,,,,,False,18,200000.0,1,212,000638.poscar,unary-W/W-00212-1.poscar,/home/tuzhengyu/work/WTaTi/W-potential/fcc-restart/05-rss-round-1/rss/minimized/unary-W/W-00212-1.poscar,W-potential/fcc-restart/05-rss-round-1/rss/raw/unary-W/W-00212.poscar,66d9541cf19a7c0e78e768863c17023fd9730be2c09f5f13f7cf1db30bc8c176,66d9541cf19a7c0e78e768863c17023fd9730be2c09f5f13f7cf1db30bc8c176
20.0,,rss_mini,20.0,rss-n18-p200000bar,W-potential/fcc-restart/05-rss-round-1/rss-selection/source-frames/rss-n18-p200000bar.xyz,13,0.19023909222394156,,15.89316236601796,0.4326245643224629,0.3789299559363207,,False,False,,,,,False,18,200000.0,1,213,000641.poscar,unary-W/W-00213-1.poscar,/home/tuzhengyu/work/WTaTi/W-potential/fcc-restart/05-rss-round-1/rss/minimized/unary-W/W-00213-1.poscar,W-potential/fcc-restart/05-rss-round-1/rss/raw/unary-W/W-00213.poscar,ed5a7b7ff838860b3dd8aead7172dd9fa51310eab02466276ff3cf84f5cb8d8f,ed5a7b7ff838860b3dd8aead7172dd9fa51310eab02466276ff3cf84f5cb8d8f
20.0,,rss_mini,20.0,rss-n18-p200000bar,W-potential/fcc-restart/05-rss-round-1/rss-selection/source-frames/rss-n18-p200000bar.xyz,14,0.11928172460015639,,15.52411845051993,0.432466268120684,0.43969232367257816,,False,False,,,,,False,18,200000.0,1,214,000644.poscar,unary-W/W-00214-1.poscar,/home/tuzhengyu/work/WTaTi/W-potential/fcc-restart/05-rss-round-1/rss/minimized/unary-W/W-00214-1.poscar,W-potential/fcc-restart/05-rss-round-1/rss/raw/unary-W/W-00214.poscar,223f082b5d65eba5295a8c72ccb206d05697fec8e10d19fdd24bd6311b86c842,223f082b5d65eba5295a8c72ccb206d05697fec8e10d19fdd24bd6311b86c842
20.0,,rss_mini,20.0,rss-n18-p200000bar,W-potential/fcc-restart/05-rss-round-1/rss-selection/source-frames/rss-n18-p200000bar.xyz,15,0.16717147863365892,,15.306850218447465,0.22376768658580198,0.2532320901594566,,False,False,,,,,False,18,200000.0,1,215,000647.poscar,unary-W/W-00215-1.poscar,/home/tuzhengyu/work/WTaTi/W-potential/fcc-restart/05-rss-round-1/rss/minimized/unary-W/W-00215-1.poscar,W-potential/fcc-restart/05-rss-round-1/rss/raw/unary-W/W-00215.poscar,33439a6b374315a70d49fdf8ea1dd321ec19408880cffb83b0c612f7790fc79e,33439a6b374315a70d49fdf8ea1dd321ec19408880cffb83b0c612f7790fc79e
20.0,,rss_mini,20.0,rss-n18-p200000bar,W-potential/fcc-restart/05-rss-round-1/rss-selection/source-frames/rss-n18-p200000bar.xyz,16,0.03479164403021123,,14.94339735647681,0.11079324674364655,0.11596452970626736,,False,False,,,,,False,18,200000.0,1,216,000650.poscar,unary-W/W-00216-1.poscar,/home/tuzhengyu/work/WTaTi/W-potential/fcc-restart/05-rss-round-1/rss/minimized/unary-W/W-00216-1.poscar,W-potential/fcc-restart/05-rss-round-1/rss/raw/unary-W/W-00216.poscar,b542c45e6a73289ea75f4aa736fe9d498e6e7814db439009a568285355abb1cb,b542c45e6a73289ea75f4aa736fe9d498e6e7814db439009a568285355abb1cb
20.0,,rss_mini,20.0,rss-n18-p200000bar,W-potential/fcc-restart/05-rss-round-1/rss-selection/source-frames/rss-n18-p200000bar.xyz,17,0.02946281485054253,,15.077608306966884,0.10940318599218168,0.11237210052702742,,False,False,,,,,False,18,200000.0,1,217,000653.poscar,unary-W/W-00217-1.poscar,/home/tuzhengyu/work/WTaTi/W-potential/fcc-restart/05-rss-round-1/rss/minimized/unary-W/W-00217-1.poscar,W-potential/fcc-restart/05-rss-round-1/rss/raw/unary-W/W-00217.poscar,c8b67087c7d57234fc5df6f075d2c935fc35a43110ff76e89c346cbf7e40bef8,c8b67087c7d57234fc5df6f075d2c935fc35a43110ff76e89c346cbf7e40bef8
20.0,,rss_mini,20.0,rss-n18-p200000bar,W-potential/fcc-restart/05-rss-round-1/rss-selection/source-frames/rss-n18-p200000bar.xyz,18,0.20927690114273861,,15.454895561981695,0.9875912436316467,1.06243100192714,,False,False,,,,,False,18,200000.0,1,218,000656.poscar,unary-W/W-00218-1.poscar,/home/tuzhengyu/work/WTaTi/W-potential/fcc-restart/05-rss-round-1/rss/minimized/unary-W/W-00218-1.poscar,W-potential/fcc-restart/05-rss-round-1/rss/raw/unary-W/W-00218.poscar,0975b398821bbd3ac82e1db074c6326cfed7288309acdd1e0cf70d1b84960d53,0975b398821bbd3ac82e1db074c6326cfed7288309acdd1e0cf70d1b84960d53
20.0,,rss_mini,20.0,rss-n18-p200000bar,W-potential/fcc-restart/05-rss-round-1/rss-selection/source-frames/rss-n18-p200000bar.xyz,19,0.1881384045185971,,15.115950838009402,1.259134357628669,1.3381862846353554,,False,False,,,,,False,18,200000.0,1,219,000659.poscar,unary-W/W-00219-1.poscar,/home/tuzhengyu/work/WTaTi/W-potential/fcc-restart/05-rss-round-1/rss/minimized/unary-W/W-00219-1.poscar,W-potential/fcc-restart/05-rss-round-1/rss/raw/unary-W/W-00219.poscar,4c0a33d7cc366ca8606c53db2afa1fa3ea36da476f477da5013dce8dd9ac8c3f,4c0a33d7cc366ca8606c53db2afa1fa3ea36da476f477da5013dce8dd9ac8c3f
20.0,,rss_mini,20.0,rss-n18-p200000bar,W-potential/fcc-restart/05-rss-round-1/rss-selection/source-frames/rss-n18-p200000bar.xyz,20,0.16087167871110006,,15.180973549655997,0.20155070460988025,0.2113654016113703,,False,False,,,,,False,18,200000.0,1,220,000662.poscar,unary-W/W-00220-1.poscar,/home/tuzhengyu/work/WTaTi/W-potential/fcc-restart/05-rss-round-1/rss/minimized/unary-W/W-00220-1.poscar,W-potential/fcc-restart/05-rss-round-1/rss/raw/unary-W/W-00220.poscar,a522d3e30c7505e3114e30d15e874ff3d8795dbe872967cdcc7f7f9e21611559,a522d3e30c7505e3114e30d15e874ff3d8795dbe872967cdcc7f7f9e21611559
20.0,,rss_mini,20.0,rss-n18-p200000bar,W-potential/fcc-restart/05-rss-round-1/rss-selection/source-frames/rss-n18-p200000bar.xyz,21,0.1656276974365791,,15.174586368688011,1.0006226114139347,1.0374317896731344,,False,False,,,,,False,18,200000.0,1,221,000665.poscar,unary-W/W-00221-1.poscar,/home/tuzhengyu/work/WTaTi/W-potential/fcc-restart/05-rss-round-1/rss/minimized/unary-W/W-00221-1.poscar,W-potential/fcc-restart/05-rss-round-1/rss/raw/unary-W/W-00221.poscar,c75ecb51037df9c4d3a45b16454d36a969489f8b84f45ce7d4dcf408cbc1b594,c75ecb51037df9c4d3a45b16454d36a969489f8b84f45ce7d4dcf408cbc1b594
20.0,,rss_mini,20.0,rss-n18-p200000bar,W-potential/fcc-restart/05-rss-round-1/rss-selection/source-frames/rss-n18-p200000bar.xyz,22,0.0693964855911952,,15.145758860130163,0.31323943992210823,0.33028423497138315,,False,False,,,,,False,18,200000.0,1,222,000668.poscar,unary-W/W-00222-1.poscar,/home/tuzhengyu/work/WTaTi/W-potential/fcc-restart/05-rss-round-1/rss/minimized/unary-W/W-00222-1.poscar,W-potential/fcc-restart/05-rss-round-1/rss/raw/unary-W/W-00222.poscar,d62ec681e5224d0d4335c0bf9ffcc88e2cd30782e5370fe9b0321568357fc2a1,d62ec681e5224d0d4335c0bf9ffcc88e2cd30782e5370fe9b0321568357fc2a1
20.0,,rss_mini,20.0,rss-n18-p200000bar,W-potential/fcc-restart/05-rss-round-1/rss-selection/source-frames/rss-n18-p200000bar.xyz,23,0.1429798938469576,,15.748599400277161,0.19115688407685713,0.2753385893894098,,False,False,,,,,False,18,200000.0,1,223,000671.poscar,unary-W/W-00223-1.poscar,/home/tuzhengyu/work/WTaTi/W-potential/fcc-restart/05-rss-round-1/rss/minimized/unary-W/W-00223-1.poscar,W-potential/fcc-restart/05-rss-round-1/rss/raw/unary-W/W-00223.poscar,2f86df601a0cce837f0e976d0f7944799c1a94964f79cee9bfb6202adc905235,2f86df601a0cce837f0e976d0f7944799c1a94964f79cee9bfb6202adc905235
20.0,,rss_mini,20.0,rss-n18-p200000bar,W-potential/fcc-restart/05-rss-round-1/rss-selection/source-frames/rss-n18-p200000bar.xyz,24,0.20946769848005486,,15.872400270479895,0.2487587622987534,0.3069438899474338,,False,False,,,,,False,18,200000.0,1,224,000674.poscar,unary-W/W-00224-1.poscar,/home/tuzhengyu/work/WTaTi/W-potential/fcc-restart/05-rss-round-1/rss/minimized/unary-W/W-00224-1.poscar,W-potential/fcc-restart/05-rss-round-1/rss/raw/unary-W/W-00224.poscar,5adafd004cfe94f7ceb6375f92caf113b7ca63a3d9a8ce31ce2831ecf1cb85d2,5adafd004cfe94f7ceb6375f92caf113b7ca63a3d9a8ce31ce2831ecf1cb85d2
20.0,,rss_mini,20.0,rss-n18-p200000bar,W-potential/fcc-restart/05-rss-round-1/rss-selection/source-frames/rss-n18-p200000bar.xyz,25,0.17236940496406844,,15.262572431403223,1.7533031323139492,1.7858207614948949,,False,False,,,,,False,18,200000.0,1,225,000677.poscar,unary-W/W-00225-1.poscar,/home/tuzhengyu/work/WTaTi/W-potential/fcc-restart/05-rss-round-1/rss/minimized/unary-W/W-00225-1.poscar,W-potential/fcc-restart/05-rss-round-1/rss/raw/unary-W/W-00225.poscar,12e03eeccac9b7dd3cc0d2b5b551a58fda515e67dbdded04a9091d3a7d56f18e,12e03eeccac9b7dd3cc0d2b5b551a58fda515e67dbdded04a9091d3a7d56f18e
20.0,,rss_mini,20.0,rss-n18-p200000bar,W-potential/fcc-restart/05-rss-round-1/rss-selection/source-frames/rss-n18-p200000bar.xyz,26,0.17788105788685402,,15.724637994597733,0.5227032899502556,0.548022021562693,,False,False,,,,,False,18,200000.0,1,226,000680.poscar,unary-W/W-00226-1.poscar,/home/tuzhengyu/work/WTaTi/W-potential/fcc-restart/05-rss-round-1/rss/minimized/unary-W/W-00226-1.poscar,W-potential/fcc-restart/05-rss-round-1/rss/raw/unary-W/W-00226.poscar,c0ca172bfb4778d17b64529d63e4a499be7402726f222a72c3022d48545d0db0,c0ca172bfb4778d17b64529d63e4a499be7402726f222a72c3022d48545d0db0
20.0,,rss_mini,20.0,rss-n18-p200000bar,W-potential/fcc-restart/05-rss-round-1/rss-selection/source-frames/rss-n18-p200000bar.xyz,27,0.14848396589684204,,15.220607158753403,0.37615222400226594,0.39654016602993786,,False,False,,,,,False,18,200000.0,1,227,000683.poscar,unary-W/W-00227-1.poscar,/home/tuzhengyu/work/WTaTi/W-potential/fcc-restart/05-rss-round-1/rss/minimized/unary-W/W-00227-1.poscar,W-potential/fcc-restart/05-rss-round-1/rss/raw/unary-W/W-00227.poscar,7438cd38ae994f977217f2631136baa0b18128c0016a0eef9bb7b79899df8037,7438cd38ae994f977217f2631136baa0b18128c0016a0eef9bb7b79899df8037
20.0,,rss_mini,20.0,rss-n18-p200000bar,W-potential/fcc-restart/05-rss-round-1/rss-selection/source-frames/rss-n18-p200000bar.xyz,28,0.2186931923763445,,15.377768785484964,0.6974644960029219,0.5330193305175356,,False,False,,,,,False,18,200000.0,1,228,000686.poscar,unary-W/W-00228-1.poscar,/home/tuzhengyu/work/WTaTi/W-potential/fcc-restart/05-rss-round-1/rss/minimized/unary-W/W-00228-1.poscar,W-potential/fcc-restart/05-rss-round-1/rss/raw/unary-W/W-00228.poscar,b068d2cd8006c5cbde8667c41dd1f639f7eabe3e9199ca6fc545b484a03c14c7,b068d2cd8006c5cbde8667c41dd1f639f7eabe3e9199ca6fc545b484a03c14c7
20.0,,rss_mini,20.0,rss-n18-p200000bar,W-potential/fcc-restart/05-rss-round-1/rss-selection/source-frames/rss-n18-p200000bar.xyz,29,0.27971559876583657,,15.803770706947871,0.5906411910254076,0.8844290630981109,,False,False,,,,,False,18,200000.0,1,229,000689.poscar,unary-W/W-00229-1.poscar,/home/tuzhengyu/work/WTaTi/W-potential/fcc-restart/05-rss-round-1/rss/minimized/unary-W/W-00229-1.poscar,W-potential/fcc-restart/05-rss-round-1/rss/raw/unary-W/W-00229.poscar,63049d22139d93c74d119a9f54a54cf509eac66dbe0e3971d8954984b386551d,63049d22139d93c74d119a9f54a54cf509eac66dbe0e3971d8954984b386551d
20.0,,rss_mini,20.0,rss-n18-p200000bar,W-potential/fcc-restart/05-rss-round-1/rss-selection/source-frames/rss-n18-p200000bar.xyz,30,0.2380968808888612,,15.973320044144224,0.6696551915829462,0.6842393538440781,,False,False,,,,,False,18,200000.0,1,230,000692.poscar,unary-W/W-00230-1.poscar,/home/tuzhengyu/work/WTaTi/W-potential/fcc-restart/05-rss-round-1/rss/minimized/unary-W/W-00230-1.poscar,W-potential/fcc-restart/05-rss-round-1/rss/raw/unary-W/W-00230.poscar,cb13805c4294f52d58a1d4b2578c84dd50c4fbb7df8d5c7ff3445183d3bc4eb2,cb13805c4294f52d58a1d4b2578c84dd50c4fbb7df8d5c7ff3445183d3bc4eb2
20.0,,rss_mini,20.0,rss-n18-p200000bar,W-potential/fcc-restart/05-rss-round-1/rss-selection/source-frames/rss-n18-p200000bar.xyz,31,0.25019320907384307,,15.091097203986363,2.0194664381149643,2.0794016244447673,,False,False,,,,,False,18,200000.0,1,231,000695.poscar,unary-W/W-00231-1.poscar,/home/tuzhengyu/work/WTaTi/W-potential/fcc-restart/05-rss-round-1/rss/minimized/unary-W/W-00231-1.poscar,W-potential/fcc-restart/05-rss-round-1/rss/raw/unary-W/W-00231.poscar,558444c0090a758011d48b847674d9a3aae96d78efc39038df88a9f94da23c3d,558444c0090a758011d48b847674d9a3aae96d78efc39038df88a9f94da23c3d
20.0,,rss_mini,20.0,rss-n18-p200000bar,W-potential/fcc-restart/05-rss-round-1/rss-selection/source-frames/rss-n18-p200000bar.xyz,32,0.18970853918622144,,15.978267045526657,0.35249990367239203,0.4013004968756967,,False,False,,,,,False,18,200000.0,1,232,000698.poscar,unary-W/W-00232-1.poscar,/home/tuzhengyu/work/WTaTi/W-potential/fcc-restart/05-rss-round-1/rss/minimized/unary-W/W-00232-1.poscar,W-potential/fcc-restart/05-rss-round-1/rss/raw/unary-W/W-00232.poscar,cbebc05eaee6553e52e8d3ac2861bd59f909672e996a91f1aba998af35de408a,cbebc05eaee6553e52e8d3ac2861bd59f909672e996a91f1aba998af35de408a
20.0,,rss_mini,20.0,rss-n18-p200000bar,W-potential/fcc-restart/05-rss-round-1/rss-selection/source-frames/rss-n18-p200000bar.xyz,33,0.157002684441247,,15.308620812082943,0.11601820566807097,0.15426754323083014,,False,False,,,,,False,18,200000.0,1,233,000701.poscar,unary-W/W-00233-1.poscar,/home/tuzhengyu/work/WTaTi/W-potential/fcc-restart/05-rss-round-1/rss/minimized/unary-W/W-00233-1.poscar,W-potential/fcc-restart/05-rss-round-1/rss/raw/unary-W/W-00233.poscar,5e08121b7e13f5903d5abac4c6a8ef1f8f1b19d3ffb206f93011dccc7b06e263,5e08121b7e13f5903d5abac4c6a8ef1f8f1b19d3ffb206f93011dccc7b06e263
20.0,,rss_mini,20.0,rss-n18-p200000bar,W-potential/fcc-restart/05-rss-round-1/rss-selection/source-frames/rss-n18-p200000bar.xyz,34,0.01017077265372659,,14.957360390434966,0.07735284835888107,0.07819304163445114,,False,False,,,,,False,18,200000.0,1,234,000704.poscar,unary-W/W-00234-1.poscar,/home/tuzhengyu/work/WTaTi/W-potential/fcc-restart/05-rss-round-1/rss/minimized/unary-W/W-00234-1.poscar,W-potential/fcc-restart/05-rss-round-1/rss/raw/unary-W/W-00234.poscar,4ba41f1c627b03fefeeec7481ed2f6da1246a458d48aabdfc9f019c795e92b00,4ba41f1c627b03fefeeec7481ed2f6da1246a458d48aabdfc9f019c795e92b00
20.0,,rss_mini,20.0,rss-n18-p200000bar,W-potential/fcc-restart/05-rss-round-1/rss-selection/source-frames/rss-n18-p200000bar.xyz,35,0.15524226557997076,,15.17716649823354,0.07367786839578944,0.12569393084119623,,False,False,,,,,False,18,200000.0,1,235,000707.poscar,unary-W/W-00235-1.poscar,/home/tuzhengyu/work/WTaTi/W-potential/fcc-restart/05-rss-round-1/rss/minimized/unary-W/W-00235-1.poscar,W-potential/fcc-restart/05-rss-round-1/rss/raw/unary-W/W-00235.poscar,28b7d17e75e145fb7d0171c5b096f4466da5dc236b76fe9717104b500ddbccb4,28b7d17e75e145fb7d0171c5b096f4466da5dc236b76fe9717104b500ddbccb4
20.0,,rss_mini,20.0,rss-n18-p200000bar,W-potential/fcc-restart/05-rss-round-1/rss-selection/source-frames/rss-n18-p200000bar.xyz,36,0.3069068984511304,,15.975178465544104,0.43855053375992864,0.5128515615668853,,False,False,,,,,False,18,200000.0,1,236,000710.poscar,unary-W/W-00236-1.poscar,/home/tuzhengyu/work/WTaTi/W-potential/fcc-restart/05-rss-round-1/rss/minimized/unary-W/W-00236-1.poscar,W-potential/fcc-restart/05-rss-round-1/rss/raw/unary-W/W-00236.poscar,a45a969d5cb8a1032d236dc7d0154f2f6c2e4007aedb79b31aa8a323675f6574,a45a969d5cb8a1032d236dc7d0154f2f6c2e4007aedb79b31aa8a323675f6574
20.0,,rss_mini,20.0,rss-n18-p200000bar,W-potential/fcc-restart/05-rss-round-1/rss-selection/source-frames/rss-n18-p200000bar.xyz,37,0.019685355725040068,,14.942184251005582,0.1264415325575948,0.1215344808464308,,False,False,,,,,False,18,200000.0,1,237,000713.poscar,unary-W/W-00237-1.poscar,/home/tuzhengyu/work/WTaTi/W-potential/fcc-restart/05-rss-round-1/rss/minimized/unary-W/W-00237-1.poscar,W-potential/fcc-restart/05-rss-round-1/rss/raw/unary-W/W-00237.poscar,71416fe0338ba8d097e259e0d3e844d212d108e0ad507473325ac66d8b6fbace,71416fe0338ba8d097e259e0d3e844d212d108e0ad507473325ac66d8b6fbace
20.0,,rss_mini,20.0,rss-n18-p200000bar,W-potential/fcc-restart/05-rss-round-1/rss-selection/source-frames/rss-n18-p200000bar.xyz,38,0.19928018121163787,,15.321943683312538,0.1133908488712052,0.19645714297626538,,False,False,,,,,False,18,200000.0,1,238,000716.poscar,unary-W/W-00238-1.poscar,/home/tuzhengyu/work/WTaTi/W-potential/fcc-restart/05-rss-round-1/rss/minimized/unary-W/W-00238-1.poscar,W-potential/fcc-restart/05-rss-round-1/rss/raw/unary-W/W-00238.poscar,af8814ca6bf3dae0765ee4fa3ccf14028a980c67eef2453837bbc7dd22b9be49,af8814ca6bf3dae0765ee4fa3ccf14028a980c67eef2453837bbc7dd22b9be49
20.0,,rss_mini,20.0,rss-n18-p200000bar,W-potential/fcc-restart/05-rss-round-1/rss-selection/source-frames/rss-n18-p200000bar.xyz,39,0.01615714590375234,,14.982509354532974,0.09029556152328021,0.08713822708882948,,False,False,,,,,False,18,200000.0,1,239,000719.poscar,unary-W/W-00239-1.poscar,/home/tuzhengyu/work/WTaTi/W-potential/fcc-restart/05-rss-round-1/rss/minimized/unary-W/W-00239-1.poscar,W-potential/fcc-restart/05-rss-round-1/rss/raw/unary-W/W-00239.poscar,b9e37c150cc03507896cdadcd6f1da5b888ffab1fc8b569373bb7cafb5d11f7d,b9e37c150cc03507896cdadcd6f1da5b888ffab1fc8b569373bb7cafb5d11f7d
20.0,,rss_mini,20.0,rss-n18-p200000bar,W-potential/fcc-restart/05-rss-round-1/rss-selection/source-frames/rss-n18-p200000bar.xyz,40,0.16023465797399614,,15.209629063931338,1.7412280581377055,1.8268106096581245,,False,False,,,,,False,18,200000.0,1,240,000722.poscar,unary-W/W-00240-1.poscar,/home/tuzhengyu/work/WTaTi/W-potential/fcc-restart/05-rss-round-1/rss/minimized/unary-W/W-00240-1.poscar,W-potential/fcc-restart/05-rss-round-1/rss/raw/unary-W/W-00240.poscar,4c5a5e2b68871b4ca17c51cee61d1db7dc6859be4d114b9c7269488d1a160be1,4c5a5e2b68871b4ca17c51cee61d1db7dc6859be4d114b9c7269488d1a160be1
20.0,,rss_mini,20.0,rss-n18-p200000bar,W-potential/fcc-restart/05-rss-round-1/rss-selection/source-frames/rss-n18-p200000bar.xyz,41,0.2981592305067706,,16.286684520527064,0.5246425945005961,0.4888385522092513,,False,False,,,,,False,18,200000.0,1,241,000725.poscar,unary-W/W-00241-1.poscar,/home/tuzhengyu/work/WTaTi/W-potential/fcc-restart/05-rss-round-1/rss/minimized/unary-W/W-00241-1.poscar,W-potential/fcc-restart/05-rss-round-1/rss/raw/unary-W/W-00241.poscar,92b03bf36545ed6a4ffd58c9f6986336d08b7fea7d75cefa20af8532ccd01a00,92b03bf36545ed6a4ffd58c9f6986336d08b7fea7d75cefa20af8532ccd01a00
20.0,,rss_mini,20.0,rss-n18-p200000bar,W-potential/fcc-restart/05-rss-round-1/rss-selection/source-frames/rss-n18-p200000bar.xyz,42,0.17418377133508273,,15.213144414679846,0.09920468322155376,0.18121095330036327,,False,False,,,,,False,18,200000.0,1,242,000728.poscar,unary-W/W-00242-1.poscar,/home/tuzhengyu/work/WTaTi/W-potential/fcc-restart/05-rss-round-1/rss/minimized/unary-W/W-00242-1.poscar,W-potential/fcc-restart/05-rss-round-1/rss/raw/unary-W/W-00242.poscar,38735fb81b4978b60b03043379c644ce829e720fb123732b6b52c5e25bcb5ff5,38735fb81b4978b60b03043379c644ce829e720fb123732b6b52c5e25bcb5ff5
20.0,,rss_mini,20.0,rss-n18-p200000bar,W-potential/fcc-restart/05-rss-round-1/rss-selection/source-frames/rss-n18-p200000bar.xyz,43,0.052483073110118496,,14.910564471106277,0.2327367085816694,0.24496559701263038,,False,False,,,,,False,18,200000.0,1,243,000731.poscar,unary-W/W-00243-1.poscar,/home/tuzhengyu/work/WTaTi/W-potential/fcc-restart/05-rss-round-1/rss/minimized/unary-W/W-00243-1.poscar,W-potential/fcc-restart/05-rss-round-1/rss/raw/unary-W/W-00243.poscar,d40f1375090cf02f3ff8d2ca4694db52ed953880ef502242f95d38c9d3f9ee7c,d40f1375090cf02f3ff8d2ca4694db52ed953880ef502242f95d38c9d3f9ee7c
20.0,,rss_mini,20.0,rss-n18-p200000bar,W-potential/fcc-restart/05-rss-round-1/rss-selection/source-frames/rss-n18-p200000bar.xyz,44,0.016225155619048432,,14.951840191832835,0.09818869085989343,0.10005348655556846,,False,False,,,,,False,18,200000.0,1,244,000734.poscar,unary-W/W-00244-1.poscar,/home/tuzhengyu/work/WTaTi/W-potential/fcc-restart/05-rss-round-1/rss/minimized/unary-W/W-00244-1.poscar,W-potential/fcc-restart/05-rss-round-1/rss/raw/unary-W/W-00244.poscar,2f49223367166b38484bb2d0ff38cce09994a2a6c7088bd1f92812292655bf32,2f49223367166b38484bb2d0ff38cce09994a2a6c7088bd1f92812292655bf32
20.0,,rss_mini,20.0,rss-n18-p200000bar,W-potential/fcc-restart/05-rss-round-1/rss-selection/source-frames/rss-n18-p200000bar.xyz,45,0.210250344047105,,15.311685759582762,0.5589981908164383,0.535230908113888,,False,False,,,,,False,18,200000.0,1,245,000737.poscar,unary-W/W-00245-1.poscar,/home/tuzhengyu/work/WTaTi/W-potential/fcc-restart/05-rss-round-1/rss/minimized/unary-W/W-00245-1.poscar,W-potential/fcc-restart/05-rss-round-1/rss/raw/unary-W/W-00245.poscar,e57eba4b7b1c8756fd63768865e88571925a0348f2a5de727a6050a8c1509121,e57eba4b7b1c8756fd63768865e88571925a0348f2a5de727a6050a8c1509121
20.0,,rss_mini,20.0,rss-n18-p200000bar,W-potential/fcc-restart/05-rss-round-1/rss-selection/source-frames/rss-n18-p200000bar.xyz,46,0.030011967406510368,,14.98108749596543,0.19172566607655717,0.19153623015479523,,False,False,,,,,False,18,200000.0,1,246,000740.poscar,unary-W/W-00246-1.poscar,/home/tuzhengyu/work/WTaTi/W-potential/fcc-restart/05-rss-round-1/rss/minimized/unary-W/W-00246-1.poscar,W-potential/fcc-restart/05-rss-round-1/rss/raw/unary-W/W-00246.poscar,ec6250ba1f79344b582e7780f68de7b1f8b6a0fe7a27a95cb8501afcbd94f9e9,ec6250ba1f79344b582e7780f68de7b1f8b6a0fe7a27a95cb8501afcbd94f9e9
20.0,,rss_mini,20.0,rss-n18-p200000bar,W-potential/fcc-restart/05-rss-round-1/rss-selection/source-frames/rss-n18-p200000bar.xyz,47,0.1482580438805442,,15.146389653695334,0.7531399673327085,0.8272515384904228,,False,False,,,,,False,18,200000.0,1,247,000743.poscar,unary-W/W-00247-1.poscar,/home/tuzhengyu/work/WTaTi/W-potential/fcc-restart/05-rss-round-1/rss/minimized/unary-W/W-00247-1.poscar,W-potential/fcc-restart/05-rss-round-1/rss/raw/unary-W/W-00247.poscar,ed7bc28e9980d1ba3bf9a94f71f7d058ceaa03e864dfca11a285aa00a2243489,ed7bc28e9980d1ba3bf9a94f71f7d058ceaa03e864dfca11a285aa00a2243489
20.0,,rss_mini,20.0,rss-n18-p200000bar,W-potential/fcc-restart/05-rss-round-1/rss-selection/source-frames/rss-n18-p200000bar.xyz,48,0.009543798284132068,,14.994867999900546,0.04357837412683518,0.04733021505641637,,False,False,,,,,False,18,200000.0,1,248,000746.poscar,unary-W/W-00248-1.poscar,/home/tuzhengyu/work/WTaTi/W-potential/fcc-restart/05-rss-round-1/rss/minimized/unary-W/W-00248-1.poscar,W-potential/fcc-restart/05-rss-round-1/rss/raw/unary-W/W-00248.poscar,ea277e4d3eb6d59e93d159955eb7ba3481fb738de38989cc1d0218187188eaf5,ea277e4d3eb6d59e93d159955eb7ba3481fb738de38989cc1d0218187188eaf5
20.0,,rss_mini,20.0,rss-n18-p200000bar,W-potential/fcc-restart/05-rss-round-1/rss-selection/source-frames/rss-n18-p200000bar.xyz,49,0.2348398824057844,,15.592158040505032,0.4320501121957959,0.44734281270592763,,False,False,,,,,False,18,200000.0,1,249,000749.poscar,unary-W/W-00249-1.poscar,/home/tuzhengyu/work/WTaTi/W-potential/fcc-restart/05-rss-round-1/rss/minimized/unary-W/W-00249-1.poscar,W-potential/fcc-restart/05-rss-round-1/rss/raw/unary-W/W-00249.poscar,b90f16e2076e87c55295ea64ec8b581d4e28310a25456a69467e93595883be9d,b90f16e2076e87c55295ea64ec8b581d4e28310a25456a69467e93595883be9d
40.0,,rss_mini,40.0,rss-n18-p400000bar,W-potential/fcc-restart/05-rss-round-1/rss-selection/source-frames/rss-n18-p400000bar.xyz,0,0.057659717413513875,,14.276657535084183,0.3405764307948712,0.35814868309081593,,False,False,,,,,False,18,400000.0,2,200,000603.poscar,unary-W/W-00200-2.poscar,/home/tuzhengyu/work/WTaTi/W-potential/fcc-restart/05-rss-round-1/rss/minimized/unary-W/W-00200-2.poscar,W-potential/fcc-restart/05-rss-round-1/rss/raw/unary-W/W-00200.poscar,039fc499a3adf819a1583ac7df8c5bd4848edadab3e4207509003042278377b9,039fc499a3adf819a1583ac7df8c5bd4848edadab3e4207509003042278377b9
40.0,,rss_mini,40.0,rss-n18-p400000bar,W-potential/fcc-restart/05-rss-round-1/rss-selection/source-frames/rss-n18-p400000bar.xyz,1,0.2058993331202921,,14.994620352729157,1.0191292332532271,1.109014094724976,,False,False,,,,,False,18,400000.0,2,201,000606.poscar,unary-W/W-00201-2.poscar,/home/tuzhengyu/work/WTaTi/W-potential/fcc-restart/05-rss-round-1/rss/minimized/unary-W/W-00201-2.poscar,W-potential/fcc-restart/05-rss-round-1/rss/raw/unary-W/W-00201.poscar,09ec8c4169d5a2d70502d7dd3e98f652bb1ec3871a6d631f6874e3d444e97856,09ec8c4169d5a2d70502d7dd3e98f652bb1ec3871a6d631f6874e3d444e97856
40.0,,rss_mini,40.0,rss-n18-p400000bar,W-potential/fcc-restart/05-rss-round-1/rss-selection/source-frames/rss-n18-p400000bar.xyz,2,0.22685714645754385,,14.578719840385572,0.20100682862848743,0.25164992960707194,,False,False,,,,,False,18,400000.0,2,202,000609.poscar,unary-W/W-00202-2.poscar,/home/tuzhengyu/work/WTaTi/W-potential/fcc-restart/05-rss-round-1/rss/minimized/unary-W/W-00202-2.poscar,W-potential/fcc-restart/05-rss-round-1/rss/raw/unary-W/W-00202.poscar,0e584f5c839d04dc3127e4275293fce10f0466bf6916ecabfca4842f75099278,0e584f5c839d04dc3127e4275293fce10f0466bf6916ecabfca4842f75099278
40.0,,rss_mini,40.0,rss-n18-p400000bar,W-potential/fcc-restart/05-rss-round-1/rss-selection/source-frames/rss-n18-p400000bar.xyz,3,0.1569492775609853,,14.48773556138626,0.1563298663701249,0.19337660455390382,,False,False,,,,,False,18,400000.0,2,203,000612.poscar,unary-W/W-00203-2.poscar,/home/tuzhengyu/work/WTaTi/W-potential/fcc-restart/05-rss-round-1/rss/minimized/unary-W/W-00203-2.poscar,W-potential/fcc-restart/05-rss-round-1/rss/raw/unary-W/W-00203.poscar,af928987cab7b38c81b1d5e5320e06dc7039b356e1e1ef3919b9865aa05abecc,af928987cab7b38c81b1d5e5320e06dc7039b356e1e1ef3919b9865aa05abecc
40.0,,rss_mini,40.0,rss-n18-p400000bar,W-potential/fcc-restart/05-rss-round-1/rss-selection/source-frames/rss-n18-p400000bar.xyz,4,0.010113745964292592,,14.277646425615526,0.034425540536874764,0.03874868329186209,,False,False,,,,,False,18,400000.0,2,204,000615.poscar,unary-W/W-00204-2.poscar,/home/tuzhengyu/work/WTaTi/W-potential/fcc-restart/05-rss-round-1/rss/minimized/unary-W/W-00204-2.poscar,W-potential/fcc-restart/05-rss-round-1/rss/raw/unary-W/W-00204.poscar,29bb6c6f0af7169fad60077c6b6274b1be397d54d8b645ed9e50d26dab02d1bc,29bb6c6f0af7169fad60077c6b6274b1be397d54d8b645ed9e50d26dab02d1bc
40.0,,rss_mini,40.0,rss-n18-p400000bar,W-potential/fcc-restart/05-rss-round-1/rss-selection/source-frames/rss-n18-p400000bar.xyz,5,0.2884861933856226,,14.758912486113571,0.7126451972638567,0.7539370095943957,,False,False,,,,,False,18,400000.0,2,205,000618.poscar,unary-W/W-00205-2.poscar,/home/tuzhengyu/work/WTaTi/W-potential/fcc-restart/05-rss-round-1/rss/minimized/unary-W/W-00205-2.poscar,W-potential/fcc-restart/05-rss-round-1/rss/raw/unary-W/W-00205.poscar,19670b9af745a964adc7be8d08d5809462156585bbe679436729dfcb2df2c1a5,19670b9af745a964adc7be8d08d5809462156585bbe679436729dfcb2df2c1a5
40.0,,rss_mini,40.0,rss-n18-p400000bar,W-potential/fcc-restart/05-rss-round-1/rss-selection/source-frames/rss-n18-p400000bar.xyz,6,0.2300458070383614,,15.150021064214371,0.39591588282467294,0.4172269307783125,,False,False,,,,,False,18,400000.0,2,206,000621.poscar,unary-W/W-00206-2.poscar,/home/tuzhengyu/work/WTaTi/W-potential/fcc-restart/05-rss-round-1/rss/minimized/unary-W/W-00206-2.poscar,W-potential/fcc-restart/05-rss-round-1/rss/raw/unary-W/W-00206.poscar,2d74e37b0a900715b430dce4e03eb497eed1e42f78b0c6f0802d43d144cc45ed,2d74e37b0a900715b430dce4e03eb497eed1e42f78b0c6f0802d43d144cc45ed
40.0,,rss_mini,40.0,rss-n18-p400000bar,W-potential/fcc-restart/05-rss-round-1/rss-selection/source-frames/rss-n18-p400000bar.xyz,7,0.17616313213593937,,14.560185871363826,0.24855044959861355,0.2729530941830329,,False,False,,,,,False,18,400000.0,2,207,000624.poscar,unary-W/W-00207-2.poscar,/home/tuzhengyu/work/WTaTi/W-potential/fcc-restart/05-rss-round-1/rss/minimized/unary-W/W-00207-2.poscar,W-potential/fcc-restart/05-rss-round-1/rss/raw/unary-W/W-00207.poscar,2ac7a181d84ca63721187dee656ed7947ddabf8e8e957bef1af6b7ccf3c6a580,2ac7a181d84ca63721187dee656ed7947ddabf8e8e957bef1af6b7ccf3c6a580
40.0,,rss_mini,40.0,rss-n18-p400000bar,W-potential/fcc-restart/05-rss-round-1/rss-selection/source-frames/rss-n18-p400000bar.xyz,8,0.40926546204835873,,14.862619770182805,0.6633533768003887,1.425678222979129,,False,False,,,,,False,18,400000.0,2,208,000627.poscar,unary-W/W-00208-2.poscar,/home/tuzhengyu/work/WTaTi/W-potential/fcc-restart/05-rss-round-1/rss/minimized/unary-W/W-00208-2.poscar,W-potential/fcc-restart/05-rss-round-1/rss/raw/unary-W/W-00208.poscar,08cb4993bf0c898890d7cc125d42ad3524dd6d4ac6df667b45fb1801f0573ee9,08cb4993bf0c898890d7cc125d42ad3524dd6d4ac6df667b45fb1801f0573ee9
40.0,,rss_mini,40.0,rss-n18-p400000bar,W-potential/fcc-restart/05-rss-round-1/rss-selection/source-frames/rss-n18-p400000bar.xyz,9,0.23031501614626207,,14.474136810236892,0.471724970043356,0.4698616208345881,,False,False,,,,,False,18,400000.0,2,209,000630.poscar,unary-W/W-00209-2.poscar,/home/tuzhengyu/work/WTaTi/W-potential/fcc-restart/05-rss-round-1/rss/minimized/unary-W/W-00209-2.poscar,W-potential/fcc-restart/05-rss-round-1/rss/raw/unary-W/W-00209.poscar,cdeff595b24704523849291fc29097117fb943c8ee74c29caa7ce66005da40a7,cdeff595b24704523849291fc29097117fb943c8ee74c29caa7ce66005da40a7
40.0,,rss_mini,40.0,rss-n18-p400000bar,W-potential/fcc-restart/05-rss-round-1/rss-selection/source-frames/rss-n18-p400000bar.xyz,10,0.29933744569194454,,14.609546841767825,0.5646794754734377,0.6643249754096443,,False,False,,,,,False,18,400000.0,2,210,000633.poscar,unary-W/W-00210-2.poscar,/home/tuzhengyu/work/WTaTi/W-potential/fcc-restart/05-rss-round-1/rss/minimized/unary-W/W-00210-2.poscar,W-potential/fcc-restart/05-rss-round-1/rss/raw/unary-W/W-00210.poscar,897ff1844f75d638d351f0243e7374bbbad174225f85326da089679de29d7c11,897ff1844f75d638d351f0243e7374bbbad174225f85326da089679de29d7c11
40.0,,rss_mini,40.0,rss-n18-p400000bar,W-potential/fcc-restart/05-rss-round-1/rss-selection/source-frames/rss-n18-p400000bar.xyz,11,0.16528448715728333,,14.669580444084026,2.168987529204168,2.19605622120363,,False,False,,,,,False,18,400000.0,2,211,000636.poscar,unary-W/W-00211-2.poscar,/home/tuzhengyu/work/WTaTi/W-potential/fcc-restart/05-rss-round-1/rss/minimized/unary-W/W-00211-2.poscar,W-potential/fcc-restart/05-rss-round-1/rss/raw/unary-W/W-00211.poscar,7ae6de377b7499e0bee1c720ca66a7eddc18f068075cd6bbf8e34b359ace5b78,7ae6de377b7499e0bee1c720ca66a7eddc18f068075cd6bbf8e34b359ace5b78
40.0,,rss_mini,40.0,rss-n18-p400000bar,W-potential/fcc-restart/05-rss-round-1/rss-selection/source-frames/rss-n18-p400000bar.xyz,12,0.2633278959214888,,14.999465720910901,0.5973955473708052,0.7391583332698552,,False,False,,,,,False,18,400000.0,2,212,000639.poscar,unary-W/W-00212-2.poscar,/home/tuzhengyu/work/WTaTi/W-potential/fcc-restart/05-rss-round-1/rss/minimized/unary-W/W-00212-2.poscar,W-potential/fcc-restart/05-rss-round-1/rss/raw/unary-W/W-00212.poscar,c5a2508b62124599bb229674055c8d346195303850914f0f55f2ef95ea7512a2,c5a2508b62124599bb229674055c8d346195303850914f0f55f2ef95ea7512a2
40.0,,rss_mini,40.0,rss-n18-p400000bar,W-potential/fcc-restart/05-rss-round-1/rss-selection/source-frames/rss-n18-p400000bar.xyz,13,0.28847429815596715,,15.008721771261511,0.4179705238338051,0.6104939814543798,,False,False,,,,,False,18,400000.0,2,213,000642.poscar,unary-W/W-00213-2.poscar,/home/tuzhengyu/work/WTaTi/W-potential/fcc-restart/05-rss-round-1/rss/minimized/unary-W/W-00213-2.poscar,W-potential/fcc-restart/05-rss-round-1/rss/raw/unary-W/W-00213.poscar,7e2401794c6f1857b1c21d52950da87379ca2bc4e8cd5418e39fcd38a4beb393,7e2401794c6f1857b1c21d52950da87379ca2bc4e8cd5418e39fcd38a4beb393
40.0,,rss_mini,40.0,rss-n18-p400000bar,W-potential/fcc-restart/05-rss-round-1/rss-selection/source-frames/rss-n18-p400000bar.xyz,14,0.16361819924016768,,14.724553351938523,0.473610153089715,0.6304041747245059,,False,False,,,,,False,18,400000.0,2,214,000645.poscar,unary-W/W-00214-2.poscar,/home/tuzhengyu/work/WTaTi/W-potential/fcc-restart/05-rss-round-1/rss/minimized/unary-W/W-00214-2.poscar,W-potential/fcc-restart/05-rss-round-1/rss/raw/unary-W/W-00214.poscar,074a476fee2020e087e43186e1cdfde9df4ad3355aa5d8f12175fc181cc56bfe,074a476fee2020e087e43186e1cdfde9df4ad3355aa5d8f12175fc181cc56bfe
40.0,,rss_mini,40.0,rss-n18-p400000bar,W-potential/fcc-restart/05-rss-round-1/rss-selection/source-frames/rss-n18-p400000bar.xyz,15,0.04263890402323823,,14.277887475002611,0.24031356193971146,0.2509414288099575,,False,False,,,,,False,18,400000.0,2,215,000648.poscar,unary-W/W-00215-2.poscar,/home/tuzhengyu/work/WTaTi/W-potential/fcc-restart/05-rss-round-1/rss/minimized/unary-W/W-00215-2.poscar,W-potential/fcc-restart/05-rss-round-1/rss/raw/unary-W/W-00215.poscar,1404e7257ef6e03bb05aae8c8abf487e24d17105c8ed17b49d88c47dbd44ef0f,1404e7257ef6e03bb05aae8c8abf487e24d17105c8ed17b49d88c47dbd44ef0f
40.0,,rss_mini,40.0,rss-n18-p400000bar,W-potential/fcc-restart/05-rss-round-1/rss-selection/source-frames/rss-n18-p400000bar.xyz,16,0.03565647318589021,,14.273763045524722,0.14311510284138673,0.1592322885427562,,False,False,,,,,False,18,400000.0,2,216,000651.poscar,unary-W/W-00216-2.poscar,/home/tuzhengyu/work/WTaTi/W-potential/fcc-restart/05-rss-round-1/rss/minimized/unary-W/W-00216-2.poscar,W-potential/fcc-restart/05-rss-round-1/rss/raw/unary-W/W-00216.poscar,1f1b9b62ec37ab0de8829ca39a7871a4daaeffd98da37cb7c95adc72877e0e51,1f1b9b62ec37ab0de8829ca39a7871a4daaeffd98da37cb7c95adc72877e0e51
40.0,,rss_mini,40.0,rss-n18-p400000bar,W-potential/fcc-restart/05-rss-round-1/rss-selection/source-frames/rss-n18-p400000bar.xyz,17,0.021924910502467688,,14.335489862784978,0.12725541719060457,0.13741271608663375,,False,False,,,,,False,18,400000.0,2,217,000654.poscar,unary-W/W-00217-2.poscar,/home/tuzhengyu/work/WTaTi/W-potential/fcc-restart/05-rss-round-1/rss/minimized/unary-W/W-00217-2.poscar,W-potential/fcc-restart/05-rss-round-1/rss/raw/unary-W/W-00217.poscar,1c547cf1dbee6a4a414197a6f1649308cadbf17bef1fcf1bdaaee82d3b05c65e,1c547cf1dbee6a4a414197a6f1649308cadbf17bef1fcf1bdaaee82d3b05c65e
40.0,,rss_mini,40.0,rss-n18-p400000bar,W-potential/fcc-restart/05-rss-round-1/rss-selection/source-frames/rss-n18-p400000bar.xyz,18,0.2850831502629995,,14.349200346110743,1.5910252247913679,1.6706315373786689,,False,False,,,,,False,18,400000.0,2,218,000657.poscar,unary-W/W-00218-2.poscar,/home/tuzhengyu/work/WTaTi/W-potential/fcc-restart/05-rss-round-1/rss/minimized/unary-W/W-00218-2.poscar,W-potential/fcc-restart/05-rss-round-1/rss/raw/unary-W/W-00218.poscar,0f05c0169a83e10107f4cef42fc5c503f19dafb6013b24c8e8a3434f4318bc88,0f05c0169a83e10107f4cef42fc5c503f19dafb6013b24c8e8a3434f4318bc88
40.0,,rss_mini,40.0,rss-n18-p400000bar,W-potential/fcc-restart/05-rss-round-1/rss-selection/source-frames/rss-n18-p400000bar.xyz,19,0.07284754581599219,,14.28812682244883,0.415677086663304,0.43546416597617815,,False,False,,,,,False,18,400000.0,2,219,000660.poscar,unary-W/W-00219-2.poscar,/home/tuzhengyu/work/WTaTi/W-potential/fcc-restart/05-rss-round-1/rss/minimized/unary-W/W-00219-2.poscar,W-potential/fcc-restart/05-rss-round-1/rss/raw/unary-W/W-00219.poscar,3767a1bdf2c4060e31cb9f34f454fe654928247b232a72f94cd349c7d29a36c3,3767a1bdf2c4060e31cb9f34f454fe654928247b232a72f94cd349c7d29a36c3
40.0,,rss_mini,40.0,rss-n18-p400000bar,W-potential/fcc-restart/05-rss-round-1/rss-selection/source-frames/rss-n18-p400000bar.xyz,20,0.23326017853860911,,14.391833588203834,1.563511946458669,1.6568201273340748,,False,False,,,,,False,18,400000.0,2,220,000663.poscar,unary-W/W-00220-2.poscar,/home/tuzhengyu/work/WTaTi/W-potential/fcc-restart/05-rss-round-1/rss/minimized/unary-W/W-00220-2.poscar,W-potential/fcc-restart/05-rss-round-1/rss/raw/unary-W/W-00220.poscar,3d61dacf31614fb5ec666a4046d5529471780998cfaab61dfc0b67101b89a225,3d61dacf31614fb5ec666a4046d5529471780998cfaab61dfc0b67101b89a225
40.0,,rss_mini,40.0,rss-n18-p400000bar,W-potential/fcc-restart/05-rss-round-1/rss-selection/source-frames/rss-n18-p400000bar.xyz,21,0.21144135741304337,,14.516765644343893,0.19825357237979657,0.30496100395690906,,False,False,,,,,False,18,400000.0,2,221,000666.poscar,unary-W/W-00221-2.poscar,/home/tuzhengyu/work/WTaTi/W-potential/fcc-restart/05-rss-round-1/rss/minimized/unary-W/W-00221-2.poscar,W-potential/fcc-restart/05-rss-round-1/rss/raw/unary-W/W-00221.poscar,33849511be1a9dc78832a5e0a2a4a5e38c543473f7cbbcf1732b37e08574d5c0,33849511be1a9dc78832a5e0a2a4a5e38c543473f7cbbcf1732b37e08574d5c0
40.0,,rss_mini,40.0,rss-n18-p400000bar,W-potential/fcc-restart/05-rss-round-1/rss-selection/source-frames/rss-n18-p400000bar.xyz,22,0.2027568302878072,,14.544602337932913,0.19316239756905618,0.2904884545732921,,False,False,,,,,False,18,400000.0,2,222,000669.poscar,unary-W/W-00222-2.poscar,/home/tuzhengyu/work/WTaTi/W-potential/fcc-restart/05-rss-round-1/rss/minimized/unary-W/W-00222-2.poscar,W-potential/fcc-restart/05-rss-round-1/rss/raw/unary-W/W-00222.poscar,c3c8da094684036fb2866c18ce066f60bc0730f2d5676f44dbdc705ff8eb7d5b,c3c8da094684036fb2866c18ce066f60bc0730f2d5676f44dbdc705ff8eb7d5b
40.0,,rss_mini,40.0,rss-n18-p400000bar,W-potential/fcc-restart/05-rss-round-1/rss-selection/source-frames/rss-n18-p400000bar.xyz,23,0.1895796421266742,,14.921528846738637,0.23575981728240478,0.31576673790854065,,False,False,,,,,False,18,400000.0,2,223,000672.poscar,unary-W/W-00223-2.poscar,/home/tuzhengyu/work/WTaTi/W-potential/fcc-restart/05-rss-round-1/rss/minimized/unary-W/W-00223-2.poscar,W-potential/fcc-restart/05-rss-round-1/rss/raw/unary-W/W-00223.poscar,971064ffdd89a38d64e9d33716473c254d4ec671b464c0b2eb467d4c176e71bf,971064ffdd89a38d64e9d33716473c254d4ec671b464c0b2eb467d4c176e71bf
40.0,,rss_mini,40.0,rss-n18-p400000bar,W-potential/fcc-restart/05-rss-round-1/rss-selection/source-frames/rss-n18-p400000bar.xyz,24,0.2505968170588913,,15.045364327758566,0.29279441106269694,0.4406144870672824,,False,False,,,,,False,18,400000.0,2,224,000675.poscar,unary-W/W-00224-2.poscar,/home/tuzhengyu/work/WTaTi/W-potential/fcc-restart/05-rss-round-1/rss/minimized/unary-W/W-00224-2.poscar,W-potential/fcc-restart/05-rss-round-1/rss/raw/unary-W/W-00224.poscar,0905f93fc3427e8ebcdea9ec0ae283ba001dcf84ffc7afda419fa1cd099626b6,0905f93fc3427e8ebcdea9ec0ae283ba001dcf84ffc7afda419fa1cd099626b6
40.0,,rss_mini,40.0,rss-n18-p400000bar,W-potential/fcc-restart/05-rss-round-1/rss-selection/source-frames/rss-n18-p400000bar.xyz,25,0.32440681061918364,,14.748652354773261,1.1834473562259753,1.236285033062352,,False,False,,,,,False,18,400000.0,2,225,000678.poscar,unary-W/W-00225-2.poscar,/home/tuzhengyu/work/WTaTi/W-potential/fcc-restart/05-rss-round-1/rss/minimized/unary-W/W-00225-2.poscar,W-potential/fcc-restart/05-rss-round-1/rss/raw/unary-W/W-00225.poscar,2c5a84b336a3c3bd211ee040c9030ddfb48f19a48dd68bef984a083b33afeeae,2c5a84b336a3c3bd211ee040c9030ddfb48f19a48dd68bef984a083b33afeeae
40.0,,rss_mini,40.0,rss-n18-p400000bar,W-potential/fcc-restart/05-rss-round-1/rss-selection/source-frames/rss-n18-p400000bar.xyz,26,0.27859936034711436,,15.173958115256236,0.36704447923244166,0.5252956344823865,,False,False,,,,,False,18,400000.0,2,226,000681.poscar,unary-W/W-00226-2.poscar,/home/tuzhengyu/work/WTaTi/W-potential/fcc-restart/05-rss-round-1/rss/minimized/unary-W/W-00226-2.poscar,W-potential/fcc-restart/05-rss-round-1/rss/raw/unary-W/W-00226.poscar,ec8f854a61de10cf39a0523b525ded4de5dbd87b7fb4c1f4e2083b00a5a84392,ec8f854a61de10cf39a0523b525ded4de5dbd87b7fb4c1f4e2083b00a5a84392
40.0,,rss_mini,40.0,rss-n18-p400000bar,W-potential/fcc-restart/05-rss-round-1/rss-selection/source-frames/rss-n18-p400000bar.xyz,27,0.03023566821744887,,14.327013376541442,0.13140995489723664,0.14618513654708853,,False,False,,,,,False,18,400000.0,2,227,000684.poscar,unary-W/W-00227-2.poscar,/home/tuzhengyu/work/WTaTi/W-potential/fcc-restart/05-rss-round-1/rss/minimized/unary-W/W-00227-2.poscar,W-potential/fcc-restart/05-rss-round-1/rss/raw/unary-W/W-00227.poscar,cd988cfbe348e5052eb9f2ebcb9196d651d7207d4c6b377eb6aacaa19cd1ca10,cd988cfbe348e5052eb9f2ebcb9196d651d7207d4c6b377eb6aacaa19cd1ca10
40.0,,rss_mini,40.0,rss-n18-p400000bar,W-potential/fcc-restart/05-rss-round-1/rss-selection/source-frames/rss-n18-p400000bar.xyz,28,0.22412875031418816,,14.618751428767391,0.6068600920089046,0.5614583569253063,,False,False,,,,,False,18,400000.0,2,228,000687.poscar,unary-W/W-00228-2.poscar,/home/tuzhengyu/work/WTaTi/W-potential/fcc-restart/05-rss-round-1/rss/minimized/unary-W/W-00228-2.poscar,W-potential/fcc-restart/05-rss-round-1/rss/raw/unary-W/W-00228.poscar,bc6c8eeb4e7d6902da0038ab3af82fc5c3e2e472557b36be06bad95ab39eb64f,bc6c8eeb4e7d6902da0038ab3af82fc5c3e2e472557b36be06bad95ab39eb64f
40.0,,rss_mini,40.0,rss-n18-p400000bar,W-potential/fcc-restart/05-rss-round-1/rss-selection/source-frames/rss-n18-p400000bar.xyz,29,0.05888882375805099,,14.277154486374858,0.3823061880711784,0.391072120445452,,False,False,,,,,False,18,400000.0,2,229,000690.poscar,unary-W/W-00229-2.poscar,/home/tuzhengyu/work/WTaTi/W-potential/fcc-restart/05-rss-round-1/rss/minimized/unary-W/W-00229-2.poscar,W-potential/fcc-restart/05-rss-round-1/rss/raw/unary-W/W-00229.poscar,e70cce18266e0b07a2634cce79a6db9e7e5b21da4c94006808e4dce4d02c29fe,e70cce18266e0b07a2634cce79a6db9e7e5b21da4c94006808e4dce4d02c29fe
40.0,,rss_mini,40.0,rss-n18-p400000bar,W-potential/fcc-restart/05-rss-round-1/rss-selection/source-frames/rss-n18-p400000bar.xyz,30,0.27363833876207566,,14.95956553484558,0.5258802162485334,0.4640165532701113,,False,False,,,,,False,18,400000.0,2,230,000693.poscar,unary-W/W-00230-2.poscar,/home/tuzhengyu/work/WTaTi/W-potential/fcc-restart/05-rss-round-1/rss/minimized/unary-W/W-00230-2.poscar,W-potential/fcc-restart/05-rss-round-1/rss/raw/unary-W/W-00230.poscar,52b8607017a5f96421d1628cb824e58ea7ba12da34d321c7857f7f5195ebb54b,52b8607017a5f96421d1628cb824e58ea7ba12da34d321c7857f7f5195ebb54b
40.0,,rss_mini,40.0,rss-n18-p400000bar,W-potential/fcc-restart/05-rss-round-1/rss-selection/source-frames/rss-n18-p400000bar.xyz,31,0.21987912589470307,,14.291537493192086,0.6053030368405009,0.7230935769241403,,False,False,,,,,False,18,400000.0,2,231,000696.poscar,unary-W/W-00231-2.poscar,/home/tuzhengyu/work/WTaTi/W-potential/fcc-restart/05-rss-round-1/rss/minimized/unary-W/W-00231-2.poscar,W-potential/fcc-restart/05-rss-round-1/rss/raw/unary-W/W-00231.poscar,87d2ca2b42c3ec4607de5711ef9e7fc2b54cf074890c6173faec4310e0531bff,87d2ca2b42c3ec4607de5711ef9e7fc2b54cf074890c6173faec4310e0531bff
40.0,,rss_mini,40.0,rss-n18-p400000bar,W-potential/fcc-restart/05-rss-round-1/rss-selection/source-frames/rss-n18-p400000bar.xyz,32,0.19048510893194287,,14.441369299383549,0.2769293277951919,0.3377462594020711,,False,False,,,,,False,18,400000.0,2,232,000699.poscar,unary-W/W-00232-2.poscar,/home/tuzhengyu/work/WTaTi/W-potential/fcc-restart/05-rss-round-1/rss/minimized/unary-W/W-00232-2.poscar,W-potential/fcc-restart/05-rss-round-1/rss/raw/unary-W/W-00232.poscar,d43583b85c2b51378c238de499d3de319a13d9cc75ff6d7702007693d972cdab,d43583b85c2b51378c238de499d3de319a13d9cc75ff6d7702007693d972cdab
40.0,,rss_mini,40.0,rss-n18-p400000bar,W-potential/fcc-restart/05-rss-round-1/rss-selection/source-frames/rss-n18-p400000bar.xyz,33,0.31580244932003826,,14.365507498086787,1.2823862464874491,1.2120483788444787,,False,False,,,,,False,18,400000.0,2,233,000702.poscar,unary-W/W-00233-2.poscar,/home/tuzhengyu/work/WTaTi/W-potential/fcc-restart/05-rss-round-1/rss/minimized/unary-W/W-00233-2.poscar,W-potential/fcc-restart/05-rss-round-1/rss/raw/unary-W/W-00233.poscar,9b84edaeba241d4830037c9ff87759a24e1e731724601c9bea76c83c0aa86b4e,9b84edaeba241d4830037c9ff87759a24e1e731724601c9bea76c83c0aa86b4e
40.0,,rss_mini,40.0,rss-n18-p400000bar,W-potential/fcc-restart/05-rss-round-1/rss-selection/source-frames/rss-n18-p400000bar.xyz,34,0.006905910649952233,,14.288718446821157,0.03899746833668918,0.041851020173782554,,False,False,,,,,False,18,400000.0,2,234,000705.poscar,unary-W/W-00234-2.poscar,/home/tuzhengyu/work/WTaTi/W-potential/fcc-restart/05-rss-round-1/rss/minimized/unary-W/W-00234-2.poscar,W-potential/fcc-restart/05-rss-round-1/rss/raw/unary-W/W-00234.poscar,d3ad562e38d30097c683b2285b7f94fce804bf7817c329e8fa4202bfb7db8678,d3ad562e38d30097c683b2285b7f94fce804bf7817c329e8fa4202bfb7db8678
40.0,,rss_mini,40.0,rss-n18-p400000bar,W-potential/fcc-restart/05-rss-round-1/rss-selection/source-frames/rss-n18-p400000bar.xyz,35,0.17222842211401157,,14.445103820143267,0.142956785599331,0.26227658806758003,,False,False,,,,,False,18,400000.0,2,235,000708.poscar,unary-W/W-00235-2.poscar,/home/tuzhengyu/work/WTaTi/W-potential/fcc-restart/05-rss-round-1/rss/minimized/unary-W/W-00235-2.poscar,W-potential/fcc-restart/05-rss-round-1/rss/raw/unary-W/W-00235.poscar,c35e6be28b7291953c0c2dc2d315e392cfd2ce0b1534e2074c9ff7d32c17a09c,c35e6be28b7291953c0c2dc2d315e392cfd2ce0b1534e2074c9ff7d32c17a09c
40.0,,rss_mini,40.0,rss-n18-p400000bar,W-potential/fcc-restart/05-rss-round-1/rss-selection/source-frames/rss-n18-p400000bar.xyz,36,0.44137016710874205,,15.102608575040948,0.5414593060203045,0.4979540167871853,,False,False,,,,,False,18,400000.0,2,236,000711.poscar,unary-W/W-00236-2.poscar,/home/tuzhengyu/work/WTaTi/W-potential/fcc-restart/05-rss-round-1/rss/minimized/unary-W/W-00236-2.poscar,W-potential/fcc-restart/05-rss-round-1/rss/raw/unary-W/W-00236.poscar,b7a997182146a739dafaf5fa03514e3356e4fa8e40073b01e857ae80fd6c613a,b7a997182146a739dafaf5fa03514e3356e4fa8e40073b01e857ae80fd6c613a
40.0,,rss_mini,40.0,rss-n18-p400000bar,W-potential/fcc-restart/05-rss-round-1/rss-selection/source-frames/rss-n18-p400000bar.xyz,37,0.02044731717626901,,14.272709669054686,0.12385887325639452,0.12554904402384515,,False,False,,,,,False,18,400000.0,2,237,000714.poscar,unary-W/W-00237-2.poscar,/home/tuzhengyu/work/WTaTi/W-potential/fcc-restart/05-rss-round-1/rss/minimized/unary-W/W-00237-2.poscar,W-potential/fcc-restart/05-rss-round-1/rss/raw/unary-W/W-00237.poscar,442c612464b05ba91ec0b6d166cb35df87a52c15d3e8bd01a89185f0cb012571,442c612464b05ba91ec0b6d166cb35df87a52c15d3e8bd01a89185f0cb012571
40.0,,rss_mini,40.0,rss-n18-p400000bar,W-potential/fcc-restart/05-rss-round-1/rss-selection/source-frames/rss-n18-p400000bar.xyz,38,0.2237651927028703,,14.58276358026702,0.22529507556341438,0.2984632347774382,,False,False,,,,,False,18,400000.0,2,238,000717.poscar,unary-W/W-00238-2.poscar,/home/tuzhengyu/work/WTaTi/W-potential/fcc-restart/05-rss-round-1/rss/minimized/unary-W/W-00238-2.poscar,W-potential/fcc-restart/05-rss-round-1/rss/raw/unary-W/W-00238.poscar,dbfc882616ce0197f5ea29dc2f3d706c6bc125dcfdb88821204df45355208f4d,dbfc882616ce0197f5ea29dc2f3d706c6bc125dcfdb88821204df45355208f4d
40.0,,rss_mini,40.0,rss-n18-p400000bar,W-potential/fcc-restart/05-rss-round-1/rss-selection/source-frames/rss-n18-p400000bar.xyz,39,0.025548937313316384,,14.285028324514336,0.10215647511045764,0.1117617350955441,,False,False,,,,,False,18,400000.0,2,239,000720.poscar,unary-W/W-00239-2.poscar,/home/tuzhengyu/work/WTaTi/W-potential/fcc-restart/05-rss-round-1/rss/minimized/unary-W/W-00239-2.poscar,W-potential/fcc-restart/05-rss-round-1/rss/raw/unary-W/W-00239.poscar,f0d5b3482a36e2b2b09d6ffcf57c42a00624f5b30bbbdc394249c8ade7af413a,f0d5b3482a36e2b2b09d6ffcf57c42a00624f5b30bbbdc394249c8ade7af413a
40.0,,rss_mini,40.0,rss-n18-p400000bar,W-potential/fcc-restart/05-rss-round-1/rss-selection/source-frames/rss-n18-p400000bar.xyz,40,0.27727228156467204,,14.640139522517693,0.8568985676682401,0.8949354345851618,,False,False,,,,,False,18,400000.0,2,240,000723.poscar,unary-W/W-00240-2.poscar,/home/tuzhengyu/work/WTaTi/W-potential/fcc-restart/05-rss-round-1/rss/minimized/unary-W/W-00240-2.poscar,W-potential/fcc-restart/05-rss-round-1/rss/raw/unary-W/W-00240.poscar,79623ae353c0d6b201b0c2623713404a5fdde84d97600dce86962cf9708e44ee,79623ae353c0d6b201b0c2623713404a5fdde84d97600dce86962cf9708e44ee
40.0,,rss_mini,40.0,rss-n18-p400000bar,W-potential/fcc-restart/05-rss-round-1/rss-selection/source-frames/rss-n18-p400000bar.xyz,41,0.20085065316030903,,14.981318285504422,0.2629888466534663,0.4004149269626235,,False,False,,,,,False,18,400000.0,2,241,000726.poscar,unary-W/W-00241-2.poscar,/home/tuzhengyu/work/WTaTi/W-potential/fcc-restart/05-rss-round-1/rss/minimized/unary-W/W-00241-2.poscar,W-potential/fcc-restart/05-rss-round-1/rss/raw/unary-W/W-00241.poscar,8d9f39988eaed435102d86c4b600f7320a70dc5d810f4ceb46b7f106c58e335a,8d9f39988eaed435102d86c4b600f7320a70dc5d810f4ceb46b7f106c58e335a
40.0,,rss_mini,40.0,rss-n18-p400000bar,W-potential/fcc-restart/05-rss-round-1/rss-selection/source-frames/rss-n18-p400000bar.xyz,42,0.19160705785809853,,14.49284826949085,0.04878665060243963,0.24304393361497145,,False,False,,,,,False,18,400000.0,2,242,000729.poscar,unary-W/W-00242-2.poscar,/home/tuzhengyu/work/WTaTi/W-potential/fcc-restart/05-rss-round-1/rss/minimized/unary-W/W-00242-2.poscar,W-potential/fcc-restart/05-rss-round-1/rss/raw/unary-W/W-00242.poscar,4dc16d916a9862831057f39acebbc53bf0bc29f0947676dcd673645eb30bd228,4dc16d916a9862831057f39acebbc53bf0bc29f0947676dcd673645eb30bd228
40.0,,rss_mini,40.0,rss-n18-p400000bar,W-potential/fcc-restart/05-rss-round-1/rss-selection/source-frames/rss-n18-p400000bar.xyz,43,0.28055462855208857,,14.580855934521642,3.6119189134223326,3.597067692297601,,False,False,,,,,False,18,400000.0,2,243,000732.poscar,unary-W/W-00243-2.poscar,/home/tuzhengyu/work/WTaTi/W-potential/fcc-restart/05-rss-round-1/rss/minimized/unary-W/W-00243-2.poscar,W-potential/fcc-restart/05-rss-round-1/rss/raw/unary-W/W-00243.poscar,b370448372b64db75fe2759874043ed2ffd4421b1e0300eba4adb4015e13562e,b370448372b64db75fe2759874043ed2ffd4421b1e0300eba4adb4015e13562e
40.0,,rss_mini,40.0,rss-n18-p400000bar,W-potential/fcc-restart/05-rss-round-1/rss-selection/source-frames/rss-n18-p400000bar.xyz,44,0.0037262251183785115,,14.28649146356005,0.023005289361671427,0.024137943884907094,,False,False,,,,,False,18,400000.0,2,244,000735.poscar,unary-W/W-00244-2.poscar,/home/tuzhengyu/work/WTaTi/W-potential/fcc-restart/05-rss-round-1/rss/minimized/unary-W/W-00244-2.poscar,W-potential/fcc-restart/05-rss-round-1/rss/raw/unary-W/W-00244.poscar,37307ca1dc04c8f0121a86ced8417148a419c3592bc8ca646f64bb9290476c93,37307ca1dc04c8f0121a86ced8417148a419c3592bc8ca646f64bb9290476c93
40.0,,rss_mini,40.0,rss-n18-p400000bar,W-potential/fcc-restart/05-rss-round-1/rss-selection/source-frames/rss-n18-p400000bar.xyz,45,0.2638184041881495,,14.31069068035468,1.538778949570756,1.6571181669384585,,False,False,,,,,False,18,400000.0,2,245,000738.poscar,unary-W/W-00245-2.poscar,/home/tuzhengyu/work/WTaTi/W-potential/fcc-restart/05-rss-round-1/rss/minimized/unary-W/W-00245-2.poscar,W-potential/fcc-restart/05-rss-round-1/rss/raw/unary-W/W-00245.poscar,1a70f0d6ccfbed7355f1bdcf81df8eb79e6f97263a58ec29fcaf3ed67c675318,1a70f0d6ccfbed7355f1bdcf81df8eb79e6f97263a58ec29fcaf3ed67c675318
40.0,,rss_mini,40.0,rss-n18-p400000bar,W-potential/fcc-restart/05-rss-round-1/rss-selection/source-frames/rss-n18-p400000bar.xyz,46,0.04752165289683518,,14.288488685735805,0.32668337069500175,0.33766432936676993,,False,False,,,,,False,18,400000.0,2,246,000741.poscar,unary-W/W-00246-2.poscar,/home/tuzhengyu/work/WTaTi/W-potential/fcc-restart/05-rss-round-1/rss/minimized/unary-W/W-00246-2.poscar,W-potential/fcc-restart/05-rss-round-1/rss/raw/unary-W/W-00246.poscar,26235cb401c2d81390057edf6f8c960ec98c13dc40d3b328ad1a0046c053467b,26235cb401c2d81390057edf6f8c960ec98c13dc40d3b328ad1a0046c053467b
40.0,,rss_mini,40.0,rss-n18-p400000bar,W-potential/fcc-restart/05-rss-round-1/rss-selection/source-frames/rss-n18-p400000bar.xyz,47,0.01649414684428555,,14.27424914867111,0.07452422361656823,0.0803379253329559,,False,False,,,,,False,18,400000.0,2,247,000744.poscar,unary-W/W-00247-2.poscar,/home/tuzhengyu/work/WTaTi/W-potential/fcc-restart/05-rss-round-1/rss/minimized/unary-W/W-00247-2.poscar,W-potential/fcc-restart/05-rss-round-1/rss/raw/unary-W/W-00247.poscar,7df9bdebadbcd39854ec24cb333f03b3383b597ab01f3c0d3113f8e21e5a132c,7df9bdebadbcd39854ec24cb333f03b3383b597ab01f3c0d3113f8e21e5a132c
40.0,,rss_mini,40.0,rss-n18-p400000bar,W-potential/fcc-restart/05-rss-round-1/rss-selection/source-frames/rss-n18-p400000bar.xyz,48,0.0066150680683582826,,14.28886105774609,0.0230901262964848,0.02756045760145258,,False,False,,,,,False,18,400000.0,2,248,000747.poscar,unary-W/W-00248-2.poscar,/home/tuzhengyu/work/WTaTi/W-potential/fcc-restart/05-rss-round-1/rss/minimized/unary-W/W-00248-2.poscar,W-potential/fcc-restart/05-rss-round-1/rss/raw/unary-W/W-00248.poscar,be5717b93044b74251ae6125099f6be588ee5a5d4e32ea9ab061b03fb90391a5,be5717b93044b74251ae6125099f6be588ee5a5d4e32ea9ab061b03fb90391a5
40.0,,rss_mini,40.0,rss-n18-p400000bar,W-potential/fcc-restart/05-rss-round-1/rss-selection/source-frames/rss-n18-p400000bar.xyz,49,0.06024632722401699,,14.301697428789778,0.2062517581568004,0.2559993780072359,,False,False,,,,,False,18,400000.0,2,249,000750.poscar,unary-W/W-00249-2.poscar,/home/tuzhengyu/work/WTaTi/W-potential/fcc-restart/05-rss-round-1/rss/minimized/unary-W/W-00249-2.poscar,W-potential/fcc-restart/05-rss-round-1/rss/raw/unary-W/W-00249.poscar,da8d2fc02eeea18fe3c8cfe47785f2889824dd184ac955db1d78affae64010cf,da8d2fc02eeea18fe3c8cfe47785f2889824dd184ac955db1d78affae64010cf
0.0,,rss_mini,0.0,rss-n20-p0bar,W-potential/fcc-restart/05-rss-round-1/rss-selection/source-frames/rss-n20-p0bar.xyz,0,0.14939830071145266,,17.31879105498006,0.31085829610235016,0.2931938822964989,,False,False,,,,,False,20,0.0,0,250,000751.poscar,unary-W/W-00250-0.poscar,/home/tuzhengyu/work/WTaTi/W-potential/fcc-restart/05-rss-round-1/rss/minimized/unary-W/W-00250-0.poscar,W-potential/fcc-restart/05-rss-round-1/rss/raw/unary-W/W-00250.poscar,2ae21a7e067a301d3ef5053963c44ce27df09803c75139c49a56b7edf0ea1251,2ae21a7e067a301d3ef5053963c44ce27df09803c75139c49a56b7edf0ea1251
0.0,,rss_mini,0.0,rss-n20-p0bar,W-potential/fcc-restart/05-rss-round-1/rss-selection/source-frames/rss-n20-p0bar.xyz,1,0.20136024282274181,,16.80764470350175,0.7642202006081068,0.8134370173168203,,False,False,,,,,False,20,0.0,0,251,000754.poscar,unary-W/W-00251-0.poscar,/home/tuzhengyu/work/WTaTi/W-potential/fcc-restart/05-rss-round-1/rss/minimized/unary-W/W-00251-0.poscar,W-potential/fcc-restart/05-rss-round-1/rss/raw/unary-W/W-00251.poscar,4cc0d77fd9e2b8db405182a6161a3ce30e17c76d50afc7ee561379ea27533015,4cc0d77fd9e2b8db405182a6161a3ce30e17c76d50afc7ee561379ea27533015
0.0,,rss_mini,0.0,rss-n20-p0bar,W-potential/fcc-restart/05-rss-round-1/rss-selection/source-frames/rss-n20-p0bar.xyz,2,0.23515112476767008,,16.726340312692983,0.2755691852608521,0.5655990064102289,,False,False,,,,,False,20,0.0,0,252,000757.poscar,unary-W/W-00252-0.poscar,/home/tuzhengyu/work/WTaTi/W-potential/fcc-restart/05-rss-round-1/rss/minimized/unary-W/W-00252-0.poscar,W-potential/fcc-restart/05-rss-round-1/rss/raw/unary-W/W-00252.poscar,69f3c519afa34e64331f733ad46db7a56136fc7c6b7b7a8620a08780b034e480,69f3c519afa34e64331f733ad46db7a56136fc7c6b7b7a8620a08780b034e480
0.0,,rss_mini,0.0,rss-n20-p0bar,W-potential/fcc-restart/05-rss-round-1/rss-selection/source-frames/rss-n20-p0bar.xyz,3,0.23438396621868068,,16.892041336563008,0.2492029796750671,0.35092014504555646,,False,False,,,,,False,20,0.0,0,253,000760.poscar,unary-W/W-00253-0.poscar,/home/tuzhengyu/work/WTaTi/W-potential/fcc-restart/05-rss-round-1/rss/minimized/unary-W/W-00253-0.poscar,W-potential/fcc-restart/05-rss-round-1/rss/raw/unary-W/W-00253.poscar,85266eefb21e291fab8ec1fc790cc9bbd65ef22442fbd1c16ade418179d7cc58,85266eefb21e291fab8ec1fc790cc9bbd65ef22442fbd1c16ade418179d7cc58
0.0,,rss_mini,0.0,rss-n20-p0bar,W-potential/fcc-restart/05-rss-round-1/rss-selection/source-frames/rss-n20-p0bar.xyz,4,0.14245001642076208,,17.20293848049831,0.26701009745732757,0.4128282075131234,,False,False,,,,,False,20,0.0,0,254,000763.poscar,unary-W/W-00254-0.poscar,/home/tuzhengyu/work/WTaTi/W-potential/fcc-restart/05-rss-round-1/rss/minimized/unary-W/W-00254-0.poscar,W-potential/fcc-restart/05-rss-round-1/rss/raw/unary-W/W-00254.poscar,c27bca54bb8fd53fcf66a25ba473fccd969d5fdb2e56a241a855e7d2353666aa,c27bca54bb8fd53fcf66a25ba473fccd969d5fdb2e56a241a855e7d2353666aa
0.0,,rss_mini,0.0,rss-n20-p0bar,W-potential/fcc-restart/05-rss-round-1/rss-selection/source-frames/rss-n20-p0bar.xyz,5,0.16298487990138863,,16.83737539142749,0.1534303037723718,0.23380237895826425,,False,False,,,,,False,20,0.0,0,255,000766.poscar,unary-W/W-00255-0.poscar,/home/tuzhengyu/work/WTaTi/W-potential/fcc-restart/05-rss-round-1/rss/minimized/unary-W/W-00255-0.poscar,W-potential/fcc-restart/05-rss-round-1/rss/raw/unary-W/W-00255.poscar,68317e8616fa5ae3995f9315ac04572a4c4b859a6fc6f497b2fe791715e5f078,68317e8616fa5ae3995f9315ac04572a4c4b859a6fc6f497b2fe791715e5f078
0.0,,rss_mini,0.0,rss-n20-p0bar,W-potential/fcc-restart/05-rss-round-1/rss-selection/source-frames/rss-n20-p0bar.xyz,6,0.21957316556489587,,17.143293344477787,0.2972638601093772,0.5952675814082227,,False,False,,,,,False,20,0.0,0,256,000769.poscar,unary-W/W-00256-0.poscar,/home/tuzhengyu/work/WTaTi/W-potential/fcc-restart/05-rss-round-1/rss/minimized/unary-W/W-00256-0.poscar,W-potential/fcc-restart/05-rss-round-1/rss/raw/unary-W/W-00256.poscar,25446ae9c885f18d49c67ca4f413fb35ae77667c40479d8df99c1da93bd2f4e6,25446ae9c885f18d49c67ca4f413fb35ae77667c40479d8df99c1da93bd2f4e6
0.0,,rss_mini,0.0,rss-n20-p0bar,W-potential/fcc-restart/05-rss-round-1/rss-selection/source-frames/rss-n20-p0bar.xyz,7,0.155691955042762,,16.953831054632847,0.43057378634442606,0.45951232623527716,,False,False,,,,,False,20,0.0,0,257,000772.poscar,unary-W/W-00257-0.poscar,/home/tuzhengyu/work/WTaTi/W-potential/fcc-restart/05-rss-round-1/rss/minimized/unary-W/W-00257-0.poscar,W-potential/fcc-restart/05-rss-round-1/rss/raw/unary-W/W-00257.poscar,1e017c9cc2b5fc5995eb27e18caa3e0465d565ec57a65b3cc95fe51b6163b556,1e017c9cc2b5fc5995eb27e18caa3e0465d565ec57a65b3cc95fe51b6163b556
0.0,,rss_mini,0.0,rss-n20-p0bar,W-potential/fcc-restart/05-rss-round-1/rss-selection/source-frames/rss-n20-p0bar.xyz,8,0.1699149773665705,,16.700850190702585,1.2855289694620684,1.248527213707524,,False,False,,,,,False,20,0.0,0,258,000775.poscar,unary-W/W-00258-0.poscar,/home/tuzhengyu/work/WTaTi/W-potential/fcc-restart/05-rss-round-1/rss/minimized/unary-W/W-00258-0.poscar,W-potential/fcc-restart/05-rss-round-1/rss/raw/unary-W/W-00258.poscar,7d253ca8df09be7825a5703cae4f42ab966f1147ab359d7771b63986c64a9947,7d253ca8df09be7825a5703cae4f42ab966f1147ab359d7771b63986c64a9947
0.0,,rss_mini,0.0,rss-n20-p0bar,W-potential/fcc-restart/05-rss-round-1/rss-selection/source-frames/rss-n20-p0bar.xyz,9,0.15759169707560872,,17.106865558516127,0.22647338822535065,0.2736683099452982,,False,False,,,,,False,20,0.0,0,259,000778.poscar,unary-W/W-00259-0.poscar,/home/tuzhengyu/work/WTaTi/W-potential/fcc-restart/05-rss-round-1/rss/minimized/unary-W/W-00259-0.poscar,W-potential/fcc-restart/05-rss-round-1/rss/raw/unary-W/W-00259.poscar,246d6b1d1555b0a456df9a2ea77f5573b5ecf68272f4c9c25115164c9787e924,246d6b1d1555b0a456df9a2ea77f5573b5ecf68272f4c9c25115164c9787e924
0.0,,rss_mini,0.0,rss-n20-p0bar,W-potential/fcc-restart/05-rss-round-1/rss-selection/source-frames/rss-n20-p0bar.xyz,10,0.009465881933870744,,15.836980222723017,0.05783857977925201,0.05843965820298248,,False,False,,,,,False,20,0.0,0,260,000781.poscar,unary-W/W-00260-0.poscar,/home/tuzhengyu/work/WTaTi/W-potential/fcc-restart/05-rss-round-1/rss/minimized/unary-W/W-00260-0.poscar,W-potential/fcc-restart/05-rss-round-1/rss/raw/unary-W/W-00260.poscar,b8c7be28ce015ae265bf8d27a1f39ee8aa0323b195311142befa69f13b4af0c3,b8c7be28ce015ae265bf8d27a1f39ee8aa0323b195311142befa69f13b4af0c3
0.0,,rss_mini,0.0,rss-n20-p0bar,W-potential/fcc-restart/05-rss-round-1/rss-selection/source-frames/rss-n20-p0bar.xyz,11,0.12208887838332327,,16.849131220014254,0.2329508109643816,0.27672805748241425,,False,False,,,,,False,20,0.0,0,261,000784.poscar,unary-W/W-00261-0.poscar,/home/tuzhengyu/work/WTaTi/W-potential/fcc-restart/05-rss-round-1/rss/minimized/unary-W/W-00261-0.poscar,W-potential/fcc-restart/05-rss-round-1/rss/raw/unary-W/W-00261.poscar,8035301b1d00fe37092605063b1c79adbf4c1c1ecb6021e8c9bfbbe2de69fe0e,8035301b1d00fe37092605063b1c79adbf4c1c1ecb6021e8c9bfbbe2de69fe0e
0.0,,rss_mini,0.0,rss-n20-p0bar,W-potential/fcc-restart/05-rss-round-1/rss-selection/source-frames/rss-n20-p0bar.xyz,12,0.2024940104404605,,16.625889606722744,0.2196488729806977,0.2980279439773062,,False,False,,,,,False,20,0.0,0,262,000787.poscar,unary-W/W-00262-0.poscar,/home/tuzhengyu/work/WTaTi/W-potential/fcc-restart/05-rss-round-1/rss/minimized/unary-W/W-00262-0.poscar,W-potential/fcc-restart/05-rss-round-1/rss/raw/unary-W/W-00262.poscar,06af99f89f96a2033723477fe0f3c6e8577e33b7a01dd8a7738acc77fdbc46c4,06af99f89f96a2033723477fe0f3c6e8577e33b7a01dd8a7738acc77fdbc46c4
0.0,,rss_mini,0.0,rss-n20-p0bar,W-potential/fcc-restart/05-rss-round-1/rss-selection/source-frames/rss-n20-p0bar.xyz,13,0.225592795842604,,17.215567342859426,0.30084715722831484,0.3245049763807868,,False,False,,,,,False,20,0.0,0,263,000790.poscar,unary-W/W-00263-0.poscar,/home/tuzhengyu/work/WTaTi/W-potential/fcc-restart/05-rss-round-1/rss/minimized/unary-W/W-00263-0.poscar,W-potential/fcc-restart/05-rss-round-1/rss/raw/unary-W/W-00263.poscar,b05076197827eb2a5a6531ace7bfc6a19269c35bef045de427d0d1ae44fa2e48,b05076197827eb2a5a6531ace7bfc6a19269c35bef045de427d0d1ae44fa2e48
0.0,,rss_mini,0.0,rss-n20-p0bar,W-potential/fcc-restart/05-rss-round-1/rss-selection/source-frames/rss-n20-p0bar.xyz,14,0.12165816359042954,,17.197943650569677,0.3366983628613919,0.32009988398785916,,False,False,,,,,False,20,0.0,0,264,000793.poscar,unary-W/W-00264-0.poscar,/home/tuzhengyu/work/WTaTi/W-potential/fcc-restart/05-rss-round-1/rss/minimized/unary-W/W-00264-0.poscar,W-potential/fcc-restart/05-rss-round-1/rss/raw/unary-W/W-00264.poscar,423365f29ff03981f69ba57a8c363855ce8c67ad6fc9e70dd78948a8230f3df1,423365f29ff03981f69ba57a8c363855ce8c67ad6fc9e70dd78948a8230f3df1
0.0,,rss_mini,0.0,rss-n20-p0bar,W-potential/fcc-restart/05-rss-round-1/rss-selection/source-frames/rss-n20-p0bar.xyz,15,0.19018733149092903,,17.120022077739016,0.4533662335707575,0.4818915545331787,,False,False,,,,,False,20,0.0,0,265,000796.poscar,unary-W/W-00265-0.poscar,/home/tuzhengyu/work/WTaTi/W-potential/fcc-restart/05-rss-round-1/rss/minimized/unary-W/W-00265-0.poscar,W-potential/fcc-restart/05-rss-round-1/rss/raw/unary-W/W-00265.poscar,3e351a8f1e8421b37a452576f4928b2aa855218d2e0ee99304cd605e39e5ce9b,3e351a8f1e8421b37a452576f4928b2aa855218d2e0ee99304cd605e39e5ce9b
0.0,,rss_mini,0.0,rss-n20-p0bar,W-potential/fcc-restart/05-rss-round-1/rss-selection/source-frames/rss-n20-p0bar.xyz,16,0.22205354792195933,,16.399883145987666,0.4049046755889536,0.5213755542068524,,False,False,,,,,False,20,0.0,0,266,000799.poscar,unary-W/W-00266-0.poscar,/home/tuzhengyu/work/WTaTi/W-potential/fcc-restart/05-rss-round-1/rss/minimized/unary-W/W-00266-0.poscar,W-potential/fcc-restart/05-rss-round-1/rss/raw/unary-W/W-00266.poscar,a7cbe7734a6af4c59d9e011398c2c2c8ea72a6e1d46dfa1208245b3fd71819f7,a7cbe7734a6af4c59d9e011398c2c2c8ea72a6e1d46dfa1208245b3fd71819f7
0.0,,rss_mini,0.0,rss-n20-p0bar,W-potential/fcc-restart/05-rss-round-1/rss-selection/source-frames/rss-n20-p0bar.xyz,17,0.12203167224002114,,17.054572462996013,0.24210555410565848,0.33623810599995574,,False,False,,,,,False,20,0.0,0,267,000802.poscar,unary-W/W-00267-0.poscar,/home/tuzhengyu/work/WTaTi/W-potential/fcc-restart/05-rss-round-1/rss/minimized/unary-W/W-00267-0.poscar,W-potential/fcc-restart/05-rss-round-1/rss/raw/unary-W/W-00267.poscar,0f5e2e9997c0b1fd64194f495ee2021943de4ddfe52af739f260c538130d5438,0f5e2e9997c0b1fd64194f495ee2021943de4ddfe52af739f260c538130d5438
0.0,,rss_mini,0.0,rss-n20-p0bar,W-potential/fcc-restart/05-rss-round-1/rss-selection/source-frames/rss-n20-p0bar.xyz,18,0.20616514176164324,,16.085104848091085,2.0049634548648676,2.122591555739053,,False,False,,,,,False,20,0.0,0,268,000805.poscar,unary-W/W-00268-0.poscar,/home/tuzhengyu/work/WTaTi/W-potential/fcc-restart/05-rss-round-1/rss/minimized/unary-W/W-00268-0.poscar,W-potential/fcc-restart/05-rss-round-1/rss/raw/unary-W/W-00268.poscar,ec0ac09c5b5c1cc638b0aad68ae17a895085210656b062430b4d1cf5f15345dd,ec0ac09c5b5c1cc638b0aad68ae17a895085210656b062430b4d1cf5f15345dd
0.0,,rss_mini,0.0,rss-n20-p0bar,W-potential/fcc-restart/05-rss-round-1/rss-selection/source-frames/rss-n20-p0bar.xyz,19,0.002479337461120675,,15.852766394573806,0.011234126213261912,0.01073566692245049,,False,False,,,,,False,20,0.0,0,269,000808.poscar,unary-W/W-00269-0.poscar,/home/tuzhengyu/work/WTaTi/W-potential/fcc-restart/05-rss-round-1/rss/minimized/unary-W/W-00269-0.poscar,W-potential/fcc-restart/05-rss-round-1/rss/raw/unary-W/W-00269.poscar,7c700ce0719962483781edda04016639d3db24ee825fcd2e8aa92cc829894293,7c700ce0719962483781edda04016639d3db24ee825fcd2e8aa92cc829894293
0.0,,rss_mini,0.0,rss-n20-p0bar,W-potential/fcc-restart/05-rss-round-1/rss-selection/source-frames/rss-n20-p0bar.xyz,20,0.3551600957018352,,16.90761874087935,0.3740076950402649,0.7661642150276504,,False,False,,,,,False,20,0.0,0,270,000811.poscar,unary-W/W-00270-0.poscar,/home/tuzhengyu/work/WTaTi/W-potential/fcc-restart/05-rss-round-1/rss/minimized/unary-W/W-00270-0.poscar,W-potential/fcc-restart/05-rss-round-1/rss/raw/unary-W/W-00270.poscar,be6cf5a30c49545dd4364ab8f48bbf373a00764f38d6d6243365680af669251b,be6cf5a30c49545dd4364ab8f48bbf373a00764f38d6d6243365680af669251b
0.0,,rss_mini,0.0,rss-n20-p0bar,W-potential/fcc-restart/05-rss-round-1/rss-selection/source-frames/rss-n20-p0bar.xyz,21,0.020196746535265445,,15.932719023240868,0.11172353014062067,0.1107942774759538,,False,False,,,,,False,20,0.0,0,271,000814.poscar,unary-W/W-00271-0.poscar,/home/tuzhengyu/work/WTaTi/W-potential/fcc-restart/05-rss-round-1/rss/minimized/unary-W/W-00271-0.poscar,W-potential/fcc-restart/05-rss-round-1/rss/raw/unary-W/W-00271.poscar,9ea5eddf4a7b325177d38b875205fa0195ae33fd5ae3a8674bee9e15fafddca4,9ea5eddf4a7b325177d38b875205fa0195ae33fd5ae3a8674bee9e15fafddca4
0.0,,rss_mini,0.0,rss-n20-p0bar,W-potential/fcc-restart/05-rss-round-1/rss-selection/source-frames/rss-n20-p0bar.xyz,22,0.23962188761116093,,17.50908999929262,0.21113088572976244,0.332727929937915,,False,False,,,,,False,20,0.0,0,272,000817.poscar,unary-W/W-00272-0.poscar,/home/tuzhengyu/work/WTaTi/W-potential/fcc-restart/05-rss-round-1/rss/minimized/unary-W/W-00272-0.poscar,W-potential/fcc-restart/05-rss-round-1/rss/raw/unary-W/W-00272.poscar,929b17715ef6684ff49f1ec62c78c9afad4fc0ed1fa5a1beca210a7559e812a0,929b17715ef6684ff49f1ec62c78c9afad4fc0ed1fa5a1beca210a7559e812a0
0.0,,rss_mini,0.0,rss-n20-p0bar,W-potential/fcc-restart/05-rss-round-1/rss-selection/source-frames/rss-n20-p0bar.xyz,23,0.15288973349338913,,17.01028859469269,0.5078449437987621,0.5360957319937247,,False,False,,,,,False,20,0.0,0,273,000820.poscar,unary-W/W-00273-0.poscar,/home/tuzhengyu/work/WTaTi/W-potential/fcc-restart/05-rss-round-1/rss/minimized/unary-W/W-00273-0.poscar,W-potential/fcc-restart/05-rss-round-1/rss/raw/unary-W/W-00273.poscar,3c0b1f5b498b3e15c82b5fda7d32acc343071115bf5e43b97ddb1ece425f087f,3c0b1f5b498b3e15c82b5fda7d32acc343071115bf5e43b97ddb1ece425f087f
0.0,,rss_mini,0.0,rss-n20-p0bar,W-potential/fcc-restart/05-rss-round-1/rss-selection/source-frames/rss-n20-p0bar.xyz,24,0.2194738539151495,,16.83622834079696,0.2352968504932549,0.4285687742233317,,False,False,,,,,False,20,0.0,0,274,000823.poscar,unary-W/W-00274-0.poscar,/home/tuzhengyu/work/WTaTi/W-potential/fcc-restart/05-rss-round-1/rss/minimized/unary-W/W-00274-0.poscar,W-potential/fcc-restart/05-rss-round-1/rss/raw/unary-W/W-00274.poscar,608b2e3eef354f2099dd109b42602d2a11bf52d29bf125d91ea3ac31f58388b3,608b2e3eef354f2099dd109b42602d2a11bf52d29bf125d91ea3ac31f58388b3
0.0,,rss_mini,0.0,rss-n20-p0bar,W-potential/fcc-restart/05-rss-round-1/rss-selection/source-frames/rss-n20-p0bar.xyz,25,0.20682336131670864,,16.538020788588295,0.24582116537238066,0.3652510388572776,,False,False,,,,,False,20,0.0,0,275,000826.poscar,unary-W/W-00275-0.poscar,/home/tuzhengyu/work/WTaTi/W-potential/fcc-restart/05-rss-round-1/rss/minimized/unary-W/W-00275-0.poscar,W-potential/fcc-restart/05-rss-round-1/rss/raw/unary-W/W-00275.poscar,712177c9a7a87d7a9cb55afb0c6d7e8a1eb93c308af1f117b52744a68743f26f,712177c9a7a87d7a9cb55afb0c6d7e8a1eb93c308af1f117b52744a68743f26f
0.0,,rss_mini,0.0,rss-n20-p0bar,W-potential/fcc-restart/05-rss-round-1/rss-selection/source-frames/rss-n20-p0bar.xyz,26,0.08869220122084484,,16.437553471759074,0.09305461244296087,0.1363442458050111,,False,False,,,,,False,20,0.0,0,276,000829.poscar,unary-W/W-00276-0.poscar,/home/tuzhengyu/work/WTaTi/W-potential/fcc-restart/05-rss-round-1/rss/minimized/unary-W/W-00276-0.poscar,W-potential/fcc-restart/05-rss-round-1/rss/raw/unary-W/W-00276.poscar,53dbf3f9aa9b66de401931d160dfdb9635188b384f54823c468dfb7a1b1029a0,53dbf3f9aa9b66de401931d160dfdb9635188b384f54823c468dfb7a1b1029a0
0.0,,rss_mini,0.0,rss-n20-p0bar,W-potential/fcc-restart/05-rss-round-1/rss-selection/source-frames/rss-n20-p0bar.xyz,27,0.14680442992899576,,17.110717059326056,0.24355313590297006,0.3246201703702247,,False,False,,,,,False,20,0.0,0,277,000832.poscar,unary-W/W-00277-0.poscar,/home/tuzhengyu/work/WTaTi/W-potential/fcc-restart/05-rss-round-1/rss/minimized/unary-W/W-00277-0.poscar,W-potential/fcc-restart/05-rss-round-1/rss/raw/unary-W/W-00277.poscar,314c9122e119fb271778bbb7b416de2c73fd38846d0b795c1af77f898cf29df7,314c9122e119fb271778bbb7b416de2c73fd38846d0b795c1af77f898cf29df7
0.0,,rss_mini,0.0,rss-n20-p0bar,W-potential/fcc-restart/05-rss-round-1/rss-selection/source-frames/rss-n20-p0bar.xyz,28,0.1603454631105855,,17.07765912313638,0.3034596011259703,0.2602273434132661,,False,False,,,,,False,20,0.0,0,278,000835.poscar,unary-W/W-00278-0.poscar,/home/tuzhengyu/work/WTaTi/W-potential/fcc-restart/05-rss-round-1/rss/minimized/unary-W/W-00278-0.poscar,W-potential/fcc-restart/05-rss-round-1/rss/raw/unary-W/W-00278.poscar,21c0e399bab3b2083fed588e27b9dc1e0c2f7a3051fbc3bd5e09cc5e855ab376,21c0e399bab3b2083fed588e27b9dc1e0c2f7a3051fbc3bd5e09cc5e855ab376
0.0,,rss_mini,0.0,rss-n20-p0bar,W-potential/fcc-restart/05-rss-round-1/rss-selection/source-frames/rss-n20-p0bar.xyz,29,0.14085888138479144,,16.773861792860043,0.19650791462519843,0.20026354611564684,,False,False,,,,,False,20,0.0,0,279,000838.poscar,unary-W/W-00279-0.poscar,/home/tuzhengyu/work/WTaTi/W-potential/fcc-restart/05-rss-round-1/rss/minimized/unary-W/W-00279-0.poscar,W-potential/fcc-restart/05-rss-round-1/rss/raw/unary-W/W-00279.poscar,291baf7b2fbf9d2e358c20154c3a63f6045f9476c2b65c2818171c427c7fc836,291baf7b2fbf9d2e358c20154c3a63f6045f9476c2b65c2818171c427c7fc836
0.0,,rss_mini,0.0,rss-n20-p0bar,W-potential/fcc-restart/05-rss-round-1/rss-selection/source-frames/rss-n20-p0bar.xyz,30,0.17167546227181077,,17.184897676490724,0.2660644571536319,0.33353440140341123,,False,False,,,,,False,20,0.0,0,280,000841.poscar,unary-W/W-00280-0.poscar,/home/tuzhengyu/work/WTaTi/W-potential/fcc-restart/05-rss-round-1/rss/minimized/unary-W/W-00280-0.poscar,W-potential/fcc-restart/05-rss-round-1/rss/raw/unary-W/W-00280.poscar,844f0a15ec434f5f19b76b387a2cc8e115edf918ec3eddbbc7ea535d532fb5cc,844f0a15ec434f5f19b76b387a2cc8e115edf918ec3eddbbc7ea535d532fb5cc
0.0,,rss_mini,0.0,rss-n20-p0bar,W-potential/fcc-restart/05-rss-round-1/rss-selection/source-frames/rss-n20-p0bar.xyz,31,0.14675112636463422,,17.361979968626546,0.6829472732377401,0.6246288187208344,,False,False,,,,,False,20,0.0,0,281,000844.poscar,unary-W/W-00281-0.poscar,/home/tuzhengyu/work/WTaTi/W-potential/fcc-restart/05-rss-round-1/rss/minimized/unary-W/W-00281-0.poscar,W-potential/fcc-restart/05-rss-round-1/rss/raw/unary-W/W-00281.poscar,667a10bf3f2bc48feb0a5f6387cee79073edc41f0a9e6ed1c1191a8881e9c8de,667a10bf3f2bc48feb0a5f6387cee79073edc41f0a9e6ed1c1191a8881e9c8de
0.0,,rss_mini,0.0,rss-n20-p0bar,W-potential/fcc-restart/05-rss-round-1/rss-selection/source-frames/rss-n20-p0bar.xyz,32,0.11603555834324081,,17.01219526114778,0.4366047267297454,0.4329884357002686,,False,False,,,,,False,20,0.0,0,282,000847.poscar,unary-W/W-00282-0.poscar,/home/tuzhengyu/work/WTaTi/W-potential/fcc-restart/05-rss-round-1/rss/minimized/unary-W/W-00282-0.poscar,W-potential/fcc-restart/05-rss-round-1/rss/raw/unary-W/W-00282.poscar,78cd421de0ef618c4a71820192bc43cab45184102f4f12dd0284980cdc46c8b7,78cd421de0ef618c4a71820192bc43cab45184102f4f12dd0284980cdc46c8b7
0.0,,rss_mini,0.0,rss-n20-p0bar,W-potential/fcc-restart/05-rss-round-1/rss-selection/source-frames/rss-n20-p0bar.xyz,33,0.2147975272923561,,17.275655157888238,0.38906883176154194,0.4765213401767732,,False,False,,,,,False,20,0.0,0,283,000850.poscar,unary-W/W-00283-0.poscar,/home/tuzhengyu/work/WTaTi/W-potential/fcc-restart/05-rss-round-1/rss/minimized/unary-W/W-00283-0.poscar,W-potential/fcc-restart/05-rss-round-1/rss/raw/unary-W/W-00283.poscar,3e33b9fe5e7fc29467f3b604663e54aacf043bd95bb8f4b823a6e15f1c5131e9,3e33b9fe5e7fc29467f3b604663e54aacf043bd95bb8f4b823a6e15f1c5131e9
0.0,,rss_mini,0.0,rss-n20-p0bar,W-potential/fcc-restart/05-rss-round-1/rss-selection/source-frames/rss-n20-p0bar.xyz,34,0.17346995820038116,,16.883357124576023,0.271510008829108,0.33068466029680393,,False,False,,,,,False,20,0.0,0,284,000853.poscar,unary-W/W-00284-0.poscar,/home/tuzhengyu/work/WTaTi/W-potential/fcc-restart/05-rss-round-1/rss/minimized/unary-W/W-00284-0.poscar,W-potential/fcc-restart/05-rss-round-1/rss/raw/unary-W/W-00284.poscar,fb47dce4009527bc7cb675c2b01d191dea111994793ccdbb67f1a0fe34f106ba,fb47dce4009527bc7cb675c2b01d191dea111994793ccdbb67f1a0fe34f106ba
0.0,,rss_mini,0.0,rss-n20-p0bar,W-potential/fcc-restart/05-rss-round-1/rss-selection/source-frames/rss-n20-p0bar.xyz,35,0.19753828109684912,,16.46317153590885,0.8075813694225055,0.9091456611206487,,False,False,,,,,False,20,0.0,0,285,000856.poscar,unary-W/W-00285-0.poscar,/home/tuzhengyu/work/WTaTi/W-potential/fcc-restart/05-rss-round-1/rss/minimized/unary-W/W-00285-0.poscar,W-potential/fcc-restart/05-rss-round-1/rss/raw/unary-W/W-00285.poscar,15e0e26ccbd62fcb6c36bf43c8225369a95c71c253a475698aedb1428956ec62,15e0e26ccbd62fcb6c36bf43c8225369a95c71c253a475698aedb1428956ec62
0.0,,rss_mini,0.0,rss-n20-p0bar,W-potential/fcc-restart/05-rss-round-1/rss-selection/source-frames/rss-n20-p0bar.xyz,36,0.2699781998687994,,16.852491142716765,0.2629239470630419,0.3827094358219467,,False,False,,,,,False,20,0.0,0,286,000859.poscar,unary-W/W-00286-0.poscar,/home/tuzhengyu/work/WTaTi/W-potential/fcc-restart/05-rss-round-1/rss/minimized/unary-W/W-00286-0.poscar,W-potential/fcc-restart/05-rss-round-1/rss/raw/unary-W/W-00286.poscar,ea3bb167573df1173e10fd16229b6ffaf1524d501c307bc6bb0901c3bc120d4d,ea3bb167573df1173e10fd16229b6ffaf1524d501c307bc6bb0901c3bc120d4d
0.0,,rss_mini,0.0,rss-n20-p0bar,W-potential/fcc-restart/05-rss-round-1/rss-selection/source-frames/rss-n20-p0bar.xyz,37,0.1547161471646491,,17.364285946284337,0.35669164269796794,0.3490497251041501,,False,False,,,,,False,20,0.0,0,287,000862.poscar,unary-W/W-00287-0.poscar,/home/tuzhengyu/work/WTaTi/W-potential/fcc-restart/05-rss-round-1/rss/minimized/unary-W/W-00287-0.poscar,W-potential/fcc-restart/05-rss-round-1/rss/raw/unary-W/W-00287.poscar,db1fb2a49b5a11bcac5b1093ae881e8650809701824d298adfa69790481fe1f7,db1fb2a49b5a11bcac5b1093ae881e8650809701824d298adfa69790481fe1f7
0.0,,rss_mini,0.0,rss-n20-p0bar,W-potential/fcc-restart/05-rss-round-1/rss-selection/source-frames/rss-n20-p0bar.xyz,38,0.15646119710713477,,16.915658614564144,0.2091412099496491,0.2509838735174747,,False,False,,,,,False,20,0.0,0,288,000865.poscar,unary-W/W-00288-0.poscar,/home/tuzhengyu/work/WTaTi/W-potential/fcc-restart/05-rss-round-1/rss/minimized/unary-W/W-00288-0.poscar,W-potential/fcc-restart/05-rss-round-1/rss/raw/unary-W/W-00288.poscar,036c7e1d53fe3369b5cf4503125cd39c2ddac51be99f2151a19f7573affa6947,036c7e1d53fe3369b5cf4503125cd39c2ddac51be99f2151a19f7573affa6947
0.0,,rss_mini,0.0,rss-n20-p0bar,W-potential/fcc-restart/05-rss-round-1/rss-selection/source-frames/rss-n20-p0bar.xyz,39,0.1394148505291979,,17.287205693532716,0.33276732894788197,0.32880603113332174,,False,False,,,,,False,20,0.0,0,289,000868.poscar,unary-W/W-00289-0.poscar,/home/tuzhengyu/work/WTaTi/W-potential/fcc-restart/05-rss-round-1/rss/minimized/unary-W/W-00289-0.poscar,W-potential/fcc-restart/05-rss-round-1/rss/raw/unary-W/W-00289.poscar,84983597ebde91175e3b8041caa3e541da9dcde9aa1a816cb60c1ac64230b189,84983597ebde91175e3b8041caa3e541da9dcde9aa1a816cb60c1ac64230b189
0.0,,rss_mini,0.0,rss-n20-p0bar,W-potential/fcc-restart/05-rss-round-1/rss-selection/source-frames/rss-n20-p0bar.xyz,40,0.1794580399297755,,17.218662647217265,0.5258298967769058,0.6760972362371777,,False,False,,,,,False,20,0.0,0,290,000871.poscar,unary-W/W-00290-0.poscar,/home/tuzhengyu/work/WTaTi/W-potential/fcc-restart/05-rss-round-1/rss/minimized/unary-W/W-00290-0.poscar,W-potential/fcc-restart/05-rss-round-1/rss/raw/unary-W/W-00290.poscar,37aa699fe8784825e3a9081f5b55abe71c11a11f476dc750dbeb0a1eaf09b3e4,37aa699fe8784825e3a9081f5b55abe71c11a11f476dc750dbeb0a1eaf09b3e4
0.0,,rss_mini,0.0,rss-n20-p0bar,W-potential/fcc-restart/05-rss-round-1/rss-selection/source-frames/rss-n20-p0bar.xyz,41,0.2569124049025309,,17.03754909126676,0.43858725760030115,0.49164160239439236,,False,False,,,,,False,20,0.0,0,291,000874.poscar,unary-W/W-00291-0.poscar,/home/tuzhengyu/work/WTaTi/W-potential/fcc-restart/05-rss-round-1/rss/minimized/unary-W/W-00291-0.poscar,W-potential/fcc-restart/05-rss-round-1/rss/raw/unary-W/W-00291.poscar,c59c61d67a1ac662656b4bd74330363d5300b8d63a5e3dca5aea4c2c13009ddb,c59c61d67a1ac662656b4bd74330363d5300b8d63a5e3dca5aea4c2c13009ddb
0.0,,rss_mini,0.0,rss-n20-p0bar,W-potential/fcc-restart/05-rss-round-1/rss-selection/source-frames/rss-n20-p0bar.xyz,42,0.20383802680036262,,16.86569811777481,0.36961044347890043,0.44775350051879265,,False,False,,,,,False,20,0.0,0,292,000877.poscar,unary-W/W-00292-0.poscar,/home/tuzhengyu/work/WTaTi/W-potential/fcc-restart/05-rss-round-1/rss/minimized/unary-W/W-00292-0.poscar,W-potential/fcc-restart/05-rss-round-1/rss/raw/unary-W/W-00292.poscar,13cb4afbd679ef14bc9f2d499a113c056f094d115c039c6237ba0883cb939cc8,13cb4afbd679ef14bc9f2d499a113c056f094d115c039c6237ba0883cb939cc8
0.0,,rss_mini,0.0,rss-n20-p0bar,W-potential/fcc-restart/05-rss-round-1/rss-selection/source-frames/rss-n20-p0bar.xyz,43,0.18689940670981392,,16.583321359056928,0.24872920656087524,0.29161555956428137,,False,False,,,,,False,20,0.0,0,293,000880.poscar,unary-W/W-00293-0.poscar,/home/tuzhengyu/work/WTaTi/W-potential/fcc-restart/05-rss-round-1/rss/minimized/unary-W/W-00293-0.poscar,W-potential/fcc-restart/05-rss-round-1/rss/raw/unary-W/W-00293.poscar,253af3d49ddf98816f5af3c26282995d30a21b25f7e746c64901735eb59fea90,253af3d49ddf98816f5af3c26282995d30a21b25f7e746c64901735eb59fea90
0.0,,rss_mini,0.0,rss-n20-p0bar,W-potential/fcc-restart/05-rss-round-1/rss-selection/source-frames/rss-n20-p0bar.xyz,44,0.1685342856741685,,16.525075470303385,0.4492149333913321,0.474370093449557,,False,False,,,,,False,20,0.0,0,294,000883.poscar,unary-W/W-00294-0.poscar,/home/tuzhengyu/work/WTaTi/W-potential/fcc-restart/05-rss-round-1/rss/minimized/unary-W/W-00294-0.poscar,W-potential/fcc-restart/05-rss-round-1/rss/raw/unary-W/W-00294.poscar,341c1d7d1d4ba76e2843d5590f414d1578bbf5639cfcb2a901e49d6c09a1afc7,341c1d7d1d4ba76e2843d5590f414d1578bbf5639cfcb2a901e49d6c09a1afc7
0.0,,rss_mini,0.0,rss-n20-p0bar,W-potential/fcc-restart/05-rss-round-1/rss-selection/source-frames/rss-n20-p0bar.xyz,45,0.1359883842649594,,16.861218947215686,0.534771330662332,0.5498305804532122,,False,False,,,,,False,20,0.0,0,295,000886.poscar,unary-W/W-00295-0.poscar,/home/tuzhengyu/work/WTaTi/W-potential/fcc-restart/05-rss-round-1/rss/minimized/unary-W/W-00295-0.poscar,W-potential/fcc-restart/05-rss-round-1/rss/raw/unary-W/W-00295.poscar,6577148a940fecc8021b769281638f2146288c62a8e24c52f9ba46b33504bdb6,6577148a940fecc8021b769281638f2146288c62a8e24c52f9ba46b33504bdb6
0.0,,rss_mini,0.0,rss-n20-p0bar,W-potential/fcc-restart/05-rss-round-1/rss-selection/source-frames/rss-n20-p0bar.xyz,46,0.16181222623088762,,16.901836343615223,0.24530487264923453,0.30084470656136686,,False,False,,,,,False,20,0.0,0,296,000889.poscar,unary-W/W-00296-0.poscar,/home/tuzhengyu/work/WTaTi/W-potential/fcc-restart/05-rss-round-1/rss/minimized/unary-W/W-00296-0.poscar,W-potential/fcc-restart/05-rss-round-1/rss/raw/unary-W/W-00296.poscar,13c6af2bc55a4b1fb7ad9d847ed7f248329e182cb5c4f5b88dbd190b6f745685,13c6af2bc55a4b1fb7ad9d847ed7f248329e182cb5c4f5b88dbd190b6f745685
0.0,,rss_mini,0.0,rss-n20-p0bar,W-potential/fcc-restart/05-rss-round-1/rss-selection/source-frames/rss-n20-p0bar.xyz,47,0.22652172234244078,,17.114553213800065,0.1905898466648541,0.3745054249990392,,False,False,,,,,False,20,0.0,0,297,000892.poscar,unary-W/W-00297-0.poscar,/home/tuzhengyu/work/WTaTi/W-potential/fcc-restart/05-rss-round-1/rss/minimized/unary-W/W-00297-0.poscar,W-potential/fcc-restart/05-rss-round-1/rss/raw/unary-W/W-00297.poscar,5eb09c029d352fca456481424926d9733c48acb3343c8c5279e1ddbbef678bc7,5eb09c029d352fca456481424926d9733c48acb3343c8c5279e1ddbbef678bc7
0.0,,rss_mini,0.0,rss-n20-p0bar,W-potential/fcc-restart/05-rss-round-1/rss-selection/source-frames/rss-n20-p0bar.xyz,48,0.20393178484288035,,16.504330935125274,0.7067886296450969,0.8108308568703538,,False,False,,,,,False,20,0.0,0,298,000895.poscar,unary-W/W-00298-0.poscar,/home/tuzhengyu/work/WTaTi/W-potential/fcc-restart/05-rss-round-1/rss/minimized/unary-W/W-00298-0.poscar,W-potential/fcc-restart/05-rss-round-1/rss/raw/unary-W/W-00298.poscar,9ad560e60195bfcfea70686117ea85fcb8edf9ca413b06440f071b8993652668,9ad560e60195bfcfea70686117ea85fcb8edf9ca413b06440f071b8993652668
0.0,,rss_mini,0.0,rss-n20-p0bar,W-potential/fcc-restart/05-rss-round-1/rss-selection/source-frames/rss-n20-p0bar.xyz,49,0.18313604797947045,,17.467565012203423,0.8644894457859288,0.8621393155291154,,False,False,,,,,False,20,0.0,0,299,000898.poscar,unary-W/W-00299-0.poscar,/home/tuzhengyu/work/WTaTi/W-potential/fcc-restart/05-rss-round-1/rss/minimized/unary-W/W-00299-0.poscar,W-potential/fcc-restart/05-rss-round-1/rss/raw/unary-W/W-00299.poscar,513eb23c21ac4bf0a7121d492ed1d7bd7f2f8a9a6d607dae2975b04063ea2d82,513eb23c21ac4bf0a7121d492ed1d7bd7f2f8a9a6d607dae2975b04063ea2d82
20.0,,rss_mini,20.0,rss-n20-p200000bar,W-potential/fcc-restart/05-rss-round-1/rss-selection/source-frames/rss-n20-p200000bar.xyz,0,0.140761919096928,,15.738226552485358,1.5106090958638931,1.5326691271255217,,False,False,,,,,False,20,200000.0,1,250,000752.poscar,unary-W/W-00250-1.poscar,/home/tuzhengyu/work/WTaTi/W-potential/fcc-restart/05-rss-round-1/rss/minimized/unary-W/W-00250-1.poscar,W-potential/fcc-restart/05-rss-round-1/rss/raw/unary-W/W-00250.poscar,ae0f75456474c21b67dd01d3e9262a0aae610e5f4524d259359f8ea30a0be537,ae0f75456474c21b67dd01d3e9262a0aae610e5f4524d259359f8ea30a0be537
20.0,,rss_mini,20.0,rss-n20-p200000bar,W-potential/fcc-restart/05-rss-round-1/rss-selection/source-frames/rss-n20-p200000bar.xyz,1,0.16077601321510587,,15.676774185402113,0.9287809739430912,0.9545342948202468,,False,False,,,,,False,20,200000.0,1,251,000755.poscar,unary-W/W-00251-1.poscar,/home/tuzhengyu/work/WTaTi/W-potential/fcc-restart/05-rss-round-1/rss/minimized/unary-W/W-00251-1.poscar,W-potential/fcc-restart/05-rss-round-1/rss/raw/unary-W/W-00251.poscar,ad71c685c989ca68f19354c790fe097c2b07ae530a7c6187f02b61ed72045e8a,ad71c685c989ca68f19354c790fe097c2b07ae530a7c6187f02b61ed72045e8a
20.0,,rss_mini,20.0,rss-n20-p200000bar,W-potential/fcc-restart/05-rss-round-1/rss-selection/source-frames/rss-n20-p200000bar.xyz,2,0.2636619479623966,,15.641994506492718,0.9769101814871834,1.1195934626336725,,False,False,,,,,False,20,200000.0,1,252,000758.poscar,unary-W/W-00252-1.poscar,/home/tuzhengyu/work/WTaTi/W-potential/fcc-restart/05-rss-round-1/rss/minimized/unary-W/W-00252-1.poscar,W-potential/fcc-restart/05-rss-round-1/rss/raw/unary-W/W-00252.poscar,6609740f444c4c90879e740cf5d671a2b9b81c88f54a92b38e5e1782c4db414c,6609740f444c4c90879e740cf5d671a2b9b81c88f54a92b38e5e1782c4db414c
20.0,,rss_mini,20.0,rss-n20-p200000bar,W-potential/fcc-restart/05-rss-round-1/rss-selection/source-frames/rss-n20-p200000bar.xyz,3,0.2584676269781938,,15.893702401547902,0.42247394389215265,0.44205597797998525,,False,False,,,,,False,20,200000.0,1,253,000761.poscar,unary-W/W-00253-1.poscar,/home/tuzhengyu/work/WTaTi/W-potential/fcc-restart/05-rss-round-1/rss/minimized/unary-W/W-00253-1.poscar,W-potential/fcc-restart/05-rss-round-1/rss/raw/unary-W/W-00253.poscar,de970b5bcd0f23584ecb684873e0656ec795d498800a84acc7c77290f6ee8617,de970b5bcd0f23584ecb684873e0656ec795d498800a84acc7c77290f6ee8617
20.0,,rss_mini,20.0,rss-n20-p200000bar,W-potential/fcc-restart/05-rss-round-1/rss-selection/source-frames/rss-n20-p200000bar.xyz,4,0.16109217447239904,,15.946173688638652,0.4020292405309475,0.5533042369119907,,False,False,,,,,False,20,200000.0,1,254,000764.poscar,unary-W/W-00254-1.poscar,/home/tuzhengyu/work/WTaTi/W-potential/fcc-restart/05-rss-round-1/rss/minimized/unary-W/W-00254-1.poscar,W-potential/fcc-restart/05-rss-round-1/rss/raw/unary-W/W-00254.poscar,c7a4b13cf554d040e6c4c4c009aae39710797545a07b957d74741cfeeaf847b8,c7a4b13cf554d040e6c4c4c009aae39710797545a07b957d74741cfeeaf847b8
20.0,,rss_mini,20.0,rss-n20-p200000bar,W-potential/fcc-restart/05-rss-round-1/rss-selection/source-frames/rss-n20-p200000bar.xyz,5,0.19436458034701823,,15.605541672235256,0.3466037374766172,0.48082393264302237,,False,False,,,,,False,20,200000.0,1,255,000767.poscar,unary-W/W-00255-1.poscar,/home/tuzhengyu/work/WTaTi/W-potential/fcc-restart/05-rss-round-1/rss/minimized/unary-W/W-00255-1.poscar,W-potential/fcc-restart/05-rss-round-1/rss/raw/unary-W/W-00255.poscar,a1732414dabc1efe7d5d989f5f5174f86bdaec4d1e93bba75f9edfcc3d989719,a1732414dabc1efe7d5d989f5f5174f86bdaec4d1e93bba75f9edfcc3d989719
20.0,,rss_mini,20.0,rss-n20-p200000bar,W-potential/fcc-restart/05-rss-round-1/rss-selection/source-frames/rss-n20-p200000bar.xyz,6,0.15786939318456458,,16.24965497835574,0.9183881558361392,0.8747762825793581,,False,False,,,,,False,20,200000.0,1,256,000770.poscar,unary-W/W-00256-1.poscar,/home/tuzhengyu/work/WTaTi/W-potential/fcc-restart/05-rss-round-1/rss/minimized/unary-W/W-00256-1.poscar,W-potential/fcc-restart/05-rss-round-1/rss/raw/unary-W/W-00256.poscar,5ea9eb4e4a810f30507e4dc17c8243e40184ae7d655d499b6ee918c0765e6501,5ea9eb4e4a810f30507e4dc17c8243e40184ae7d655d499b6ee918c0765e6501
20.0,,rss_mini,20.0,rss-n20-p200000bar,W-potential/fcc-restart/05-rss-round-1/rss-selection/source-frames/rss-n20-p200000bar.xyz,7,0.12189727165936261,,14.963468760883867,0.7948847701041828,0.8023891498698295,,False,False,,,,,False,20,200000.0,1,257,000773.poscar,unary-W/W-00257-1.poscar,/home/tuzhengyu/work/WTaTi/W-potential/fcc-restart/05-rss-round-1/rss/minimized/unary-W/W-00257-1.poscar,W-potential/fcc-restart/05-rss-round-1/rss/raw/unary-W/W-00257.poscar,9beefa699fb807616393c9e864b6b07c97e9393c84763db0a7710acd43223d4a,9beefa699fb807616393c9e864b6b07c97e9393c84763db0a7710acd43223d4a
20.0,,rss_mini,20.0,rss-n20-p200000bar,W-potential/fcc-restart/05-rss-round-1/rss-selection/source-frames/rss-n20-p200000bar.xyz,8,0.20401595462247019,,15.677694835357599,0.36740091367552313,0.46452394180054335,,False,False,,,,,False,20,200000.0,1,258,000776.poscar,unary-W/W-00258-1.poscar,/home/tuzhengyu/work/WTaTi/W-potential/fcc-restart/05-rss-round-1/rss/minimized/unary-W/W-00258-1.poscar,W-potential/fcc-restart/05-rss-round-1/rss/raw/unary-W/W-00258.poscar,1f86337516bd06ba52340447f173a284b9a944d5de453f95fe3249e41efca55c,1f86337516bd06ba52340447f173a284b9a944d5de453f95fe3249e41efca55c
20.0,,rss_mini,20.0,rss-n20-p200000bar,W-potential/fcc-restart/05-rss-round-1/rss-selection/source-frames/rss-n20-p200000bar.xyz,9,0.18626484430852788,,15.774541481620243,0.32800172808199757,0.38779169057055635,,False,False,,,,,False,20,200000.0,1,259,000779.poscar,unary-W/W-00259-1.poscar,/home/tuzhengyu/work/WTaTi/W-potential/fcc-restart/05-rss-round-1/rss/minimized/unary-W/W-00259-1.poscar,W-potential/fcc-restart/05-rss-round-1/rss/raw/unary-W/W-00259.poscar,b49cb638d61cbf4279d64b0b01592cbc82f9ff98199d3f5b9b4046c02299d844,b49cb638d61cbf4279d64b0b01592cbc82f9ff98199d3f5b9b4046c02299d844
20.0,,rss_mini,20.0,rss-n20-p200000bar,W-potential/fcc-restart/05-rss-round-1/rss-selection/source-frames/rss-n20-p200000bar.xyz,10,0.007173568645492563,,14.952690772367978,0.042978994780885425,0.041578019711850475,,False,False,,,,,False,20,200000.0,1,260,000782.poscar,unary-W/W-00260-1.poscar,/home/tuzhengyu/work/WTaTi/W-potential/fcc-restart/05-rss-round-1/rss/minimized/unary-W/W-00260-1.poscar,W-potential/fcc-restart/05-rss-round-1/rss/raw/unary-W/W-00260.poscar,a0ebdfeff54cc0fbd9232afffe55c8e53c5aac090a809da4fcb84213e427800e,a0ebdfeff54cc0fbd9232afffe55c8e53c5aac090a809da4fcb84213e427800e
20.0,,rss_mini,20.0,rss-n20-p200000bar,W-potential/fcc-restart/05-rss-round-1/rss-selection/source-frames/rss-n20-p200000bar.xyz,11,0.14843671514694562,,15.649683352106408,0.39514780296912777,0.3917425803408986,,False,False,,,,,False,20,200000.0,1,261,000785.poscar,unary-W/W-00261-1.poscar,/home/tuzhengyu/work/WTaTi/W-potential/fcc-restart/05-rss-round-1/rss/minimized/unary-W/W-00261-1.poscar,W-potential/fcc-restart/05-rss-round-1/rss/raw/unary-W/W-00261.poscar,de5fca99007c49ee86ca81b47a7e9aac4a455980976818e2443bbd5f2465d35a,de5fca99007c49ee86ca81b47a7e9aac4a455980976818e2443bbd5f2465d35a
20.0,,rss_mini,20.0,rss-n20-p200000bar,W-potential/fcc-restart/05-rss-round-1/rss-selection/source-frames/rss-n20-p200000bar.xyz,12,0.03027913924857507,,15.037382011641165,0.18123116454867608,0.17675475330956034,,False,False,,,,,False,20,200000.0,1,262,000788.poscar,unary-W/W-00262-1.poscar,/home/tuzhengyu/work/WTaTi/W-potential/fcc-restart/05-rss-round-1/rss/minimized/unary-W/W-00262-1.poscar,W-potential/fcc-restart/05-rss-round-1/rss/raw/unary-W/W-00262.poscar,3938785d803e5e523476e3dac13c62b6493d5202b37a5f69f5f547c99a599df7,3938785d803e5e523476e3dac13c62b6493d5202b37a5f69f5f547c99a599df7
20.0,,rss_mini,20.0,rss-n20-p200000bar,W-potential/fcc-restart/05-rss-round-1/rss-selection/source-frames/rss-n20-p200000bar.xyz,13,0.12861955804267558,,15.735362594750523,0.17330134362932642,0.25178073605196005,,False,False,,,,,False,20,200000.0,1,263,000791.poscar,unary-W/W-00263-1.poscar,/home/tuzhengyu/work/WTaTi/W-potential/fcc-restart/05-rss-round-1/rss/minimized/unary-W/W-00263-1.poscar,W-potential/fcc-restart/05-rss-round-1/rss/raw/unary-W/W-00263.poscar,c18697466929ff56fdcd66927aaa1bb8948424bdbc22c30cf6c6fed62b7aab1d,c18697466929ff56fdcd66927aaa1bb8948424bdbc22c30cf6c6fed62b7aab1d
20.0,,rss_mini,20.0,rss-n20-p200000bar,W-potential/fcc-restart/05-rss-round-1/rss-selection/source-frames/rss-n20-p200000bar.xyz,14,0.20995869277469176,,15.759568056057955,0.4864651898085906,0.5650764632471196,,False,False,,,,,False,20,200000.0,1,264,000794.poscar,unary-W/W-00264-1.poscar,/home/tuzhengyu/work/WTaTi/W-potential/fcc-restart/05-rss-round-1/rss/minimized/unary-W/W-00264-1.poscar,W-potential/fcc-restart/05-rss-round-1/rss/raw/unary-W/W-00264.poscar,c826280a4734c2ecaaf669ca2cd3af8b64c3fc5e46ef30665177ff72ed0ff0fd,c826280a4734c2ecaaf669ca2cd3af8b64c3fc5e46ef30665177ff72ed0ff0fd
20.0,,rss_mini,20.0,rss-n20-p200000bar,W-potential/fcc-restart/05-rss-round-1/rss-selection/source-frames/rss-n20-p200000bar.xyz,15,0.2117491272725165,,15.949023105164951,0.27325694479150336,0.40308462636116293,,False,False,,,,,False,20,200000.0,1,265,000797.poscar,unary-W/W-00265-1.poscar,/home/tuzhengyu/work/WTaTi/W-potential/fcc-restart/05-rss-round-1/rss/minimized/unary-W/W-00265-1.poscar,W-potential/fcc-restart/05-rss-round-1/rss/raw/unary-W/W-00265.poscar,81a76399c42fda1acaa863f2a5eecddf2fd19dfaf8da2a855ad510d65eb76efb,81a76399c42fda1acaa863f2a5eecddf2fd19dfaf8da2a855ad510d65eb76efb
20.0,,rss_mini,20.0,rss-n20-p200000bar,W-potential/fcc-restart/05-rss-round-1/rss-selection/source-frames/rss-n20-p200000bar.xyz,16,0.28035739834212126,,15.503904776400827,0.8101194226738074,0.6547277179642808,,False,False,,,,,False,20,200000.0,1,266,000800.poscar,unary-W/W-00266-1.poscar,/home/tuzhengyu/work/WTaTi/W-potential/fcc-restart/05-rss-round-1/rss/minimized/unary-W/W-00266-1.poscar,W-potential/fcc-restart/05-rss-round-1/rss/raw/unary-W/W-00266.poscar,cd2d35b0070be69ec1724718baac675068d2d256e61667d58bd03e3f428af4a9,cd2d35b0070be69ec1724718baac675068d2d256e61667d58bd03e3f428af4a9
20.0,,rss_mini,20.0,rss-n20-p200000bar,W-potential/fcc-restart/05-rss-round-1/rss-selection/source-frames/rss-n20-p200000bar.xyz,17,0.2401792315334771,,14.976930865368463,1.5824013174083684,1.5696147641267357,,False,False,,,,,False,20,200000.0,1,267,000803.poscar,unary-W/W-00267-1.poscar,/home/tuzhengyu/work/WTaTi/W-potential/fcc-restart/05-rss-round-1/rss/minimized/unary-W/W-00267-1.poscar,W-potential/fcc-restart/05-rss-round-1/rss/raw/unary-W/W-00267.poscar,fd714b917b099452f2fd9ed7adaeffce21b863fa0d4b7516b81c217fba35e7fb,fd714b917b099452f2fd9ed7adaeffce21b863fa0d4b7516b81c217fba35e7fb
20.0,,rss_mini,20.0,rss-n20-p200000bar,W-potential/fcc-restart/05-rss-round-1/rss-selection/source-frames/rss-n20-p200000bar.xyz,18,0.020922230115418477,,14.98610997543484,0.09999466062197103,0.09974904978833306,,False,False,,,,,False,20,200000.0,1,268,000806.poscar,unary-W/W-00268-1.poscar,/home/tuzhengyu/work/WTaTi/W-potential/fcc-restart/05-rss-round-1/rss/minimized/unary-W/W-00268-1.poscar,W-potential/fcc-restart/05-rss-round-1/rss/raw/unary-W/W-00268.poscar,ddf3fc9b14209dc10925e49b7af2a725067c22326fb67605517e2f1baa0d4886,ddf3fc9b14209dc10925e49b7af2a725067c22326fb67605517e2f1baa0d4886
20.0,,rss_mini,20.0,rss-n20-p200000bar,W-potential/fcc-restart/05-rss-round-1/rss-selection/source-frames/rss-n20-p200000bar.xyz,19,0.002370216242689045,,14.941683882147146,0.011775240717294319,0.011976052152926691,,False,False,,,,,False,20,200000.0,1,269,000809.poscar,unary-W/W-00269-1.poscar,/home/tuzhengyu/work/WTaTi/W-potential/fcc-restart/05-rss-round-1/rss/minimized/unary-W/W-00269-1.poscar,W-potential/fcc-restart/05-rss-round-1/rss/raw/unary-W/W-00269.poscar,7c50ca06944f809a4ef0de4a2ddc2686a0ce7dc088ec00264620b045141a402e,7c50ca06944f809a4ef0de4a2ddc2686a0ce7dc088ec00264620b045141a402e
20.0,,rss_mini,20.0,rss-n20-p200000bar,W-potential/fcc-restart/05-rss-round-1/rss-selection/source-frames/rss-n20-p200000bar.xyz,20,0.33785117096902256,,15.503071889246172,0.36473418190115264,0.5660612603672273,,False,False,,,,,False,20,200000.0,1,270,000812.poscar,unary-W/W-00270-1.poscar,/home/tuzhengyu/work/WTaTi/W-potential/fcc-restart/05-rss-round-1/rss/minimized/unary-W/W-00270-1.poscar,W-potential/fcc-restart/05-rss-round-1/rss/raw/unary-W/W-00270.poscar,c21679f4c2df4be8c675eb6a9dd1b4248f81018938d2cf469f38c1c19a037902,c21679f4c2df4be8c675eb6a9dd1b4248f81018938d2cf469f38c1c19a037902
20.0,,rss_mini,20.0,rss-n20-p200000bar,W-potential/fcc-restart/05-rss-round-1/rss-selection/source-frames/rss-n20-p200000bar.xyz,21,0.012507514909315752,,15.034620540800066,0.06900747262648822,0.06878318553277873,,False,False,,,,,False,20,200000.0,1,271,000815.poscar,unary-W/W-00271-1.poscar,/home/tuzhengyu/work/WTaTi/W-potential/fcc-restart/05-rss-round-1/rss/minimized/unary-W/W-00271-1.poscar,W-potential/fcc-restart/05-rss-round-1/rss/raw/unary-W/W-00271.poscar,e90f74cd8cd9210aaed88441d390ba31a2f323097107d41781a2efc929929c69,e90f74cd8cd9210aaed88441d390ba31a2f323097107d41781a2efc929929c69
20.0,,rss_mini,20.0,rss-n20-p200000bar,W-potential/fcc-restart/05-rss-round-1/rss-selection/source-frames/rss-n20-p200000bar.xyz,22,0.2502025900857182,,16.38441646890354,0.26773308858435907,0.33153787093824794,,False,False,,,,,False,20,200000.0,1,272,000818.poscar,unary-W/W-00272-1.poscar,/home/tuzhengyu/work/WTaTi/W-potential/fcc-restart/05-rss-round-1/rss/minimized/unary-W/W-00272-1.poscar,W-potential/fcc-restart/05-rss-round-1/rss/raw/unary-W/W-00272.poscar,d9ae3bb4c95c3008bbca3f3af04654b142c98eddedf5613e003d75937ac375b6,d9ae3bb4c95c3008bbca3f3af04654b142c98eddedf5613e003d75937ac375b6
20.0,,rss_mini,20.0,rss-n20-p200000bar,W-potential/fcc-restart/05-rss-round-1/rss-selection/source-frames/rss-n20-p200000bar.xyz,23,0.15958700127412503,,15.519302336319871,0.5604647638448493,0.603529509060229,,False,False,,,,,False,20,200000.0,1,273,000821.poscar,unary-W/W-00273-1.poscar,/home/tuzhengyu/work/WTaTi/W-potential/fcc-restart/05-rss-round-1/rss/minimized/unary-W/W-00273-1.poscar,W-potential/fcc-restart/05-rss-round-1/rss/raw/unary-W/W-00273.poscar,0860b780c2571abdf2ec44c65199c59b7994c84c5db6825db72692933e56a0f9,0860b780c2571abdf2ec44c65199c59b7994c84c5db6825db72692933e56a0f9
20.0,,rss_mini,20.0,rss-n20-p200000bar,W-potential/fcc-restart/05-rss-round-1/rss-selection/source-frames/rss-n20-p200000bar.xyz,24,0.24203148531450736,,15.583987751001862,0.441901091343625,0.5247923821582093,,False,False,,,,,False,20,200000.0,1,274,000824.poscar,unary-W/W-00274-1.poscar,/home/tuzhengyu/work/WTaTi/W-potential/fcc-restart/05-rss-round-1/rss/minimized/unary-W/W-00274-1.poscar,W-potential/fcc-restart/05-rss-round-1/rss/raw/unary-W/W-00274.poscar,5f7f1a6d1639264cbf3e98c353c69a9cba3ee4369111e5ce4dce0908fc9e21f5,5f7f1a6d1639264cbf3e98c353c69a9cba3ee4369111e5ce4dce0908fc9e21f5
20.0,,rss_mini,20.0,rss-n20-p200000bar,W-potential/fcc-restart/05-rss-round-1/rss-selection/source-frames/rss-n20-p200000bar.xyz,25,0.29309344195825837,,15.463575122742379,0.4173647883571586,0.47148157047283307,,False,False,,,,,False,20,200000.0,1,275,000827.poscar,unary-W/W-00275-1.poscar,/home/tuzhengyu/work/WTaTi/W-potential/fcc-restart/05-rss-round-1/rss/minimized/unary-W/W-00275-1.poscar,W-potential/fcc-restart/05-rss-round-1/rss/raw/unary-W/W-00275.poscar,3d1bc55fdb42fac06c138ac5e6c87d6ce79a90e699d0c1b78a17b023a9ac43ea,3d1bc55fdb42fac06c138ac5e6c87d6ce79a90e699d0c1b78a17b023a9ac43ea
20.0,,rss_mini,20.0,rss-n20-p200000bar,W-potential/fcc-restart/05-rss-round-1/rss-selection/source-frames/rss-n20-p200000bar.xyz,26,0.11809261827201097,,15.34759579287584,0.20991816055187174,0.2552371506738674,,False,False,,,,,False,20,200000.0,1,276,000830.poscar,unary-W/W-00276-1.poscar,/home/tuzhengyu/work/WTaTi/W-potential/fcc-restart/05-rss-round-1/rss/minimized/unary-W/W-00276-1.poscar,W-potential/fcc-restart/05-rss-round-1/rss/raw/unary-W/W-00276.poscar,15ad51e72568c4a017ccfd8494e743dc51dffa0195c1bd87a6f5fd9aad12c193,15ad51e72568c4a017ccfd8494e743dc51dffa0195c1bd87a6f5fd9aad12c193
20.0,,rss_mini,20.0,rss-n20-p200000bar,W-potential/fcc-restart/05-rss-round-1/rss-selection/source-frames/rss-n20-p200000bar.xyz,27,0.2021688121170869,,15.974211172528275,0.3259149357028854,0.5437679562735491,,False,False,,,,,False,20,200000.0,1,277,000833.poscar,unary-W/W-00277-1.poscar,/home/tuzhengyu/work/WTaTi/W-potential/fcc-restart/05-rss-round-1/rss/minimized/unary-W/W-00277-1.poscar,W-potential/fcc-restart/05-rss-round-1/rss/raw/unary-W/W-00277.poscar,9ce7dfde23a3a03fcfa541b492a2ed09816507ad77d1cb58944bcc3f11cd63da,9ce7dfde23a3a03fcfa541b492a2ed09816507ad77d1cb58944bcc3f11cd63da
20.0,,rss_mini,20.0,rss-n20-p200000bar,W-potential/fcc-restart/05-rss-round-1/rss-selection/source-frames/rss-n20-p200000bar.xyz,28,0.19132026316106635,,15.854820423065295,0.26822083100813415,0.34821005754580897,,False,False,,,,,False,20,200000.0,1,278,000836.poscar,unary-W/W-00278-1.poscar,/home/tuzhengyu/work/WTaTi/W-potential/fcc-restart/05-rss-round-1/rss/minimized/unary-W/W-00278-1.poscar,W-potential/fcc-restart/05-rss-round-1/rss/raw/unary-W/W-00278.poscar,2a0244f0c0c4b3dd0a13010edc52919957358ac31c4012e6f64093ee9ecea255,2a0244f0c0c4b3dd0a13010edc52919957358ac31c4012e6f64093ee9ecea255
20.0,,rss_mini,20.0,rss-n20-p200000bar,W-potential/fcc-restart/05-rss-round-1/rss-selection/source-frames/rss-n20-p200000bar.xyz,29,0.18923049874429898,,15.661712255557637,0.2297261905161827,0.2948240785410883,,False,False,,,,,False,20,200000.0,1,279,000839.poscar,unary-W/W-00279-1.poscar,/home/tuzhengyu/work/WTaTi/W-potential/fcc-restart/05-rss-round-1/rss/minimized/unary-W/W-00279-1.poscar,W-potential/fcc-restart/05-rss-round-1/rss/raw/unary-W/W-00279.poscar,d4e1b0fb5e8a8ab6568331a920d6206f8deb760e352c3f01c148632866e0f8cd,d4e1b0fb5e8a8ab6568331a920d6206f8deb760e352c3f01c148632866e0f8cd
20.0,,rss_mini,20.0,rss-n20-p200000bar,W-potential/fcc-restart/05-rss-round-1/rss-selection/source-frames/rss-n20-p200000bar.xyz,30,0.21566776781815186,,15.022319967590164,1.0755811945066154,1.119133336982121,,False,False,,,,,False,20,200000.0,1,280,000842.poscar,unary-W/W-00280-1.poscar,/home/tuzhengyu/work/WTaTi/W-potential/fcc-restart/05-rss-round-1/rss/minimized/unary-W/W-00280-1.poscar,W-potential/fcc-restart/05-rss-round-1/rss/raw/unary-W/W-00280.poscar,1a1caddb9a4f64a62cadbc613c847ad981541fdafe6565ed2dd19fbc80a08233,1a1caddb9a4f64a62cadbc613c847ad981541fdafe6565ed2dd19fbc80a08233
20.0,,rss_mini,20.0,rss-n20-p200000bar,W-potential/fcc-restart/05-rss-round-1/rss-selection/source-frames/rss-n20-p200000bar.xyz,31,0.20405893964236665,,15.79498628707509,0.42920109974314663,0.5306388217929456,,False,False,,,,,False,20,200000.0,1,281,000845.poscar,unary-W/W-00281-1.poscar,/home/tuzhengyu/work/WTaTi/W-potential/fcc-restart/05-rss-round-1/rss/minimized/unary-W/W-00281-1.poscar,W-potential/fcc-restart/05-rss-round-1/rss/raw/unary-W/W-00281.poscar,67b59b92c374590e46c28544a84378eb3d01ce7a9ac2e260eb39556e7f8bfcee,67b59b92c374590e46c28544a84378eb3d01ce7a9ac2e260eb39556e7f8bfcee
20.0,,rss_mini,20.0,rss-n20-p200000bar,W-potential/fcc-restart/05-rss-round-1/rss-selection/source-frames/rss-n20-p200000bar.xyz,32,0.16790517825231302,,15.788084266876666,1.0236800165487676,0.8320655726254137,,False,False,,,,,False,20,200000.0,1,282,000848.poscar,unary-W/W-00282-1.poscar,/home/tuzhengyu/work/WTaTi/W-potential/fcc-restart/05-rss-round-1/rss/minimized/unary-W/W-00282-1.poscar,W-potential/fcc-restart/05-rss-round-1/rss/raw/unary-W/W-00282.poscar,ff0e25e1d21ac6f4d0ec1b54820b06a4fad9f30a5d4f7070b9cdc1541922a951,ff0e25e1d21ac6f4d0ec1b54820b06a4fad9f30a5d4f7070b9cdc1541922a951
20.0,,rss_mini,20.0,rss-n20-p200000bar,W-potential/fcc-restart/05-rss-round-1/rss-selection/source-frames/rss-n20-p200000bar.xyz,33,0.2050297418351054,,16.046799416384015,0.26717898590633876,0.4657009095608296,,False,False,,,,,False,20,200000.0,1,283,000851.poscar,unary-W/W-00283-1.poscar,/home/tuzhengyu/work/WTaTi/W-potential/fcc-restart/05-rss-round-1/rss/minimized/unary-W/W-00283-1.poscar,W-potential/fcc-restart/05-rss-round-1/rss/raw/unary-W/W-00283.poscar,a543c0b8b0294cdd4afa0dcc74b896c5cfd9a8a71ff61e2ded903f83d786dbbb,a543c0b8b0294cdd4afa0dcc74b896c5cfd9a8a71ff61e2ded903f83d786dbbb
20.0,,rss_mini,20.0,rss-n20-p200000bar,W-potential/fcc-restart/05-rss-round-1/rss-selection/source-frames/rss-n20-p200000bar.xyz,34,0.192480349442434,,15.622432848649922,0.3126935768538342,0.41239818036146514,,False,False,,,,,False,20,200000.0,1,284,000854.poscar,unary-W/W-00284-1.poscar,/home/tuzhengyu/work/WTaTi/W-potential/fcc-restart/05-rss-round-1/rss/minimized/unary-W/W-00284-1.poscar,W-potential/fcc-restart/05-rss-round-1/rss/raw/unary-W/W-00284.poscar,bfa97b73c337a4c4a8d42bad63c1d82eb143e44b46c3f774527f651ee1b33327,bfa97b73c337a4c4a8d42bad63c1d82eb143e44b46c3f774527f651ee1b33327
20.0,,rss_mini,20.0,rss-n20-p200000bar,W-potential/fcc-restart/05-rss-round-1/rss-selection/source-frames/rss-n20-p200000bar.xyz,35,0.1717861816400179,,15.76883469260685,1.287985394285984,1.2791141860896942,,False,False,,,,,False,20,200000.0,1,285,000857.poscar,unary-W/W-00285-1.poscar,/home/tuzhengyu/work/WTaTi/W-potential/fcc-restart/05-rss-round-1/rss/minimized/unary-W/W-00285-1.poscar,W-potential/fcc-restart/05-rss-round-1/rss/raw/unary-W/W-00285.poscar,73f35793b57025738c27c3554eb7a1e58aa0733d9b992665b9884b09cacd7184,73f35793b57025738c27c3554eb7a1e58aa0733d9b992665b9884b09cacd7184
20.0,,rss_mini,20.0,rss-n20-p200000bar,W-potential/fcc-restart/05-rss-round-1/rss-selection/source-frames/rss-n20-p200000bar.xyz,36,0.34435794752483323,,15.568923340558532,0.8166896671702414,0.9628810785903585,,False,False,,,,,False,20,200000.0,1,286,000860.poscar,unary-W/W-00286-1.poscar,/home/tuzhengyu/work/WTaTi/W-potential/fcc-restart/05-rss-round-1/rss/minimized/unary-W/W-00286-1.poscar,W-potential/fcc-restart/05-rss-round-1/rss/raw/unary-W/W-00286.poscar,341f0cd726abc051c662a55a27e570c53b2b927fb6409150accd15327a508541,341f0cd726abc051c662a55a27e570c53b2b927fb6409150accd15327a508541
20.0,,rss_mini,20.0,rss-n20-p200000bar,W-potential/fcc-restart/05-rss-round-1/rss-selection/source-frames/rss-n20-p200000bar.xyz,37,0.18378912192085883,,16.017418855534366,1.6297579097889487,1.6296083123521263,,False,False,,,,,False,20,200000.0,1,287,000863.poscar,unary-W/W-00287-1.poscar,/home/tuzhengyu/work/WTaTi/W-potential/fcc-restart/05-rss-round-1/rss/minimized/unary-W/W-00287-1.poscar,W-potential/fcc-restart/05-rss-round-1/rss/raw/unary-W/W-00287.poscar,296e3f24b7726b61fb13b31730c60dc4202ff53c6d91479dfaa3012f11b4f991,296e3f24b7726b61fb13b31730c60dc4202ff53c6d91479dfaa3012f11b4f991
20.0,,rss_mini,20.0,rss-n20-p200000bar,W-potential/fcc-restart/05-rss-round-1/rss-selection/source-frames/rss-n20-p200000bar.xyz,38,0.21466787430576106,,15.691649299184467,1.296024406123641,1.1692153003755086,,False,False,,,,,False,20,200000.0,1,288,000866.poscar,unary-W/W-00288-1.poscar,/home/tuzhengyu/work/WTaTi/W-potential/fcc-restart/05-rss-round-1/rss/minimized/unary-W/W-00288-1.poscar,W-potential/fcc-restart/05-rss-round-1/rss/raw/unary-W/W-00288.poscar,fde97829311ee99550732136d4c1b82586533ead15d39ce268b7c080557d87d2,fde97829311ee99550732136d4c1b82586533ead15d39ce268b7c080557d87d2
20.0,,rss_mini,20.0,rss-n20-p200000bar,W-potential/fcc-restart/05-rss-round-1/rss-selection/source-frames/rss-n20-p200000bar.xyz,39,0.18408181198030202,,15.744817592210069,0.3216599335873158,0.30122056296423105,,False,False,,,,,False,20,200000.0,1,289,000869.poscar,unary-W/W-00289-1.poscar,/home/tuzhengyu/work/WTaTi/W-potential/fcc-restart/05-rss-round-1/rss/minimized/unary-W/W-00289-1.poscar,W-potential/fcc-restart/05-rss-round-1/rss/raw/unary-W/W-00289.poscar,53f50ccef7c28aec423f3a5b1873abc1eb9192a45fc26fc2d4da3d330a828281,53f50ccef7c28aec423f3a5b1873abc1eb9192a45fc26fc2d4da3d330a828281
20.0,,rss_mini,20.0,rss-n20-p200000bar,W-potential/fcc-restart/05-rss-round-1/rss-selection/source-frames/rss-n20-p200000bar.xyz,40,0.08942964975183273,,14.934498692467566,0.3063643370565603,0.31654645263101455,,False,False,,,,,False,20,200000.0,1,290,000872.poscar,unary-W/W-00290-1.poscar,/home/tuzhengyu/work/WTaTi/W-potential/fcc-restart/05-rss-round-1/rss/minimized/unary-W/W-00290-1.poscar,W-potential/fcc-restart/05-rss-round-1/rss/raw/unary-W/W-00290.poscar,b2c2d179e0af88195912edab36bb26712ec75d36ff4725e50276288027bd799e,b2c2d179e0af88195912edab36bb26712ec75d36ff4725e50276288027bd799e
20.0,,rss_mini,20.0,rss-n20-p200000bar,W-potential/fcc-restart/05-rss-round-1/rss-selection/source-frames/rss-n20-p200000bar.xyz,41,0.20937937004374732,,15.79935822351509,0.25067062677075597,0.38131010944586774,,False,False,,,,,False,20,200000.0,1,291,000875.poscar,unary-W/W-00291-1.poscar,/home/tuzhengyu/work/WTaTi/W-potential/fcc-restart/05-rss-round-1/rss/minimized/unary-W/W-00291-1.poscar,W-potential/fcc-restart/05-rss-round-1/rss/raw/unary-W/W-00291.poscar,8f018c983085e1bbecd920cac52f87e6a011e1f81ad4bed28f6e3299697e3509,8f018c983085e1bbecd920cac52f87e6a011e1f81ad4bed28f6e3299697e3509
20.0,,rss_mini,20.0,rss-n20-p200000bar,W-potential/fcc-restart/05-rss-round-1/rss-selection/source-frames/rss-n20-p200000bar.xyz,42,0.14987572790539921,,15.635877514726184,0.4539335985045887,0.5042865356449381,,False,False,,,,,False,20,200000.0,1,292,000878.poscar,unary-W/W-00292-1.poscar,/home/tuzhengyu/work/WTaTi/W-potential/fcc-restart/05-rss-round-1/rss/minimized/unary-W/W-00292-1.poscar,W-potential/fcc-restart/05-rss-round-1/rss/raw/unary-W/W-00292.poscar,d33d29ab11c765fbd4af6a49d9bbba5c083ed10bd46a9a7f712ec4ab0c10b218,d33d29ab11c765fbd4af6a49d9bbba5c083ed10bd46a9a7f712ec4ab0c10b218
20.0,,rss_mini,20.0,rss-n20-p200000bar,W-potential/fcc-restart/05-rss-round-1/rss-selection/source-frames/rss-n20-p200000bar.xyz,43,0.005834455098365575,,15.009559989646613,0.03204742443279602,0.030446257455765336,,False,False,,,,,False,20,200000.0,1,293,000881.poscar,unary-W/W-00293-1.poscar,/home/tuzhengyu/work/WTaTi/W-potential/fcc-restart/05-rss-round-1/rss/minimized/unary-W/W-00293-1.poscar,W-potential/fcc-restart/05-rss-round-1/rss/raw/unary-W/W-00293.poscar,f520e300682a5a973fac6e71f2adf81aaaf7a3af028295022d7ac0e7800b58a8,f520e300682a5a973fac6e71f2adf81aaaf7a3af028295022d7ac0e7800b58a8
20.0,,rss_mini,20.0,rss-n20-p200000bar,W-potential/fcc-restart/05-rss-round-1/rss-selection/source-frames/rss-n20-p200000bar.xyz,44,0.03570049325038067,,14.946952032224678,0.15468970275577917,0.1607807419003208,,False,False,,,,,False,20,200000.0,1,294,000884.poscar,unary-W/W-00294-1.poscar,/home/tuzhengyu/work/WTaTi/W-potential/fcc-restart/05-rss-round-1/rss/minimized/unary-W/W-00294-1.poscar,W-potential/fcc-restart/05-rss-round-1/rss/raw/unary-W/W-00294.poscar,2229f1d6d4f0fafa7bdde0482048ae3ebd19d5e300a9fb07b5d0513bc6dd6576,2229f1d6d4f0fafa7bdde0482048ae3ebd19d5e300a9fb07b5d0513bc6dd6576
20.0,,rss_mini,20.0,rss-n20-p200000bar,W-potential/fcc-restart/05-rss-round-1/rss-selection/source-frames/rss-n20-p200000bar.xyz,45,0.16104781049014913,,15.914366391144686,0.31925976144243556,0.4461875117975687,,False,False,,,,,False,20,200000.0,1,295,000887.poscar,unary-W/W-00295-1.poscar,/home/tuzhengyu/work/WTaTi/W-potential/fcc-restart/05-rss-round-1/rss/minimized/unary-W/W-00295-1.poscar,W-potential/fcc-restart/05-rss-round-1/rss/raw/unary-W/W-00295.poscar,479cccfe915c96eddb47d2612a6117c81ac7440bd9378a2d5c002d03ac996e46,479cccfe915c96eddb47d2612a6117c81ac7440bd9378a2d5c002d03ac996e46
20.0,,rss_mini,20.0,rss-n20-p200000bar,W-potential/fcc-restart/05-rss-round-1/rss-selection/source-frames/rss-n20-p200000bar.xyz,46,0.008573035388884737,,15.03375028599994,0.07816589275488045,0.07892748562542011,,False,False,,,,,False,20,200000.0,1,296,000890.poscar,unary-W/W-00296-1.poscar,/home/tuzhengyu/work/WTaTi/W-potential/fcc-restart/05-rss-round-1/rss/minimized/unary-W/W-00296-1.poscar,W-potential/fcc-restart/05-rss-round-1/rss/raw/unary-W/W-00296.poscar,a47d1df4ee193deb91312295677e25f74c9d6bc342df2b7ede2b412bb2e85b1b,a47d1df4ee193deb91312295677e25f74c9d6bc342df2b7ede2b412bb2e85b1b
20.0,,rss_mini,20.0,rss-n20-p200000bar,W-potential/fcc-restart/05-rss-round-1/rss-selection/source-frames/rss-n20-p200000bar.xyz,47,0.5471716579017545,,15.736174784589716,0.4406100641626139,0.3700037050280112,,False,False,,,,,False,20,200000.0,1,297,000893.poscar,unary-W/W-00297-1.poscar,/home/tuzhengyu/work/WTaTi/W-potential/fcc-restart/05-rss-round-1/rss/minimized/unary-W/W-00297-1.poscar,W-potential/fcc-restart/05-rss-round-1/rss/raw/unary-W/W-00297.poscar,ad5a6325dd08a59145c04d2c7d3593e55794bc4628a64a4eb5b8de72ca881a91,ad5a6325dd08a59145c04d2c7d3593e55794bc4628a64a4eb5b8de72ca881a91
20.0,,rss_mini,20.0,rss-n20-p200000bar,W-potential/fcc-restart/05-rss-round-1/rss-selection/source-frames/rss-n20-p200000bar.xyz,48,0.20522390256321976,,15.491705190853398,1.097127013192472,1.1243493945429104,,False,False,,,,,False,20,200000.0,1,298,000896.poscar,unary-W/W-00298-1.poscar,/home/tuzhengyu/work/WTaTi/W-potential/fcc-restart/05-rss-round-1/rss/minimized/unary-W/W-00298-1.poscar,W-potential/fcc-restart/05-rss-round-1/rss/raw/unary-W/W-00298.poscar,83abd572866a2d5a60a999acf10835be043b1845fce4470bfacb9917872c9d2e,83abd572866a2d5a60a999acf10835be043b1845fce4470bfacb9917872c9d2e
20.0,,rss_mini,20.0,rss-n20-p200000bar,W-potential/fcc-restart/05-rss-round-1/rss-selection/source-frames/rss-n20-p200000bar.xyz,49,0.21769743653972243,,15.954918712460236,1.5841973933515638,1.3178277629655526,,False,False,,,,,False,20,200000.0,1,299,000899.poscar,unary-W/W-00299-1.poscar,/home/tuzhengyu/work/WTaTi/W-potential/fcc-restart/05-rss-round-1/rss/minimized/unary-W/W-00299-1.poscar,W-potential/fcc-restart/05-rss-round-1/rss/raw/unary-W/W-00299.poscar,fcc596318583ee88cb87538aa053001214f04096c25a902571ebb59a673eb72f,fcc596318583ee88cb87538aa053001214f04096c25a902571ebb59a673eb72f
40.0,,rss_mini,40.0,rss-n20-p400000bar,W-potential/fcc-restart/05-rss-round-1/rss-selection/source-frames/rss-n20-p400000bar.xyz,0,0.33675116315326936,,14.431603545218113,3.643646341551712,3.5846551844070302,,False,False,,,,,False,20,400000.0,2,250,000753.poscar,unary-W/W-00250-2.poscar,/home/tuzhengyu/work/WTaTi/W-potential/fcc-restart/05-rss-round-1/rss/minimized/unary-W/W-00250-2.poscar,W-potential/fcc-restart/05-rss-round-1/rss/raw/unary-W/W-00250.poscar,1ab38948d9def2730f9a08c0adb1099443816cf272e3ecb0a08e3ed89d84a99c,1ab38948d9def2730f9a08c0adb1099443816cf272e3ecb0a08e3ed89d84a99c
40.0,,rss_mini,40.0,rss-n20-p400000bar,W-potential/fcc-restart/05-rss-round-1/rss-selection/source-frames/rss-n20-p400000bar.xyz,1,0.18630933176138112,,14.856163213314673,1.2513659197544482,1.35485816015626,,False,False,,,,,False,20,400000.0,2,251,000756.poscar,unary-W/W-00251-2.poscar,/home/tuzhengyu/work/WTaTi/W-potential/fcc-restart/05-rss-round-1/rss/minimized/unary-W/W-00251-2.poscar,W-potential/fcc-restart/05-rss-round-1/rss/raw/unary-W/W-00251.poscar,0dbb31c891d15476fda024bc5eeb7301c0d7ad90e64bda98fe6fd155163f80ac,0dbb31c891d15476fda024bc5eeb7301c0d7ad90e64bda98fe6fd155163f80ac
40.0,,rss_mini,40.0,rss-n20-p400000bar,W-potential/fcc-restart/05-rss-round-1/rss-selection/source-frames/rss-n20-p400000bar.xyz,2,0.3090991948109343,,14.81847353581522,1.4500187682329204,1.3276687927196855,,False,False,,,,,False,20,400000.0,2,252,000759.poscar,unary-W/W-00252-2.poscar,/home/tuzhengyu/work/WTaTi/W-potential/fcc-restart/05-rss-round-1/rss/minimized/unary-W/W-00252-2.poscar,W-potential/fcc-restart/05-rss-round-1/rss/raw/unary-W/W-00252.poscar,dc40358fa0f9056f114c86092ceef7e51702be4bf80915ec80c2a9efc16e1352,dc40358fa0f9056f114c86092ceef7e51702be4bf80915ec80c2a9efc16e1352
40.0,,rss_mini,40.0,rss-n20-p400000bar,W-potential/fcc-restart/05-rss-round-1/rss-selection/source-frames/rss-n20-p400000bar.xyz,3,0.255979585623088,,14.945891050617188,0.822540196416184,0.8672515576988821,,False,False,,,,,False,20,400000.0,2,253,000762.poscar,unary-W/W-00253-2.poscar,/home/tuzhengyu/work/WTaTi/W-potential/fcc-restart/05-rss-round-1/rss/minimized/unary-W/W-00253-2.poscar,W-potential/fcc-restart/05-rss-round-1/rss/raw/unary-W/W-00253.poscar,e8a39544e16595151dc05729a8f9b7a76d027815ff8f70b15a8658cfcad67428,e8a39544e16595151dc05729a8f9b7a76d027815ff8f70b15a8658cfcad67428
40.0,,rss_mini,40.0,rss-n20-p400000bar,W-potential/fcc-restart/05-rss-round-1/rss-selection/source-frames/rss-n20-p400000bar.xyz,4,0.013380419539532675,,14.283665749715663,0.0818210053400763,0.08099889402081545,,False,False,,,,,False,20,400000.0,2,254,000765.poscar,unary-W/W-00254-2.poscar,/home/tuzhengyu/work/WTaTi/W-potential/fcc-restart/05-rss-round-1/rss/minimized/unary-W/W-00254-2.poscar,W-potential/fcc-restart/05-rss-round-1/rss/raw/unary-W/W-00254.poscar,48a5afdb40ce14f63820d1723f9393476c1da8c09c54f1f4bb35f2a156a2ce8b,48a5afdb40ce14f63820d1723f9393476c1da8c09c54f1f4bb35f2a156a2ce8b
40.0,,rss_mini,40.0,rss-n20-p400000bar,W-potential/fcc-restart/05-rss-round-1/rss-selection/source-frames/rss-n20-p400000bar.xyz,5,0.23812876641708244,,14.759936887201903,0.26054767378934884,0.5265674330217186,,False,False,,,,,False,20,400000.0,2,255,000768.poscar,unary-W/W-00255-2.poscar,/home/tuzhengyu/work/WTaTi/W-potential/fcc-restart/05-rss-round-1/rss/minimized/unary-W/W-00255-2.poscar,W-potential/fcc-restart/05-rss-round-1/rss/raw/unary-W/W-00255.poscar,60b2e050c2b3373fc5ef3774ee6957e48b574563de6182a7a4159624c0253274,60b2e050c2b3373fc5ef3774ee6957e48b574563de6182a7a4159624c0253274
40.0,,rss_mini,40.0,rss-n20-p400000bar,W-potential/fcc-restart/05-rss-round-1/rss-selection/source-frames/rss-n20-p400000bar.xyz,6,0.187603178831969,,15.03228683823813,0.7573478644613446,0.7598628103960402,,False,False,,,,,False,20,400000.0,2,256,000771.poscar,unary-W/W-00256-2.poscar,/home/tuzhengyu/work/WTaTi/W-potential/fcc-restart/05-rss-round-1/rss/minimized/unary-W/W-00256-2.poscar,W-potential/fcc-restart/05-rss-round-1/rss/raw/unary-W/W-00256.poscar,445478afde76258274049cf09f596c08fd23fbfdcfa37fff346a20e294f112bc,445478afde76258274049cf09f596c08fd23fbfdcfa37fff346a20e294f112bc
40.0,,rss_mini,40.0,rss-n20-p400000bar,W-potential/fcc-restart/05-rss-round-1/rss-selection/source-frames/rss-n20-p400000bar.xyz,7,0.07561047926519253,,14.279922234165838,0.4063368366357839,0.4222367558718734,,False,False,,,,,False,20,400000.0,2,257,000774.poscar,unary-W/W-00257-2.poscar,/home/tuzhengyu/work/WTaTi/W-potential/fcc-restart/05-rss-round-1/rss/minimized/unary-W/W-00257-2.poscar,W-potential/fcc-restart/05-rss-round-1/rss/raw/unary-W/W-00257.poscar,8badedee79a0bc68a5a29f4f3bd7ad25862a7ecd57fa1d3dad42f801ed789e5a,8badedee79a0bc68a5a29f4f3bd7ad25862a7ecd57fa1d3dad42f801ed789e5a
40.0,,rss_mini,40.0,rss-n20-p400000bar,W-potential/fcc-restart/05-rss-round-1/rss-selection/source-frames/rss-n20-p400000bar.xyz,8,0.2706350825968551,,14.887721474500335,0.3381543216846022,0.481117092404275,,False,False,,,,,False,20,400000.0,2,258,000777.poscar,unary-W/W-00258-2.poscar,/home/tuzhengyu/work/WTaTi/W-potential/fcc-restart/05-rss-round-1/rss/minimized/unary-W/W-00258-2.poscar,W-potential/fcc-restart/05-rss-round-1/rss/raw/unary-W/W-00258.poscar,513b99064e65c89e1899cfa8b0ba729fcfdca4eebad45f8a555528d218636852,513b99064e65c89e1899cfa8b0ba729fcfdca4eebad45f8a555528d218636852
40.0,,rss_mini,40.0,rss-n20-p400000bar,W-potential/fcc-restart/05-rss-round-1/rss-selection/source-frames/rss-n20-p400000bar.xyz,9,0.2266666236365845,,14.927794484274074,0.40928815551816083,0.7021805455258358,,False,False,,,,,False,20,400000.0,2,259,000780.poscar,unary-W/W-00259-2.poscar,/home/tuzhengyu/work/WTaTi/W-potential/fcc-restart/05-rss-round-1/rss/minimized/unary-W/W-00259-2.poscar,W-potential/fcc-restart/05-rss-round-1/rss/raw/unary-W/W-00259.poscar,2a5335995baeab421d267d321e78f2f2f1d8663888a5ecd220ff3a1d0fdc32c9,2a5335995baeab421d267d321e78f2f2f1d8663888a5ecd220ff3a1d0fdc32c9
40.0,,rss_mini,40.0,rss-n20-p400000bar,W-potential/fcc-restart/05-rss-round-1/rss-selection/source-frames/rss-n20-p400000bar.xyz,10,0.0023449704001598497,,14.278678482181292,0.01624404550638862,0.01670396292872158,,False,False,,,,,False,20,400000.0,2,260,000783.poscar,unary-W/W-00260-2.poscar,/home/tuzhengyu/work/WTaTi/W-potential/fcc-restart/05-rss-round-1/rss/minimized/unary-W/W-00260-2.poscar,W-potential/fcc-restart/05-rss-round-1/rss/raw/unary-W/W-00260.poscar,8b64924a11512a0b7caf90f850327193b7feb78ebb3e4bb07f7844e84119b0d5,8b64924a11512a0b7caf90f850327193b7feb78ebb3e4bb07f7844e84119b0d5
40.0,,rss_mini,40.0,rss-n20-p400000bar,W-potential/fcc-restart/05-rss-round-1/rss-selection/source-frames/rss-n20-p400000bar.xyz,11,0.18241818637913768,,14.824255069162486,0.27336778467912853,0.37703435181621153,,False,False,,,,,False,20,400000.0,2,261,000786.poscar,unary-W/W-00261-2.poscar,/home/tuzhengyu/work/WTaTi/W-potential/fcc-restart/05-rss-round-1/rss/minimized/unary-W/W-00261-2.poscar,W-potential/fcc-restart/05-rss-round-1/rss/raw/unary-W/W-00261.poscar,2f3ff299dc0a53068296f7def4524f8ef4d02d63e448344d48b8a6b24ad8cb59,2f3ff299dc0a53068296f7def4524f8ef4d02d63e448344d48b8a6b24ad8cb59
40.0,,rss_mini,40.0,rss-n20-p400000bar,W-potential/fcc-restart/05-rss-round-1/rss-selection/source-frames/rss-n20-p400000bar.xyz,12,0.2909090380812565,,14.457664940209094,3.914423282816393,3.8307802536719446,,False,False,,,,,False,20,400000.0,2,262,000789.poscar,unary-W/W-00262-2.poscar,/home/tuzhengyu/work/WTaTi/W-potential/fcc-restart/05-rss-round-1/rss/minimized/unary-W/W-00262-2.poscar,W-potential/fcc-restart/05-rss-round-1/rss/raw/unary-W/W-00262.poscar,fc45fc9cc8d964a54bb4b4e728b935b91cad78c79c48a5d8787735277f119b64,fc45fc9cc8d964a54bb4b4e728b935b91cad78c79c48a5d8787735277f119b64
40.0,,rss_mini,40.0,rss-n20-p400000bar,W-potential/fcc-restart/05-rss-round-1/rss-selection/source-frames/rss-n20-p400000bar.xyz,13,0.19281516986431474,,14.921258476523693,0.5740710161150376,0.6338828219992897,,False,False,,,,,False,20,400000.0,2,263,000792.poscar,unary-W/W-00263-2.poscar,/home/tuzhengyu/work/WTaTi/W-potential/fcc-restart/05-rss-round-1/rss/minimized/unary-W/W-00263-2.poscar,W-potential/fcc-restart/05-rss-round-1/rss/raw/unary-W/W-00263.poscar,363b040575162631fdac63109f618274ab48ca9e9dad3d70547368bf13ee6496,363b040575162631fdac63109f618274ab48ca9e9dad3d70547368bf13ee6496
40.0,,rss_mini,40.0,rss-n20-p400000bar,W-potential/fcc-restart/05-rss-round-1/rss-selection/source-frames/rss-n20-p400000bar.xyz,14,0.25090292178054385,,15.001829941992423,0.8027749142605567,0.7631607757568221,,False,False,,,,,False,20,400000.0,2,264,000795.poscar,unary-W/W-00264-2.poscar,/home/tuzhengyu/work/WTaTi/W-potential/fcc-restart/05-rss-round-1/rss/minimized/unary-W/W-00264-2.poscar,W-potential/fcc-restart/05-rss-round-1/rss/raw/unary-W/W-00264.poscar,21d5aed74c9f2b1ce348115ea4732762ef2f53e77bfb76624ff38d707361440c,21d5aed74c9f2b1ce348115ea4732762ef2f53e77bfb76624ff38d707361440c
40.0,,rss_mini,40.0,rss-n20-p400000bar,W-potential/fcc-restart/05-rss-round-1/rss-selection/source-frames/rss-n20-p400000bar.xyz,15,0.24757217903682202,,15.051009557067525,0.5054340426016023,0.5320917088360398,,False,False,,,,,False,20,400000.0,2,265,000798.poscar,unary-W/W-00265-2.poscar,/home/tuzhengyu/work/WTaTi/W-potential/fcc-restart/05-rss-round-1/rss/minimized/unary-W/W-00265-2.poscar,W-potential/fcc-restart/05-rss-round-1/rss/raw/unary-W/W-00265.poscar,a6ac4279d26ca5fa73d394195552a576adaff06c4338ee6c8c2922104b27b353,a6ac4279d26ca5fa73d394195552a576adaff06c4338ee6c8c2922104b27b353
40.0,,rss_mini,40.0,rss-n20-p400000bar,W-potential/fcc-restart/05-rss-round-1/rss-selection/source-frames/rss-n20-p400000bar.xyz,16,0.3181345374364312,,14.781883420644167,1.146211899909517,0.9962394611387959,,False,False,,,,,False,20,400000.0,2,266,000801.poscar,unary-W/W-00266-2.poscar,/home/tuzhengyu/work/WTaTi/W-potential/fcc-restart/05-rss-round-1/rss/minimized/unary-W/W-00266-2.poscar,W-potential/fcc-restart/05-rss-round-1/rss/raw/unary-W/W-00266.poscar,df967e840aa954b32cab86e177ce5389b3e502eac10990f80cf0105f168d6d5a,df967e840aa954b32cab86e177ce5389b3e502eac10990f80cf0105f168d6d5a
40.0,,rss_mini,40.0,rss-n20-p400000bar,W-potential/fcc-restart/05-rss-round-1/rss-selection/source-frames/rss-n20-p400000bar.xyz,17,0.26703277573171846,,14.281094654002164,1.2120222216708927,1.2299196895966054,,False,False,,,,,False,20,400000.0,2,267,000804.poscar,unary-W/W-00267-2.poscar,/home/tuzhengyu/work/WTaTi/W-potential/fcc-restart/05-rss-round-1/rss/minimized/unary-W/W-00267-2.poscar,W-potential/fcc-restart/05-rss-round-1/rss/raw/unary-W/W-00267.poscar,55c4bb0ab6807e5643ab1ca2b2c4679436a00e41f7d8e95898de904b52ea5f5d,55c4bb0ab6807e5643ab1ca2b2c4679436a00e41f7d8e95898de904b52ea5f5d
40.0,,rss_mini,40.0,rss-n20-p400000bar,W-potential/fcc-restart/05-rss-round-1/rss-selection/source-frames/rss-n20-p400000bar.xyz,18,0.03171821409697413,,14.289468194924675,0.16650332350130564,0.18005106157351655,,False,False,,,,,False,20,400000.0,2,268,000807.poscar,unary-W/W-00268-2.poscar,/home/tuzhengyu/work/WTaTi/W-potential/fcc-restart/05-rss-round-1/rss/minimized/unary-W/W-00268-2.poscar,W-potential/fcc-restart/05-rss-round-1/rss/raw/unary-W/W-00268.poscar,6dbb6e529eb71cce0c21413c4c325738bf9581363fe8270c4a7e31235eb27dbc,6dbb6e529eb71cce0c21413c4c325738bf9581363fe8270c4a7e31235eb27dbc
40.0,,rss_mini,40.0,rss-n20-p400000bar,W-potential/fcc-restart/05-rss-round-1/rss-selection/source-frames/rss-n20-p400000bar.xyz,19,0.002122393774156239,,14.269319222566612,0.010694810345249096,0.011666996536706244,,False,False,,,,,False,20,400000.0,2,269,000810.poscar,unary-W/W-00269-2.poscar,/home/tuzhengyu/work/WTaTi/W-potential/fcc-restart/05-rss-round-1/rss/minimized/unary-W/W-00269-2.poscar,W-potential/fcc-restart/05-rss-round-1/rss/raw/unary-W/W-00269.poscar,bddd56793ce0a620e6a22b52d0cfd59ba100530558bf721177f1f9d3514127e8,bddd56793ce0a620e6a22b52d0cfd59ba100530558bf721177f1f9d3514127e8
40.0,,rss_mini,40.0,rss-n20-p400000bar,W-potential/fcc-restart/05-rss-round-1/rss-selection/source-frames/rss-n20-p400000bar.xyz,20,0.4264950911703551,,14.680359034172238,0.4773052225972496,0.8741011448272209,,False,False,,,,,False,20,400000.0,2,270,000813.poscar,unary-W/W-00270-2.poscar,/home/tuzhengyu/work/WTaTi/W-potential/fcc-restart/05-rss-round-1/rss/minimized/unary-W/W-00270-2.poscar,W-potential/fcc-restart/05-rss-round-1/rss/raw/unary-W/W-00270.poscar,f8ad6651703094b2e03910521e66514c688e6d31bfd9557f86d0097428776a6c,f8ad6651703094b2e03910521e66514c688e6d31bfd9557f86d0097428776a6c
40.0,,rss_mini,40.0,rss-n20-p400000bar,W-potential/fcc-restart/05-rss-round-1/rss-selection/source-frames/rss-n20-p400000bar.xyz,21,0.01951935495219697,,14.319570876781857,0.1042321299216314,0.10467324363287853,,False,False,,,,,False,20,400000.0,2,271,000816.poscar,unary-W/W-00271-2.poscar,/home/tuzhengyu/work/WTaTi/W-potential/fcc-restart/05-rss-round-1/rss/minimized/unary-W/W-00271-2.poscar,W-potential/fcc-restart/05-rss-round-1/rss/raw/unary-W/W-00271.poscar,2e2714d77b5adf344767205a954240a2588fa4963dcd5649c7db41944fac0b41,2e2714d77b5adf344767205a954240a2588fa4963dcd5649c7db41944fac0b41
40.0,,rss_mini,40.0,rss-n20-p400000bar,W-potential/fcc-restart/05-rss-round-1/rss-selection/source-frames/rss-n20-p400000bar.xyz,22,0.30663444021971903,,15.401451076462454,0.28377810460943825,0.4887973343459876,,False,False,,,,,False,20,400000.0,2,272,000819.poscar,unary-W/W-00272-2.poscar,/home/tuzhengyu/work/WTaTi/W-potential/fcc-restart/05-rss-round-1/rss/minimized/unary-W/W-00272-2.poscar,W-potential/fcc-restart/05-rss-round-1/rss/raw/unary-W/W-00272.poscar,a0cb4c0db972761720f848a6eee02062ed4fc33e6a391e6c72c56e4261454d84,a0cb4c0db972761720f848a6eee02062ed4fc33e6a391e6c72c56e4261454d84
40.0,,rss_mini,40.0,rss-n20-p400000bar,W-potential/fcc-restart/05-rss-round-1/rss-selection/source-frames/rss-n20-p400000bar.xyz,23,0.20968124558103154,,14.682821449349941,0.27715410082695735,0.5328148492168454,,False,False,,,,,False,20,400000.0,2,273,000822.poscar,unary-W/W-00273-2.poscar,/home/tuzhengyu/work/WTaTi/W-potential/fcc-restart/05-rss-round-1/rss/minimized/unary-W/W-00273-2.poscar,W-potential/fcc-restart/05-rss-round-1/rss/raw/unary-W/W-00273.poscar,8a842a338371210d2e9334b1bd2e94d1f2285d837507de7119da80cb4bab8f08,8a842a338371210d2e9334b1bd2e94d1f2285d837507de7119da80cb4bab8f08
40.0,,rss_mini,40.0,rss-n20-p400000bar,W-potential/fcc-restart/05-rss-round-1/rss-selection/source-frames/rss-n20-p400000bar.xyz,24,0.2557795927273005,,14.866842672462633,0.4804726345921026,0.44043633306945423,,False,False,,,,,False,20,400000.0,2,274,000825.poscar,unary-W/W-00274-2.poscar,/home/tuzhengyu/work/WTaTi/W-potential/fcc-restart/05-rss-round-1/rss/minimized/unary-W/W-00274-2.poscar,W-potential/fcc-restart/05-rss-round-1/rss/raw/unary-W/W-00274.poscar,68fcee6725e094832628979ab468855297615aef6707a646d3b2f4a7dc93c108,68fcee6725e094832628979ab468855297615aef6707a646d3b2f4a7dc93c108
40.0,,rss_mini,40.0,rss-n20-p400000bar,W-potential/fcc-restart/05-rss-round-1/rss-selection/source-frames/rss-n20-p400000bar.xyz,25,0.4093623330740301,,14.668811994810664,0.5527075108071927,0.8290980597290522,,False,False,,,,,False,20,400000.0,2,275,000828.poscar,unary-W/W-00275-2.poscar,/home/tuzhengyu/work/WTaTi/W-potential/fcc-restart/05-rss-round-1/rss/minimized/unary-W/W-00275-2.poscar,W-potential/fcc-restart/05-rss-round-1/rss/raw/unary-W/W-00275.poscar,63db84634af90168175de0d5177a3a8605aeb636880fe4b0677d32e6abfebb3a,63db84634af90168175de0d5177a3a8605aeb636880fe4b0677d32e6abfebb3a
40.0,,rss_mini,40.0,rss-n20-p400000bar,W-potential/fcc-restart/05-rss-round-1/rss-selection/source-frames/rss-n20-p400000bar.xyz,26,0.13379878469353637,,14.579427902942356,0.3947637138803866,0.4691731160305334,,False,False,,,,,False,20,400000.0,2,276,000831.poscar,unary-W/W-00276-2.poscar,/home/tuzhengyu/work/WTaTi/W-potential/fcc-restart/05-rss-round-1/rss/minimized/unary-W/W-00276-2.poscar,W-potential/fcc-restart/05-rss-round-1/rss/raw/unary-W/W-00276.poscar,c5c36d26627a158c74bdd6080780c0ad5c21f0c687ebd15da33a3d6f071cf299,c5c36d26627a158c74bdd6080780c0ad5c21f0c687ebd15da33a3d6f071cf299
40.0,,rss_mini,40.0,rss-n20-p400000bar,W-potential/fcc-restart/05-rss-round-1/rss-selection/source-frames/rss-n20-p400000bar.xyz,27,0.23660813878349665,,14.9856676840912,1.0187264158471672,0.9990002168888651,,False,False,,,,,False,20,400000.0,2,277,000834.poscar,unary-W/W-00277-2.poscar,/home/tuzhengyu/work/WTaTi/W-potential/fcc-restart/05-rss-round-1/rss/minimized/unary-W/W-00277-2.poscar,W-potential/fcc-restart/05-rss-round-1/rss/raw/unary-W/W-00277.poscar,393b36427008d9491ef93762323e458ec0cd0ad59f10b37d9d82ba37d8736184,393b36427008d9491ef93762323e458ec0cd0ad59f10b37d9d82ba37d8736184
40.0,,rss_mini,40.0,rss-n20-p400000bar,W-potential/fcc-restart/05-rss-round-1/rss-selection/source-frames/rss-n20-p400000bar.xyz,28,0.23191642032442308,,14.966793542854697,0.30493258223287556,0.5100669969614211,,False,False,,,,,False,20,400000.0,2,278,000837.poscar,unary-W/W-00278-2.poscar,/home/tuzhengyu/work/WTaTi/W-potential/fcc-restart/05-rss-round-1/rss/minimized/unary-W/W-00278-2.poscar,W-potential/fcc-restart/05-rss-round-1/rss/raw/unary-W/W-00278.poscar,a9bad90dd9e1d3409a06443a69e40970ed4a7efa1b54c76f961f760f644ac367,a9bad90dd9e1d3409a06443a69e40970ed4a7efa1b54c76f961f760f644ac367
40.0,,rss_mini,40.0,rss-n20-p400000bar,W-potential/fcc-restart/05-rss-round-1/rss-selection/source-frames/rss-n20-p400000bar.xyz,29,0.2785216836458254,,14.853820556727282,0.4297861837979534,0.41131203663676646,,False,False,,,,,False,20,400000.0,2,279,000840.poscar,unary-W/W-00279-2.poscar,/home/tuzhengyu/work/WTaTi/W-potential/fcc-restart/05-rss-round-1/rss/minimized/unary-W/W-00279-2.poscar,W-potential/fcc-restart/05-rss-round-1/rss/raw/unary-W/W-00279.poscar,e644bab2323f0c55f0815fad75c510255c0c9cf6dc0bc4e6453b764ba31701ab,e644bab2323f0c55f0815fad75c510255c0c9cf6dc0bc4e6453b764ba31701ab
40.0,,rss_mini,40.0,rss-n20-p400000bar,W-potential/fcc-restart/05-rss-round-1/rss-selection/source-frames/rss-n20-p400000bar.xyz,30,0.26841737932713494,,14.422461766185503,2.3602941934490436,2.3338834722047284,,False,False,,,,,False,20,400000.0,2,280,000843.poscar,unary-W/W-00280-2.poscar,/home/tuzhengyu/work/WTaTi/W-potential/fcc-restart/05-rss-round-1/rss/minimized/unary-W/W-00280-2.poscar,W-potential/fcc-restart/05-rss-round-1/rss/raw/unary-W/W-00280.poscar,5a7276977bf6b39f470bcaea29d40a846509c6338674d4007bbb2ef620350272,5a7276977bf6b39f470bcaea29d40a846509c6338674d4007bbb2ef620350272
40.0,,rss_mini,40.0,rss-n20-p400000bar,W-potential/fcc-restart/05-rss-round-1/rss-selection/source-frames/rss-n20-p400000bar.xyz,31,0.23283732780735034,,14.920435833020894,1.0327267278746635,0.9677875858709958,,False,False,,,,,False,20,400000.0,2,281,000846.poscar,unary-W/W-00281-2.poscar,/home/tuzhengyu/work/WTaTi/W-potential/fcc-restart/05-rss-round-1/rss/minimized/unary-W/W-00281-2.poscar,W-potential/fcc-restart/05-rss-round-1/rss/raw/unary-W/W-00281.poscar,55b72aff01a21458278c1aae182e8188aabf6f558130cdd4449153bd529eba6a,55b72aff01a21458278c1aae182e8188aabf6f558130cdd4449153bd529eba6a
40.0,,rss_mini,40.0,rss-n20-p400000bar,W-potential/fcc-restart/05-rss-round-1/rss-selection/source-frames/rss-n20-p400000bar.xyz,32,0.274507808372317,,14.816511667784818,1.1286999116010594,1.2942959472747348,,False,False,,,,,False,20,400000.0,2,282,000849.poscar,unary-W/W-00282-2.poscar,/home/tuzhengyu/work/WTaTi/W-potential/fcc-restart/05-rss-round-1/rss/minimized/unary-W/W-00282-2.poscar,W-potential/fcc-restart/05-rss-round-1/rss/raw/unary-W/W-00282.poscar,17d0fb0750656dab239536d9bd7db6826288384a0b2f609ac20b0a19ddad7152,17d0fb0750656dab239536d9bd7db6826288384a0b2f609ac20b0a19ddad7152
40.0,,rss_mini,40.0,rss-n20-p400000bar,W-potential/fcc-restart/05-rss-round-1/rss-selection/source-frames/rss-n20-p400000bar.xyz,33,0.277071713235304,,14.771096928830564,0.517036276056222,0.5704672463383462,,False,False,,,,,False,20,400000.0,2,283,000852.poscar,unary-W/W-00283-2.poscar,/home/tuzhengyu/work/WTaTi/W-potential/fcc-restart/05-rss-round-1/rss/minimized/unary-W/W-00283-2.poscar,W-potential/fcc-restart/05-rss-round-1/rss/raw/unary-W/W-00283.poscar,0b42a63bc5dfb5d18d46baf1b581e176713e996d4339a5b94ee63869eaca4863,0b42a63bc5dfb5d18d46baf1b581e176713e996d4339a5b94ee63869eaca4863
40.0,,rss_mini,40.0,rss-n20-p400000bar,W-potential/fcc-restart/05-rss-round-1/rss-selection/source-frames/rss-n20-p400000bar.xyz,34,0.2523722647676067,,14.775591901421972,0.37734338893766217,0.6252624327110825,,False,False,,,,,False,20,400000.0,2,284,000855.poscar,unary-W/W-00284-2.poscar,/home/tuzhengyu/work/WTaTi/W-potential/fcc-restart/05-rss-round-1/rss/minimized/unary-W/W-00284-2.poscar,W-potential/fcc-restart/05-rss-round-1/rss/raw/unary-W/W-00284.poscar,65c249746f7d87edc5ec31201945af6672b476ae84a0b393fdc441c3baf99f02,65c249746f7d87edc5ec31201945af6672b476ae84a0b393fdc441c3baf99f02
40.0,,rss_mini,40.0,rss-n20-p400000bar,W-potential/fcc-restart/05-rss-round-1/rss-selection/source-frames/rss-n20-p400000bar.xyz,35,0.1874328073323436,,14.850134264042211,1.357325521084915,1.2849421207834673,,False,False,,,,,False,20,400000.0,2,285,000858.poscar,unary-W/W-00285-2.poscar,/home/tuzhengyu/work/WTaTi/W-potential/fcc-restart/05-rss-round-1/rss/minimized/unary-W/W-00285-2.poscar,W-potential/fcc-restart/05-rss-round-1/rss/raw/unary-W/W-00285.poscar,f36dd8a7eaf332468abc87449a8c4c9caf8919d2a2ea3c1bccd0e640bc178f58,f36dd8a7eaf332468abc87449a8c4c9caf8919d2a2ea3c1bccd0e640bc178f58
40.0,,rss_mini,40.0,rss-n20-p400000bar,W-potential/fcc-restart/05-rss-round-1/rss-selection/source-frames/rss-n20-p400000bar.xyz,36,0.3952806444204829,,14.731205832712387,0.45326624272607935,0.5067022027739905,,False,False,,,,,False,20,400000.0,2,286,000861.poscar,unary-W/W-00286-2.poscar,/home/tuzhengyu/work/WTaTi/W-potential/fcc-restart/05-rss-round-1/rss/minimized/unary-W/W-00286-2.poscar,W-potential/fcc-restart/05-rss-round-1/rss/raw/unary-W/W-00286.poscar,9c1971b204354cf947aa4281f61d0c23a0888351a6e8ae911af260ec6f3eb067,9c1971b204354cf947aa4281f61d0c23a0888351a6e8ae911af260ec6f3eb067
40.0,,rss_mini,40.0,rss-n20-p400000bar,W-potential/fcc-restart/05-rss-round-1/rss-selection/source-frames/rss-n20-p400000bar.xyz,37,0.033579468640893576,,14.268457555652668,0.22300564940257664,0.2429480836275819,,False,False,,,,,False,20,400000.0,2,287,000864.poscar,unary-W/W-00287-2.poscar,/home/tuzhengyu/work/WTaTi/W-potential/fcc-restart/05-rss-round-1/rss/minimized/unary-W/W-00287-2.poscar,W-potential/fcc-restart/05-rss-round-1/rss/raw/unary-W/W-00287.poscar,35701db8fd5aab8aaf5d91ce5c512fbf8a76b6e4d8ed8129b1cdc777ddd1aaa7,35701db8fd5aab8aaf5d91ce5c512fbf8a76b6e4d8ed8129b1cdc777ddd1aaa7
40.0,,rss_mini,40.0,rss-n20-p400000bar,W-potential/fcc-restart/05-rss-round-1/rss-selection/source-frames/rss-n20-p400000bar.xyz,38,0.16269288805411766,,14.925205666540638,0.5177229308322663,0.44628892556806044,,False,False,,,,,False,20,400000.0,2,288,000867.poscar,unary-W/W-00288-2.poscar,/home/tuzhengyu/work/WTaTi/W-potential/fcc-restart/05-rss-round-1/rss/minimized/unary-W/W-00288-2.poscar,W-potential/fcc-restart/05-rss-round-1/rss/raw/unary-W/W-00288.poscar,657bd4c0cf5694c103394f7d7df19d45ad6589e6c5ee7f541e6173070673562e,657bd4c0cf5694c103394f7d7df19d45ad6589e6c5ee7f541e6173070673562e
40.0,,rss_mini,40.0,rss-n20-p400000bar,W-potential/fcc-restart/05-rss-round-1/rss-selection/source-frames/rss-n20-p400000bar.xyz,39,0.2423329577368064,,14.909861250087923,0.2448028130334547,0.33298357747903873,,False,False,,,,,False,20,400000.0,2,289,000870.poscar,unary-W/W-00289-2.poscar,/home/tuzhengyu/work/WTaTi/W-potential/fcc-restart/05-rss-round-1/rss/minimized/unary-W/W-00289-2.poscar,W-potential/fcc-restart/05-rss-round-1/rss/raw/unary-W/W-00289.poscar,01827602fb9098ccd89546870652fe2a2873d4bb09f3faa28a96c0949f91e2a4,01827602fb9098ccd89546870652fe2a2873d4bb09f3faa28a96c0949f91e2a4
40.0,,rss_mini,40.0,rss-n20-p400000bar,W-potential/fcc-restart/05-rss-round-1/rss-selection/source-frames/rss-n20-p400000bar.xyz,40,0.061676829022442155,,14.295544247697515,0.21878224943236724,0.26632205427710076,,False,False,,,,,False,20,400000.0,2,290,000873.poscar,unary-W/W-00290-2.poscar,/home/tuzhengyu/work/WTaTi/W-potential/fcc-restart/05-rss-round-1/rss/minimized/unary-W/W-00290-2.poscar,W-potential/fcc-restart/05-rss-round-1/rss/raw/unary-W/W-00290.poscar,8bc9c4e7dac0bc1224df2e13be174a2bc7a2f4449470e50e5ac1891ebf65f48d,8bc9c4e7dac0bc1224df2e13be174a2bc7a2f4449470e50e5ac1891ebf65f48d
40.0,,rss_mini,40.0,rss-n20-p400000bar,W-potential/fcc-restart/05-rss-round-1/rss-selection/source-frames/rss-n20-p400000bar.xyz,41,0.2421562591292071,,14.870516081004876,0.5548624138542321,0.515426266711008,,False,False,,,,,False,20,400000.0,2,291,000876.poscar,unary-W/W-00291-2.poscar,/home/tuzhengyu/work/WTaTi/W-potential/fcc-restart/05-rss-round-1/rss/minimized/unary-W/W-00291-2.poscar,W-potential/fcc-restart/05-rss-round-1/rss/raw/unary-W/W-00291.poscar,15f3c0a74224fbe8253658b2261ea1cd1dd79008b64357e6cf2731ea8715b740,15f3c0a74224fbe8253658b2261ea1cd1dd79008b64357e6cf2731ea8715b740
40.0,,rss_mini,40.0,rss-n20-p400000bar,W-potential/fcc-restart/05-rss-round-1/rss-selection/source-frames/rss-n20-p400000bar.xyz,42,0.1919727179481206,,14.759284290739322,0.5483619437388731,0.5086872965892731,,False,False,,,,,False,20,400000.0,2,292,000879.poscar,unary-W/W-00292-2.poscar,/home/tuzhengyu/work/WTaTi/W-potential/fcc-restart/05-rss-round-1/rss/minimized/unary-W/W-00292-2.poscar,W-potential/fcc-restart/05-rss-round-1/rss/raw/unary-W/W-00292.poscar,10bfadc7b67f9268aac4617934bdbe4e92870cd22f8ad5114e271b109e36d36e,10bfadc7b67f9268aac4617934bdbe4e92870cd22f8ad5114e271b109e36d36e
40.0,,rss_mini,40.0,rss-n20-p400000bar,W-potential/fcc-restart/05-rss-round-1/rss-selection/source-frames/rss-n20-p400000bar.xyz,43,0.02460310527704143,,14.299560249012208,0.17792273214259596,0.17730796755607697,,False,False,,,,,False,20,400000.0,2,293,000882.poscar,unary-W/W-00293-2.poscar,/home/tuzhengyu/work/WTaTi/W-potential/fcc-restart/05-rss-round-1/rss/minimized/unary-W/W-00293-2.poscar,W-potential/fcc-restart/05-rss-round-1/rss/raw/unary-W/W-00293.poscar,e25b944cbd7a6866bd6a22d8b0bc80ce91dfc87184dad36f6220f67503cb02e7,e25b944cbd7a6866bd6a22d8b0bc80ce91dfc87184dad36f6220f67503cb02e7
40.0,,rss_mini,40.0,rss-n20-p400000bar,W-potential/fcc-restart/05-rss-round-1/rss-selection/source-frames/rss-n20-p400000bar.xyz,44,0.054334563390894396,,14.275325275785187,0.203512545659037,0.23496102023757437,,False,False,,,,,False,20,400000.0,2,294,000885.poscar,unary-W/W-00294-2.poscar,/home/tuzhengyu/work/WTaTi/W-potential/fcc-restart/05-rss-round-1/rss/minimized/unary-W/W-00294-2.poscar,W-potential/fcc-restart/05-rss-round-1/rss/raw/unary-W/W-00294.poscar,a0394e8d04381291883dc45dcac177818b1fefc222cf34e9eaaacb919d6f5ebc,a0394e8d04381291883dc45dcac177818b1fefc222cf34e9eaaacb919d6f5ebc
40.0,,rss_mini,40.0,rss-n20-p400000bar,W-potential/fcc-restart/05-rss-round-1/rss-selection/source-frames/rss-n20-p400000bar.xyz,45,0.2648467316965673,,14.872928529630693,1.2112434001442416,1.154769715578317,,False,False,,,,,False,20,400000.0,2,295,000888.poscar,unary-W/W-00295-2.poscar,/home/tuzhengyu/work/WTaTi/W-potential/fcc-restart/05-rss-round-1/rss/minimized/unary-W/W-00295-2.poscar,W-potential/fcc-restart/05-rss-round-1/rss/raw/unary-W/W-00295.poscar,c4aa309b80da999c90dbca21523a72b77996e0e5a91eb94f04d4145878ded1ac,c4aa309b80da999c90dbca21523a72b77996e0e5a91eb94f04d4145878ded1ac
40.0,,rss_mini,40.0,rss-n20-p400000bar,W-potential/fcc-restart/05-rss-round-1/rss-selection/source-frames/rss-n20-p400000bar.xyz,46,0.007438704059680196,,14.315312550533523,0.07254910606116456,0.072792884812056,,False,False,,,,,False,20,400000.0,2,296,000891.poscar,unary-W/W-00296-2.poscar,/home/tuzhengyu/work/WTaTi/W-potential/fcc-restart/05-rss-round-1/rss/minimized/unary-W/W-00296-2.poscar,W-potential/fcc-restart/05-rss-round-1/rss/raw/unary-W/W-00296.poscar,fb5a979ab484638b60070d797a2a7c0849e2cd52b52bf1f70169c3676aa64a05,fb5a979ab484638b60070d797a2a7c0849e2cd52b52bf1f70169c3676aa64a05
40.0,,rss_mini,40.0,rss-n20-p400000bar,W-potential/fcc-restart/05-rss-round-1/rss-selection/source-frames/rss-n20-p400000bar.xyz,47,0.36912451032956756,,14.872632713713378,0.5352805182261795,0.5937609084927048,,False,False,,,,,False,20,400000.0,2,297,000894.poscar,unary-W/W-00297-2.poscar,/home/tuzhengyu/work/WTaTi/W-potential/fcc-restart/05-rss-round-1/rss/minimized/unary-W/W-00297-2.poscar,W-potential/fcc-restart/05-rss-round-1/rss/raw/unary-W/W-00297.poscar,0eb0e7d9c7b1131d662cf2ec10ab66ce407c6e0ef58721eacca3efa4da88d538,0eb0e7d9c7b1131d662cf2ec10ab66ce407c6e0ef58721eacca3efa4da88d538
40.0,,rss_mini,40.0,rss-n20-p400000bar,W-potential/fcc-restart/05-rss-round-1/rss-selection/source-frames/rss-n20-p400000bar.xyz,48,0.2922016724271903,,14.637276893267536,0.41253866961399505,0.5263011044413342,,False,False,,,,,False,20,400000.0,2,298,000897.poscar,unary-W/W-00298-2.poscar,/home/tuzhengyu/work/WTaTi/W-potential/fcc-restart/05-rss-round-1/rss/minimized/unary-W/W-00298-2.poscar,W-potential/fcc-restart/05-rss-round-1/rss/raw/unary-W/W-00298.poscar,17313e6349e1188641e22517b790cb86d44464b3fe53f4e4273c74339de077a7,17313e6349e1188641e22517b790cb86d44464b3fe53f4e4273c74339de077a7
40.0,,rss_mini,40.0,rss-n20-p400000bar,W-potential/fcc-restart/05-rss-round-1/rss-selection/source-frames/rss-n20-p400000bar.xyz,49,0.23586208231817554,,15.077502425415295,0.9749879361390918,1.0027974268600324,,False,False,,,,,False,20,400000.0,2,299,000900.poscar,unary-W/W-00299-2.poscar,/home/tuzhengyu/work/WTaTi/W-potential/fcc-restart/05-rss-round-1/rss/minimized/unary-W/W-00299-2.poscar,W-potential/fcc-restart/05-rss-round-1/rss/raw/unary-W/W-00299.poscar,e8b2b8ca2482727f4accd62ccfa389ea2bede7d7796697c2c90316dfa5bf206c,e8b2b8ca2482727f4accd62ccfa389ea2bede7d7796697c2c90316dfa5bf206c
0.0,,rss_mini,0.0,rss-n22-p0bar,W-potential/fcc-restart/05-rss-round-1/rss-selection/source-frames/rss-n22-p0bar.xyz,0,0.17216676339904272,,16.688253365267393,0.3405634969807555,0.3426638755402407,,False,False,,,,,False,22,0.0,0,300,000901.poscar,unary-W/W-00300-0.poscar,/home/tuzhengyu/work/WTaTi/W-potential/fcc-restart/05-rss-round-1/rss/minimized/unary-W/W-00300-0.poscar,W-potential/fcc-restart/05-rss-round-1/rss/raw/unary-W/W-00300.poscar,d19b6755bd685b6335b2d4f065fee8200c3ee82860ed73b386bfa69920f6d7c3,d19b6755bd685b6335b2d4f065fee8200c3ee82860ed73b386bfa69920f6d7c3
0.0,,rss_mini,0.0,rss-n22-p0bar,W-potential/fcc-restart/05-rss-round-1/rss-selection/source-frames/rss-n22-p0bar.xyz,1,0.1804106409801586,,16.975500661287104,0.3323237539724829,0.4091412979900264,,False,False,,,,,False,22,0.0,0,301,000904.poscar,unary-W/W-00301-0.poscar,/home/tuzhengyu/work/WTaTi/W-potential/fcc-restart/05-rss-round-1/rss/minimized/unary-W/W-00301-0.poscar,W-potential/fcc-restart/05-rss-round-1/rss/raw/unary-W/W-00301.poscar,85af8927e4383816a4283e4a51e58e652ad96fa38ee42847d60fa2a765acb74a,85af8927e4383816a4283e4a51e58e652ad96fa38ee42847d60fa2a765acb74a
0.0,,rss_mini,0.0,rss-n22-p0bar,W-potential/fcc-restart/05-rss-round-1/rss-selection/source-frames/rss-n22-p0bar.xyz,2,0.1675128793394183,,16.759877568022578,0.3482843579503987,0.3730743667765071,,False,False,,,,,False,22,0.0,0,302,000907.poscar,unary-W/W-00302-0.poscar,/home/tuzhengyu/work/WTaTi/W-potential/fcc-restart/05-rss-round-1/rss/minimized/unary-W/W-00302-0.poscar,W-potential/fcc-restart/05-rss-round-1/rss/raw/unary-W/W-00302.poscar,92c5e8671df6980acc8f0b89aab777d972eaf63032f298917635d7ee1f9f3a01,92c5e8671df6980acc8f0b89aab777d972eaf63032f298917635d7ee1f9f3a01
0.0,,rss_mini,0.0,rss-n22-p0bar,W-potential/fcc-restart/05-rss-round-1/rss-selection/source-frames/rss-n22-p0bar.xyz,3,0.19702014051232614,,17.193434776770513,0.25236583398917917,0.33261191637900234,,False,False,,,,,False,22,0.0,0,303,000910.poscar,unary-W/W-00303-0.poscar,/home/tuzhengyu/work/WTaTi/W-potential/fcc-restart/05-rss-round-1/rss/minimized/unary-W/W-00303-0.poscar,W-potential/fcc-restart/05-rss-round-1/rss/raw/unary-W/W-00303.poscar,a1cc72052352cbe8a8ec160af37d1849c02edaac898ba3a40d1e07c65c6fc578,a1cc72052352cbe8a8ec160af37d1849c02edaac898ba3a40d1e07c65c6fc578
0.0,,rss_mini,0.0,rss-n22-p0bar,W-potential/fcc-restart/05-rss-round-1/rss-selection/source-frames/rss-n22-p0bar.xyz,4,0.22059905663279103,,17.196489935203306,0.26905741029198627,0.3694970458929333,,False,False,,,,,False,22,0.0,0,304,000913.poscar,unary-W/W-00304-0.poscar,/home/tuzhengyu/work/WTaTi/W-potential/fcc-restart/05-rss-round-1/rss/minimized/unary-W/W-00304-0.poscar,W-potential/fcc-restart/05-rss-round-1/rss/raw/unary-W/W-00304.poscar,0c55f96123fc6ee99afe03bbd116af5aa9de9526d62f54b3295d85158b7bd529,0c55f96123fc6ee99afe03bbd116af5aa9de9526d62f54b3295d85158b7bd529
0.0,,rss_mini,0.0,rss-n22-p0bar,W-potential/fcc-restart/05-rss-round-1/rss-selection/source-frames/rss-n22-p0bar.xyz,5,0.1622811774821031,,16.865970064139635,0.2099107007493784,0.2943101896094286,,False,False,,,,,False,22,0.0,0,305,000916.poscar,unary-W/W-00305-0.poscar,/home/tuzhengyu/work/WTaTi/W-potential/fcc-restart/05-rss-round-1/rss/minimized/unary-W/W-00305-0.poscar,W-potential/fcc-restart/05-rss-round-1/rss/raw/unary-W/W-00305.poscar,9e7178ea93a41498be96648bbb9c078cdeca1754dfc08d06519f9ecf3cfe88ea,9e7178ea93a41498be96648bbb9c078cdeca1754dfc08d06519f9ecf3cfe88ea
0.0,,rss_mini,0.0,rss-n22-p0bar,W-potential/fcc-restart/05-rss-round-1/rss-selection/source-frames/rss-n22-p0bar.xyz,6,0.1782424214057853,,16.88178507085897,0.3058141398265443,0.34085035973718864,,False,False,,,,,False,22,0.0,0,306,000919.poscar,unary-W/W-00306-0.poscar,/home/tuzhengyu/work/WTaTi/W-potential/fcc-restart/05-rss-round-1/rss/minimized/unary-W/W-00306-0.poscar,W-potential/fcc-restart/05-rss-round-1/rss/raw/unary-W/W-00306.poscar,e687a2c301e626e61beb769d093a502423a6f653112d783f7bdd9bbb65a1a05d,e687a2c301e626e61beb769d093a502423a6f653112d783f7bdd9bbb65a1a05d
0.0,,rss_mini,0.0,rss-n22-p0bar,W-potential/fcc-restart/05-rss-round-1/rss-selection/source-frames/rss-n22-p0bar.xyz,7,0.18955778155442402,,16.988580683770795,0.36373068060248975,0.5281947435340436,,False,False,,,,,False,22,0.0,0,307,000922.poscar,unary-W/W-00307-0.poscar,/home/tuzhengyu/work/WTaTi/W-potential/fcc-restart/05-rss-round-1/rss/minimized/unary-W/W-00307-0.poscar,W-potential/fcc-restart/05-rss-round-1/rss/raw/unary-W/W-00307.poscar,d9592fe47f319c88bb82931525ab1bb06c3e8fa1165e9e8945152d23dd1fc8f5,d9592fe47f319c88bb82931525ab1bb06c3e8fa1165e9e8945152d23dd1fc8f5
0.0,,rss_mini,0.0,rss-n22-p0bar,W-potential/fcc-restart/05-rss-round-1/rss-selection/source-frames/rss-n22-p0bar.xyz,8,0.16345594077705053,,17.18579115218138,0.3745613133809755,0.43974997745074146,,False,False,,,,,False,22,0.0,0,308,000925.poscar,unary-W/W-00308-0.poscar,/home/tuzhengyu/work/WTaTi/W-potential/fcc-restart/05-rss-round-1/rss/minimized/unary-W/W-00308-0.poscar,W-potential/fcc-restart/05-rss-round-1/rss/raw/unary-W/W-00308.poscar,9e8ee4fd5df367e272a3152f277dacb7b3bcdd99d78902ab338aa2654893ce4c,9e8ee4fd5df367e272a3152f277dacb7b3bcdd99d78902ab338aa2654893ce4c
0.0,,rss_mini,0.0,rss-n22-p0bar,W-potential/fcc-restart/05-rss-round-1/rss-selection/source-frames/rss-n22-p0bar.xyz,9,0.2574794571270531,,16.95923880135168,0.30493959673289556,0.6427282550632238,,False,False,,,,,False,22,0.0,0,309,000928.poscar,unary-W/W-00309-0.poscar,/home/tuzhengyu/work/WTaTi/W-potential/fcc-restart/05-rss-round-1/rss/minimized/unary-W/W-00309-0.poscar,W-potential/fcc-restart/05-rss-round-1/rss/raw/unary-W/W-00309.poscar,79835b14c0c15c2809faf4fced188cdc4ba98b69058e0f5171f8a8bbb05ed013,79835b14c0c15c2809faf4fced188cdc4ba98b69058e0f5171f8a8bbb05ed013
0.0,,rss_mini,0.0,rss-n22-p0bar,W-potential/fcc-restart/05-rss-round-1/rss-selection/source-frames/rss-n22-p0bar.xyz,10,0.2417712231532939,,17.197995768158176,0.29555760210299564,0.5442914885198566,,False,False,,,,,False,22,0.0,0,310,000931.poscar,unary-W/W-00310-0.poscar,/home/tuzhengyu/work/WTaTi/W-potential/fcc-restart/05-rss-round-1/rss/minimized/unary-W/W-00310-0.poscar,W-potential/fcc-restart/05-rss-round-1/rss/raw/unary-W/W-00310.poscar,630bf6fda25839ddb0dfcae8fa1375fab3b0f50957342afe534e591475a39ef5,630bf6fda25839ddb0dfcae8fa1375fab3b0f50957342afe534e591475a39ef5
0.0,,rss_mini,0.0,rss-n22-p0bar,W-potential/fcc-restart/05-rss-round-1/rss-selection/source-frames/rss-n22-p0bar.xyz,11,0.18340074142495552,,16.743389337172164,0.45078149003099577,0.43077416923760586,,False,False,,,,,False,22,0.0,0,311,000934.poscar,unary-W/W-00311-0.poscar,/home/tuzhengyu/work/WTaTi/W-potential/fcc-restart/05-rss-round-1/rss/minimized/unary-W/W-00311-0.poscar,W-potential/fcc-restart/05-rss-round-1/rss/raw/unary-W/W-00311.poscar,b56dba8da61e6eb03f538f3a40ac76e0e64b1011085f1225e1700fc42d1b7f9b,b56dba8da61e6eb03f538f3a40ac76e0e64b1011085f1225e1700fc42d1b7f9b
0.0,,rss_mini,0.0,rss-n22-p0bar,W-potential/fcc-restart/05-rss-round-1/rss-selection/source-frames/rss-n22-p0bar.xyz,12,0.14711673312937984,,16.961287611408927,0.4254015619783032,0.43982451594480565,,False,False,,,,,False,22,0.0,0,312,000937.poscar,unary-W/W-00312-0.poscar,/home/tuzhengyu/work/WTaTi/W-potential/fcc-restart/05-rss-round-1/rss/minimized/unary-W/W-00312-0.poscar,W-potential/fcc-restart/05-rss-round-1/rss/raw/unary-W/W-00312.poscar,cec22c54feeca912ebcc202136cfddc1e10667c2e0297c3bd64368cd267971af,cec22c54feeca912ebcc202136cfddc1e10667c2e0297c3bd64368cd267971af
0.0,,rss_mini,0.0,rss-n22-p0bar,W-potential/fcc-restart/05-rss-round-1/rss-selection/source-frames/rss-n22-p0bar.xyz,13,0.15588075688879574,,17.283210063853588,0.38497404960986126,0.37013465105175414,,False,False,,,,,False,22,0.0,0,313,000940.poscar,unary-W/W-00313-0.poscar,/home/tuzhengyu/work/WTaTi/W-potential/fcc-restart/05-rss-round-1/rss/minimized/unary-W/W-00313-0.poscar,W-potential/fcc-restart/05-rss-round-1/rss/raw/unary-W/W-00313.poscar,0848cd787423a9230137a4bbcb94095eb6922fa33887811aedef1854d701c7c4,0848cd787423a9230137a4bbcb94095eb6922fa33887811aedef1854d701c7c4
0.0,,rss_mini,0.0,rss-n22-p0bar,W-potential/fcc-restart/05-rss-round-1/rss-selection/source-frames/rss-n22-p0bar.xyz,14,0.1531191433566685,,16.752420752905557,0.4052460605759245,0.4564674918458639,,False,False,,,,,False,22,0.0,0,314,000943.poscar,unary-W/W-00314-0.poscar,/home/tuzhengyu/work/WTaTi/W-potential/fcc-restart/05-rss-round-1/rss/minimized/unary-W/W-00314-0.poscar,W-potential/fcc-restart/05-rss-round-1/rss/raw/unary-W/W-00314.poscar,536cb0f267b1dee0518bcebd5a235edff78d3035fddc3b069b50f90d03850bc3,536cb0f267b1dee0518bcebd5a235edff78d3035fddc3b069b50f90d03850bc3
0.0,,rss_mini,0.0,rss-n22-p0bar,W-potential/fcc-restart/05-rss-round-1/rss-selection/source-frames/rss-n22-p0bar.xyz,15,0.18180460334528814,,17.0431315907617,0.30862842157663006,0.26004999807098456,,False,False,,,,,False,22,0.0,0,315,000946.poscar,unary-W/W-00315-0.poscar,/home/tuzhengyu/work/WTaTi/W-potential/fcc-restart/05-rss-round-1/rss/minimized/unary-W/W-00315-0.poscar,W-potential/fcc-restart/05-rss-round-1/rss/raw/unary-W/W-00315.poscar,b95018db0a920c1cd170b415d9434e43e31d0f76458f1204907e615066954c5e,b95018db0a920c1cd170b415d9434e43e31d0f76458f1204907e615066954c5e
0.0,,rss_mini,0.0,rss-n22-p0bar,W-potential/fcc-restart/05-rss-round-1/rss-selection/source-frames/rss-n22-p0bar.xyz,16,0.1187850943725987,,17.118708635715024,0.20282099931525543,0.2943179804471617,,False,False,,,,,False,22,0.0,0,316,000949.poscar,unary-W/W-00316-0.poscar,/home/tuzhengyu/work/WTaTi/W-potential/fcc-restart/05-rss-round-1/rss/minimized/unary-W/W-00316-0.poscar,W-potential/fcc-restart/05-rss-round-1/rss/raw/unary-W/W-00316.poscar,0f088201faa597e7c89efbfd721e061b2eb8e1277c12acd516dd821d74501b31,0f088201faa597e7c89efbfd721e061b2eb8e1277c12acd516dd821d74501b31
0.0,,rss_mini,0.0,rss-n22-p0bar,W-potential/fcc-restart/05-rss-round-1/rss-selection/source-frames/rss-n22-p0bar.xyz,17,0.12769230126031755,,17.02257225905642,0.2682802630201065,0.3740598174327206,,False,False,,,,,False,22,0.0,0,317,000952.poscar,unary-W/W-00317-0.poscar,/home/tuzhengyu/work/WTaTi/W-potential/fcc-restart/05-rss-round-1/rss/minimized/unary-W/W-00317-0.poscar,W-potential/fcc-restart/05-rss-round-1/rss/raw/unary-W/W-00317.poscar,d6d34706198fbc4fcbbae11119efe682058acd29b3cb618d28f59f423bb33fe8,d6d34706198fbc4fcbbae11119efe682058acd29b3cb618d28f59f423bb33fe8
0.0,,rss_mini,0.0,rss-n22-p0bar,W-potential/fcc-restart/05-rss-round-1/rss-selection/source-frames/rss-n22-p0bar.xyz,18,0.2077743729990791,,16.703719322447505,0.24713557367767858,0.4080084027705586,,False,False,,,,,False,22,0.0,0,318,000955.poscar,unary-W/W-00318-0.poscar,/home/tuzhengyu/work/WTaTi/W-potential/fcc-restart/05-rss-round-1/rss/minimized/unary-W/W-00318-0.poscar,W-potential/fcc-restart/05-rss-round-1/rss/raw/unary-W/W-00318.poscar,fe8730d9b4311aff273f575aedf59676c9210f01e419687f7315248cecdd85cb,fe8730d9b4311aff273f575aedf59676c9210f01e419687f7315248cecdd85cb
0.0,,rss_mini,0.0,rss-n22-p0bar,W-potential/fcc-restart/05-rss-round-1/rss-selection/source-frames/rss-n22-p0bar.xyz,19,0.21600281883306305,,17.184892346935477,0.4369903162296152,0.4307440035783855,,False,False,,,,,False,22,0.0,0,319,000958.poscar,unary-W/W-00319-0.poscar,/home/tuzhengyu/work/WTaTi/W-potential/fcc-restart/05-rss-round-1/rss/minimized/unary-W/W-00319-0.poscar,W-potential/fcc-restart/05-rss-round-1/rss/raw/unary-W/W-00319.poscar,27eda8f1b723951aa3f2ea7b59bb8939ba0e0249faaf407e5c00cc340175b3ad,27eda8f1b723951aa3f2ea7b59bb8939ba0e0249faaf407e5c00cc340175b3ad
0.0,,rss_mini,0.0,rss-n22-p0bar,W-potential/fcc-restart/05-rss-round-1/rss-selection/source-frames/rss-n22-p0bar.xyz,20,0.1298445839709108,,17.145075628867897,0.22595053493696368,0.33787102822734383,,False,False,,,,,False,22,0.0,0,320,000961.poscar,unary-W/W-00320-0.poscar,/home/tuzhengyu/work/WTaTi/W-potential/fcc-restart/05-rss-round-1/rss/minimized/unary-W/W-00320-0.poscar,W-potential/fcc-restart/05-rss-round-1/rss/raw/unary-W/W-00320.poscar,71192c543b7242133c8ea0dd0a8c76cc32754947aa41aec0194780ff28acb730,71192c543b7242133c8ea0dd0a8c76cc32754947aa41aec0194780ff28acb730
0.0,,rss_mini,0.0,rss-n22-p0bar,W-potential/fcc-restart/05-rss-round-1/rss-selection/source-frames/rss-n22-p0bar.xyz,21,0.2002021458162332,,17.152705544979938,0.31439222223947705,0.420508813285661,,False,False,,,,,False,22,0.0,0,321,000964.poscar,unary-W/W-00321-0.poscar,/home/tuzhengyu/work/WTaTi/W-potential/fcc-restart/05-rss-round-1/rss/minimized/unary-W/W-00321-0.poscar,W-potential/fcc-restart/05-rss-round-1/rss/raw/unary-W/W-00321.poscar,b020dc2f5f02a0f29878fdd0de7d960c6c1fd430c9f2d858eae7e67a6815e608,b020dc2f5f02a0f29878fdd0de7d960c6c1fd430c9f2d858eae7e67a6815e608
0.0,,rss_mini,0.0,rss-n22-p0bar,W-potential/fcc-restart/05-rss-round-1/rss-selection/source-frames/rss-n22-p0bar.xyz,22,0.18990541722876855,,16.749021088301497,0.3752028512950142,0.36630823077022784,,False,False,,,,,False,22,0.0,0,322,000967.poscar,unary-W/W-00322-0.poscar,/home/tuzhengyu/work/WTaTi/W-potential/fcc-restart/05-rss-round-1/rss/minimized/unary-W/W-00322-0.poscar,W-potential/fcc-restart/05-rss-round-1/rss/raw/unary-W/W-00322.poscar,7ce8b33966e61c61d1d2cc2ee5ebce85022541fec454a7cf610a8bd351ec5e59,7ce8b33966e61c61d1d2cc2ee5ebce85022541fec454a7cf610a8bd351ec5e59
0.0,,rss_mini,0.0,rss-n22-p0bar,W-potential/fcc-restart/05-rss-round-1/rss-selection/source-frames/rss-n22-p0bar.xyz,23,0.13804044969636392,,16.716893557362194,0.26015223745181076,0.3733247214562567,,False,False,,,,,False,22,0.0,0,323,000970.poscar,unary-W/W-00323-0.poscar,/home/tuzhengyu/work/WTaTi/W-potential/fcc-restart/05-rss-round-1/rss/minimized/unary-W/W-00323-0.poscar,W-potential/fcc-restart/05-rss-round-1/rss/raw/unary-W/W-00323.poscar,7fadbfc9396f1d9a04e86969ca1c3b3500256b83073a539ed4e6d222b928f0c9,7fadbfc9396f1d9a04e86969ca1c3b3500256b83073a539ed4e6d222b928f0c9
0.0,,rss_mini,0.0,rss-n22-p0bar,W-potential/fcc-restart/05-rss-round-1/rss-selection/source-frames/rss-n22-p0bar.xyz,24,0.21487452223153003,,16.39306049523192,1.711397100541309,1.5546200126205898,,False,False,,,,,False,22,0.0,0,324,000973.poscar,unary-W/W-00324-0.poscar,/home/tuzhengyu/work/WTaTi/W-potential/fcc-restart/05-rss-round-1/rss/minimized/unary-W/W-00324-0.poscar,W-potential/fcc-restart/05-rss-round-1/rss/raw/unary-W/W-00324.poscar,b7ac7391c6506cf85e7b6850512ccb25e7ae496b340ec2b7acca88af359faa98,b7ac7391c6506cf85e7b6850512ccb25e7ae496b340ec2b7acca88af359faa98
0.0,,rss_mini,0.0,rss-n22-p0bar,W-potential/fcc-restart/05-rss-round-1/rss-selection/source-frames/rss-n22-p0bar.xyz,25,0.12325920004616851,,17.274128880750695,0.29223318530513415,0.34773887498742645,,False,False,,,,,False,22,0.0,0,325,000976.poscar,unary-W/W-00325-0.poscar,/home/tuzhengyu/work/WTaTi/W-potential/fcc-restart/05-rss-round-1/rss/minimized/unary-W/W-00325-0.poscar,W-potential/fcc-restart/05-rss-round-1/rss/raw/unary-W/W-00325.poscar,be1b29dc542601a7c5f49c88fcd59d2d0d08866880c712a8e1a75ac9b27f1b89,be1b29dc542601a7c5f49c88fcd59d2d0d08866880c712a8e1a75ac9b27f1b89
0.0,,rss_mini,0.0,rss-n22-p0bar,W-potential/fcc-restart/05-rss-round-1/rss-selection/source-frames/rss-n22-p0bar.xyz,26,0.11077057847571438,,16.878234930993564,0.23096190020273194,0.2575069017518239,,False,False,,,,,False,22,0.0,0,326,000979.poscar,unary-W/W-00326-0.poscar,/home/tuzhengyu/work/WTaTi/W-potential/fcc-restart/05-rss-round-1/rss/minimized/unary-W/W-00326-0.poscar,W-potential/fcc-restart/05-rss-round-1/rss/raw/unary-W/W-00326.poscar,e28bdd0d680e5b10c10f7e059e2a8530c1c4603b2e67cafde1a0e1c0574ad91a,e28bdd0d680e5b10c10f7e059e2a8530c1c4603b2e67cafde1a0e1c0574ad91a
0.0,,rss_mini,0.0,rss-n22-p0bar,W-potential/fcc-restart/05-rss-round-1/rss-selection/source-frames/rss-n22-p0bar.xyz,27,0.1578701764277124,,16.3418722841515,0.43993980883896167,0.4326954127788025,,False,False,,,,,False,22,0.0,0,327,000982.poscar,unary-W/W-00327-0.poscar,/home/tuzhengyu/work/WTaTi/W-potential/fcc-restart/05-rss-round-1/rss/minimized/unary-W/W-00327-0.poscar,W-potential/fcc-restart/05-rss-round-1/rss/raw/unary-W/W-00327.poscar,55ce5441c84cc0dc286d4e792d00af40b460cfd553b05f2b218d04a99dd0d984,55ce5441c84cc0dc286d4e792d00af40b460cfd553b05f2b218d04a99dd0d984
0.0,,rss_mini,0.0,rss-n22-p0bar,W-potential/fcc-restart/05-rss-round-1/rss-selection/source-frames/rss-n22-p0bar.xyz,28,0.17501149470191213,,16.716134277348747,0.7012045711609816,0.9072055755345195,,False,False,,,,,False,22,0.0,0,328,000985.poscar,unary-W/W-00328-0.poscar,/home/tuzhengyu/work/WTaTi/W-potential/fcc-restart/05-rss-round-1/rss/minimized/unary-W/W-00328-0.poscar,W-potential/fcc-restart/05-rss-round-1/rss/raw/unary-W/W-00328.poscar,f06049baded2017fc1db83af6c93e7ccaab2b2b105b5d073e17e679990a75c74,f06049baded2017fc1db83af6c93e7ccaab2b2b105b5d073e17e679990a75c74
0.0,,rss_mini,0.0,rss-n22-p0bar,W-potential/fcc-restart/05-rss-round-1/rss-selection/source-frames/rss-n22-p0bar.xyz,29,0.1358623230208095,,17.11173170253865,0.14937499500192236,0.23800833247590972,,False,False,,,,,False,22,0.0,0,329,000988.poscar,unary-W/W-00329-0.poscar,/home/tuzhengyu/work/WTaTi/W-potential/fcc-restart/05-rss-round-1/rss/minimized/unary-W/W-00329-0.poscar,W-potential/fcc-restart/05-rss-round-1/rss/raw/unary-W/W-00329.poscar,419413e9469a78bd8d03774936bdfe9c821d35c3db5f24cbeffe9f4998083a18,419413e9469a78bd8d03774936bdfe9c821d35c3db5f24cbeffe9f4998083a18
0.0,,rss_mini,0.0,rss-n22-p0bar,W-potential/fcc-restart/05-rss-round-1/rss-selection/source-frames/rss-n22-p0bar.xyz,30,0.1599766530952997,,16.88748153090036,0.540475183679284,0.5520364079631769,,False,False,,,,,False,22,0.0,0,330,000991.poscar,unary-W/W-00330-0.poscar,/home/tuzhengyu/work/WTaTi/W-potential/fcc-restart/05-rss-round-1/rss/minimized/unary-W/W-00330-0.poscar,W-potential/fcc-restart/05-rss-round-1/rss/raw/unary-W/W-00330.poscar,0aad2a3927191d44b429fcf70a7a9c51a0d4f69aec5fd4622c166aed5948b6b1,0aad2a3927191d44b429fcf70a7a9c51a0d4f69aec5fd4622c166aed5948b6b1
0.0,,rss_mini,0.0,rss-n22-p0bar,W-potential/fcc-restart/05-rss-round-1/rss-selection/source-frames/rss-n22-p0bar.xyz,31,0.13542027131942927,,16.9363908049345,0.33212775179663684,0.3925075296599607,,False,False,,,,,False,22,0.0,0,331,000994.poscar,unary-W/W-00331-0.poscar,/home/tuzhengyu/work/WTaTi/W-potential/fcc-restart/05-rss-round-1/rss/minimized/unary-W/W-00331-0.poscar,W-potential/fcc-restart/05-rss-round-1/rss/raw/unary-W/W-00331.poscar,15f5df55e278c3b0c9d8898bc69dc86f151e9a5c78067a0e76f218fe18aefb71,15f5df55e278c3b0c9d8898bc69dc86f151e9a5c78067a0e76f218fe18aefb71
0.0,,rss_mini,0.0,rss-n22-p0bar,W-potential/fcc-restart/05-rss-round-1/rss-selection/source-frames/rss-n22-p0bar.xyz,32,0.1142523867511418,,17.001800273984387,0.45709165265119944,0.47347736072341184,,False,False,,,,,False,22,0.0,0,332,000997.poscar,unary-W/W-00332-0.poscar,/home/tuzhengyu/work/WTaTi/W-potential/fcc-restart/05-rss-round-1/rss/minimized/unary-W/W-00332-0.poscar,W-potential/fcc-restart/05-rss-round-1/rss/raw/unary-W/W-00332.poscar,f65d7b1e2f8d018034c068930050dbc0f137648b8859ebe9bba8ce36e0fcae7c,f65d7b1e2f8d018034c068930050dbc0f137648b8859ebe9bba8ce36e0fcae7c
0.0,,rss_mini,0.0,rss-n22-p0bar,W-potential/fcc-restart/05-rss-round-1/rss-selection/source-frames/rss-n22-p0bar.xyz,33,0.22894745751909762,,16.872044768570184,0.2088185884846325,0.40444173801034955,,False,False,,,,,False,22,0.0,0,333,001000.poscar,unary-W/W-00333-0.poscar,/home/tuzhengyu/work/WTaTi/W-potential/fcc-restart/05-rss-round-1/rss/minimized/unary-W/W-00333-0.poscar,W-potential/fcc-restart/05-rss-round-1/rss/raw/unary-W/W-00333.poscar,5842a70510afe8b4107e0841e4b1314ae860a7398da85be1b480904c10f88c7b,5842a70510afe8b4107e0841e4b1314ae860a7398da85be1b480904c10f88c7b
0.0,,rss_mini,0.0,rss-n22-p0bar,W-potential/fcc-restart/05-rss-round-1/rss-selection/source-frames/rss-n22-p0bar.xyz,34,0.20730945044604732,,17.07995172520061,0.2565291311799862,0.38439054252177685,,False,False,,,,,False,22,0.0,0,334,001003.poscar,unary-W/W-00334-0.poscar,/home/tuzhengyu/work/WTaTi/W-potential/fcc-restart/05-rss-round-1/rss/minimized/unary-W/W-00334-0.poscar,W-potential/fcc-restart/05-rss-round-1/rss/raw/unary-W/W-00334.poscar,06a7b06a072c57b03b82f57e6d3419a05c5d7ce6c9316c309be06d6f23c17b15,06a7b06a072c57b03b82f57e6d3419a05c5d7ce6c9316c309be06d6f23c17b15
0.0,,rss_mini,0.0,rss-n22-p0bar,W-potential/fcc-restart/05-rss-round-1/rss-selection/source-frames/rss-n22-p0bar.xyz,35,0.16928670559947065,,17.275064366781336,0.6489365699260675,0.6223792165641144,,False,False,,,,,False,22,0.0,0,335,001006.poscar,unary-W/W-00335-0.poscar,/home/tuzhengyu/work/WTaTi/W-potential/fcc-restart/05-rss-round-1/rss/minimized/unary-W/W-00335-0.poscar,W-potential/fcc-restart/05-rss-round-1/rss/raw/unary-W/W-00335.poscar,1626c302c4a719e9abaef728e2ff9500fe29a51116e429563f8001571e7b7b03,1626c302c4a719e9abaef728e2ff9500fe29a51116e429563f8001571e7b7b03
0.0,,rss_mini,0.0,rss-n22-p0bar,W-potential/fcc-restart/05-rss-round-1/rss-selection/source-frames/rss-n22-p0bar.xyz,36,0.16368116985400868,,16.579243406688178,0.6562179598946722,0.5970261204882185,,False,False,,,,,False,22,0.0,0,336,001009.poscar,unary-W/W-00336-0.poscar,/home/tuzhengyu/work/WTaTi/W-potential/fcc-restart/05-rss-round-1/rss/minimized/unary-W/W-00336-0.poscar,W-potential/fcc-restart/05-rss-round-1/rss/raw/unary-W/W-00336.poscar,f45b3286df4f262ee605da171133da106f22edbcc2c7341e96d8dc20a23d1dee,f45b3286df4f262ee605da171133da106f22edbcc2c7341e96d8dc20a23d1dee
0.0,,rss_mini,0.0,rss-n22-p0bar,W-potential/fcc-restart/05-rss-round-1/rss-selection/source-frames/rss-n22-p0bar.xyz,37,0.16212359293488737,,16.702902080998346,0.39487716038136134,0.47838423348671427,,False,False,,,,,False,22,0.0,0,337,001012.poscar,unary-W/W-00337-0.poscar,/home/tuzhengyu/work/WTaTi/W-potential/fcc-restart/05-rss-round-1/rss/minimized/unary-W/W-00337-0.poscar,W-potential/fcc-restart/05-rss-round-1/rss/raw/unary-W/W-00337.poscar,6039c2a27159c361f25d1751e263052098876932784cb260aae125d51da51de0,6039c2a27159c361f25d1751e263052098876932784cb260aae125d51da51de0
0.0,,rss_mini,0.0,rss-n22-p0bar,W-potential/fcc-restart/05-rss-round-1/rss-selection/source-frames/rss-n22-p0bar.xyz,38,0.18566706850385842,,17.232627778625947,0.18257548254243586,0.27052446660493995,,False,False,,,,,False,22,0.0,0,338,001015.poscar,unary-W/W-00338-0.poscar,/home/tuzhengyu/work/WTaTi/W-potential/fcc-restart/05-rss-round-1/rss/minimized/unary-W/W-00338-0.poscar,W-potential/fcc-restart/05-rss-round-1/rss/raw/unary-W/W-00338.poscar,46e17815706dc0f138e0aa23e1fb62b60650d8788cf21cb5027a03742bfe59d2,46e17815706dc0f138e0aa23e1fb62b60650d8788cf21cb5027a03742bfe59d2
0.0,,rss_mini,0.0,rss-n22-p0bar,W-potential/fcc-restart/05-rss-round-1/rss-selection/source-frames/rss-n22-p0bar.xyz,39,0.018416177461586154,,15.820951295945422,0.10365719916140856,0.09844960122636577,,False,False,,,,,False,22,0.0,0,339,001018.poscar,unary-W/W-00339-0.poscar,/home/tuzhengyu/work/WTaTi/W-potential/fcc-restart/05-rss-round-1/rss/minimized/unary-W/W-00339-0.poscar,W-potential/fcc-restart/05-rss-round-1/rss/raw/unary-W/W-00339.poscar,35f075d5ec1a98fa34bb5b08ace61d330fd71cb03bf948932c4bfd3d635527e6,35f075d5ec1a98fa34bb5b08ace61d330fd71cb03bf948932c4bfd3d635527e6
0.0,,rss_mini,0.0,rss-n22-p0bar,W-potential/fcc-restart/05-rss-round-1/rss-selection/source-frames/rss-n22-p0bar.xyz,40,0.16059412887367058,,17.0644267695874,0.3505652665082472,0.362239630043938,,False,False,,,,,False,22,0.0,0,340,001021.poscar,unary-W/W-00340-0.poscar,/home/tuzhengyu/work/WTaTi/W-potential/fcc-restart/05-rss-round-1/rss/minimized/unary-W/W-00340-0.poscar,W-potential/fcc-restart/05-rss-round-1/rss/raw/unary-W/W-00340.poscar,ad302ee78b70f6232487552932731b4b30768ef10284e9bbd92e1d513072b05a,ad302ee78b70f6232487552932731b4b30768ef10284e9bbd92e1d513072b05a
0.0,,rss_mini,0.0,rss-n22-p0bar,W-potential/fcc-restart/05-rss-round-1/rss-selection/source-frames/rss-n22-p0bar.xyz,41,0.21785609018826274,,17.16961238846006,0.2631875885471903,0.5025737844413953,,False,False,,,,,False,22,0.0,0,341,001024.poscar,unary-W/W-00341-0.poscar,/home/tuzhengyu/work/WTaTi/W-potential/fcc-restart/05-rss-round-1/rss/minimized/unary-W/W-00341-0.poscar,W-potential/fcc-restart/05-rss-round-1/rss/raw/unary-W/W-00341.poscar,ee8242f97df5a38168c157a293629440eb82494f6c9e5f66c53501b792615710,ee8242f97df5a38168c157a293629440eb82494f6c9e5f66c53501b792615710
0.0,,rss_mini,0.0,rss-n22-p0bar,W-potential/fcc-restart/05-rss-round-1/rss-selection/source-frames/rss-n22-p0bar.xyz,42,0.17215119043913243,,16.807951619730567,0.1852898398659628,0.24870257397962475,,False,False,,,,,False,22,0.0,0,342,001027.poscar,unary-W/W-00342-0.poscar,/home/tuzhengyu/work/WTaTi/W-potential/fcc-restart/05-rss-round-1/rss/minimized/unary-W/W-00342-0.poscar,W-potential/fcc-restart/05-rss-round-1/rss/raw/unary-W/W-00342.poscar,378145bc0cebc5aa6663d7fa42388a7baadfc711c32a5b9cd149c19516205dac,378145bc0cebc5aa6663d7fa42388a7baadfc711c32a5b9cd149c19516205dac
0.0,,rss_mini,0.0,rss-n22-p0bar,W-potential/fcc-restart/05-rss-round-1/rss-selection/source-frames/rss-n22-p0bar.xyz,43,0.14924645404574158,,16.803986999231284,0.24015390139129233,0.34217112106624614,,False,False,,,,,False,22,0.0,0,343,001030.poscar,unary-W/W-00343-0.poscar,/home/tuzhengyu/work/WTaTi/W-potential/fcc-restart/05-rss-round-1/rss/minimized/unary-W/W-00343-0.poscar,W-potential/fcc-restart/05-rss-round-1/rss/raw/unary-W/W-00343.poscar,6562f2fa86cc34d00895495a60f44e2efc7bac1b9631af4a0cede5331a52d572,6562f2fa86cc34d00895495a60f44e2efc7bac1b9631af4a0cede5331a52d572
0.0,,rss_mini,0.0,rss-n22-p0bar,W-potential/fcc-restart/05-rss-round-1/rss-selection/source-frames/rss-n22-p0bar.xyz,44,0.18993759713019204,,16.873504010245206,0.41708950246870147,0.3630073671851069,,False,False,,,,,False,22,0.0,0,344,001033.poscar,unary-W/W-00344-0.poscar,/home/tuzhengyu/work/WTaTi/W-potential/fcc-restart/05-rss-round-1/rss/minimized/unary-W/W-00344-0.poscar,W-potential/fcc-restart/05-rss-round-1/rss/raw/unary-W/W-00344.poscar,b09b21828eecaef3cbde8ae288daca8c38c40b25bba51b2f978ed6eb59fc9373,b09b21828eecaef3cbde8ae288daca8c38c40b25bba51b2f978ed6eb59fc9373
0.0,,rss_mini,0.0,rss-n22-p0bar,W-potential/fcc-restart/05-rss-round-1/rss-selection/source-frames/rss-n22-p0bar.xyz,45,0.11956337168079652,,16.15305343342472,0.260820149088834,0.25187483068912386,,False,False,,,,,False,22,0.0,0,345,001036.poscar,unary-W/W-00345-0.poscar,/home/tuzhengyu/work/WTaTi/W-potential/fcc-restart/05-rss-round-1/rss/minimized/unary-W/W-00345-0.poscar,W-potential/fcc-restart/05-rss-round-1/rss/raw/unary-W/W-00345.poscar,3c6bc453bdeb660a49a86842c9a358c2cd2e924f6d78c8b0ee4fc7243f99ad36,3c6bc453bdeb660a49a86842c9a358c2cd2e924f6d78c8b0ee4fc7243f99ad36
0.0,,rss_mini,0.0,rss-n22-p0bar,W-potential/fcc-restart/05-rss-round-1/rss-selection/source-frames/rss-n22-p0bar.xyz,46,0.15628402457837962,,17.252377360600065,0.6590789359785911,0.6939396512276326,,False,False,,,,,False,22,0.0,0,346,001039.poscar,unary-W/W-00346-0.poscar,/home/tuzhengyu/work/WTaTi/W-potential/fcc-restart/05-rss-round-1/rss/minimized/unary-W/W-00346-0.poscar,W-potential/fcc-restart/05-rss-round-1/rss/raw/unary-W/W-00346.poscar,4ec6a94ff49463baf2ab9668b1da90c97001d10a2d42651c245be641a72a98b5,4ec6a94ff49463baf2ab9668b1da90c97001d10a2d42651c245be641a72a98b5
0.0,,rss_mini,0.0,rss-n22-p0bar,W-potential/fcc-restart/05-rss-round-1/rss-selection/source-frames/rss-n22-p0bar.xyz,47,0.1726151387142914,,16.81868055558249,0.44817739471621626,0.43388964964400945,,False,False,,,,,False,22,0.0,0,347,001042.poscar,unary-W/W-00347-0.poscar,/home/tuzhengyu/work/WTaTi/W-potential/fcc-restart/05-rss-round-1/rss/minimized/unary-W/W-00347-0.poscar,W-potential/fcc-restart/05-rss-round-1/rss/raw/unary-W/W-00347.poscar,5f1a3192407c8defe1810dc8bde364a00b63f5b5a2f0f0b50c331c91aaba91fa,5f1a3192407c8defe1810dc8bde364a00b63f5b5a2f0f0b50c331c91aaba91fa
0.0,,rss_mini,0.0,rss-n22-p0bar,W-potential/fcc-restart/05-rss-round-1/rss-selection/source-frames/rss-n22-p0bar.xyz,48,0.1761609251069655,,17.544110155166926,0.290793118608442,0.3444354477181553,,False,False,,,,,False,22,0.0,0,348,001045.poscar,unary-W/W-00348-0.poscar,/home/tuzhengyu/work/WTaTi/W-potential/fcc-restart/05-rss-round-1/rss/minimized/unary-W/W-00348-0.poscar,W-potential/fcc-restart/05-rss-round-1/rss/raw/unary-W/W-00348.poscar,8648cc3ffa9044720b29301218f01c5126c7ae85b22c5638a2214b60a9f22770,8648cc3ffa9044720b29301218f01c5126c7ae85b22c5638a2214b60a9f22770
0.0,,rss_mini,0.0,rss-n22-p0bar,W-potential/fcc-restart/05-rss-round-1/rss-selection/source-frames/rss-n22-p0bar.xyz,49,0.1741330638884948,,17.805009737871593,0.5534563141266808,0.49017903985696115,,False,False,,,,,False,22,0.0,0,349,001048.poscar,unary-W/W-00349-0.poscar,/home/tuzhengyu/work/WTaTi/W-potential/fcc-restart/05-rss-round-1/rss/minimized/unary-W/W-00349-0.poscar,W-potential/fcc-restart/05-rss-round-1/rss/raw/unary-W/W-00349.poscar,d23ed616785008ae418c1cb3c26f9d4911a65be961b85cc4ea9ac9c52a29926c,d23ed616785008ae418c1cb3c26f9d4911a65be961b85cc4ea9ac9c52a29926c
20.0,,rss_mini,20.0,rss-n22-p200000bar,W-potential/fcc-restart/05-rss-round-1/rss-selection/source-frames/rss-n22-p200000bar.xyz,0,0.18357720671324962,,15.124353119238611,1.0241484345072958,1.072329137872869,,False,False,,,,,False,22,200000.0,1,300,000902.poscar,unary-W/W-00300-1.poscar,/home/tuzhengyu/work/WTaTi/W-potential/fcc-restart/05-rss-round-1/rss/minimized/unary-W/W-00300-1.poscar,W-potential/fcc-restart/05-rss-round-1/rss/raw/unary-W/W-00300.poscar,243eb1169bd2481b9d1378f78bd7b51e69e04196d945947d13db20affb121147,243eb1169bd2481b9d1378f78bd7b51e69e04196d945947d13db20affb121147
20.0,,rss_mini,20.0,rss-n22-p200000bar,W-potential/fcc-restart/05-rss-round-1/rss-selection/source-frames/rss-n22-p200000bar.xyz,1,0.2016850503128351,,15.752638704147177,0.40513794812134735,0.45757138219240756,,False,False,,,,,False,22,200000.0,1,301,000905.poscar,unary-W/W-00301-1.poscar,/home/tuzhengyu/work/WTaTi/W-potential/fcc-restart/05-rss-round-1/rss/minimized/unary-W/W-00301-1.poscar,W-potential/fcc-restart/05-rss-round-1/rss/raw/unary-W/W-00301.poscar,33d3b486a218e1526af5332ffee55fcc7e31e1e6a900d13634932aa5b2e89b78,33d3b486a218e1526af5332ffee55fcc7e31e1e6a900d13634932aa5b2e89b78
20.0,,rss_mini,20.0,rss-n22-p200000bar,W-potential/fcc-restart/05-rss-round-1/rss-selection/source-frames/rss-n22-p200000bar.xyz,2,0.18065219403057167,,15.651390321171613,0.3678655498323961,0.30534949509619375,,False,False,,,,,False,22,200000.0,1,302,000908.poscar,unary-W/W-00302-1.poscar,/home/tuzhengyu/work/WTaTi/W-potential/fcc-restart/05-rss-round-1/rss/minimized/unary-W/W-00302-1.poscar,W-potential/fcc-restart/05-rss-round-1/rss/raw/unary-W/W-00302.poscar,316d2ecc229beca24447e32d45ea7f23a45f5e5b6940e7b03f84969c9f6fd8b6,316d2ecc229beca24447e32d45ea7f23a45f5e5b6940e7b03f84969c9f6fd8b6
20.0,,rss_mini,20.0,rss-n22-p200000bar,W-potential/fcc-restart/05-rss-round-1/rss-selection/source-frames/rss-n22-p200000bar.xyz,3,0.2041953854749539,,16.049733815099632,0.3374423428295205,0.42598173672184175,,False,False,,,,,False,22,200000.0,1,303,000911.poscar,unary-W/W-00303-1.poscar,/home/tuzhengyu/work/WTaTi/W-potential/fcc-restart/05-rss-round-1/rss/minimized/unary-W/W-00303-1.poscar,W-potential/fcc-restart/05-rss-round-1/rss/raw/unary-W/W-00303.poscar,5a5e1545a8781da3d96b6b3d80505400efaa873dc10c96a0f35787aad140dba1,5a5e1545a8781da3d96b6b3d80505400efaa873dc10c96a0f35787aad140dba1
20.0,,rss_mini,20.0,rss-n22-p200000bar,W-potential/fcc-restart/05-rss-round-1/rss-selection/source-frames/rss-n22-p200000bar.xyz,4,0.2882802750177013,,15.966348818850948,0.3933051967922786,0.3934841098279391,,False,False,,,,,False,22,200000.0,1,304,000914.poscar,unary-W/W-00304-1.poscar,/home/tuzhengyu/work/WTaTi/W-potential/fcc-restart/05-rss-round-1/rss/minimized/unary-W/W-00304-1.poscar,W-potential/fcc-restart/05-rss-round-1/rss/raw/unary-W/W-00304.poscar,56eb48516c55b1482d04fab065656baf49e1baff1fe5802b9a880473b7b6c52a,56eb48516c55b1482d04fab065656baf49e1baff1fe5802b9a880473b7b6c52a
20.0,,rss_mini,20.0,rss-n22-p200000bar,W-potential/fcc-restart/05-rss-round-1/rss-selection/source-frames/rss-n22-p200000bar.xyz,5,0.18155934811663274,,15.686547794013274,0.27257970116921676,0.3429141794305779,,False,False,,,,,False,22,200000.0,1,305,000917.poscar,unary-W/W-00305-1.poscar,/home/tuzhengyu/work/WTaTi/W-potential/fcc-restart/05-rss-round-1/rss/minimized/unary-W/W-00305-1.poscar,W-potential/fcc-restart/05-rss-round-1/rss/raw/unary-W/W-00305.poscar,1564f6d04b0a4aa355ef0f95d98a33925ddd64db21554f12b546464ea58cbc7d,1564f6d04b0a4aa355ef0f95d98a33925ddd64db21554f12b546464ea58cbc7d
20.0,,rss_mini,20.0,rss-n22-p200000bar,W-potential/fcc-restart/05-rss-round-1/rss-selection/source-frames/rss-n22-p200000bar.xyz,6,0.28007255089465577,,15.520468571880398,1.0115045184327152,1.3807420382516582,,False,False,,,,,False,22,200000.0,1,306,000920.poscar,unary-W/W-00306-1.poscar,/home/tuzhengyu/work/WTaTi/W-potential/fcc-restart/05-rss-round-1/rss/minimized/unary-W/W-00306-1.poscar,W-potential/fcc-restart/05-rss-round-1/rss/raw/unary-W/W-00306.poscar,a5078515d8ad49f01f72a7d708091f8d8b6726d353f25adfaec53df85fb1fb73,a5078515d8ad49f01f72a7d708091f8d8b6726d353f25adfaec53df85fb1fb73
20.0,,rss_mini,20.0,rss-n22-p200000bar,W-potential/fcc-restart/05-rss-round-1/rss-selection/source-frames/rss-n22-p200000bar.xyz,7,0.18730007973646268,,15.726318883204902,0.5008684822462564,0.5385247570468781,,False,False,,,,,False,22,200000.0,1,307,000923.poscar,unary-W/W-00307-1.poscar,/home/tuzhengyu/work/WTaTi/W-potential/fcc-restart/05-rss-round-1/rss/minimized/unary-W/W-00307-1.poscar,W-potential/fcc-restart/05-rss-round-1/rss/raw/unary-W/W-00307.poscar,286bc0458f2db97437c05800c7ae6ece2f23b4db0afd567f411bf5a2fda568e4,286bc0458f2db97437c05800c7ae6ece2f23b4db0afd567f411bf5a2fda568e4
20.0,,rss_mini,20.0,rss-n22-p200000bar,W-potential/fcc-restart/05-rss-round-1/rss-selection/source-frames/rss-n22-p200000bar.xyz,8,0.19389633046977603,,15.69909373583953,0.3334198335740309,0.4629254403973421,,False,False,,,,,False,22,200000.0,1,308,000926.poscar,unary-W/W-00308-1.poscar,/home/tuzhengyu/work/WTaTi/W-potential/fcc-restart/05-rss-round-1/rss/minimized/unary-W/W-00308-1.poscar,W-potential/fcc-restart/05-rss-round-1/rss/raw/unary-W/W-00308.poscar,d028ee7e226476f5fdb272b9fb94a42dc51d3a587a9cd76a63c02f5c204dc476,d028ee7e226476f5fdb272b9fb94a42dc51d3a587a9cd76a63c02f5c204dc476
20.0,,rss_mini,20.0,rss-n22-p200000bar,W-potential/fcc-restart/05-rss-round-1/rss-selection/source-frames/rss-n22-p200000bar.xyz,9,0.21753956475142444,,15.77967261335069,0.35820502714184455,0.4794312715536197,,False,False,,,,,False,22,200000.0,1,309,000929.poscar,unary-W/W-00309-1.poscar,/home/tuzhengyu/work/WTaTi/W-potential/fcc-restart/05-rss-round-1/rss/minimized/unary-W/W-00309-1.poscar,W-potential/fcc-restart/05-rss-round-1/rss/raw/unary-W/W-00309.poscar,d13b991dab37c606d34631d9e0948b1070a3fe41abe4ab262a324317db42422c,d13b991dab37c606d34631d9e0948b1070a3fe41abe4ab262a324317db42422c
20.0,,rss_mini,20.0,rss-n22-p200000bar,W-potential/fcc-restart/05-rss-round-1/rss-selection/source-frames/rss-n22-p200000bar.xyz,10,0.1833880219489605,,15.555413950155229,0.5173801772927248,0.48320101035389174,,False,False,,,,,False,22,200000.0,1,310,000932.poscar,unary-W/W-00310-1.poscar,/home/tuzhengyu/work/WTaTi/W-potential/fcc-restart/05-rss-round-1/rss/minimized/unary-W/W-00310-1.poscar,W-potential/fcc-restart/05-rss-round-1/rss/raw/unary-W/W-00310.poscar,ecf6446a5b4fe6446492c4763df2dcb2baba94baea36bab4e51907b98a513f06,ecf6446a5b4fe6446492c4763df2dcb2baba94baea36bab4e51907b98a513f06
20.0,,rss_mini,20.0,rss-n22-p200000bar,W-potential/fcc-restart/05-rss-round-1/rss-selection/source-frames/rss-n22-p200000bar.xyz,11,0.20649714439396818,,15.448104149722758,0.5103917906834926,0.5038867525272545,,False,False,,,,,False,22,200000.0,1,311,000935.poscar,unary-W/W-00311-1.poscar,/home/tuzhengyu/work/WTaTi/W-potential/fcc-restart/05-rss-round-1/rss/minimized/unary-W/W-00311-1.poscar,W-potential/fcc-restart/05-rss-round-1/rss/raw/unary-W/W-00311.poscar,4c89c3cfb99d852efe1cf7fa3bd2c455e4360a5be19e0f11205f223b31141ada,4c89c3cfb99d852efe1cf7fa3bd2c455e4360a5be19e0f11205f223b31141ada
20.0,,rss_mini,20.0,rss-n22-p200000bar,W-potential/fcc-restart/05-rss-round-1/rss-selection/source-frames/rss-n22-p200000bar.xyz,12,0.13624389752157517,,15.737346850823043,0.25625413882922327,0.3599418905460689,,False,False,,,,,False,22,200000.0,1,312,000938.poscar,unary-W/W-00312-1.poscar,/home/tuzhengyu/work/WTaTi/W-potential/fcc-restart/05-rss-round-1/rss/minimized/unary-W/W-00312-1.poscar,W-potential/fcc-restart/05-rss-round-1/rss/raw/unary-W/W-00312.poscar,ac07b2bd61730979250a5ba6de36457ffb2ca0ccd8f4eb7a0c5b0b2b8065cf75,ac07b2bd61730979250a5ba6de36457ffb2ca0ccd8f4eb7a0c5b0b2b8065cf75
20.0,,rss_mini,20.0,rss-n22-p200000bar,W-potential/fcc-restart/05-rss-round-1/rss-selection/source-frames/rss-n22-p200000bar.xyz,13,0.19102353300285355,,15.76454932116166,0.9106334844359021,0.9350418156538908,,False,False,,,,,False,22,200000.0,1,313,000941.poscar,unary-W/W-00313-1.poscar,/home/tuzhengyu/work/WTaTi/W-potential/fcc-restart/05-rss-round-1/rss/minimized/unary-W/W-00313-1.poscar,W-potential/fcc-restart/05-rss-round-1/rss/raw/unary-W/W-00313.poscar,fcbb46e5e3779f020126fcc7ade83cf86ee5d008505bd82b6067c2716ef84788,fcbb46e5e3779f020126fcc7ade83cf86ee5d008505bd82b6067c2716ef84788
20.0,,rss_mini,20.0,rss-n22-p200000bar,W-potential/fcc-restart/05-rss-round-1/rss-selection/source-frames/rss-n22-p200000bar.xyz,14,0.18226221235110263,,15.38669983233095,1.8751502743946489,1.7465339854137827,,False,False,,,,,False,22,200000.0,1,314,000944.poscar,unary-W/W-00314-1.poscar,/home/tuzhengyu/work/WTaTi/W-potential/fcc-restart/05-rss-round-1/rss/minimized/unary-W/W-00314-1.poscar,W-potential/fcc-restart/05-rss-round-1/rss/raw/unary-W/W-00314.poscar,5c56c983b36ee05416e04bfed149f0e590adc1e171be15708197c2d2f5165f66,5c56c983b36ee05416e04bfed149f0e590adc1e171be15708197c2d2f5165f66
20.0,,rss_mini,20.0,rss-n22-p200000bar,W-potential/fcc-restart/05-rss-round-1/rss-selection/source-frames/rss-n22-p200000bar.xyz,15,0.22087865994636594,,15.854099237662501,0.33592197208278096,0.3803142348346158,,False,False,,,,,False,22,200000.0,1,315,000947.poscar,unary-W/W-00315-1.poscar,/home/tuzhengyu/work/WTaTi/W-potential/fcc-restart/05-rss-round-1/rss/minimized/unary-W/W-00315-1.poscar,W-potential/fcc-restart/05-rss-round-1/rss/raw/unary-W/W-00315.poscar,f68b6f2638396f79232bb476bf3f0ed3d4893af753068b34da65915a1c3305e2,f68b6f2638396f79232bb476bf3f0ed3d4893af753068b34da65915a1c3305e2
20.0,,rss_mini,20.0,rss-n22-p200000bar,W-potential/fcc-restart/05-rss-round-1/rss-selection/source-frames/rss-n22-p200000bar.xyz,16,0.18744421703889005,,15.782321413036557,0.7315186278913947,0.8134387117217337,,False,False,,,,,False,22,200000.0,1,316,000950.poscar,unary-W/W-00316-1.poscar,/home/tuzhengyu/work/WTaTi/W-potential/fcc-restart/05-rss-round-1/rss/minimized/unary-W/W-00316-1.poscar,W-potential/fcc-restart/05-rss-round-1/rss/raw/unary-W/W-00316.poscar,1ec96c35447b02171c195562c7485419645da5960bbb676f8f1794098c807d06,1ec96c35447b02171c195562c7485419645da5960bbb676f8f1794098c807d06
20.0,,rss_mini,20.0,rss-n22-p200000bar,W-potential/fcc-restart/05-rss-round-1/rss-selection/source-frames/rss-n22-p200000bar.xyz,17,0.1547805161909211,,15.977339226359875,0.33093321704835116,0.36649994268561276,,False,False,,,,,False,22,200000.0,1,317,000953.poscar,unary-W/W-00317-1.poscar,/home/tuzhengyu/work/WTaTi/W-potential/fcc-restart/05-rss-round-1/rss/minimized/unary-W/W-00317-1.poscar,W-potential/fcc-restart/05-rss-round-1/rss/raw/unary-W/W-00317.poscar,3831334f29c78bf8882fe39c6617ccfed4adcab9cd19c29a3d68126b9226f883,3831334f29c78bf8882fe39c6617ccfed4adcab9cd19c29a3d68126b9226f883
20.0,,rss_mini,20.0,rss-n22-p200000bar,W-potential/fcc-restart/05-rss-round-1/rss-selection/source-frames/rss-n22-p200000bar.xyz,18,0.23072345696330296,,15.625767591531394,0.35658893572434636,0.46783354385359194,,False,False,,,,,False,22,200000.0,1,318,000956.poscar,unary-W/W-00318-1.poscar,/home/tuzhengyu/work/WTaTi/W-potential/fcc-restart/05-rss-round-1/rss/minimized/unary-W/W-00318-1.poscar,W-potential/fcc-restart/05-rss-round-1/rss/raw/unary-W/W-00318.poscar,921ec8e80786aea3d7345f748f00b3f0c763337b885e042e89d0ab0e4ba2a796,921ec8e80786aea3d7345f748f00b3f0c763337b885e042e89d0ab0e4ba2a796
20.0,,rss_mini,20.0,rss-n22-p200000bar,W-potential/fcc-restart/05-rss-round-1/rss-selection/source-frames/rss-n22-p200000bar.xyz,19,0.18639019731219147,,15.899730042111939,0.44835293758421535,0.4004950384620286,,False,False,,,,,False,22,200000.0,1,319,000959.poscar,unary-W/W-00319-1.poscar,/home/tuzhengyu/work/WTaTi/W-potential/fcc-restart/05-rss-round-1/rss/minimized/unary-W/W-00319-1.poscar,W-potential/fcc-restart/05-rss-round-1/rss/raw/unary-W/W-00319.poscar,6d3fde4c4bdefde63ecde019596486fe2ba5e4b2e35c11b5b633ae5465211249,6d3fde4c4bdefde63ecde019596486fe2ba5e4b2e35c11b5b633ae5465211249
20.0,,rss_mini,20.0,rss-n22-p200000bar,W-potential/fcc-restart/05-rss-round-1/rss-selection/source-frames/rss-n22-p200000bar.xyz,20,0.159247029145239,,15.931559388429834,0.3767575875446751,0.531609419494528,,False,False,,,,,False,22,200000.0,1,320,000962.poscar,unary-W/W-00320-1.poscar,/home/tuzhengyu/work/WTaTi/W-potential/fcc-restart/05-rss-round-1/rss/minimized/unary-W/W-00320-1.poscar,W-potential/fcc-restart/05-rss-round-1/rss/raw/unary-W/W-00320.poscar,753ea6eb820ec4cf37301f74612ba37d30f1190fa4783468a875fca1825f2c70,753ea6eb820ec4cf37301f74612ba37d30f1190fa4783468a875fca1825f2c70
20.0,,rss_mini,20.0,rss-n22-p200000bar,W-potential/fcc-restart/05-rss-round-1/rss-selection/source-frames/rss-n22-p200000bar.xyz,21,0.20611159168132584,,15.65143323245713,0.7628876292894028,0.8280582136525684,,False,False,,,,,False,22,200000.0,1,321,000965.poscar,unary-W/W-00321-1.poscar,/home/tuzhengyu/work/WTaTi/W-potential/fcc-restart/05-rss-round-1/rss/minimized/unary-W/W-00321-1.poscar,W-potential/fcc-restart/05-rss-round-1/rss/raw/unary-W/W-00321.poscar,9720e11c0979a6a1623c0b34d78b4244c4ca3fbed05e963d684585b6d43b5e12,9720e11c0979a6a1623c0b34d78b4244c4ca3fbed05e963d684585b6d43b5e12
20.0,,rss_mini,20.0,rss-n22-p200000bar,W-potential/fcc-restart/05-rss-round-1/rss-selection/source-frames/rss-n22-p200000bar.xyz,22,0.26737429886726155,,15.621676817429481,0.543506309121797,0.5789397446086891,,False,False,,,,,False,22,200000.0,1,322,000968.poscar,unary-W/W-00322-1.poscar,/home/tuzhengyu/work/WTaTi/W-potential/fcc-restart/05-rss-round-1/rss/minimized/unary-W/W-00322-1.poscar,W-potential/fcc-restart/05-rss-round-1/rss/raw/unary-W/W-00322.poscar,8ae7508f5889332e62135150589dddc013a2a00651d407bd0942b2d215e7e891,8ae7508f5889332e62135150589dddc013a2a00651d407bd0942b2d215e7e891
20.0,,rss_mini,20.0,rss-n22-p200000bar,W-potential/fcc-restart/05-rss-round-1/rss-selection/source-frames/rss-n22-p200000bar.xyz,23,0.17372608490456515,,15.587842152671213,0.24333661370827298,0.2880389364931798,,False,False,,,,,False,22,200000.0,1,323,000971.poscar,unary-W/W-00323-1.poscar,/home/tuzhengyu/work/WTaTi/W-potential/fcc-restart/05-rss-round-1/rss/minimized/unary-W/W-00323-1.poscar,W-potential/fcc-restart/05-rss-round-1/rss/raw/unary-W/W-00323.poscar,2966025728a71c7c91997df2d2a3b011fd7a73f3c7340fee89a75e60616cbe35,2966025728a71c7c91997df2d2a3b011fd7a73f3c7340fee89a75e60616cbe35
20.0,,rss_mini,20.0,rss-n22-p200000bar,W-potential/fcc-restart/05-rss-round-1/rss-selection/source-frames/rss-n22-p200000bar.xyz,24,0.19792439618347304,,15.429401283626929,0.1717649372446784,0.20808929677879195,,False,False,,,,,False,22,200000.0,1,324,000974.poscar,unary-W/W-00324-1.poscar,/home/tuzhengyu/work/WTaTi/W-potential/fcc-restart/05-rss-round-1/rss/minimized/unary-W/W-00324-1.poscar,W-potential/fcc-restart/05-rss-round-1/rss/raw/unary-W/W-00324.poscar,42d4e88810b79f566402b97f5c90a785413d35ddab0b34d9c71f414951e20830,42d4e88810b79f566402b97f5c90a785413d35ddab0b34d9c71f414951e20830
20.0,,rss_mini,20.0,rss-n22-p200000bar,W-potential/fcc-restart/05-rss-round-1/rss-selection/source-frames/rss-n22-p200000bar.xyz,25,0.15348173645297064,,15.734742730970611,0.3117244035329527,0.32305964494665007,,False,False,,,,,False,22,200000.0,1,325,000977.poscar,unary-W/W-00325-1.poscar,/home/tuzhengyu/work/WTaTi/W-potential/fcc-restart/05-rss-round-1/rss/minimized/unary-W/W-00325-1.poscar,W-potential/fcc-restart/05-rss-round-1/rss/raw/unary-W/W-00325.poscar,bcf7936285a561cd9dd5a93f32caff24769538bc573451e5f2f087e16466d0c3,bcf7936285a561cd9dd5a93f32caff24769538bc573451e5f2f087e16466d0c3
20.0,,rss_mini,20.0,rss-n22-p200000bar,W-potential/fcc-restart/05-rss-round-1/rss-selection/source-frames/rss-n22-p200000bar.xyz,26,0.1331421245629489,,15.762758370206218,0.18436712310019623,0.23725601821569628,,False,False,,,,,False,22,200000.0,1,326,000980.poscar,unary-W/W-00326-1.poscar,/home/tuzhengyu/work/WTaTi/W-potential/fcc-restart/05-rss-round-1/rss/minimized/unary-W/W-00326-1.poscar,W-potential/fcc-restart/05-rss-round-1/rss/raw/unary-W/W-00326.poscar,5ead4e0ff5a3da84f411c197d4b2600488ef52a6300bd1dfc12c7fa47a942fef,5ead4e0ff5a3da84f411c197d4b2600488ef52a6300bd1dfc12c7fa47a942fef
20.0,,rss_mini,20.0,rss-n22-p200000bar,W-potential/fcc-restart/05-rss-round-1/rss-selection/source-frames/rss-n22-p200000bar.xyz,27,0.20358873685972628,,15.343615265629582,0.27859287073562894,0.26367525212444476,,False,False,,,,,False,22,200000.0,1,327,000983.poscar,unary-W/W-00327-1.poscar,/home/tuzhengyu/work/WTaTi/W-potential/fcc-restart/05-rss-round-1/rss/minimized/unary-W/W-00327-1.poscar,W-potential/fcc-restart/05-rss-round-1/rss/raw/unary-W/W-00327.poscar,c386a14ab006c36e4966624c76880c329fd93a09e54e08fb1d43495ceb7c4544,c386a14ab006c36e4966624c76880c329fd93a09e54e08fb1d43495ceb7c4544
20.0,,rss_mini,20.0,rss-n22-p200000bar,W-potential/fcc-restart/05-rss-round-1/rss-selection/source-frames/rss-n22-p200000bar.xyz,28,0.2042886904813908,,15.585148979532091,0.3735788743433842,0.5146911146273547,,False,False,,,,,False,22,200000.0,1,328,000986.poscar,unary-W/W-00328-1.poscar,/home/tuzhengyu/work/WTaTi/W-potential/fcc-restart/05-rss-round-1/rss/minimized/unary-W/W-00328-1.poscar,W-potential/fcc-restart/05-rss-round-1/rss/raw/unary-W/W-00328.poscar,5bba29d9452f6be098d44eaca92f33f176823b6c6770f9166a7a43047e51e9b0,5bba29d9452f6be098d44eaca92f33f176823b6c6770f9166a7a43047e51e9b0
20.0,,rss_mini,20.0,rss-n22-p200000bar,W-potential/fcc-restart/05-rss-round-1/rss-selection/source-frames/rss-n22-p200000bar.xyz,29,0.20635588097160057,,15.306277104065417,3.227259873377808,3.2075445098727884,,False,False,,,,,False,22,200000.0,1,329,000989.poscar,unary-W/W-00329-1.poscar,/home/tuzhengyu/work/WTaTi/W-potential/fcc-restart/05-rss-round-1/rss/minimized/unary-W/W-00329-1.poscar,W-potential/fcc-restart/05-rss-round-1/rss/raw/unary-W/W-00329.poscar,4711c7512183f824c4e6f0841f4b653c0326472215a5a516c18d049880fba330,4711c7512183f824c4e6f0841f4b653c0326472215a5a516c18d049880fba330
20.0,,rss_mini,20.0,rss-n22-p200000bar,W-potential/fcc-restart/05-rss-round-1/rss-selection/source-frames/rss-n22-p200000bar.xyz,30,0.22592111139745175,,15.448142929724877,0.38113895269237313,0.38427016136894293,,False,False,,,,,False,22,200000.0,1,330,000992.poscar,unary-W/W-00330-1.poscar,/home/tuzhengyu/work/WTaTi/W-potential/fcc-restart/05-rss-round-1/rss/minimized/unary-W/W-00330-1.poscar,W-potential/fcc-restart/05-rss-round-1/rss/raw/unary-W/W-00330.poscar,b3c6972c2169bc97766dc59d2126661d9a3ffad8f27a220a8b0feb005578d0b8,b3c6972c2169bc97766dc59d2126661d9a3ffad8f27a220a8b0feb005578d0b8
20.0,,rss_mini,20.0,rss-n22-p200000bar,W-potential/fcc-restart/05-rss-round-1/rss-selection/source-frames/rss-n22-p200000bar.xyz,31,0.17519631506612213,,15.758002073838206,0.2921735410171937,0.46041870472986346,,False,False,,,,,False,22,200000.0,1,331,000995.poscar,unary-W/W-00331-1.poscar,/home/tuzhengyu/work/WTaTi/W-potential/fcc-restart/05-rss-round-1/rss/minimized/unary-W/W-00331-1.poscar,W-potential/fcc-restart/05-rss-round-1/rss/raw/unary-W/W-00331.poscar,83c01dd950aaf337ed8b8bb149b9828002853425854b71c16cb3d26a671b8149,83c01dd950aaf337ed8b8bb149b9828002853425854b71c16cb3d26a671b8149
20.0,,rss_mini,20.0,rss-n22-p200000bar,W-potential/fcc-restart/05-rss-round-1/rss-selection/source-frames/rss-n22-p200000bar.xyz,32,0.19117685150123112,,15.737450483317565,0.868930936318323,0.9138559678358784,,False,False,,,,,False,22,200000.0,1,332,000998.poscar,unary-W/W-00332-1.poscar,/home/tuzhengyu/work/WTaTi/W-potential/fcc-restart/05-rss-round-1/rss/minimized/unary-W/W-00332-1.poscar,W-potential/fcc-restart/05-rss-round-1/rss/raw/unary-W/W-00332.poscar,452e1fdab2e929c40bfa945dc170cfe5152deaa3314d7b3b13c91d4aee1172da,452e1fdab2e929c40bfa945dc170cfe5152deaa3314d7b3b13c91d4aee1172da
20.0,,rss_mini,20.0,rss-n22-p200000bar,W-potential/fcc-restart/05-rss-round-1/rss-selection/source-frames/rss-n22-p200000bar.xyz,33,0.029994185817431466,,14.94074636054525,0.15226155938326982,0.15827107998649803,,False,False,,,,,False,22,200000.0,1,333,001001.poscar,unary-W/W-00333-1.poscar,/home/tuzhengyu/work/WTaTi/W-potential/fcc-restart/05-rss-round-1/rss/minimized/unary-W/W-00333-1.poscar,W-potential/fcc-restart/05-rss-round-1/rss/raw/unary-W/W-00333.poscar,a182c4c7088af727a0e84bcc21bd837026d69b43494d7467fbadab2a9f7b93be,a182c4c7088af727a0e84bcc21bd837026d69b43494d7467fbadab2a9f7b93be
20.0,,rss_mini,20.0,rss-n22-p200000bar,W-potential/fcc-restart/05-rss-round-1/rss-selection/source-frames/rss-n22-p200000bar.xyz,34,0.2790367992557816,,15.805017796566693,0.75847044227582,0.8685239394672944,,False,False,,,,,False,22,200000.0,1,334,001004.poscar,unary-W/W-00334-1.poscar,/home/tuzhengyu/work/WTaTi/W-potential/fcc-restart/05-rss-round-1/rss/minimized/unary-W/W-00334-1.poscar,W-potential/fcc-restart/05-rss-round-1/rss/raw/unary-W/W-00334.poscar,4588034f97dbf9dfd75560d3d2ece43265261ee995f57f0720bc3f1aaa479a67,4588034f97dbf9dfd75560d3d2ece43265261ee995f57f0720bc3f1aaa479a67
20.0,,rss_mini,20.0,rss-n22-p200000bar,W-potential/fcc-restart/05-rss-round-1/rss-selection/source-frames/rss-n22-p200000bar.xyz,35,0.1481784420559329,,15.753682438089573,1.1874131399099204,1.1096890260889607,,False,False,,,,,False,22,200000.0,1,335,001007.poscar,unary-W/W-00335-1.poscar,/home/tuzhengyu/work/WTaTi/W-potential/fcc-restart/05-rss-round-1/rss/minimized/unary-W/W-00335-1.poscar,W-potential/fcc-restart/05-rss-round-1/rss/raw/unary-W/W-00335.poscar,e5950e50a3b98914a9c2313da4b5290c4a71a5e625faf78d128ba45156396957,e5950e50a3b98914a9c2313da4b5290c4a71a5e625faf78d128ba45156396957
20.0,,rss_mini,20.0,rss-n22-p200000bar,W-potential/fcc-restart/05-rss-round-1/rss-selection/source-frames/rss-n22-p200000bar.xyz,36,0.20138207521631543,,15.419347545974318,0.5846651327984054,0.5618082398459803,,False,False,,,,,False,22,200000.0,1,336,001010.poscar,unary-W/W-00336-1.poscar,/home/tuzhengyu/work/WTaTi/W-potential/fcc-restart/05-rss-round-1/rss/minimized/unary-W/W-00336-1.poscar,W-potential/fcc-restart/05-rss-round-1/rss/raw/unary-W/W-00336.poscar,b0c25d9290c47f3e9a8194063b88fec47f2b209ffd29fc442c3e8c977ae7b947,b0c25d9290c47f3e9a8194063b88fec47f2b209ffd29fc442c3e8c977ae7b947
20.0,,rss_mini,20.0,rss-n22-p200000bar,W-potential/fcc-restart/05-rss-round-1/rss-selection/source-frames/rss-n22-p200000bar.xyz,37,0.19604911927277455,,15.580740613954434,0.5357260058981657,0.6354312829984284,,False,False,,,,,False,22,200000.0,1,337,001013.poscar,unary-W/W-00337-1.poscar,/home/tuzhengyu/work/WTaTi/W-potential/fcc-restart/05-rss-round-1/rss/minimized/unary-W/W-00337-1.poscar,W-potential/fcc-restart/05-rss-round-1/rss/raw/unary-W/W-00337.poscar,d5649b394dc89bd8b22003d22ff556fc5f6eea251cda64a3e4a39b0d38962d91,d5649b394dc89bd8b22003d22ff556fc5f6eea251cda64a3e4a39b0d38962d91
20.0,,rss_mini,20.0,rss-n22-p200000bar,W-potential/fcc-restart/05-rss-round-1/rss-selection/source-frames/rss-n22-p200000bar.xyz,38,0.23248884515103138,,15.968626441451226,0.5903390704573934,0.5872336799425545,,False,False,,,,,False,22,200000.0,1,338,001016.poscar,unary-W/W-00338-1.poscar,/home/tuzhengyu/work/WTaTi/W-potential/fcc-restart/05-rss-round-1/rss/minimized/unary-W/W-00338-1.poscar,W-potential/fcc-restart/05-rss-round-1/rss/raw/unary-W/W-00338.poscar,668be3b5c126831d2d8950e2b4950c9a094ea51bdcd74c720c05d6cc818a8f26,668be3b5c126831d2d8950e2b4950c9a094ea51bdcd74c720c05d6cc818a8f26
20.0,,rss_mini,20.0,rss-n22-p200000bar,W-potential/fcc-restart/05-rss-round-1/rss-selection/source-frames/rss-n22-p200000bar.xyz,39,0.04426763333774013,,14.93854067087446,0.2876544346508517,0.2742345837651121,,False,False,,,,,False,22,200000.0,1,339,001019.poscar,unary-W/W-00339-1.poscar,/home/tuzhengyu/work/WTaTi/W-potential/fcc-restart/05-rss-round-1/rss/minimized/unary-W/W-00339-1.poscar,W-potential/fcc-restart/05-rss-round-1/rss/raw/unary-W/W-00339.poscar,ea2d551560b5e25e31873b82e7d4c9aef2a309e04d8daec5f6d473339ae59164,ea2d551560b5e25e31873b82e7d4c9aef2a309e04d8daec5f6d473339ae59164
20.0,,rss_mini,20.0,rss-n22-p200000bar,W-potential/fcc-restart/05-rss-round-1/rss-selection/source-frames/rss-n22-p200000bar.xyz,40,0.16967835219628236,,15.754154179905585,0.3255480905143675,0.38329340298293,,False,False,,,,,False,22,200000.0,1,340,001022.poscar,unary-W/W-00340-1.poscar,/home/tuzhengyu/work/WTaTi/W-potential/fcc-restart/05-rss-round-1/rss/minimized/unary-W/W-00340-1.poscar,W-potential/fcc-restart/05-rss-round-1/rss/raw/unary-W/W-00340.poscar,0db1d94a6386b43845871d0a5f89573cad3ed3a836080516cdd922079a96537f,0db1d94a6386b43845871d0a5f89573cad3ed3a836080516cdd922079a96537f
20.0,,rss_mini,20.0,rss-n22-p200000bar,W-potential/fcc-restart/05-rss-round-1/rss-selection/source-frames/rss-n22-p200000bar.xyz,41,0.17169687504853343,,16.08515536515337,0.22787282630540415,0.317071240628684,,False,False,,,,,False,22,200000.0,1,341,001025.poscar,unary-W/W-00341-1.poscar,/home/tuzhengyu/work/WTaTi/W-potential/fcc-restart/05-rss-round-1/rss/minimized/unary-W/W-00341-1.poscar,W-potential/fcc-restart/05-rss-round-1/rss/raw/unary-W/W-00341.poscar,39149bb29360231ec9f5cb91861dd80da2f4f2af47c700907ff4824e7009a79b,39149bb29360231ec9f5cb91861dd80da2f4f2af47c700907ff4824e7009a79b
20.0,,rss_mini,20.0,rss-n22-p200000bar,W-potential/fcc-restart/05-rss-round-1/rss-selection/source-frames/rss-n22-p200000bar.xyz,42,0.17496464115304838,,15.692104642814991,0.23348936923813837,0.3148639080545399,,False,False,,,,,False,22,200000.0,1,342,001028.poscar,unary-W/W-00342-1.poscar,/home/tuzhengyu/work/WTaTi/W-potential/fcc-restart/05-rss-round-1/rss/minimized/unary-W/W-00342-1.poscar,W-potential/fcc-restart/05-rss-round-1/rss/raw/unary-W/W-00342.poscar,590e8d9414637e5369998829b5ec9af553578f001f2a388f0605dc019d7a6475,590e8d9414637e5369998829b5ec9af553578f001f2a388f0605dc019d7a6475
20.0,,rss_mini,20.0,rss-n22-p200000bar,W-potential/fcc-restart/05-rss-round-1/rss-selection/source-frames/rss-n22-p200000bar.xyz,43,0.2015812270922256,,15.504112600850585,0.41650366112163356,0.46944418734937393,,False,False,,,,,False,22,200000.0,1,343,001031.poscar,unary-W/W-00343-1.poscar,/home/tuzhengyu/work/WTaTi/W-potential/fcc-restart/05-rss-round-1/rss/minimized/unary-W/W-00343-1.poscar,W-potential/fcc-restart/05-rss-round-1/rss/raw/unary-W/W-00343.poscar,518d00418eb8ec2e4dace94594f2532d450f258f769e2e71e180ae1ae4c1ca49,518d00418eb8ec2e4dace94594f2532d450f258f769e2e71e180ae1ae4c1ca49
20.0,,rss_mini,20.0,rss-n22-p200000bar,W-potential/fcc-restart/05-rss-round-1/rss-selection/source-frames/rss-n22-p200000bar.xyz,44,0.3026396545345307,,15.779876852094729,0.2957366210826769,0.34540830261106753,,False,False,,,,,False,22,200000.0,1,344,001034.poscar,unary-W/W-00344-1.poscar,/home/tuzhengyu/work/WTaTi/W-potential/fcc-restart/05-rss-round-1/rss/minimized/unary-W/W-00344-1.poscar,W-potential/fcc-restart/05-rss-round-1/rss/raw/unary-W/W-00344.poscar,dd2178765ea4a37acc34ae9a77cece42e5f7d1288f929e258ea6e1c453ba3ad8,dd2178765ea4a37acc34ae9a77cece42e5f7d1288f929e258ea6e1c453ba3ad8
20.0,,rss_mini,20.0,rss-n22-p200000bar,W-potential/fcc-restart/05-rss-round-1/rss-selection/source-frames/rss-n22-p200000bar.xyz,45,0.12297707186634996,,14.991717687864865,0.6197202533366574,0.6301422223623405,,False,False,,,,,False,22,200000.0,1,345,001037.poscar,unary-W/W-00345-1.poscar,/home/tuzhengyu/work/WTaTi/W-potential/fcc-restart/05-rss-round-1/rss/minimized/unary-W/W-00345-1.poscar,W-potential/fcc-restart/05-rss-round-1/rss/raw/unary-W/W-00345.poscar,544a3342f1c9d3326a47f5fc558424afdf5a74437c6dc9cfa652a27854506a7a,544a3342f1c9d3326a47f5fc558424afdf5a74437c6dc9cfa652a27854506a7a
20.0,,rss_mini,20.0,rss-n22-p200000bar,W-potential/fcc-restart/05-rss-round-1/rss-selection/source-frames/rss-n22-p200000bar.xyz,46,0.19600265877145365,,16.106337808376626,0.36836606238223,0.47889124111758347,,False,False,,,,,False,22,200000.0,1,346,001040.poscar,unary-W/W-00346-1.poscar,/home/tuzhengyu/work/WTaTi/W-potential/fcc-restart/05-rss-round-1/rss/minimized/unary-W/W-00346-1.poscar,W-potential/fcc-restart/05-rss-round-1/rss/raw/unary-W/W-00346.poscar,ea704b9916efa6f88d44f015e288cd6cff56d8c429ccf7f70b2f6848354378ba,ea704b9916efa6f88d44f015e288cd6cff56d8c429ccf7f70b2f6848354378ba
20.0,,rss_mini,20.0,rss-n22-p200000bar,W-potential/fcc-restart/05-rss-round-1/rss-selection/source-frames/rss-n22-p200000bar.xyz,47,0.1744777917705861,,15.709637154838886,0.4098028695787378,0.48060181859908263,,False,False,,,,,False,22,200000.0,1,347,001043.poscar,unary-W/W-00347-1.poscar,/home/tuzhengyu/work/WTaTi/W-potential/fcc-restart/05-rss-round-1/rss/minimized/unary-W/W-00347-1.poscar,W-potential/fcc-restart/05-rss-round-1/rss/raw/unary-W/W-00347.poscar,430b2ad3a934d8534bdd8bc88eee04dc18fefd7cfbaf93dd98d7f310614c55eb,430b2ad3a934d8534bdd8bc88eee04dc18fefd7cfbaf93dd98d7f310614c55eb
20.0,,rss_mini,20.0,rss-n22-p200000bar,W-potential/fcc-restart/05-rss-round-1/rss-selection/source-frames/rss-n22-p200000bar.xyz,48,0.1890824075005829,,16.106308540876995,0.26405919328457017,0.32493096479072076,,False,False,,,,,False,22,200000.0,1,348,001046.poscar,unary-W/W-00348-1.poscar,/home/tuzhengyu/work/WTaTi/W-potential/fcc-restart/05-rss-round-1/rss/minimized/unary-W/W-00348-1.poscar,W-potential/fcc-restart/05-rss-round-1/rss/raw/unary-W/W-00348.poscar,25d0f2404e9d567dd692c5cc508ec4e42bd0e6424e07a2ea4cfa51e79bcd642b,25d0f2404e9d567dd692c5cc508ec4e42bd0e6424e07a2ea4cfa51e79bcd642b
20.0,,rss_mini,20.0,rss-n22-p200000bar,W-potential/fcc-restart/05-rss-round-1/rss-selection/source-frames/rss-n22-p200000bar.xyz,49,0.13800755920995073,,15.921669263867665,1.279545260293563,1.3671021081151338,,False,False,,,,,False,22,200000.0,1,349,001049.poscar,unary-W/W-00349-1.poscar,/home/tuzhengyu/work/WTaTi/W-potential/fcc-restart/05-rss-round-1/rss/minimized/unary-W/W-00349-1.poscar,W-potential/fcc-restart/05-rss-round-1/rss/raw/unary-W/W-00349.poscar,59a3ec0d7221cd2d4825bb033e9a75233fe7768f1dd879c4a38c6b58cb6b2ef9,59a3ec0d7221cd2d4825bb033e9a75233fe7768f1dd879c4a38c6b58cb6b2ef9
40.0,,rss_mini,40.0,rss-n22-p400000bar,W-potential/fcc-restart/05-rss-round-1/rss-selection/source-frames/rss-n22-p400000bar.xyz,0,0.19874311778006729,,14.808880059131655,0.38782265628621276,0.46949515281014476,,False,False,,,,,False,22,400000.0,2,300,000903.poscar,unary-W/W-00300-2.poscar,/home/tuzhengyu/work/WTaTi/W-potential/fcc-restart/05-rss-round-1/rss/minimized/unary-W/W-00300-2.poscar,W-potential/fcc-restart/05-rss-round-1/rss/raw/unary-W/W-00300.poscar,4316d47b5293521da51d95242470f970098fc27f676461d04e588b4fd76848c6,4316d47b5293521da51d95242470f970098fc27f676461d04e588b4fd76848c6
40.0,,rss_mini,40.0,rss-n22-p400000bar,W-potential/fcc-restart/05-rss-round-1/rss-selection/source-frames/rss-n22-p400000bar.xyz,1,0.24814105405437825,,14.768254661712545,0.8196163630861336,0.8382649647129126,,False,False,,,,,False,22,400000.0,2,301,000906.poscar,unary-W/W-00301-2.poscar,/home/tuzhengyu/work/WTaTi/W-potential/fcc-restart/05-rss-round-1/rss/minimized/unary-W/W-00301-2.poscar,W-potential/fcc-restart/05-rss-round-1/rss/raw/unary-W/W-00301.poscar,cd85c95bdac8e19ce3d3e513e8fa5a791f60d7e9d84839c1b0cd07eac50437fe,cd85c95bdac8e19ce3d3e513e8fa5a791f60d7e9d84839c1b0cd07eac50437fe
40.0,,rss_mini,40.0,rss-n22-p400000bar,W-potential/fcc-restart/05-rss-round-1/rss-selection/source-frames/rss-n22-p400000bar.xyz,2,0.2167450578598766,,14.85858962126357,1.0528459741753866,0.9946886082008045,,False,False,,,,,False,22,400000.0,2,302,000909.poscar,unary-W/W-00302-2.poscar,/home/tuzhengyu/work/WTaTi/W-potential/fcc-restart/05-rss-round-1/rss/minimized/unary-W/W-00302-2.poscar,W-potential/fcc-restart/05-rss-round-1/rss/raw/unary-W/W-00302.poscar,6300d3eebafe191d084b08666ebed207fb2b3c125872ab945e271509bef28a6d,6300d3eebafe191d084b08666ebed207fb2b3c125872ab945e271509bef28a6d
40.0,,rss_mini,40.0,rss-n22-p400000bar,W-potential/fcc-restart/05-rss-round-1/rss-selection/source-frames/rss-n22-p400000bar.xyz,3,0.22679722325325793,,14.68582753458416,1.4099753352452795,1.220722186581506,,False,False,,,,,False,22,400000.0,2,303,000912.poscar,unary-W/W-00303-2.poscar,/home/tuzhengyu/work/WTaTi/W-potential/fcc-restart/05-rss-round-1/rss/minimized/unary-W/W-00303-2.poscar,W-potential/fcc-restart/05-rss-round-1/rss/raw/unary-W/W-00303.poscar,c056c78154aa731451d2bcb995b5ff15f5f4da29478a036fffefbe90ee472f28,c056c78154aa731451d2bcb995b5ff15f5f4da29478a036fffefbe90ee472f28
40.0,,rss_mini,40.0,rss-n22-p400000bar,W-potential/fcc-restart/05-rss-round-1/rss-selection/source-frames/rss-n22-p400000bar.xyz,4,0.3946896273727032,,15.05816704102704,0.6249127847923586,0.5764238725805138,,False,False,,,,,False,22,400000.0,2,304,000915.poscar,unary-W/W-00304-2.poscar,/home/tuzhengyu/work/WTaTi/W-potential/fcc-restart/05-rss-round-1/rss/minimized/unary-W/W-00304-2.poscar,W-potential/fcc-restart/05-rss-round-1/rss/raw/unary-W/W-00304.poscar,3dd4999ec50874f61ce03deaa1c5ff6bd00325952add4de21e8b9fe6d0b26a54,3dd4999ec50874f61ce03deaa1c5ff6bd00325952add4de21e8b9fe6d0b26a54
40.0,,rss_mini,40.0,rss-n22-p400000bar,W-potential/fcc-restart/05-rss-round-1/rss-selection/source-frames/rss-n22-p400000bar.xyz,5,0.25991132290728897,,14.76864090087264,0.43785238733910964,0.5425325318178511,,False,False,,,,,False,22,400000.0,2,305,000918.poscar,unary-W/W-00305-2.poscar,/home/tuzhengyu/work/WTaTi/W-potential/fcc-restart/05-rss-round-1/rss/minimized/unary-W/W-00305-2.poscar,W-potential/fcc-restart/05-rss-round-1/rss/raw/unary-W/W-00305.poscar,ac7f7cc0a916fcdbd9d905941c34642638515ff682568e17459d0c8c09064fa4,ac7f7cc0a916fcdbd9d905941c34642638515ff682568e17459d0c8c09064fa4
40.0,,rss_mini,40.0,rss-n22-p400000bar,W-potential/fcc-restart/05-rss-round-1/rss-selection/source-frames/rss-n22-p400000bar.xyz,6,0.3310410328150551,,14.760226762861562,0.3967551095710731,0.9663286511889583,,False,False,,,,,False,22,400000.0,2,306,000921.poscar,unary-W/W-00306-2.poscar,/home/tuzhengyu/work/WTaTi/W-potential/fcc-restart/05-rss-round-1/rss/minimized/unary-W/W-00306-2.poscar,W-potential/fcc-restart/05-rss-round-1/rss/raw/unary-W/W-00306.poscar,b9e118b36bbbf26c6855e4fff6ab13f22a65437b8134ef0a1eec820c91489a46,b9e118b36bbbf26c6855e4fff6ab13f22a65437b8134ef0a1eec820c91489a46
40.0,,rss_mini,40.0,rss-n22-p400000bar,W-potential/fcc-restart/05-rss-round-1/rss-selection/source-frames/rss-n22-p400000bar.xyz,7,0.22504273638571046,,14.916521008544255,1.7036218098936315,1.7411707875124787,,False,False,,,,,False,22,400000.0,2,307,000924.poscar,unary-W/W-00307-2.poscar,/home/tuzhengyu/work/WTaTi/W-potential/fcc-restart/05-rss-round-1/rss/minimized/unary-W/W-00307-2.poscar,W-potential/fcc-restart/05-rss-round-1/rss/raw/unary-W/W-00307.poscar,10c4c957d4fac4142880e1b43721554775c6ed665834701c5258f5b331abef8b,10c4c957d4fac4142880e1b43721554775c6ed665834701c5258f5b331abef8b
40.0,,rss_mini,40.0,rss-n22-p400000bar,W-potential/fcc-restart/05-rss-round-1/rss-selection/source-frames/rss-n22-p400000bar.xyz,8,0.2789485621525805,,14.776318067440933,1.8467972897687006,1.5661264495172702,,False,False,,,,,False,22,400000.0,2,308,000927.poscar,unary-W/W-00308-2.poscar,/home/tuzhengyu/work/WTaTi/W-potential/fcc-restart/05-rss-round-1/rss/minimized/unary-W/W-00308-2.poscar,W-potential/fcc-restart/05-rss-round-1/rss/raw/unary-W/W-00308.poscar,c9c1bff8c39ca8dc9026e7829eadfe9f6f170ceb9ac0876fe2a0ab2b2d260eac,c9c1bff8c39ca8dc9026e7829eadfe9f6f170ceb9ac0876fe2a0ab2b2d260eac
40.0,,rss_mini,40.0,rss-n22-p400000bar,W-potential/fcc-restart/05-rss-round-1/rss-selection/source-frames/rss-n22-p400000bar.xyz,9,0.29938358926179004,,14.960685186732007,0.4357995219935985,0.6274315933710907,,False,False,,,,,False,22,400000.0,2,309,000930.poscar,unary-W/W-00309-2.poscar,/home/tuzhengyu/work/WTaTi/W-potential/fcc-restart/05-rss-round-1/rss/minimized/unary-W/W-00309-2.poscar,W-potential/fcc-restart/05-rss-round-1/rss/raw/unary-W/W-00309.poscar,257ed411d9d32dfe907f69d260f785667b7341eb92c449c970c0373ea8f3c957,257ed411d9d32dfe907f69d260f785667b7341eb92c449c970c0373ea8f3c957
40.0,,rss_mini,40.0,rss-n22-p400000bar,W-potential/fcc-restart/05-rss-round-1/rss-selection/source-frames/rss-n22-p400000bar.xyz,10,0.22730900385141492,,14.53865691694966,1.364902793030109,1.314262241568926,,False,False,,,,,False,22,400000.0,2,310,000933.poscar,unary-W/W-00310-2.poscar,/home/tuzhengyu/work/WTaTi/W-potential/fcc-restart/05-rss-round-1/rss/minimized/unary-W/W-00310-2.poscar,W-potential/fcc-restart/05-rss-round-1/rss/raw/unary-W/W-00310.poscar,08a0938458fa293da9470cc06c83d89959773d6bb34a992627a8e2083bfdfd07,08a0938458fa293da9470cc06c83d89959773d6bb34a992627a8e2083bfdfd07
40.0,,rss_mini,40.0,rss-n22-p400000bar,W-potential/fcc-restart/05-rss-round-1/rss-selection/source-frames/rss-n22-p400000bar.xyz,11,0.22605214435391222,,14.658387856668798,0.5408724253264334,0.6204665206241676,,False,False,,,,,False,22,400000.0,2,311,000936.poscar,unary-W/W-00311-2.poscar,/home/tuzhengyu/work/WTaTi/W-potential/fcc-restart/05-rss-round-1/rss/minimized/unary-W/W-00311-2.poscar,W-potential/fcc-restart/05-rss-round-1/rss/raw/unary-W/W-00311.poscar,0c467b196b2d48834d28bf0f7a73fb071e03f42e5086d349e5c9693de7ff6e03,0c467b196b2d48834d28bf0f7a73fb071e03f42e5086d349e5c9693de7ff6e03
40.0,,rss_mini,40.0,rss-n22-p400000bar,W-potential/fcc-restart/05-rss-round-1/rss-selection/source-frames/rss-n22-p400000bar.xyz,12,0.2265727825364419,,14.847027935651708,0.3722736157099933,0.48314572236027853,,False,False,,,,,False,22,400000.0,2,312,000939.poscar,unary-W/W-00312-2.poscar,/home/tuzhengyu/work/WTaTi/W-potential/fcc-restart/05-rss-round-1/rss/minimized/unary-W/W-00312-2.poscar,W-potential/fcc-restart/05-rss-round-1/rss/raw/unary-W/W-00312.poscar,f9e127c863e9357fb910cb15636f6ad7f76df9a89d33dcf7596a3efb1b9ca250,f9e127c863e9357fb910cb15636f6ad7f76df9a89d33dcf7596a3efb1b9ca250
40.0,,rss_mini,40.0,rss-n22-p400000bar,W-potential/fcc-restart/05-rss-round-1/rss-selection/source-frames/rss-n22-p400000bar.xyz,13,0.21901692209774942,,15.008836936189505,0.5273341626851474,0.6084036856442111,,False,False,,,,,False,22,400000.0,2,313,000942.poscar,unary-W/W-00313-2.poscar,/home/tuzhengyu/work/WTaTi/W-potential/fcc-restart/05-rss-round-1/rss/minimized/unary-W/W-00313-2.poscar,W-potential/fcc-restart/05-rss-round-1/rss/raw/unary-W/W-00313.poscar,ec8a3c386d0265592445c7820a0dcda49efdef8e19e7ffcb449432fada5b5800,ec8a3c386d0265592445c7820a0dcda49efdef8e19e7ffcb449432fada5b5800
40.0,,rss_mini,40.0,rss-n22-p400000bar,W-potential/fcc-restart/05-rss-round-1/rss-selection/source-frames/rss-n22-p400000bar.xyz,14,0.022104111905354624,,14.270347815582637,0.09130557766538344,0.10022850066833847,,False,False,,,,,False,22,400000.0,2,314,000945.poscar,unary-W/W-00314-2.poscar,/home/tuzhengyu/work/WTaTi/W-potential/fcc-restart/05-rss-round-1/rss/minimized/unary-W/W-00314-2.poscar,W-potential/fcc-restart/05-rss-round-1/rss/raw/unary-W/W-00314.poscar,fa53968afe28b42a23879b8189d37c3f7884fa28b75d68010916c33b39b10ec1,fa53968afe28b42a23879b8189d37c3f7884fa28b75d68010916c33b39b10ec1
40.0,,rss_mini,40.0,rss-n22-p400000bar,W-potential/fcc-restart/05-rss-round-1/rss-selection/source-frames/rss-n22-p400000bar.xyz,15,0.29957040440593824,,14.87562826188861,1.1865798119537467,1.1078792080139495,,False,False,,,,,False,22,400000.0,2,315,000948.poscar,unary-W/W-00315-2.poscar,/home/tuzhengyu/work/WTaTi/W-potential/fcc-restart/05-rss-round-1/rss/minimized/unary-W/W-00315-2.poscar,W-potential/fcc-restart/05-rss-round-1/rss/raw/unary-W/W-00315.poscar,65ec8d10c25a5f23c33d96d1ca8a6f427247beb69c78c8819a58243f3bf9f92e,65ec8d10c25a5f23c33d96d1ca8a6f427247beb69c78c8819a58243f3bf9f92e
40.0,,rss_mini,40.0,rss-n22-p400000bar,W-potential/fcc-restart/05-rss-round-1/rss-selection/source-frames/rss-n22-p400000bar.xyz,16,0.20138413079248627,,14.878113120529006,1.8159492394210024,1.899004126203645,,False,False,,,,,False,22,400000.0,2,316,000951.poscar,unary-W/W-00316-2.poscar,/home/tuzhengyu/work/WTaTi/W-potential/fcc-restart/05-rss-round-1/rss/minimized/unary-W/W-00316-2.poscar,W-potential/fcc-restart/05-rss-round-1/rss/raw/unary-W/W-00316.poscar,ad0eed339ec12d5f7c4a6b0113d04068a4c7ef1484059196994e45d2c94af548,ad0eed339ec12d5f7c4a6b0113d04068a4c7ef1484059196994e45d2c94af548
40.0,,rss_mini,40.0,rss-n22-p400000bar,W-potential/fcc-restart/05-rss-round-1/rss-selection/source-frames/rss-n22-p400000bar.xyz,17,0.2013539080526663,,14.915696053704941,0.4581633506740299,0.47903537737876023,,False,False,,,,,False,22,400000.0,2,317,000954.poscar,unary-W/W-00317-2.poscar,/home/tuzhengyu/work/WTaTi/W-potential/fcc-restart/05-rss-round-1/rss/minimized/unary-W/W-00317-2.poscar,W-potential/fcc-restart/05-rss-round-1/rss/raw/unary-W/W-00317.poscar,40ce27479022c8072b935ec53bcec1f99abaacdc7e47126daee83b83092dbac1,40ce27479022c8072b935ec53bcec1f99abaacdc7e47126daee83b83092dbac1
40.0,,rss_mini,40.0,rss-n22-p400000bar,W-potential/fcc-restart/05-rss-round-1/rss-selection/source-frames/rss-n22-p400000bar.xyz,18,0.2967779796887626,,14.77651830109135,0.4187102102265867,0.4578705222481376,,False,False,,,,,False,22,400000.0,2,318,000957.poscar,unary-W/W-00318-2.poscar,/home/tuzhengyu/work/WTaTi/W-potential/fcc-restart/05-rss-round-1/rss/minimized/unary-W/W-00318-2.poscar,W-potential/fcc-restart/05-rss-round-1/rss/raw/unary-W/W-00318.poscar,8e41949ef6ef0ecf49e58950cbb46851c0b83e96b54d3272d91fcde236692832,8e41949ef6ef0ecf49e58950cbb46851c0b83e96b54d3272d91fcde236692832
40.0,,rss_mini,40.0,rss-n22-p400000bar,W-potential/fcc-restart/05-rss-round-1/rss-selection/source-frames/rss-n22-p400000bar.xyz,19,0.2472275911620593,,14.761019656116451,0.6417923265414386,0.6000750527861882,,False,False,,,,,False,22,400000.0,2,319,000960.poscar,unary-W/W-00319-2.poscar,/home/tuzhengyu/work/WTaTi/W-potential/fcc-restart/05-rss-round-1/rss/minimized/unary-W/W-00319-2.poscar,W-potential/fcc-restart/05-rss-round-1/rss/raw/unary-W/W-00319.poscar,85273d7df98df4e625d01ca3e349eb3b83dee77b5f13760edee5c9e3d4ff6251,85273d7df98df4e625d01ca3e349eb3b83dee77b5f13760edee5c9e3d4ff6251
40.0,,rss_mini,40.0,rss-n22-p400000bar,W-potential/fcc-restart/05-rss-round-1/rss-selection/source-frames/rss-n22-p400000bar.xyz,20,0.41177206751639384,,14.884875674178282,1.110726357767745,1.1632900117434428,,False,False,,,,,False,22,400000.0,2,320,000963.poscar,unary-W/W-00320-2.poscar,/home/tuzhengyu/work/WTaTi/W-potential/fcc-restart/05-rss-round-1/rss/minimized/unary-W/W-00320-2.poscar,W-potential/fcc-restart/05-rss-round-1/rss/raw/unary-W/W-00320.poscar,61d58733d9e8bb08b61c31585e5862727aa248c2b03c9432951a9428600563d0,61d58733d9e8bb08b61c31585e5862727aa248c2b03c9432951a9428600563d0
40.0,,rss_mini,40.0,rss-n22-p400000bar,W-potential/fcc-restart/05-rss-round-1/rss-selection/source-frames/rss-n22-p400000bar.xyz,21,0.2959510111985386,,14.764405247106895,1.0161159003332982,0.9173306904742858,,False,False,,,,,False,22,400000.0,2,321,000966.poscar,unary-W/W-00321-2.poscar,/home/tuzhengyu/work/WTaTi/W-potential/fcc-restart/05-rss-round-1/rss/minimized/unary-W/W-00321-2.poscar,W-potential/fcc-restart/05-rss-round-1/rss/raw/unary-W/W-00321.poscar,797945e1bb3c3661495cf220eae91d02d8c4116f28771181c94ac0069352bba9,797945e1bb3c3661495cf220eae91d02d8c4116f28771181c94ac0069352bba9
40.0,,rss_mini,40.0,rss-n22-p400000bar,W-potential/fcc-restart/05-rss-round-1/rss-selection/source-frames/rss-n22-p400000bar.xyz,22,0.01859735536812903,,14.272142157884485,0.13275161352555462,0.13335744264842583,,False,False,,,,,False,22,400000.0,2,322,000969.poscar,unary-W/W-00322-2.poscar,/home/tuzhengyu/work/WTaTi/W-potential/fcc-restart/05-rss-round-1/rss/minimized/unary-W/W-00322-2.poscar,W-potential/fcc-restart/05-rss-round-1/rss/raw/unary-W/W-00322.poscar,9a28182e3d547dd88db844758430fd0b107007e886f09302e0348d2d77d85abb,9a28182e3d547dd88db844758430fd0b107007e886f09302e0348d2d77d85abb
40.0,,rss_mini,40.0,rss-n22-p400000bar,W-potential/fcc-restart/05-rss-round-1/rss-selection/source-frames/rss-n22-p400000bar.xyz,23,0.22016048834198138,,14.753750817275817,0.4254655542698474,0.5190503028091329,,False,False,,,,,False,22,400000.0,2,323,000972.poscar,unary-W/W-00323-2.poscar,/home/tuzhengyu/work/WTaTi/W-potential/fcc-restart/05-rss-round-1/rss/minimized/unary-W/W-00323-2.poscar,W-potential/fcc-restart/05-rss-round-1/rss/raw/unary-W/W-00323.poscar,2b3e344446af68af1122f8b89613718fa70fc7b07a01cddcfd8b44590707f933,2b3e344446af68af1122f8b89613718fa70fc7b07a01cddcfd8b44590707f933
40.0,,rss_mini,40.0,rss-n22-p400000bar,W-potential/fcc-restart/05-rss-round-1/rss-selection/source-frames/rss-n22-p400000bar.xyz,24,0.23563504602867416,,14.607806053558358,0.201592009711487,0.20942416061003788,,False,False,,,,,False,22,400000.0,2,324,000975.poscar,unary-W/W-00324-2.poscar,/home/tuzhengyu/work/WTaTi/W-potential/fcc-restart/05-rss-round-1/rss/minimized/unary-W/W-00324-2.poscar,W-potential/fcc-restart/05-rss-round-1/rss/raw/unary-W/W-00324.poscar,08ff82079f3e98afaf58fe78a91102ee3ba5034ef02ebb045e2fca7d33d9925a,08ff82079f3e98afaf58fe78a91102ee3ba5034ef02ebb045e2fca7d33d9925a
40.0,,rss_mini,40.0,rss-n22-p400000bar,W-potential/fcc-restart/05-rss-round-1/rss-selection/source-frames/rss-n22-p400000bar.xyz,25,0.17411664797403176,,14.824082177448638,0.2108257383542,0.20801672696823298,,False,False,,,,,False,22,400000.0,2,325,000978.poscar,unary-W/W-00325-2.poscar,/home/tuzhengyu/work/WTaTi/W-potential/fcc-restart/05-rss-round-1/rss/minimized/unary-W/W-00325-2.poscar,W-potential/fcc-restart/05-rss-round-1/rss/raw/unary-W/W-00325.poscar,c99ec01494490b1afaa37c2237f9ec32c3d476d1802ed224910a0cbc9dd96c64,c99ec01494490b1afaa37c2237f9ec32c3d476d1802ed224910a0cbc9dd96c64
40.0,,rss_mini,40.0,rss-n22-p400000bar,W-potential/fcc-restart/05-rss-round-1/rss-selection/source-frames/rss-n22-p400000bar.xyz,26,0.19283874989962121,,14.875531011382177,0.3052389062466095,0.40280268091109583,,False,False,,,,,False,22,400000.0,2,326,000981.poscar,unary-W/W-00326-2.poscar,/home/tuzhengyu/work/WTaTi/W-potential/fcc-restart/05-rss-round-1/rss/minimized/unary-W/W-00326-2.poscar,W-potential/fcc-restart/05-rss-round-1/rss/raw/unary-W/W-00326.poscar,bc89a88174b67422884bd3c6008d88276df58f66a3aac0c79753d171703643f0,bc89a88174b67422884bd3c6008d88276df58f66a3aac0c79753d171703643f0
40.0,,rss_mini,40.0,rss-n22-p400000bar,W-potential/fcc-restart/05-rss-round-1/rss-selection/source-frames/rss-n22-p400000bar.xyz,27,0.30515427860364414,,14.577032263162776,0.2454672129065712,0.41914864022599385,,False,False,,,,,False,22,400000.0,2,327,000984.poscar,unary-W/W-00327-2.poscar,/home/tuzhengyu/work/WTaTi/W-potential/fcc-restart/05-rss-round-1/rss/minimized/unary-W/W-00327-2.poscar,W-potential/fcc-restart/05-rss-round-1/rss/raw/unary-W/W-00327.poscar,58c344372a0a89442297fe6ee6ba078f61daf5f2b2f95a84f8e103e6b6d1ce3f,58c344372a0a89442297fe6ee6ba078f61daf5f2b2f95a84f8e103e6b6d1ce3f
40.0,,rss_mini,40.0,rss-n22-p400000bar,W-potential/fcc-restart/05-rss-round-1/rss-selection/source-frames/rss-n22-p400000bar.xyz,28,0.22695666949651763,,14.76980515783488,0.341772199795504,0.5277821963873035,,False,False,,,,,False,22,400000.0,2,328,000987.poscar,unary-W/W-00328-2.poscar,/home/tuzhengyu/work/WTaTi/W-potential/fcc-restart/05-rss-round-1/rss/minimized/unary-W/W-00328-2.poscar,W-potential/fcc-restart/05-rss-round-1/rss/raw/unary-W/W-00328.poscar,a23a7d441677755a0dc965456a0964005a00c8f9da7992d9857a03b2a642e593,a23a7d441677755a0dc965456a0964005a00c8f9da7992d9857a03b2a642e593
40.0,,rss_mini,40.0,rss-n22-p400000bar,W-potential/fcc-restart/05-rss-round-1/rss-selection/source-frames/rss-n22-p400000bar.xyz,29,0.20413604780777758,,14.312000564461924,1.2929393105991913,1.3078842108403896,,False,False,,,,,False,22,400000.0,2,329,000990.poscar,unary-W/W-00329-2.poscar,/home/tuzhengyu/work/WTaTi/W-potential/fcc-restart/05-rss-round-1/rss/minimized/unary-W/W-00329-2.poscar,W-potential/fcc-restart/05-rss-round-1/rss/raw/unary-W/W-00329.poscar,550d60b357849655f40dee79c3b6f91ae31526eb921da406cb1b4df0f49191f0,550d60b357849655f40dee79c3b6f91ae31526eb921da406cb1b4df0f49191f0
40.0,,rss_mini,40.0,rss-n22-p400000bar,W-potential/fcc-restart/05-rss-round-1/rss-selection/source-frames/rss-n22-p400000bar.xyz,30,0.24747834288825715,,14.69049888096423,0.6821250828107811,0.6724916242584968,,False,False,,,,,False,22,400000.0,2,330,000993.poscar,unary-W/W-00330-2.poscar,/home/tuzhengyu/work/WTaTi/W-potential/fcc-restart/05-rss-round-1/rss/minimized/unary-W/W-00330-2.poscar,W-potential/fcc-restart/05-rss-round-1/rss/raw/unary-W/W-00330.poscar,d4a79c517fb3ba51bd4ea3edee81b05e5f5228d89e304f6e453b797b2b27a759,d4a79c517fb3ba51bd4ea3edee81b05e5f5228d89e304f6e453b797b2b27a759
40.0,,rss_mini,40.0,rss-n22-p400000bar,W-potential/fcc-restart/05-rss-round-1/rss-selection/source-frames/rss-n22-p400000bar.xyz,31,0.22104512660698053,,14.914295413137262,0.5912917354703339,0.6694994626968169,,False,False,,,,,False,22,400000.0,2,331,000996.poscar,unary-W/W-00331-2.poscar,/home/tuzhengyu/work/WTaTi/W-potential/fcc-restart/05-rss-round-1/rss/minimized/unary-W/W-00331-2.poscar,W-potential/fcc-restart/05-rss-round-1/rss/raw/unary-W/W-00331.poscar,978d89ccad6db6e1c15c9d105569a0dea4ea3e11aa61611f2adb53099543d9f3,978d89ccad6db6e1c15c9d105569a0dea4ea3e11aa61611f2adb53099543d9f3
40.0,,rss_mini,40.0,rss-n22-p400000bar,W-potential/fcc-restart/05-rss-round-1/rss-selection/source-frames/rss-n22-p400000bar.xyz,32,0.30399052512484936,,14.78832436931318,1.145871200209015,1.2367255804444048,,False,False,,,,,False,22,400000.0,2,332,000999.poscar,unary-W/W-00332-2.poscar,/home/tuzhengyu/work/WTaTi/W-potential/fcc-restart/05-rss-round-1/rss/minimized/unary-W/W-00332-2.poscar,W-potential/fcc-restart/05-rss-round-1/rss/raw/unary-W/W-00332.poscar,7e77a6ac00ab64058182dab5fe68b381dcbc837f163e041c8a10c2a2c8fb5baa,7e77a6ac00ab64058182dab5fe68b381dcbc837f163e041c8a10c2a2c8fb5baa
40.0,,rss_mini,40.0,rss-n22-p400000bar,W-potential/fcc-restart/05-rss-round-1/rss-selection/source-frames/rss-n22-p400000bar.xyz,33,0.03727099486847665,,14.27358946843102,0.10821408200791718,0.13237175692108036,,False,False,,,,,False,22,400000.0,2,333,001002.poscar,unary-W/W-00333-2.poscar,/home/tuzhengyu/work/WTaTi/W-potential/fcc-restart/05-rss-round-1/rss/minimized/unary-W/W-00333-2.poscar,W-potential/fcc-restart/05-rss-round-1/rss/raw/unary-W/W-00333.poscar,83589dc3b2713eb61a2b18550af51b4bacefab409833e78b912b54e222def984,83589dc3b2713eb61a2b18550af51b4bacefab409833e78b912b54e222def984
40.0,,rss_mini,40.0,rss-n22-p400000bar,W-potential/fcc-restart/05-rss-round-1/rss-selection/source-frames/rss-n22-p400000bar.xyz,34,0.3568388870146084,,14.939496394665968,0.7631447655519177,0.7468050745369288,,False,False,,,,,False,22,400000.0,2,334,001005.poscar,unary-W/W-00334-2.poscar,/home/tuzhengyu/work/WTaTi/W-potential/fcc-restart/05-rss-round-1/rss/minimized/unary-W/W-00334-2.poscar,W-potential/fcc-restart/05-rss-round-1/rss/raw/unary-W/W-00334.poscar,3127fb6d8e4728d91e64b176617e228719e01fbe0e839c3a1cdd4b31328d8c4c,3127fb6d8e4728d91e64b176617e228719e01fbe0e839c3a1cdd4b31328d8c4c
40.0,,rss_mini,40.0,rss-n22-p400000bar,W-potential/fcc-restart/05-rss-round-1/rss-selection/source-frames/rss-n22-p400000bar.xyz,35,0.292396572005303,,14.63051106479741,0.7371470835079177,0.8904429874216253,,False,False,,,,,False,22,400000.0,2,335,001008.poscar,unary-W/W-00335-2.poscar,/home/tuzhengyu/work/WTaTi/W-potential/fcc-restart/05-rss-round-1/rss/minimized/unary-W/W-00335-2.poscar,W-potential/fcc-restart/05-rss-round-1/rss/raw/unary-W/W-00335.poscar,4f3851087ba7df41b657c1b69fe53ea1e4761d6e0386dfee06b2bbb471718cd0,4f3851087ba7df41b657c1b69fe53ea1e4761d6e0386dfee06b2bbb471718cd0
40.0,,rss_mini,40.0,rss-n22-p400000bar,W-potential/fcc-restart/05-rss-round-1/rss-selection/source-frames/rss-n22-p400000bar.xyz,36,0.3282685039830021,,14.639297624576743,0.4443561073289083,0.5426343890405146,,False,False,,,,,False,22,400000.0,2,336,001011.poscar,unary-W/W-00336-2.poscar,/home/tuzhengyu/work/WTaTi/W-potential/fcc-restart/05-rss-round-1/rss/minimized/unary-W/W-00336-2.poscar,W-potential/fcc-restart/05-rss-round-1/rss/raw/unary-W/W-00336.poscar,f14d3d5cf66d911787fa353a1610317b6ed7bb8d666cb9b47fa1d9922b6b9a35,f14d3d5cf66d911787fa353a1610317b6ed7bb8d666cb9b47fa1d9922b6b9a35
40.0,,rss_mini,40.0,rss-n22-p400000bar,W-potential/fcc-restart/05-rss-round-1/rss-selection/source-frames/rss-n22-p400000bar.xyz,37,0.2551169838117955,,14.780036030820263,0.48588284419324157,0.4837994115590543,,False,False,,,,,False,22,400000.0,2,337,001014.poscar,unary-W/W-00337-2.poscar,/home/tuzhengyu/work/WTaTi/W-potential/fcc-restart/05-rss-round-1/rss/minimized/unary-W/W-00337-2.poscar,W-potential/fcc-restart/05-rss-round-1/rss/raw/unary-W/W-00337.poscar,2f9d65a80cd4961e463d9b0f2da6a97b6e98970c556c588dad5d59849a63541b,2f9d65a80cd4961e463d9b0f2da6a97b6e98970c556c588dad5d59849a63541b
40.0,,rss_mini,40.0,rss-n22-p400000bar,W-potential/fcc-restart/05-rss-round-1/rss-selection/source-frames/rss-n22-p400000bar.xyz,38,0.21081236438780354,,14.8652140879954,0.8589649116712187,0.8523290182802764,,False,False,,,,,False,22,400000.0,2,338,001017.poscar,unary-W/W-00338-2.poscar,/home/tuzhengyu/work/WTaTi/W-potential/fcc-restart/05-rss-round-1/rss/minimized/unary-W/W-00338-2.poscar,W-potential/fcc-restart/05-rss-round-1/rss/raw/unary-W/W-00338.poscar,3f3c0f310a073290bd37193b1507b876893cd057d09358fb0cc600d6e1de2112,3f3c0f310a073290bd37193b1507b876893cd057d09358fb0cc600d6e1de2112
40.0,,rss_mini,40.0,rss-n22-p400000bar,W-potential/fcc-restart/05-rss-round-1/rss-selection/source-frames/rss-n22-p400000bar.xyz,39,0.03171771511476038,,14.265831270419914,0.16553856151581717,0.1629710495938946,,False,False,,,,,False,22,400000.0,2,339,001020.poscar,unary-W/W-00339-2.poscar,/home/tuzhengyu/work/WTaTi/W-potential/fcc-restart/05-rss-round-1/rss/minimized/unary-W/W-00339-2.poscar,W-potential/fcc-restart/05-rss-round-1/rss/raw/unary-W/W-00339.poscar,0fb8dadb9e63777ba5bff0ce8da1aed358d4043aa051c1cffc0ddd98a888145b,0fb8dadb9e63777ba5bff0ce8da1aed358d4043aa051c1cffc0ddd98a888145b
40.0,,rss_mini,40.0,rss-n22-p400000bar,W-potential/fcc-restart/05-rss-round-1/rss-selection/source-frames/rss-n22-p400000bar.xyz,40,0.2671000267987851,,14.924184917752823,0.8120856934073103,0.9132272327511156,,False,False,,,,,False,22,400000.0,2,340,001023.poscar,unary-W/W-00340-2.poscar,/home/tuzhengyu/work/WTaTi/W-potential/fcc-restart/05-rss-round-1/rss/minimized/unary-W/W-00340-2.poscar,W-potential/fcc-restart/05-rss-round-1/rss/raw/unary-W/W-00340.poscar,d672e203c616ef03772d506f256938e1a09139ab020d3519f2c0b886b6768ef7,d672e203c616ef03772d506f256938e1a09139ab020d3519f2c0b886b6768ef7
40.0,,rss_mini,40.0,rss-n22-p400000bar,W-potential/fcc-restart/05-rss-round-1/rss-selection/source-frames/rss-n22-p400000bar.xyz,41,0.17521744994903077,,14.932640260974283,0.24411859459240354,0.3794463101770556,,False,False,,,,,False,22,400000.0,2,341,001026.poscar,unary-W/W-00341-2.poscar,/home/tuzhengyu/work/WTaTi/W-potential/fcc-restart/05-rss-round-1/rss/minimized/unary-W/W-00341-2.poscar,W-potential/fcc-restart/05-rss-round-1/rss/raw/unary-W/W-00341.poscar,f020773a803c1d2bb7f06f24b9bc7a5cc773232ddd90ccfe6a0e14cf342cbecc,f020773a803c1d2bb7f06f24b9bc7a5cc773232ddd90ccfe6a0e14cf342cbecc
40.0,,rss_mini,40.0,rss-n22-p400000bar,W-potential/fcc-restart/05-rss-round-1/rss-selection/source-frames/rss-n22-p400000bar.xyz,42,0.21881102090180704,,14.8398801841953,0.3153230662753201,0.4679504285746747,,False,False,,,,,False,22,400000.0,2,342,001029.poscar,unary-W/W-00342-2.poscar,/home/tuzhengyu/work/WTaTi/W-potential/fcc-restart/05-rss-round-1/rss/minimized/unary-W/W-00342-2.poscar,W-potential/fcc-restart/05-rss-round-1/rss/raw/unary-W/W-00342.poscar,1388ac0875625a090b254083cf24e54bbbe6c5498f7beab8c120bf2bcfc15afe,1388ac0875625a090b254083cf24e54bbbe6c5498f7beab8c120bf2bcfc15afe
40.0,,rss_mini,40.0,rss-n22-p400000bar,W-potential/fcc-restart/05-rss-round-1/rss-selection/source-frames/rss-n22-p400000bar.xyz,43,0.20453793976473578,,14.816213372060066,0.4493444945490367,0.5383620627266771,,False,False,,,,,False,22,400000.0,2,343,001032.poscar,unary-W/W-00343-2.poscar,/home/tuzhengyu/work/WTaTi/W-potential/fcc-restart/05-rss-round-1/rss/minimized/unary-W/W-00343-2.poscar,W-potential/fcc-restart/05-rss-round-1/rss/raw/unary-W/W-00343.poscar,4661c3ebdf7d332b0fb01dc6af3ae76e8af10acb104a54df2a72a431f4ad19b4,4661c3ebdf7d332b0fb01dc6af3ae76e8af10acb104a54df2a72a431f4ad19b4
40.0,,rss_mini,40.0,rss-n22-p400000bar,W-potential/fcc-restart/05-rss-round-1/rss-selection/source-frames/rss-n22-p400000bar.xyz,44,0.3936174692964966,,14.925066972762295,0.3625750594297776,0.4895089674838178,,False,False,,,,,False,22,400000.0,2,344,001035.poscar,unary-W/W-00344-2.poscar,/home/tuzhengyu/work/WTaTi/W-potential/fcc-restart/05-rss-round-1/rss/minimized/unary-W/W-00344-2.poscar,W-potential/fcc-restart/05-rss-round-1/rss/raw/unary-W/W-00344.poscar,c3961db86a64d7fb9d561314017b809633872c73cc0dff6e2d03b69f6adb33a3,c3961db86a64d7fb9d561314017b809633872c73cc0dff6e2d03b69f6adb33a3
40.0,,rss_mini,40.0,rss-n22-p400000bar,W-potential/fcc-restart/05-rss-round-1/rss-selection/source-frames/rss-n22-p400000bar.xyz,45,0.1484864907423242,,14.296204289366978,0.6641446802577483,0.6991096409739045,,False,False,,,,,False,22,400000.0,2,345,001038.poscar,unary-W/W-00345-2.poscar,/home/tuzhengyu/work/WTaTi/W-potential/fcc-restart/05-rss-round-1/rss/minimized/unary-W/W-00345-2.poscar,W-potential/fcc-restart/05-rss-round-1/rss/raw/unary-W/W-00345.poscar,b328bcee3606dc872ec640668fd16ac1e514faad8856909dedd786ffadc70b44,b328bcee3606dc872ec640668fd16ac1e514faad8856909dedd786ffadc70b44
40.0,,rss_mini,40.0,rss-n22-p400000bar,W-potential/fcc-restart/05-rss-round-1/rss-selection/source-frames/rss-n22-p400000bar.xyz,46,0.16438464084025825,,14.9626614924386,0.7434121661329315,0.683960053886136,,False,False,,,,,False,22,400000.0,2,346,001041.poscar,unary-W/W-00346-2.poscar,/home/tuzhengyu/work/WTaTi/W-potential/fcc-restart/05-rss-round-1/rss/minimized/unary-W/W-00346-2.poscar,W-potential/fcc-restart/05-rss-round-1/rss/raw/unary-W/W-00346.poscar,be9025731866b3b2c6399b449a464be73f738b07858f0070ebc6b1ad114bf1a8,be9025731866b3b2c6399b449a464be73f738b07858f0070ebc6b1ad114bf1a8
40.0,,rss_mini,40.0,rss-n22-p400000bar,W-potential/fcc-restart/05-rss-round-1/rss-selection/source-frames/rss-n22-p400000bar.xyz,47,0.24348960944958414,,14.33120987200707,2.263713372421533,2.298830092797755,,False,False,,,,,False,22,400000.0,2,347,001044.poscar,unary-W/W-00347-2.poscar,/home/tuzhengyu/work/WTaTi/W-potential/fcc-restart/05-rss-round-1/rss/minimized/unary-W/W-00347-2.poscar,W-potential/fcc-restart/05-rss-round-1/rss/raw/unary-W/W-00347.poscar,a725393706249e8b11456e767149266cae0b5abc294869208053ff1fb13e08a8,a725393706249e8b11456e767149266cae0b5abc294869208053ff1fb13e08a8
40.0,,rss_mini,40.0,rss-n22-p400000bar,W-potential/fcc-restart/05-rss-round-1/rss-selection/source-frames/rss-n22-p400000bar.xyz,48,0.4908226110768128,,14.779271319139923,0.6621151923378937,0.6768948984153268,,False,False,,,,,False,22,400000.0,2,348,001047.poscar,unary-W/W-00348-2.poscar,/home/tuzhengyu/work/WTaTi/W-potential/fcc-restart/05-rss-round-1/rss/minimized/unary-W/W-00348-2.poscar,W-potential/fcc-restart/05-rss-round-1/rss/raw/unary-W/W-00348.poscar,343868f7027aa6d114f4d8b1663b22ec02b91530bbe21fc94d75b330b1aced64,343868f7027aa6d114f4d8b1663b22ec02b91530bbe21fc94d75b330b1aced64
40.0,,rss_mini,40.0,rss-n22-p400000bar,W-potential/fcc-restart/05-rss-round-1/rss-selection/source-frames/rss-n22-p400000bar.xyz,49,0.17816597794150962,,14.790153472181549,0.7611418101376898,0.8288378208162173,,False,False,,,,,False,22,400000.0,2,349,001050.poscar,unary-W/W-00349-2.poscar,/home/tuzhengyu/work/WTaTi/W-potential/fcc-restart/05-rss-round-1/rss/minimized/unary-W/W-00349-2.poscar,W-potential/fcc-restart/05-rss-round-1/rss/raw/unary-W/W-00349.poscar,7d71dce40776f5a52f063ed00d52c27b5bb28cfde2b7bbb5c2b60d48a880804a,7d71dce40776f5a52f063ed00d52c27b5bb28cfde2b7bbb5c2b60d48a880804a
0.0,,rss_mini,0.0,rss-n25-p0bar,W-potential/fcc-restart/05-rss-round-1/rss-selection/source-frames/rss-n25-p0bar.xyz,0,0.14338934404122253,,16.957439249218826,0.2830987245077703,0.34587758550281106,,False,False,,,,,False,25,0.0,0,350,001051.poscar,unary-W/W-00350-0.poscar,/home/tuzhengyu/work/WTaTi/W-potential/fcc-restart/05-rss-round-1/rss/minimized/unary-W/W-00350-0.poscar,W-potential/fcc-restart/05-rss-round-1/rss/raw/unary-W/W-00350.poscar,f50d0268b811125e00f53f28f115c4edabcfc59b98c38dbe5663bf0a8ed277b8,f50d0268b811125e00f53f28f115c4edabcfc59b98c38dbe5663bf0a8ed277b8
0.0,,rss_mini,0.0,rss-n25-p0bar,W-potential/fcc-restart/05-rss-round-1/rss-selection/source-frames/rss-n25-p0bar.xyz,1,0.14937559592662641,,16.94820671977812,0.4222907764042608,0.3795161696105049,,False,False,,,,,False,25,0.0,0,351,001054.poscar,unary-W/W-00351-0.poscar,/home/tuzhengyu/work/WTaTi/W-potential/fcc-restart/05-rss-round-1/rss/minimized/unary-W/W-00351-0.poscar,W-potential/fcc-restart/05-rss-round-1/rss/raw/unary-W/W-00351.poscar,9c93db23527cbe3253c162af755eddc67d8e07fe80a8bd5f3fdf53ca30df9d72,9c93db23527cbe3253c162af755eddc67d8e07fe80a8bd5f3fdf53ca30df9d72
0.0,,rss_mini,0.0,rss-n25-p0bar,W-potential/fcc-restart/05-rss-round-1/rss-selection/source-frames/rss-n25-p0bar.xyz,2,0.26511523247432295,,16.802117460990875,1.0111301809954545,0.8404505773579014,,False,False,,,,,False,25,0.0,0,352,001057.poscar,unary-W/W-00352-0.poscar,/home/tuzhengyu/work/WTaTi/W-potential/fcc-restart/05-rss-round-1/rss/minimized/unary-W/W-00352-0.poscar,W-potential/fcc-restart/05-rss-round-1/rss/raw/unary-W/W-00352.poscar,40c802be6c93a4183e17e9fd2f8e7d73cf6a3f4a67d40a7b3d8786d71de1176a,40c802be6c93a4183e17e9fd2f8e7d73cf6a3f4a67d40a7b3d8786d71de1176a
0.0,,rss_mini,0.0,rss-n25-p0bar,W-potential/fcc-restart/05-rss-round-1/rss-selection/source-frames/rss-n25-p0bar.xyz,3,0.15341652304245373,,16.73282285877825,0.47806140767770366,0.6029258828020703,,False,False,,,,,False,25,0.0,0,353,001060.poscar,unary-W/W-00353-0.poscar,/home/tuzhengyu/work/WTaTi/W-potential/fcc-restart/05-rss-round-1/rss/minimized/unary-W/W-00353-0.poscar,W-potential/fcc-restart/05-rss-round-1/rss/raw/unary-W/W-00353.poscar,52c10c1c9171754fa743f40d2c7f0ba57729126ee467cdf4634dabea1c971379,52c10c1c9171754fa743f40d2c7f0ba57729126ee467cdf4634dabea1c971379
0.0,,rss_mini,0.0,rss-n25-p0bar,W-potential/fcc-restart/05-rss-round-1/rss-selection/source-frames/rss-n25-p0bar.xyz,4,0.22423986740327118,,17.256319195565606,0.7228406749519106,0.5916824743478458,,False,False,,,,,False,25,0.0,0,354,001063.poscar,unary-W/W-00354-0.poscar,/home/tuzhengyu/work/WTaTi/W-potential/fcc-restart/05-rss-round-1/rss/minimized/unary-W/W-00354-0.poscar,W-potential/fcc-restart/05-rss-round-1/rss/raw/unary-W/W-00354.poscar,4605241fe8e0d71a77276d1018256f2f76dbde01704a61040f09109575b17a00,4605241fe8e0d71a77276d1018256f2f76dbde01704a61040f09109575b17a00
0.0,,rss_mini,0.0,rss-n25-p0bar,W-potential/fcc-restart/05-rss-round-1/rss-selection/source-frames/rss-n25-p0bar.xyz,5,0.23224557050564346,,17.42234630104865,0.28329477133913034,0.42214917550123676,,False,False,,,,,False,25,0.0,0,355,001066.poscar,unary-W/W-00355-0.poscar,/home/tuzhengyu/work/WTaTi/W-potential/fcc-restart/05-rss-round-1/rss/minimized/unary-W/W-00355-0.poscar,W-potential/fcc-restart/05-rss-round-1/rss/raw/unary-W/W-00355.poscar,8122743eef2f182ea1715beda2e64a4a5136216b8242bbf55a9469873a47f4ec,8122743eef2f182ea1715beda2e64a4a5136216b8242bbf55a9469873a47f4ec
0.0,,rss_mini,0.0,rss-n25-p0bar,W-potential/fcc-restart/05-rss-round-1/rss-selection/source-frames/rss-n25-p0bar.xyz,6,0.1655037358809207,,17.102745136259543,0.48017558545824524,0.5313947287709311,,False,False,,,,,False,25,0.0,0,356,001069.poscar,unary-W/W-00356-0.poscar,/home/tuzhengyu/work/WTaTi/W-potential/fcc-restart/05-rss-round-1/rss/minimized/unary-W/W-00356-0.poscar,W-potential/fcc-restart/05-rss-round-1/rss/raw/unary-W/W-00356.poscar,68f902efe4f71301e452c6aefc607a19ff400e89f0a5934b010e94bd1e86aa4b,68f902efe4f71301e452c6aefc607a19ff400e89f0a5934b010e94bd1e86aa4b
0.0,,rss_mini,0.0,rss-n25-p0bar,W-potential/fcc-restart/05-rss-round-1/rss-selection/source-frames/rss-n25-p0bar.xyz,7,0.16891222407380221,,17.264707833206685,0.13329516530867683,0.23075049277000015,,False,False,,,,,False,25,0.0,0,357,001072.poscar,unary-W/W-00357-0.poscar,/home/tuzhengyu/work/WTaTi/W-potential/fcc-restart/05-rss-round-1/rss/minimized/unary-W/W-00357-0.poscar,W-potential/fcc-restart/05-rss-round-1/rss/raw/unary-W/W-00357.poscar,06fdedae84c54dfb13289474f849136027a314fd3f0052ae7f22456ff63bacf8,06fdedae84c54dfb13289474f849136027a314fd3f0052ae7f22456ff63bacf8
0.0,,rss_mini,0.0,rss-n25-p0bar,W-potential/fcc-restart/05-rss-round-1/rss-selection/source-frames/rss-n25-p0bar.xyz,8,0.20274115799799503,,16.363071161510312,0.1832571878464748,0.32222023173356806,,False,False,,,,,False,25,0.0,0,358,001075.poscar,unary-W/W-00358-0.poscar,/home/tuzhengyu/work/WTaTi/W-potential/fcc-restart/05-rss-round-1/rss/minimized/unary-W/W-00358-0.poscar,W-potential/fcc-restart/05-rss-round-1/rss/raw/unary-W/W-00358.poscar,ce090d3e9f20e1c9db6c2073aa04b1608e7542e1e8a430eb6d449641c0c9532e,ce090d3e9f20e1c9db6c2073aa04b1608e7542e1e8a430eb6d449641c0c9532e
0.0,,rss_mini,0.0,rss-n25-p0bar,W-potential/fcc-restart/05-rss-round-1/rss-selection/source-frames/rss-n25-p0bar.xyz,9,0.14771400863024928,,17.244042399714104,0.2894764806677958,0.34107614332152186,,False,False,,,,,False,25,0.0,0,359,001078.poscar,unary-W/W-00359-0.poscar,/home/tuzhengyu/work/WTaTi/W-potential/fcc-restart/05-rss-round-1/rss/minimized/unary-W/W-00359-0.poscar,W-potential/fcc-restart/05-rss-round-1/rss/raw/unary-W/W-00359.poscar,2c2aac428fbbbc788deb3a909a6083d0667087cc199af0b51398252916ec5cc7,2c2aac428fbbbc788deb3a909a6083d0667087cc199af0b51398252916ec5cc7
0.0,,rss_mini,0.0,rss-n25-p0bar,W-potential/fcc-restart/05-rss-round-1/rss-selection/source-frames/rss-n25-p0bar.xyz,10,0.14353851659603548,,17.287141403914383,0.17965633205218345,0.2609834005029633,,False,False,,,,,False,25,0.0,0,360,001081.poscar,unary-W/W-00360-0.poscar,/home/tuzhengyu/work/WTaTi/W-potential/fcc-restart/05-rss-round-1/rss/minimized/unary-W/W-00360-0.poscar,W-potential/fcc-restart/05-rss-round-1/rss/raw/unary-W/W-00360.poscar,da7e951298cf42054635673196308cfbb6a89415f8a62dfde65e367d096b7bc3,da7e951298cf42054635673196308cfbb6a89415f8a62dfde65e367d096b7bc3
0.0,,rss_mini,0.0,rss-n25-p0bar,W-potential/fcc-restart/05-rss-round-1/rss-selection/source-frames/rss-n25-p0bar.xyz,11,0.18724743358828896,,16.638704387963944,0.2956482412803334,0.3532237249911691,,False,False,,,,,False,25,0.0,0,361,001084.poscar,unary-W/W-00361-0.poscar,/home/tuzhengyu/work/WTaTi/W-potential/fcc-restart/05-rss-round-1/rss/minimized/unary-W/W-00361-0.poscar,W-potential/fcc-restart/05-rss-round-1/rss/raw/unary-W/W-00361.poscar,752fbe2c380f5cbf1c1295e761769b3f71f64d245035617974902b20b4540336,752fbe2c380f5cbf1c1295e761769b3f71f64d245035617974902b20b4540336
0.0,,rss_mini,0.0,rss-n25-p0bar,W-potential/fcc-restart/05-rss-round-1/rss-selection/source-frames/rss-n25-p0bar.xyz,12,0.21030834377474605,,16.869533908181342,0.36239384495916266,0.4604771389956565,,False,False,,,,,False,25,0.0,0,362,001087.poscar,unary-W/W-00362-0.poscar,/home/tuzhengyu/work/WTaTi/W-potential/fcc-restart/05-rss-round-1/rss/minimized/unary-W/W-00362-0.poscar,W-potential/fcc-restart/05-rss-round-1/rss/raw/unary-W/W-00362.poscar,88c903d776365051a1724ecf31b4ec1c0346bd5a6bb06544c3199ca136045d69,88c903d776365051a1724ecf31b4ec1c0346bd5a6bb06544c3199ca136045d69
0.0,,rss_mini,0.0,rss-n25-p0bar,W-potential/fcc-restart/05-rss-round-1/rss-selection/source-frames/rss-n25-p0bar.xyz,13,0.21902748734056263,,16.311127919333963,0.16798636951050297,0.4691095907936391,,False,False,,,,,False,25,0.0,0,363,001090.poscar,unary-W/W-00363-0.poscar,/home/tuzhengyu/work/WTaTi/W-potential/fcc-restart/05-rss-round-1/rss/minimized/unary-W/W-00363-0.poscar,W-potential/fcc-restart/05-rss-round-1/rss/raw/unary-W/W-00363.poscar,6c7afb02b3c7d0b6121bdd9bc2311abdf04bd5c18eb7d7d134c2167c98ddd684,6c7afb02b3c7d0b6121bdd9bc2311abdf04bd5c18eb7d7d134c2167c98ddd684
0.0,,rss_mini,0.0,rss-n25-p0bar,W-potential/fcc-restart/05-rss-round-1/rss-selection/source-frames/rss-n25-p0bar.xyz,14,0.14682808844697864,,17.027228077525777,0.23004389722214014,0.3418954459403703,,False,False,,,,,False,25,0.0,0,364,001093.poscar,unary-W/W-00364-0.poscar,/home/tuzhengyu/work/WTaTi/W-potential/fcc-restart/05-rss-round-1/rss/minimized/unary-W/W-00364-0.poscar,W-potential/fcc-restart/05-rss-round-1/rss/raw/unary-W/W-00364.poscar,8913704105daaa59d5561ec6a4ed2fd4f199c3bc98a04f02dc808d5590c6395e,8913704105daaa59d5561ec6a4ed2fd4f199c3bc98a04f02dc808d5590c6395e
0.0,,rss_mini,0.0,rss-n25-p0bar,W-potential/fcc-restart/05-rss-round-1/rss-selection/source-frames/rss-n25-p0bar.xyz,15,0.1635003468839504,,16.851829663725947,0.759814633767938,0.7419457949268011,,False,False,,,,,False,25,0.0,0,365,001096.poscar,unary-W/W-00365-0.poscar,/home/tuzhengyu/work/WTaTi/W-potential/fcc-restart/05-rss-round-1/rss/minimized/unary-W/W-00365-0.poscar,W-potential/fcc-restart/05-rss-round-1/rss/raw/unary-W/W-00365.poscar,b43630a2de659eba5da7adc74839ff3230c1cc53016c1329fca1a7c8f5b06230,b43630a2de659eba5da7adc74839ff3230c1cc53016c1329fca1a7c8f5b06230
0.0,,rss_mini,0.0,rss-n25-p0bar,W-potential/fcc-restart/05-rss-round-1/rss-selection/source-frames/rss-n25-p0bar.xyz,16,0.23375436806664043,,16.65597735454112,0.23321221437600212,0.2546242021990181,,False,False,,,,,False,25,0.0,0,366,001099.poscar,unary-W/W-00366-0.poscar,/home/tuzhengyu/work/WTaTi/W-potential/fcc-restart/05-rss-round-1/rss/minimized/unary-W/W-00366-0.poscar,W-potential/fcc-restart/05-rss-round-1/rss/raw/unary-W/W-00366.poscar,f26ae8cecdbae95e27264b7cb9b8c5d3750e015c0010672bf82fed696f0517e2,f26ae8cecdbae95e27264b7cb9b8c5d3750e015c0010672bf82fed696f0517e2
0.0,,rss_mini,0.0,rss-n25-p0bar,W-potential/fcc-restart/05-rss-round-1/rss-selection/source-frames/rss-n25-p0bar.xyz,17,0.15871275073728197,,17.083280429590943,0.30504133531179356,0.2797371457949204,,False,False,,,,,False,25,0.0,0,367,001102.poscar,unary-W/W-00367-0.poscar,/home/tuzhengyu/work/WTaTi/W-potential/fcc-restart/05-rss-round-1/rss/minimized/unary-W/W-00367-0.poscar,W-potential/fcc-restart/05-rss-round-1/rss/raw/unary-W/W-00367.poscar,bf51d2341c3bb15590fbb3ef3b2fef19646b186171189e80995136605eb02809,bf51d2341c3bb15590fbb3ef3b2fef19646b186171189e80995136605eb02809
0.0,,rss_mini,0.0,rss-n25-p0bar,W-potential/fcc-restart/05-rss-round-1/rss-selection/source-frames/rss-n25-p0bar.xyz,18,0.16333099725551747,,16.926917786974485,0.23614567178886248,0.396485062113708,,False,False,,,,,False,25,0.0,0,368,001105.poscar,unary-W/W-00368-0.poscar,/home/tuzhengyu/work/WTaTi/W-potential/fcc-restart/05-rss-round-1/rss/minimized/unary-W/W-00368-0.poscar,W-potential/fcc-restart/05-rss-round-1/rss/raw/unary-W/W-00368.poscar,b9a267ece7573a489b847bee35a07573e3b94dc1813a5d4c9c85eb2e40d537db,b9a267ece7573a489b847bee35a07573e3b94dc1813a5d4c9c85eb2e40d537db
0.0,,rss_mini,0.0,rss-n25-p0bar,W-potential/fcc-restart/05-rss-round-1/rss-selection/source-frames/rss-n25-p0bar.xyz,19,0.16951405849781412,,16.467519909672344,0.2240725151200064,0.3938652985409292,,False,False,,,,,False,25,0.0,0,369,001108.poscar,unary-W/W-00369-0.poscar,/home/tuzhengyu/work/WTaTi/W-potential/fcc-restart/05-rss-round-1/rss/minimized/unary-W/W-00369-0.poscar,W-potential/fcc-restart/05-rss-round-1/rss/raw/unary-W/W-00369.poscar,53b8c8331c105af31666e2aa27f86627c9067dd998b636d78c2381903e437398,53b8c8331c105af31666e2aa27f86627c9067dd998b636d78c2381903e437398
0.0,,rss_mini,0.0,rss-n25-p0bar,W-potential/fcc-restart/05-rss-round-1/rss-selection/source-frames/rss-n25-p0bar.xyz,20,0.16727637146194682,,16.819000889843757,0.21947976289800836,0.28717575691156094,,False,False,,,,,False,25,0.0,0,370,001111.poscar,unary-W/W-00370-0.poscar,/home/tuzhengyu/work/WTaTi/W-potential/fcc-restart/05-rss-round-1/rss/minimized/unary-W/W-00370-0.poscar,W-potential/fcc-restart/05-rss-round-1/rss/raw/unary-W/W-00370.poscar,6624a41db8342307bd120080042cd34fdf447caaf9623503ba3548adcce1a1e0,6624a41db8342307bd120080042cd34fdf447caaf9623503ba3548adcce1a1e0
0.0,,rss_mini,0.0,rss-n25-p0bar,W-potential/fcc-restart/05-rss-round-1/rss-selection/source-frames/rss-n25-p0bar.xyz,21,0.12531614790382162,,17.212926474021742,0.2782220965647791,0.3561635067129188,,False,False,,,,,False,25,0.0,0,371,001114.poscar,unary-W/W-00371-0.poscar,/home/tuzhengyu/work/WTaTi/W-potential/fcc-restart/05-rss-round-1/rss/minimized/unary-W/W-00371-0.poscar,W-potential/fcc-restart/05-rss-round-1/rss/raw/unary-W/W-00371.poscar,52ad5b95f2b2cb6856a1f4ccf30f6395980c909c45315c197a7f25e5af501386,52ad5b95f2b2cb6856a1f4ccf30f6395980c909c45315c197a7f25e5af501386
0.0,,rss_mini,0.0,rss-n25-p0bar,W-potential/fcc-restart/05-rss-round-1/rss-selection/source-frames/rss-n25-p0bar.xyz,22,0.23947360344056218,,17.212687036984903,0.4265309333636179,0.5059447613492426,,False,False,,,,,False,25,0.0,0,372,001117.poscar,unary-W/W-00372-0.poscar,/home/tuzhengyu/work/WTaTi/W-potential/fcc-restart/05-rss-round-1/rss/minimized/unary-W/W-00372-0.poscar,W-potential/fcc-restart/05-rss-round-1/rss/raw/unary-W/W-00372.poscar,8174075028eae1ff5737fd20c156931012479e9b52f590d2fcdd4d599c847d62,8174075028eae1ff5737fd20c156931012479e9b52f590d2fcdd4d599c847d62
0.0,,rss_mini,0.0,rss-n25-p0bar,W-potential/fcc-restart/05-rss-round-1/rss-selection/source-frames/rss-n25-p0bar.xyz,23,0.15140265156303864,,17.689863603188062,0.3474303092016581,0.2904380097899371,,False,False,,,,,False,25,0.0,0,373,001120.poscar,unary-W/W-00373-0.poscar,/home/tuzhengyu/work/WTaTi/W-potential/fcc-restart/05-rss-round-1/rss/minimized/unary-W/W-00373-0.poscar,W-potential/fcc-restart/05-rss-round-1/rss/raw/unary-W/W-00373.poscar,1d73e30582bcf01bf18d135e79f59df894ce3247b98a2e542d4b1fe451f2730c,1d73e30582bcf01bf18d135e79f59df894ce3247b98a2e542d4b1fe451f2730c
0.0,,rss_mini,0.0,rss-n25-p0bar,W-potential/fcc-restart/05-rss-round-1/rss-selection/source-frames/rss-n25-p0bar.xyz,24,0.12634721633919088,,16.72974865182267,0.21483745668064677,0.20713750313524237,,False,False,,,,,False,25,0.0,0,374,001123.poscar,unary-W/W-00374-0.poscar,/home/tuzhengyu/work/WTaTi/W-potential/fcc-restart/05-rss-round-1/rss/minimized/unary-W/W-00374-0.poscar,W-potential/fcc-restart/05-rss-round-1/rss/raw/unary-W/W-00374.poscar,29e504d544b1dadffb93b5874a8198de27be0a956a819d2e865dd9adc8b88d63,29e504d544b1dadffb93b5874a8198de27be0a956a819d2e865dd9adc8b88d63
0.0,,rss_mini,0.0,rss-n25-p0bar,W-potential/fcc-restart/05-rss-round-1/rss-selection/source-frames/rss-n25-p0bar.xyz,25,0.17005972894769075,,17.204353332671147,0.8931517450322884,0.88654924187613,,False,False,,,,,False,25,0.0,0,375,001126.poscar,unary-W/W-00375-0.poscar,/home/tuzhengyu/work/WTaTi/W-potential/fcc-restart/05-rss-round-1/rss/minimized/unary-W/W-00375-0.poscar,W-potential/fcc-restart/05-rss-round-1/rss/raw/unary-W/W-00375.poscar,ddf680c0cdbbec87524bb4b19f5bedf6e4a85b01e648cc0d076f5903187f6706,ddf680c0cdbbec87524bb4b19f5bedf6e4a85b01e648cc0d076f5903187f6706
0.0,,rss_mini,0.0,rss-n25-p0bar,W-potential/fcc-restart/05-rss-round-1/rss-selection/source-frames/rss-n25-p0bar.xyz,26,0.2262227448541691,,16.69472211794754,0.4526075314494665,0.4810801152465407,,False,False,,,,,False,25,0.0,0,376,001129.poscar,unary-W/W-00376-0.poscar,/home/tuzhengyu/work/WTaTi/W-potential/fcc-restart/05-rss-round-1/rss/minimized/unary-W/W-00376-0.poscar,W-potential/fcc-restart/05-rss-round-1/rss/raw/unary-W/W-00376.poscar,2e5bfd7475e5f15f92a999c5a6ff3ff55005493d0d30813e5dc2d42a217d2e43,2e5bfd7475e5f15f92a999c5a6ff3ff55005493d0d30813e5dc2d42a217d2e43
0.0,,rss_mini,0.0,rss-n25-p0bar,W-potential/fcc-restart/05-rss-round-1/rss-selection/source-frames/rss-n25-p0bar.xyz,27,0.1391142053229936,,16.31275104473034,0.6807643422895375,0.6657782713400344,,False,False,,,,,False,25,0.0,0,377,001132.poscar,unary-W/W-00377-0.poscar,/home/tuzhengyu/work/WTaTi/W-potential/fcc-restart/05-rss-round-1/rss/minimized/unary-W/W-00377-0.poscar,W-potential/fcc-restart/05-rss-round-1/rss/raw/unary-W/W-00377.poscar,69216451f92d6250f4fb0c361ee200468081b49c0a54fcdc54b3b421da4ab2f3,69216451f92d6250f4fb0c361ee200468081b49c0a54fcdc54b3b421da4ab2f3
0.0,,rss_mini,0.0,rss-n25-p0bar,W-potential/fcc-restart/05-rss-round-1/rss-selection/source-frames/rss-n25-p0bar.xyz,28,0.21108042312821138,,17.61464581429057,0.3387561608832664,0.38337111659698514,,False,False,,,,,False,25,0.0,0,378,001135.poscar,unary-W/W-00378-0.poscar,/home/tuzhengyu/work/WTaTi/W-potential/fcc-restart/05-rss-round-1/rss/minimized/unary-W/W-00378-0.poscar,W-potential/fcc-restart/05-rss-round-1/rss/raw/unary-W/W-00378.poscar,79eae00a537c2032ca163f275eef59528c27f5abf02c27bda1b29c2b66d3d033,79eae00a537c2032ca163f275eef59528c27f5abf02c27bda1b29c2b66d3d033
0.0,,rss_mini,0.0,rss-n25-p0bar,W-potential/fcc-restart/05-rss-round-1/rss-selection/source-frames/rss-n25-p0bar.xyz,29,0.12921352914640036,,16.621473709895614,0.4559190813731707,0.4597637016502203,,False,False,,,,,False,25,0.0,0,379,001138.poscar,unary-W/W-00379-0.poscar,/home/tuzhengyu/work/WTaTi/W-potential/fcc-restart/05-rss-round-1/rss/minimized/unary-W/W-00379-0.poscar,W-potential/fcc-restart/05-rss-round-1/rss/raw/unary-W/W-00379.poscar,00a96e687b23ff6b5dad1299a1ddacb9593961c58b20c0576fc541ff9a946a04,00a96e687b23ff6b5dad1299a1ddacb9593961c58b20c0576fc541ff9a946a04
0.0,,rss_mini,0.0,rss-n25-p0bar,W-potential/fcc-restart/05-rss-round-1/rss-selection/source-frames/rss-n25-p0bar.xyz,30,0.20685508316888782,,17.172185667867502,0.2894246814853296,0.3309768923361801,,False,False,,,,,False,25,0.0,0,380,001141.poscar,unary-W/W-00380-0.poscar,/home/tuzhengyu/work/WTaTi/W-potential/fcc-restart/05-rss-round-1/rss/minimized/unary-W/W-00380-0.poscar,W-potential/fcc-restart/05-rss-round-1/rss/raw/unary-W/W-00380.poscar,59a1df7104401d5f379d982dca2795d757e61d65c3cfde536b1e78218919e8e2,59a1df7104401d5f379d982dca2795d757e61d65c3cfde536b1e78218919e8e2
0.0,,rss_mini,0.0,rss-n25-p0bar,W-potential/fcc-restart/05-rss-round-1/rss-selection/source-frames/rss-n25-p0bar.xyz,31,0.15527689398496303,,16.622242264805365,0.34924978080269903,0.4221671659068045,,False,False,,,,,False,25,0.0,0,381,001144.poscar,unary-W/W-00381-0.poscar,/home/tuzhengyu/work/WTaTi/W-potential/fcc-restart/05-rss-round-1/rss/minimized/unary-W/W-00381-0.poscar,W-potential/fcc-restart/05-rss-round-1/rss/raw/unary-W/W-00381.poscar,47d15a9ee1c9855eb23cda385aaa09aaa421580bfa6f407b324193e0400c574b,47d15a9ee1c9855eb23cda385aaa09aaa421580bfa6f407b324193e0400c574b
0.0,,rss_mini,0.0,rss-n25-p0bar,W-potential/fcc-restart/05-rss-round-1/rss-selection/source-frames/rss-n25-p0bar.xyz,32,0.177392012143444,,16.910109526723897,0.3423054373148478,0.34673990426611295,,False,False,,,,,False,25,0.0,0,382,001147.poscar,unary-W/W-00382-0.poscar,/home/tuzhengyu/work/WTaTi/W-potential/fcc-restart/05-rss-round-1/rss/minimized/unary-W/W-00382-0.poscar,W-potential/fcc-restart/05-rss-round-1/rss/raw/unary-W/W-00382.poscar,e0f70e9e5f317386646323600866b969bf13767550b5d70a6ffb96d5e68003a9,e0f70e9e5f317386646323600866b969bf13767550b5d70a6ffb96d5e68003a9
0.0,,rss_mini,0.0,rss-n25-p0bar,W-potential/fcc-restart/05-rss-round-1/rss-selection/source-frames/rss-n25-p0bar.xyz,33,0.1494154442886396,,16.67111023495959,0.2501973413015744,0.342429027098991,,False,False,,,,,False,25,0.0,0,383,001150.poscar,unary-W/W-00383-0.poscar,/home/tuzhengyu/work/WTaTi/W-potential/fcc-restart/05-rss-round-1/rss/minimized/unary-W/W-00383-0.poscar,W-potential/fcc-restart/05-rss-round-1/rss/raw/unary-W/W-00383.poscar,1b5cbae958a87573fce2988357ff47d9409f6b4e752c19f7df5b129a069381d7,1b5cbae958a87573fce2988357ff47d9409f6b4e752c19f7df5b129a069381d7
0.0,,rss_mini,0.0,rss-n25-p0bar,W-potential/fcc-restart/05-rss-round-1/rss-selection/source-frames/rss-n25-p0bar.xyz,34,0.16029655233600235,,17.06829087625675,0.3221890875228378,0.35908995557950163,,False,False,,,,,False,25,0.0,0,384,001153.poscar,unary-W/W-00384-0.poscar,/home/tuzhengyu/work/WTaTi/W-potential/fcc-restart/05-rss-round-1/rss/minimized/unary-W/W-00384-0.poscar,W-potential/fcc-restart/05-rss-round-1/rss/raw/unary-W/W-00384.poscar,e975b584b2cf290e626e04f629e4dcf3a039a670dab1a11cbe7b1acf896713fc,e975b584b2cf290e626e04f629e4dcf3a039a670dab1a11cbe7b1acf896713fc
0.0,,rss_mini,0.0,rss-n25-p0bar,W-potential/fcc-restart/05-rss-round-1/rss-selection/source-frames/rss-n25-p0bar.xyz,35,0.15885822647335754,,16.65739989237351,0.3534770136130064,0.3780027368760565,,False,False,,,,,False,25,0.0,0,385,001156.poscar,unary-W/W-00385-0.poscar,/home/tuzhengyu/work/WTaTi/W-potential/fcc-restart/05-rss-round-1/rss/minimized/unary-W/W-00385-0.poscar,W-potential/fcc-restart/05-rss-round-1/rss/raw/unary-W/W-00385.poscar,77a5d80f129af7824829eb95647fa04946ccf1bb332f1150807fecbac2f9b143,77a5d80f129af7824829eb95647fa04946ccf1bb332f1150807fecbac2f9b143
0.0,,rss_mini,0.0,rss-n25-p0bar,W-potential/fcc-restart/05-rss-round-1/rss-selection/source-frames/rss-n25-p0bar.xyz,36,0.021966642698188814,,15.939139124467843,0.14046029237206784,0.13619549303873216,,False,False,,,,,False,25,0.0,0,386,001159.poscar,unary-W/W-00386-0.poscar,/home/tuzhengyu/work/WTaTi/W-potential/fcc-restart/05-rss-round-1/rss/minimized/unary-W/W-00386-0.poscar,W-potential/fcc-restart/05-rss-round-1/rss/raw/unary-W/W-00386.poscar,b7f58321eb440b712356ae8548b31eb7848ae93e522ff3ecc51c414867623311,b7f58321eb440b712356ae8548b31eb7848ae93e522ff3ecc51c414867623311
0.0,,rss_mini,0.0,rss-n25-p0bar,W-potential/fcc-restart/05-rss-round-1/rss-selection/source-frames/rss-n25-p0bar.xyz,37,0.17040574423100874,,17.234510673772064,0.24847776305914057,0.270978196327059,,False,False,,,,,False,25,0.0,0,387,001162.poscar,unary-W/W-00387-0.poscar,/home/tuzhengyu/work/WTaTi/W-potential/fcc-restart/05-rss-round-1/rss/minimized/unary-W/W-00387-0.poscar,W-potential/fcc-restart/05-rss-round-1/rss/raw/unary-W/W-00387.poscar,9a8039f14a97e0ee72fd026fc904a18c99dc82c74d59165bdd11774239d5d1d1,9a8039f14a97e0ee72fd026fc904a18c99dc82c74d59165bdd11774239d5d1d1
0.0,,rss_mini,0.0,rss-n25-p0bar,W-potential/fcc-restart/05-rss-round-1/rss-selection/source-frames/rss-n25-p0bar.xyz,38,0.14845947709280222,,16.620024003932375,0.23298314921635443,0.3150351160866874,,False,False,,,,,False,25,0.0,0,388,001165.poscar,unary-W/W-00388-0.poscar,/home/tuzhengyu/work/WTaTi/W-potential/fcc-restart/05-rss-round-1/rss/minimized/unary-W/W-00388-0.poscar,W-potential/fcc-restart/05-rss-round-1/rss/raw/unary-W/W-00388.poscar,0be934bfbe5fc8afa89833dac1c2590070707618c9734b0e81eaca963a894c50,0be934bfbe5fc8afa89833dac1c2590070707618c9734b0e81eaca963a894c50
0.0,,rss_mini,0.0,rss-n25-p0bar,W-potential/fcc-restart/05-rss-round-1/rss-selection/source-frames/rss-n25-p0bar.xyz,39,0.2384942572602593,,16.419270876249467,1.6437149051765434,1.6535037338407985,,False,False,,,,,False,25,0.0,0,389,001168.poscar,unary-W/W-00389-0.poscar,/home/tuzhengyu/work/WTaTi/W-potential/fcc-restart/05-rss-round-1/rss/minimized/unary-W/W-00389-0.poscar,W-potential/fcc-restart/05-rss-round-1/rss/raw/unary-W/W-00389.poscar,e2ec9fa73314e0da83a3495632b9b919b8953e1b6b8578d4e56070ad6b808b12,e2ec9fa73314e0da83a3495632b9b919b8953e1b6b8578d4e56070ad6b808b12
0.0,,rss_mini,0.0,rss-n25-p0bar,W-potential/fcc-restart/05-rss-round-1/rss-selection/source-frames/rss-n25-p0bar.xyz,40,0.14649300256724804,,17.04921502157221,0.26193538545840644,0.33090798698067597,,False,False,,,,,False,25,0.0,0,390,001171.poscar,unary-W/W-00390-0.poscar,/home/tuzhengyu/work/WTaTi/W-potential/fcc-restart/05-rss-round-1/rss/minimized/unary-W/W-00390-0.poscar,W-potential/fcc-restart/05-rss-round-1/rss/raw/unary-W/W-00390.poscar,54d3415bbb16b6441c77793742c131676618b6d4ffc46d0f397e7f831aa6b0d2,54d3415bbb16b6441c77793742c131676618b6d4ffc46d0f397e7f831aa6b0d2
0.0,,rss_mini,0.0,rss-n25-p0bar,W-potential/fcc-restart/05-rss-round-1/rss-selection/source-frames/rss-n25-p0bar.xyz,41,0.2123492254986622,,16.89802660387267,0.3318126397505748,0.5111513573435189,,False,False,,,,,False,25,0.0,0,391,001174.poscar,unary-W/W-00391-0.poscar,/home/tuzhengyu/work/WTaTi/W-potential/fcc-restart/05-rss-round-1/rss/minimized/unary-W/W-00391-0.poscar,W-potential/fcc-restart/05-rss-round-1/rss/raw/unary-W/W-00391.poscar,a0ed03295f5d8dd8890115248babe0d00ad3b6a58a9f6c75737109870ef8aab8,a0ed03295f5d8dd8890115248babe0d00ad3b6a58a9f6c75737109870ef8aab8
0.0,,rss_mini,0.0,rss-n25-p0bar,W-potential/fcc-restart/05-rss-round-1/rss-selection/source-frames/rss-n25-p0bar.xyz,42,0.22719781386150623,,16.507670833613705,0.33721792685633156,0.4053727066706884,,False,False,,,,,False,25,0.0,0,392,001177.poscar,unary-W/W-00392-0.poscar,/home/tuzhengyu/work/WTaTi/W-potential/fcc-restart/05-rss-round-1/rss/minimized/unary-W/W-00392-0.poscar,W-potential/fcc-restart/05-rss-round-1/rss/raw/unary-W/W-00392.poscar,2b48bd57dd90d34f0aba7bb07538a2b07ee8c64d104e2220004811e15ee71def,2b48bd57dd90d34f0aba7bb07538a2b07ee8c64d104e2220004811e15ee71def
0.0,,rss_mini,0.0,rss-n25-p0bar,W-potential/fcc-restart/05-rss-round-1/rss-selection/source-frames/rss-n25-p0bar.xyz,43,0.15212852568110513,,16.8490587732309,0.23102265445657677,0.35613422300819875,,False,False,,,,,False,25,0.0,0,393,001180.poscar,unary-W/W-00393-0.poscar,/home/tuzhengyu/work/WTaTi/W-potential/fcc-restart/05-rss-round-1/rss/minimized/unary-W/W-00393-0.poscar,W-potential/fcc-restart/05-rss-round-1/rss/raw/unary-W/W-00393.poscar,1f4c9b76a8b24f3cd42bbb81838b8da22aeffc52196d360ff48760e02cd47895,1f4c9b76a8b24f3cd42bbb81838b8da22aeffc52196d360ff48760e02cd47895
0.0,,rss_mini,0.0,rss-n25-p0bar,W-potential/fcc-restart/05-rss-round-1/rss-selection/source-frames/rss-n25-p0bar.xyz,44,0.21344942192655633,,17.153613401531796,0.475843752686932,0.5256679384113513,,False,False,,,,,False,25,0.0,0,394,001183.poscar,unary-W/W-00394-0.poscar,/home/tuzhengyu/work/WTaTi/W-potential/fcc-restart/05-rss-round-1/rss/minimized/unary-W/W-00394-0.poscar,W-potential/fcc-restart/05-rss-round-1/rss/raw/unary-W/W-00394.poscar,e5f65bdf7fbea2547b949ce743811b456b749dd072f5fb8d90f4041f02ef72d6,e5f65bdf7fbea2547b949ce743811b456b749dd072f5fb8d90f4041f02ef72d6
0.0,,rss_mini,0.0,rss-n25-p0bar,W-potential/fcc-restart/05-rss-round-1/rss-selection/source-frames/rss-n25-p0bar.xyz,45,0.17014991650713215,,16.7385804558854,0.26166621559067194,0.419447819051013,,False,False,,,,,False,25,0.0,0,395,001186.poscar,unary-W/W-00395-0.poscar,/home/tuzhengyu/work/WTaTi/W-potential/fcc-restart/05-rss-round-1/rss/minimized/unary-W/W-00395-0.poscar,W-potential/fcc-restart/05-rss-round-1/rss/raw/unary-W/W-00395.poscar,ab65f2727b34f78c83904f36873a88b3c5476b3a5561234ebd71d8de2e6f0931,ab65f2727b34f78c83904f36873a88b3c5476b3a5561234ebd71d8de2e6f0931
0.0,,rss_mini,0.0,rss-n25-p0bar,W-potential/fcc-restart/05-rss-round-1/rss-selection/source-frames/rss-n25-p0bar.xyz,46,0.1654687529051375,,17.368275347852943,0.3207699175579734,0.37135430649321727,,False,False,,,,,False,25,0.0,0,396,001189.poscar,unary-W/W-00396-0.poscar,/home/tuzhengyu/work/WTaTi/W-potential/fcc-restart/05-rss-round-1/rss/minimized/unary-W/W-00396-0.poscar,W-potential/fcc-restart/05-rss-round-1/rss/raw/unary-W/W-00396.poscar,55d01e43939f8636acb6bbd8bff6601f0f5b23aa1177ad28e6abd1e7ffb1ce15,55d01e43939f8636acb6bbd8bff6601f0f5b23aa1177ad28e6abd1e7ffb1ce15
0.0,,rss_mini,0.0,rss-n25-p0bar,W-potential/fcc-restart/05-rss-round-1/rss-selection/source-frames/rss-n25-p0bar.xyz,47,0.18140916685189595,,16.70950958032699,0.5982288489351048,0.5187898164148325,,False,False,,,,,False,25,0.0,0,397,001192.poscar,unary-W/W-00397-0.poscar,/home/tuzhengyu/work/WTaTi/W-potential/fcc-restart/05-rss-round-1/rss/minimized/unary-W/W-00397-0.poscar,W-potential/fcc-restart/05-rss-round-1/rss/raw/unary-W/W-00397.poscar,36bfe4f1437ed23d9d8fefd130167729e0afa77dcb80f77b19f935a40b1c8d66,36bfe4f1437ed23d9d8fefd130167729e0afa77dcb80f77b19f935a40b1c8d66
0.0,,rss_mini,0.0,rss-n25-p0bar,W-potential/fcc-restart/05-rss-round-1/rss-selection/source-frames/rss-n25-p0bar.xyz,48,0.13998298668969048,,16.937024796309732,0.29284533164337245,0.36765904248010867,,False,False,,,,,False,25,0.0,0,398,001195.poscar,unary-W/W-00398-0.poscar,/home/tuzhengyu/work/WTaTi/W-potential/fcc-restart/05-rss-round-1/rss/minimized/unary-W/W-00398-0.poscar,W-potential/fcc-restart/05-rss-round-1/rss/raw/unary-W/W-00398.poscar,60e442f2f8fac17266b8b3ac9e1c6ee548a40daa17351590224c534717419885,60e442f2f8fac17266b8b3ac9e1c6ee548a40daa17351590224c534717419885
0.0,,rss_mini,0.0,rss-n25-p0bar,W-potential/fcc-restart/05-rss-round-1/rss-selection/source-frames/rss-n25-p0bar.xyz,49,0.16305586200284494,,16.744973766617893,0.8601857451598287,0.8500855545900571,,False,False,,,,,False,25,0.0,0,399,001198.poscar,unary-W/W-00399-0.poscar,/home/tuzhengyu/work/WTaTi/W-potential/fcc-restart/05-rss-round-1/rss/minimized/unary-W/W-00399-0.poscar,W-potential/fcc-restart/05-rss-round-1/rss/raw/unary-W/W-00399.poscar,e7553769fea37a2c455a5fffe0bb53cabfd3ee8f8c1acdba8ee0148f54fa2877,e7553769fea37a2c455a5fffe0bb53cabfd3ee8f8c1acdba8ee0148f54fa2877
20.0,,rss_mini,20.0,rss-n25-p200000bar,W-potential/fcc-restart/05-rss-round-1/rss-selection/source-frames/rss-n25-p200000bar.xyz,0,0.2528462025992075,,15.519596648033726,0.6041016215340624,0.6477904001629607,,False,False,,,,,False,25,200000.0,1,350,001052.poscar,unary-W/W-00350-1.poscar,/home/tuzhengyu/work/WTaTi/W-potential/fcc-restart/05-rss-round-1/rss/minimized/unary-W/W-00350-1.poscar,W-potential/fcc-restart/05-rss-round-1/rss/raw/unary-W/W-00350.poscar,4c2529e4c016a621744807ba36bfafa9613a530cbae305b61256de4014623de5,4c2529e4c016a621744807ba36bfafa9613a530cbae305b61256de4014623de5
20.0,,rss_mini,20.0,rss-n25-p200000bar,W-potential/fcc-restart/05-rss-round-1/rss-selection/source-frames/rss-n25-p200000bar.xyz,1,0.19520113421169236,,15.566572640728637,0.9995578194166322,0.9952624754330583,,False,False,,,,,False,25,200000.0,1,351,001055.poscar,unary-W/W-00351-1.poscar,/home/tuzhengyu/work/WTaTi/W-potential/fcc-restart/05-rss-round-1/rss/minimized/unary-W/W-00351-1.poscar,W-potential/fcc-restart/05-rss-round-1/rss/raw/unary-W/W-00351.poscar,231d9381c70978ea0b434f3b25631e53be27729045bdb3c263bb3ac74201ca5a,231d9381c70978ea0b434f3b25631e53be27729045bdb3c263bb3ac74201ca5a
20.0,,rss_mini,20.0,rss-n25-p200000bar,W-potential/fcc-restart/05-rss-round-1/rss-selection/source-frames/rss-n25-p200000bar.xyz,2,0.24079298856567927,,15.823596328116118,0.3052957097361305,0.4190174895241959,,False,False,,,,,False,25,200000.0,1,352,001058.poscar,unary-W/W-00352-1.poscar,/home/tuzhengyu/work/WTaTi/W-potential/fcc-restart/05-rss-round-1/rss/minimized/unary-W/W-00352-1.poscar,W-potential/fcc-restart/05-rss-round-1/rss/raw/unary-W/W-00352.poscar,007148db355d1d6e445a62a27c6673b8ad62bd172503cd78f41a58863fd2b385,007148db355d1d6e445a62a27c6673b8ad62bd172503cd78f41a58863fd2b385
20.0,,rss_mini,20.0,rss-n25-p200000bar,W-potential/fcc-restart/05-rss-round-1/rss-selection/source-frames/rss-n25-p200000bar.xyz,3,0.22610789525260097,,15.551209278336444,0.4247769646792233,0.46205626555593104,,False,False,,,,,False,25,200000.0,1,353,001061.poscar,unary-W/W-00353-1.poscar,/home/tuzhengyu/work/WTaTi/W-potential/fcc-restart/05-rss-round-1/rss/minimized/unary-W/W-00353-1.poscar,W-potential/fcc-restart/05-rss-round-1/rss/raw/unary-W/W-00353.poscar,65b751146ee256289d2824c3cc0532945d2e556325cf7826ee8be9251620dd43,65b751146ee256289d2824c3cc0532945d2e556325cf7826ee8be9251620dd43
20.0,,rss_mini,20.0,rss-n25-p200000bar,W-potential/fcc-restart/05-rss-round-1/rss-selection/source-frames/rss-n25-p200000bar.xyz,4,0.23814999814582766,,15.61063687672481,1.0566203796830391,1.0708950468207643,,False,False,,,,,False,25,200000.0,1,354,001064.poscar,unary-W/W-00354-1.poscar,/home/tuzhengyu/work/WTaTi/W-potential/fcc-restart/05-rss-round-1/rss/minimized/unary-W/W-00354-1.poscar,W-potential/fcc-restart/05-rss-round-1/rss/raw/unary-W/W-00354.poscar,4db1988b4309169147c6c0c0aa868f4a99edef7f44ecfa0ea18a38282af9d337,4db1988b4309169147c6c0c0aa868f4a99edef7f44ecfa0ea18a38282af9d337
20.0,,rss_mini,20.0,rss-n25-p200000bar,W-potential/fcc-restart/05-rss-round-1/rss-selection/source-frames/rss-n25-p200000bar.xyz,5,0.14910983577803386,,15.930854722261913,1.147375383923678,1.1871104922736218,,False,False,,,,,False,25,200000.0,1,355,001067.poscar,unary-W/W-00355-1.poscar,/home/tuzhengyu/work/WTaTi/W-potential/fcc-restart/05-rss-round-1/rss/minimized/unary-W/W-00355-1.poscar,W-potential/fcc-restart/05-rss-round-1/rss/raw/unary-W/W-00355.poscar,825d5abcd609175e4b1c73da0bd79d280750edca250532fdb58ce7a081d47dca,825d5abcd609175e4b1c73da0bd79d280750edca250532fdb58ce7a081d47dca
20.0,,rss_mini,20.0,rss-n25-p200000bar,W-potential/fcc-restart/05-rss-round-1/rss-selection/source-frames/rss-n25-p200000bar.xyz,6,0.16951426796098482,,15.868096596403362,0.986784779067087,0.9649045030568685,,False,False,,,,,False,25,200000.0,1,356,001070.poscar,unary-W/W-00356-1.poscar,/home/tuzhengyu/work/WTaTi/W-potential/fcc-restart/05-rss-round-1/rss/minimized/unary-W/W-00356-1.poscar,W-potential/fcc-restart/05-rss-round-1/rss/raw/unary-W/W-00356.poscar,f11c16ffedea9056032f30b86617c5e6e396065fdfb7269001cc7c16bb20c2c6,f11c16ffedea9056032f30b86617c5e6e396065fdfb7269001cc7c16bb20c2c6
20.0,,rss_mini,20.0,rss-n25-p200000bar,W-potential/fcc-restart/05-rss-round-1/rss-selection/source-frames/rss-n25-p200000bar.xyz,7,0.012255859069204738,,14.987514594608726,0.08836341579723768,0.08521176981443626,,False,False,,,,,False,25,200000.0,1,357,001073.poscar,unary-W/W-00357-1.poscar,/home/tuzhengyu/work/WTaTi/W-potential/fcc-restart/05-rss-round-1/rss/minimized/unary-W/W-00357-1.poscar,W-potential/fcc-restart/05-rss-round-1/rss/raw/unary-W/W-00357.poscar,5eb99a8590b7ffe0787d8012e09a4505cc952714981eb6992268726779d27dd1,5eb99a8590b7ffe0787d8012e09a4505cc952714981eb6992268726779d27dd1
20.0,,rss_mini,20.0,rss-n25-p200000bar,W-potential/fcc-restart/05-rss-round-1/rss-selection/source-frames/rss-n25-p200000bar.xyz,8,0.15612887486039098,,15.800161119924217,0.4658291357481209,0.5818193053981539,,False,False,,,,,False,25,200000.0,1,358,001076.poscar,unary-W/W-00358-1.poscar,/home/tuzhengyu/work/WTaTi/W-potential/fcc-restart/05-rss-round-1/rss/minimized/unary-W/W-00358-1.poscar,W-potential/fcc-restart/05-rss-round-1/rss/raw/unary-W/W-00358.poscar,883144a0ef28e2771c183c4bc53406201a2fe0007eb31db035503b180fec5ecf,883144a0ef28e2771c183c4bc53406201a2fe0007eb31db035503b180fec5ecf
20.0,,rss_mini,20.0,rss-n25-p200000bar,W-potential/fcc-restart/05-rss-round-1/rss-selection/source-frames/rss-n25-p200000bar.xyz,9,0.1835648433203349,,15.505654774206738,1.1367253206493257,1.1797865741414475,,False,False,,,,,False,25,200000.0,1,359,001079.poscar,unary-W/W-00359-1.poscar,/home/tuzhengyu/work/WTaTi/W-potential/fcc-restart/05-rss-round-1/rss/minimized/unary-W/W-00359-1.poscar,W-potential/fcc-restart/05-rss-round-1/rss/raw/unary-W/W-00359.poscar,5c7b8f4dd6e7c11ec556af1c7e34afa7080cb7150d780140d60054b8a381442c,5c7b8f4dd6e7c11ec556af1c7e34afa7080cb7150d780140d60054b8a381442c
20.0,,rss_mini,20.0,rss-n25-p200000bar,W-potential/fcc-restart/05-rss-round-1/rss-selection/source-frames/rss-n25-p200000bar.xyz,10,0.27304890570874024,,15.545857470070896,0.9835598948179041,1.2918510170427608,,False,False,,,,,False,25,200000.0,1,360,001082.poscar,unary-W/W-00360-1.poscar,/home/tuzhengyu/work/WTaTi/W-potential/fcc-restart/05-rss-round-1/rss/minimized/unary-W/W-00360-1.poscar,W-potential/fcc-restart/05-rss-round-1/rss/raw/unary-W/W-00360.poscar,457efcedf8415a2148428c7db20143f94adc0166d31e392b266de160841b64c1,457efcedf8415a2148428c7db20143f94adc0166d31e392b266de160841b64c1
20.0,,rss_mini,20.0,rss-n25-p200000bar,W-potential/fcc-restart/05-rss-round-1/rss-selection/source-frames/rss-n25-p200000bar.xyz,11,0.19195929404115372,,15.575281150077688,0.9173261045021943,0.7742525562950948,,False,False,,,,,False,25,200000.0,1,361,001085.poscar,unary-W/W-00361-1.poscar,/home/tuzhengyu/work/WTaTi/W-potential/fcc-restart/05-rss-round-1/rss/minimized/unary-W/W-00361-1.poscar,W-potential/fcc-restart/05-rss-round-1/rss/raw/unary-W/W-00361.poscar,f307252d1143f7519a81f9ff38de87a9b23f9f8a06f130b9a3581958c9efced7,f307252d1143f7519a81f9ff38de87a9b23f9f8a06f130b9a3581958c9efced7
20.0,,rss_mini,20.0,rss-n25-p200000bar,W-potential/fcc-restart/05-rss-round-1/rss-selection/source-frames/rss-n25-p200000bar.xyz,12,0.17737188630051573,,15.61353389378415,0.28585751817910693,0.29265506383387013,,False,False,,,,,False,25,200000.0,1,362,001088.poscar,unary-W/W-00362-1.poscar,/home/tuzhengyu/work/WTaTi/W-potential/fcc-restart/05-rss-round-1/rss/minimized/unary-W/W-00362-1.poscar,W-potential/fcc-restart/05-rss-round-1/rss/raw/unary-W/W-00362.poscar,9bb5ab35f40ebc39e2c8232968398e8645e7cf53b26fc328b61735ffba252566,9bb5ab35f40ebc39e2c8232968398e8645e7cf53b26fc328b61735ffba252566
20.0,,rss_mini,20.0,rss-n25-p200000bar,W-potential/fcc-restart/05-rss-round-1/rss-selection/source-frames/rss-n25-p200000bar.xyz,13,0.2250777806454203,,15.539753346814562,0.21189260380718988,0.387260254771249,,False,False,,,,,False,25,200000.0,1,363,001091.poscar,unary-W/W-00363-1.poscar,/home/tuzhengyu/work/WTaTi/W-potential/fcc-restart/05-rss-round-1/rss/minimized/unary-W/W-00363-1.poscar,W-potential/fcc-restart/05-rss-round-1/rss/raw/unary-W/W-00363.poscar,bada402a99eefa5545ba0f22c66c309830407835b2ede9c847d0d469aaf3be3f,bada402a99eefa5545ba0f22c66c309830407835b2ede9c847d0d469aaf3be3f
20.0,,rss_mini,20.0,rss-n25-p200000bar,W-potential/fcc-restart/05-rss-round-1/rss-selection/source-frames/rss-n25-p200000bar.xyz,14,0.17582441371577986,,15.884278166573269,0.6896714977747646,0.6625048211422522,,False,False,,,,,False,25,200000.0,1,364,001094.poscar,unary-W/W-00364-1.poscar,/home/tuzhengyu/work/WTaTi/W-potential/fcc-restart/05-rss-round-1/rss/minimized/unary-W/W-00364-1.poscar,W-potential/fcc-restart/05-rss-round-1/rss/raw/unary-W/W-00364.poscar,aabb69262dc19eaf01eb8ec3b24ddccbcfb9c5c6eb7c80d9d29f5ab4f20c1d05,aabb69262dc19eaf01eb8ec3b24ddccbcfb9c5c6eb7c80d9d29f5ab4f20c1d05
20.0,,rss_mini,20.0,rss-n25-p200000bar,W-potential/fcc-restart/05-rss-round-1/rss-selection/source-frames/rss-n25-p200000bar.xyz,15,0.21209589983162283,,15.760557385207564,0.6335034207879914,0.5697685730724098,,False,False,,,,,False,25,200000.0,1,365,001097.poscar,unary-W/W-00365-1.poscar,/home/tuzhengyu/work/WTaTi/W-potential/fcc-restart/05-rss-round-1/rss/minimized/unary-W/W-00365-1.poscar,W-potential/fcc-restart/05-rss-round-1/rss/raw/unary-W/W-00365.poscar,55bb4acd518315e076bf0c38e62a3ac8e2d709d86e9863a0fb553feb40acc4fb,55bb4acd518315e076bf0c38e62a3ac8e2d709d86e9863a0fb553feb40acc4fb
20.0,,rss_mini,20.0,rss-n25-p200000bar,W-potential/fcc-restart/05-rss-round-1/rss-selection/source-frames/rss-n25-p200000bar.xyz,16,0.32010536583618165,,15.57922648883102,0.29272645480886766,0.39236979234473723,,False,False,,,,,False,25,200000.0,1,366,001100.poscar,unary-W/W-00366-1.poscar,/home/tuzhengyu/work/WTaTi/W-potential/fcc-restart/05-rss-round-1/rss/minimized/unary-W/W-00366-1.poscar,W-potential/fcc-restart/05-rss-round-1/rss/raw/unary-W/W-00366.poscar,a81a484b7065553777d145410b480f3112a20f67f7feaf0710261f0ed57e16fe,a81a484b7065553777d145410b480f3112a20f67f7feaf0710261f0ed57e16fe
20.0,,rss_mini,20.0,rss-n25-p200000bar,W-potential/fcc-restart/05-rss-round-1/rss-selection/source-frames/rss-n25-p200000bar.xyz,17,0.19623920997235877,,15.891799243607622,0.8617360112137536,0.8174297614908171,,False,False,,,,,False,25,200000.0,1,367,001103.poscar,unary-W/W-00367-1.poscar,/home/tuzhengyu/work/WTaTi/W-potential/fcc-restart/05-rss-round-1/rss/minimized/unary-W/W-00367-1.poscar,W-potential/fcc-restart/05-rss-round-1/rss/raw/unary-W/W-00367.poscar,a404084c74ec70c17d9a3c2b49fc292cf2700ddf43f6cce8e57820e05503ae1c,a404084c74ec70c17d9a3c2b49fc292cf2700ddf43f6cce8e57820e05503ae1c
20.0,,rss_mini,20.0,rss-n25-p200000bar,W-potential/fcc-restart/05-rss-round-1/rss-selection/source-frames/rss-n25-p200000bar.xyz,18,0.2324978217168094,,15.781137242713143,0.40430161264976056,0.605699311000792,,False,False,,,,,False,25,200000.0,1,368,001106.poscar,unary-W/W-00368-1.poscar,/home/tuzhengyu/work/WTaTi/W-potential/fcc-restart/05-rss-round-1/rss/minimized/unary-W/W-00368-1.poscar,W-potential/fcc-restart/05-rss-round-1/rss/raw/unary-W/W-00368.poscar,290a0f7157ed21bb42a5af9cd399ec530b4868f0af1d231535121ffddfec5e66,290a0f7157ed21bb42a5af9cd399ec530b4868f0af1d231535121ffddfec5e66
20.0,,rss_mini,20.0,rss-n25-p200000bar,W-potential/fcc-restart/05-rss-round-1/rss-selection/source-frames/rss-n25-p200000bar.xyz,19,0.2223480438489319,,15.438037997750454,0.23066564871946635,0.35906887133564497,,False,False,,,,,False,25,200000.0,1,369,001109.poscar,unary-W/W-00369-1.poscar,/home/tuzhengyu/work/WTaTi/W-potential/fcc-restart/05-rss-round-1/rss/minimized/unary-W/W-00369-1.poscar,W-potential/fcc-restart/05-rss-round-1/rss/raw/unary-W/W-00369.poscar,e7b19af8e60b8cfce8f601edfe935cfff8288c367171390676e344c70b699ec3,e7b19af8e60b8cfce8f601edfe935cfff8288c367171390676e344c70b699ec3
20.0,,rss_mini,20.0,rss-n25-p200000bar,W-potential/fcc-restart/05-rss-round-1/rss-selection/source-frames/rss-n25-p200000bar.xyz,20,0.2100542862865425,,15.662018285830836,0.3003947736592657,0.38036560982118456,,False,False,,,,,False,25,200000.0,1,370,001112.poscar,unary-W/W-00370-1.poscar,/home/tuzhengyu/work/WTaTi/W-potential/fcc-restart/05-rss-round-1/rss/minimized/unary-W/W-00370-1.poscar,W-potential/fcc-restart/05-rss-round-1/rss/raw/unary-W/W-00370.poscar,598148d70cdba2ea38aedbefbd3a0f63336ef05a8b66a4407baa50fe2162930f,598148d70cdba2ea38aedbefbd3a0f63336ef05a8b66a4407baa50fe2162930f
20.0,,rss_mini,20.0,rss-n25-p200000bar,W-potential/fcc-restart/05-rss-round-1/rss-selection/source-frames/rss-n25-p200000bar.xyz,21,0.15956005259587938,,15.91004295730373,0.6808807813087265,0.7295232722892548,,False,False,,,,,False,25,200000.0,1,371,001115.poscar,unary-W/W-00371-1.poscar,/home/tuzhengyu/work/WTaTi/W-potential/fcc-restart/05-rss-round-1/rss/minimized/unary-W/W-00371-1.poscar,W-potential/fcc-restart/05-rss-round-1/rss/raw/unary-W/W-00371.poscar,fcc3f2deeee746d14ef945f729c616ce672dc6b24c3bd7249e42c462339ae65c,fcc3f2deeee746d14ef945f729c616ce672dc6b24c3bd7249e42c462339ae65c
20.0,,rss_mini,20.0,rss-n25-p200000bar,W-potential/fcc-restart/05-rss-round-1/rss-selection/source-frames/rss-n25-p200000bar.xyz,22,0.2878101291180931,,15.641666841824662,0.31011646021580025,0.3436193038725853,,False,False,,,,,False,25,200000.0,1,372,001118.poscar,unary-W/W-00372-1.poscar,/home/tuzhengyu/work/WTaTi/W-potential/fcc-restart/05-rss-round-1/rss/minimized/unary-W/W-00372-1.poscar,W-potential/fcc-restart/05-rss-round-1/rss/raw/unary-W/W-00372.poscar,f80e42942bb2abe0f9f68a8c03aee3f554749c3c43343dac8a6b54a72cc05726,f80e42942bb2abe0f9f68a8c03aee3f554749c3c43343dac8a6b54a72cc05726
20.0,,rss_mini,20.0,rss-n25-p200000bar,W-potential/fcc-restart/05-rss-round-1/rss-selection/source-frames/rss-n25-p200000bar.xyz,23,0.16187411591725878,,15.867393261198995,0.7214889412322419,0.7002561588718916,,False,False,,,,,False,25,200000.0,1,373,001121.poscar,unary-W/W-00373-1.poscar,/home/tuzhengyu/work/WTaTi/W-potential/fcc-restart/05-rss-round-1/rss/minimized/unary-W/W-00373-1.poscar,W-potential/fcc-restart/05-rss-round-1/rss/raw/unary-W/W-00373.poscar,b5514d1782b0b2bee36419c78b4a979f69447966e8552078e4a80f350a1cef07,b5514d1782b0b2bee36419c78b4a979f69447966e8552078e4a80f350a1cef07
20.0,,rss_mini,20.0,rss-n25-p200000bar,W-potential/fcc-restart/05-rss-round-1/rss-selection/source-frames/rss-n25-p200000bar.xyz,24,0.17109002978650104,,15.633108674195846,0.2782542458229666,0.3455477515649664,,False,False,,,,,False,25,200000.0,1,374,001124.poscar,unary-W/W-00374-1.poscar,/home/tuzhengyu/work/WTaTi/W-potential/fcc-restart/05-rss-round-1/rss/minimized/unary-W/W-00374-1.poscar,W-potential/fcc-restart/05-rss-round-1/rss/raw/unary-W/W-00374.poscar,8d86596243113056426665f49db2116d25fb84aaea0cf9e0e02dbd4074d72341,8d86596243113056426665f49db2116d25fb84aaea0cf9e0e02dbd4074d72341
20.0,,rss_mini,20.0,rss-n25-p200000bar,W-potential/fcc-restart/05-rss-round-1/rss-selection/source-frames/rss-n25-p200000bar.xyz,25,0.21735877414267046,,15.33577529704785,0.44510187495599507,0.5056841745873024,,False,False,,,,,False,25,200000.0,1,375,001127.poscar,unary-W/W-00375-1.poscar,/home/tuzhengyu/work/WTaTi/W-potential/fcc-restart/05-rss-round-1/rss/minimized/unary-W/W-00375-1.poscar,W-potential/fcc-restart/05-rss-round-1/rss/raw/unary-W/W-00375.poscar,fe558b09231d568490b9afe14a00b2f15140ad8f7abd004ebe3325e9f41d1ddd,fe558b09231d568490b9afe14a00b2f15140ad8f7abd004ebe3325e9f41d1ddd
20.0,,rss_mini,20.0,rss-n25-p200000bar,W-potential/fcc-restart/05-rss-round-1/rss-selection/source-frames/rss-n25-p200000bar.xyz,26,0.2829297900614255,,15.569925082583474,0.5379837333151052,0.5727362074805743,,False,False,,,,,False,25,200000.0,1,376,001130.poscar,unary-W/W-00376-1.poscar,/home/tuzhengyu/work/WTaTi/W-potential/fcc-restart/05-rss-round-1/rss/minimized/unary-W/W-00376-1.poscar,W-potential/fcc-restart/05-rss-round-1/rss/raw/unary-W/W-00376.poscar,bb2ad5f91725b802aea1e3b763245092bfb79311863b092daa7d775d321b91c3,bb2ad5f91725b802aea1e3b763245092bfb79311863b092daa7d775d321b91c3
20.0,,rss_mini,20.0,rss-n25-p200000bar,W-potential/fcc-restart/05-rss-round-1/rss-selection/source-frames/rss-n25-p200000bar.xyz,27,0.17046956880662034,,15.328436875556923,0.2932450977935816,0.31196427613648053,,False,False,,,,,False,25,200000.0,1,377,001133.poscar,unary-W/W-00377-1.poscar,/home/tuzhengyu/work/WTaTi/W-potential/fcc-restart/05-rss-round-1/rss/minimized/unary-W/W-00377-1.poscar,W-potential/fcc-restart/05-rss-round-1/rss/raw/unary-W/W-00377.poscar,bf366ac21351c626f7d6ea5e66ccac7e91c17d8834020ea1e0cc6cda48616435,bf366ac21351c626f7d6ea5e66ccac7e91c17d8834020ea1e0cc6cda48616435
20.0,,rss_mini,20.0,rss-n25-p200000bar,W-potential/fcc-restart/05-rss-round-1/rss-selection/source-frames/rss-n25-p200000bar.xyz,28,0.22446367305008766,,16.056197066203513,0.3936237159284109,0.37353046099705356,,False,False,,,,,False,25,200000.0,1,378,001136.poscar,unary-W/W-00378-1.poscar,/home/tuzhengyu/work/WTaTi/W-potential/fcc-restart/05-rss-round-1/rss/minimized/unary-W/W-00378-1.poscar,W-potential/fcc-restart/05-rss-round-1/rss/raw/unary-W/W-00378.poscar,4a0e992e91feaa87486f000d635ff86ce3bddf40f51d9e77281b01063ee53dec,4a0e992e91feaa87486f000d635ff86ce3bddf40f51d9e77281b01063ee53dec
20.0,,rss_mini,20.0,rss-n25-p200000bar,W-potential/fcc-restart/05-rss-round-1/rss-selection/source-frames/rss-n25-p200000bar.xyz,29,0.17089627869780766,,15.533692348258262,0.36183906880446975,0.3683222933201387,,False,False,,,,,False,25,200000.0,1,379,001139.poscar,unary-W/W-00379-1.poscar,/home/tuzhengyu/work/WTaTi/W-potential/fcc-restart/05-rss-round-1/rss/minimized/unary-W/W-00379-1.poscar,W-potential/fcc-restart/05-rss-round-1/rss/raw/unary-W/W-00379.poscar,3b015755ddd353533d7b91a1221ca819cbf2b2f312ed24c6491242e833a960ba,3b015755ddd353533d7b91a1221ca819cbf2b2f312ed24c6491242e833a960ba
20.0,,rss_mini,20.0,rss-n25-p200000bar,W-potential/fcc-restart/05-rss-round-1/rss-selection/source-frames/rss-n25-p200000bar.xyz,30,0.17883380191008225,,15.609032713278477,0.5716329855590481,0.5944912477467555,,False,False,,,,,False,25,200000.0,1,380,001142.poscar,unary-W/W-00380-1.poscar,/home/tuzhengyu/work/WTaTi/W-potential/fcc-restart/05-rss-round-1/rss/minimized/unary-W/W-00380-1.poscar,W-potential/fcc-restart/05-rss-round-1/rss/raw/unary-W/W-00380.poscar,2d7c23675528818178e7dcb1479b12f47c65143ab6bafbf7d5490bee52954f0b,2d7c23675528818178e7dcb1479b12f47c65143ab6bafbf7d5490bee52954f0b
20.0,,rss_mini,20.0,rss-n25-p200000bar,W-potential/fcc-restart/05-rss-round-1/rss-selection/source-frames/rss-n25-p200000bar.xyz,31,0.22891826704435514,,15.387578081877756,0.20380537080885408,0.45598573970658696,,False,False,,,,,False,25,200000.0,1,381,001145.poscar,unary-W/W-00381-1.poscar,/home/tuzhengyu/work/WTaTi/W-potential/fcc-restart/05-rss-round-1/rss/minimized/unary-W/W-00381-1.poscar,W-potential/fcc-restart/05-rss-round-1/rss/raw/unary-W/W-00381.poscar,eeef3f76e49d6ab6a1bc31a17f683f9914079f97c8640f121a752289d92c22aa,eeef3f76e49d6ab6a1bc31a17f683f9914079f97c8640f121a752289d92c22aa
20.0,,rss_mini,20.0,rss-n25-p200000bar,W-potential/fcc-restart/05-rss-round-1/rss-selection/source-frames/rss-n25-p200000bar.xyz,32,0.31595403429663366,,15.673497487036208,0.4205461978083063,0.44394483786228356,,False,False,,,,,False,25,200000.0,1,382,001148.poscar,unary-W/W-00382-1.poscar,/home/tuzhengyu/work/WTaTi/W-potential/fcc-restart/05-rss-round-1/rss/minimized/unary-W/W-00382-1.poscar,W-potential/fcc-restart/05-rss-round-1/rss/raw/unary-W/W-00382.poscar,75ab4476ca7f5b76c9a80acd48db683314f3c4fc0c9e9ef2a2c775cbcf8b388a,75ab4476ca7f5b76c9a80acd48db683314f3c4fc0c9e9ef2a2c775cbcf8b388a
20.0,,rss_mini,20.0,rss-n25-p200000bar,W-potential/fcc-restart/05-rss-round-1/rss-selection/source-frames/rss-n25-p200000bar.xyz,33,0.17300856727433536,,15.525800169878528,0.42130136521018735,0.34905705815909227,,False,False,,,,,False,25,200000.0,1,383,001151.poscar,unary-W/W-00383-1.poscar,/home/tuzhengyu/work/WTaTi/W-potential/fcc-restart/05-rss-round-1/rss/minimized/unary-W/W-00383-1.poscar,W-potential/fcc-restart/05-rss-round-1/rss/raw/unary-W/W-00383.poscar,bff9356ef359886626e53e2214a9e61a2221c0e42a2bf047cf363d5527fd5937,bff9356ef359886626e53e2214a9e61a2221c0e42a2bf047cf363d5527fd5937
20.0,,rss_mini,20.0,rss-n25-p200000bar,W-potential/fcc-restart/05-rss-round-1/rss-selection/source-frames/rss-n25-p200000bar.xyz,34,0.2030575044200419,,15.774338285875398,0.5372552958752864,0.5443534969578248,,False,False,,,,,False,25,200000.0,1,384,001154.poscar,unary-W/W-00384-1.poscar,/home/tuzhengyu/work/WTaTi/W-potential/fcc-restart/05-rss-round-1/rss/minimized/unary-W/W-00384-1.poscar,W-potential/fcc-restart/05-rss-round-1/rss/raw/unary-W/W-00384.poscar,71899661db19ea9b7bd4e30bda153b0b903cc6e02c3254b5dc2586e4928760e6,71899661db19ea9b7bd4e30bda153b0b903cc6e02c3254b5dc2586e4928760e6
20.0,,rss_mini,20.0,rss-n25-p200000bar,W-potential/fcc-restart/05-rss-round-1/rss-selection/source-frames/rss-n25-p200000bar.xyz,35,0.19744939608261225,,15.55618919207225,0.4712960670608749,0.4788193459742711,,False,False,,,,,False,25,200000.0,1,385,001157.poscar,unary-W/W-00385-1.poscar,/home/tuzhengyu/work/WTaTi/W-potential/fcc-restart/05-rss-round-1/rss/minimized/unary-W/W-00385-1.poscar,W-potential/fcc-restart/05-rss-round-1/rss/raw/unary-W/W-00385.poscar,547e4817766b9418a30cd6d212f768b11b1ff40a9a8e8f49066b2437707f0c06,547e4817766b9418a30cd6d212f768b11b1ff40a9a8e8f49066b2437707f0c06
20.0,,rss_mini,20.0,rss-n25-p200000bar,W-potential/fcc-restart/05-rss-round-1/rss-selection/source-frames/rss-n25-p200000bar.xyz,36,0.0184832070030806,,15.031726978945944,0.10584268201577263,0.10131995989365238,,False,False,,,,,False,25,200000.0,1,386,001160.poscar,unary-W/W-00386-1.poscar,/home/tuzhengyu/work/WTaTi/W-potential/fcc-restart/05-rss-round-1/rss/minimized/unary-W/W-00386-1.poscar,W-potential/fcc-restart/05-rss-round-1/rss/raw/unary-W/W-00386.poscar,cce3e2b125a503a3bd4b87c14cf7166316a2480f71587ef54cfce25500731b8d,cce3e2b125a503a3bd4b87c14cf7166316a2480f71587ef54cfce25500731b8d
20.0,,rss_mini,20.0,rss-n25-p200000bar,W-potential/fcc-restart/05-rss-round-1/rss-selection/source-frames/rss-n25-p200000bar.xyz,37,0.19511995181486821,,15.631025159346258,1.4318354951080754,1.3947424898409373,,False,False,,,,,False,25,200000.0,1,387,001163.poscar,unary-W/W-00387-1.poscar,/home/tuzhengyu/work/WTaTi/W-potential/fcc-restart/05-rss-round-1/rss/minimized/unary-W/W-00387-1.poscar,W-potential/fcc-restart/05-rss-round-1/rss/raw/unary-W/W-00387.poscar,438e54920e6a8987ef22a6d4607e699be6a68484436326f5d2c63110e91d20ad,438e54920e6a8987ef22a6d4607e699be6a68484436326f5d2c63110e91d20ad
20.0,,rss_mini,20.0,rss-n25-p200000bar,W-potential/fcc-restart/05-rss-round-1/rss-selection/source-frames/rss-n25-p200000bar.xyz,38,0.15924574791860474,,15.613173475009557,0.2418232118226135,0.32009149857571695,,False,False,,,,,False,25,200000.0,1,388,001166.poscar,unary-W/W-00388-1.poscar,/home/tuzhengyu/work/WTaTi/W-potential/fcc-restart/05-rss-round-1/rss/minimized/unary-W/W-00388-1.poscar,W-potential/fcc-restart/05-rss-round-1/rss/raw/unary-W/W-00388.poscar,8d0b0e2536db08d05b29cad960fb423ddb1e9986be118e6ad50ebb280e355866,8d0b0e2536db08d05b29cad960fb423ddb1e9986be118e6ad50ebb280e355866
20.0,,rss_mini,20.0,rss-n25-p200000bar,W-potential/fcc-restart/05-rss-round-1/rss-selection/source-frames/rss-n25-p200000bar.xyz,39,0.2642632157254149,,15.401781507698358,0.22061610514314656,0.31012863691339904,,False,False,,,,,False,25,200000.0,1,389,001169.poscar,unary-W/W-00389-1.poscar,/home/tuzhengyu/work/WTaTi/W-potential/fcc-restart/05-rss-round-1/rss/minimized/unary-W/W-00389-1.poscar,W-potential/fcc-restart/05-rss-round-1/rss/raw/unary-W/W-00389.poscar,9d2a0d26f66fa9cea8da44be74b07a399ee3a7c90893e4089b55d58f70cddca0,9d2a0d26f66fa9cea8da44be74b07a399ee3a7c90893e4089b55d58f70cddca0
20.0,,rss_mini,20.0,rss-n25-p200000bar,W-potential/fcc-restart/05-rss-round-1/rss-selection/source-frames/rss-n25-p200000bar.xyz,40,0.2121580003791615,,15.77852568806319,0.37483354547552744,0.43791229890443406,,False,False,,,,,False,25,200000.0,1,390,001172.poscar,unary-W/W-00390-1.poscar,/home/tuzhengyu/work/WTaTi/W-potential/fcc-restart/05-rss-round-1/rss/minimized/unary-W/W-00390-1.poscar,W-potential/fcc-restart/05-rss-round-1/rss/raw/unary-W/W-00390.poscar,944200f13182b875e600b4c90a81b764c314d0a3ae5e7065084cfbd2399bae44,944200f13182b875e600b4c90a81b764c314d0a3ae5e7065084cfbd2399bae44
20.0,,rss_mini,20.0,rss-n25-p200000bar,W-potential/fcc-restart/05-rss-round-1/rss-selection/source-frames/rss-n25-p200000bar.xyz,41,0.22810454788915124,,15.70335128742111,0.4186142354700186,0.5402895226065101,,False,False,,,,,False,25,200000.0,1,391,001175.poscar,unary-W/W-00391-1.poscar,/home/tuzhengyu/work/WTaTi/W-potential/fcc-restart/05-rss-round-1/rss/minimized/unary-W/W-00391-1.poscar,W-potential/fcc-restart/05-rss-round-1/rss/raw/unary-W/W-00391.poscar,817b766af26b5758eb1768674a0dadd80f51be3b22a6a8166506daf1546b8784,817b766af26b5758eb1768674a0dadd80f51be3b22a6a8166506daf1546b8784
20.0,,rss_mini,20.0,rss-n25-p200000bar,W-potential/fcc-restart/05-rss-round-1/rss-selection/source-frames/rss-n25-p200000bar.xyz,42,0.2673871128371936,,15.400233229224165,0.5355437420678268,0.49569152127523236,,False,False,,,,,False,25,200000.0,1,392,001178.poscar,unary-W/W-00392-1.poscar,/home/tuzhengyu/work/WTaTi/W-potential/fcc-restart/05-rss-round-1/rss/minimized/unary-W/W-00392-1.poscar,W-potential/fcc-restart/05-rss-round-1/rss/raw/unary-W/W-00392.poscar,fa1ecb4520215afb796e9362760040ebebd952e05d78e99ebe00076bdc7ff462,fa1ecb4520215afb796e9362760040ebebd952e05d78e99ebe00076bdc7ff462
20.0,,rss_mini,20.0,rss-n25-p200000bar,W-potential/fcc-restart/05-rss-round-1/rss-selection/source-frames/rss-n25-p200000bar.xyz,43,0.1823392960231419,,15.762606870817875,0.28429156260124366,0.4623439364678217,,False,False,,,,,False,25,200000.0,1,393,001181.poscar,unary-W/W-00393-1.poscar,/home/tuzhengyu/work/WTaTi/W-potential/fcc-restart/05-rss-round-1/rss/minimized/unary-W/W-00393-1.poscar,W-potential/fcc-restart/05-rss-round-1/rss/raw/unary-W/W-00393.poscar,3210ba5cb0d068f98e15130b4afc81dd5ae8c65b44e34d3f16b6f9acb0a518ff,3210ba5cb0d068f98e15130b4afc81dd5ae8c65b44e34d3f16b6f9acb0a518ff
20.0,,rss_mini,20.0,rss-n25-p200000bar,W-potential/fcc-restart/05-rss-round-1/rss-selection/source-frames/rss-n25-p200000bar.xyz,44,0.2269799824729526,,16.04698539186338,1.217619934565638,1.3172415738315477,,False,False,,,,,False,25,200000.0,1,394,001184.poscar,unary-W/W-00394-1.poscar,/home/tuzhengyu/work/WTaTi/W-potential/fcc-restart/05-rss-round-1/rss/minimized/unary-W/W-00394-1.poscar,W-potential/fcc-restart/05-rss-round-1/rss/raw/unary-W/W-00394.poscar,03e36db25d34260bd1038b5f8a3ab3423f16dd7c18be4bee7a1d446668b35c29,03e36db25d34260bd1038b5f8a3ab3423f16dd7c18be4bee7a1d446668b35c29
20.0,,rss_mini,20.0,rss-n25-p200000bar,W-potential/fcc-restart/05-rss-round-1/rss-selection/source-frames/rss-n25-p200000bar.xyz,45,0.20556997250110365,,15.430613017213975,0.3610153413977095,0.5494332765876769,,False,False,,,,,False,25,200000.0,1,395,001187.poscar,unary-W/W-00395-1.poscar,/home/tuzhengyu/work/WTaTi/W-potential/fcc-restart/05-rss-round-1/rss/minimized/unary-W/W-00395-1.poscar,W-potential/fcc-restart/05-rss-round-1/rss/raw/unary-W/W-00395.poscar,55e8f2635d605a720dee13f77f9cd785fb86fd854428c5cfd3afb65b0858dc33,55e8f2635d605a720dee13f77f9cd785fb86fd854428c5cfd3afb65b0858dc33
20.0,,rss_mini,20.0,rss-n25-p200000bar,W-potential/fcc-restart/05-rss-round-1/rss-selection/source-frames/rss-n25-p200000bar.xyz,46,0.22819650375386333,,16.058431691514418,0.5332149440181871,0.6943379073771436,,False,False,,,,,False,25,200000.0,1,396,001190.poscar,unary-W/W-00396-1.poscar,/home/tuzhengyu/work/WTaTi/W-potential/fcc-restart/05-rss-round-1/rss/minimized/unary-W/W-00396-1.poscar,W-potential/fcc-restart/05-rss-round-1/rss/raw/unary-W/W-00396.poscar,fd9067880d122b6a5e9a1c6144a338fda966a4604017d2e765a31cd71c9f5ecf,fd9067880d122b6a5e9a1c6144a338fda966a4604017d2e765a31cd71c9f5ecf
20.0,,rss_mini,20.0,rss-n25-p200000bar,W-potential/fcc-restart/05-rss-round-1/rss-selection/source-frames/rss-n25-p200000bar.xyz,47,0.1904830905791012,,15.552092397989254,1.1687247420024767,1.3345892256336047,,False,False,,,,,False,25,200000.0,1,397,001193.poscar,unary-W/W-00397-1.poscar,/home/tuzhengyu/work/WTaTi/W-potential/fcc-restart/05-rss-round-1/rss/minimized/unary-W/W-00397-1.poscar,W-potential/fcc-restart/05-rss-round-1/rss/raw/unary-W/W-00397.poscar,08e1ed6c18e8c617794f118bba8a91191943d6505705c814160e21009af38075,08e1ed6c18e8c617794f118bba8a91191943d6505705c814160e21009af38075
20.0,,rss_mini,20.0,rss-n25-p200000bar,W-potential/fcc-restart/05-rss-round-1/rss-selection/source-frames/rss-n25-p200000bar.xyz,48,0.19683890323873818,,15.177336043794915,2.8808247127635576,2.8906530745440575,,False,False,,,,,False,25,200000.0,1,398,001196.poscar,unary-W/W-00398-1.poscar,/home/tuzhengyu/work/WTaTi/W-potential/fcc-restart/05-rss-round-1/rss/minimized/unary-W/W-00398-1.poscar,W-potential/fcc-restart/05-rss-round-1/rss/raw/unary-W/W-00398.poscar,a823fb929d6499e4df09451c8b84b54bbde40930e7129ffb40f4f20c990ece5f,a823fb929d6499e4df09451c8b84b54bbde40930e7129ffb40f4f20c990ece5f
20.0,,rss_mini,20.0,rss-n25-p200000bar,W-potential/fcc-restart/05-rss-round-1/rss-selection/source-frames/rss-n25-p200000bar.xyz,49,0.17438967513865344,,15.671551732339173,1.4678249972893678,1.4857258700770266,,False,False,,,,,False,25,200000.0,1,399,001199.poscar,unary-W/W-00399-1.poscar,/home/tuzhengyu/work/WTaTi/W-potential/fcc-restart/05-rss-round-1/rss/minimized/unary-W/W-00399-1.poscar,W-potential/fcc-restart/05-rss-round-1/rss/raw/unary-W/W-00399.poscar,6ccea70ef5baf7d56fa1aa66d98fdde059c7214271bb546e8052edf49af9bdd8,6ccea70ef5baf7d56fa1aa66d98fdde059c7214271bb546e8052edf49af9bdd8
40.0,,rss_mini,40.0,rss-n25-p400000bar,W-potential/fcc-restart/05-rss-round-1/rss-selection/source-frames/rss-n25-p400000bar.xyz,0,0.29102868765200013,,14.72968455325449,0.5557935775374818,0.6488770560988947,,False,False,,,,,False,25,400000.0,2,350,001053.poscar,unary-W/W-00350-2.poscar,/home/tuzhengyu/work/WTaTi/W-potential/fcc-restart/05-rss-round-1/rss/minimized/unary-W/W-00350-2.poscar,W-potential/fcc-restart/05-rss-round-1/rss/raw/unary-W/W-00350.poscar,a608c9a0609c9ba541e0deb6ca65a3bf8b94a8440bf3da75531218147bb8efce,a608c9a0609c9ba541e0deb6ca65a3bf8b94a8440bf3da75531218147bb8efce
40.0,,rss_mini,40.0,rss-n25-p400000bar,W-potential/fcc-restart/05-rss-round-1/rss-selection/source-frames/rss-n25-p400000bar.xyz,1,0.26131787844980103,,14.71028826727078,1.9914374876788494,2.155930119174644,,False,False,,,,,False,25,400000.0,2,351,001056.poscar,unary-W/W-00351-2.poscar,/home/tuzhengyu/work/WTaTi/W-potential/fcc-restart/05-rss-round-1/rss/minimized/unary-W/W-00351-2.poscar,W-potential/fcc-restart/05-rss-round-1/rss/raw/unary-W/W-00351.poscar,c494f35bd31d2142a73325c3dd8dea969b973441c84730116171d47a91bce13a,c494f35bd31d2142a73325c3dd8dea969b973441c84730116171d47a91bce13a
40.0,,rss_mini,40.0,rss-n25-p400000bar,W-potential/fcc-restart/05-rss-round-1/rss-selection/source-frames/rss-n25-p400000bar.xyz,2,0.2416826472310031,,14.846040983369036,0.3751622353777396,0.4623771954963628,,False,False,,,,,False,25,400000.0,2,352,001059.poscar,unary-W/W-00352-2.poscar,/home/tuzhengyu/work/WTaTi/W-potential/fcc-restart/05-rss-round-1/rss/minimized/unary-W/W-00352-2.poscar,W-potential/fcc-restart/05-rss-round-1/rss/raw/unary-W/W-00352.poscar,e2d3d66f01db311f61b662a06765ee94b7e079e9d6595afbe0805e2a07842409,e2d3d66f01db311f61b662a06765ee94b7e079e9d6595afbe0805e2a07842409
40.0,,rss_mini,40.0,rss-n25-p400000bar,W-potential/fcc-restart/05-rss-round-1/rss-selection/source-frames/rss-n25-p400000bar.xyz,3,0.31628149985332155,,14.780033738344509,0.6504181996858744,0.6083066523077428,,False,False,,,,,False,25,400000.0,2,353,001062.poscar,unary-W/W-00353-2.poscar,/home/tuzhengyu/work/WTaTi/W-potential/fcc-restart/05-rss-round-1/rss/minimized/unary-W/W-00353-2.poscar,W-potential/fcc-restart/05-rss-round-1/rss/raw/unary-W/W-00353.poscar,10a7cb07357bb61249418598139dc6756bdd914919a47da817de908fcc77b36e,10a7cb07357bb61249418598139dc6756bdd914919a47da817de908fcc77b36e
40.0,,rss_mini,40.0,rss-n25-p400000bar,W-potential/fcc-restart/05-rss-round-1/rss-selection/source-frames/rss-n25-p400000bar.xyz,4,0.241144941100047,,15.093012977917073,0.4101683877630657,0.5317563656231031,,False,False,,,,,False,25,400000.0,2,354,001065.poscar,unary-W/W-00354-2.poscar,/home/tuzhengyu/work/WTaTi/W-potential/fcc-restart/05-rss-round-1/rss/minimized/unary-W/W-00354-2.poscar,W-potential/fcc-restart/05-rss-round-1/rss/raw/unary-W/W-00354.poscar,d8e44deea97ce474b212e53ddb9e79169e8cd1539b693310297ba3ae23d5f26e,d8e44deea97ce474b212e53ddb9e79169e8cd1539b693310297ba3ae23d5f26e
40.0,,rss_mini,40.0,rss-n25-p400000bar,W-potential/fcc-restart/05-rss-round-1/rss-selection/source-frames/rss-n25-p400000bar.xyz,5,0.1768204617839509,,14.940678909617725,1.2825861315596574,1.3099409789621732,,False,False,,,,,False,25,400000.0,2,355,001068.poscar,unary-W/W-00355-2.poscar,/home/tuzhengyu/work/WTaTi/W-potential/fcc-restart/05-rss-round-1/rss/minimized/unary-W/W-00355-2.poscar,W-potential/fcc-restart/05-rss-round-1/rss/raw/unary-W/W-00355.poscar,396b0c4aee8b4398c8bb929ac55ffd19dd761a3871d7df5c90aeaef84a5eaf6d,396b0c4aee8b4398c8bb929ac55ffd19dd761a3871d7df5c90aeaef84a5eaf6d
40.0,,rss_mini,40.0,rss-n25-p400000bar,W-potential/fcc-restart/05-rss-round-1/rss-selection/source-frames/rss-n25-p400000bar.xyz,6,0.22835574956003274,,14.925132649758778,1.5047324272072247,1.500844320574863,,False,False,,,,,False,25,400000.0,2,356,001071.poscar,unary-W/W-00356-2.poscar,/home/tuzhengyu/work/WTaTi/W-potential/fcc-restart/05-rss-round-1/rss/minimized/unary-W/W-00356-2.poscar,W-potential/fcc-restart/05-rss-round-1/rss/raw/unary-W/W-00356.poscar,d589fd732f7a7aaf21609acae61caab34c3e793082837283e86aa55aef4aa278,d589fd732f7a7aaf21609acae61caab34c3e793082837283e86aa55aef4aa278
40.0,,rss_mini,40.0,rss-n25-p400000bar,W-potential/fcc-restart/05-rss-round-1/rss-selection/source-frames/rss-n25-p400000bar.xyz,7,0.009202571188911294,,14.297811651483656,0.07007871231841135,0.06990995921331923,,False,False,,,,,False,25,400000.0,2,357,001074.poscar,unary-W/W-00357-2.poscar,/home/tuzhengyu/work/WTaTi/W-potential/fcc-restart/05-rss-round-1/rss/minimized/unary-W/W-00357-2.poscar,W-potential/fcc-restart/05-rss-round-1/rss/raw/unary-W/W-00357.poscar,5e92026c8fa23d388ee925ae18031d2a7c628200b4593c04229d2e30620fd5fa,5e92026c8fa23d388ee925ae18031d2a7c628200b4593c04229d2e30620fd5fa
40.0,,rss_mini,40.0,rss-n25-p400000bar,W-potential/fcc-restart/05-rss-round-1/rss-selection/source-frames/rss-n25-p400000bar.xyz,8,0.17143142040432963,,14.624356100833785,0.5121761065882123,0.5223353453109151,,False,False,,,,,False,25,400000.0,2,358,001077.poscar,unary-W/W-00358-2.poscar,/home/tuzhengyu/work/WTaTi/W-potential/fcc-restart/05-rss-round-1/rss/minimized/unary-W/W-00358-2.poscar,W-potential/fcc-restart/05-rss-round-1/rss/raw/unary-W/W-00358.poscar,92fddbf84de1c23ab8d36625b2456bed1e881fb678b47c83bc1eaddb2234acf4,92fddbf84de1c23ab8d36625b2456bed1e881fb678b47c83bc1eaddb2234acf4
40.0,,rss_mini,40.0,rss-n25-p400000bar,W-potential/fcc-restart/05-rss-round-1/rss-selection/source-frames/rss-n25-p400000bar.xyz,9,0.2681637422244079,,14.786060713661366,1.4790312622125057,1.673104130208241,,False,False,,,,,False,25,400000.0,2,359,001080.poscar,unary-W/W-00359-2.poscar,/home/tuzhengyu/work/WTaTi/W-potential/fcc-restart/05-rss-round-1/rss/minimized/unary-W/W-00359-2.poscar,W-potential/fcc-restart/05-rss-round-1/rss/raw/unary-W/W-00359.poscar,0d2be0e862b32af5ddb375bdcaec79782f54031afc5d7a00a0dca03630ecdd9a,0d2be0e862b32af5ddb375bdcaec79782f54031afc5d7a00a0dca03630ecdd9a
40.0,,rss_mini,40.0,rss-n25-p400000bar,W-potential/fcc-restart/05-rss-round-1/rss-selection/source-frames/rss-n25-p400000bar.xyz,10,0.2616191799711979,,14.803067689502438,0.7794262292578144,0.9542574553520026,,False,False,,,,,False,25,400000.0,2,360,001083.poscar,unary-W/W-00360-2.poscar,/home/tuzhengyu/work/WTaTi/W-potential/fcc-restart/05-rss-round-1/rss/minimized/unary-W/W-00360-2.poscar,W-potential/fcc-restart/05-rss-round-1/rss/raw/unary-W/W-00360.poscar,f355d9c501ad80aacfcead02b22afdd72861dd13248755014b2d2d5111084aa5,f355d9c501ad80aacfcead02b22afdd72861dd13248755014b2d2d5111084aa5
40.0,,rss_mini,40.0,rss-n25-p400000bar,W-potential/fcc-restart/05-rss-round-1/rss-selection/source-frames/rss-n25-p400000bar.xyz,11,0.2588169087454011,,14.643713014394743,0.5590663892445097,0.6173644074384048,,False,False,,,,,False,25,400000.0,2,361,001086.poscar,unary-W/W-00361-2.poscar,/home/tuzhengyu/work/WTaTi/W-potential/fcc-restart/05-rss-round-1/rss/minimized/unary-W/W-00361-2.poscar,W-potential/fcc-restart/05-rss-round-1/rss/raw/unary-W/W-00361.poscar,f4023d8100e6111532eb43ebfb05f2a5353c3e539b56bc73ee8d9e4e04eb1b03,f4023d8100e6111532eb43ebfb05f2a5353c3e539b56bc73ee8d9e4e04eb1b03
40.0,,rss_mini,40.0,rss-n25-p400000bar,W-potential/fcc-restart/05-rss-round-1/rss-selection/source-frames/rss-n25-p400000bar.xyz,12,0.22739160434048852,,14.70526518335457,0.3465820078269475,0.5371680091847035,,False,False,,,,,False,25,400000.0,2,362,001089.poscar,unary-W/W-00362-2.poscar,/home/tuzhengyu/work/WTaTi/W-potential/fcc-restart/05-rss-round-1/rss/minimized/unary-W/W-00362-2.poscar,W-potential/fcc-restart/05-rss-round-1/rss/raw/unary-W/W-00362.poscar,0ad3b8165c2cb617c2dbbbcbbf31727990f3ed0947c23a9e860a80be829bc03e,0ad3b8165c2cb617c2dbbbcbbf31727990f3ed0947c23a9e860a80be829bc03e
40.0,,rss_mini,40.0,rss-n25-p400000bar,W-potential/fcc-restart/05-rss-round-1/rss-selection/source-frames/rss-n25-p400000bar.xyz,13,0.27291224532153097,,14.794701244720985,0.29876911628779257,0.42793657897492166,,False,False,,,,,False,25,400000.0,2,363,001092.poscar,unary-W/W-00363-2.poscar,/home/tuzhengyu/work/WTaTi/W-potential/fcc-restart/05-rss-round-1/rss/minimized/unary-W/W-00363-2.poscar,W-potential/fcc-restart/05-rss-round-1/rss/raw/unary-W/W-00363.poscar,86787e03bb5a6bead724541c990bf6721bb803e8902d2d35298d75e1a236cfe7,86787e03bb5a6bead724541c990bf6721bb803e8902d2d35298d75e1a236cfe7
40.0,,rss_mini,40.0,rss-n25-p400000bar,W-potential/fcc-restart/05-rss-round-1/rss-selection/source-frames/rss-n25-p400000bar.xyz,14,0.20149152466284087,,14.80577691164572,1.051836884361946,1.0311970699258786,,False,False,,,,,False,25,400000.0,2,364,001095.poscar,unary-W/W-00364-2.poscar,/home/tuzhengyu/work/WTaTi/W-potential/fcc-restart/05-rss-round-1/rss/minimized/unary-W/W-00364-2.poscar,W-potential/fcc-restart/05-rss-round-1/rss/raw/unary-W/W-00364.poscar,68228e70a7da312c31054e48394a8c75b66aed2b637bb0429e8781c8bb1366a5,68228e70a7da312c31054e48394a8c75b66aed2b637bb0429e8781c8bb1366a5
40.0,,rss_mini,40.0,rss-n25-p400000bar,W-potential/fcc-restart/05-rss-round-1/rss-selection/source-frames/rss-n25-p400000bar.xyz,15,0.26617326590779544,,14.963940928703535,0.4264945514803132,0.5398912064736793,,False,False,,,,,False,25,400000.0,2,365,001098.poscar,unary-W/W-00365-2.poscar,/home/tuzhengyu/work/WTaTi/W-potential/fcc-restart/05-rss-round-1/rss/minimized/unary-W/W-00365-2.poscar,W-potential/fcc-restart/05-rss-round-1/rss/raw/unary-W/W-00365.poscar,da12d284d24732dd1a6698f2667ab0679d50655225dc726272be4817ce8c21b1,da12d284d24732dd1a6698f2667ab0679d50655225dc726272be4817ce8c21b1
40.0,,rss_mini,40.0,rss-n25-p400000bar,W-potential/fcc-restart/05-rss-round-1/rss-selection/source-frames/rss-n25-p400000bar.xyz,16,0.35570066426743263,,14.781872284265727,0.38134799478274045,0.5626561056246269,,False,False,,,,,False,25,400000.0,2,366,001101.poscar,unary-W/W-00366-2.poscar,/home/tuzhengyu/work/WTaTi/W-potential/fcc-restart/05-rss-round-1/rss/minimized/unary-W/W-00366-2.poscar,W-potential/fcc-restart/05-rss-round-1/rss/raw/unary-W/W-00366.poscar,12cd0833e173535909b1e325c2fd4094f88d012a1e96bd82f50ab8ea08e26230,12cd0833e173535909b1e325c2fd4094f88d012a1e96bd82f50ab8ea08e26230
40.0,,rss_mini,40.0,rss-n25-p400000bar,W-potential/fcc-restart/05-rss-round-1/rss-selection/source-frames/rss-n25-p400000bar.xyz,17,0.2816892924766626,,14.840937048027424,0.7925009361034404,0.8873714316672201,,False,False,,,,,False,25,400000.0,2,367,001104.poscar,unary-W/W-00367-2.poscar,/home/tuzhengyu/work/WTaTi/W-potential/fcc-restart/05-rss-round-1/rss/minimized/unary-W/W-00367-2.poscar,W-potential/fcc-restart/05-rss-round-1/rss/raw/unary-W/W-00367.poscar,bbd522d41870fcc83383ef9c41840cfb7f8f2c55a29ebf8c62a23dfe609d1114,bbd522d41870fcc83383ef9c41840cfb7f8f2c55a29ebf8c62a23dfe609d1114
40.0,,rss_mini,40.0,rss-n25-p400000bar,W-potential/fcc-restart/05-rss-round-1/rss-selection/source-frames/rss-n25-p400000bar.xyz,18,0.3777163303994711,,14.876736416763311,0.54885872819053,0.8637410179772945,,False,False,,,,,False,25,400000.0,2,368,001107.poscar,unary-W/W-00368-2.poscar,/home/tuzhengyu/work/WTaTi/W-potential/fcc-restart/05-rss-round-1/rss/minimized/unary-W/W-00368-2.poscar,W-potential/fcc-restart/05-rss-round-1/rss/raw/unary-W/W-00368.poscar,007eaa08bbffe063ce36ca60e36b8f7341712778edd51390655997c2804a6dc9,007eaa08bbffe063ce36ca60e36b8f7341712778edd51390655997c2804a6dc9
40.0,,rss_mini,40.0,rss-n25-p400000bar,W-potential/fcc-restart/05-rss-round-1/rss-selection/source-frames/rss-n25-p400000bar.xyz,19,0.28157530449387363,,14.649014419090276,0.28384990562220147,0.4042728268229608,,False,False,,,,,False,25,400000.0,2,369,001110.poscar,unary-W/W-00369-2.poscar,/home/tuzhengyu/work/WTaTi/W-potential/fcc-restart/05-rss-round-1/rss/minimized/unary-W/W-00369-2.poscar,W-potential/fcc-restart/05-rss-round-1/rss/raw/unary-W/W-00369.poscar,668adca96db1c368c8372155387a9a33258b61c19270273572dc04394eede1cb,668adca96db1c368c8372155387a9a33258b61c19270273572dc04394eede1cb
40.0,,rss_mini,40.0,rss-n25-p400000bar,W-potential/fcc-restart/05-rss-round-1/rss-selection/source-frames/rss-n25-p400000bar.xyz,20,0.28836598311724526,,14.746474764152774,0.4233180990509679,0.5183589881364019,,False,False,,,,,False,25,400000.0,2,370,001113.poscar,unary-W/W-00370-2.poscar,/home/tuzhengyu/work/WTaTi/W-potential/fcc-restart/05-rss-round-1/rss/minimized/unary-W/W-00370-2.poscar,W-potential/fcc-restart/05-rss-round-1/rss/raw/unary-W/W-00370.poscar,aded3d867c8ba8ad7b874914b0a0ac80de71ee6e84d88147832b3fbe5365c48a,aded3d867c8ba8ad7b874914b0a0ac80de71ee6e84d88147832b3fbe5365c48a
40.0,,rss_mini,40.0,rss-n25-p400000bar,W-potential/fcc-restart/05-rss-round-1/rss-selection/source-frames/rss-n25-p400000bar.xyz,21,0.19612572588867955,,14.873030081661195,1.7464195714950548,1.7617181649376172,,False,False,,,,,False,25,400000.0,2,371,001116.poscar,unary-W/W-00371-2.poscar,/home/tuzhengyu/work/WTaTi/W-potential/fcc-restart/05-rss-round-1/rss/minimized/unary-W/W-00371-2.poscar,W-potential/fcc-restart/05-rss-round-1/rss/raw/unary-W/W-00371.poscar,d6cbc49197817d591f0ff17c49bef57245e393022ad9f7dc7b4beb5a56336bed,d6cbc49197817d591f0ff17c49bef57245e393022ad9f7dc7b4beb5a56336bed
40.0,,rss_mini,40.0,rss-n25-p400000bar,W-potential/fcc-restart/05-rss-round-1/rss-selection/source-frames/rss-n25-p400000bar.xyz,22,0.38049978838813214,,14.81038298184307,0.3938413823367679,0.5071117369514491,,False,False,,,,,False,25,400000.0,2,372,001119.poscar,unary-W/W-00372-2.poscar,/home/tuzhengyu/work/WTaTi/W-potential/fcc-restart/05-rss-round-1/rss/minimized/unary-W/W-00372-2.poscar,W-potential/fcc-restart/05-rss-round-1/rss/raw/unary-W/W-00372.poscar,6d61f4c312f7223caf00b48fbeb2945e8596d02b85a4f374922cd0f956ae942d,6d61f4c312f7223caf00b48fbeb2945e8596d02b85a4f374922cd0f956ae942d
40.0,,rss_mini,40.0,rss-n25-p400000bar,W-potential/fcc-restart/05-rss-round-1/rss-selection/source-frames/rss-n25-p400000bar.xyz,23,0.24587289703584111,,14.79203421349805,0.5068581489745498,0.7066489709134478,,False,False,,,,,False,25,400000.0,2,373,001122.poscar,unary-W/W-00373-2.poscar,/home/tuzhengyu/work/WTaTi/W-potential/fcc-restart/05-rss-round-1/rss/minimized/unary-W/W-00373-2.poscar,W-potential/fcc-restart/05-rss-round-1/rss/raw/unary-W/W-00373.poscar,86f9c6ae8a973f80ffd095f1fcd885d50863b2878450611b4f5039abb4116d8b,86f9c6ae8a973f80ffd095f1fcd885d50863b2878450611b4f5039abb4116d8b
40.0,,rss_mini,40.0,rss-n25-p400000bar,W-potential/fcc-restart/05-rss-round-1/rss-selection/source-frames/rss-n25-p400000bar.xyz,24,0.21259539100965674,,14.81269699160108,0.4426802574257866,0.6170539933589835,,False,False,,,,,False,25,400000.0,2,374,001125.poscar,unary-W/W-00374-2.poscar,/home/tuzhengyu/work/WTaTi/W-potential/fcc-restart/05-rss-round-1/rss/minimized/unary-W/W-00374-2.poscar,W-potential/fcc-restart/05-rss-round-1/rss/raw/unary-W/W-00374.poscar,301126ba8730413e6b5c1c7d0e37eaf691182007de4bf77fe2e8ded6532e5934,301126ba8730413e6b5c1c7d0e37eaf691182007de4bf77fe2e8ded6532e5934
40.0,,rss_mini,40.0,rss-n25-p400000bar,W-potential/fcc-restart/05-rss-round-1/rss-selection/source-frames/rss-n25-p400000bar.xyz,25,0.27178601142740294,,14.574580704015002,0.5037925069182795,0.4928582485026506,,False,False,,,,,False,25,400000.0,2,375,001128.poscar,unary-W/W-00375-2.poscar,/home/tuzhengyu/work/WTaTi/W-potential/fcc-restart/05-rss-round-1/rss/minimized/unary-W/W-00375-2.poscar,W-potential/fcc-restart/05-rss-round-1/rss/raw/unary-W/W-00375.poscar,983a10fc2ad14a2136cc5035b675a8ac743c92452976d399566738467339cf5c,983a10fc2ad14a2136cc5035b675a8ac743c92452976d399566738467339cf5c
40.0,,rss_mini,40.0,rss-n25-p400000bar,W-potential/fcc-restart/05-rss-round-1/rss-selection/source-frames/rss-n25-p400000bar.xyz,26,0.41598287445332943,,14.853365463185012,1.0878153238492543,1.2069772097849911,,False,False,,,,,False,25,400000.0,2,376,001131.poscar,unary-W/W-00376-2.poscar,/home/tuzhengyu/work/WTaTi/W-potential/fcc-restart/05-rss-round-1/rss/minimized/unary-W/W-00376-2.poscar,W-potential/fcc-restart/05-rss-round-1/rss/raw/unary-W/W-00376.poscar,30836c622a745bffb6e0a5d3594106567b2596932220062de9f1602a77670375,30836c622a745bffb6e0a5d3594106567b2596932220062de9f1602a77670375
40.0,,rss_mini,40.0,rss-n25-p400000bar,W-potential/fcc-restart/05-rss-round-1/rss-selection/source-frames/rss-n25-p400000bar.xyz,27,0.13649717931415345,,14.321158003705087,0.8907590815943557,0.8586794857497235,,False,False,,,,,False,25,400000.0,2,377,001134.poscar,unary-W/W-00377-2.poscar,/home/tuzhengyu/work/WTaTi/W-potential/fcc-restart/05-rss-round-1/rss/minimized/unary-W/W-00377-2.poscar,W-potential/fcc-restart/05-rss-round-1/rss/raw/unary-W/W-00377.poscar,3db798dbbceef3f0335a2d0cb2a7aa0a01dd6d9bd137342be001a4440d54a2db,3db798dbbceef3f0335a2d0cb2a7aa0a01dd6d9bd137342be001a4440d54a2db
40.0,,rss_mini,40.0,rss-n25-p400000bar,W-potential/fcc-restart/05-rss-round-1/rss-selection/source-frames/rss-n25-p400000bar.xyz,28,0.3071488078087574,,15.392381016032255,0.40640142383721667,0.5575697110151963,,False,False,,,,,False,25,400000.0,2,378,001137.poscar,unary-W/W-00378-2.poscar,/home/tuzhengyu/work/WTaTi/W-potential/fcc-restart/05-rss-round-1/rss/minimized/unary-W/W-00378-2.poscar,W-potential/fcc-restart/05-rss-round-1/rss/raw/unary-W/W-00378.poscar,eab49f4813ba829fcc0e5b0d5cf9fbb8b577cf00f7b35623e393c4d1a10d667a,eab49f4813ba829fcc0e5b0d5cf9fbb8b577cf00f7b35623e393c4d1a10d667a
40.0,,rss_mini,40.0,rss-n25-p400000bar,W-potential/fcc-restart/05-rss-round-1/rss-selection/source-frames/rss-n25-p400000bar.xyz,29,0.22407445919279012,,14.681534418627562,0.5687753436695736,0.7008770247773177,,False,False,,,,,False,25,400000.0,2,379,001140.poscar,unary-W/W-00379-2.poscar,/home/tuzhengyu/work/WTaTi/W-potential/fcc-restart/05-rss-round-1/rss/minimized/unary-W/W-00379-2.poscar,W-potential/fcc-restart/05-rss-round-1/rss/raw/unary-W/W-00379.poscar,18823029e242b334ce6d303d58df40499dd1f17fddde4eb95055fc28b00aaec2,18823029e242b334ce6d303d58df40499dd1f17fddde4eb95055fc28b00aaec2
40.0,,rss_mini,40.0,rss-n25-p400000bar,W-potential/fcc-restart/05-rss-round-1/rss-selection/source-frames/rss-n25-p400000bar.xyz,30,0.26433097510171727,,14.749650399861137,0.61563136346046,0.6552946257129199,,False,False,,,,,False,25,400000.0,2,380,001143.poscar,unary-W/W-00380-2.poscar,/home/tuzhengyu/work/WTaTi/W-potential/fcc-restart/05-rss-round-1/rss/minimized/unary-W/W-00380-2.poscar,W-potential/fcc-restart/05-rss-round-1/rss/raw/unary-W/W-00380.poscar,ab432fd3f8af1252444b5781c8c9c983d4360c153cd6699e9be1eeb3600ee476,ab432fd3f8af1252444b5781c8c9c983d4360c153cd6699e9be1eeb3600ee476
40.0,,rss_mini,40.0,rss-n25-p400000bar,W-potential/fcc-restart/05-rss-round-1/rss-selection/source-frames/rss-n25-p400000bar.xyz,31,0.27149170733113326,,14.687822824488462,0.6774513459275275,0.7235630994873217,,False,False,,,,,False,25,400000.0,2,381,001146.poscar,unary-W/W-00381-2.poscar,/home/tuzhengyu/work/WTaTi/W-potential/fcc-restart/05-rss-round-1/rss/minimized/unary-W/W-00381-2.poscar,W-potential/fcc-restart/05-rss-round-1/rss/raw/unary-W/W-00381.poscar,3c02ace5bbd5ba245bb4b7c7d57aed070aedd1f48123d426854748e54b419988,3c02ace5bbd5ba245bb4b7c7d57aed070aedd1f48123d426854748e54b419988
40.0,,rss_mini,40.0,rss-n25-p400000bar,W-potential/fcc-restart/05-rss-round-1/rss-selection/source-frames/rss-n25-p400000bar.xyz,32,0.5457477672991642,,14.836338816772113,1.0334004513960977,1.2339389344277252,,False,False,,,,,False,25,400000.0,2,382,001149.poscar,unary-W/W-00382-2.poscar,/home/tuzhengyu/work/WTaTi/W-potential/fcc-restart/05-rss-round-1/rss/minimized/unary-W/W-00382-2.poscar,W-potential/fcc-restart/05-rss-round-1/rss/raw/unary-W/W-00382.poscar,e6a26500e7e4e8fb06ebda0e429dcdff9b0f99f1ab65ad55b6601caf1a67b001,e6a26500e7e4e8fb06ebda0e429dcdff9b0f99f1ab65ad55b6601caf1a67b001
40.0,,rss_mini,40.0,rss-n25-p400000bar,W-potential/fcc-restart/05-rss-round-1/rss-selection/source-frames/rss-n25-p400000bar.xyz,33,0.22052317570401486,,14.691802981994003,0.4266891444125663,0.4751020216539422,,False,False,,,,,False,25,400000.0,2,383,001152.poscar,unary-W/W-00383-2.poscar,/home/tuzhengyu/work/WTaTi/W-potential/fcc-restart/05-rss-round-1/rss/minimized/unary-W/W-00383-2.poscar,W-potential/fcc-restart/05-rss-round-1/rss/raw/unary-W/W-00383.poscar,79fa02fd38cb9609cd003ce50a6edbd77f469e68eead6e704a5f43b003cd898b,79fa02fd38cb9609cd003ce50a6edbd77f469e68eead6e704a5f43b003cd898b
40.0,,rss_mini,40.0,rss-n25-p400000bar,W-potential/fcc-restart/05-rss-round-1/rss-selection/source-frames/rss-n25-p400000bar.xyz,34,0.22088496687172612,,14.838289580354255,0.33405779165727834,0.37005468665857927,,False,False,,,,,False,25,400000.0,2,384,001155.poscar,unary-W/W-00384-2.poscar,/home/tuzhengyu/work/WTaTi/W-potential/fcc-restart/05-rss-round-1/rss/minimized/unary-W/W-00384-2.poscar,W-potential/fcc-restart/05-rss-round-1/rss/raw/unary-W/W-00384.poscar,c8357e09213b73ed586e7d95ea6b01db6a6cb9df3b2b5b590b1c5af0b39cdc0d,c8357e09213b73ed586e7d95ea6b01db6a6cb9df3b2b5b590b1c5af0b39cdc0d
40.0,,rss_mini,40.0,rss-n25-p400000bar,W-potential/fcc-restart/05-rss-round-1/rss-selection/source-frames/rss-n25-p400000bar.xyz,35,0.2770482728847493,,14.755207875639865,0.49137657080454195,0.6787540392627763,,False,False,,,,,False,25,400000.0,2,385,001158.poscar,unary-W/W-00385-2.poscar,/home/tuzhengyu/work/WTaTi/W-potential/fcc-restart/05-rss-round-1/rss/minimized/unary-W/W-00385-2.poscar,W-potential/fcc-restart/05-rss-round-1/rss/raw/unary-W/W-00385.poscar,c9f9a9962561e3be493f4f0c838de60d4763bbbb2631b621c30c5d900fe78f32,c9f9a9962561e3be493f4f0c838de60d4763bbbb2631b621c30c5d900fe78f32
40.0,,rss_mini,40.0,rss-n25-p400000bar,W-potential/fcc-restart/05-rss-round-1/rss-selection/source-frames/rss-n25-p400000bar.xyz,36,0.03208296622940076,,14.361548260257155,0.33551718419946613,0.33763787791825417,,False,False,,,,,False,25,400000.0,2,386,001161.poscar,unary-W/W-00386-2.poscar,/home/tuzhengyu/work/WTaTi/W-potential/fcc-restart/05-rss-round-1/rss/minimized/unary-W/W-00386-2.poscar,W-potential/fcc-restart/05-rss-round-1/rss/raw/unary-W/W-00386.poscar,e74247ac5a27408b99ac9ebbe004353fca6f9cd8fb7fd1f1b110e26d97ca5504,e74247ac5a27408b99ac9ebbe004353fca6f9cd8fb7fd1f1b110e26d97ca5504
40.0,,rss_mini,40.0,rss-n25-p400000bar,W-potential/fcc-restart/05-rss-round-1/rss-selection/source-frames/rss-n25-p400000bar.xyz,37,0.2687928583115473,,14.540459008626563,0.42155124679948636,0.47755676009342796,,False,False,,,,,False,25,400000.0,2,387,001164.poscar,unary-W/W-00387-2.poscar,/home/tuzhengyu/work/WTaTi/W-potential/fcc-restart/05-rss-round-1/rss/minimized/unary-W/W-00387-2.poscar,W-potential/fcc-restart/05-rss-round-1/rss/raw/unary-W/W-00387.poscar,8bed6f790c6a5d9912e2a3a08cc13c99aee99a670dd0ec38e85925de24128ba9,8bed6f790c6a5d9912e2a3a08cc13c99aee99a670dd0ec38e85925de24128ba9
40.0,,rss_mini,40.0,rss-n25-p400000bar,W-potential/fcc-restart/05-rss-round-1/rss-selection/source-frames/rss-n25-p400000bar.xyz,38,0.19084923674230114,,14.81171927321599,0.4439691723593872,0.5186422912331284,,False,False,,,,,False,25,400000.0,2,388,001167.poscar,unary-W/W-00388-2.poscar,/home/tuzhengyu/work/WTaTi/W-potential/fcc-restart/05-rss-round-1/rss/minimized/unary-W/W-00388-2.poscar,W-potential/fcc-restart/05-rss-round-1/rss/raw/unary-W/W-00388.poscar,6f3beebda42df4720cd67c9a70f7940579118e737e7dd3c0c14760bcc1b01295,6f3beebda42df4720cd67c9a70f7940579118e737e7dd3c0c14760bcc1b01295
40.0,,rss_mini,40.0,rss-n25-p400000bar,W-potential/fcc-restart/05-rss-round-1/rss-selection/source-frames/rss-n25-p400000bar.xyz,39,0.31581408726695115,,14.686864769194047,1.2516516269946267,1.047682396901006,,False,False,,,,,False,25,400000.0,2,389,001170.poscar,unary-W/W-00389-2.poscar,/home/tuzhengyu/work/WTaTi/W-potential/fcc-restart/05-rss-round-1/rss/minimized/unary-W/W-00389-2.poscar,W-potential/fcc-restart/05-rss-round-1/rss/raw/unary-W/W-00389.poscar,fa02a68a326357f65b2ab670cb4f8196080d236e77640ac119c4ae1dbb5ea2e7,fa02a68a326357f65b2ab670cb4f8196080d236e77640ac119c4ae1dbb5ea2e7
40.0,,rss_mini,40.0,rss-n25-p400000bar,W-potential/fcc-restart/05-rss-round-1/rss-selection/source-frames/rss-n25-p400000bar.xyz,40,0.2617671000926708,,14.881415579863399,0.3683422171823688,0.5178034970583971,,False,False,,,,,False,25,400000.0,2,390,001173.poscar,unary-W/W-00390-2.poscar,/home/tuzhengyu/work/WTaTi/W-potential/fcc-restart/05-rss-round-1/rss/minimized/unary-W/W-00390-2.poscar,W-potential/fcc-restart/05-rss-round-1/rss/raw/unary-W/W-00390.poscar,9b88725a1efa69ef5ea8d9e0e32209ef59738887af5c40fb2486e000335b8b91,9b88725a1efa69ef5ea8d9e0e32209ef59738887af5c40fb2486e000335b8b91
40.0,,rss_mini,40.0,rss-n25-p400000bar,W-potential/fcc-restart/05-rss-round-1/rss-selection/source-frames/rss-n25-p400000bar.xyz,41,0.3715570663281401,,14.808976560656413,0.40803165506590755,0.40706734020229396,,False,False,,,,,False,25,400000.0,2,391,001176.poscar,unary-W/W-00391-2.poscar,/home/tuzhengyu/work/WTaTi/W-potential/fcc-restart/05-rss-round-1/rss/minimized/unary-W/W-00391-2.poscar,W-potential/fcc-restart/05-rss-round-1/rss/raw/unary-W/W-00391.poscar,ac74487c499bbca20efcc8647784695586d585fb8dfce37d07125fea8f22da42,ac74487c499bbca20efcc8647784695586d585fb8dfce37d07125fea8f22da42
40.0,,rss_mini,40.0,rss-n25-p400000bar,W-potential/fcc-restart/05-rss-round-1/rss-selection/source-frames/rss-n25-p400000bar.xyz,42,0.31256540785283154,,14.602933209094521,0.5044558082812195,0.6217551733495665,,False,False,,,,,False,25,400000.0,2,392,001179.poscar,unary-W/W-00392-2.poscar,/home/tuzhengyu/work/WTaTi/W-potential/fcc-restart/05-rss-round-1/rss/minimized/unary-W/W-00392-2.poscar,W-potential/fcc-restart/05-rss-round-1/rss/raw/unary-W/W-00392.poscar,8af7947153fb99e5218e8b071f73681a187a3bf70331299c7b6deb7b60aca4fe,8af7947153fb99e5218e8b071f73681a187a3bf70331299c7b6deb7b60aca4fe
40.0,,rss_mini,40.0,rss-n25-p400000bar,W-potential/fcc-restart/05-rss-round-1/rss-selection/source-frames/rss-n25-p400000bar.xyz,43,0.24460249347349747,,14.912036841097047,0.34674915374463433,0.6435191764046388,,False,False,,,,,False,25,400000.0,2,393,001182.poscar,unary-W/W-00393-2.poscar,/home/tuzhengyu/work/WTaTi/W-potential/fcc-restart/05-rss-round-1/rss/minimized/unary-W/W-00393-2.poscar,W-potential/fcc-restart/05-rss-round-1/rss/raw/unary-W/W-00393.poscar,39f11b280ca04b54cf240e1662ec143b7a566b4c79413c0daeaaa7778ee8e3a6,39f11b280ca04b54cf240e1662ec143b7a566b4c79413c0daeaaa7778ee8e3a6
40.0,,rss_mini,40.0,rss-n25-p400000bar,W-potential/fcc-restart/05-rss-round-1/rss-selection/source-frames/rss-n25-p400000bar.xyz,44,0.5029795674104246,,14.92220733819272,1.8655974286696047,1.8679259115348232,,False,False,,,,,False,25,400000.0,2,394,001185.poscar,unary-W/W-00394-2.poscar,/home/tuzhengyu/work/WTaTi/W-potential/fcc-restart/05-rss-round-1/rss/minimized/unary-W/W-00394-2.poscar,W-potential/fcc-restart/05-rss-round-1/rss/raw/unary-W/W-00394.poscar,62a0b063cd4f9f1d8c49b7513a0944e98360ea1aa34e127a58e3fa41ec3bba0e,62a0b063cd4f9f1d8c49b7513a0944e98360ea1aa34e127a58e3fa41ec3bba0e
40.0,,rss_mini,40.0,rss-n25-p400000bar,W-potential/fcc-restart/05-rss-round-1/rss-selection/source-frames/rss-n25-p400000bar.xyz,45,0.25638815509678303,,14.69589787770213,0.3940681602141119,0.5848916795853897,,False,False,,,,,False,25,400000.0,2,395,001188.poscar,unary-W/W-00395-2.poscar,/home/tuzhengyu/work/WTaTi/W-potential/fcc-restart/05-rss-round-1/rss/minimized/unary-W/W-00395-2.poscar,W-potential/fcc-restart/05-rss-round-1/rss/raw/unary-W/W-00395.poscar,0926774164d25e1eea248ecc4c81c357eb94ee5467a1d7b0e3e791b9b773ee89,0926774164d25e1eea248ecc4c81c357eb94ee5467a1d7b0e3e791b9b773ee89
40.0,,rss_mini,40.0,rss-n25-p400000bar,W-potential/fcc-restart/05-rss-round-1/rss-selection/source-frames/rss-n25-p400000bar.xyz,46,0.2293788295835064,,14.510736521891188,0.4500201788764695,0.478625791200781,,False,False,,,,,False,25,400000.0,2,396,001191.poscar,unary-W/W-00396-2.poscar,/home/tuzhengyu/work/WTaTi/W-potential/fcc-restart/05-rss-round-1/rss/minimized/unary-W/W-00396-2.poscar,W-potential/fcc-restart/05-rss-round-1/rss/raw/unary-W/W-00396.poscar,a052596f4bde05e24de8e16e7a08b6095cb8d46746a63aeb4a715445f246925a,a052596f4bde05e24de8e16e7a08b6095cb8d46746a63aeb4a715445f246925a
40.0,,rss_mini,40.0,rss-n25-p400000bar,W-potential/fcc-restart/05-rss-round-1/rss-selection/source-frames/rss-n25-p400000bar.xyz,47,0.3008356119052796,,14.901673407400736,0.4014365694696778,0.4313746697512249,,False,False,,,,,False,25,400000.0,2,397,001194.poscar,unary-W/W-00397-2.poscar,/home/tuzhengyu/work/WTaTi/W-potential/fcc-restart/05-rss-round-1/rss/minimized/unary-W/W-00397-2.poscar,W-potential/fcc-restart/05-rss-round-1/rss/raw/unary-W/W-00397.poscar,06c15aeebc6f723cdea277b0296e3ad609faf0c6203d1d74aee0d8750d44152c,06c15aeebc6f723cdea277b0296e3ad609faf0c6203d1d74aee0d8750d44152c
40.0,,rss_mini,40.0,rss-n25-p400000bar,W-potential/fcc-restart/05-rss-round-1/rss-selection/source-frames/rss-n25-p400000bar.xyz,48,0.20762569416589338,,14.302988266438598,0.8664894334254197,0.9098552097643676,,False,False,,,,,False,25,400000.0,2,398,001197.poscar,unary-W/W-00398-2.poscar,/home/tuzhengyu/work/WTaTi/W-potential/fcc-restart/05-rss-round-1/rss/minimized/unary-W/W-00398-2.poscar,W-potential/fcc-restart/05-rss-round-1/rss/raw/unary-W/W-00398.poscar,4ee9aed2c5bd9074463efe1b5a855707f356263006a186149e60df1bbafe9695,4ee9aed2c5bd9074463efe1b5a855707f356263006a186149e60df1bbafe9695
40.0,,rss_mini,40.0,rss-n25-p400000bar,W-potential/fcc-restart/05-rss-round-1/rss-selection/source-frames/rss-n25-p400000bar.xyz,49,0.2269853176757183,,14.789095921913942,1.737344369104931,1.7813182446297005,,False,False,,,,,False,25,400000.0,2,399,001200.poscar,unary-W/W-00399-2.poscar,/home/tuzhengyu/work/WTaTi/W-potential/fcc-restart/05-rss-round-1/rss/minimized/unary-W/W-00399-2.poscar,W-potential/fcc-restart/05-rss-round-1/rss/raw/unary-W/W-00399.poscar,ee1fa9f58c972d0a85e8b4bcc306190bf9c2c5613b1a5c73b1082ae4b9cdde3b,ee1fa9f58c972d0a85e8b4bcc306190bf9c2c5613b1a5c73b1082ae4b9cdde3b
