trajectory,trajectory_path,frame,natoms,mini_pressure_bar,pressure_index,raw_index,rss_source_file,rss_source_path,minimized_source_path,raw_source_path,flat_sha256,minimized_sha256
rss-n9-p0bar,Ta-potential/fcc-restart/05-rss-round-1/rss-selection/source-frames/rss-n9-p0bar.xyz,0,9,0.0,0,0,000001.poscar,unary-Ta/Ta-00000-0.poscar,/home/tuzhengyu/work/WTaTi/Ta-potential/fcc-restart/05-rss-round-1/rss/minimized/unary-Ta/Ta-00000-0.poscar,Ta-potential/fcc-restart/05-rss-round-1/rss/raw/unary-Ta/Ta-00000.poscar,f2d98a4649b22d8c5830d328d8a07566e89fe46007354538f83dbc9de7123e9d,f2d98a4649b22d8c5830d328d8a07566e89fe46007354538f83dbc9de7123e9d
rss-n9-p0bar,Ta-potential/fcc-restart/05-rss-round-1/rss-selection/source-frames/rss-n9-p0bar.xyz,1,9,0.0,0,1,000004.poscar,unary-Ta/Ta-00001-0.poscar,/home/tuzhengyu/work/WTaTi/Ta-potential/fcc-restart/05-rss-round-1/rss/minimized/unary-Ta/Ta-00001-0.poscar,Ta-potential/fcc-restart/05-rss-round-1/rss/raw/unary-Ta/Ta-00001.poscar,a0a11e7161ca5ad987072f2fffa2548f84aa2cc41d04ddc7e42e2288eeee8b06,a0a11e7161ca5ad987072f2fffa2548f84aa2cc41d04ddc7e42e2288eeee8b06
rss-n9-p0bar,Ta-potential/fcc-restart/05-rss-round-1/rss-selection/source-frames/rss-n9-p0bar.xyz,2,9,0.0,0,2,000007.poscar,unary-Ta/Ta-00002-0.poscar,/home/tuzhengyu/work/WTaTi/Ta-potential/fcc-restart/05-rss-round-1/rss/minimized/unary-Ta/Ta-00002-0.poscar,Ta-potential/fcc-restart/05-rss-round-1/rss/raw/unary-Ta/Ta-00002.poscar,2fb8e186f85b3ad77d3a5cd2e1aa7f45b1bf1eee0760c135d49f40af3f007f67,2fb8e186f85b3ad77d3a5cd2e1aa7f45b1bf1eee0760c135d49f40af3f007f67
rss-n9-p0bar,Ta-potential/fcc-restart/05-rss-round-1/rss-selection/source-frames/rss-n9-p0bar.xyz,3,9,0.0,0,3,000010.poscar,unary-Ta/Ta-00003-0.poscar,/home/tuzhengyu/work/WTaTi/Ta-potential/fcc-restart/05-rss-round-1/rss/minimized/unary-Ta/Ta-00003-0.poscar,Ta-potential/fcc-restart/05-rss-round-1/rss/raw/unary-Ta/Ta-00003.poscar,5f05999af063255bb521a47a3e7f4d8234dbd43fe989b7a08f12442fccf36787,5f05999af063255bb521a47a3e7f4d8234dbd43fe989b7a08f12442fccf36787
rss-n9-p0bar,Ta-potential/fcc-restart/05-rss-round-1/rss-selection/source-frames/rss-n9-p0bar.xyz,4,9,0.0,0,4,000013.poscar,unary-Ta/Ta-00004-0.poscar,/home/tuzhengyu/work/WTaTi/Ta-potential/fcc-restart/05-rss-round-1/rss/minimized/unary-Ta/Ta-00004-0.poscar,Ta-potential/fcc-restart/05-rss-round-1/rss/raw/unary-Ta/Ta-00004.poscar,f74963f2713b31fe0ec7a7afe9c00cee63702cd9bd63b84c82392d5870f4574a,f74963f2713b31fe0ec7a7afe9c00cee63702cd9bd63b84c82392d5870f4574a
rss-n9-p0bar,Ta-potential/fcc-restart/05-rss-round-1/rss-selection/source-frames/rss-n9-p0bar.xyz,5,9,0.0,0,5,000016.poscar,unary-Ta/Ta-00005-0.poscar,/home/tuzhengyu/work/WTaTi/Ta-potential/fcc-restart/05-rss-round-1/rss/minimized/unary-Ta/Ta-00005-0.poscar,Ta-potential/fcc-restart/05-rss-round-1/rss/raw/unary-Ta/Ta-00005.poscar,11c3ded698c1c6d7aadf832ba4d1bffa3458c1f9950bd6e243456311892c85ef,11c3ded698c1c6d7aadf832ba4d1bffa3458c1f9950bd6e243456311892c85ef
rss-n9-p0bar,Ta-potential/fcc-restart/05-rss-round-1/rss-selection/source-frames/rss-n9-p0bar.xyz,6,9,0.0,0,6,000019.poscar,unary-Ta/Ta-00006-0.poscar,/home/tuzhengyu/work/WTaTi/Ta-potential/fcc-restart/05-rss-round-1/rss/minimized/unary-Ta/Ta-00006-0.poscar,Ta-potential/fcc-restart/05-rss-round-1/rss/raw/unary-Ta/Ta-00006.poscar,326828de399a9959b608c91abed077a9e801f12c9605dad0a548f861e8a8f1d1,326828de399a9959b608c91abed077a9e801f12c9605dad0a548f861e8a8f1d1
rss-n9-p0bar,Ta-potential/fcc-restart/05-rss-round-1/rss-selection/source-frames/rss-n9-p0bar.xyz,7,9,0.0,0,7,000022.poscar,unary-Ta/Ta-00007-0.poscar,/home/tuzhengyu/work/WTaTi/Ta-potential/fcc-restart/05-rss-round-1/rss/minimized/unary-Ta/Ta-00007-0.poscar,Ta-potential/fcc-restart/05-rss-round-1/rss/raw/unary-Ta/Ta-00007.poscar,74ec8542e85b39ae3122688858b3a2f7a18778b95a1a79132368d256c990f788,74ec8542e85b39ae3122688858b3a2f7a18778b95a1a79132368d256c990f788
rss-n9-p0bar,Ta-potential/fcc-restart/05-rss-round-1/rss-selection/source-frames/rss-n9-p0bar.xyz,8,9,0.0,0,8,000025.poscar,unary-Ta/Ta-00008-0.poscar,/home/tuzhengyu/work/WTaTi/Ta-potential/fcc-restart/05-rss-round-1/rss/minimized/unary-Ta/Ta-00008-0.poscar,Ta-potential/fcc-restart/05-rss-round-1/rss/raw/unary-Ta/Ta-00008.poscar,3ee45c467c2755cd00cd399d449b39668aae4d459dec018384a71fbd7d6ff326,3ee45c467c2755cd00cd399d449b39668aae4d459dec018384a71fbd7d6ff326
rss-n9-p0bar,Ta-potential/fcc-restart/05-rss-round-1/rss-selection/source-frames/rss-n9-p0bar.xyz,9,9,0.0,0,9,000028.poscar,unary-Ta/Ta-00009-0.poscar,/home/tuzhengyu/work/WTaTi/Ta-potential/fcc-restart/05-rss-round-1/rss/minimized/unary-Ta/Ta-00009-0.poscar,Ta-potential/fcc-restart/05-rss-round-1/rss/raw/unary-Ta/Ta-00009.poscar,f777cda2b1791511a2293cbd10015dced3806a317cbecb9e7e63ccb40220cb93,f777cda2b1791511a2293cbd10015dced3806a317cbecb9e7e63ccb40220cb93
rss-n9-p0bar,Ta-potential/fcc-restart/05-rss-round-1/rss-selection/source-frames/rss-n9-p0bar.xyz,10,9,0.0,0,10,000031.poscar,unary-Ta/Ta-00010-0.poscar,/home/tuzhengyu/work/WTaTi/Ta-potential/fcc-restart/05-rss-round-1/rss/minimized/unary-Ta/Ta-00010-0.poscar,Ta-potential/fcc-restart/05-rss-round-1/rss/raw/unary-Ta/Ta-00010.poscar,416c4bbce1140961fd95393b507e83f398521fe498460edacf9dee741697e136,416c4bbce1140961fd95393b507e83f398521fe498460edacf9dee741697e136
rss-n9-p0bar,Ta-potential/fcc-restart/05-rss-round-1/rss-selection/source-frames/rss-n9-p0bar.xyz,11,9,0.0,0,11,000034.poscar,unary-Ta/Ta-00011-0.poscar,/home/tuzhengyu/work/WTaTi/Ta-potential/fcc-restart/05-rss-round-1/rss/minimized/unary-Ta/Ta-00011-0.poscar,Ta-potential/fcc-restart/05-rss-round-1/rss/raw/unary-Ta/Ta-00011.poscar,e4c3e8db7e5fcdb334dbf43a26c70b9834d1781b44730be6a7436edaa0a5ab45,e4c3e8db7e5fcdb334dbf43a26c70b9834d1781b44730be6a7436edaa0a5ab45
rss-n9-p0bar,Ta-potential/fcc-restart/05-rss-round-1/rss-selection/source-frames/rss-n9-p0bar.xyz,12,9,0.0,0,12,000037.poscar,unary-Ta/Ta-00012-0.poscar,/home/tuzhengyu/work/WTaTi/Ta-potential/fcc-restart/05-rss-round-1/rss/minimized/unary-Ta/Ta-00012-0.poscar,Ta-potential/fcc-restart/05-rss-round-1/rss/raw/unary-Ta/Ta-00012.poscar,3a9ddc360b1f39a26a9cd04a189f2de6bb83a3de1916741bdb172d2b1d754980,3a9ddc360b1f39a26a9cd04a189f2de6bb83a3de1916741bdb172d2b1d754980
rss-n9-p0bar,Ta-potential/fcc-restart/05-rss-round-1/rss-selection/source-frames/rss-n9-p0bar.xyz,13,9,0.0,0,13,000040.poscar,unary-Ta/Ta-00013-0.poscar,/home/tuzhengyu/work/WTaTi/Ta-potential/fcc-restart/05-rss-round-1/rss/minimized/unary-Ta/Ta-00013-0.poscar,Ta-potential/fcc-restart/05-rss-round-1/rss/raw/unary-Ta/Ta-00013.poscar,93cbdcdb37bffefcc4011a775130120d5b1a0dde2ad1411475a59e7c971a5305,93cbdcdb37bffefcc4011a775130120d5b1a0dde2ad1411475a59e7c971a5305
rss-n9-p0bar,Ta-potential/fcc-restart/05-rss-round-1/rss-selection/source-frames/rss-n9-p0bar.xyz,14,9,0.0,0,14,000043.poscar,unary-Ta/Ta-00014-0.poscar,/home/tuzhengyu/work/WTaTi/Ta-potential/fcc-restart/05-rss-round-1/rss/minimized/unary-Ta/Ta-00014-0.poscar,Ta-potential/fcc-restart/05-rss-round-1/rss/raw/unary-Ta/Ta-00014.poscar,71ed7e710c7e2a454e16a550a33e14a186e2c2b83f1f59fa7480f689e15209e3,71ed7e710c7e2a454e16a550a33e14a186e2c2b83f1f59fa7480f689e15209e3
rss-n9-p0bar,Ta-potential/fcc-restart/05-rss-round-1/rss-selection/source-frames/rss-n9-p0bar.xyz,15,9,0.0,0,15,000046.poscar,unary-Ta/Ta-00015-0.poscar,/home/tuzhengyu/work/WTaTi/Ta-potential/fcc-restart/05-rss-round-1/rss/minimized/unary-Ta/Ta-00015-0.poscar,Ta-potential/fcc-restart/05-rss-round-1/rss/raw/unary-Ta/Ta-00015.poscar,6e8bd7ac31a28f0b793471ba187b8c38d83567860d0ccd1fd24c23f646ed8910,6e8bd7ac31a28f0b793471ba187b8c38d83567860d0ccd1fd24c23f646ed8910
rss-n9-p0bar,Ta-potential/fcc-restart/05-rss-round-1/rss-selection/source-frames/rss-n9-p0bar.xyz,16,9,0.0,0,16,000049.poscar,unary-Ta/Ta-00016-0.poscar,/home/tuzhengyu/work/WTaTi/Ta-potential/fcc-restart/05-rss-round-1/rss/minimized/unary-Ta/Ta-00016-0.poscar,Ta-potential/fcc-restart/05-rss-round-1/rss/raw/unary-Ta/Ta-00016.poscar,eea12a40bcee9e2638dc1dd1cd8e2bb180aca2ce716bf95ff6e6256c881954bd,eea12a40bcee9e2638dc1dd1cd8e2bb180aca2ce716bf95ff6e6256c881954bd
rss-n9-p0bar,Ta-potential/fcc-restart/05-rss-round-1/rss-selection/source-frames/rss-n9-p0bar.xyz,17,9,0.0,0,17,000052.poscar,unary-Ta/Ta-00017-0.poscar,/home/tuzhengyu/work/WTaTi/Ta-potential/fcc-restart/05-rss-round-1/rss/minimized/unary-Ta/Ta-00017-0.poscar,Ta-potential/fcc-restart/05-rss-round-1/rss/raw/unary-Ta/Ta-00017.poscar,de602b588c374bde7750c98a191da19a5404da1be53751f160ee462b891bd164,de602b588c374bde7750c98a191da19a5404da1be53751f160ee462b891bd164
rss-n9-p0bar,Ta-potential/fcc-restart/05-rss-round-1/rss-selection/source-frames/rss-n9-p0bar.xyz,18,9,0.0,0,18,000055.poscar,unary-Ta/Ta-00018-0.poscar,/home/tuzhengyu/work/WTaTi/Ta-potential/fcc-restart/05-rss-round-1/rss/minimized/unary-Ta/Ta-00018-0.poscar,Ta-potential/fcc-restart/05-rss-round-1/rss/raw/unary-Ta/Ta-00018.poscar,f2929763005ec2b766f8a2c8251edb11aeec656a89cc90d6e693190d5f4d12c1,f2929763005ec2b766f8a2c8251edb11aeec656a89cc90d6e693190d5f4d12c1
rss-n9-p0bar,Ta-potential/fcc-restart/05-rss-round-1/rss-selection/source-frames/rss-n9-p0bar.xyz,19,9,0.0,0,19,000058.poscar,unary-Ta/Ta-00019-0.poscar,/home/tuzhengyu/work/WTaTi/Ta-potential/fcc-restart/05-rss-round-1/rss/minimized/unary-Ta/Ta-00019-0.poscar,Ta-potential/fcc-restart/05-rss-round-1/rss/raw/unary-Ta/Ta-00019.poscar,cd30ad9a7bbd8e27989ec44186502c7146f1b1ca4ef76fb49f3864a1bb4ade4b,cd30ad9a7bbd8e27989ec44186502c7146f1b1ca4ef76fb49f3864a1bb4ade4b
rss-n9-p0bar,Ta-potential/fcc-restart/05-rss-round-1/rss-selection/source-frames/rss-n9-p0bar.xyz,20,9,0.0,0,20,000061.poscar,unary-Ta/Ta-00020-0.poscar,/home/tuzhengyu/work/WTaTi/Ta-potential/fcc-restart/05-rss-round-1/rss/minimized/unary-Ta/Ta-00020-0.poscar,Ta-potential/fcc-restart/05-rss-round-1/rss/raw/unary-Ta/Ta-00020.poscar,af8195cc245219c1e9202d04e7f1b1866a57858da0f3f88343f45a685f6a3564,af8195cc245219c1e9202d04e7f1b1866a57858da0f3f88343f45a685f6a3564
rss-n9-p0bar,Ta-potential/fcc-restart/05-rss-round-1/rss-selection/source-frames/rss-n9-p0bar.xyz,21,9,0.0,0,21,000064.poscar,unary-Ta/Ta-00021-0.poscar,/home/tuzhengyu/work/WTaTi/Ta-potential/fcc-restart/05-rss-round-1/rss/minimized/unary-Ta/Ta-00021-0.poscar,Ta-potential/fcc-restart/05-rss-round-1/rss/raw/unary-Ta/Ta-00021.poscar,dc0e79ac8d529d4e18fd9ad9d92f21162385e03d95e99f2150d2607e5f67e018,dc0e79ac8d529d4e18fd9ad9d92f21162385e03d95e99f2150d2607e5f67e018
rss-n9-p0bar,Ta-potential/fcc-restart/05-rss-round-1/rss-selection/source-frames/rss-n9-p0bar.xyz,22,9,0.0,0,22,000067.poscar,unary-Ta/Ta-00022-0.poscar,/home/tuzhengyu/work/WTaTi/Ta-potential/fcc-restart/05-rss-round-1/rss/minimized/unary-Ta/Ta-00022-0.poscar,Ta-potential/fcc-restart/05-rss-round-1/rss/raw/unary-Ta/Ta-00022.poscar,87cfc516b24a17ded70659c0b498dc2e58c1ee1058c06845c8ed38b4ecd4fb13,87cfc516b24a17ded70659c0b498dc2e58c1ee1058c06845c8ed38b4ecd4fb13
rss-n9-p0bar,Ta-potential/fcc-restart/05-rss-round-1/rss-selection/source-frames/rss-n9-p0bar.xyz,23,9,0.0,0,23,000070.poscar,unary-Ta/Ta-00023-0.poscar,/home/tuzhengyu/work/WTaTi/Ta-potential/fcc-restart/05-rss-round-1/rss/minimized/unary-Ta/Ta-00023-0.poscar,Ta-potential/fcc-restart/05-rss-round-1/rss/raw/unary-Ta/Ta-00023.poscar,2767688d90fd7f6f99c3370c4a4da097c4122319704b35ca1de10d3484c65a1a,2767688d90fd7f6f99c3370c4a4da097c4122319704b35ca1de10d3484c65a1a
rss-n9-p0bar,Ta-potential/fcc-restart/05-rss-round-1/rss-selection/source-frames/rss-n9-p0bar.xyz,24,9,0.0,0,24,000073.poscar,unary-Ta/Ta-00024-0.poscar,/home/tuzhengyu/work/WTaTi/Ta-potential/fcc-restart/05-rss-round-1/rss/minimized/unary-Ta/Ta-00024-0.poscar,Ta-potential/fcc-restart/05-rss-round-1/rss/raw/unary-Ta/Ta-00024.poscar,f40bf1dc51b26e76c88259d76c77d85dab7e3a81e5aee3d1f0ca85721221b36b,f40bf1dc51b26e76c88259d76c77d85dab7e3a81e5aee3d1f0ca85721221b36b
rss-n9-p0bar,Ta-potential/fcc-restart/05-rss-round-1/rss-selection/source-frames/rss-n9-p0bar.xyz,25,9,0.0,0,25,000076.poscar,unary-Ta/Ta-00025-0.poscar,/home/tuzhengyu/work/WTaTi/Ta-potential/fcc-restart/05-rss-round-1/rss/minimized/unary-Ta/Ta-00025-0.poscar,Ta-potential/fcc-restart/05-rss-round-1/rss/raw/unary-Ta/Ta-00025.poscar,b9645bc0e273b09e143a5296347a0746051876f3392830def05c681655b5b51c,b9645bc0e273b09e143a5296347a0746051876f3392830def05c681655b5b51c
rss-n9-p0bar,Ta-potential/fcc-restart/05-rss-round-1/rss-selection/source-frames/rss-n9-p0bar.xyz,26,9,0.0,0,26,000079.poscar,unary-Ta/Ta-00026-0.poscar,/home/tuzhengyu/work/WTaTi/Ta-potential/fcc-restart/05-rss-round-1/rss/minimized/unary-Ta/Ta-00026-0.poscar,Ta-potential/fcc-restart/05-rss-round-1/rss/raw/unary-Ta/Ta-00026.poscar,fb92616694a8c5a2e6ecb8d35b4988cd1db04d23dea7d0ed38dfbd06234799ca,fb92616694a8c5a2e6ecb8d35b4988cd1db04d23dea7d0ed38dfbd06234799ca
rss-n9-p0bar,Ta-potential/fcc-restart/05-rss-round-1/rss-selection/source-frames/rss-n9-p0bar.xyz,27,9,0.0,0,27,000082.poscar,unary-Ta/Ta-00027-0.poscar,/home/tuzhengyu/work/WTaTi/Ta-potential/fcc-restart/05-rss-round-1/rss/minimized/unary-Ta/Ta-00027-0.poscar,Ta-potential/fcc-restart/05-rss-round-1/rss/raw/unary-Ta/Ta-00027.poscar,37b4b8d6d4107104a1f11e41fcd9cae5ec70289f46fb42817a18b7caf1b7a373,37b4b8d6d4107104a1f11e41fcd9cae5ec70289f46fb42817a18b7caf1b7a373
rss-n9-p0bar,Ta-potential/fcc-restart/05-rss-round-1/rss-selection/source-frames/rss-n9-p0bar.xyz,28,9,0.0,0,28,000085.poscar,unary-Ta/Ta-00028-0.poscar,/home/tuzhengyu/work/WTaTi/Ta-potential/fcc-restart/05-rss-round-1/rss/minimized/unary-Ta/Ta-00028-0.poscar,Ta-potential/fcc-restart/05-rss-round-1/rss/raw/unary-Ta/Ta-00028.poscar,c88685134ec9673bfdc229fae9f7058b4c723d8b5c98a245c248725901d6efde,c88685134ec9673bfdc229fae9f7058b4c723d8b5c98a245c248725901d6efde
rss-n9-p0bar,Ta-potential/fcc-restart/05-rss-round-1/rss-selection/source-frames/rss-n9-p0bar.xyz,29,9,0.0,0,29,000088.poscar,unary-Ta/Ta-00029-0.poscar,/home/tuzhengyu/work/WTaTi/Ta-potential/fcc-restart/05-rss-round-1/rss/minimized/unary-Ta/Ta-00029-0.poscar,Ta-potential/fcc-restart/05-rss-round-1/rss/raw/unary-Ta/Ta-00029.poscar,1c45459b8ba2ee4ee5d045e8d0c06e95f306b7bb74d1d54903d9338fa7aa5cad,1c45459b8ba2ee4ee5d045e8d0c06e95f306b7bb74d1d54903d9338fa7aa5cad
rss-n9-p0bar,Ta-potential/fcc-restart/05-rss-round-1/rss-selection/source-frames/rss-n9-p0bar.xyz,30,9,0.0,0,30,000091.poscar,unary-Ta/Ta-00030-0.poscar,/home/tuzhengyu/work/WTaTi/Ta-potential/fcc-restart/05-rss-round-1/rss/minimized/unary-Ta/Ta-00030-0.poscar,Ta-potential/fcc-restart/05-rss-round-1/rss/raw/unary-Ta/Ta-00030.poscar,9dc5be4b2af90c01885175c3b060174dcb2823585abc7a4e55684e9ee27cf40e,9dc5be4b2af90c01885175c3b060174dcb2823585abc7a4e55684e9ee27cf40e
rss-n9-p0bar,Ta-potential/fcc-restart/05-rss-round-1/rss-selection/source-frames/rss-n9-p0bar.xyz,31,9,0.0,0,31,000094.poscar,unary-Ta/Ta-00031-0.poscar,/home/tuzhengyu/work/WTaTi/Ta-potential/fcc-restart/05-rss-round-1/rss/minimized/unary-Ta/Ta-00031-0.poscar,Ta-potential/fcc-restart/05-rss-round-1/rss/raw/unary-Ta/Ta-00031.poscar,2c39b8ecef5ae7ecb35cd1573901cc89a7319ff96277873e0294bc2fdd09552c,2c39b8ecef5ae7ecb35cd1573901cc89a7319ff96277873e0294bc2fdd09552c
rss-n9-p0bar,Ta-potential/fcc-restart/05-rss-round-1/rss-selection/source-frames/rss-n9-p0bar.xyz,32,9,0.0,0,32,000097.poscar,unary-Ta/Ta-00032-0.poscar,/home/tuzhengyu/work/WTaTi/Ta-potential/fcc-restart/05-rss-round-1/rss/minimized/unary-Ta/Ta-00032-0.poscar,Ta-potential/fcc-restart/05-rss-round-1/rss/raw/unary-Ta/Ta-00032.poscar,64a999b286a6481a6bb3dcdcede7ad92724e9e1c8aa2f30c04779d31d0c4dc7a,64a999b286a6481a6bb3dcdcede7ad92724e9e1c8aa2f30c04779d31d0c4dc7a
rss-n9-p0bar,Ta-potential/fcc-restart/05-rss-round-1/rss-selection/source-frames/rss-n9-p0bar.xyz,33,9,0.0,0,33,000100.poscar,unary-Ta/Ta-00033-0.poscar,/home/tuzhengyu/work/WTaTi/Ta-potential/fcc-restart/05-rss-round-1/rss/minimized/unary-Ta/Ta-00033-0.poscar,Ta-potential/fcc-restart/05-rss-round-1/rss/raw/unary-Ta/Ta-00033.poscar,f16f3db60ea802498a952238cbbd9332edee3f026815f078b4beeed9afefee43,f16f3db60ea802498a952238cbbd9332edee3f026815f078b4beeed9afefee43
rss-n9-p0bar,Ta-potential/fcc-restart/05-rss-round-1/rss-selection/source-frames/rss-n9-p0bar.xyz,34,9,0.0,0,34,000103.poscar,unary-Ta/Ta-00034-0.poscar,/home/tuzhengyu/work/WTaTi/Ta-potential/fcc-restart/05-rss-round-1/rss/minimized/unary-Ta/Ta-00034-0.poscar,Ta-potential/fcc-restart/05-rss-round-1/rss/raw/unary-Ta/Ta-00034.poscar,f6f5dda399c86e496040ed53f02ffabcd6f774a1ceffdd9ed9c80cf69a3189f4,f6f5dda399c86e496040ed53f02ffabcd6f774a1ceffdd9ed9c80cf69a3189f4
rss-n9-p0bar,Ta-potential/fcc-restart/05-rss-round-1/rss-selection/source-frames/rss-n9-p0bar.xyz,35,9,0.0,0,35,000106.poscar,unary-Ta/Ta-00035-0.poscar,/home/tuzhengyu/work/WTaTi/Ta-potential/fcc-restart/05-rss-round-1/rss/minimized/unary-Ta/Ta-00035-0.poscar,Ta-potential/fcc-restart/05-rss-round-1/rss/raw/unary-Ta/Ta-00035.poscar,a95270ccdb360be603d89a6610073f82634e4073d000bea2bb9f208cb99fd65f,a95270ccdb360be603d89a6610073f82634e4073d000bea2bb9f208cb99fd65f
rss-n9-p0bar,Ta-potential/fcc-restart/05-rss-round-1/rss-selection/source-frames/rss-n9-p0bar.xyz,36,9,0.0,0,36,000109.poscar,unary-Ta/Ta-00036-0.poscar,/home/tuzhengyu/work/WTaTi/Ta-potential/fcc-restart/05-rss-round-1/rss/minimized/unary-Ta/Ta-00036-0.poscar,Ta-potential/fcc-restart/05-rss-round-1/rss/raw/unary-Ta/Ta-00036.poscar,ca4745249f1cdccf5d5657ddfe855c1658bcf8bb2698fe794715b98068e4c971,ca4745249f1cdccf5d5657ddfe855c1658bcf8bb2698fe794715b98068e4c971
rss-n9-p0bar,Ta-potential/fcc-restart/05-rss-round-1/rss-selection/source-frames/rss-n9-p0bar.xyz,37,9,0.0,0,37,000112.poscar,unary-Ta/Ta-00037-0.poscar,/home/tuzhengyu/work/WTaTi/Ta-potential/fcc-restart/05-rss-round-1/rss/minimized/unary-Ta/Ta-00037-0.poscar,Ta-potential/fcc-restart/05-rss-round-1/rss/raw/unary-Ta/Ta-00037.poscar,44ca181b3653e4308677e81937c1797b5a49e693f3607c27bba83550eeff8849,44ca181b3653e4308677e81937c1797b5a49e693f3607c27bba83550eeff8849
rss-n9-p0bar,Ta-potential/fcc-restart/05-rss-round-1/rss-selection/source-frames/rss-n9-p0bar.xyz,38,9,0.0,0,38,000115.poscar,unary-Ta/Ta-00038-0.poscar,/home/tuzhengyu/work/WTaTi/Ta-potential/fcc-restart/05-rss-round-1/rss/minimized/unary-Ta/Ta-00038-0.poscar,Ta-potential/fcc-restart/05-rss-round-1/rss/raw/unary-Ta/Ta-00038.poscar,86949364cf0d0d9693aa1f39ab848b60ae5876e000b374307bc7924d6b57b21e,86949364cf0d0d9693aa1f39ab848b60ae5876e000b374307bc7924d6b57b21e
rss-n9-p0bar,Ta-potential/fcc-restart/05-rss-round-1/rss-selection/source-frames/rss-n9-p0bar.xyz,39,9,0.0,0,39,000118.poscar,unary-Ta/Ta-00039-0.poscar,/home/tuzhengyu/work/WTaTi/Ta-potential/fcc-restart/05-rss-round-1/rss/minimized/unary-Ta/Ta-00039-0.poscar,Ta-potential/fcc-restart/05-rss-round-1/rss/raw/unary-Ta/Ta-00039.poscar,cec87056f447fcd413ea9c812644adb53170231bf81ed717fb1d63bd0099b083,cec87056f447fcd413ea9c812644adb53170231bf81ed717fb1d63bd0099b083
rss-n9-p0bar,Ta-potential/fcc-restart/05-rss-round-1/rss-selection/source-frames/rss-n9-p0bar.xyz,40,9,0.0,0,40,000121.poscar,unary-Ta/Ta-00040-0.poscar,/home/tuzhengyu/work/WTaTi/Ta-potential/fcc-restart/05-rss-round-1/rss/minimized/unary-Ta/Ta-00040-0.poscar,Ta-potential/fcc-restart/05-rss-round-1/rss/raw/unary-Ta/Ta-00040.poscar,7565107f42ec2472d07cad9aa97b0055523bd983b20f58daa650e55f7e79a7a1,7565107f42ec2472d07cad9aa97b0055523bd983b20f58daa650e55f7e79a7a1
rss-n9-p0bar,Ta-potential/fcc-restart/05-rss-round-1/rss-selection/source-frames/rss-n9-p0bar.xyz,41,9,0.0,0,41,000124.poscar,unary-Ta/Ta-00041-0.poscar,/home/tuzhengyu/work/WTaTi/Ta-potential/fcc-restart/05-rss-round-1/rss/minimized/unary-Ta/Ta-00041-0.poscar,Ta-potential/fcc-restart/05-rss-round-1/rss/raw/unary-Ta/Ta-00041.poscar,765adc99c95fa4c8949f45cce0370fba88b1baf804febcc417be52f3ad43cb71,765adc99c95fa4c8949f45cce0370fba88b1baf804febcc417be52f3ad43cb71
rss-n9-p0bar,Ta-potential/fcc-restart/05-rss-round-1/rss-selection/source-frames/rss-n9-p0bar.xyz,42,9,0.0,0,42,000127.poscar,unary-Ta/Ta-00042-0.poscar,/home/tuzhengyu/work/WTaTi/Ta-potential/fcc-restart/05-rss-round-1/rss/minimized/unary-Ta/Ta-00042-0.poscar,Ta-potential/fcc-restart/05-rss-round-1/rss/raw/unary-Ta/Ta-00042.poscar,85157b07856a60eb8956563de8e7aa3d04f71d60b588b7734453f4da5c38a128,85157b07856a60eb8956563de8e7aa3d04f71d60b588b7734453f4da5c38a128
rss-n9-p0bar,Ta-potential/fcc-restart/05-rss-round-1/rss-selection/source-frames/rss-n9-p0bar.xyz,43,9,0.0,0,43,000130.poscar,unary-Ta/Ta-00043-0.poscar,/home/tuzhengyu/work/WTaTi/Ta-potential/fcc-restart/05-rss-round-1/rss/minimized/unary-Ta/Ta-00043-0.poscar,Ta-potential/fcc-restart/05-rss-round-1/rss/raw/unary-Ta/Ta-00043.poscar,7aa596e7b77dbee1529fdab5c710886036b4dd9b84980324076788073fcf8bb5,7aa596e7b77dbee1529fdab5c710886036b4dd9b84980324076788073fcf8bb5
rss-n9-p0bar,Ta-potential/fcc-restart/05-rss-round-1/rss-selection/source-frames/rss-n9-p0bar.xyz,44,9,0.0,0,44,000133.poscar,unary-Ta/Ta-00044-0.poscar,/home/tuzhengyu/work/WTaTi/Ta-potential/fcc-restart/05-rss-round-1/rss/minimized/unary-Ta/Ta-00044-0.poscar,Ta-potential/fcc-restart/05-rss-round-1/rss/raw/unary-Ta/Ta-00044.poscar,4ff1fbaae3feab14455b3afd55be2cf042e4fe42ba9fe850c683092c392b6a4c,4ff1fbaae3feab14455b3afd55be2cf042e4fe42ba9fe850c683092c392b6a4c
rss-n9-p0bar,Ta-potential/fcc-restart/05-rss-round-1/rss-selection/source-frames/rss-n9-p0bar.xyz,45,9,0.0,0,45,000136.poscar,unary-Ta/Ta-00045-0.poscar,/home/tuzhengyu/work/WTaTi/Ta-potential/fcc-restart/05-rss-round-1/rss/minimized/unary-Ta/Ta-00045-0.poscar,Ta-potential/fcc-restart/05-rss-round-1/rss/raw/unary-Ta/Ta-00045.poscar,eeea75334486c2580d50c0c7ca61614adead80a2a8c45d01311c385472623e14,eeea75334486c2580d50c0c7ca61614adead80a2a8c45d01311c385472623e14
rss-n9-p0bar,Ta-potential/fcc-restart/05-rss-round-1/rss-selection/source-frames/rss-n9-p0bar.xyz,46,9,0.0,0,46,000139.poscar,unary-Ta/Ta-00046-0.poscar,/home/tuzhengyu/work/WTaTi/Ta-potential/fcc-restart/05-rss-round-1/rss/minimized/unary-Ta/Ta-00046-0.poscar,Ta-potential/fcc-restart/05-rss-round-1/rss/raw/unary-Ta/Ta-00046.poscar,4e47e925d9a794626fd05866dad109cc2755e0da7d3b3b410e3504a6ef9e6a2a,4e47e925d9a794626fd05866dad109cc2755e0da7d3b3b410e3504a6ef9e6a2a
rss-n9-p0bar,Ta-potential/fcc-restart/05-rss-round-1/rss-selection/source-frames/rss-n9-p0bar.xyz,47,9,0.0,0,47,000142.poscar,unary-Ta/Ta-00047-0.poscar,/home/tuzhengyu/work/WTaTi/Ta-potential/fcc-restart/05-rss-round-1/rss/minimized/unary-Ta/Ta-00047-0.poscar,Ta-potential/fcc-restart/05-rss-round-1/rss/raw/unary-Ta/Ta-00047.poscar,128278ace4b460400895bfc5073c5f6ed9b7a30276814af864a9a1cca716a42e,128278ace4b460400895bfc5073c5f6ed9b7a30276814af864a9a1cca716a42e
rss-n9-p0bar,Ta-potential/fcc-restart/05-rss-round-1/rss-selection/source-frames/rss-n9-p0bar.xyz,48,9,0.0,0,48,000145.poscar,unary-Ta/Ta-00048-0.poscar,/home/tuzhengyu/work/WTaTi/Ta-potential/fcc-restart/05-rss-round-1/rss/minimized/unary-Ta/Ta-00048-0.poscar,Ta-potential/fcc-restart/05-rss-round-1/rss/raw/unary-Ta/Ta-00048.poscar,04da2ade17e67dff94f3b70a48d402674f3e9ebfb45fadd2fd534a91bd8dea19,04da2ade17e67dff94f3b70a48d402674f3e9ebfb45fadd2fd534a91bd8dea19
rss-n9-p0bar,Ta-potential/fcc-restart/05-rss-round-1/rss-selection/source-frames/rss-n9-p0bar.xyz,49,9,0.0,0,49,000148.poscar,unary-Ta/Ta-00049-0.poscar,/home/tuzhengyu/work/WTaTi/Ta-potential/fcc-restart/05-rss-round-1/rss/minimized/unary-Ta/Ta-00049-0.poscar,Ta-potential/fcc-restart/05-rss-round-1/rss/raw/unary-Ta/Ta-00049.poscar,35e81424f02a27ff8968a9a5ad2279f654ce0a389ca00577f19628f32d7f5e0c,35e81424f02a27ff8968a9a5ad2279f654ce0a389ca00577f19628f32d7f5e0c
rss-n9-p200000bar,Ta-potential/fcc-restart/05-rss-round-1/rss-selection/source-frames/rss-n9-p200000bar.xyz,0,9,200000.0,1,0,000002.poscar,unary-Ta/Ta-00000-1.poscar,/home/tuzhengyu/work/WTaTi/Ta-potential/fcc-restart/05-rss-round-1/rss/minimized/unary-Ta/Ta-00000-1.poscar,Ta-potential/fcc-restart/05-rss-round-1/rss/raw/unary-Ta/Ta-00000.poscar,d2f2df4dd34ccf628aef5b9e6ccd4ba8add1367fcb3b0535b01d647c1ce9d88f,d2f2df4dd34ccf628aef5b9e6ccd4ba8add1367fcb3b0535b01d647c1ce9d88f
rss-n9-p200000bar,Ta-potential/fcc-restart/05-rss-round-1/rss-selection/source-frames/rss-n9-p200000bar.xyz,1,9,200000.0,1,1,000005.poscar,unary-Ta/Ta-00001-1.poscar,/home/tuzhengyu/work/WTaTi/Ta-potential/fcc-restart/05-rss-round-1/rss/minimized/unary-Ta/Ta-00001-1.poscar,Ta-potential/fcc-restart/05-rss-round-1/rss/raw/unary-Ta/Ta-00001.poscar,4c9ba74df4f726dbff7aea24baad9f455002317e350fb96461ea0598d2ccd8ec,4c9ba74df4f726dbff7aea24baad9f455002317e350fb96461ea0598d2ccd8ec
rss-n9-p200000bar,Ta-potential/fcc-restart/05-rss-round-1/rss-selection/source-frames/rss-n9-p200000bar.xyz,2,9,200000.0,1,2,000008.poscar,unary-Ta/Ta-00002-1.poscar,/home/tuzhengyu/work/WTaTi/Ta-potential/fcc-restart/05-rss-round-1/rss/minimized/unary-Ta/Ta-00002-1.poscar,Ta-potential/fcc-restart/05-rss-round-1/rss/raw/unary-Ta/Ta-00002.poscar,aab26bf7853b7df45f3d6550386a333b99405a7b40db0903515988d99c54f352,aab26bf7853b7df45f3d6550386a333b99405a7b40db0903515988d99c54f352
rss-n9-p200000bar,Ta-potential/fcc-restart/05-rss-round-1/rss-selection/source-frames/rss-n9-p200000bar.xyz,3,9,200000.0,1,3,000011.poscar,unary-Ta/Ta-00003-1.poscar,/home/tuzhengyu/work/WTaTi/Ta-potential/fcc-restart/05-rss-round-1/rss/minimized/unary-Ta/Ta-00003-1.poscar,Ta-potential/fcc-restart/05-rss-round-1/rss/raw/unary-Ta/Ta-00003.poscar,655c8a58295fd3fc32e22c926df8e1295fe935eadcaa6c328966cde95e802c25,655c8a58295fd3fc32e22c926df8e1295fe935eadcaa6c328966cde95e802c25
rss-n9-p200000bar,Ta-potential/fcc-restart/05-rss-round-1/rss-selection/source-frames/rss-n9-p200000bar.xyz,4,9,200000.0,1,4,000014.poscar,unary-Ta/Ta-00004-1.poscar,/home/tuzhengyu/work/WTaTi/Ta-potential/fcc-restart/05-rss-round-1/rss/minimized/unary-Ta/Ta-00004-1.poscar,Ta-potential/fcc-restart/05-rss-round-1/rss/raw/unary-Ta/Ta-00004.poscar,213e8289a06d0a0cd533d52d7394e818993f6eb7026f9d7154080e5bc41068e6,213e8289a06d0a0cd533d52d7394e818993f6eb7026f9d7154080e5bc41068e6
rss-n9-p200000bar,Ta-potential/fcc-restart/05-rss-round-1/rss-selection/source-frames/rss-n9-p200000bar.xyz,5,9,200000.0,1,5,000017.poscar,unary-Ta/Ta-00005-1.poscar,/home/tuzhengyu/work/WTaTi/Ta-potential/fcc-restart/05-rss-round-1/rss/minimized/unary-Ta/Ta-00005-1.poscar,Ta-potential/fcc-restart/05-rss-round-1/rss/raw/unary-Ta/Ta-00005.poscar,7e33cc91783e48dae04566d1ea424b726b5f455bfeeda36f560b4d1b05c39490,7e33cc91783e48dae04566d1ea424b726b5f455bfeeda36f560b4d1b05c39490
rss-n9-p200000bar,Ta-potential/fcc-restart/05-rss-round-1/rss-selection/source-frames/rss-n9-p200000bar.xyz,6,9,200000.0,1,6,000020.poscar,unary-Ta/Ta-00006-1.poscar,/home/tuzhengyu/work/WTaTi/Ta-potential/fcc-restart/05-rss-round-1/rss/minimized/unary-Ta/Ta-00006-1.poscar,Ta-potential/fcc-restart/05-rss-round-1/rss/raw/unary-Ta/Ta-00006.poscar,e4f6a1c1d519ec25161f5025ef060ce8c8b6971ebaa465d0d42d2f49c9822616,e4f6a1c1d519ec25161f5025ef060ce8c8b6971ebaa465d0d42d2f49c9822616
rss-n9-p200000bar,Ta-potential/fcc-restart/05-rss-round-1/rss-selection/source-frames/rss-n9-p200000bar.xyz,7,9,200000.0,1,7,000023.poscar,unary-Ta/Ta-00007-1.poscar,/home/tuzhengyu/work/WTaTi/Ta-potential/fcc-restart/05-rss-round-1/rss/minimized/unary-Ta/Ta-00007-1.poscar,Ta-potential/fcc-restart/05-rss-round-1/rss/raw/unary-Ta/Ta-00007.poscar,205d0aec04a066f204b2d0a85f3aafb2b73da78a99f091c96e9d6dedf4a0d8e6,205d0aec04a066f204b2d0a85f3aafb2b73da78a99f091c96e9d6dedf4a0d8e6
rss-n9-p200000bar,Ta-potential/fcc-restart/05-rss-round-1/rss-selection/source-frames/rss-n9-p200000bar.xyz,8,9,200000.0,1,8,000026.poscar,unary-Ta/Ta-00008-1.poscar,/home/tuzhengyu/work/WTaTi/Ta-potential/fcc-restart/05-rss-round-1/rss/minimized/unary-Ta/Ta-00008-1.poscar,Ta-potential/fcc-restart/05-rss-round-1/rss/raw/unary-Ta/Ta-00008.poscar,ab91581f1e9972ed8659d5f670666a622cf867ea502f6afc48f1f72b9a856f0d,ab91581f1e9972ed8659d5f670666a622cf867ea502f6afc48f1f72b9a856f0d
rss-n9-p200000bar,Ta-potential/fcc-restart/05-rss-round-1/rss-selection/source-frames/rss-n9-p200000bar.xyz,9,9,200000.0,1,9,000029.poscar,unary-Ta/Ta-00009-1.poscar,/home/tuzhengyu/work/WTaTi/Ta-potential/fcc-restart/05-rss-round-1/rss/minimized/unary-Ta/Ta-00009-1.poscar,Ta-potential/fcc-restart/05-rss-round-1/rss/raw/unary-Ta/Ta-00009.poscar,eb966b6617109a5568a1bb5f53fa8dd66ee4e1ab9811a20f4957f299c00feb41,eb966b6617109a5568a1bb5f53fa8dd66ee4e1ab9811a20f4957f299c00feb41
rss-n9-p200000bar,Ta-potential/fcc-restart/05-rss-round-1/rss-selection/source-frames/rss-n9-p200000bar.xyz,10,9,200000.0,1,10,000032.poscar,unary-Ta/Ta-00010-1.poscar,/home/tuzhengyu/work/WTaTi/Ta-potential/fcc-restart/05-rss-round-1/rss/minimized/unary-Ta/Ta-00010-1.poscar,Ta-potential/fcc-restart/05-rss-round-1/rss/raw/unary-Ta/Ta-00010.poscar,216d24132e1a19b0bf8bde8146ecb697c5236489247fc5d9273dc93afe9e59b6,216d24132e1a19b0bf8bde8146ecb697c5236489247fc5d9273dc93afe9e59b6
rss-n9-p200000bar,Ta-potential/fcc-restart/05-rss-round-1/rss-selection/source-frames/rss-n9-p200000bar.xyz,11,9,200000.0,1,11,000035.poscar,unary-Ta/Ta-00011-1.poscar,/home/tuzhengyu/work/WTaTi/Ta-potential/fcc-restart/05-rss-round-1/rss/minimized/unary-Ta/Ta-00011-1.poscar,Ta-potential/fcc-restart/05-rss-round-1/rss/raw/unary-Ta/Ta-00011.poscar,dea0f3a6947997d3586ed33df233c52ec89667849d0ed450945e2cdcb2940c89,dea0f3a6947997d3586ed33df233c52ec89667849d0ed450945e2cdcb2940c89
rss-n9-p200000bar,Ta-potential/fcc-restart/05-rss-round-1/rss-selection/source-frames/rss-n9-p200000bar.xyz,12,9,200000.0,1,12,000038.poscar,unary-Ta/Ta-00012-1.poscar,/home/tuzhengyu/work/WTaTi/Ta-potential/fcc-restart/05-rss-round-1/rss/minimized/unary-Ta/Ta-00012-1.poscar,Ta-potential/fcc-restart/05-rss-round-1/rss/raw/unary-Ta/Ta-00012.poscar,6c831c095035c9a83624cf47eb2d35e0723d7deb184f8aa01ba1a30d6c90c60d,6c831c095035c9a83624cf47eb2d35e0723d7deb184f8aa01ba1a30d6c90c60d
rss-n9-p200000bar,Ta-potential/fcc-restart/05-rss-round-1/rss-selection/source-frames/rss-n9-p200000bar.xyz,13,9,200000.0,1,13,000041.poscar,unary-Ta/Ta-00013-1.poscar,/home/tuzhengyu/work/WTaTi/Ta-potential/fcc-restart/05-rss-round-1/rss/minimized/unary-Ta/Ta-00013-1.poscar,Ta-potential/fcc-restart/05-rss-round-1/rss/raw/unary-Ta/Ta-00013.poscar,b651fa41b7d48dfdf5efaa151d88b8c86871b90ae6a277e1b691fb507d7acd50,b651fa41b7d48dfdf5efaa151d88b8c86871b90ae6a277e1b691fb507d7acd50
rss-n9-p200000bar,Ta-potential/fcc-restart/05-rss-round-1/rss-selection/source-frames/rss-n9-p200000bar.xyz,14,9,200000.0,1,14,000044.poscar,unary-Ta/Ta-00014-1.poscar,/home/tuzhengyu/work/WTaTi/Ta-potential/fcc-restart/05-rss-round-1/rss/minimized/unary-Ta/Ta-00014-1.poscar,Ta-potential/fcc-restart/05-rss-round-1/rss/raw/unary-Ta/Ta-00014.poscar,819910edf6c414c0ec357b668ba4a445f9230c239428ea294e03cdea826ad6fd,819910edf6c414c0ec357b668ba4a445f9230c239428ea294e03cdea826ad6fd
rss-n9-p200000bar,Ta-potential/fcc-restart/05-rss-round-1/rss-selection/source-frames/rss-n9-p200000bar.xyz,15,9,200000.0,1,15,000047.poscar,unary-Ta/Ta-00015-1.poscar,/home/tuzhengyu/work/WTaTi/Ta-potential/fcc-restart/05-rss-round-1/rss/minimized/unary-Ta/Ta-00015-1.poscar,Ta-potential/fcc-restart/05-rss-round-1/rss/raw/unary-Ta/Ta-00015.poscar,58c64fdfb70762fc55cc89766a0ae75ea7e7a933a9ecd4cec1cf469d74abea5e,58c64fdfb70762fc55cc89766a0ae75ea7e7a933a9ecd4cec1cf469d74abea5e
rss-n9-p200000bar,Ta-potential/fcc-restart/05-rss-round-1/rss-selection/source-frames/rss-n9-p200000bar.xyz,16,9,200000.0,1,16,000050.poscar,unary-Ta/Ta-00016-1.poscar,/home/tuzhengyu/work/WTaTi/Ta-potential/fcc-restart/05-rss-round-1/rss/minimized/unary-Ta/Ta-00016-1.poscar,Ta-potential/fcc-restart/05-rss-round-1/rss/raw/unary-Ta/Ta-00016.poscar,af0eef13ae0c4907dd70935c141265626fb9cb7b4eaf6e0645ce9b084b6caa33,af0eef13ae0c4907dd70935c141265626fb9cb7b4eaf6e0645ce9b084b6caa33
rss-n9-p200000bar,Ta-potential/fcc-restart/05-rss-round-1/rss-selection/source-frames/rss-n9-p200000bar.xyz,17,9,200000.0,1,17,000053.poscar,unary-Ta/Ta-00017-1.poscar,/home/tuzhengyu/work/WTaTi/Ta-potential/fcc-restart/05-rss-round-1/rss/minimized/unary-Ta/Ta-00017-1.poscar,Ta-potential/fcc-restart/05-rss-round-1/rss/raw/unary-Ta/Ta-00017.poscar,fa1d040e6f5666a4e8d878797f2496ec9f2fe60c1909609bdd18148d04f300f2,fa1d040e6f5666a4e8d878797f2496ec9f2fe60c1909609bdd18148d04f300f2
rss-n9-p200000bar,Ta-potential/fcc-restart/05-rss-round-1/rss-selection/source-frames/rss-n9-p200000bar.xyz,18,9,200000.0,1,18,000056.poscar,unary-Ta/Ta-00018-1.poscar,/home/tuzhengyu/work/WTaTi/Ta-potential/fcc-restart/05-rss-round-1/rss/minimized/unary-Ta/Ta-00018-1.poscar,Ta-potential/fcc-restart/05-rss-round-1/rss/raw/unary-Ta/Ta-00018.poscar,35ce7f1feda667f10e6a758b8785a3b2eb9e52e2e0ba191f1c6ef4300c98c267,35ce7f1feda667f10e6a758b8785a3b2eb9e52e2e0ba191f1c6ef4300c98c267
rss-n9-p200000bar,Ta-potential/fcc-restart/05-rss-round-1/rss-selection/source-frames/rss-n9-p200000bar.xyz,19,9,200000.0,1,19,000059.poscar,unary-Ta/Ta-00019-1.poscar,/home/tuzhengyu/work/WTaTi/Ta-potential/fcc-restart/05-rss-round-1/rss/minimized/unary-Ta/Ta-00019-1.poscar,Ta-potential/fcc-restart/05-rss-round-1/rss/raw/unary-Ta/Ta-00019.poscar,b8daed45cd530d6a2b1c93b42bae605cc9d35f875dec445095d89e52ad562b07,b8daed45cd530d6a2b1c93b42bae605cc9d35f875dec445095d89e52ad562b07
rss-n9-p200000bar,Ta-potential/fcc-restart/05-rss-round-1/rss-selection/source-frames/rss-n9-p200000bar.xyz,20,9,200000.0,1,20,000062.poscar,unary-Ta/Ta-00020-1.poscar,/home/tuzhengyu/work/WTaTi/Ta-potential/fcc-restart/05-rss-round-1/rss/minimized/unary-Ta/Ta-00020-1.poscar,Ta-potential/fcc-restart/05-rss-round-1/rss/raw/unary-Ta/Ta-00020.poscar,59208e46b249da459ac72cd243fb62a3cc1c500f02a0f97ae5bd073c72e558ad,59208e46b249da459ac72cd243fb62a3cc1c500f02a0f97ae5bd073c72e558ad
rss-n9-p200000bar,Ta-potential/fcc-restart/05-rss-round-1/rss-selection/source-frames/rss-n9-p200000bar.xyz,21,9,200000.0,1,21,000065.poscar,unary-Ta/Ta-00021-1.poscar,/home/tuzhengyu/work/WTaTi/Ta-potential/fcc-restart/05-rss-round-1/rss/minimized/unary-Ta/Ta-00021-1.poscar,Ta-potential/fcc-restart/05-rss-round-1/rss/raw/unary-Ta/Ta-00021.poscar,5243d088da47600897b49d5d9c7eb9f3457732fafb4fb012f93bbe5b62e5331d,5243d088da47600897b49d5d9c7eb9f3457732fafb4fb012f93bbe5b62e5331d
rss-n9-p200000bar,Ta-potential/fcc-restart/05-rss-round-1/rss-selection/source-frames/rss-n9-p200000bar.xyz,22,9,200000.0,1,22,000068.poscar,unary-Ta/Ta-00022-1.poscar,/home/tuzhengyu/work/WTaTi/Ta-potential/fcc-restart/05-rss-round-1/rss/minimized/unary-Ta/Ta-00022-1.poscar,Ta-potential/fcc-restart/05-rss-round-1/rss/raw/unary-Ta/Ta-00022.poscar,aee3b561400cda35f0992fa2fb53763fb034ff40dc1ac4232a79274870a2f98c,aee3b561400cda35f0992fa2fb53763fb034ff40dc1ac4232a79274870a2f98c
rss-n9-p200000bar,Ta-potential/fcc-restart/05-rss-round-1/rss-selection/source-frames/rss-n9-p200000bar.xyz,23,9,200000.0,1,23,000071.poscar,unary-Ta/Ta-00023-1.poscar,/home/tuzhengyu/work/WTaTi/Ta-potential/fcc-restart/05-rss-round-1/rss/minimized/unary-Ta/Ta-00023-1.poscar,Ta-potential/fcc-restart/05-rss-round-1/rss/raw/unary-Ta/Ta-00023.poscar,ef6f95a8db3438a8c7f72354a9579869dbf7c67c1eb670b0f295fd6ac8854e85,ef6f95a8db3438a8c7f72354a9579869dbf7c67c1eb670b0f295fd6ac8854e85
rss-n9-p200000bar,Ta-potential/fcc-restart/05-rss-round-1/rss-selection/source-frames/rss-n9-p200000bar.xyz,24,9,200000.0,1,24,000074.poscar,unary-Ta/Ta-00024-1.poscar,/home/tuzhengyu/work/WTaTi/Ta-potential/fcc-restart/05-rss-round-1/rss/minimized/unary-Ta/Ta-00024-1.poscar,Ta-potential/fcc-restart/05-rss-round-1/rss/raw/unary-Ta/Ta-00024.poscar,d954cf007798c0fab8a805e1610cf2227c5fce7b1a16fee93a2b504940f69619,d954cf007798c0fab8a805e1610cf2227c5fce7b1a16fee93a2b504940f69619
rss-n9-p200000bar,Ta-potential/fcc-restart/05-rss-round-1/rss-selection/source-frames/rss-n9-p200000bar.xyz,25,9,200000.0,1,25,000077.poscar,unary-Ta/Ta-00025-1.poscar,/home/tuzhengyu/work/WTaTi/Ta-potential/fcc-restart/05-rss-round-1/rss/minimized/unary-Ta/Ta-00025-1.poscar,Ta-potential/fcc-restart/05-rss-round-1/rss/raw/unary-Ta/Ta-00025.poscar,1912486fbe7749c096c5173e0aad8060f4083dd1f3c53896900d3ec47577e469,1912486fbe7749c096c5173e0aad8060f4083dd1f3c53896900d3ec47577e469
rss-n9-p200000bar,Ta-potential/fcc-restart/05-rss-round-1/rss-selection/source-frames/rss-n9-p200000bar.xyz,26,9,200000.0,1,26,000080.poscar,unary-Ta/Ta-00026-1.poscar,/home/tuzhengyu/work/WTaTi/Ta-potential/fcc-restart/05-rss-round-1/rss/minimized/unary-Ta/Ta-00026-1.poscar,Ta-potential/fcc-restart/05-rss-round-1/rss/raw/unary-Ta/Ta-00026.poscar,94811998007ad6533a13248ad01d07468fdf9d910d32c5073dacfae210ef6daf,94811998007ad6533a13248ad01d07468fdf9d910d32c5073dacfae210ef6daf
rss-n9-p200000bar,Ta-potential/fcc-restart/05-rss-round-1/rss-selection/source-frames/rss-n9-p200000bar.xyz,27,9,200000.0,1,27,000083.poscar,unary-Ta/Ta-00027-1.poscar,/home/tuzhengyu/work/WTaTi/Ta-potential/fcc-restart/05-rss-round-1/rss/minimized/unary-Ta/Ta-00027-1.poscar,Ta-potential/fcc-restart/05-rss-round-1/rss/raw/unary-Ta/Ta-00027.poscar,579deb2a2396cc048f84b8a783c0cebd0b5b87f249a60423cb9264c7884511b9,579deb2a2396cc048f84b8a783c0cebd0b5b87f249a60423cb9264c7884511b9
rss-n9-p200000bar,Ta-potential/fcc-restart/05-rss-round-1/rss-selection/source-frames/rss-n9-p200000bar.xyz,28,9,200000.0,1,28,000086.poscar,unary-Ta/Ta-00028-1.poscar,/home/tuzhengyu/work/WTaTi/Ta-potential/fcc-restart/05-rss-round-1/rss/minimized/unary-Ta/Ta-00028-1.poscar,Ta-potential/fcc-restart/05-rss-round-1/rss/raw/unary-Ta/Ta-00028.poscar,33b3d4c40f7b29c8f76c0674ef9e8bc513949a8dd705fe1e13609d58fa8ffddb,33b3d4c40f7b29c8f76c0674ef9e8bc513949a8dd705fe1e13609d58fa8ffddb
rss-n9-p200000bar,Ta-potential/fcc-restart/05-rss-round-1/rss-selection/source-frames/rss-n9-p200000bar.xyz,29,9,200000.0,1,29,000089.poscar,unary-Ta/Ta-00029-1.poscar,/home/tuzhengyu/work/WTaTi/Ta-potential/fcc-restart/05-rss-round-1/rss/minimized/unary-Ta/Ta-00029-1.poscar,Ta-potential/fcc-restart/05-rss-round-1/rss/raw/unary-Ta/Ta-00029.poscar,3c409c9d6b54afb3d2717edc704fd9511158ee9ac8751b6ed72d29c2adaa057c,3c409c9d6b54afb3d2717edc704fd9511158ee9ac8751b6ed72d29c2adaa057c
rss-n9-p200000bar,Ta-potential/fcc-restart/05-rss-round-1/rss-selection/source-frames/rss-n9-p200000bar.xyz,30,9,200000.0,1,30,000092.poscar,unary-Ta/Ta-00030-1.poscar,/home/tuzhengyu/work/WTaTi/Ta-potential/fcc-restart/05-rss-round-1/rss/minimized/unary-Ta/Ta-00030-1.poscar,Ta-potential/fcc-restart/05-rss-round-1/rss/raw/unary-Ta/Ta-00030.poscar,1d5b86c1964b477d6f94b5f09cab56ee8ea45fdbb1aea4149542f1cae5397ed2,1d5b86c1964b477d6f94b5f09cab56ee8ea45fdbb1aea4149542f1cae5397ed2
rss-n9-p200000bar,Ta-potential/fcc-restart/05-rss-round-1/rss-selection/source-frames/rss-n9-p200000bar.xyz,31,9,200000.0,1,31,000095.poscar,unary-Ta/Ta-00031-1.poscar,/home/tuzhengyu/work/WTaTi/Ta-potential/fcc-restart/05-rss-round-1/rss/minimized/unary-Ta/Ta-00031-1.poscar,Ta-potential/fcc-restart/05-rss-round-1/rss/raw/unary-Ta/Ta-00031.poscar,051b9d2932e0a493de6421aa42d774a8c956ce4761dd865b7c24244decd36f05,051b9d2932e0a493de6421aa42d774a8c956ce4761dd865b7c24244decd36f05
rss-n9-p200000bar,Ta-potential/fcc-restart/05-rss-round-1/rss-selection/source-frames/rss-n9-p200000bar.xyz,32,9,200000.0,1,32,000098.poscar,unary-Ta/Ta-00032-1.poscar,/home/tuzhengyu/work/WTaTi/Ta-potential/fcc-restart/05-rss-round-1/rss/minimized/unary-Ta/Ta-00032-1.poscar,Ta-potential/fcc-restart/05-rss-round-1/rss/raw/unary-Ta/Ta-00032.poscar,84154738967683bd885833217f9abebcbcd97e482e5b5eb60a7d51180fb95459,84154738967683bd885833217f9abebcbcd97e482e5b5eb60a7d51180fb95459
rss-n9-p200000bar,Ta-potential/fcc-restart/05-rss-round-1/rss-selection/source-frames/rss-n9-p200000bar.xyz,33,9,200000.0,1,33,000101.poscar,unary-Ta/Ta-00033-1.poscar,/home/tuzhengyu/work/WTaTi/Ta-potential/fcc-restart/05-rss-round-1/rss/minimized/unary-Ta/Ta-00033-1.poscar,Ta-potential/fcc-restart/05-rss-round-1/rss/raw/unary-Ta/Ta-00033.poscar,a59844c340c27aacafa4613e7169d573ac9e6ba6008ae31a017d149c1f653ade,a59844c340c27aacafa4613e7169d573ac9e6ba6008ae31a017d149c1f653ade
rss-n9-p200000bar,Ta-potential/fcc-restart/05-rss-round-1/rss-selection/source-frames/rss-n9-p200000bar.xyz,34,9,200000.0,1,34,000104.poscar,unary-Ta/Ta-00034-1.poscar,/home/tuzhengyu/work/WTaTi/Ta-potential/fcc-restart/05-rss-round-1/rss/minimized/unary-Ta/Ta-00034-1.poscar,Ta-potential/fcc-restart/05-rss-round-1/rss/raw/unary-Ta/Ta-00034.poscar,396d486bca8264c5fca4128f9773291f9a4c393f45716dc4ec97da3f81b975e1,396d486bca8264c5fca4128f9773291f9a4c393f45716dc4ec97da3f81b975e1
rss-n9-p200000bar,Ta-potential/fcc-restart/05-rss-round-1/rss-selection/source-frames/rss-n9-p200000bar.xyz,35,9,200000.0,1,35,000107.poscar,unary-Ta/Ta-00035-1.poscar,/home/tuzhengyu/work/WTaTi/Ta-potential/fcc-restart/05-rss-round-1/rss/minimized/unary-Ta/Ta-00035-1.poscar,Ta-potential/fcc-restart/05-rss-round-1/rss/raw/unary-Ta/Ta-00035.poscar,b3b1a5c29209e324b65b81f33aecf61d3405340a3f8a702d70fd6e8aa7191042,b3b1a5c29209e324b65b81f33aecf61d3405340a3f8a702d70fd6e8aa7191042
rss-n9-p200000bar,Ta-potential/fcc-restart/05-rss-round-1/rss-selection/source-frames/rss-n9-p200000bar.xyz,36,9,200000.0,1,36,000110.poscar,unary-Ta/Ta-00036-1.poscar,/home/tuzhengyu/work/WTaTi/Ta-potential/fcc-restart/05-rss-round-1/rss/minimized/unary-Ta/Ta-00036-1.poscar,Ta-potential/fcc-restart/05-rss-round-1/rss/raw/unary-Ta/Ta-00036.poscar,faf8e35ec021e011e3e6ed5dfb7fa4f3a6cb9b008a1f809b50d6538f9017a95b,faf8e35ec021e011e3e6ed5dfb7fa4f3a6cb9b008a1f809b50d6538f9017a95b
rss-n9-p200000bar,Ta-potential/fcc-restart/05-rss-round-1/rss-selection/source-frames/rss-n9-p200000bar.xyz,37,9,200000.0,1,37,000113.poscar,unary-Ta/Ta-00037-1.poscar,/home/tuzhengyu/work/WTaTi/Ta-potential/fcc-restart/05-rss-round-1/rss/minimized/unary-Ta/Ta-00037-1.poscar,Ta-potential/fcc-restart/05-rss-round-1/rss/raw/unary-Ta/Ta-00037.poscar,665e5bbe131469f43aa3f5b81c24b8c8c6fd197b92a584a1dd786258a3469a92,665e5bbe131469f43aa3f5b81c24b8c8c6fd197b92a584a1dd786258a3469a92
rss-n9-p200000bar,Ta-potential/fcc-restart/05-rss-round-1/rss-selection/source-frames/rss-n9-p200000bar.xyz,38,9,200000.0,1,38,000116.poscar,unary-Ta/Ta-00038-1.poscar,/home/tuzhengyu/work/WTaTi/Ta-potential/fcc-restart/05-rss-round-1/rss/minimized/unary-Ta/Ta-00038-1.poscar,Ta-potential/fcc-restart/05-rss-round-1/rss/raw/unary-Ta/Ta-00038.poscar,f2b9cc5daf502fd5032ef2b913c199f9698ba24c6d994ac68e06b1de15e4a543,f2b9cc5daf502fd5032ef2b913c199f9698ba24c6d994ac68e06b1de15e4a543
rss-n9-p200000bar,Ta-potential/fcc-restart/05-rss-round-1/rss-selection/source-frames/rss-n9-p200000bar.xyz,39,9,200000.0,1,39,000119.poscar,unary-Ta/Ta-00039-1.poscar,/home/tuzhengyu/work/WTaTi/Ta-potential/fcc-restart/05-rss-round-1/rss/minimized/unary-Ta/Ta-00039-1.poscar,Ta-potential/fcc-restart/05-rss-round-1/rss/raw/unary-Ta/Ta-00039.poscar,f1c295a2b96c2426252a15f92e8c9f7f1dee996beb894b25d18ed9466bbef64f,f1c295a2b96c2426252a15f92e8c9f7f1dee996beb894b25d18ed9466bbef64f
rss-n9-p200000bar,Ta-potential/fcc-restart/05-rss-round-1/rss-selection/source-frames/rss-n9-p200000bar.xyz,40,9,200000.0,1,40,000122.poscar,unary-Ta/Ta-00040-1.poscar,/home/tuzhengyu/work/WTaTi/Ta-potential/fcc-restart/05-rss-round-1/rss/minimized/unary-Ta/Ta-00040-1.poscar,Ta-potential/fcc-restart/05-rss-round-1/rss/raw/unary-Ta/Ta-00040.poscar,bf17e2621ed5bae4803b0a743c23ee1388315f9d0504412bb5a608a00f7b6215,bf17e2621ed5bae4803b0a743c23ee1388315f9d0504412bb5a608a00f7b6215
rss-n9-p200000bar,Ta-potential/fcc-restart/05-rss-round-1/rss-selection/source-frames/rss-n9-p200000bar.xyz,41,9,200000.0,1,41,000125.poscar,unary-Ta/Ta-00041-1.poscar,/home/tuzhengyu/work/WTaTi/Ta-potential/fcc-restart/05-rss-round-1/rss/minimized/unary-Ta/Ta-00041-1.poscar,Ta-potential/fcc-restart/05-rss-round-1/rss/raw/unary-Ta/Ta-00041.poscar,5cf5b825f2836e9f998fd50fa58be62cb7859ee4a1d6df4b6aad075ab4c14969,5cf5b825f2836e9f998fd50fa58be62cb7859ee4a1d6df4b6aad075ab4c14969
rss-n9-p200000bar,Ta-potential/fcc-restart/05-rss-round-1/rss-selection/source-frames/rss-n9-p200000bar.xyz,42,9,200000.0,1,42,000128.poscar,unary-Ta/Ta-00042-1.poscar,/home/tuzhengyu/work/WTaTi/Ta-potential/fcc-restart/05-rss-round-1/rss/minimized/unary-Ta/Ta-00042-1.poscar,Ta-potential/fcc-restart/05-rss-round-1/rss/raw/unary-Ta/Ta-00042.poscar,08ba8644f8292c3be03910df53415bc22163d3790077b68fe36181e24403700f,08ba8644f8292c3be03910df53415bc22163d3790077b68fe36181e24403700f
rss-n9-p200000bar,Ta-potential/fcc-restart/05-rss-round-1/rss-selection/source-frames/rss-n9-p200000bar.xyz,43,9,200000.0,1,43,000131.poscar,unary-Ta/Ta-00043-1.poscar,/home/tuzhengyu/work/WTaTi/Ta-potential/fcc-restart/05-rss-round-1/rss/minimized/unary-Ta/Ta-00043-1.poscar,Ta-potential/fcc-restart/05-rss-round-1/rss/raw/unary-Ta/Ta-00043.poscar,d94974bd7722607d1f5a2e54457d2160fdbc75336286b3b7ad192a7f7c27ebb5,d94974bd7722607d1f5a2e54457d2160fdbc75336286b3b7ad192a7f7c27ebb5
rss-n9-p200000bar,Ta-potential/fcc-restart/05-rss-round-1/rss-selection/source-frames/rss-n9-p200000bar.xyz,44,9,200000.0,1,44,000134.poscar,unary-Ta/Ta-00044-1.poscar,/home/tuzhengyu/work/WTaTi/Ta-potential/fcc-restart/05-rss-round-1/rss/minimized/unary-Ta/Ta-00044-1.poscar,Ta-potential/fcc-restart/05-rss-round-1/rss/raw/unary-Ta/Ta-00044.poscar,922be96665abde87e67d6a3325bb5baa82f5d2d7fc1411263bf74887f5ae88c7,922be96665abde87e67d6a3325bb5baa82f5d2d7fc1411263bf74887f5ae88c7
rss-n9-p200000bar,Ta-potential/fcc-restart/05-rss-round-1/rss-selection/source-frames/rss-n9-p200000bar.xyz,45,9,200000.0,1,45,000137.poscar,unary-Ta/Ta-00045-1.poscar,/home/tuzhengyu/work/WTaTi/Ta-potential/fcc-restart/05-rss-round-1/rss/minimized/unary-Ta/Ta-00045-1.poscar,Ta-potential/fcc-restart/05-rss-round-1/rss/raw/unary-Ta/Ta-00045.poscar,7771769e522c5caf15ac82e9dbde052b968ae3e2aabce0cc8470433b98a7dc36,7771769e522c5caf15ac82e9dbde052b968ae3e2aabce0cc8470433b98a7dc36
rss-n9-p200000bar,Ta-potential/fcc-restart/05-rss-round-1/rss-selection/source-frames/rss-n9-p200000bar.xyz,46,9,200000.0,1,46,000140.poscar,unary-Ta/Ta-00046-1.poscar,/home/tuzhengyu/work/WTaTi/Ta-potential/fcc-restart/05-rss-round-1/rss/minimized/unary-Ta/Ta-00046-1.poscar,Ta-potential/fcc-restart/05-rss-round-1/rss/raw/unary-Ta/Ta-00046.poscar,a67dc726342007be92c6f0d4249d2678e873a16b40b88af18d84be9f8c5f68c4,a67dc726342007be92c6f0d4249d2678e873a16b40b88af18d84be9f8c5f68c4
rss-n9-p200000bar,Ta-potential/fcc-restart/05-rss-round-1/rss-selection/source-frames/rss-n9-p200000bar.xyz,47,9,200000.0,1,47,000143.poscar,unary-Ta/Ta-00047-1.poscar,/home/tuzhengyu/work/WTaTi/Ta-potential/fcc-restart/05-rss-round-1/rss/minimized/unary-Ta/Ta-00047-1.poscar,Ta-potential/fcc-restart/05-rss-round-1/rss/raw/unary-Ta/Ta-00047.poscar,45c417017a4bc2d85a4ecc849b86447164012171727d680b0cb78481e4722a08,45c417017a4bc2d85a4ecc849b86447164012171727d680b0cb78481e4722a08
rss-n9-p200000bar,Ta-potential/fcc-restart/05-rss-round-1/rss-selection/source-frames/rss-n9-p200000bar.xyz,48,9,200000.0,1,48,000146.poscar,unary-Ta/Ta-00048-1.poscar,/home/tuzhengyu/work/WTaTi/Ta-potential/fcc-restart/05-rss-round-1/rss/minimized/unary-Ta/Ta-00048-1.poscar,Ta-potential/fcc-restart/05-rss-round-1/rss/raw/unary-Ta/Ta-00048.poscar,55b0cd5df82041d2f83f8dcb89c53300549165e1a64c584cf1af983a8e1728a5,55b0cd5df82041d2f83f8dcb89c53300549165e1a64c584cf1af983a8e1728a5
rss-n9-p200000bar,Ta-potential/fcc-restart/05-rss-round-1/rss-selection/source-frames/rss-n9-p200000bar.xyz,49,9,200000.0,1,49,000149.poscar,unary-Ta/Ta-00049-1.poscar,/home/tuzhengyu/work/WTaTi/Ta-potential/fcc-restart/05-rss-round-1/rss/minimized/unary-Ta/Ta-00049-1.poscar,Ta-potential/fcc-restart/05-rss-round-1/rss/raw/unary-Ta/Ta-00049.poscar,d8edcb9146aba73fff6e9f884d706505dafe79223b190003cd87d7cb88af2323,d8edcb9146aba73fff6e9f884d706505dafe79223b190003cd87d7cb88af2323
rss-n9-p400000bar,Ta-potential/fcc-restart/05-rss-round-1/rss-selection/source-frames/rss-n9-p400000bar.xyz,0,9,400000.0,2,0,000003.poscar,unary-Ta/Ta-00000-2.poscar,/home/tuzhengyu/work/WTaTi/Ta-potential/fcc-restart/05-rss-round-1/rss/minimized/unary-Ta/Ta-00000-2.poscar,Ta-potential/fcc-restart/05-rss-round-1/rss/raw/unary-Ta/Ta-00000.poscar,9db3c8b44ce0725ef719c5a5ea5d8e840d70e08c77381a060f5e47654262b4a0,9db3c8b44ce0725ef719c5a5ea5d8e840d70e08c77381a060f5e47654262b4a0
rss-n9-p400000bar,Ta-potential/fcc-restart/05-rss-round-1/rss-selection/source-frames/rss-n9-p400000bar.xyz,1,9,400000.0,2,1,000006.poscar,unary-Ta/Ta-00001-2.poscar,/home/tuzhengyu/work/WTaTi/Ta-potential/fcc-restart/05-rss-round-1/rss/minimized/unary-Ta/Ta-00001-2.poscar,Ta-potential/fcc-restart/05-rss-round-1/rss/raw/unary-Ta/Ta-00001.poscar,3626d35277bbdb34c438d1d86ceeb80de3899f055b3ae8e014cb98530f240bac,3626d35277bbdb34c438d1d86ceeb80de3899f055b3ae8e014cb98530f240bac
rss-n9-p400000bar,Ta-potential/fcc-restart/05-rss-round-1/rss-selection/source-frames/rss-n9-p400000bar.xyz,2,9,400000.0,2,2,000009.poscar,unary-Ta/Ta-00002-2.poscar,/home/tuzhengyu/work/WTaTi/Ta-potential/fcc-restart/05-rss-round-1/rss/minimized/unary-Ta/Ta-00002-2.poscar,Ta-potential/fcc-restart/05-rss-round-1/rss/raw/unary-Ta/Ta-00002.poscar,318f33745c5872c7161ec1ae2f566df9a6ca6485b3d2f744fb15d2266cde25d4,318f33745c5872c7161ec1ae2f566df9a6ca6485b3d2f744fb15d2266cde25d4
rss-n9-p400000bar,Ta-potential/fcc-restart/05-rss-round-1/rss-selection/source-frames/rss-n9-p400000bar.xyz,3,9,400000.0,2,3,000012.poscar,unary-Ta/Ta-00003-2.poscar,/home/tuzhengyu/work/WTaTi/Ta-potential/fcc-restart/05-rss-round-1/rss/minimized/unary-Ta/Ta-00003-2.poscar,Ta-potential/fcc-restart/05-rss-round-1/rss/raw/unary-Ta/Ta-00003.poscar,11793ca8f8777bc71514270cc8c2d6f83c7bf6d47a342799444fc08acdb9f895,11793ca8f8777bc71514270cc8c2d6f83c7bf6d47a342799444fc08acdb9f895
rss-n9-p400000bar,Ta-potential/fcc-restart/05-rss-round-1/rss-selection/source-frames/rss-n9-p400000bar.xyz,4,9,400000.0,2,4,000015.poscar,unary-Ta/Ta-00004-2.poscar,/home/tuzhengyu/work/WTaTi/Ta-potential/fcc-restart/05-rss-round-1/rss/minimized/unary-Ta/Ta-00004-2.poscar,Ta-potential/fcc-restart/05-rss-round-1/rss/raw/unary-Ta/Ta-00004.poscar,ad4bc82eda596044bd367149e27c2e48ec660d00451ebfda8f61a55d309e2ebc,ad4bc82eda596044bd367149e27c2e48ec660d00451ebfda8f61a55d309e2ebc
rss-n9-p400000bar,Ta-potential/fcc-restart/05-rss-round-1/rss-selection/source-frames/rss-n9-p400000bar.xyz,5,9,400000.0,2,5,000018.poscar,unary-Ta/Ta-00005-2.poscar,/home/tuzhengyu/work/WTaTi/Ta-potential/fcc-restart/05-rss-round-1/rss/minimized/unary-Ta/Ta-00005-2.poscar,Ta-potential/fcc-restart/05-rss-round-1/rss/raw/unary-Ta/Ta-00005.poscar,0cf31e4ef0c40eca3aafc6e6d9c88b4fceb39bb6e3ae7b1055b482d016bf1c51,0cf31e4ef0c40eca3aafc6e6d9c88b4fceb39bb6e3ae7b1055b482d016bf1c51
rss-n9-p400000bar,Ta-potential/fcc-restart/05-rss-round-1/rss-selection/source-frames/rss-n9-p400000bar.xyz,6,9,400000.0,2,6,000021.poscar,unary-Ta/Ta-00006-2.poscar,/home/tuzhengyu/work/WTaTi/Ta-potential/fcc-restart/05-rss-round-1/rss/minimized/unary-Ta/Ta-00006-2.poscar,Ta-potential/fcc-restart/05-rss-round-1/rss/raw/unary-Ta/Ta-00006.poscar,89d652ee1d0574d89c385ddfd920d6ad70f092aa7972056d286f296109e0d3de,89d652ee1d0574d89c385ddfd920d6ad70f092aa7972056d286f296109e0d3de
rss-n9-p400000bar,Ta-potential/fcc-restart/05-rss-round-1/rss-selection/source-frames/rss-n9-p400000bar.xyz,7,9,400000.0,2,7,000024.poscar,unary-Ta/Ta-00007-2.poscar,/home/tuzhengyu/work/WTaTi/Ta-potential/fcc-restart/05-rss-round-1/rss/minimized/unary-Ta/Ta-00007-2.poscar,Ta-potential/fcc-restart/05-rss-round-1/rss/raw/unary-Ta/Ta-00007.poscar,3b4e9f66a048bdd1632d7fdf1e120c59cc4a19078368bf89d99339b5eeaf70b9,3b4e9f66a048bdd1632d7fdf1e120c59cc4a19078368bf89d99339b5eeaf70b9
rss-n9-p400000bar,Ta-potential/fcc-restart/05-rss-round-1/rss-selection/source-frames/rss-n9-p400000bar.xyz,8,9,400000.0,2,8,000027.poscar,unary-Ta/Ta-00008-2.poscar,/home/tuzhengyu/work/WTaTi/Ta-potential/fcc-restart/05-rss-round-1/rss/minimized/unary-Ta/Ta-00008-2.poscar,Ta-potential/fcc-restart/05-rss-round-1/rss/raw/unary-Ta/Ta-00008.poscar,d16eb59807f7ac410189a918d0795a2e2874d08cac96a77014f1f847909fc10a,d16eb59807f7ac410189a918d0795a2e2874d08cac96a77014f1f847909fc10a
rss-n9-p400000bar,Ta-potential/fcc-restart/05-rss-round-1/rss-selection/source-frames/rss-n9-p400000bar.xyz,9,9,400000.0,2,9,000030.poscar,unary-Ta/Ta-00009-2.poscar,/home/tuzhengyu/work/WTaTi/Ta-potential/fcc-restart/05-rss-round-1/rss/minimized/unary-Ta/Ta-00009-2.poscar,Ta-potential/fcc-restart/05-rss-round-1/rss/raw/unary-Ta/Ta-00009.poscar,69d9436154bd75f0a1bfac2e227dca8b9c13ae51eab148315b4250269a27395b,69d9436154bd75f0a1bfac2e227dca8b9c13ae51eab148315b4250269a27395b
rss-n9-p400000bar,Ta-potential/fcc-restart/05-rss-round-1/rss-selection/source-frames/rss-n9-p400000bar.xyz,10,9,400000.0,2,10,000033.poscar,unary-Ta/Ta-00010-2.poscar,/home/tuzhengyu/work/WTaTi/Ta-potential/fcc-restart/05-rss-round-1/rss/minimized/unary-Ta/Ta-00010-2.poscar,Ta-potential/fcc-restart/05-rss-round-1/rss/raw/unary-Ta/Ta-00010.poscar,2ed77397835cef030c2eaf756b516e0742adc8056be12551d9e8dbe6159e7896,2ed77397835cef030c2eaf756b516e0742adc8056be12551d9e8dbe6159e7896
rss-n9-p400000bar,Ta-potential/fcc-restart/05-rss-round-1/rss-selection/source-frames/rss-n9-p400000bar.xyz,11,9,400000.0,2,11,000036.poscar,unary-Ta/Ta-00011-2.poscar,/home/tuzhengyu/work/WTaTi/Ta-potential/fcc-restart/05-rss-round-1/rss/minimized/unary-Ta/Ta-00011-2.poscar,Ta-potential/fcc-restart/05-rss-round-1/rss/raw/unary-Ta/Ta-00011.poscar,0f06cb145a536b05876b915c270546d05cf7c1b72895fb5504dad826117bd6a8,0f06cb145a536b05876b915c270546d05cf7c1b72895fb5504dad826117bd6a8
rss-n9-p400000bar,Ta-potential/fcc-restart/05-rss-round-1/rss-selection/source-frames/rss-n9-p400000bar.xyz,12,9,400000.0,2,12,000039.poscar,unary-Ta/Ta-00012-2.poscar,/home/tuzhengyu/work/WTaTi/Ta-potential/fcc-restart/05-rss-round-1/rss/minimized/unary-Ta/Ta-00012-2.poscar,Ta-potential/fcc-restart/05-rss-round-1/rss/raw/unary-Ta/Ta-00012.poscar,4a80a699daca2e70f4ca20ab3e4eb6bf14c12ff3618948b64c13a91a7ce88bdb,4a80a699daca2e70f4ca20ab3e4eb6bf14c12ff3618948b64c13a91a7ce88bdb
rss-n9-p400000bar,Ta-potential/fcc-restart/05-rss-round-1/rss-selection/source-frames/rss-n9-p400000bar.xyz,13,9,400000.0,2,13,000042.poscar,unary-Ta/Ta-00013-2.poscar,/home/tuzhengyu/work/WTaTi/Ta-potential/fcc-restart/05-rss-round-1/rss/minimized/unary-Ta/Ta-00013-2.poscar,Ta-potential/fcc-restart/05-rss-round-1/rss/raw/unary-Ta/Ta-00013.poscar,3c750287efea288f1962880f67917e4a1aae62de1352775f3facdd4495508e8f,3c750287efea288f1962880f67917e4a1aae62de1352775f3facdd4495508e8f
rss-n9-p400000bar,Ta-potential/fcc-restart/05-rss-round-1/rss-selection/source-frames/rss-n9-p400000bar.xyz,14,9,400000.0,2,14,000045.poscar,unary-Ta/Ta-00014-2.poscar,/home/tuzhengyu/work/WTaTi/Ta-potential/fcc-restart/05-rss-round-1/rss/minimized/unary-Ta/Ta-00014-2.poscar,Ta-potential/fcc-restart/05-rss-round-1/rss/raw/unary-Ta/Ta-00014.poscar,339ae87ec0fc3fe9b4db15355bd81fc01913d83ae995a3b05e9d23cd05f68552,339ae87ec0fc3fe9b4db15355bd81fc01913d83ae995a3b05e9d23cd05f68552
rss-n9-p400000bar,Ta-potential/fcc-restart/05-rss-round-1/rss-selection/source-frames/rss-n9-p400000bar.xyz,15,9,400000.0,2,15,000048.poscar,unary-Ta/Ta-00015-2.poscar,/home/tuzhengyu/work/WTaTi/Ta-potential/fcc-restart/05-rss-round-1/rss/minimized/unary-Ta/Ta-00015-2.poscar,Ta-potential/fcc-restart/05-rss-round-1/rss/raw/unary-Ta/Ta-00015.poscar,82483f0f21ae00f143909d2c02f918cd76e11f7e66501b5bab1c4aaffabec603,82483f0f21ae00f143909d2c02f918cd76e11f7e66501b5bab1c4aaffabec603
rss-n9-p400000bar,Ta-potential/fcc-restart/05-rss-round-1/rss-selection/source-frames/rss-n9-p400000bar.xyz,16,9,400000.0,2,16,000051.poscar,unary-Ta/Ta-00016-2.poscar,/home/tuzhengyu/work/WTaTi/Ta-potential/fcc-restart/05-rss-round-1/rss/minimized/unary-Ta/Ta-00016-2.poscar,Ta-potential/fcc-restart/05-rss-round-1/rss/raw/unary-Ta/Ta-00016.poscar,414cead076ba65ff6698511094ffea08af8dd5538b7e7d1eb4b20d51a177acd9,414cead076ba65ff6698511094ffea08af8dd5538b7e7d1eb4b20d51a177acd9
rss-n9-p400000bar,Ta-potential/fcc-restart/05-rss-round-1/rss-selection/source-frames/rss-n9-p400000bar.xyz,17,9,400000.0,2,17,000054.poscar,unary-Ta/Ta-00017-2.poscar,/home/tuzhengyu/work/WTaTi/Ta-potential/fcc-restart/05-rss-round-1/rss/minimized/unary-Ta/Ta-00017-2.poscar,Ta-potential/fcc-restart/05-rss-round-1/rss/raw/unary-Ta/Ta-00017.poscar,cd7cf808ced15f8d8f53cc3a0c85f4604756c914561d84163dcacf9256487954,cd7cf808ced15f8d8f53cc3a0c85f4604756c914561d84163dcacf9256487954
rss-n9-p400000bar,Ta-potential/fcc-restart/05-rss-round-1/rss-selection/source-frames/rss-n9-p400000bar.xyz,18,9,400000.0,2,18,000057.poscar,unary-Ta/Ta-00018-2.poscar,/home/tuzhengyu/work/WTaTi/Ta-potential/fcc-restart/05-rss-round-1/rss/minimized/unary-Ta/Ta-00018-2.poscar,Ta-potential/fcc-restart/05-rss-round-1/rss/raw/unary-Ta/Ta-00018.poscar,fe74fd00775cabb5bf0ae9b7e9bc495afa82eab31888d541f77c8dd3ebca088c,fe74fd00775cabb5bf0ae9b7e9bc495afa82eab31888d541f77c8dd3ebca088c
rss-n9-p400000bar,Ta-potential/fcc-restart/05-rss-round-1/rss-selection/source-frames/rss-n9-p400000bar.xyz,19,9,400000.0,2,19,000060.poscar,unary-Ta/Ta-00019-2.poscar,/home/tuzhengyu/work/WTaTi/Ta-potential/fcc-restart/05-rss-round-1/rss/minimized/unary-Ta/Ta-00019-2.poscar,Ta-potential/fcc-restart/05-rss-round-1/rss/raw/unary-Ta/Ta-00019.poscar,486103d4c76aeb9ea018ec6f5a9102917f9ea5c20ffa8ae63fc1c2967310b5be,486103d4c76aeb9ea018ec6f5a9102917f9ea5c20ffa8ae63fc1c2967310b5be
rss-n9-p400000bar,Ta-potential/fcc-restart/05-rss-round-1/rss-selection/source-frames/rss-n9-p400000bar.xyz,20,9,400000.0,2,20,000063.poscar,unary-Ta/Ta-00020-2.poscar,/home/tuzhengyu/work/WTaTi/Ta-potential/fcc-restart/05-rss-round-1/rss/minimized/unary-Ta/Ta-00020-2.poscar,Ta-potential/fcc-restart/05-rss-round-1/rss/raw/unary-Ta/Ta-00020.poscar,523769d983a19da0ae8b3a9a49e52d8854052dd15b6ef485c3d6f14605055154,523769d983a19da0ae8b3a9a49e52d8854052dd15b6ef485c3d6f14605055154
rss-n9-p400000bar,Ta-potential/fcc-restart/05-rss-round-1/rss-selection/source-frames/rss-n9-p400000bar.xyz,21,9,400000.0,2,21,000066.poscar,unary-Ta/Ta-00021-2.poscar,/home/tuzhengyu/work/WTaTi/Ta-potential/fcc-restart/05-rss-round-1/rss/minimized/unary-Ta/Ta-00021-2.poscar,Ta-potential/fcc-restart/05-rss-round-1/rss/raw/unary-Ta/Ta-00021.poscar,b77fecc547731da071bcad387f354c8a662573d1b6fbf1f8b8f743784d97e821,b77fecc547731da071bcad387f354c8a662573d1b6fbf1f8b8f743784d97e821
rss-n9-p400000bar,Ta-potential/fcc-restart/05-rss-round-1/rss-selection/source-frames/rss-n9-p400000bar.xyz,22,9,400000.0,2,22,000069.poscar,unary-Ta/Ta-00022-2.poscar,/home/tuzhengyu/work/WTaTi/Ta-potential/fcc-restart/05-rss-round-1/rss/minimized/unary-Ta/Ta-00022-2.poscar,Ta-potential/fcc-restart/05-rss-round-1/rss/raw/unary-Ta/Ta-00022.poscar,eeeb36128ee97bc45cb19b1fded02318b837dd613ebb038e7079db7091c5000d,eeeb36128ee97bc45cb19b1fded02318b837dd613ebb038e7079db7091c5000d
rss-n9-p400000bar,Ta-potential/fcc-restart/05-rss-round-1/rss-selection/source-frames/rss-n9-p400000bar.xyz,23,9,400000.0,2,23,000072.poscar,unary-Ta/Ta-00023-2.poscar,/home/tuzhengyu/work/WTaTi/Ta-potential/fcc-restart/05-rss-round-1/rss/minimized/unary-Ta/Ta-00023-2.poscar,Ta-potential/fcc-restart/05-rss-round-1/rss/raw/unary-Ta/Ta-00023.poscar,417df984ed95fba9a364ca7c57a0062ca781d63ed901bfd60c7375be99ce698e,417df984ed95fba9a364ca7c57a0062ca781d63ed901bfd60c7375be99ce698e
rss-n9-p400000bar,Ta-potential/fcc-restart/05-rss-round-1/rss-selection/source-frames/rss-n9-p400000bar.xyz,24,9,400000.0,2,24,000075.poscar,unary-Ta/Ta-00024-2.poscar,/home/tuzhengyu/work/WTaTi/Ta-potential/fcc-restart/05-rss-round-1/rss/minimized/unary-Ta/Ta-00024-2.poscar,Ta-potential/fcc-restart/05-rss-round-1/rss/raw/unary-Ta/Ta-00024.poscar,2b32e4f20e1d13082bb77a896aeb68b9beb9e1bcfc7ee0cd1badc067571a9efc,2b32e4f20e1d13082bb77a896aeb68b9beb9e1bcfc7ee0cd1badc067571a9efc
rss-n9-p400000bar,Ta-potential/fcc-restart/05-rss-round-1/rss-selection/source-frames/rss-n9-p400000bar.xyz,25,9,400000.0,2,25,000078.poscar,unary-Ta/Ta-00025-2.poscar,/home/tuzhengyu/work/WTaTi/Ta-potential/fcc-restart/05-rss-round-1/rss/minimized/unary-Ta/Ta-00025-2.poscar,Ta-potential/fcc-restart/05-rss-round-1/rss/raw/unary-Ta/Ta-00025.poscar,13f503e2658963052487cdca9c4249f697c3cbb469d9002199e41654194532e5,13f503e2658963052487cdca9c4249f697c3cbb469d9002199e41654194532e5
rss-n9-p400000bar,Ta-potential/fcc-restart/05-rss-round-1/rss-selection/source-frames/rss-n9-p400000bar.xyz,26,9,400000.0,2,26,000081.poscar,unary-Ta/Ta-00026-2.poscar,/home/tuzhengyu/work/WTaTi/Ta-potential/fcc-restart/05-rss-round-1/rss/minimized/unary-Ta/Ta-00026-2.poscar,Ta-potential/fcc-restart/05-rss-round-1/rss/raw/unary-Ta/Ta-00026.poscar,1348fab8e81c7cf50153cb1283c5cfccccb6ab033cdf802faa3804b857ac2e49,1348fab8e81c7cf50153cb1283c5cfccccb6ab033cdf802faa3804b857ac2e49
rss-n9-p400000bar,Ta-potential/fcc-restart/05-rss-round-1/rss-selection/source-frames/rss-n9-p400000bar.xyz,27,9,400000.0,2,27,000084.poscar,unary-Ta/Ta-00027-2.poscar,/home/tuzhengyu/work/WTaTi/Ta-potential/fcc-restart/05-rss-round-1/rss/minimized/unary-Ta/Ta-00027-2.poscar,Ta-potential/fcc-restart/05-rss-round-1/rss/raw/unary-Ta/Ta-00027.poscar,97efdfd6228167508f86f098bab03806c13ed76f65eff645fe15648d3e92442b,97efdfd6228167508f86f098bab03806c13ed76f65eff645fe15648d3e92442b
rss-n9-p400000bar,Ta-potential/fcc-restart/05-rss-round-1/rss-selection/source-frames/rss-n9-p400000bar.xyz,28,9,400000.0,2,28,000087.poscar,unary-Ta/Ta-00028-2.poscar,/home/tuzhengyu/work/WTaTi/Ta-potential/fcc-restart/05-rss-round-1/rss/minimized/unary-Ta/Ta-00028-2.poscar,Ta-potential/fcc-restart/05-rss-round-1/rss/raw/unary-Ta/Ta-00028.poscar,f6ef198dcb50d5b256c946afc51cde5267e8f362146ac36c1f798d02e8887f1f,f6ef198dcb50d5b256c946afc51cde5267e8f362146ac36c1f798d02e8887f1f
rss-n9-p400000bar,Ta-potential/fcc-restart/05-rss-round-1/rss-selection/source-frames/rss-n9-p400000bar.xyz,29,9,400000.0,2,29,000090.poscar,unary-Ta/Ta-00029-2.poscar,/home/tuzhengyu/work/WTaTi/Ta-potential/fcc-restart/05-rss-round-1/rss/minimized/unary-Ta/Ta-00029-2.poscar,Ta-potential/fcc-restart/05-rss-round-1/rss/raw/unary-Ta/Ta-00029.poscar,bbb6dbd85fb6fe1018279a6a74d92f751f598fb80cc464070e1a1f5210e26695,bbb6dbd85fb6fe1018279a6a74d92f751f598fb80cc464070e1a1f5210e26695
rss-n9-p400000bar,Ta-potential/fcc-restart/05-rss-round-1/rss-selection/source-frames/rss-n9-p400000bar.xyz,30,9,400000.0,2,30,000093.poscar,unary-Ta/Ta-00030-2.poscar,/home/tuzhengyu/work/WTaTi/Ta-potential/fcc-restart/05-rss-round-1/rss/minimized/unary-Ta/Ta-00030-2.poscar,Ta-potential/fcc-restart/05-rss-round-1/rss/raw/unary-Ta/Ta-00030.poscar,af2143f5ee20a242f0464bd085443ccabbcde7d99f1f129cbb173074f350eba1,af2143f5ee20a242f0464bd085443ccabbcde7d99f1f129cbb173074f350eba1
rss-n9-p400000bar,Ta-potential/fcc-restart/05-rss-round-1/rss-selection/source-frames/rss-n9-p400000bar.xyz,31,9,400000.0,2,31,000096.poscar,unary-Ta/Ta-00031-2.poscar,/home/tuzhengyu/work/WTaTi/Ta-potential/fcc-restart/05-rss-round-1/rss/minimized/unary-Ta/Ta-00031-2.poscar,Ta-potential/fcc-restart/05-rss-round-1/rss/raw/unary-Ta/Ta-00031.poscar,d25a9646833ccb6a24eba50415b4c974ca1760788ee2dd48496ab5e252216783,d25a9646833ccb6a24eba50415b4c974ca1760788ee2dd48496ab5e252216783
rss-n9-p400000bar,Ta-potential/fcc-restart/05-rss-round-1/rss-selection/source-frames/rss-n9-p400000bar.xyz,32,9,400000.0,2,32,000099.poscar,unary-Ta/Ta-00032-2.poscar,/home/tuzhengyu/work/WTaTi/Ta-potential/fcc-restart/05-rss-round-1/rss/minimized/unary-Ta/Ta-00032-2.poscar,Ta-potential/fcc-restart/05-rss-round-1/rss/raw/unary-Ta/Ta-00032.poscar,587c8051ea404e67dadc42906953b1e93c9f7ceffa822f08706afc7c54b0da51,587c8051ea404e67dadc42906953b1e93c9f7ceffa822f08706afc7c54b0da51
rss-n9-p400000bar,Ta-potential/fcc-restart/05-rss-round-1/rss-selection/source-frames/rss-n9-p400000bar.xyz,33,9,400000.0,2,33,000102.poscar,unary-Ta/Ta-00033-2.poscar,/home/tuzhengyu/work/WTaTi/Ta-potential/fcc-restart/05-rss-round-1/rss/minimized/unary-Ta/Ta-00033-2.poscar,Ta-potential/fcc-restart/05-rss-round-1/rss/raw/unary-Ta/Ta-00033.poscar,4f6bb791d749606c997eb1994e5255fd94101d7997366dcb4344f79df35a2352,4f6bb791d749606c997eb1994e5255fd94101d7997366dcb4344f79df35a2352
rss-n9-p400000bar,Ta-potential/fcc-restart/05-rss-round-1/rss-selection/source-frames/rss-n9-p400000bar.xyz,34,9,400000.0,2,34,000105.poscar,unary-Ta/Ta-00034-2.poscar,/home/tuzhengyu/work/WTaTi/Ta-potential/fcc-restart/05-rss-round-1/rss/minimized/unary-Ta/Ta-00034-2.poscar,Ta-potential/fcc-restart/05-rss-round-1/rss/raw/unary-Ta/Ta-00034.poscar,e0c7fa9956f12b1b7b62903604e79d1ef03471d7837c6b39fe895e9d6a65a719,e0c7fa9956f12b1b7b62903604e79d1ef03471d7837c6b39fe895e9d6a65a719
rss-n9-p400000bar,Ta-potential/fcc-restart/05-rss-round-1/rss-selection/source-frames/rss-n9-p400000bar.xyz,35,9,400000.0,2,35,000108.poscar,unary-Ta/Ta-00035-2.poscar,/home/tuzhengyu/work/WTaTi/Ta-potential/fcc-restart/05-rss-round-1/rss/minimized/unary-Ta/Ta-00035-2.poscar,Ta-potential/fcc-restart/05-rss-round-1/rss/raw/unary-Ta/Ta-00035.poscar,b0a16d2f319d9a42f10233faa10bc7c386540ffed1511a31792f5585cf7356b7,b0a16d2f319d9a42f10233faa10bc7c386540ffed1511a31792f5585cf7356b7
rss-n9-p400000bar,Ta-potential/fcc-restart/05-rss-round-1/rss-selection/source-frames/rss-n9-p400000bar.xyz,36,9,400000.0,2,36,000111.poscar,unary-Ta/Ta-00036-2.poscar,/home/tuzhengyu/work/WTaTi/Ta-potential/fcc-restart/05-rss-round-1/rss/minimized/unary-Ta/Ta-00036-2.poscar,Ta-potential/fcc-restart/05-rss-round-1/rss/raw/unary-Ta/Ta-00036.poscar,381c5284b69b0e68445a1d61c73e671a78e337e20e3a728cffccaada099ff550,381c5284b69b0e68445a1d61c73e671a78e337e20e3a728cffccaada099ff550
rss-n9-p400000bar,Ta-potential/fcc-restart/05-rss-round-1/rss-selection/source-frames/rss-n9-p400000bar.xyz,37,9,400000.0,2,37,000114.poscar,unary-Ta/Ta-00037-2.poscar,/home/tuzhengyu/work/WTaTi/Ta-potential/fcc-restart/05-rss-round-1/rss/minimized/unary-Ta/Ta-00037-2.poscar,Ta-potential/fcc-restart/05-rss-round-1/rss/raw/unary-Ta/Ta-00037.poscar,a8e4dc58732997ae161ceeb23dfcc2f287ff4b12df9ff295b0d24455d01ba3fa,a8e4dc58732997ae161ceeb23dfcc2f287ff4b12df9ff295b0d24455d01ba3fa
rss-n9-p400000bar,Ta-potential/fcc-restart/05-rss-round-1/rss-selection/source-frames/rss-n9-p400000bar.xyz,38,9,400000.0,2,38,000117.poscar,unary-Ta/Ta-00038-2.poscar,/home/tuzhengyu/work/WTaTi/Ta-potential/fcc-restart/05-rss-round-1/rss/minimized/unary-Ta/Ta-00038-2.poscar,Ta-potential/fcc-restart/05-rss-round-1/rss/raw/unary-Ta/Ta-00038.poscar,c2940436d3a1ea17c79270bc3b4af3f970d02eff8264557adce8b78539c7d8af,c2940436d3a1ea17c79270bc3b4af3f970d02eff8264557adce8b78539c7d8af
rss-n9-p400000bar,Ta-potential/fcc-restart/05-rss-round-1/rss-selection/source-frames/rss-n9-p400000bar.xyz,39,9,400000.0,2,39,000120.poscar,unary-Ta/Ta-00039-2.poscar,/home/tuzhengyu/work/WTaTi/Ta-potential/fcc-restart/05-rss-round-1/rss/minimized/unary-Ta/Ta-00039-2.poscar,Ta-potential/fcc-restart/05-rss-round-1/rss/raw/unary-Ta/Ta-00039.poscar,0ed81011003876952bf2b32fa89d500b100cfb1d59c014f9c74608f58b569c57,0ed81011003876952bf2b32fa89d500b100cfb1d59c014f9c74608f58b569c57
rss-n9-p400000bar,Ta-potential/fcc-restart/05-rss-round-1/rss-selection/source-frames/rss-n9-p400000bar.xyz,40,9,400000.0,2,40,000123.poscar,unary-Ta/Ta-00040-2.poscar,/home/tuzhengyu/work/WTaTi/Ta-potential/fcc-restart/05-rss-round-1/rss/minimized/unary-Ta/Ta-00040-2.poscar,Ta-potential/fcc-restart/05-rss-round-1/rss/raw/unary-Ta/Ta-00040.poscar,19fd85b9f52f55514559dbd48b144cf12d435484c4e717a37d04f4e972b0a33d,19fd85b9f52f55514559dbd48b144cf12d435484c4e717a37d04f4e972b0a33d
rss-n9-p400000bar,Ta-potential/fcc-restart/05-rss-round-1/rss-selection/source-frames/rss-n9-p400000bar.xyz,41,9,400000.0,2,41,000126.poscar,unary-Ta/Ta-00041-2.poscar,/home/tuzhengyu/work/WTaTi/Ta-potential/fcc-restart/05-rss-round-1/rss/minimized/unary-Ta/Ta-00041-2.poscar,Ta-potential/fcc-restart/05-rss-round-1/rss/raw/unary-Ta/Ta-00041.poscar,c7f5dabc09258fd1fcaedf9a1c69b4d622e19cf3f61800b4524d12f04d0d0144,c7f5dabc09258fd1fcaedf9a1c69b4d622e19cf3f61800b4524d12f04d0d0144
rss-n9-p400000bar,Ta-potential/fcc-restart/05-rss-round-1/rss-selection/source-frames/rss-n9-p400000bar.xyz,42,9,400000.0,2,42,000129.poscar,unary-Ta/Ta-00042-2.poscar,/home/tuzhengyu/work/WTaTi/Ta-potential/fcc-restart/05-rss-round-1/rss/minimized/unary-Ta/Ta-00042-2.poscar,Ta-potential/fcc-restart/05-rss-round-1/rss/raw/unary-Ta/Ta-00042.poscar,df7d7afdba96ac90c1de270b2961f063f5dadf3f26c5234bb8b1a64eb35f0b20,df7d7afdba96ac90c1de270b2961f063f5dadf3f26c5234bb8b1a64eb35f0b20
rss-n9-p400000bar,Ta-potential/fcc-restart/05-rss-round-1/rss-selection/source-frames/rss-n9-p400000bar.xyz,43,9,400000.0,2,43,000132.poscar,unary-Ta/Ta-00043-2.poscar,/home/tuzhengyu/work/WTaTi/Ta-potential/fcc-restart/05-rss-round-1/rss/minimized/unary-Ta/Ta-00043-2.poscar,Ta-potential/fcc-restart/05-rss-round-1/rss/raw/unary-Ta/Ta-00043.poscar,7f33bf13a2b7996d0c29a3a49a84d506e9b0da99bd8d54610cc711601c7eaa77,7f33bf13a2b7996d0c29a3a49a84d506e9b0da99bd8d54610cc711601c7eaa77
rss-n9-p400000bar,Ta-potential/fcc-restart/05-rss-round-1/rss-selection/source-frames/rss-n9-p400000bar.xyz,44,9,400000.0,2,44,000135.poscar,unary-Ta/Ta-00044-2.poscar,/home/tuzhengyu/work/WTaTi/Ta-potential/fcc-restart/05-rss-round-1/rss/minimized/unary-Ta/Ta-00044-2.poscar,Ta-potential/fcc-restart/05-rss-round-1/rss/raw/unary-Ta/Ta-00044.poscar,2f6386a2f6f13b4bd982d1cf5fb1661feb635e4b15939dd8490241f9d3891d6f,2f6386a2f6f13b4bd982d1cf5fb1661feb635e4b15939dd8490241f9d3891d6f
rss-n9-p400000bar,Ta-potential/fcc-restart/05-rss-round-1/rss-selection/source-frames/rss-n9-p400000bar.xyz,45,9,400000.0,2,45,000138.poscar,unary-Ta/Ta-00045-2.poscar,/home/tuzhengyu/work/WTaTi/Ta-potential/fcc-restart/05-rss-round-1/rss/minimized/unary-Ta/Ta-00045-2.poscar,Ta-potential/fcc-restart/05-rss-round-1/rss/raw/unary-Ta/Ta-00045.poscar,b1f6fefe1007d1f262f443cf43621781d5addb501424a29be151b9ebe2674a39,b1f6fefe1007d1f262f443cf43621781d5addb501424a29be151b9ebe2674a39
rss-n9-p400000bar,Ta-potential/fcc-restart/05-rss-round-1/rss-selection/source-frames/rss-n9-p400000bar.xyz,46,9,400000.0,2,46,000141.poscar,unary-Ta/Ta-00046-2.poscar,/home/tuzhengyu/work/WTaTi/Ta-potential/fcc-restart/05-rss-round-1/rss/minimized/unary-Ta/Ta-00046-2.poscar,Ta-potential/fcc-restart/05-rss-round-1/rss/raw/unary-Ta/Ta-00046.poscar,0ef1241e62141de7ef2578b8d8bfc25d6988cdfc0a6b3b5bc5d37f7df0718f10,0ef1241e62141de7ef2578b8d8bfc25d6988cdfc0a6b3b5bc5d37f7df0718f10
rss-n9-p400000bar,Ta-potential/fcc-restart/05-rss-round-1/rss-selection/source-frames/rss-n9-p400000bar.xyz,47,9,400000.0,2,47,000144.poscar,unary-Ta/Ta-00047-2.poscar,/home/tuzhengyu/work/WTaTi/Ta-potential/fcc-restart/05-rss-round-1/rss/minimized/unary-Ta/Ta-00047-2.poscar,Ta-potential/fcc-restart/05-rss-round-1/rss/raw/unary-Ta/Ta-00047.poscar,28c83196b659564ab651eadea2ddaeddb4c21234ab110878611e5d66b0034ed1,28c83196b659564ab651eadea2ddaeddb4c21234ab110878611e5d66b0034ed1
rss-n9-p400000bar,Ta-potential/fcc-restart/05-rss-round-1/rss-selection/source-frames/rss-n9-p400000bar.xyz,48,9,400000.0,2,48,000147.poscar,unary-Ta/Ta-00048-2.poscar,/home/tuzhengyu/work/WTaTi/Ta-potential/fcc-restart/05-rss-round-1/rss/minimized/unary-Ta/Ta-00048-2.poscar,Ta-potential/fcc-restart/05-rss-round-1/rss/raw/unary-Ta/Ta-00048.poscar,58a4700a2184b11a4c356d63ca79142fc963c19fe2e09821ff8ef126f171aae0,58a4700a2184b11a4c356d63ca79142fc963c19fe2e09821ff8ef126f171aae0
rss-n9-p400000bar,Ta-potential/fcc-restart/05-rss-round-1/rss-selection/source-frames/rss-n9-p400000bar.xyz,49,9,400000.0,2,49,000150.poscar,unary-Ta/Ta-00049-2.poscar,/home/tuzhengyu/work/WTaTi/Ta-potential/fcc-restart/05-rss-round-1/rss/minimized/unary-Ta/Ta-00049-2.poscar,Ta-potential/fcc-restart/05-rss-round-1/rss/raw/unary-Ta/Ta-00049.poscar,b337582901056a24dbc10f80c91bcc1e711487925a03fadcea3500c47217f4af,b337582901056a24dbc10f80c91bcc1e711487925a03fadcea3500c47217f4af
rss-n10-p0bar,Ta-potential/fcc-restart/05-rss-round-1/rss-selection/source-frames/rss-n10-p0bar.xyz,0,10,0.0,0,50,000151.poscar,unary-Ta/Ta-00050-0.poscar,/home/tuzhengyu/work/WTaTi/Ta-potential/fcc-restart/05-rss-round-1/rss/minimized/unary-Ta/Ta-00050-0.poscar,Ta-potential/fcc-restart/05-rss-round-1/rss/raw/unary-Ta/Ta-00050.poscar,da10910c5543325c1c7dbc1842b2e5ba0cab56332bace15c0a0c40917c1a7803,da10910c5543325c1c7dbc1842b2e5ba0cab56332bace15c0a0c40917c1a7803
rss-n10-p0bar,Ta-potential/fcc-restart/05-rss-round-1/rss-selection/source-frames/rss-n10-p0bar.xyz,1,10,0.0,0,51,000154.poscar,unary-Ta/Ta-00051-0.poscar,/home/tuzhengyu/work/WTaTi/Ta-potential/fcc-restart/05-rss-round-1/rss/minimized/unary-Ta/Ta-00051-0.poscar,Ta-potential/fcc-restart/05-rss-round-1/rss/raw/unary-Ta/Ta-00051.poscar,d1ee285f76d5669d71263971ba48155f8397b1920836aad515b05c4327aba7ba,d1ee285f76d5669d71263971ba48155f8397b1920836aad515b05c4327aba7ba
rss-n10-p0bar,Ta-potential/fcc-restart/05-rss-round-1/rss-selection/source-frames/rss-n10-p0bar.xyz,2,10,0.0,0,52,000157.poscar,unary-Ta/Ta-00052-0.poscar,/home/tuzhengyu/work/WTaTi/Ta-potential/fcc-restart/05-rss-round-1/rss/minimized/unary-Ta/Ta-00052-0.poscar,Ta-potential/fcc-restart/05-rss-round-1/rss/raw/unary-Ta/Ta-00052.poscar,23b38686f8c9580862a4a865f098d330f69459f2d8a7b333b926a3047c870bf0,23b38686f8c9580862a4a865f098d330f69459f2d8a7b333b926a3047c870bf0
rss-n10-p0bar,Ta-potential/fcc-restart/05-rss-round-1/rss-selection/source-frames/rss-n10-p0bar.xyz,3,10,0.0,0,54,000163.poscar,unary-Ta/Ta-00054-0.poscar,/home/tuzhengyu/work/WTaTi/Ta-potential/fcc-restart/05-rss-round-1/rss/minimized/unary-Ta/Ta-00054-0.poscar,Ta-potential/fcc-restart/05-rss-round-1/rss/raw/unary-Ta/Ta-00054.poscar,012a06efeb242608175c8e1d5446539c800add53cda96d91083a3c5e7454c057,012a06efeb242608175c8e1d5446539c800add53cda96d91083a3c5e7454c057
rss-n10-p0bar,Ta-potential/fcc-restart/05-rss-round-1/rss-selection/source-frames/rss-n10-p0bar.xyz,4,10,0.0,0,55,000166.poscar,unary-Ta/Ta-00055-0.poscar,/home/tuzhengyu/work/WTaTi/Ta-potential/fcc-restart/05-rss-round-1/rss/minimized/unary-Ta/Ta-00055-0.poscar,Ta-potential/fcc-restart/05-rss-round-1/rss/raw/unary-Ta/Ta-00055.poscar,340ba17e0a896d2998429ea81fc04d89037263175a388d2625ea5790385819ec,340ba17e0a896d2998429ea81fc04d89037263175a388d2625ea5790385819ec
rss-n10-p0bar,Ta-potential/fcc-restart/05-rss-round-1/rss-selection/source-frames/rss-n10-p0bar.xyz,5,10,0.0,0,56,000169.poscar,unary-Ta/Ta-00056-0.poscar,/home/tuzhengyu/work/WTaTi/Ta-potential/fcc-restart/05-rss-round-1/rss/minimized/unary-Ta/Ta-00056-0.poscar,Ta-potential/fcc-restart/05-rss-round-1/rss/raw/unary-Ta/Ta-00056.poscar,46d0cb62db5dce36d7c46def37025b22add13aa10593b3f7351a1df99af60b49,46d0cb62db5dce36d7c46def37025b22add13aa10593b3f7351a1df99af60b49
rss-n10-p0bar,Ta-potential/fcc-restart/05-rss-round-1/rss-selection/source-frames/rss-n10-p0bar.xyz,6,10,0.0,0,57,000172.poscar,unary-Ta/Ta-00057-0.poscar,/home/tuzhengyu/work/WTaTi/Ta-potential/fcc-restart/05-rss-round-1/rss/minimized/unary-Ta/Ta-00057-0.poscar,Ta-potential/fcc-restart/05-rss-round-1/rss/raw/unary-Ta/Ta-00057.poscar,e4c0ec279f65029439efeec0eb986e43e8e35884bb2b08777fb4d3d47faff68d,e4c0ec279f65029439efeec0eb986e43e8e35884bb2b08777fb4d3d47faff68d
rss-n10-p0bar,Ta-potential/fcc-restart/05-rss-round-1/rss-selection/source-frames/rss-n10-p0bar.xyz,7,10,0.0,0,58,000175.poscar,unary-Ta/Ta-00058-0.poscar,/home/tuzhengyu/work/WTaTi/Ta-potential/fcc-restart/05-rss-round-1/rss/minimized/unary-Ta/Ta-00058-0.poscar,Ta-potential/fcc-restart/05-rss-round-1/rss/raw/unary-Ta/Ta-00058.poscar,d5409d078e0a753e2557ea4279aad438d7c936f6eef04f95f8f0e638b9cfc418,d5409d078e0a753e2557ea4279aad438d7c936f6eef04f95f8f0e638b9cfc418
rss-n10-p0bar,Ta-potential/fcc-restart/05-rss-round-1/rss-selection/source-frames/rss-n10-p0bar.xyz,8,10,0.0,0,59,000178.poscar,unary-Ta/Ta-00059-0.poscar,/home/tuzhengyu/work/WTaTi/Ta-potential/fcc-restart/05-rss-round-1/rss/minimized/unary-Ta/Ta-00059-0.poscar,Ta-potential/fcc-restart/05-rss-round-1/rss/raw/unary-Ta/Ta-00059.poscar,439e742a48cfc6ad23dd5100bb2cf4f4882c341fc540f0ec6fccd9801020cabc,439e742a48cfc6ad23dd5100bb2cf4f4882c341fc540f0ec6fccd9801020cabc
rss-n10-p0bar,Ta-potential/fcc-restart/05-rss-round-1/rss-selection/source-frames/rss-n10-p0bar.xyz,9,10,0.0,0,60,000181.poscar,unary-Ta/Ta-00060-0.poscar,/home/tuzhengyu/work/WTaTi/Ta-potential/fcc-restart/05-rss-round-1/rss/minimized/unary-Ta/Ta-00060-0.poscar,Ta-potential/fcc-restart/05-rss-round-1/rss/raw/unary-Ta/Ta-00060.poscar,3dff6ebc427f5bc65b606f37c9360098620a27e22e1efee5ff22a92b4406e775,3dff6ebc427f5bc65b606f37c9360098620a27e22e1efee5ff22a92b4406e775
rss-n10-p0bar,Ta-potential/fcc-restart/05-rss-round-1/rss-selection/source-frames/rss-n10-p0bar.xyz,10,10,0.0,0,61,000184.poscar,unary-Ta/Ta-00061-0.poscar,/home/tuzhengyu/work/WTaTi/Ta-potential/fcc-restart/05-rss-round-1/rss/minimized/unary-Ta/Ta-00061-0.poscar,Ta-potential/fcc-restart/05-rss-round-1/rss/raw/unary-Ta/Ta-00061.poscar,03c6918e91bcdaf88449acec64ab1dc43ba1a024367aa2b1806cdc4564ef1733,03c6918e91bcdaf88449acec64ab1dc43ba1a024367aa2b1806cdc4564ef1733
rss-n10-p0bar,Ta-potential/fcc-restart/05-rss-round-1/rss-selection/source-frames/rss-n10-p0bar.xyz,11,10,0.0,0,62,000187.poscar,unary-Ta/Ta-00062-0.poscar,/home/tuzhengyu/work/WTaTi/Ta-potential/fcc-restart/05-rss-round-1/rss/minimized/unary-Ta/Ta-00062-0.poscar,Ta-potential/fcc-restart/05-rss-round-1/rss/raw/unary-Ta/Ta-00062.poscar,8492b3238ab90c9dab909c86dfab0145f67f2f6d23d66287872c40d1fe4d3878,8492b3238ab90c9dab909c86dfab0145f67f2f6d23d66287872c40d1fe4d3878
rss-n10-p0bar,Ta-potential/fcc-restart/05-rss-round-1/rss-selection/source-frames/rss-n10-p0bar.xyz,12,10,0.0,0,63,000190.poscar,unary-Ta/Ta-00063-0.poscar,/home/tuzhengyu/work/WTaTi/Ta-potential/fcc-restart/05-rss-round-1/rss/minimized/unary-Ta/Ta-00063-0.poscar,Ta-potential/fcc-restart/05-rss-round-1/rss/raw/unary-Ta/Ta-00063.poscar,1b512237d41d2c7600340a63860c0362a3642c192dad1e42b7d97750165f0286,1b512237d41d2c7600340a63860c0362a3642c192dad1e42b7d97750165f0286
rss-n10-p0bar,Ta-potential/fcc-restart/05-rss-round-1/rss-selection/source-frames/rss-n10-p0bar.xyz,13,10,0.0,0,64,000193.poscar,unary-Ta/Ta-00064-0.poscar,/home/tuzhengyu/work/WTaTi/Ta-potential/fcc-restart/05-rss-round-1/rss/minimized/unary-Ta/Ta-00064-0.poscar,Ta-potential/fcc-restart/05-rss-round-1/rss/raw/unary-Ta/Ta-00064.poscar,3449f43d52d76302ddd336e927995ed2a06cb948d1c070d041e12bfd0ce24d42,3449f43d52d76302ddd336e927995ed2a06cb948d1c070d041e12bfd0ce24d42
rss-n10-p0bar,Ta-potential/fcc-restart/05-rss-round-1/rss-selection/source-frames/rss-n10-p0bar.xyz,14,10,0.0,0,65,000196.poscar,unary-Ta/Ta-00065-0.poscar,/home/tuzhengyu/work/WTaTi/Ta-potential/fcc-restart/05-rss-round-1/rss/minimized/unary-Ta/Ta-00065-0.poscar,Ta-potential/fcc-restart/05-rss-round-1/rss/raw/unary-Ta/Ta-00065.poscar,8838f8f2cd3cd1195e7fa97d07d5c5616d1ba00924e3307c144a5cff643fe311,8838f8f2cd3cd1195e7fa97d07d5c5616d1ba00924e3307c144a5cff643fe311
rss-n10-p0bar,Ta-potential/fcc-restart/05-rss-round-1/rss-selection/source-frames/rss-n10-p0bar.xyz,15,10,0.0,0,66,000199.poscar,unary-Ta/Ta-00066-0.poscar,/home/tuzhengyu/work/WTaTi/Ta-potential/fcc-restart/05-rss-round-1/rss/minimized/unary-Ta/Ta-00066-0.poscar,Ta-potential/fcc-restart/05-rss-round-1/rss/raw/unary-Ta/Ta-00066.poscar,ae1068507950a8b59c24e766f223260c5fad7dcd08c8e408f47ab7b7ad4c9938,ae1068507950a8b59c24e766f223260c5fad7dcd08c8e408f47ab7b7ad4c9938
rss-n10-p0bar,Ta-potential/fcc-restart/05-rss-round-1/rss-selection/source-frames/rss-n10-p0bar.xyz,16,10,0.0,0,67,000202.poscar,unary-Ta/Ta-00067-0.poscar,/home/tuzhengyu/work/WTaTi/Ta-potential/fcc-restart/05-rss-round-1/rss/minimized/unary-Ta/Ta-00067-0.poscar,Ta-potential/fcc-restart/05-rss-round-1/rss/raw/unary-Ta/Ta-00067.poscar,7fe9aa72fdf2f968e2d28d3e1ace7b812a166a4f6920f70cd3b08adf6867ca86,7fe9aa72fdf2f968e2d28d3e1ace7b812a166a4f6920f70cd3b08adf6867ca86
rss-n10-p0bar,Ta-potential/fcc-restart/05-rss-round-1/rss-selection/source-frames/rss-n10-p0bar.xyz,17,10,0.0,0,68,000205.poscar,unary-Ta/Ta-00068-0.poscar,/home/tuzhengyu/work/WTaTi/Ta-potential/fcc-restart/05-rss-round-1/rss/minimized/unary-Ta/Ta-00068-0.poscar,Ta-potential/fcc-restart/05-rss-round-1/rss/raw/unary-Ta/Ta-00068.poscar,70361e5b8cb5f905712fe962218fae071261e73bb654988649967e908916a5a3,70361e5b8cb5f905712fe962218fae071261e73bb654988649967e908916a5a3
rss-n10-p0bar,Ta-potential/fcc-restart/05-rss-round-1/rss-selection/source-frames/rss-n10-p0bar.xyz,18,10,0.0,0,69,000208.poscar,unary-Ta/Ta-00069-0.poscar,/home/tuzhengyu/work/WTaTi/Ta-potential/fcc-restart/05-rss-round-1/rss/minimized/unary-Ta/Ta-00069-0.poscar,Ta-potential/fcc-restart/05-rss-round-1/rss/raw/unary-Ta/Ta-00069.poscar,6de61c88ed4c26b0a1da4263fad5f8ff96db06021d431ea3e5216faae3b5b211,6de61c88ed4c26b0a1da4263fad5f8ff96db06021d431ea3e5216faae3b5b211
rss-n10-p0bar,Ta-potential/fcc-restart/05-rss-round-1/rss-selection/source-frames/rss-n10-p0bar.xyz,19,10,0.0,0,70,000211.poscar,unary-Ta/Ta-00070-0.poscar,/home/tuzhengyu/work/WTaTi/Ta-potential/fcc-restart/05-rss-round-1/rss/minimized/unary-Ta/Ta-00070-0.poscar,Ta-potential/fcc-restart/05-rss-round-1/rss/raw/unary-Ta/Ta-00070.poscar,85d66bcde0877323f2ca3b92ad01d8ee014dee6ffdb42239ce1b25a4fb7351ec,85d66bcde0877323f2ca3b92ad01d8ee014dee6ffdb42239ce1b25a4fb7351ec
rss-n10-p0bar,Ta-potential/fcc-restart/05-rss-round-1/rss-selection/source-frames/rss-n10-p0bar.xyz,20,10,0.0,0,71,000214.poscar,unary-Ta/Ta-00071-0.poscar,/home/tuzhengyu/work/WTaTi/Ta-potential/fcc-restart/05-rss-round-1/rss/minimized/unary-Ta/Ta-00071-0.poscar,Ta-potential/fcc-restart/05-rss-round-1/rss/raw/unary-Ta/Ta-00071.poscar,138ce381d31f7421cb4413f96695be80dac6ddb71c9be71741f8115d7032cfe0,138ce381d31f7421cb4413f96695be80dac6ddb71c9be71741f8115d7032cfe0
rss-n10-p0bar,Ta-potential/fcc-restart/05-rss-round-1/rss-selection/source-frames/rss-n10-p0bar.xyz,21,10,0.0,0,72,000217.poscar,unary-Ta/Ta-00072-0.poscar,/home/tuzhengyu/work/WTaTi/Ta-potential/fcc-restart/05-rss-round-1/rss/minimized/unary-Ta/Ta-00072-0.poscar,Ta-potential/fcc-restart/05-rss-round-1/rss/raw/unary-Ta/Ta-00072.poscar,3c4f84ee3e636583ea3bb0225b4e2e6671d12f43f38a71a721e0fe3e2e0f612b,3c4f84ee3e636583ea3bb0225b4e2e6671d12f43f38a71a721e0fe3e2e0f612b
rss-n10-p0bar,Ta-potential/fcc-restart/05-rss-round-1/rss-selection/source-frames/rss-n10-p0bar.xyz,22,10,0.0,0,73,000220.poscar,unary-Ta/Ta-00073-0.poscar,/home/tuzhengyu/work/WTaTi/Ta-potential/fcc-restart/05-rss-round-1/rss/minimized/unary-Ta/Ta-00073-0.poscar,Ta-potential/fcc-restart/05-rss-round-1/rss/raw/unary-Ta/Ta-00073.poscar,4b745dd02eeab2673a057662915c164e992ecd599ca9710f363fb802ae23fc9d,4b745dd02eeab2673a057662915c164e992ecd599ca9710f363fb802ae23fc9d
rss-n10-p0bar,Ta-potential/fcc-restart/05-rss-round-1/rss-selection/source-frames/rss-n10-p0bar.xyz,23,10,0.0,0,74,000223.poscar,unary-Ta/Ta-00074-0.poscar,/home/tuzhengyu/work/WTaTi/Ta-potential/fcc-restart/05-rss-round-1/rss/minimized/unary-Ta/Ta-00074-0.poscar,Ta-potential/fcc-restart/05-rss-round-1/rss/raw/unary-Ta/Ta-00074.poscar,f022fe3b590948d432f8004ec0a53e199376616c163dd41f8b17a142c014e77b,f022fe3b590948d432f8004ec0a53e199376616c163dd41f8b17a142c014e77b
rss-n10-p0bar,Ta-potential/fcc-restart/05-rss-round-1/rss-selection/source-frames/rss-n10-p0bar.xyz,24,10,0.0,0,75,000226.poscar,unary-Ta/Ta-00075-0.poscar,/home/tuzhengyu/work/WTaTi/Ta-potential/fcc-restart/05-rss-round-1/rss/minimized/unary-Ta/Ta-00075-0.poscar,Ta-potential/fcc-restart/05-rss-round-1/rss/raw/unary-Ta/Ta-00075.poscar,f6f0be11536ac4489b7dacf9d9d3e5ed1336100012fdb3fccb0a243c092c0395,f6f0be11536ac4489b7dacf9d9d3e5ed1336100012fdb3fccb0a243c092c0395
rss-n10-p0bar,Ta-potential/fcc-restart/05-rss-round-1/rss-selection/source-frames/rss-n10-p0bar.xyz,25,10,0.0,0,76,000229.poscar,unary-Ta/Ta-00076-0.poscar,/home/tuzhengyu/work/WTaTi/Ta-potential/fcc-restart/05-rss-round-1/rss/minimized/unary-Ta/Ta-00076-0.poscar,Ta-potential/fcc-restart/05-rss-round-1/rss/raw/unary-Ta/Ta-00076.poscar,0f0edcdf65bdd846b2497e26a20f102fd93b1e4277658cd9640a2117ad796ffc,0f0edcdf65bdd846b2497e26a20f102fd93b1e4277658cd9640a2117ad796ffc
rss-n10-p0bar,Ta-potential/fcc-restart/05-rss-round-1/rss-selection/source-frames/rss-n10-p0bar.xyz,26,10,0.0,0,77,000232.poscar,unary-Ta/Ta-00077-0.poscar,/home/tuzhengyu/work/WTaTi/Ta-potential/fcc-restart/05-rss-round-1/rss/minimized/unary-Ta/Ta-00077-0.poscar,Ta-potential/fcc-restart/05-rss-round-1/rss/raw/unary-Ta/Ta-00077.poscar,1953ec5ff2ff4108ef3b4c3f0089e45e843428dcc7d65a0c156cb273c36d2dd5,1953ec5ff2ff4108ef3b4c3f0089e45e843428dcc7d65a0c156cb273c36d2dd5
rss-n10-p0bar,Ta-potential/fcc-restart/05-rss-round-1/rss-selection/source-frames/rss-n10-p0bar.xyz,27,10,0.0,0,78,000235.poscar,unary-Ta/Ta-00078-0.poscar,/home/tuzhengyu/work/WTaTi/Ta-potential/fcc-restart/05-rss-round-1/rss/minimized/unary-Ta/Ta-00078-0.poscar,Ta-potential/fcc-restart/05-rss-round-1/rss/raw/unary-Ta/Ta-00078.poscar,7cc8a180f2f65961d82529903fdb324166e0878103cf315321440d44b7f481cf,7cc8a180f2f65961d82529903fdb324166e0878103cf315321440d44b7f481cf
rss-n10-p0bar,Ta-potential/fcc-restart/05-rss-round-1/rss-selection/source-frames/rss-n10-p0bar.xyz,28,10,0.0,0,79,000238.poscar,unary-Ta/Ta-00079-0.poscar,/home/tuzhengyu/work/WTaTi/Ta-potential/fcc-restart/05-rss-round-1/rss/minimized/unary-Ta/Ta-00079-0.poscar,Ta-potential/fcc-restart/05-rss-round-1/rss/raw/unary-Ta/Ta-00079.poscar,123a037b3169da7d7a3d490d824d673bfd0de72e244e50271172f9b57990dc4b,123a037b3169da7d7a3d490d824d673bfd0de72e244e50271172f9b57990dc4b
rss-n10-p0bar,Ta-potential/fcc-restart/05-rss-round-1/rss-selection/source-frames/rss-n10-p0bar.xyz,29,10,0.0,0,80,000241.poscar,unary-Ta/Ta-00080-0.poscar,/home/tuzhengyu/work/WTaTi/Ta-potential/fcc-restart/05-rss-round-1/rss/minimized/unary-Ta/Ta-00080-0.poscar,Ta-potential/fcc-restart/05-rss-round-1/rss/raw/unary-Ta/Ta-00080.poscar,8a8a289ca08ba76505ed5a8285e5cf4a93f35cf57dce846b68c291a070485595,8a8a289ca08ba76505ed5a8285e5cf4a93f35cf57dce846b68c291a070485595
rss-n10-p0bar,Ta-potential/fcc-restart/05-rss-round-1/rss-selection/source-frames/rss-n10-p0bar.xyz,30,10,0.0,0,81,000244.poscar,unary-Ta/Ta-00081-0.poscar,/home/tuzhengyu/work/WTaTi/Ta-potential/fcc-restart/05-rss-round-1/rss/minimized/unary-Ta/Ta-00081-0.poscar,Ta-potential/fcc-restart/05-rss-round-1/rss/raw/unary-Ta/Ta-00081.poscar,ac80e4f2fe7b3563b0225d34244324496fe12ff85c2f8b6a2432efdc12972aa4,ac80e4f2fe7b3563b0225d34244324496fe12ff85c2f8b6a2432efdc12972aa4
rss-n10-p0bar,Ta-potential/fcc-restart/05-rss-round-1/rss-selection/source-frames/rss-n10-p0bar.xyz,31,10,0.0,0,82,000247.poscar,unary-Ta/Ta-00082-0.poscar,/home/tuzhengyu/work/WTaTi/Ta-potential/fcc-restart/05-rss-round-1/rss/minimized/unary-Ta/Ta-00082-0.poscar,Ta-potential/fcc-restart/05-rss-round-1/rss/raw/unary-Ta/Ta-00082.poscar,0bc9d0fd2d349dd741067f4b7fc5c7c14ba710f6d036cc3cbcb66a7c02bae11e,0bc9d0fd2d349dd741067f4b7fc5c7c14ba710f6d036cc3cbcb66a7c02bae11e
rss-n10-p0bar,Ta-potential/fcc-restart/05-rss-round-1/rss-selection/source-frames/rss-n10-p0bar.xyz,32,10,0.0,0,83,000250.poscar,unary-Ta/Ta-00083-0.poscar,/home/tuzhengyu/work/WTaTi/Ta-potential/fcc-restart/05-rss-round-1/rss/minimized/unary-Ta/Ta-00083-0.poscar,Ta-potential/fcc-restart/05-rss-round-1/rss/raw/unary-Ta/Ta-00083.poscar,a361f294d1ed8c9ea2aba257bf1a135f9dbbb8f763f993784e4d66fb70b45275,a361f294d1ed8c9ea2aba257bf1a135f9dbbb8f763f993784e4d66fb70b45275
rss-n10-p0bar,Ta-potential/fcc-restart/05-rss-round-1/rss-selection/source-frames/rss-n10-p0bar.xyz,33,10,0.0,0,84,000253.poscar,unary-Ta/Ta-00084-0.poscar,/home/tuzhengyu/work/WTaTi/Ta-potential/fcc-restart/05-rss-round-1/rss/minimized/unary-Ta/Ta-00084-0.poscar,Ta-potential/fcc-restart/05-rss-round-1/rss/raw/unary-Ta/Ta-00084.poscar,1f871872ea580710a7d4e2b7ada73b6a4cf450421fe98ee51a0874686cd2ba35,1f871872ea580710a7d4e2b7ada73b6a4cf450421fe98ee51a0874686cd2ba35
rss-n10-p0bar,Ta-potential/fcc-restart/05-rss-round-1/rss-selection/source-frames/rss-n10-p0bar.xyz,34,10,0.0,0,85,000256.poscar,unary-Ta/Ta-00085-0.poscar,/home/tuzhengyu/work/WTaTi/Ta-potential/fcc-restart/05-rss-round-1/rss/minimized/unary-Ta/Ta-00085-0.poscar,Ta-potential/fcc-restart/05-rss-round-1/rss/raw/unary-Ta/Ta-00085.poscar,caadf92ada335dd79904b32068a467f2e39fc0aadea9146653b60b2adb9ead84,caadf92ada335dd79904b32068a467f2e39fc0aadea9146653b60b2adb9ead84
rss-n10-p0bar,Ta-potential/fcc-restart/05-rss-round-1/rss-selection/source-frames/rss-n10-p0bar.xyz,35,10,0.0,0,86,000259.poscar,unary-Ta/Ta-00086-0.poscar,/home/tuzhengyu/work/WTaTi/Ta-potential/fcc-restart/05-rss-round-1/rss/minimized/unary-Ta/Ta-00086-0.poscar,Ta-potential/fcc-restart/05-rss-round-1/rss/raw/unary-Ta/Ta-00086.poscar,3b71c02ac1770fe650f49bcd22f69ee5908fbd630e05832b0eb1b5beef1fd5a9,3b71c02ac1770fe650f49bcd22f69ee5908fbd630e05832b0eb1b5beef1fd5a9
rss-n10-p0bar,Ta-potential/fcc-restart/05-rss-round-1/rss-selection/source-frames/rss-n10-p0bar.xyz,36,10,0.0,0,87,000262.poscar,unary-Ta/Ta-00087-0.poscar,/home/tuzhengyu/work/WTaTi/Ta-potential/fcc-restart/05-rss-round-1/rss/minimized/unary-Ta/Ta-00087-0.poscar,Ta-potential/fcc-restart/05-rss-round-1/rss/raw/unary-Ta/Ta-00087.poscar,43dbdb5669ce186381c1345ddd48e9bf5a8083f8314bd0e30e835d84358ebdbb,43dbdb5669ce186381c1345ddd48e9bf5a8083f8314bd0e30e835d84358ebdbb
rss-n10-p0bar,Ta-potential/fcc-restart/05-rss-round-1/rss-selection/source-frames/rss-n10-p0bar.xyz,37,10,0.0,0,88,000265.poscar,unary-Ta/Ta-00088-0.poscar,/home/tuzhengyu/work/WTaTi/Ta-potential/fcc-restart/05-rss-round-1/rss/minimized/unary-Ta/Ta-00088-0.poscar,Ta-potential/fcc-restart/05-rss-round-1/rss/raw/unary-Ta/Ta-00088.poscar,6418ea8d803e2032aa9efbb8e58ec1b2cdfbd70e70950e811ef68cbbe729aebd,6418ea8d803e2032aa9efbb8e58ec1b2cdfbd70e70950e811ef68cbbe729aebd
rss-n10-p0bar,Ta-potential/fcc-restart/05-rss-round-1/rss-selection/source-frames/rss-n10-p0bar.xyz,38,10,0.0,0,89,000268.poscar,unary-Ta/Ta-00089-0.poscar,/home/tuzhengyu/work/WTaTi/Ta-potential/fcc-restart/05-rss-round-1/rss/minimized/unary-Ta/Ta-00089-0.poscar,Ta-potential/fcc-restart/05-rss-round-1/rss/raw/unary-Ta/Ta-00089.poscar,a82ba32c82aacad18fa0ee6163cb7e155798ce12cb46c0cfc31a370f8eef849f,a82ba32c82aacad18fa0ee6163cb7e155798ce12cb46c0cfc31a370f8eef849f
rss-n10-p0bar,Ta-potential/fcc-restart/05-rss-round-1/rss-selection/source-frames/rss-n10-p0bar.xyz,39,10,0.0,0,90,000271.poscar,unary-Ta/Ta-00090-0.poscar,/home/tuzhengyu/work/WTaTi/Ta-potential/fcc-restart/05-rss-round-1/rss/minimized/unary-Ta/Ta-00090-0.poscar,Ta-potential/fcc-restart/05-rss-round-1/rss/raw/unary-Ta/Ta-00090.poscar,37d1c6fdff0162c7396cfbb1dc7ef110ed489718145c565ffd88941544af2599,37d1c6fdff0162c7396cfbb1dc7ef110ed489718145c565ffd88941544af2599
rss-n10-p0bar,Ta-potential/fcc-restart/05-rss-round-1/rss-selection/source-frames/rss-n10-p0bar.xyz,40,10,0.0,0,91,000274.poscar,unary-Ta/Ta-00091-0.poscar,/home/tuzhengyu/work/WTaTi/Ta-potential/fcc-restart/05-rss-round-1/rss/minimized/unary-Ta/Ta-00091-0.poscar,Ta-potential/fcc-restart/05-rss-round-1/rss/raw/unary-Ta/Ta-00091.poscar,9ed0a4692d7d682d07d7f10ea2047f88dc47108b93426bdc53e03668009dd520,9ed0a4692d7d682d07d7f10ea2047f88dc47108b93426bdc53e03668009dd520
rss-n10-p0bar,Ta-potential/fcc-restart/05-rss-round-1/rss-selection/source-frames/rss-n10-p0bar.xyz,41,10,0.0,0,92,000277.poscar,unary-Ta/Ta-00092-0.poscar,/home/tuzhengyu/work/WTaTi/Ta-potential/fcc-restart/05-rss-round-1/rss/minimized/unary-Ta/Ta-00092-0.poscar,Ta-potential/fcc-restart/05-rss-round-1/rss/raw/unary-Ta/Ta-00092.poscar,95b3e88967caa76e7b2055a9d671ef30dea6842e79233d4959da48580665c06e,95b3e88967caa76e7b2055a9d671ef30dea6842e79233d4959da48580665c06e
rss-n10-p0bar,Ta-potential/fcc-restart/05-rss-round-1/rss-selection/source-frames/rss-n10-p0bar.xyz,42,10,0.0,0,93,000280.poscar,unary-Ta/Ta-00093-0.poscar,/home/tuzhengyu/work/WTaTi/Ta-potential/fcc-restart/05-rss-round-1/rss/minimized/unary-Ta/Ta-00093-0.poscar,Ta-potential/fcc-restart/05-rss-round-1/rss/raw/unary-Ta/Ta-00093.poscar,16f4970427a3ab9bfdc455821cbe468a9a72eb65e2c3f90421a06caa4e44fc11,16f4970427a3ab9bfdc455821cbe468a9a72eb65e2c3f90421a06caa4e44fc11
rss-n10-p0bar,Ta-potential/fcc-restart/05-rss-round-1/rss-selection/source-frames/rss-n10-p0bar.xyz,43,10,0.0,0,94,000283.poscar,unary-Ta/Ta-00094-0.poscar,/home/tuzhengyu/work/WTaTi/Ta-potential/fcc-restart/05-rss-round-1/rss/minimized/unary-Ta/Ta-00094-0.poscar,Ta-potential/fcc-restart/05-rss-round-1/rss/raw/unary-Ta/Ta-00094.poscar,f2c026576b4c9f2326ac9a2726ff17c4df3c206f5a3568bd15ff74b783c51b84,f2c026576b4c9f2326ac9a2726ff17c4df3c206f5a3568bd15ff74b783c51b84
rss-n10-p0bar,Ta-potential/fcc-restart/05-rss-round-1/rss-selection/source-frames/rss-n10-p0bar.xyz,44,10,0.0,0,95,000286.poscar,unary-Ta/Ta-00095-0.poscar,/home/tuzhengyu/work/WTaTi/Ta-potential/fcc-restart/05-rss-round-1/rss/minimized/unary-Ta/Ta-00095-0.poscar,Ta-potential/fcc-restart/05-rss-round-1/rss/raw/unary-Ta/Ta-00095.poscar,69eea1146ad16dc57a2faad3c1ee3017ec4753d7163749ae727d37be815f71c3,69eea1146ad16dc57a2faad3c1ee3017ec4753d7163749ae727d37be815f71c3
rss-n10-p0bar,Ta-potential/fcc-restart/05-rss-round-1/rss-selection/source-frames/rss-n10-p0bar.xyz,45,10,0.0,0,96,000289.poscar,unary-Ta/Ta-00096-0.poscar,/home/tuzhengyu/work/WTaTi/Ta-potential/fcc-restart/05-rss-round-1/rss/minimized/unary-Ta/Ta-00096-0.poscar,Ta-potential/fcc-restart/05-rss-round-1/rss/raw/unary-Ta/Ta-00096.poscar,b9b41186d008d6575da875350b4c05047be429b9affe98accec0873d213f3bd2,b9b41186d008d6575da875350b4c05047be429b9affe98accec0873d213f3bd2
rss-n10-p0bar,Ta-potential/fcc-restart/05-rss-round-1/rss-selection/source-frames/rss-n10-p0bar.xyz,46,10,0.0,0,97,000292.poscar,unary-Ta/Ta-00097-0.poscar,/home/tuzhengyu/work/WTaTi/Ta-potential/fcc-restart/05-rss-round-1/rss/minimized/unary-Ta/Ta-00097-0.poscar,Ta-potential/fcc-restart/05-rss-round-1/rss/raw/unary-Ta/Ta-00097.poscar,3ae94b68ff755d3e615b5e97a017f516c913889bf8e7507dfdda4d99fd27a37e,3ae94b68ff755d3e615b5e97a017f516c913889bf8e7507dfdda4d99fd27a37e
rss-n10-p0bar,Ta-potential/fcc-restart/05-rss-round-1/rss-selection/source-frames/rss-n10-p0bar.xyz,47,10,0.0,0,98,000295.poscar,unary-Ta/Ta-00098-0.poscar,/home/tuzhengyu/work/WTaTi/Ta-potential/fcc-restart/05-rss-round-1/rss/minimized/unary-Ta/Ta-00098-0.poscar,Ta-potential/fcc-restart/05-rss-round-1/rss/raw/unary-Ta/Ta-00098.poscar,0cf1e0cbc696cb50a307491020a325f84f944303eba6627e1b34f9118560cb6f,0cf1e0cbc696cb50a307491020a325f84f944303eba6627e1b34f9118560cb6f
rss-n10-p0bar,Ta-potential/fcc-restart/05-rss-round-1/rss-selection/source-frames/rss-n10-p0bar.xyz,48,10,0.0,0,99,000298.poscar,unary-Ta/Ta-00099-0.poscar,/home/tuzhengyu/work/WTaTi/Ta-potential/fcc-restart/05-rss-round-1/rss/minimized/unary-Ta/Ta-00099-0.poscar,Ta-potential/fcc-restart/05-rss-round-1/rss/raw/unary-Ta/Ta-00099.poscar,f6b183caccfd80de587511e87a18d4f5191d67b1f8160510be586103467bf290,f6b183caccfd80de587511e87a18d4f5191d67b1f8160510be586103467bf290
rss-n10-p200000bar,Ta-potential/fcc-restart/05-rss-round-1/rss-selection/source-frames/rss-n10-p200000bar.xyz,0,10,200000.0,1,50,000152.poscar,unary-Ta/Ta-00050-1.poscar,/home/tuzhengyu/work/WTaTi/Ta-potential/fcc-restart/05-rss-round-1/rss/minimized/unary-Ta/Ta-00050-1.poscar,Ta-potential/fcc-restart/05-rss-round-1/rss/raw/unary-Ta/Ta-00050.poscar,9300953c0d9af7199f2d59994877280a6790b9de471e64c6e7d7223e1b833258,9300953c0d9af7199f2d59994877280a6790b9de471e64c6e7d7223e1b833258
rss-n10-p200000bar,Ta-potential/fcc-restart/05-rss-round-1/rss-selection/source-frames/rss-n10-p200000bar.xyz,1,10,200000.0,1,51,000155.poscar,unary-Ta/Ta-00051-1.poscar,/home/tuzhengyu/work/WTaTi/Ta-potential/fcc-restart/05-rss-round-1/rss/minimized/unary-Ta/Ta-00051-1.poscar,Ta-potential/fcc-restart/05-rss-round-1/rss/raw/unary-Ta/Ta-00051.poscar,ab2df2d0f316a29a1ec3505f5e00e4ca7fa5a457ee0d61267a241af36256d074,ab2df2d0f316a29a1ec3505f5e00e4ca7fa5a457ee0d61267a241af36256d074
rss-n10-p200000bar,Ta-potential/fcc-restart/05-rss-round-1/rss-selection/source-frames/rss-n10-p200000bar.xyz,2,10,200000.0,1,52,000158.poscar,unary-Ta/Ta-00052-1.poscar,/home/tuzhengyu/work/WTaTi/Ta-potential/fcc-restart/05-rss-round-1/rss/minimized/unary-Ta/Ta-00052-1.poscar,Ta-potential/fcc-restart/05-rss-round-1/rss/raw/unary-Ta/Ta-00052.poscar,f32081b3f84b9d09de6cf878a80eed2d27fda456ed612c73aa3fd96dc16bd023,f32081b3f84b9d09de6cf878a80eed2d27fda456ed612c73aa3fd96dc16bd023
rss-n10-p200000bar,Ta-potential/fcc-restart/05-rss-round-1/rss-selection/source-frames/rss-n10-p200000bar.xyz,3,10,200000.0,1,54,000164.poscar,unary-Ta/Ta-00054-1.poscar,/home/tuzhengyu/work/WTaTi/Ta-potential/fcc-restart/05-rss-round-1/rss/minimized/unary-Ta/Ta-00054-1.poscar,Ta-potential/fcc-restart/05-rss-round-1/rss/raw/unary-Ta/Ta-00054.poscar,ccb49ab47f15d25651950f1fb4a9ca2f0c20346dcd52ee8edbd759942c43870c,ccb49ab47f15d25651950f1fb4a9ca2f0c20346dcd52ee8edbd759942c43870c
rss-n10-p200000bar,Ta-potential/fcc-restart/05-rss-round-1/rss-selection/source-frames/rss-n10-p200000bar.xyz,4,10,200000.0,1,55,000167.poscar,unary-Ta/Ta-00055-1.poscar,/home/tuzhengyu/work/WTaTi/Ta-potential/fcc-restart/05-rss-round-1/rss/minimized/unary-Ta/Ta-00055-1.poscar,Ta-potential/fcc-restart/05-rss-round-1/rss/raw/unary-Ta/Ta-00055.poscar,27a07216bd1c4771436ba3799348053edb7cf4d864df96bb410c6cae41821555,27a07216bd1c4771436ba3799348053edb7cf4d864df96bb410c6cae41821555
rss-n10-p200000bar,Ta-potential/fcc-restart/05-rss-round-1/rss-selection/source-frames/rss-n10-p200000bar.xyz,5,10,200000.0,1,56,000170.poscar,unary-Ta/Ta-00056-1.poscar,/home/tuzhengyu/work/WTaTi/Ta-potential/fcc-restart/05-rss-round-1/rss/minimized/unary-Ta/Ta-00056-1.poscar,Ta-potential/fcc-restart/05-rss-round-1/rss/raw/unary-Ta/Ta-00056.poscar,4fb8a82d20859ea8846cbf5d9ee727249dff0f04b0a04470555b34d7a35b55e0,4fb8a82d20859ea8846cbf5d9ee727249dff0f04b0a04470555b34d7a35b55e0
rss-n10-p200000bar,Ta-potential/fcc-restart/05-rss-round-1/rss-selection/source-frames/rss-n10-p200000bar.xyz,6,10,200000.0,1,57,000173.poscar,unary-Ta/Ta-00057-1.poscar,/home/tuzhengyu/work/WTaTi/Ta-potential/fcc-restart/05-rss-round-1/rss/minimized/unary-Ta/Ta-00057-1.poscar,Ta-potential/fcc-restart/05-rss-round-1/rss/raw/unary-Ta/Ta-00057.poscar,d210fd24ac09617f08d3ecf8f58aaa2ecfa363f5ec86775870f5a096d721aec8,d210fd24ac09617f08d3ecf8f58aaa2ecfa363f5ec86775870f5a096d721aec8
rss-n10-p200000bar,Ta-potential/fcc-restart/05-rss-round-1/rss-selection/source-frames/rss-n10-p200000bar.xyz,7,10,200000.0,1,58,000176.poscar,unary-Ta/Ta-00058-1.poscar,/home/tuzhengyu/work/WTaTi/Ta-potential/fcc-restart/05-rss-round-1/rss/minimized/unary-Ta/Ta-00058-1.poscar,Ta-potential/fcc-restart/05-rss-round-1/rss/raw/unary-Ta/Ta-00058.poscar,eb17ad7a76f55ff406ad6e59ed4d445df7be931c470e68be80901a48822daf34,eb17ad7a76f55ff406ad6e59ed4d445df7be931c470e68be80901a48822daf34
rss-n10-p200000bar,Ta-potential/fcc-restart/05-rss-round-1/rss-selection/source-frames/rss-n10-p200000bar.xyz,8,10,200000.0,1,59,000179.poscar,unary-Ta/Ta-00059-1.poscar,/home/tuzhengyu/work/WTaTi/Ta-potential/fcc-restart/05-rss-round-1/rss/minimized/unary-Ta/Ta-00059-1.poscar,Ta-potential/fcc-restart/05-rss-round-1/rss/raw/unary-Ta/Ta-00059.poscar,b290aac44904042169289f56b43ee7a7a9875afc3a1345ae6a75fa1205f5b0a4,b290aac44904042169289f56b43ee7a7a9875afc3a1345ae6a75fa1205f5b0a4
rss-n10-p200000bar,Ta-potential/fcc-restart/05-rss-round-1/rss-selection/source-frames/rss-n10-p200000bar.xyz,9,10,200000.0,1,60,000182.poscar,unary-Ta/Ta-00060-1.poscar,/home/tuzhengyu/work/WTaTi/Ta-potential/fcc-restart/05-rss-round-1/rss/minimized/unary-Ta/Ta-00060-1.poscar,Ta-potential/fcc-restart/05-rss-round-1/rss/raw/unary-Ta/Ta-00060.poscar,f4049f5d75f7266f4f1ebd896baf71a132df6b27553826eee312fbe6424a3dbe,f4049f5d75f7266f4f1ebd896baf71a132df6b27553826eee312fbe6424a3dbe
rss-n10-p200000bar,Ta-potential/fcc-restart/05-rss-round-1/rss-selection/source-frames/rss-n10-p200000bar.xyz,10,10,200000.0,1,61,000185.poscar,unary-Ta/Ta-00061-1.poscar,/home/tuzhengyu/work/WTaTi/Ta-potential/fcc-restart/05-rss-round-1/rss/minimized/unary-Ta/Ta-00061-1.poscar,Ta-potential/fcc-restart/05-rss-round-1/rss/raw/unary-Ta/Ta-00061.poscar,d9431f13257d7e77918e8d3736b94db7f369b6d3c08937c9737efbd42e8deb6f,d9431f13257d7e77918e8d3736b94db7f369b6d3c08937c9737efbd42e8deb6f
rss-n10-p200000bar,Ta-potential/fcc-restart/05-rss-round-1/rss-selection/source-frames/rss-n10-p200000bar.xyz,11,10,200000.0,1,62,000188.poscar,unary-Ta/Ta-00062-1.poscar,/home/tuzhengyu/work/WTaTi/Ta-potential/fcc-restart/05-rss-round-1/rss/minimized/unary-Ta/Ta-00062-1.poscar,Ta-potential/fcc-restart/05-rss-round-1/rss/raw/unary-Ta/Ta-00062.poscar,0f7d967285f4349eba222eb9669d9881f1470dd280d6436d02b4e0b8606842ab,0f7d967285f4349eba222eb9669d9881f1470dd280d6436d02b4e0b8606842ab
rss-n10-p200000bar,Ta-potential/fcc-restart/05-rss-round-1/rss-selection/source-frames/rss-n10-p200000bar.xyz,12,10,200000.0,1,63,000191.poscar,unary-Ta/Ta-00063-1.poscar,/home/tuzhengyu/work/WTaTi/Ta-potential/fcc-restart/05-rss-round-1/rss/minimized/unary-Ta/Ta-00063-1.poscar,Ta-potential/fcc-restart/05-rss-round-1/rss/raw/unary-Ta/Ta-00063.poscar,203637649643347ebb4b612c9fec378cd06baa2a0c16086b2b2e70afbd303d51,203637649643347ebb4b612c9fec378cd06baa2a0c16086b2b2e70afbd303d51
rss-n10-p200000bar,Ta-potential/fcc-restart/05-rss-round-1/rss-selection/source-frames/rss-n10-p200000bar.xyz,13,10,200000.0,1,64,000194.poscar,unary-Ta/Ta-00064-1.poscar,/home/tuzhengyu/work/WTaTi/Ta-potential/fcc-restart/05-rss-round-1/rss/minimized/unary-Ta/Ta-00064-1.poscar,Ta-potential/fcc-restart/05-rss-round-1/rss/raw/unary-Ta/Ta-00064.poscar,f962ac728b8c62c7426b1416d59ccf90bc77eca9f394fa30fb99509c416c66d5,f962ac728b8c62c7426b1416d59ccf90bc77eca9f394fa30fb99509c416c66d5
rss-n10-p200000bar,Ta-potential/fcc-restart/05-rss-round-1/rss-selection/source-frames/rss-n10-p200000bar.xyz,14,10,200000.0,1,65,000197.poscar,unary-Ta/Ta-00065-1.poscar,/home/tuzhengyu/work/WTaTi/Ta-potential/fcc-restart/05-rss-round-1/rss/minimized/unary-Ta/Ta-00065-1.poscar,Ta-potential/fcc-restart/05-rss-round-1/rss/raw/unary-Ta/Ta-00065.poscar,97069f353c3359046c9a0b1b787701385e0b26cfbf48b32e75b057b6e1674379,97069f353c3359046c9a0b1b787701385e0b26cfbf48b32e75b057b6e1674379
rss-n10-p200000bar,Ta-potential/fcc-restart/05-rss-round-1/rss-selection/source-frames/rss-n10-p200000bar.xyz,15,10,200000.0,1,66,000200.poscar,unary-Ta/Ta-00066-1.poscar,/home/tuzhengyu/work/WTaTi/Ta-potential/fcc-restart/05-rss-round-1/rss/minimized/unary-Ta/Ta-00066-1.poscar,Ta-potential/fcc-restart/05-rss-round-1/rss/raw/unary-Ta/Ta-00066.poscar,3046edff62bdd1c5294cb572ef9fcdf0c198a926aacc175458ba4cf67848a4ba,3046edff62bdd1c5294cb572ef9fcdf0c198a926aacc175458ba4cf67848a4ba
rss-n10-p200000bar,Ta-potential/fcc-restart/05-rss-round-1/rss-selection/source-frames/rss-n10-p200000bar.xyz,16,10,200000.0,1,67,000203.poscar,unary-Ta/Ta-00067-1.poscar,/home/tuzhengyu/work/WTaTi/Ta-potential/fcc-restart/05-rss-round-1/rss/minimized/unary-Ta/Ta-00067-1.poscar,Ta-potential/fcc-restart/05-rss-round-1/rss/raw/unary-Ta/Ta-00067.poscar,0b5c3ec283e1f595014c02deeea1b3effffcde1ad42bed6023cbbe66d8eebcf2,0b5c3ec283e1f595014c02deeea1b3effffcde1ad42bed6023cbbe66d8eebcf2
rss-n10-p200000bar,Ta-potential/fcc-restart/05-rss-round-1/rss-selection/source-frames/rss-n10-p200000bar.xyz,17,10,200000.0,1,68,000206.poscar,unary-Ta/Ta-00068-1.poscar,/home/tuzhengyu/work/WTaTi/Ta-potential/fcc-restart/05-rss-round-1/rss/minimized/unary-Ta/Ta-00068-1.poscar,Ta-potential/fcc-restart/05-rss-round-1/rss/raw/unary-Ta/Ta-00068.poscar,45a2f695e684777272e124402b17ace31f95ffbed0cdd4002c41cd80118c5ac9,45a2f695e684777272e124402b17ace31f95ffbed0cdd4002c41cd80118c5ac9
rss-n10-p200000bar,Ta-potential/fcc-restart/05-rss-round-1/rss-selection/source-frames/rss-n10-p200000bar.xyz,18,10,200000.0,1,69,000209.poscar,unary-Ta/Ta-00069-1.poscar,/home/tuzhengyu/work/WTaTi/Ta-potential/fcc-restart/05-rss-round-1/rss/minimized/unary-Ta/Ta-00069-1.poscar,Ta-potential/fcc-restart/05-rss-round-1/rss/raw/unary-Ta/Ta-00069.poscar,e812c1d7a5194e6cf41fb07b9620af407bb65ccfcb4993e6cdd47904dc40fa06,e812c1d7a5194e6cf41fb07b9620af407bb65ccfcb4993e6cdd47904dc40fa06
rss-n10-p200000bar,Ta-potential/fcc-restart/05-rss-round-1/rss-selection/source-frames/rss-n10-p200000bar.xyz,19,10,200000.0,1,70,000212.poscar,unary-Ta/Ta-00070-1.poscar,/home/tuzhengyu/work/WTaTi/Ta-potential/fcc-restart/05-rss-round-1/rss/minimized/unary-Ta/Ta-00070-1.poscar,Ta-potential/fcc-restart/05-rss-round-1/rss/raw/unary-Ta/Ta-00070.poscar,940813538515e74b6e15e96ec7d918337b655451b3955a78aa87a19b47cc4daa,940813538515e74b6e15e96ec7d918337b655451b3955a78aa87a19b47cc4daa
rss-n10-p200000bar,Ta-potential/fcc-restart/05-rss-round-1/rss-selection/source-frames/rss-n10-p200000bar.xyz,20,10,200000.0,1,71,000215.poscar,unary-Ta/Ta-00071-1.poscar,/home/tuzhengyu/work/WTaTi/Ta-potential/fcc-restart/05-rss-round-1/rss/minimized/unary-Ta/Ta-00071-1.poscar,Ta-potential/fcc-restart/05-rss-round-1/rss/raw/unary-Ta/Ta-00071.poscar,7984a909547eda67af2b1fe7059bc59328b49f80ba01dd328fa6da482adcf7bf,7984a909547eda67af2b1fe7059bc59328b49f80ba01dd328fa6da482adcf7bf
rss-n10-p200000bar,Ta-potential/fcc-restart/05-rss-round-1/rss-selection/source-frames/rss-n10-p200000bar.xyz,21,10,200000.0,1,72,000218.poscar,unary-Ta/Ta-00072-1.poscar,/home/tuzhengyu/work/WTaTi/Ta-potential/fcc-restart/05-rss-round-1/rss/minimized/unary-Ta/Ta-00072-1.poscar,Ta-potential/fcc-restart/05-rss-round-1/rss/raw/unary-Ta/Ta-00072.poscar,bbd61a624286d6c47edc811179cc8076ed7a8efbcc328478f6a03e22fe356b0c,bbd61a624286d6c47edc811179cc8076ed7a8efbcc328478f6a03e22fe356b0c
rss-n10-p200000bar,Ta-potential/fcc-restart/05-rss-round-1/rss-selection/source-frames/rss-n10-p200000bar.xyz,22,10,200000.0,1,73,000221.poscar,unary-Ta/Ta-00073-1.poscar,/home/tuzhengyu/work/WTaTi/Ta-potential/fcc-restart/05-rss-round-1/rss/minimized/unary-Ta/Ta-00073-1.poscar,Ta-potential/fcc-restart/05-rss-round-1/rss/raw/unary-Ta/Ta-00073.poscar,318a924a3b974313167942590f6bc1195384ba76bd1b8cebc8215edf373075d5,318a924a3b974313167942590f6bc1195384ba76bd1b8cebc8215edf373075d5
rss-n10-p200000bar,Ta-potential/fcc-restart/05-rss-round-1/rss-selection/source-frames/rss-n10-p200000bar.xyz,23,10,200000.0,1,74,000224.poscar,unary-Ta/Ta-00074-1.poscar,/home/tuzhengyu/work/WTaTi/Ta-potential/fcc-restart/05-rss-round-1/rss/minimized/unary-Ta/Ta-00074-1.poscar,Ta-potential/fcc-restart/05-rss-round-1/rss/raw/unary-Ta/Ta-00074.poscar,98dbbd2f9ce1c53affad4b745a2b8ef1405240cc28a943ea8276bee3ee03f03b,98dbbd2f9ce1c53affad4b745a2b8ef1405240cc28a943ea8276bee3ee03f03b
rss-n10-p200000bar,Ta-potential/fcc-restart/05-rss-round-1/rss-selection/source-frames/rss-n10-p200000bar.xyz,24,10,200000.0,1,75,000227.poscar,unary-Ta/Ta-00075-1.poscar,/home/tuzhengyu/work/WTaTi/Ta-potential/fcc-restart/05-rss-round-1/rss/minimized/unary-Ta/Ta-00075-1.poscar,Ta-potential/fcc-restart/05-rss-round-1/rss/raw/unary-Ta/Ta-00075.poscar,4a9fcd636a466a4feeced5c386e49fb02f0677e3cfaa63d03caca8f7fcafde37,4a9fcd636a466a4feeced5c386e49fb02f0677e3cfaa63d03caca8f7fcafde37
rss-n10-p200000bar,Ta-potential/fcc-restart/05-rss-round-1/rss-selection/source-frames/rss-n10-p200000bar.xyz,25,10,200000.0,1,76,000230.poscar,unary-Ta/Ta-00076-1.poscar,/home/tuzhengyu/work/WTaTi/Ta-potential/fcc-restart/05-rss-round-1/rss/minimized/unary-Ta/Ta-00076-1.poscar,Ta-potential/fcc-restart/05-rss-round-1/rss/raw/unary-Ta/Ta-00076.poscar,a0740733a27b16a589d5b3191a7fbdfb63622a379c5d87f009b13456f0675665,a0740733a27b16a589d5b3191a7fbdfb63622a379c5d87f009b13456f0675665
rss-n10-p200000bar,Ta-potential/fcc-restart/05-rss-round-1/rss-selection/source-frames/rss-n10-p200000bar.xyz,26,10,200000.0,1,77,000233.poscar,unary-Ta/Ta-00077-1.poscar,/home/tuzhengyu/work/WTaTi/Ta-potential/fcc-restart/05-rss-round-1/rss/minimized/unary-Ta/Ta-00077-1.poscar,Ta-potential/fcc-restart/05-rss-round-1/rss/raw/unary-Ta/Ta-00077.poscar,3e4c952a6d766d4283183a95eb17b5b5cb866de52400ecf7745a3e51e094a39c,3e4c952a6d766d4283183a95eb17b5b5cb866de52400ecf7745a3e51e094a39c
rss-n10-p200000bar,Ta-potential/fcc-restart/05-rss-round-1/rss-selection/source-frames/rss-n10-p200000bar.xyz,27,10,200000.0,1,78,000236.poscar,unary-Ta/Ta-00078-1.poscar,/home/tuzhengyu/work/WTaTi/Ta-potential/fcc-restart/05-rss-round-1/rss/minimized/unary-Ta/Ta-00078-1.poscar,Ta-potential/fcc-restart/05-rss-round-1/rss/raw/unary-Ta/Ta-00078.poscar,94d4a3b89092661962c00ba1b323038116475242a80096df9821744353e872bf,94d4a3b89092661962c00ba1b323038116475242a80096df9821744353e872bf
rss-n10-p200000bar,Ta-potential/fcc-restart/05-rss-round-1/rss-selection/source-frames/rss-n10-p200000bar.xyz,28,10,200000.0,1,79,000239.poscar,unary-Ta/Ta-00079-1.poscar,/home/tuzhengyu/work/WTaTi/Ta-potential/fcc-restart/05-rss-round-1/rss/minimized/unary-Ta/Ta-00079-1.poscar,Ta-potential/fcc-restart/05-rss-round-1/rss/raw/unary-Ta/Ta-00079.poscar,e6b47c583c5d44fc1d148124cd286707347ea6641b8d51e339cb6aa6786adfdb,e6b47c583c5d44fc1d148124cd286707347ea6641b8d51e339cb6aa6786adfdb
rss-n10-p200000bar,Ta-potential/fcc-restart/05-rss-round-1/rss-selection/source-frames/rss-n10-p200000bar.xyz,29,10,200000.0,1,80,000242.poscar,unary-Ta/Ta-00080-1.poscar,/home/tuzhengyu/work/WTaTi/Ta-potential/fcc-restart/05-rss-round-1/rss/minimized/unary-Ta/Ta-00080-1.poscar,Ta-potential/fcc-restart/05-rss-round-1/rss/raw/unary-Ta/Ta-00080.poscar,565cd6d76cc9f97c3be757609e5e2ac59a2b58dedb7087e274c1eb9428204efe,565cd6d76cc9f97c3be757609e5e2ac59a2b58dedb7087e274c1eb9428204efe
rss-n10-p200000bar,Ta-potential/fcc-restart/05-rss-round-1/rss-selection/source-frames/rss-n10-p200000bar.xyz,30,10,200000.0,1,81,000245.poscar,unary-Ta/Ta-00081-1.poscar,/home/tuzhengyu/work/WTaTi/Ta-potential/fcc-restart/05-rss-round-1/rss/minimized/unary-Ta/Ta-00081-1.poscar,Ta-potential/fcc-restart/05-rss-round-1/rss/raw/unary-Ta/Ta-00081.poscar,fb7a52cc974120b043ea91afd643f69639be59af91ca839f090ac5cfecb7fb4e,fb7a52cc974120b043ea91afd643f69639be59af91ca839f090ac5cfecb7fb4e
rss-n10-p200000bar,Ta-potential/fcc-restart/05-rss-round-1/rss-selection/source-frames/rss-n10-p200000bar.xyz,31,10,200000.0,1,82,000248.poscar,unary-Ta/Ta-00082-1.poscar,/home/tuzhengyu/work/WTaTi/Ta-potential/fcc-restart/05-rss-round-1/rss/minimized/unary-Ta/Ta-00082-1.poscar,Ta-potential/fcc-restart/05-rss-round-1/rss/raw/unary-Ta/Ta-00082.poscar,35d0c22e170190d31b437912ad6541c22d1f94db5f293768586e6a155f149eb2,35d0c22e170190d31b437912ad6541c22d1f94db5f293768586e6a155f149eb2
rss-n10-p200000bar,Ta-potential/fcc-restart/05-rss-round-1/rss-selection/source-frames/rss-n10-p200000bar.xyz,32,10,200000.0,1,83,000251.poscar,unary-Ta/Ta-00083-1.poscar,/home/tuzhengyu/work/WTaTi/Ta-potential/fcc-restart/05-rss-round-1/rss/minimized/unary-Ta/Ta-00083-1.poscar,Ta-potential/fcc-restart/05-rss-round-1/rss/raw/unary-Ta/Ta-00083.poscar,d1758ef67ce93ab760a97dab5c7ca43cd272bbeee541481df4b8df80016729c2,d1758ef67ce93ab760a97dab5c7ca43cd272bbeee541481df4b8df80016729c2
rss-n10-p200000bar,Ta-potential/fcc-restart/05-rss-round-1/rss-selection/source-frames/rss-n10-p200000bar.xyz,33,10,200000.0,1,84,000254.poscar,unary-Ta/Ta-00084-1.poscar,/home/tuzhengyu/work/WTaTi/Ta-potential/fcc-restart/05-rss-round-1/rss/minimized/unary-Ta/Ta-00084-1.poscar,Ta-potential/fcc-restart/05-rss-round-1/rss/raw/unary-Ta/Ta-00084.poscar,ab145a0b1853ab9b5e4ccb87f19591926065784491974198e7578eb33c583bf8,ab145a0b1853ab9b5e4ccb87f19591926065784491974198e7578eb33c583bf8
rss-n10-p200000bar,Ta-potential/fcc-restart/05-rss-round-1/rss-selection/source-frames/rss-n10-p200000bar.xyz,34,10,200000.0,1,85,000257.poscar,unary-Ta/Ta-00085-1.poscar,/home/tuzhengyu/work/WTaTi/Ta-potential/fcc-restart/05-rss-round-1/rss/minimized/unary-Ta/Ta-00085-1.poscar,Ta-potential/fcc-restart/05-rss-round-1/rss/raw/unary-Ta/Ta-00085.poscar,00d74da4eac78b02d610fa7f9e8d1c18d1ee56176d84a1bd17d4f44879c15854,00d74da4eac78b02d610fa7f9e8d1c18d1ee56176d84a1bd17d4f44879c15854
rss-n10-p200000bar,Ta-potential/fcc-restart/05-rss-round-1/rss-selection/source-frames/rss-n10-p200000bar.xyz,35,10,200000.0,1,86,000260.poscar,unary-Ta/Ta-00086-1.poscar,/home/tuzhengyu/work/WTaTi/Ta-potential/fcc-restart/05-rss-round-1/rss/minimized/unary-Ta/Ta-00086-1.poscar,Ta-potential/fcc-restart/05-rss-round-1/rss/raw/unary-Ta/Ta-00086.poscar,ea9dffc8051ae41f712d19065c7d85b8c479e3c382971e9257fd1c2507dfa178,ea9dffc8051ae41f712d19065c7d85b8c479e3c382971e9257fd1c2507dfa178
rss-n10-p200000bar,Ta-potential/fcc-restart/05-rss-round-1/rss-selection/source-frames/rss-n10-p200000bar.xyz,36,10,200000.0,1,87,000263.poscar,unary-Ta/Ta-00087-1.poscar,/home/tuzhengyu/work/WTaTi/Ta-potential/fcc-restart/05-rss-round-1/rss/minimized/unary-Ta/Ta-00087-1.poscar,Ta-potential/fcc-restart/05-rss-round-1/rss/raw/unary-Ta/Ta-00087.poscar,33d4de61911670f29411ee405a9a99bb315816154d98da46467be0ac433e94bc,33d4de61911670f29411ee405a9a99bb315816154d98da46467be0ac433e94bc
rss-n10-p200000bar,Ta-potential/fcc-restart/05-rss-round-1/rss-selection/source-frames/rss-n10-p200000bar.xyz,37,10,200000.0,1,88,000266.poscar,unary-Ta/Ta-00088-1.poscar,/home/tuzhengyu/work/WTaTi/Ta-potential/fcc-restart/05-rss-round-1/rss/minimized/unary-Ta/Ta-00088-1.poscar,Ta-potential/fcc-restart/05-rss-round-1/rss/raw/unary-Ta/Ta-00088.poscar,9730b2c132c830df44ee041c3402a738e692aa56c96c03b55655a4d2dd273870,9730b2c132c830df44ee041c3402a738e692aa56c96c03b55655a4d2dd273870
rss-n10-p200000bar,Ta-potential/fcc-restart/05-rss-round-1/rss-selection/source-frames/rss-n10-p200000bar.xyz,38,10,200000.0,1,89,000269.poscar,unary-Ta/Ta-00089-1.poscar,/home/tuzhengyu/work/WTaTi/Ta-potential/fcc-restart/05-rss-round-1/rss/minimized/unary-Ta/Ta-00089-1.poscar,Ta-potential/fcc-restart/05-rss-round-1/rss/raw/unary-Ta/Ta-00089.poscar,a797f448c056124eff73c0fa9efe2aedf5a8896d81d3e0b7e3b58f1f5369cce3,a797f448c056124eff73c0fa9efe2aedf5a8896d81d3e0b7e3b58f1f5369cce3
rss-n10-p200000bar,Ta-potential/fcc-restart/05-rss-round-1/rss-selection/source-frames/rss-n10-p200000bar.xyz,39,10,200000.0,1,90,000272.poscar,unary-Ta/Ta-00090-1.poscar,/home/tuzhengyu/work/WTaTi/Ta-potential/fcc-restart/05-rss-round-1/rss/minimized/unary-Ta/Ta-00090-1.poscar,Ta-potential/fcc-restart/05-rss-round-1/rss/raw/unary-Ta/Ta-00090.poscar,19ff5f0d76a346123856b95606b4058b8cd33b71dcd503966e12c4b1413e2efa,19ff5f0d76a346123856b95606b4058b8cd33b71dcd503966e12c4b1413e2efa
rss-n10-p200000bar,Ta-potential/fcc-restart/05-rss-round-1/rss-selection/source-frames/rss-n10-p200000bar.xyz,40,10,200000.0,1,91,000275.poscar,unary-Ta/Ta-00091-1.poscar,/home/tuzhengyu/work/WTaTi/Ta-potential/fcc-restart/05-rss-round-1/rss/minimized/unary-Ta/Ta-00091-1.poscar,Ta-potential/fcc-restart/05-rss-round-1/rss/raw/unary-Ta/Ta-00091.poscar,0b33f0c138932ff206de93726c65b82ef9e14b4ac07099c7ead799cafa12e321,0b33f0c138932ff206de93726c65b82ef9e14b4ac07099c7ead799cafa12e321
rss-n10-p200000bar,Ta-potential/fcc-restart/05-rss-round-1/rss-selection/source-frames/rss-n10-p200000bar.xyz,41,10,200000.0,1,92,000278.poscar,unary-Ta/Ta-00092-1.poscar,/home/tuzhengyu/work/WTaTi/Ta-potential/fcc-restart/05-rss-round-1/rss/minimized/unary-Ta/Ta-00092-1.poscar,Ta-potential/fcc-restart/05-rss-round-1/rss/raw/unary-Ta/Ta-00092.poscar,2364b16289b3e1c39718c2ffca0004a26894aa83d5b566ca3ec40350deeedbe0,2364b16289b3e1c39718c2ffca0004a26894aa83d5b566ca3ec40350deeedbe0
rss-n10-p200000bar,Ta-potential/fcc-restart/05-rss-round-1/rss-selection/source-frames/rss-n10-p200000bar.xyz,42,10,200000.0,1,93,000281.poscar,unary-Ta/Ta-00093-1.poscar,/home/tuzhengyu/work/WTaTi/Ta-potential/fcc-restart/05-rss-round-1/rss/minimized/unary-Ta/Ta-00093-1.poscar,Ta-potential/fcc-restart/05-rss-round-1/rss/raw/unary-Ta/Ta-00093.poscar,934498ece706b96c83b0b97ed18ea2ac335e83733e2d60e64505ae2d782eacd8,934498ece706b96c83b0b97ed18ea2ac335e83733e2d60e64505ae2d782eacd8
rss-n10-p200000bar,Ta-potential/fcc-restart/05-rss-round-1/rss-selection/source-frames/rss-n10-p200000bar.xyz,43,10,200000.0,1,94,000284.poscar,unary-Ta/Ta-00094-1.poscar,/home/tuzhengyu/work/WTaTi/Ta-potential/fcc-restart/05-rss-round-1/rss/minimized/unary-Ta/Ta-00094-1.poscar,Ta-potential/fcc-restart/05-rss-round-1/rss/raw/unary-Ta/Ta-00094.poscar,af6849c14a492dd0320b5942a95b2eaa38d65486af3ee43110c5de4e17d9389b,af6849c14a492dd0320b5942a95b2eaa38d65486af3ee43110c5de4e17d9389b
rss-n10-p200000bar,Ta-potential/fcc-restart/05-rss-round-1/rss-selection/source-frames/rss-n10-p200000bar.xyz,44,10,200000.0,1,95,000287.poscar,unary-Ta/Ta-00095-1.poscar,/home/tuzhengyu/work/WTaTi/Ta-potential/fcc-restart/05-rss-round-1/rss/minimized/unary-Ta/Ta-00095-1.poscar,Ta-potential/fcc-restart/05-rss-round-1/rss/raw/unary-Ta/Ta-00095.poscar,fd2e1da688af7e2221ce0afca65a1051d0ae009a297efa79d451cfb732848a6f,fd2e1da688af7e2221ce0afca65a1051d0ae009a297efa79d451cfb732848a6f
rss-n10-p200000bar,Ta-potential/fcc-restart/05-rss-round-1/rss-selection/source-frames/rss-n10-p200000bar.xyz,45,10,200000.0,1,96,000290.poscar,unary-Ta/Ta-00096-1.poscar,/home/tuzhengyu/work/WTaTi/Ta-potential/fcc-restart/05-rss-round-1/rss/minimized/unary-Ta/Ta-00096-1.poscar,Ta-potential/fcc-restart/05-rss-round-1/rss/raw/unary-Ta/Ta-00096.poscar,eb1d61b436d5dead234a287a3ac2bcaf9730405a6325efd84761dd63fd5b382f,eb1d61b436d5dead234a287a3ac2bcaf9730405a6325efd84761dd63fd5b382f
rss-n10-p200000bar,Ta-potential/fcc-restart/05-rss-round-1/rss-selection/source-frames/rss-n10-p200000bar.xyz,46,10,200000.0,1,97,000293.poscar,unary-Ta/Ta-00097-1.poscar,/home/tuzhengyu/work/WTaTi/Ta-potential/fcc-restart/05-rss-round-1/rss/minimized/unary-Ta/Ta-00097-1.poscar,Ta-potential/fcc-restart/05-rss-round-1/rss/raw/unary-Ta/Ta-00097.poscar,340dd8256f3bc9d4a37694ce8cc139fd33d582792f2b4398de9f666b651bbe70,340dd8256f3bc9d4a37694ce8cc139fd33d582792f2b4398de9f666b651bbe70
rss-n10-p200000bar,Ta-potential/fcc-restart/05-rss-round-1/rss-selection/source-frames/rss-n10-p200000bar.xyz,47,10,200000.0,1,98,000296.poscar,unary-Ta/Ta-00098-1.poscar,/home/tuzhengyu/work/WTaTi/Ta-potential/fcc-restart/05-rss-round-1/rss/minimized/unary-Ta/Ta-00098-1.poscar,Ta-potential/fcc-restart/05-rss-round-1/rss/raw/unary-Ta/Ta-00098.poscar,d22de311eecd565c42e29cec86fffce6c15abd8d2e46238e3a18697676921a89,d22de311eecd565c42e29cec86fffce6c15abd8d2e46238e3a18697676921a89
rss-n10-p200000bar,Ta-potential/fcc-restart/05-rss-round-1/rss-selection/source-frames/rss-n10-p200000bar.xyz,48,10,200000.0,1,99,000299.poscar,unary-Ta/Ta-00099-1.poscar,/home/tuzhengyu/work/WTaTi/Ta-potential/fcc-restart/05-rss-round-1/rss/minimized/unary-Ta/Ta-00099-1.poscar,Ta-potential/fcc-restart/05-rss-round-1/rss/raw/unary-Ta/Ta-00099.poscar,7e751e6ea4f0682045216621879b67048cdb29e90eea935fc5833a7d4b617e3b,7e751e6ea4f0682045216621879b67048cdb29e90eea935fc5833a7d4b617e3b
rss-n10-p400000bar,Ta-potential/fcc-restart/05-rss-round-1/rss-selection/source-frames/rss-n10-p400000bar.xyz,0,10,400000.0,2,50,000153.poscar,unary-Ta/Ta-00050-2.poscar,/home/tuzhengyu/work/WTaTi/Ta-potential/fcc-restart/05-rss-round-1/rss/minimized/unary-Ta/Ta-00050-2.poscar,Ta-potential/fcc-restart/05-rss-round-1/rss/raw/unary-Ta/Ta-00050.poscar,9046ee508642724a4813fa5c7d32a53e15975f88fd82274e8cf764a29003edd1,9046ee508642724a4813fa5c7d32a53e15975f88fd82274e8cf764a29003edd1
rss-n10-p400000bar,Ta-potential/fcc-restart/05-rss-round-1/rss-selection/source-frames/rss-n10-p400000bar.xyz,1,10,400000.0,2,51,000156.poscar,unary-Ta/Ta-00051-2.poscar,/home/tuzhengyu/work/WTaTi/Ta-potential/fcc-restart/05-rss-round-1/rss/minimized/unary-Ta/Ta-00051-2.poscar,Ta-potential/fcc-restart/05-rss-round-1/rss/raw/unary-Ta/Ta-00051.poscar,5663240bca60b8b7c0ec1b17a983483068a5f86c97788edecc57bdfe35261016,5663240bca60b8b7c0ec1b17a983483068a5f86c97788edecc57bdfe35261016
rss-n10-p400000bar,Ta-potential/fcc-restart/05-rss-round-1/rss-selection/source-frames/rss-n10-p400000bar.xyz,2,10,400000.0,2,52,000159.poscar,unary-Ta/Ta-00052-2.poscar,/home/tuzhengyu/work/WTaTi/Ta-potential/fcc-restart/05-rss-round-1/rss/minimized/unary-Ta/Ta-00052-2.poscar,Ta-potential/fcc-restart/05-rss-round-1/rss/raw/unary-Ta/Ta-00052.poscar,709e45062dc209244b585f70fc3195186269b14aedb6284ebf40e7ff31c2647e,709e45062dc209244b585f70fc3195186269b14aedb6284ebf40e7ff31c2647e
rss-n10-p400000bar,Ta-potential/fcc-restart/05-rss-round-1/rss-selection/source-frames/rss-n10-p400000bar.xyz,3,10,400000.0,2,53,000162.poscar,unary-Ta/Ta-00053-2.poscar,/home/tuzhengyu/work/WTaTi/Ta-potential/fcc-restart/05-rss-round-1/rss/minimized/unary-Ta/Ta-00053-2.poscar,Ta-potential/fcc-restart/05-rss-round-1/rss/raw/unary-Ta/Ta-00053.poscar,16265e90be912b15d118459a3a8d77695b29f64e921812c12ac4e0f01d8da664,16265e90be912b15d118459a3a8d77695b29f64e921812c12ac4e0f01d8da664
rss-n10-p400000bar,Ta-potential/fcc-restart/05-rss-round-1/rss-selection/source-frames/rss-n10-p400000bar.xyz,4,10,400000.0,2,54,000165.poscar,unary-Ta/Ta-00054-2.poscar,/home/tuzhengyu/work/WTaTi/Ta-potential/fcc-restart/05-rss-round-1/rss/minimized/unary-Ta/Ta-00054-2.poscar,Ta-potential/fcc-restart/05-rss-round-1/rss/raw/unary-Ta/Ta-00054.poscar,f89dea91ab049f03294ea1739f702e70ea4121bc674866b21f63ccf1c0f81c8c,f89dea91ab049f03294ea1739f702e70ea4121bc674866b21f63ccf1c0f81c8c
rss-n10-p400000bar,Ta-potential/fcc-restart/05-rss-round-1/rss-selection/source-frames/rss-n10-p400000bar.xyz,5,10,400000.0,2,55,000168.poscar,unary-Ta/Ta-00055-2.poscar,/home/tuzhengyu/work/WTaTi/Ta-potential/fcc-restart/05-rss-round-1/rss/minimized/unary-Ta/Ta-00055-2.poscar,Ta-potential/fcc-restart/05-rss-round-1/rss/raw/unary-Ta/Ta-00055.poscar,cc157a167195add42e688086f3e6194be9aa547337c941e2d83ad1d1d271ea18,cc157a167195add42e688086f3e6194be9aa547337c941e2d83ad1d1d271ea18
rss-n10-p400000bar,Ta-potential/fcc-restart/05-rss-round-1/rss-selection/source-frames/rss-n10-p400000bar.xyz,6,10,400000.0,2,56,000171.poscar,unary-Ta/Ta-00056-2.poscar,/home/tuzhengyu/work/WTaTi/Ta-potential/fcc-restart/05-rss-round-1/rss/minimized/unary-Ta/Ta-00056-2.poscar,Ta-potential/fcc-restart/05-rss-round-1/rss/raw/unary-Ta/Ta-00056.poscar,57322a1b643d04970e3b02c928f79db37cd1de3280d22970b496e191fb3df47a,57322a1b643d04970e3b02c928f79db37cd1de3280d22970b496e191fb3df47a
rss-n10-p400000bar,Ta-potential/fcc-restart/05-rss-round-1/rss-selection/source-frames/rss-n10-p400000bar.xyz,7,10,400000.0,2,57,000174.poscar,unary-Ta/Ta-00057-2.poscar,/home/tuzhengyu/work/WTaTi/Ta-potential/fcc-restart/05-rss-round-1/rss/minimized/unary-Ta/Ta-00057-2.poscar,Ta-potential/fcc-restart/05-rss-round-1/rss/raw/unary-Ta/Ta-00057.poscar,4aaf4cdf702fc6f881732535136d465bb0ca6c10af8b0baa55b813cf72bb2ab7,4aaf4cdf702fc6f881732535136d465bb0ca6c10af8b0baa55b813cf72bb2ab7
rss-n10-p400000bar,Ta-potential/fcc-restart/05-rss-round-1/rss-selection/source-frames/rss-n10-p400000bar.xyz,8,10,400000.0,2,58,000177.poscar,unary-Ta/Ta-00058-2.poscar,/home/tuzhengyu/work/WTaTi/Ta-potential/fcc-restart/05-rss-round-1/rss/minimized/unary-Ta/Ta-00058-2.poscar,Ta-potential/fcc-restart/05-rss-round-1/rss/raw/unary-Ta/Ta-00058.poscar,1dc8e61efb99cbb3e3935031cc616ffa7dad23be3253592c208aa9cd381de280,1dc8e61efb99cbb3e3935031cc616ffa7dad23be3253592c208aa9cd381de280
rss-n10-p400000bar,Ta-potential/fcc-restart/05-rss-round-1/rss-selection/source-frames/rss-n10-p400000bar.xyz,9,10,400000.0,2,59,000180.poscar,unary-Ta/Ta-00059-2.poscar,/home/tuzhengyu/work/WTaTi/Ta-potential/fcc-restart/05-rss-round-1/rss/minimized/unary-Ta/Ta-00059-2.poscar,Ta-potential/fcc-restart/05-rss-round-1/rss/raw/unary-Ta/Ta-00059.poscar,efcd9908fa824025023d663329c2f1a3981eb9e599ce8decfa0de61fc4b4cd69,efcd9908fa824025023d663329c2f1a3981eb9e599ce8decfa0de61fc4b4cd69
rss-n10-p400000bar,Ta-potential/fcc-restart/05-rss-round-1/rss-selection/source-frames/rss-n10-p400000bar.xyz,10,10,400000.0,2,60,000183.poscar,unary-Ta/Ta-00060-2.poscar,/home/tuzhengyu/work/WTaTi/Ta-potential/fcc-restart/05-rss-round-1/rss/minimized/unary-Ta/Ta-00060-2.poscar,Ta-potential/fcc-restart/05-rss-round-1/rss/raw/unary-Ta/Ta-00060.poscar,2b228d246d0a637d638586e04b07e0d6d7923baf3f97020a969627e483f5673f,2b228d246d0a637d638586e04b07e0d6d7923baf3f97020a969627e483f5673f
rss-n10-p400000bar,Ta-potential/fcc-restart/05-rss-round-1/rss-selection/source-frames/rss-n10-p400000bar.xyz,11,10,400000.0,2,61,000186.poscar,unary-Ta/Ta-00061-2.poscar,/home/tuzhengyu/work/WTaTi/Ta-potential/fcc-restart/05-rss-round-1/rss/minimized/unary-Ta/Ta-00061-2.poscar,Ta-potential/fcc-restart/05-rss-round-1/rss/raw/unary-Ta/Ta-00061.poscar,9a78948f7dbb3af8c584a80bf617913d1029ec3011c3447f7f90e29beee0b342,9a78948f7dbb3af8c584a80bf617913d1029ec3011c3447f7f90e29beee0b342
rss-n10-p400000bar,Ta-potential/fcc-restart/05-rss-round-1/rss-selection/source-frames/rss-n10-p400000bar.xyz,12,10,400000.0,2,62,000189.poscar,unary-Ta/Ta-00062-2.poscar,/home/tuzhengyu/work/WTaTi/Ta-potential/fcc-restart/05-rss-round-1/rss/minimized/unary-Ta/Ta-00062-2.poscar,Ta-potential/fcc-restart/05-rss-round-1/rss/raw/unary-Ta/Ta-00062.poscar,5e319a4fc22806e82cd559c7e768d0f2e24e9a1b2c2be754bc0265c302750e79,5e319a4fc22806e82cd559c7e768d0f2e24e9a1b2c2be754bc0265c302750e79
rss-n10-p400000bar,Ta-potential/fcc-restart/05-rss-round-1/rss-selection/source-frames/rss-n10-p400000bar.xyz,13,10,400000.0,2,63,000192.poscar,unary-Ta/Ta-00063-2.poscar,/home/tuzhengyu/work/WTaTi/Ta-potential/fcc-restart/05-rss-round-1/rss/minimized/unary-Ta/Ta-00063-2.poscar,Ta-potential/fcc-restart/05-rss-round-1/rss/raw/unary-Ta/Ta-00063.poscar,2fd0d18e89fe003feb45f7872bf4a4de80f2b0299004b7733ccbacf03284ae0b,2fd0d18e89fe003feb45f7872bf4a4de80f2b0299004b7733ccbacf03284ae0b
rss-n10-p400000bar,Ta-potential/fcc-restart/05-rss-round-1/rss-selection/source-frames/rss-n10-p400000bar.xyz,14,10,400000.0,2,64,000195.poscar,unary-Ta/Ta-00064-2.poscar,/home/tuzhengyu/work/WTaTi/Ta-potential/fcc-restart/05-rss-round-1/rss/minimized/unary-Ta/Ta-00064-2.poscar,Ta-potential/fcc-restart/05-rss-round-1/rss/raw/unary-Ta/Ta-00064.poscar,122a10ef9759754e51dcaf9e958b263df0aa912b2148cc3c357a47235c5bad59,122a10ef9759754e51dcaf9e958b263df0aa912b2148cc3c357a47235c5bad59
rss-n10-p400000bar,Ta-potential/fcc-restart/05-rss-round-1/rss-selection/source-frames/rss-n10-p400000bar.xyz,15,10,400000.0,2,65,000198.poscar,unary-Ta/Ta-00065-2.poscar,/home/tuzhengyu/work/WTaTi/Ta-potential/fcc-restart/05-rss-round-1/rss/minimized/unary-Ta/Ta-00065-2.poscar,Ta-potential/fcc-restart/05-rss-round-1/rss/raw/unary-Ta/Ta-00065.poscar,825d588b12d567e9c454fd91ec6065e9b4bf2c62950e855ccc261ca331205f5c,825d588b12d567e9c454fd91ec6065e9b4bf2c62950e855ccc261ca331205f5c
rss-n10-p400000bar,Ta-potential/fcc-restart/05-rss-round-1/rss-selection/source-frames/rss-n10-p400000bar.xyz,16,10,400000.0,2,66,000201.poscar,unary-Ta/Ta-00066-2.poscar,/home/tuzhengyu/work/WTaTi/Ta-potential/fcc-restart/05-rss-round-1/rss/minimized/unary-Ta/Ta-00066-2.poscar,Ta-potential/fcc-restart/05-rss-round-1/rss/raw/unary-Ta/Ta-00066.poscar,b119e2bac3287d52e1ebc3303dc3d1c7adfb286c4b1d13aafbdbdeccf14b4f9a,b119e2bac3287d52e1ebc3303dc3d1c7adfb286c4b1d13aafbdbdeccf14b4f9a
rss-n10-p400000bar,Ta-potential/fcc-restart/05-rss-round-1/rss-selection/source-frames/rss-n10-p400000bar.xyz,17,10,400000.0,2,67,000204.poscar,unary-Ta/Ta-00067-2.poscar,/home/tuzhengyu/work/WTaTi/Ta-potential/fcc-restart/05-rss-round-1/rss/minimized/unary-Ta/Ta-00067-2.poscar,Ta-potential/fcc-restart/05-rss-round-1/rss/raw/unary-Ta/Ta-00067.poscar,b03158e91d21b6851f113675a20826c93b70d95c2db619385d5e6b348e7f80b2,b03158e91d21b6851f113675a20826c93b70d95c2db619385d5e6b348e7f80b2
rss-n10-p400000bar,Ta-potential/fcc-restart/05-rss-round-1/rss-selection/source-frames/rss-n10-p400000bar.xyz,18,10,400000.0,2,68,000207.poscar,unary-Ta/Ta-00068-2.poscar,/home/tuzhengyu/work/WTaTi/Ta-potential/fcc-restart/05-rss-round-1/rss/minimized/unary-Ta/Ta-00068-2.poscar,Ta-potential/fcc-restart/05-rss-round-1/rss/raw/unary-Ta/Ta-00068.poscar,7d750e2d79beacf68eaacb64df0f7e7f1037cf3d593b192bc30d17149913626b,7d750e2d79beacf68eaacb64df0f7e7f1037cf3d593b192bc30d17149913626b
rss-n10-p400000bar,Ta-potential/fcc-restart/05-rss-round-1/rss-selection/source-frames/rss-n10-p400000bar.xyz,19,10,400000.0,2,69,000210.poscar,unary-Ta/Ta-00069-2.poscar,/home/tuzhengyu/work/WTaTi/Ta-potential/fcc-restart/05-rss-round-1/rss/minimized/unary-Ta/Ta-00069-2.poscar,Ta-potential/fcc-restart/05-rss-round-1/rss/raw/unary-Ta/Ta-00069.poscar,e3797d5bdcbbc9169cdd28faf01fdab6f1e292faac5adcdb1788989b20ef1945,e3797d5bdcbbc9169cdd28faf01fdab6f1e292faac5adcdb1788989b20ef1945
rss-n10-p400000bar,Ta-potential/fcc-restart/05-rss-round-1/rss-selection/source-frames/rss-n10-p400000bar.xyz,20,10,400000.0,2,70,000213.poscar,unary-Ta/Ta-00070-2.poscar,/home/tuzhengyu/work/WTaTi/Ta-potential/fcc-restart/05-rss-round-1/rss/minimized/unary-Ta/Ta-00070-2.poscar,Ta-potential/fcc-restart/05-rss-round-1/rss/raw/unary-Ta/Ta-00070.poscar,752b2fb7f22e0fce4050e63d875af44d71de20587ea4ca83165679a482bc0caa,752b2fb7f22e0fce4050e63d875af44d71de20587ea4ca83165679a482bc0caa
rss-n10-p400000bar,Ta-potential/fcc-restart/05-rss-round-1/rss-selection/source-frames/rss-n10-p400000bar.xyz,21,10,400000.0,2,71,000216.poscar,unary-Ta/Ta-00071-2.poscar,/home/tuzhengyu/work/WTaTi/Ta-potential/fcc-restart/05-rss-round-1/rss/minimized/unary-Ta/Ta-00071-2.poscar,Ta-potential/fcc-restart/05-rss-round-1/rss/raw/unary-Ta/Ta-00071.poscar,ab694299b25b1f14bed131e7dfc8f9b46204d5c51d947e67e69e884026866dae,ab694299b25b1f14bed131e7dfc8f9b46204d5c51d947e67e69e884026866dae
rss-n10-p400000bar,Ta-potential/fcc-restart/05-rss-round-1/rss-selection/source-frames/rss-n10-p400000bar.xyz,22,10,400000.0,2,72,000219.poscar,unary-Ta/Ta-00072-2.poscar,/home/tuzhengyu/work/WTaTi/Ta-potential/fcc-restart/05-rss-round-1/rss/minimized/unary-Ta/Ta-00072-2.poscar,Ta-potential/fcc-restart/05-rss-round-1/rss/raw/unary-Ta/Ta-00072.poscar,0fa776deb01b2db0653c5890e0aea04093a6cd985f724ecae45ea41a651b8a99,0fa776deb01b2db0653c5890e0aea04093a6cd985f724ecae45ea41a651b8a99
rss-n10-p400000bar,Ta-potential/fcc-restart/05-rss-round-1/rss-selection/source-frames/rss-n10-p400000bar.xyz,23,10,400000.0,2,73,000222.poscar,unary-Ta/Ta-00073-2.poscar,/home/tuzhengyu/work/WTaTi/Ta-potential/fcc-restart/05-rss-round-1/rss/minimized/unary-Ta/Ta-00073-2.poscar,Ta-potential/fcc-restart/05-rss-round-1/rss/raw/unary-Ta/Ta-00073.poscar,c6b1dca169eb5fabc6586344d586b31c4405c65833aef462e43bb0ea25a78437,c6b1dca169eb5fabc6586344d586b31c4405c65833aef462e43bb0ea25a78437
rss-n10-p400000bar,Ta-potential/fcc-restart/05-rss-round-1/rss-selection/source-frames/rss-n10-p400000bar.xyz,24,10,400000.0,2,74,000225.poscar,unary-Ta/Ta-00074-2.poscar,/home/tuzhengyu/work/WTaTi/Ta-potential/fcc-restart/05-rss-round-1/rss/minimized/unary-Ta/Ta-00074-2.poscar,Ta-potential/fcc-restart/05-rss-round-1/rss/raw/unary-Ta/Ta-00074.poscar,0cab27d29a7830da67ee19db8ddd6f74bfb8fcf104ebcad174265ef807e7a583,0cab27d29a7830da67ee19db8ddd6f74bfb8fcf104ebcad174265ef807e7a583
rss-n10-p400000bar,Ta-potential/fcc-restart/05-rss-round-1/rss-selection/source-frames/rss-n10-p400000bar.xyz,25,10,400000.0,2,75,000228.poscar,unary-Ta/Ta-00075-2.poscar,/home/tuzhengyu/work/WTaTi/Ta-potential/fcc-restart/05-rss-round-1/rss/minimized/unary-Ta/Ta-00075-2.poscar,Ta-potential/fcc-restart/05-rss-round-1/rss/raw/unary-Ta/Ta-00075.poscar,13286c570dfc50b2daacc6f3f0d07e30079c66db9d62deac3df914876f6500c8,13286c570dfc50b2daacc6f3f0d07e30079c66db9d62deac3df914876f6500c8
rss-n10-p400000bar,Ta-potential/fcc-restart/05-rss-round-1/rss-selection/source-frames/rss-n10-p400000bar.xyz,26,10,400000.0,2,76,000231.poscar,unary-Ta/Ta-00076-2.poscar,/home/tuzhengyu/work/WTaTi/Ta-potential/fcc-restart/05-rss-round-1/rss/minimized/unary-Ta/Ta-00076-2.poscar,Ta-potential/fcc-restart/05-rss-round-1/rss/raw/unary-Ta/Ta-00076.poscar,f94bd14f1e9d3138cef3d4494c86defc1c02eae6731083dc4c6a235b93d0b692,f94bd14f1e9d3138cef3d4494c86defc1c02eae6731083dc4c6a235b93d0b692
rss-n10-p400000bar,Ta-potential/fcc-restart/05-rss-round-1/rss-selection/source-frames/rss-n10-p400000bar.xyz,27,10,400000.0,2,77,000234.poscar,unary-Ta/Ta-00077-2.poscar,/home/tuzhengyu/work/WTaTi/Ta-potential/fcc-restart/05-rss-round-1/rss/minimized/unary-Ta/Ta-00077-2.poscar,Ta-potential/fcc-restart/05-rss-round-1/rss/raw/unary-Ta/Ta-00077.poscar,cf3c7558ddc7fccc051f39269cdf3f001bb606c2f2a7ff05b419e8a83d953144,cf3c7558ddc7fccc051f39269cdf3f001bb606c2f2a7ff05b419e8a83d953144
rss-n10-p400000bar,Ta-potential/fcc-restart/05-rss-round-1/rss-selection/source-frames/rss-n10-p400000bar.xyz,28,10,400000.0,2,78,000237.poscar,unary-Ta/Ta-00078-2.poscar,/home/tuzhengyu/work/WTaTi/Ta-potential/fcc-restart/05-rss-round-1/rss/minimized/unary-Ta/Ta-00078-2.poscar,Ta-potential/fcc-restart/05-rss-round-1/rss/raw/unary-Ta/Ta-00078.poscar,76b011d80e64b2199fece533bf3d41fa1aab65d8e364cc1ea89a49b40746735f,76b011d80e64b2199fece533bf3d41fa1aab65d8e364cc1ea89a49b40746735f
rss-n10-p400000bar,Ta-potential/fcc-restart/05-rss-round-1/rss-selection/source-frames/rss-n10-p400000bar.xyz,29,10,400000.0,2,79,000240.poscar,unary-Ta/Ta-00079-2.poscar,/home/tuzhengyu/work/WTaTi/Ta-potential/fcc-restart/05-rss-round-1/rss/minimized/unary-Ta/Ta-00079-2.poscar,Ta-potential/fcc-restart/05-rss-round-1/rss/raw/unary-Ta/Ta-00079.poscar,175e97899b6bbed2c48e9c36797cb842589ee90507ca017a9bed6e8fc14fdaaf,175e97899b6bbed2c48e9c36797cb842589ee90507ca017a9bed6e8fc14fdaaf
rss-n10-p400000bar,Ta-potential/fcc-restart/05-rss-round-1/rss-selection/source-frames/rss-n10-p400000bar.xyz,30,10,400000.0,2,80,000243.poscar,unary-Ta/Ta-00080-2.poscar,/home/tuzhengyu/work/WTaTi/Ta-potential/fcc-restart/05-rss-round-1/rss/minimized/unary-Ta/Ta-00080-2.poscar,Ta-potential/fcc-restart/05-rss-round-1/rss/raw/unary-Ta/Ta-00080.poscar,70c6ae8ac41feded5e5dde05ef44410781b9462e0b4c10461fb4c66dc827a53e,70c6ae8ac41feded5e5dde05ef44410781b9462e0b4c10461fb4c66dc827a53e
rss-n10-p400000bar,Ta-potential/fcc-restart/05-rss-round-1/rss-selection/source-frames/rss-n10-p400000bar.xyz,31,10,400000.0,2,81,000246.poscar,unary-Ta/Ta-00081-2.poscar,/home/tuzhengyu/work/WTaTi/Ta-potential/fcc-restart/05-rss-round-1/rss/minimized/unary-Ta/Ta-00081-2.poscar,Ta-potential/fcc-restart/05-rss-round-1/rss/raw/unary-Ta/Ta-00081.poscar,cd1e00983134ccddf7499cc06040896fbacff6546535e55d36c7f56c3946a3ec,cd1e00983134ccddf7499cc06040896fbacff6546535e55d36c7f56c3946a3ec
rss-n10-p400000bar,Ta-potential/fcc-restart/05-rss-round-1/rss-selection/source-frames/rss-n10-p400000bar.xyz,32,10,400000.0,2,82,000249.poscar,unary-Ta/Ta-00082-2.poscar,/home/tuzhengyu/work/WTaTi/Ta-potential/fcc-restart/05-rss-round-1/rss/minimized/unary-Ta/Ta-00082-2.poscar,Ta-potential/fcc-restart/05-rss-round-1/rss/raw/unary-Ta/Ta-00082.poscar,6e1eff0be070baf99bdbc94fd1c3946462536cde3ffe00b1a5357ab90d33c06e,6e1eff0be070baf99bdbc94fd1c3946462536cde3ffe00b1a5357ab90d33c06e
rss-n10-p400000bar,Ta-potential/fcc-restart/05-rss-round-1/rss-selection/source-frames/rss-n10-p400000bar.xyz,33,10,400000.0,2,83,000252.poscar,unary-Ta/Ta-00083-2.poscar,/home/tuzhengyu/work/WTaTi/Ta-potential/fcc-restart/05-rss-round-1/rss/minimized/unary-Ta/Ta-00083-2.poscar,Ta-potential/fcc-restart/05-rss-round-1/rss/raw/unary-Ta/Ta-00083.poscar,2e8623320ac0e10033fc02b0a087f1eecb5a44d7296c128b907ede86b2f27f18,2e8623320ac0e10033fc02b0a087f1eecb5a44d7296c128b907ede86b2f27f18
rss-n10-p400000bar,Ta-potential/fcc-restart/05-rss-round-1/rss-selection/source-frames/rss-n10-p400000bar.xyz,34,10,400000.0,2,84,000255.poscar,unary-Ta/Ta-00084-2.poscar,/home/tuzhengyu/work/WTaTi/Ta-potential/fcc-restart/05-rss-round-1/rss/minimized/unary-Ta/Ta-00084-2.poscar,Ta-potential/fcc-restart/05-rss-round-1/rss/raw/unary-Ta/Ta-00084.poscar,57fb61e6b07a6d7ca6bc2f4dc395d55d4dd3b399300621a619f0cf9886f2fd09,57fb61e6b07a6d7ca6bc2f4dc395d55d4dd3b399300621a619f0cf9886f2fd09
rss-n10-p400000bar,Ta-potential/fcc-restart/05-rss-round-1/rss-selection/source-frames/rss-n10-p400000bar.xyz,35,10,400000.0,2,85,000258.poscar,unary-Ta/Ta-00085-2.poscar,/home/tuzhengyu/work/WTaTi/Ta-potential/fcc-restart/05-rss-round-1/rss/minimized/unary-Ta/Ta-00085-2.poscar,Ta-potential/fcc-restart/05-rss-round-1/rss/raw/unary-Ta/Ta-00085.poscar,e089fd1d8c2f9f259d6047d51be162fa9128cbf8fce00d79f99261c8372048f7,e089fd1d8c2f9f259d6047d51be162fa9128cbf8fce00d79f99261c8372048f7
rss-n10-p400000bar,Ta-potential/fcc-restart/05-rss-round-1/rss-selection/source-frames/rss-n10-p400000bar.xyz,36,10,400000.0,2,86,000261.poscar,unary-Ta/Ta-00086-2.poscar,/home/tuzhengyu/work/WTaTi/Ta-potential/fcc-restart/05-rss-round-1/rss/minimized/unary-Ta/Ta-00086-2.poscar,Ta-potential/fcc-restart/05-rss-round-1/rss/raw/unary-Ta/Ta-00086.poscar,b80ca718978d1a4d2d13f82449df26dd948df92b2958117d4f134e8e36f74ebd,b80ca718978d1a4d2d13f82449df26dd948df92b2958117d4f134e8e36f74ebd
rss-n10-p400000bar,Ta-potential/fcc-restart/05-rss-round-1/rss-selection/source-frames/rss-n10-p400000bar.xyz,37,10,400000.0,2,87,000264.poscar,unary-Ta/Ta-00087-2.poscar,/home/tuzhengyu/work/WTaTi/Ta-potential/fcc-restart/05-rss-round-1/rss/minimized/unary-Ta/Ta-00087-2.poscar,Ta-potential/fcc-restart/05-rss-round-1/rss/raw/unary-Ta/Ta-00087.poscar,9bc371437304f2d349c984953e52df8b89b3880e1dc09571a700973c28c87445,9bc371437304f2d349c984953e52df8b89b3880e1dc09571a700973c28c87445
rss-n10-p400000bar,Ta-potential/fcc-restart/05-rss-round-1/rss-selection/source-frames/rss-n10-p400000bar.xyz,38,10,400000.0,2,88,000267.poscar,unary-Ta/Ta-00088-2.poscar,/home/tuzhengyu/work/WTaTi/Ta-potential/fcc-restart/05-rss-round-1/rss/minimized/unary-Ta/Ta-00088-2.poscar,Ta-potential/fcc-restart/05-rss-round-1/rss/raw/unary-Ta/Ta-00088.poscar,1482d96267932204b14602c4e952db981b6c4ad67ac0381d1ee9aba1086de13a,1482d96267932204b14602c4e952db981b6c4ad67ac0381d1ee9aba1086de13a
rss-n10-p400000bar,Ta-potential/fcc-restart/05-rss-round-1/rss-selection/source-frames/rss-n10-p400000bar.xyz,39,10,400000.0,2,89,000270.poscar,unary-Ta/Ta-00089-2.poscar,/home/tuzhengyu/work/WTaTi/Ta-potential/fcc-restart/05-rss-round-1/rss/minimized/unary-Ta/Ta-00089-2.poscar,Ta-potential/fcc-restart/05-rss-round-1/rss/raw/unary-Ta/Ta-00089.poscar,284526090e3de4c0616f39dc96ea0bfbbabe7a32c272364b74e33f7ad4a8c244,284526090e3de4c0616f39dc96ea0bfbbabe7a32c272364b74e33f7ad4a8c244
rss-n10-p400000bar,Ta-potential/fcc-restart/05-rss-round-1/rss-selection/source-frames/rss-n10-p400000bar.xyz,40,10,400000.0,2,90,000273.poscar,unary-Ta/Ta-00090-2.poscar,/home/tuzhengyu/work/WTaTi/Ta-potential/fcc-restart/05-rss-round-1/rss/minimized/unary-Ta/Ta-00090-2.poscar,Ta-potential/fcc-restart/05-rss-round-1/rss/raw/unary-Ta/Ta-00090.poscar,9aaa0e03902e1aaa112316dfc18addde8dff630b66967d6d961e4c1718678cf8,9aaa0e03902e1aaa112316dfc18addde8dff630b66967d6d961e4c1718678cf8
rss-n10-p400000bar,Ta-potential/fcc-restart/05-rss-round-1/rss-selection/source-frames/rss-n10-p400000bar.xyz,41,10,400000.0,2,91,000276.poscar,unary-Ta/Ta-00091-2.poscar,/home/tuzhengyu/work/WTaTi/Ta-potential/fcc-restart/05-rss-round-1/rss/minimized/unary-Ta/Ta-00091-2.poscar,Ta-potential/fcc-restart/05-rss-round-1/rss/raw/unary-Ta/Ta-00091.poscar,123bbd9641815932ca4bfec757a94d24893fa478ebc0cb549882637c1d49d9cc,123bbd9641815932ca4bfec757a94d24893fa478ebc0cb549882637c1d49d9cc
rss-n10-p400000bar,Ta-potential/fcc-restart/05-rss-round-1/rss-selection/source-frames/rss-n10-p400000bar.xyz,42,10,400000.0,2,92,000279.poscar,unary-Ta/Ta-00092-2.poscar,/home/tuzhengyu/work/WTaTi/Ta-potential/fcc-restart/05-rss-round-1/rss/minimized/unary-Ta/Ta-00092-2.poscar,Ta-potential/fcc-restart/05-rss-round-1/rss/raw/unary-Ta/Ta-00092.poscar,ae2837e8d424cec1e3f50de720f559f0bfdfa39059ddbf59c2d781b966cc6fea,ae2837e8d424cec1e3f50de720f559f0bfdfa39059ddbf59c2d781b966cc6fea
rss-n10-p400000bar,Ta-potential/fcc-restart/05-rss-round-1/rss-selection/source-frames/rss-n10-p400000bar.xyz,43,10,400000.0,2,93,000282.poscar,unary-Ta/Ta-00093-2.poscar,/home/tuzhengyu/work/WTaTi/Ta-potential/fcc-restart/05-rss-round-1/rss/minimized/unary-Ta/Ta-00093-2.poscar,Ta-potential/fcc-restart/05-rss-round-1/rss/raw/unary-Ta/Ta-00093.poscar,1998c1a074919f719d8d0ecb711b11e3eea0bde57f944e4eda9afa89ba282907,1998c1a074919f719d8d0ecb711b11e3eea0bde57f944e4eda9afa89ba282907
rss-n10-p400000bar,Ta-potential/fcc-restart/05-rss-round-1/rss-selection/source-frames/rss-n10-p400000bar.xyz,44,10,400000.0,2,94,000285.poscar,unary-Ta/Ta-00094-2.poscar,/home/tuzhengyu/work/WTaTi/Ta-potential/fcc-restart/05-rss-round-1/rss/minimized/unary-Ta/Ta-00094-2.poscar,Ta-potential/fcc-restart/05-rss-round-1/rss/raw/unary-Ta/Ta-00094.poscar,4edaea51cd6cd8e71ac76581451434c21efe1cbe0c38eb5eb5bada6bc2871a74,4edaea51cd6cd8e71ac76581451434c21efe1cbe0c38eb5eb5bada6bc2871a74
rss-n10-p400000bar,Ta-potential/fcc-restart/05-rss-round-1/rss-selection/source-frames/rss-n10-p400000bar.xyz,45,10,400000.0,2,95,000288.poscar,unary-Ta/Ta-00095-2.poscar,/home/tuzhengyu/work/WTaTi/Ta-potential/fcc-restart/05-rss-round-1/rss/minimized/unary-Ta/Ta-00095-2.poscar,Ta-potential/fcc-restart/05-rss-round-1/rss/raw/unary-Ta/Ta-00095.poscar,997b6e2bf741f31831201bfc596898e31cbb66936d72823dfa84891d19f89e62,997b6e2bf741f31831201bfc596898e31cbb66936d72823dfa84891d19f89e62
rss-n10-p400000bar,Ta-potential/fcc-restart/05-rss-round-1/rss-selection/source-frames/rss-n10-p400000bar.xyz,46,10,400000.0,2,96,000291.poscar,unary-Ta/Ta-00096-2.poscar,/home/tuzhengyu/work/WTaTi/Ta-potential/fcc-restart/05-rss-round-1/rss/minimized/unary-Ta/Ta-00096-2.poscar,Ta-potential/fcc-restart/05-rss-round-1/rss/raw/unary-Ta/Ta-00096.poscar,dc842d908861777237a1d98062a10f55bc86bca7af24e794aef1adbc39078a90,dc842d908861777237a1d98062a10f55bc86bca7af24e794aef1adbc39078a90
rss-n10-p400000bar,Ta-potential/fcc-restart/05-rss-round-1/rss-selection/source-frames/rss-n10-p400000bar.xyz,47,10,400000.0,2,97,000294.poscar,unary-Ta/Ta-00097-2.poscar,/home/tuzhengyu/work/WTaTi/Ta-potential/fcc-restart/05-rss-round-1/rss/minimized/unary-Ta/Ta-00097-2.poscar,Ta-potential/fcc-restart/05-rss-round-1/rss/raw/unary-Ta/Ta-00097.poscar,4215e686efb895f428736bceba27798c9cbf7286b251d790950665938cf5ab19,4215e686efb895f428736bceba27798c9cbf7286b251d790950665938cf5ab19
rss-n10-p400000bar,Ta-potential/fcc-restart/05-rss-round-1/rss-selection/source-frames/rss-n10-p400000bar.xyz,48,10,400000.0,2,98,000297.poscar,unary-Ta/Ta-00098-2.poscar,/home/tuzhengyu/work/WTaTi/Ta-potential/fcc-restart/05-rss-round-1/rss/minimized/unary-Ta/Ta-00098-2.poscar,Ta-potential/fcc-restart/05-rss-round-1/rss/raw/unary-Ta/Ta-00098.poscar,a600e1ae00b63558b361a0bcb1c46e94b4bfc04147aac696591f3d2240343bbf,a600e1ae00b63558b361a0bcb1c46e94b4bfc04147aac696591f3d2240343bbf
rss-n10-p400000bar,Ta-potential/fcc-restart/05-rss-round-1/rss-selection/source-frames/rss-n10-p400000bar.xyz,49,10,400000.0,2,99,000300.poscar,unary-Ta/Ta-00099-2.poscar,/home/tuzhengyu/work/WTaTi/Ta-potential/fcc-restart/05-rss-round-1/rss/minimized/unary-Ta/Ta-00099-2.poscar,Ta-potential/fcc-restart/05-rss-round-1/rss/raw/unary-Ta/Ta-00099.poscar,64e4f611f56bbae299e781df99d9648dddcdc9c360e246fb35eae183742fb0fd,64e4f611f56bbae299e781df99d9648dddcdc9c360e246fb35eae183742fb0fd
rss-n12-p0bar,Ta-potential/fcc-restart/05-rss-round-1/rss-selection/source-frames/rss-n12-p0bar.xyz,0,12,0.0,0,100,000301.poscar,unary-Ta/Ta-00100-0.poscar,/home/tuzhengyu/work/WTaTi/Ta-potential/fcc-restart/05-rss-round-1/rss/minimized/unary-Ta/Ta-00100-0.poscar,Ta-potential/fcc-restart/05-rss-round-1/rss/raw/unary-Ta/Ta-00100.poscar,c6d5aff75a959ae104347d18c5f0cd5feb160181de64735794634a27893c369c,c6d5aff75a959ae104347d18c5f0cd5feb160181de64735794634a27893c369c
rss-n12-p0bar,Ta-potential/fcc-restart/05-rss-round-1/rss-selection/source-frames/rss-n12-p0bar.xyz,1,12,0.0,0,101,000304.poscar,unary-Ta/Ta-00101-0.poscar,/home/tuzhengyu/work/WTaTi/Ta-potential/fcc-restart/05-rss-round-1/rss/minimized/unary-Ta/Ta-00101-0.poscar,Ta-potential/fcc-restart/05-rss-round-1/rss/raw/unary-Ta/Ta-00101.poscar,a33d52bda492f3f05664b9108cce34252d3b724df29a5d030a4fd89109dab974,a33d52bda492f3f05664b9108cce34252d3b724df29a5d030a4fd89109dab974
rss-n12-p0bar,Ta-potential/fcc-restart/05-rss-round-1/rss-selection/source-frames/rss-n12-p0bar.xyz,2,12,0.0,0,102,000307.poscar,unary-Ta/Ta-00102-0.poscar,/home/tuzhengyu/work/WTaTi/Ta-potential/fcc-restart/05-rss-round-1/rss/minimized/unary-Ta/Ta-00102-0.poscar,Ta-potential/fcc-restart/05-rss-round-1/rss/raw/unary-Ta/Ta-00102.poscar,894634c35dc30b9bbde0c90e0cacf3c67277ad5ded848777e4e3447de03de232,894634c35dc30b9bbde0c90e0cacf3c67277ad5ded848777e4e3447de03de232
rss-n12-p0bar,Ta-potential/fcc-restart/05-rss-round-1/rss-selection/source-frames/rss-n12-p0bar.xyz,3,12,0.0,0,103,000310.poscar,unary-Ta/Ta-00103-0.poscar,/home/tuzhengyu/work/WTaTi/Ta-potential/fcc-restart/05-rss-round-1/rss/minimized/unary-Ta/Ta-00103-0.poscar,Ta-potential/fcc-restart/05-rss-round-1/rss/raw/unary-Ta/Ta-00103.poscar,85964ce73d25e26e210ee3a8c14885d81a6cb10c7bee7be6ecff0a98459ae376,85964ce73d25e26e210ee3a8c14885d81a6cb10c7bee7be6ecff0a98459ae376
rss-n12-p0bar,Ta-potential/fcc-restart/05-rss-round-1/rss-selection/source-frames/rss-n12-p0bar.xyz,4,12,0.0,0,104,000313.poscar,unary-Ta/Ta-00104-0.poscar,/home/tuzhengyu/work/WTaTi/Ta-potential/fcc-restart/05-rss-round-1/rss/minimized/unary-Ta/Ta-00104-0.poscar,Ta-potential/fcc-restart/05-rss-round-1/rss/raw/unary-Ta/Ta-00104.poscar,5456904d363e4d3e823b0bd8032bb8fa79d49159f0dc28491d3211b0e4b1509c,5456904d363e4d3e823b0bd8032bb8fa79d49159f0dc28491d3211b0e4b1509c
rss-n12-p0bar,Ta-potential/fcc-restart/05-rss-round-1/rss-selection/source-frames/rss-n12-p0bar.xyz,5,12,0.0,0,105,000316.poscar,unary-Ta/Ta-00105-0.poscar,/home/tuzhengyu/work/WTaTi/Ta-potential/fcc-restart/05-rss-round-1/rss/minimized/unary-Ta/Ta-00105-0.poscar,Ta-potential/fcc-restart/05-rss-round-1/rss/raw/unary-Ta/Ta-00105.poscar,aa1702515aa49f8569e643a4490eb8db4c2369933ed840a309bf063506d5818c,aa1702515aa49f8569e643a4490eb8db4c2369933ed840a309bf063506d5818c
rss-n12-p0bar,Ta-potential/fcc-restart/05-rss-round-1/rss-selection/source-frames/rss-n12-p0bar.xyz,6,12,0.0,0,106,000319.poscar,unary-Ta/Ta-00106-0.poscar,/home/tuzhengyu/work/WTaTi/Ta-potential/fcc-restart/05-rss-round-1/rss/minimized/unary-Ta/Ta-00106-0.poscar,Ta-potential/fcc-restart/05-rss-round-1/rss/raw/unary-Ta/Ta-00106.poscar,c9a8c82dee0989da08d1d9fa24e6fe5afc327b0dbe38f631bdfeba30644ad67a,c9a8c82dee0989da08d1d9fa24e6fe5afc327b0dbe38f631bdfeba30644ad67a
rss-n12-p0bar,Ta-potential/fcc-restart/05-rss-round-1/rss-selection/source-frames/rss-n12-p0bar.xyz,7,12,0.0,0,107,000322.poscar,unary-Ta/Ta-00107-0.poscar,/home/tuzhengyu/work/WTaTi/Ta-potential/fcc-restart/05-rss-round-1/rss/minimized/unary-Ta/Ta-00107-0.poscar,Ta-potential/fcc-restart/05-rss-round-1/rss/raw/unary-Ta/Ta-00107.poscar,2ccf1ef55662abe6176689ea9f882a30a809daf05853d5e078fb35da8d26170c,2ccf1ef55662abe6176689ea9f882a30a809daf05853d5e078fb35da8d26170c
rss-n12-p0bar,Ta-potential/fcc-restart/05-rss-round-1/rss-selection/source-frames/rss-n12-p0bar.xyz,8,12,0.0,0,108,000325.poscar,unary-Ta/Ta-00108-0.poscar,/home/tuzhengyu/work/WTaTi/Ta-potential/fcc-restart/05-rss-round-1/rss/minimized/unary-Ta/Ta-00108-0.poscar,Ta-potential/fcc-restart/05-rss-round-1/rss/raw/unary-Ta/Ta-00108.poscar,458b7d7881b6d7300bc6987db70a54ad40f42de7e4b081db3e15a4bc55fc1492,458b7d7881b6d7300bc6987db70a54ad40f42de7e4b081db3e15a4bc55fc1492
rss-n12-p0bar,Ta-potential/fcc-restart/05-rss-round-1/rss-selection/source-frames/rss-n12-p0bar.xyz,9,12,0.0,0,109,000328.poscar,unary-Ta/Ta-00109-0.poscar,/home/tuzhengyu/work/WTaTi/Ta-potential/fcc-restart/05-rss-round-1/rss/minimized/unary-Ta/Ta-00109-0.poscar,Ta-potential/fcc-restart/05-rss-round-1/rss/raw/unary-Ta/Ta-00109.poscar,444f09871b46a8cc7c3e7c9c0d43fb3d6f8d0fb4d29db832164a7a58b500fd91,444f09871b46a8cc7c3e7c9c0d43fb3d6f8d0fb4d29db832164a7a58b500fd91
rss-n12-p0bar,Ta-potential/fcc-restart/05-rss-round-1/rss-selection/source-frames/rss-n12-p0bar.xyz,10,12,0.0,0,110,000331.poscar,unary-Ta/Ta-00110-0.poscar,/home/tuzhengyu/work/WTaTi/Ta-potential/fcc-restart/05-rss-round-1/rss/minimized/unary-Ta/Ta-00110-0.poscar,Ta-potential/fcc-restart/05-rss-round-1/rss/raw/unary-Ta/Ta-00110.poscar,8c8a088b00786dddd91d0aa7878ca8b313996f6dd62ecfaacac2cb74ec7ff457,8c8a088b00786dddd91d0aa7878ca8b313996f6dd62ecfaacac2cb74ec7ff457
rss-n12-p0bar,Ta-potential/fcc-restart/05-rss-round-1/rss-selection/source-frames/rss-n12-p0bar.xyz,11,12,0.0,0,111,000334.poscar,unary-Ta/Ta-00111-0.poscar,/home/tuzhengyu/work/WTaTi/Ta-potential/fcc-restart/05-rss-round-1/rss/minimized/unary-Ta/Ta-00111-0.poscar,Ta-potential/fcc-restart/05-rss-round-1/rss/raw/unary-Ta/Ta-00111.poscar,4fff36377cd2702ad6c4a511eb40c6ef24b525ede7b431caa986f0c57789191a,4fff36377cd2702ad6c4a511eb40c6ef24b525ede7b431caa986f0c57789191a
rss-n12-p0bar,Ta-potential/fcc-restart/05-rss-round-1/rss-selection/source-frames/rss-n12-p0bar.xyz,12,12,0.0,0,112,000337.poscar,unary-Ta/Ta-00112-0.poscar,/home/tuzhengyu/work/WTaTi/Ta-potential/fcc-restart/05-rss-round-1/rss/minimized/unary-Ta/Ta-00112-0.poscar,Ta-potential/fcc-restart/05-rss-round-1/rss/raw/unary-Ta/Ta-00112.poscar,16b09b1a119909c6f7fea2c4da8735b5ffa7b88f907eb039cecb5b1cdb28e26d,16b09b1a119909c6f7fea2c4da8735b5ffa7b88f907eb039cecb5b1cdb28e26d
rss-n12-p0bar,Ta-potential/fcc-restart/05-rss-round-1/rss-selection/source-frames/rss-n12-p0bar.xyz,13,12,0.0,0,113,000340.poscar,unary-Ta/Ta-00113-0.poscar,/home/tuzhengyu/work/WTaTi/Ta-potential/fcc-restart/05-rss-round-1/rss/minimized/unary-Ta/Ta-00113-0.poscar,Ta-potential/fcc-restart/05-rss-round-1/rss/raw/unary-Ta/Ta-00113.poscar,1d39ba62ae02360a929a8454db65561c2f7286f3214127295d5d7db607798756,1d39ba62ae02360a929a8454db65561c2f7286f3214127295d5d7db607798756
rss-n12-p0bar,Ta-potential/fcc-restart/05-rss-round-1/rss-selection/source-frames/rss-n12-p0bar.xyz,14,12,0.0,0,114,000343.poscar,unary-Ta/Ta-00114-0.poscar,/home/tuzhengyu/work/WTaTi/Ta-potential/fcc-restart/05-rss-round-1/rss/minimized/unary-Ta/Ta-00114-0.poscar,Ta-potential/fcc-restart/05-rss-round-1/rss/raw/unary-Ta/Ta-00114.poscar,4ff56b831ffdb506bf6d911dccba1e3b08842d49a98338fadd4a9728a9c4d025,4ff56b831ffdb506bf6d911dccba1e3b08842d49a98338fadd4a9728a9c4d025
rss-n12-p0bar,Ta-potential/fcc-restart/05-rss-round-1/rss-selection/source-frames/rss-n12-p0bar.xyz,15,12,0.0,0,115,000346.poscar,unary-Ta/Ta-00115-0.poscar,/home/tuzhengyu/work/WTaTi/Ta-potential/fcc-restart/05-rss-round-1/rss/minimized/unary-Ta/Ta-00115-0.poscar,Ta-potential/fcc-restart/05-rss-round-1/rss/raw/unary-Ta/Ta-00115.poscar,2797f887a9f59f2455c6181f01c7009971570557f8ada86ce35df992469d9ef2,2797f887a9f59f2455c6181f01c7009971570557f8ada86ce35df992469d9ef2
rss-n12-p0bar,Ta-potential/fcc-restart/05-rss-round-1/rss-selection/source-frames/rss-n12-p0bar.xyz,16,12,0.0,0,116,000349.poscar,unary-Ta/Ta-00116-0.poscar,/home/tuzhengyu/work/WTaTi/Ta-potential/fcc-restart/05-rss-round-1/rss/minimized/unary-Ta/Ta-00116-0.poscar,Ta-potential/fcc-restart/05-rss-round-1/rss/raw/unary-Ta/Ta-00116.poscar,a404e8c1633d0118771b6fef5d590ed7a5090ef398b0804ca6c4a239dc504583,a404e8c1633d0118771b6fef5d590ed7a5090ef398b0804ca6c4a239dc504583
rss-n12-p0bar,Ta-potential/fcc-restart/05-rss-round-1/rss-selection/source-frames/rss-n12-p0bar.xyz,17,12,0.0,0,117,000352.poscar,unary-Ta/Ta-00117-0.poscar,/home/tuzhengyu/work/WTaTi/Ta-potential/fcc-restart/05-rss-round-1/rss/minimized/unary-Ta/Ta-00117-0.poscar,Ta-potential/fcc-restart/05-rss-round-1/rss/raw/unary-Ta/Ta-00117.poscar,84651099bd9d141e2540f225d37099c953e216e8407a6d2b7a760eaf45c867f1,84651099bd9d141e2540f225d37099c953e216e8407a6d2b7a760eaf45c867f1
rss-n12-p0bar,Ta-potential/fcc-restart/05-rss-round-1/rss-selection/source-frames/rss-n12-p0bar.xyz,18,12,0.0,0,118,000355.poscar,unary-Ta/Ta-00118-0.poscar,/home/tuzhengyu/work/WTaTi/Ta-potential/fcc-restart/05-rss-round-1/rss/minimized/unary-Ta/Ta-00118-0.poscar,Ta-potential/fcc-restart/05-rss-round-1/rss/raw/unary-Ta/Ta-00118.poscar,0420af21928c009c193bab5ea4e12bbb89b2af5b3795ef4531eb8a1bdf83f654,0420af21928c009c193bab5ea4e12bbb89b2af5b3795ef4531eb8a1bdf83f654
rss-n12-p0bar,Ta-potential/fcc-restart/05-rss-round-1/rss-selection/source-frames/rss-n12-p0bar.xyz,19,12,0.0,0,119,000358.poscar,unary-Ta/Ta-00119-0.poscar,/home/tuzhengyu/work/WTaTi/Ta-potential/fcc-restart/05-rss-round-1/rss/minimized/unary-Ta/Ta-00119-0.poscar,Ta-potential/fcc-restart/05-rss-round-1/rss/raw/unary-Ta/Ta-00119.poscar,ce2e6402d3fc3c7f72c85d89d7beaf47cfe46ae26f88841bf301855b18cc9d35,ce2e6402d3fc3c7f72c85d89d7beaf47cfe46ae26f88841bf301855b18cc9d35
rss-n12-p0bar,Ta-potential/fcc-restart/05-rss-round-1/rss-selection/source-frames/rss-n12-p0bar.xyz,20,12,0.0,0,120,000361.poscar,unary-Ta/Ta-00120-0.poscar,/home/tuzhengyu/work/WTaTi/Ta-potential/fcc-restart/05-rss-round-1/rss/minimized/unary-Ta/Ta-00120-0.poscar,Ta-potential/fcc-restart/05-rss-round-1/rss/raw/unary-Ta/Ta-00120.poscar,37a549978233efb5493a5c97a24699133d1bec046ecfd7ff427b1dcb43d82835,37a549978233efb5493a5c97a24699133d1bec046ecfd7ff427b1dcb43d82835
rss-n12-p0bar,Ta-potential/fcc-restart/05-rss-round-1/rss-selection/source-frames/rss-n12-p0bar.xyz,21,12,0.0,0,121,000364.poscar,unary-Ta/Ta-00121-0.poscar,/home/tuzhengyu/work/WTaTi/Ta-potential/fcc-restart/05-rss-round-1/rss/minimized/unary-Ta/Ta-00121-0.poscar,Ta-potential/fcc-restart/05-rss-round-1/rss/raw/unary-Ta/Ta-00121.poscar,da3b6f6060b68b2f21876a1ceaa9a3b2e314326582878d6ace6b5adf2b3e987d,da3b6f6060b68b2f21876a1ceaa9a3b2e314326582878d6ace6b5adf2b3e987d
rss-n12-p0bar,Ta-potential/fcc-restart/05-rss-round-1/rss-selection/source-frames/rss-n12-p0bar.xyz,22,12,0.0,0,122,000367.poscar,unary-Ta/Ta-00122-0.poscar,/home/tuzhengyu/work/WTaTi/Ta-potential/fcc-restart/05-rss-round-1/rss/minimized/unary-Ta/Ta-00122-0.poscar,Ta-potential/fcc-restart/05-rss-round-1/rss/raw/unary-Ta/Ta-00122.poscar,e4e25aa8c3ecda5e4fc49427a959939c4d31da4bc792bc8a5a3fb17cca3baec0,e4e25aa8c3ecda5e4fc49427a959939c4d31da4bc792bc8a5a3fb17cca3baec0
rss-n12-p0bar,Ta-potential/fcc-restart/05-rss-round-1/rss-selection/source-frames/rss-n12-p0bar.xyz,23,12,0.0,0,123,000370.poscar,unary-Ta/Ta-00123-0.poscar,/home/tuzhengyu/work/WTaTi/Ta-potential/fcc-restart/05-rss-round-1/rss/minimized/unary-Ta/Ta-00123-0.poscar,Ta-potential/fcc-restart/05-rss-round-1/rss/raw/unary-Ta/Ta-00123.poscar,0e175a016d0b80d59c74a55bfdedf5d6465986e084175745797a63e5dcffdea4,0e175a016d0b80d59c74a55bfdedf5d6465986e084175745797a63e5dcffdea4
rss-n12-p0bar,Ta-potential/fcc-restart/05-rss-round-1/rss-selection/source-frames/rss-n12-p0bar.xyz,24,12,0.0,0,124,000373.poscar,unary-Ta/Ta-00124-0.poscar,/home/tuzhengyu/work/WTaTi/Ta-potential/fcc-restart/05-rss-round-1/rss/minimized/unary-Ta/Ta-00124-0.poscar,Ta-potential/fcc-restart/05-rss-round-1/rss/raw/unary-Ta/Ta-00124.poscar,03c1019b76ec8f4c50b09840f2a06558025709c8283cef2f8235eb7993527290,03c1019b76ec8f4c50b09840f2a06558025709c8283cef2f8235eb7993527290
rss-n12-p0bar,Ta-potential/fcc-restart/05-rss-round-1/rss-selection/source-frames/rss-n12-p0bar.xyz,25,12,0.0,0,125,000376.poscar,unary-Ta/Ta-00125-0.poscar,/home/tuzhengyu/work/WTaTi/Ta-potential/fcc-restart/05-rss-round-1/rss/minimized/unary-Ta/Ta-00125-0.poscar,Ta-potential/fcc-restart/05-rss-round-1/rss/raw/unary-Ta/Ta-00125.poscar,ee925be3f85f5a49e98bee4e8628c6450254526578450280226c50a79b36bf60,ee925be3f85f5a49e98bee4e8628c6450254526578450280226c50a79b36bf60
rss-n12-p0bar,Ta-potential/fcc-restart/05-rss-round-1/rss-selection/source-frames/rss-n12-p0bar.xyz,26,12,0.0,0,126,000379.poscar,unary-Ta/Ta-00126-0.poscar,/home/tuzhengyu/work/WTaTi/Ta-potential/fcc-restart/05-rss-round-1/rss/minimized/unary-Ta/Ta-00126-0.poscar,Ta-potential/fcc-restart/05-rss-round-1/rss/raw/unary-Ta/Ta-00126.poscar,7fd14e2628f6fe20867fd0df1890c9dc233c370e17812fb95802596f2f0d132e,7fd14e2628f6fe20867fd0df1890c9dc233c370e17812fb95802596f2f0d132e
rss-n12-p0bar,Ta-potential/fcc-restart/05-rss-round-1/rss-selection/source-frames/rss-n12-p0bar.xyz,27,12,0.0,0,127,000382.poscar,unary-Ta/Ta-00127-0.poscar,/home/tuzhengyu/work/WTaTi/Ta-potential/fcc-restart/05-rss-round-1/rss/minimized/unary-Ta/Ta-00127-0.poscar,Ta-potential/fcc-restart/05-rss-round-1/rss/raw/unary-Ta/Ta-00127.poscar,66f3d9cfa98c290460b83909a82c89f660ac1d1926610ac800042121fbe16229,66f3d9cfa98c290460b83909a82c89f660ac1d1926610ac800042121fbe16229
rss-n12-p0bar,Ta-potential/fcc-restart/05-rss-round-1/rss-selection/source-frames/rss-n12-p0bar.xyz,28,12,0.0,0,128,000385.poscar,unary-Ta/Ta-00128-0.poscar,/home/tuzhengyu/work/WTaTi/Ta-potential/fcc-restart/05-rss-round-1/rss/minimized/unary-Ta/Ta-00128-0.poscar,Ta-potential/fcc-restart/05-rss-round-1/rss/raw/unary-Ta/Ta-00128.poscar,e3ae744ed4aa705f085cab93490774696a570db320fdbdf20f427f9699916056,e3ae744ed4aa705f085cab93490774696a570db320fdbdf20f427f9699916056
rss-n12-p0bar,Ta-potential/fcc-restart/05-rss-round-1/rss-selection/source-frames/rss-n12-p0bar.xyz,29,12,0.0,0,129,000388.poscar,unary-Ta/Ta-00129-0.poscar,/home/tuzhengyu/work/WTaTi/Ta-potential/fcc-restart/05-rss-round-1/rss/minimized/unary-Ta/Ta-00129-0.poscar,Ta-potential/fcc-restart/05-rss-round-1/rss/raw/unary-Ta/Ta-00129.poscar,4695ba9c2b18a833484939bbfaa7e542dba13309418d0e5c4fb4375403172118,4695ba9c2b18a833484939bbfaa7e542dba13309418d0e5c4fb4375403172118
rss-n12-p0bar,Ta-potential/fcc-restart/05-rss-round-1/rss-selection/source-frames/rss-n12-p0bar.xyz,30,12,0.0,0,130,000391.poscar,unary-Ta/Ta-00130-0.poscar,/home/tuzhengyu/work/WTaTi/Ta-potential/fcc-restart/05-rss-round-1/rss/minimized/unary-Ta/Ta-00130-0.poscar,Ta-potential/fcc-restart/05-rss-round-1/rss/raw/unary-Ta/Ta-00130.poscar,6d376bf27520779552e063d39dd45f6c56b43f9f0fc21506a9ded8de368c0735,6d376bf27520779552e063d39dd45f6c56b43f9f0fc21506a9ded8de368c0735
rss-n12-p0bar,Ta-potential/fcc-restart/05-rss-round-1/rss-selection/source-frames/rss-n12-p0bar.xyz,31,12,0.0,0,131,000394.poscar,unary-Ta/Ta-00131-0.poscar,/home/tuzhengyu/work/WTaTi/Ta-potential/fcc-restart/05-rss-round-1/rss/minimized/unary-Ta/Ta-00131-0.poscar,Ta-potential/fcc-restart/05-rss-round-1/rss/raw/unary-Ta/Ta-00131.poscar,2077e2763652f178cf38cd4faf76ed4b92206a0f862e77a0a6bafc73f1545015,2077e2763652f178cf38cd4faf76ed4b92206a0f862e77a0a6bafc73f1545015
rss-n12-p0bar,Ta-potential/fcc-restart/05-rss-round-1/rss-selection/source-frames/rss-n12-p0bar.xyz,32,12,0.0,0,132,000397.poscar,unary-Ta/Ta-00132-0.poscar,/home/tuzhengyu/work/WTaTi/Ta-potential/fcc-restart/05-rss-round-1/rss/minimized/unary-Ta/Ta-00132-0.poscar,Ta-potential/fcc-restart/05-rss-round-1/rss/raw/unary-Ta/Ta-00132.poscar,25206ac34bac6eb6d5440b7e29bace3bc88f460749b9c2361b17a6fb13a7349f,25206ac34bac6eb6d5440b7e29bace3bc88f460749b9c2361b17a6fb13a7349f
rss-n12-p0bar,Ta-potential/fcc-restart/05-rss-round-1/rss-selection/source-frames/rss-n12-p0bar.xyz,33,12,0.0,0,133,000400.poscar,unary-Ta/Ta-00133-0.poscar,/home/tuzhengyu/work/WTaTi/Ta-potential/fcc-restart/05-rss-round-1/rss/minimized/unary-Ta/Ta-00133-0.poscar,Ta-potential/fcc-restart/05-rss-round-1/rss/raw/unary-Ta/Ta-00133.poscar,e01bfc3d18a89f281c57a75d4fdd386f6c52f5cd8c39799b1985217a84d2bbd6,e01bfc3d18a89f281c57a75d4fdd386f6c52f5cd8c39799b1985217a84d2bbd6
rss-n12-p0bar,Ta-potential/fcc-restart/05-rss-round-1/rss-selection/source-frames/rss-n12-p0bar.xyz,34,12,0.0,0,134,000403.poscar,unary-Ta/Ta-00134-0.poscar,/home/tuzhengyu/work/WTaTi/Ta-potential/fcc-restart/05-rss-round-1/rss/minimized/unary-Ta/Ta-00134-0.poscar,Ta-potential/fcc-restart/05-rss-round-1/rss/raw/unary-Ta/Ta-00134.poscar,c9696cf61310a28cd924e316bef99360711941119a525ac5ceb89e55d51cc2c7,c9696cf61310a28cd924e316bef99360711941119a525ac5ceb89e55d51cc2c7
rss-n12-p0bar,Ta-potential/fcc-restart/05-rss-round-1/rss-selection/source-frames/rss-n12-p0bar.xyz,35,12,0.0,0,135,000406.poscar,unary-Ta/Ta-00135-0.poscar,/home/tuzhengyu/work/WTaTi/Ta-potential/fcc-restart/05-rss-round-1/rss/minimized/unary-Ta/Ta-00135-0.poscar,Ta-potential/fcc-restart/05-rss-round-1/rss/raw/unary-Ta/Ta-00135.poscar,ae170b138a2f628a6067f5e922b79b8b125e9de1b82a62b477ae807cd82122cd,ae170b138a2f628a6067f5e922b79b8b125e9de1b82a62b477ae807cd82122cd
rss-n12-p0bar,Ta-potential/fcc-restart/05-rss-round-1/rss-selection/source-frames/rss-n12-p0bar.xyz,36,12,0.0,0,136,000409.poscar,unary-Ta/Ta-00136-0.poscar,/home/tuzhengyu/work/WTaTi/Ta-potential/fcc-restart/05-rss-round-1/rss/minimized/unary-Ta/Ta-00136-0.poscar,Ta-potential/fcc-restart/05-rss-round-1/rss/raw/unary-Ta/Ta-00136.poscar,9af771ebbc0e41d3ded60a5e05990c50d7ae28cb1e470e62352f728da72cedf1,9af771ebbc0e41d3ded60a5e05990c50d7ae28cb1e470e62352f728da72cedf1
rss-n12-p0bar,Ta-potential/fcc-restart/05-rss-round-1/rss-selection/source-frames/rss-n12-p0bar.xyz,37,12,0.0,0,137,000412.poscar,unary-Ta/Ta-00137-0.poscar,/home/tuzhengyu/work/WTaTi/Ta-potential/fcc-restart/05-rss-round-1/rss/minimized/unary-Ta/Ta-00137-0.poscar,Ta-potential/fcc-restart/05-rss-round-1/rss/raw/unary-Ta/Ta-00137.poscar,0647431c75dd065592340022d330a315917f50c3b640c8bcad4ba86560306e9c,0647431c75dd065592340022d330a315917f50c3b640c8bcad4ba86560306e9c
rss-n12-p0bar,Ta-potential/fcc-restart/05-rss-round-1/rss-selection/source-frames/rss-n12-p0bar.xyz,38,12,0.0,0,138,000415.poscar,unary-Ta/Ta-00138-0.poscar,/home/tuzhengyu/work/WTaTi/Ta-potential/fcc-restart/05-rss-round-1/rss/minimized/unary-Ta/Ta-00138-0.poscar,Ta-potential/fcc-restart/05-rss-round-1/rss/raw/unary-Ta/Ta-00138.poscar,34fe4057a554c3683f02c8fee9d4e5e4aed2df5c323ded9076dd11f448b9f1c7,34fe4057a554c3683f02c8fee9d4e5e4aed2df5c323ded9076dd11f448b9f1c7
rss-n12-p0bar,Ta-potential/fcc-restart/05-rss-round-1/rss-selection/source-frames/rss-n12-p0bar.xyz,39,12,0.0,0,139,000418.poscar,unary-Ta/Ta-00139-0.poscar,/home/tuzhengyu/work/WTaTi/Ta-potential/fcc-restart/05-rss-round-1/rss/minimized/unary-Ta/Ta-00139-0.poscar,Ta-potential/fcc-restart/05-rss-round-1/rss/raw/unary-Ta/Ta-00139.poscar,07829d590fff411373cfac6a3fd8fc9beb1117435bf242a4997e20026f90042c,07829d590fff411373cfac6a3fd8fc9beb1117435bf242a4997e20026f90042c
rss-n12-p0bar,Ta-potential/fcc-restart/05-rss-round-1/rss-selection/source-frames/rss-n12-p0bar.xyz,40,12,0.0,0,140,000421.poscar,unary-Ta/Ta-00140-0.poscar,/home/tuzhengyu/work/WTaTi/Ta-potential/fcc-restart/05-rss-round-1/rss/minimized/unary-Ta/Ta-00140-0.poscar,Ta-potential/fcc-restart/05-rss-round-1/rss/raw/unary-Ta/Ta-00140.poscar,2610377cfc4a853347ab41de7f061c253ae0657a05bdae7e0b88193910179606,2610377cfc4a853347ab41de7f061c253ae0657a05bdae7e0b88193910179606
rss-n12-p0bar,Ta-potential/fcc-restart/05-rss-round-1/rss-selection/source-frames/rss-n12-p0bar.xyz,41,12,0.0,0,141,000424.poscar,unary-Ta/Ta-00141-0.poscar,/home/tuzhengyu/work/WTaTi/Ta-potential/fcc-restart/05-rss-round-1/rss/minimized/unary-Ta/Ta-00141-0.poscar,Ta-potential/fcc-restart/05-rss-round-1/rss/raw/unary-Ta/Ta-00141.poscar,e1d32436855de3042aeb2dced9595962d432b7c7c58931576d5247f3bea89c0a,e1d32436855de3042aeb2dced9595962d432b7c7c58931576d5247f3bea89c0a
rss-n12-p0bar,Ta-potential/fcc-restart/05-rss-round-1/rss-selection/source-frames/rss-n12-p0bar.xyz,42,12,0.0,0,142,000427.poscar,unary-Ta/Ta-00142-0.poscar,/home/tuzhengyu/work/WTaTi/Ta-potential/fcc-restart/05-rss-round-1/rss/minimized/unary-Ta/Ta-00142-0.poscar,Ta-potential/fcc-restart/05-rss-round-1/rss/raw/unary-Ta/Ta-00142.poscar,5cf275cae2bffe9ecd4cda89fc48928c23eac5312038b145c21568bc9401f460,5cf275cae2bffe9ecd4cda89fc48928c23eac5312038b145c21568bc9401f460
rss-n12-p0bar,Ta-potential/fcc-restart/05-rss-round-1/rss-selection/source-frames/rss-n12-p0bar.xyz,43,12,0.0,0,143,000430.poscar,unary-Ta/Ta-00143-0.poscar,/home/tuzhengyu/work/WTaTi/Ta-potential/fcc-restart/05-rss-round-1/rss/minimized/unary-Ta/Ta-00143-0.poscar,Ta-potential/fcc-restart/05-rss-round-1/rss/raw/unary-Ta/Ta-00143.poscar,dbc0765232f4c89fe9e18cbab1b0caec13583106d44d780bff499852460282a2,dbc0765232f4c89fe9e18cbab1b0caec13583106d44d780bff499852460282a2
rss-n12-p0bar,Ta-potential/fcc-restart/05-rss-round-1/rss-selection/source-frames/rss-n12-p0bar.xyz,44,12,0.0,0,144,000433.poscar,unary-Ta/Ta-00144-0.poscar,/home/tuzhengyu/work/WTaTi/Ta-potential/fcc-restart/05-rss-round-1/rss/minimized/unary-Ta/Ta-00144-0.poscar,Ta-potential/fcc-restart/05-rss-round-1/rss/raw/unary-Ta/Ta-00144.poscar,c820858557c416bec18e4a9d0580fd40bebc0c0cd0f2368f1ff8e110986eaa7b,c820858557c416bec18e4a9d0580fd40bebc0c0cd0f2368f1ff8e110986eaa7b
rss-n12-p0bar,Ta-potential/fcc-restart/05-rss-round-1/rss-selection/source-frames/rss-n12-p0bar.xyz,45,12,0.0,0,145,000436.poscar,unary-Ta/Ta-00145-0.poscar,/home/tuzhengyu/work/WTaTi/Ta-potential/fcc-restart/05-rss-round-1/rss/minimized/unary-Ta/Ta-00145-0.poscar,Ta-potential/fcc-restart/05-rss-round-1/rss/raw/unary-Ta/Ta-00145.poscar,c6c17f99ba0d66be1f3b4b14508376d04b340de2b8ef3b839071dcdf3b1dd56f,c6c17f99ba0d66be1f3b4b14508376d04b340de2b8ef3b839071dcdf3b1dd56f
rss-n12-p0bar,Ta-potential/fcc-restart/05-rss-round-1/rss-selection/source-frames/rss-n12-p0bar.xyz,46,12,0.0,0,146,000439.poscar,unary-Ta/Ta-00146-0.poscar,/home/tuzhengyu/work/WTaTi/Ta-potential/fcc-restart/05-rss-round-1/rss/minimized/unary-Ta/Ta-00146-0.poscar,Ta-potential/fcc-restart/05-rss-round-1/rss/raw/unary-Ta/Ta-00146.poscar,418bc2af0d90b49bc426d17fb1ccd5735bf485dceb7ca5f1f9040ef90e359ed3,418bc2af0d90b49bc426d17fb1ccd5735bf485dceb7ca5f1f9040ef90e359ed3
rss-n12-p0bar,Ta-potential/fcc-restart/05-rss-round-1/rss-selection/source-frames/rss-n12-p0bar.xyz,47,12,0.0,0,147,000442.poscar,unary-Ta/Ta-00147-0.poscar,/home/tuzhengyu/work/WTaTi/Ta-potential/fcc-restart/05-rss-round-1/rss/minimized/unary-Ta/Ta-00147-0.poscar,Ta-potential/fcc-restart/05-rss-round-1/rss/raw/unary-Ta/Ta-00147.poscar,e22c1a6b6e0c135b55745b1a462f8efcb267b5ed96287e9576ee0f830dd27ae2,e22c1a6b6e0c135b55745b1a462f8efcb267b5ed96287e9576ee0f830dd27ae2
rss-n12-p0bar,Ta-potential/fcc-restart/05-rss-round-1/rss-selection/source-frames/rss-n12-p0bar.xyz,48,12,0.0,0,148,000445.poscar,unary-Ta/Ta-00148-0.poscar,/home/tuzhengyu/work/WTaTi/Ta-potential/fcc-restart/05-rss-round-1/rss/minimized/unary-Ta/Ta-00148-0.poscar,Ta-potential/fcc-restart/05-rss-round-1/rss/raw/unary-Ta/Ta-00148.poscar,b9877e3801e23fe9b99c4bf7a826e695ec5ed0414f961b35be97bbf903437cfa,b9877e3801e23fe9b99c4bf7a826e695ec5ed0414f961b35be97bbf903437cfa
rss-n12-p0bar,Ta-potential/fcc-restart/05-rss-round-1/rss-selection/source-frames/rss-n12-p0bar.xyz,49,12,0.0,0,149,000448.poscar,unary-Ta/Ta-00149-0.poscar,/home/tuzhengyu/work/WTaTi/Ta-potential/fcc-restart/05-rss-round-1/rss/minimized/unary-Ta/Ta-00149-0.poscar,Ta-potential/fcc-restart/05-rss-round-1/rss/raw/unary-Ta/Ta-00149.poscar,1d48e70f56d20113dc29ef62dd1753d7820c27e61eff51444f566be871855993,1d48e70f56d20113dc29ef62dd1753d7820c27e61eff51444f566be871855993
rss-n12-p200000bar,Ta-potential/fcc-restart/05-rss-round-1/rss-selection/source-frames/rss-n12-p200000bar.xyz,0,12,200000.0,1,100,000302.poscar,unary-Ta/Ta-00100-1.poscar,/home/tuzhengyu/work/WTaTi/Ta-potential/fcc-restart/05-rss-round-1/rss/minimized/unary-Ta/Ta-00100-1.poscar,Ta-potential/fcc-restart/05-rss-round-1/rss/raw/unary-Ta/Ta-00100.poscar,0a6e48be5fcafcd4a1d45f84d2493ffdd143ca70513a2602d5b5e3332ab20c4a,0a6e48be5fcafcd4a1d45f84d2493ffdd143ca70513a2602d5b5e3332ab20c4a
rss-n12-p200000bar,Ta-potential/fcc-restart/05-rss-round-1/rss-selection/source-frames/rss-n12-p200000bar.xyz,1,12,200000.0,1,101,000305.poscar,unary-Ta/Ta-00101-1.poscar,/home/tuzhengyu/work/WTaTi/Ta-potential/fcc-restart/05-rss-round-1/rss/minimized/unary-Ta/Ta-00101-1.poscar,Ta-potential/fcc-restart/05-rss-round-1/rss/raw/unary-Ta/Ta-00101.poscar,53b8fe0754b94466bc35538b705b14d813c0c386a3dd5bf9ab46b904efe3f563,53b8fe0754b94466bc35538b705b14d813c0c386a3dd5bf9ab46b904efe3f563
rss-n12-p200000bar,Ta-potential/fcc-restart/05-rss-round-1/rss-selection/source-frames/rss-n12-p200000bar.xyz,2,12,200000.0,1,102,000308.poscar,unary-Ta/Ta-00102-1.poscar,/home/tuzhengyu/work/WTaTi/Ta-potential/fcc-restart/05-rss-round-1/rss/minimized/unary-Ta/Ta-00102-1.poscar,Ta-potential/fcc-restart/05-rss-round-1/rss/raw/unary-Ta/Ta-00102.poscar,06ac4f6917810fffef3f17d768d893cf39f1025ecf675699c65818de16a57082,06ac4f6917810fffef3f17d768d893cf39f1025ecf675699c65818de16a57082
rss-n12-p200000bar,Ta-potential/fcc-restart/05-rss-round-1/rss-selection/source-frames/rss-n12-p200000bar.xyz,3,12,200000.0,1,103,000311.poscar,unary-Ta/Ta-00103-1.poscar,/home/tuzhengyu/work/WTaTi/Ta-potential/fcc-restart/05-rss-round-1/rss/minimized/unary-Ta/Ta-00103-1.poscar,Ta-potential/fcc-restart/05-rss-round-1/rss/raw/unary-Ta/Ta-00103.poscar,4fef5e9bb3c38fa686feb9947fe6b938e7011349c04d4720827f2bf7f4f95380,4fef5e9bb3c38fa686feb9947fe6b938e7011349c04d4720827f2bf7f4f95380
rss-n12-p200000bar,Ta-potential/fcc-restart/05-rss-round-1/rss-selection/source-frames/rss-n12-p200000bar.xyz,4,12,200000.0,1,104,000314.poscar,unary-Ta/Ta-00104-1.poscar,/home/tuzhengyu/work/WTaTi/Ta-potential/fcc-restart/05-rss-round-1/rss/minimized/unary-Ta/Ta-00104-1.poscar,Ta-potential/fcc-restart/05-rss-round-1/rss/raw/unary-Ta/Ta-00104.poscar,20ba074c8b41c3fa5d6ebff402cebf8eff4098950c04452784817f7fcb5f742b,20ba074c8b41c3fa5d6ebff402cebf8eff4098950c04452784817f7fcb5f742b
rss-n12-p200000bar,Ta-potential/fcc-restart/05-rss-round-1/rss-selection/source-frames/rss-n12-p200000bar.xyz,5,12,200000.0,1,105,000317.poscar,unary-Ta/Ta-00105-1.poscar,/home/tuzhengyu/work/WTaTi/Ta-potential/fcc-restart/05-rss-round-1/rss/minimized/unary-Ta/Ta-00105-1.poscar,Ta-potential/fcc-restart/05-rss-round-1/rss/raw/unary-Ta/Ta-00105.poscar,1c32629d9030b9543c75bfe4d438eb59839cfe419bf655bd66c24f8e145adf6c,1c32629d9030b9543c75bfe4d438eb59839cfe419bf655bd66c24f8e145adf6c
rss-n12-p200000bar,Ta-potential/fcc-restart/05-rss-round-1/rss-selection/source-frames/rss-n12-p200000bar.xyz,6,12,200000.0,1,106,000320.poscar,unary-Ta/Ta-00106-1.poscar,/home/tuzhengyu/work/WTaTi/Ta-potential/fcc-restart/05-rss-round-1/rss/minimized/unary-Ta/Ta-00106-1.poscar,Ta-potential/fcc-restart/05-rss-round-1/rss/raw/unary-Ta/Ta-00106.poscar,f9c8fbec677c9f4de460f579df0faefe63707dd8291efb6895c2d3642651f94c,f9c8fbec677c9f4de460f579df0faefe63707dd8291efb6895c2d3642651f94c
rss-n12-p200000bar,Ta-potential/fcc-restart/05-rss-round-1/rss-selection/source-frames/rss-n12-p200000bar.xyz,7,12,200000.0,1,107,000323.poscar,unary-Ta/Ta-00107-1.poscar,/home/tuzhengyu/work/WTaTi/Ta-potential/fcc-restart/05-rss-round-1/rss/minimized/unary-Ta/Ta-00107-1.poscar,Ta-potential/fcc-restart/05-rss-round-1/rss/raw/unary-Ta/Ta-00107.poscar,9eb403c156e0cf87729863b395add99c58980a50d1ee925973bbeeb4c7053612,9eb403c156e0cf87729863b395add99c58980a50d1ee925973bbeeb4c7053612
rss-n12-p200000bar,Ta-potential/fcc-restart/05-rss-round-1/rss-selection/source-frames/rss-n12-p200000bar.xyz,8,12,200000.0,1,108,000326.poscar,unary-Ta/Ta-00108-1.poscar,/home/tuzhengyu/work/WTaTi/Ta-potential/fcc-restart/05-rss-round-1/rss/minimized/unary-Ta/Ta-00108-1.poscar,Ta-potential/fcc-restart/05-rss-round-1/rss/raw/unary-Ta/Ta-00108.poscar,2482d1d8496ae8cfb770dc2a227b580cab844684e214f595fb2a97cda9fb1a40,2482d1d8496ae8cfb770dc2a227b580cab844684e214f595fb2a97cda9fb1a40
rss-n12-p200000bar,Ta-potential/fcc-restart/05-rss-round-1/rss-selection/source-frames/rss-n12-p200000bar.xyz,9,12,200000.0,1,109,000329.poscar,unary-Ta/Ta-00109-1.poscar,/home/tuzhengyu/work/WTaTi/Ta-potential/fcc-restart/05-rss-round-1/rss/minimized/unary-Ta/Ta-00109-1.poscar,Ta-potential/fcc-restart/05-rss-round-1/rss/raw/unary-Ta/Ta-00109.poscar,f14ec6e223f9cc2094b906b88ff478b6cc21dac2905d61d5691e6962a808f175,f14ec6e223f9cc2094b906b88ff478b6cc21dac2905d61d5691e6962a808f175
rss-n12-p200000bar,Ta-potential/fcc-restart/05-rss-round-1/rss-selection/source-frames/rss-n12-p200000bar.xyz,10,12,200000.0,1,110,000332.poscar,unary-Ta/Ta-00110-1.poscar,/home/tuzhengyu/work/WTaTi/Ta-potential/fcc-restart/05-rss-round-1/rss/minimized/unary-Ta/Ta-00110-1.poscar,Ta-potential/fcc-restart/05-rss-round-1/rss/raw/unary-Ta/Ta-00110.poscar,f30bd9dc46163f89496e8ddc0238291c05f586179ad4d7e22bd055f0a59594ef,f30bd9dc46163f89496e8ddc0238291c05f586179ad4d7e22bd055f0a59594ef
rss-n12-p200000bar,Ta-potential/fcc-restart/05-rss-round-1/rss-selection/source-frames/rss-n12-p200000bar.xyz,11,12,200000.0,1,111,000335.poscar,unary-Ta/Ta-00111-1.poscar,/home/tuzhengyu/work/WTaTi/Ta-potential/fcc-restart/05-rss-round-1/rss/minimized/unary-Ta/Ta-00111-1.poscar,Ta-potential/fcc-restart/05-rss-round-1/rss/raw/unary-Ta/Ta-00111.poscar,7e5eb7fafc3bf7e38c7c706fbd7364cabdc8de7838e0d75820948b1dd4eec22b,7e5eb7fafc3bf7e38c7c706fbd7364cabdc8de7838e0d75820948b1dd4eec22b
rss-n12-p200000bar,Ta-potential/fcc-restart/05-rss-round-1/rss-selection/source-frames/rss-n12-p200000bar.xyz,12,12,200000.0,1,112,000338.poscar,unary-Ta/Ta-00112-1.poscar,/home/tuzhengyu/work/WTaTi/Ta-potential/fcc-restart/05-rss-round-1/rss/minimized/unary-Ta/Ta-00112-1.poscar,Ta-potential/fcc-restart/05-rss-round-1/rss/raw/unary-Ta/Ta-00112.poscar,20a5f1440bf3a3af6bf3ad93228880b3cf756a2b81cd90d30d8e32774f3aac3c,20a5f1440bf3a3af6bf3ad93228880b3cf756a2b81cd90d30d8e32774f3aac3c
rss-n12-p200000bar,Ta-potential/fcc-restart/05-rss-round-1/rss-selection/source-frames/rss-n12-p200000bar.xyz,13,12,200000.0,1,113,000341.poscar,unary-Ta/Ta-00113-1.poscar,/home/tuzhengyu/work/WTaTi/Ta-potential/fcc-restart/05-rss-round-1/rss/minimized/unary-Ta/Ta-00113-1.poscar,Ta-potential/fcc-restart/05-rss-round-1/rss/raw/unary-Ta/Ta-00113.poscar,c7f57e7201d4b834405f7f406ac4b7485d0bde4cdebed61c4215bc68e88d28ba,c7f57e7201d4b834405f7f406ac4b7485d0bde4cdebed61c4215bc68e88d28ba
rss-n12-p200000bar,Ta-potential/fcc-restart/05-rss-round-1/rss-selection/source-frames/rss-n12-p200000bar.xyz,14,12,200000.0,1,114,000344.poscar,unary-Ta/Ta-00114-1.poscar,/home/tuzhengyu/work/WTaTi/Ta-potential/fcc-restart/05-rss-round-1/rss/minimized/unary-Ta/Ta-00114-1.poscar,Ta-potential/fcc-restart/05-rss-round-1/rss/raw/unary-Ta/Ta-00114.poscar,0b63ee15aac3bdb72692fea6261162d1ed7af1e63d0c8837994b03b2842c52a2,0b63ee15aac3bdb72692fea6261162d1ed7af1e63d0c8837994b03b2842c52a2
rss-n12-p200000bar,Ta-potential/fcc-restart/05-rss-round-1/rss-selection/source-frames/rss-n12-p200000bar.xyz,15,12,200000.0,1,115,000347.poscar,unary-Ta/Ta-00115-1.poscar,/home/tuzhengyu/work/WTaTi/Ta-potential/fcc-restart/05-rss-round-1/rss/minimized/unary-Ta/Ta-00115-1.poscar,Ta-potential/fcc-restart/05-rss-round-1/rss/raw/unary-Ta/Ta-00115.poscar,f9d792257923ea80255d9769533ed4ded9203f792884527a236372538211d682,f9d792257923ea80255d9769533ed4ded9203f792884527a236372538211d682
rss-n12-p200000bar,Ta-potential/fcc-restart/05-rss-round-1/rss-selection/source-frames/rss-n12-p200000bar.xyz,16,12,200000.0,1,116,000350.poscar,unary-Ta/Ta-00116-1.poscar,/home/tuzhengyu/work/WTaTi/Ta-potential/fcc-restart/05-rss-round-1/rss/minimized/unary-Ta/Ta-00116-1.poscar,Ta-potential/fcc-restart/05-rss-round-1/rss/raw/unary-Ta/Ta-00116.poscar,e155209a3c2c093a67d1188c7aae7b943a856379f1918fedd77413927a341bfc,e155209a3c2c093a67d1188c7aae7b943a856379f1918fedd77413927a341bfc
rss-n12-p200000bar,Ta-potential/fcc-restart/05-rss-round-1/rss-selection/source-frames/rss-n12-p200000bar.xyz,17,12,200000.0,1,117,000353.poscar,unary-Ta/Ta-00117-1.poscar,/home/tuzhengyu/work/WTaTi/Ta-potential/fcc-restart/05-rss-round-1/rss/minimized/unary-Ta/Ta-00117-1.poscar,Ta-potential/fcc-restart/05-rss-round-1/rss/raw/unary-Ta/Ta-00117.poscar,e84a3fb5b1eb57ed95d5f2dd6c2cd68b3a5e95312a561e92ab91e6080e99f6fd,e84a3fb5b1eb57ed95d5f2dd6c2cd68b3a5e95312a561e92ab91e6080e99f6fd
rss-n12-p200000bar,Ta-potential/fcc-restart/05-rss-round-1/rss-selection/source-frames/rss-n12-p200000bar.xyz,18,12,200000.0,1,118,000356.poscar,unary-Ta/Ta-00118-1.poscar,/home/tuzhengyu/work/WTaTi/Ta-potential/fcc-restart/05-rss-round-1/rss/minimized/unary-Ta/Ta-00118-1.poscar,Ta-potential/fcc-restart/05-rss-round-1/rss/raw/unary-Ta/Ta-00118.poscar,6ce0da31338ec171698df7826c4a04046db86e8becd5c3d97e62afa1358b9d3e,6ce0da31338ec171698df7826c4a04046db86e8becd5c3d97e62afa1358b9d3e
rss-n12-p200000bar,Ta-potential/fcc-restart/05-rss-round-1/rss-selection/source-frames/rss-n12-p200000bar.xyz,19,12,200000.0,1,119,000359.poscar,unary-Ta/Ta-00119-1.poscar,/home/tuzhengyu/work/WTaTi/Ta-potential/fcc-restart/05-rss-round-1/rss/minimized/unary-Ta/Ta-00119-1.poscar,Ta-potential/fcc-restart/05-rss-round-1/rss/raw/unary-Ta/Ta-00119.poscar,ac9f92a198b03fe55488276ad55620091d3f125f4ba6e610c45358b4784e5d61,ac9f92a198b03fe55488276ad55620091d3f125f4ba6e610c45358b4784e5d61
rss-n12-p200000bar,Ta-potential/fcc-restart/05-rss-round-1/rss-selection/source-frames/rss-n12-p200000bar.xyz,20,12,200000.0,1,120,000362.poscar,unary-Ta/Ta-00120-1.poscar,/home/tuzhengyu/work/WTaTi/Ta-potential/fcc-restart/05-rss-round-1/rss/minimized/unary-Ta/Ta-00120-1.poscar,Ta-potential/fcc-restart/05-rss-round-1/rss/raw/unary-Ta/Ta-00120.poscar,467cc813a62f3319829a5575d00fff923981bad08d0fa6e8cde986dadf78292c,467cc813a62f3319829a5575d00fff923981bad08d0fa6e8cde986dadf78292c
rss-n12-p200000bar,Ta-potential/fcc-restart/05-rss-round-1/rss-selection/source-frames/rss-n12-p200000bar.xyz,21,12,200000.0,1,121,000365.poscar,unary-Ta/Ta-00121-1.poscar,/home/tuzhengyu/work/WTaTi/Ta-potential/fcc-restart/05-rss-round-1/rss/minimized/unary-Ta/Ta-00121-1.poscar,Ta-potential/fcc-restart/05-rss-round-1/rss/raw/unary-Ta/Ta-00121.poscar,e83b45ee5645630f9b7e24835c1ee5363aac2e1894bd7c447219db764abc153f,e83b45ee5645630f9b7e24835c1ee5363aac2e1894bd7c447219db764abc153f
rss-n12-p200000bar,Ta-potential/fcc-restart/05-rss-round-1/rss-selection/source-frames/rss-n12-p200000bar.xyz,22,12,200000.0,1,122,000368.poscar,unary-Ta/Ta-00122-1.poscar,/home/tuzhengyu/work/WTaTi/Ta-potential/fcc-restart/05-rss-round-1/rss/minimized/unary-Ta/Ta-00122-1.poscar,Ta-potential/fcc-restart/05-rss-round-1/rss/raw/unary-Ta/Ta-00122.poscar,de249e52da3fae351a803c0e21efaeeef5c6f8f1ce1e228c91a49f85fa04a96f,de249e52da3fae351a803c0e21efaeeef5c6f8f1ce1e228c91a49f85fa04a96f
rss-n12-p200000bar,Ta-potential/fcc-restart/05-rss-round-1/rss-selection/source-frames/rss-n12-p200000bar.xyz,23,12,200000.0,1,123,000371.poscar,unary-Ta/Ta-00123-1.poscar,/home/tuzhengyu/work/WTaTi/Ta-potential/fcc-restart/05-rss-round-1/rss/minimized/unary-Ta/Ta-00123-1.poscar,Ta-potential/fcc-restart/05-rss-round-1/rss/raw/unary-Ta/Ta-00123.poscar,2f5ce7748dc2ad7e19c6b7fb1ca1769f9c53fc0f571df3655fbd2c847d88394e,2f5ce7748dc2ad7e19c6b7fb1ca1769f9c53fc0f571df3655fbd2c847d88394e
rss-n12-p200000bar,Ta-potential/fcc-restart/05-rss-round-1/rss-selection/source-frames/rss-n12-p200000bar.xyz,24,12,200000.0,1,124,000374.poscar,unary-Ta/Ta-00124-1.poscar,/home/tuzhengyu/work/WTaTi/Ta-potential/fcc-restart/05-rss-round-1/rss/minimized/unary-Ta/Ta-00124-1.poscar,Ta-potential/fcc-restart/05-rss-round-1/rss/raw/unary-Ta/Ta-00124.poscar,4939094d10a0dc66ab3318a83bb5727a968fc62a8c41b77ee6fd534bcf66984a,4939094d10a0dc66ab3318a83bb5727a968fc62a8c41b77ee6fd534bcf66984a
rss-n12-p200000bar,Ta-potential/fcc-restart/05-rss-round-1/rss-selection/source-frames/rss-n12-p200000bar.xyz,25,12,200000.0,1,125,000377.poscar,unary-Ta/Ta-00125-1.poscar,/home/tuzhengyu/work/WTaTi/Ta-potential/fcc-restart/05-rss-round-1/rss/minimized/unary-Ta/Ta-00125-1.poscar,Ta-potential/fcc-restart/05-rss-round-1/rss/raw/unary-Ta/Ta-00125.poscar,36171502f3865436298f5d1b7e219479d41cefad8e1948fda3f0c59cae63ba33,36171502f3865436298f5d1b7e219479d41cefad8e1948fda3f0c59cae63ba33
rss-n12-p200000bar,Ta-potential/fcc-restart/05-rss-round-1/rss-selection/source-frames/rss-n12-p200000bar.xyz,26,12,200000.0,1,126,000380.poscar,unary-Ta/Ta-00126-1.poscar,/home/tuzhengyu/work/WTaTi/Ta-potential/fcc-restart/05-rss-round-1/rss/minimized/unary-Ta/Ta-00126-1.poscar,Ta-potential/fcc-restart/05-rss-round-1/rss/raw/unary-Ta/Ta-00126.poscar,eac2503b5fd24ba29fd3a5a172d7420469241fba112ec6236b2ddae2c27383f5,eac2503b5fd24ba29fd3a5a172d7420469241fba112ec6236b2ddae2c27383f5
rss-n12-p200000bar,Ta-potential/fcc-restart/05-rss-round-1/rss-selection/source-frames/rss-n12-p200000bar.xyz,27,12,200000.0,1,127,000383.poscar,unary-Ta/Ta-00127-1.poscar,/home/tuzhengyu/work/WTaTi/Ta-potential/fcc-restart/05-rss-round-1/rss/minimized/unary-Ta/Ta-00127-1.poscar,Ta-potential/fcc-restart/05-rss-round-1/rss/raw/unary-Ta/Ta-00127.poscar,0be78dc555ce1b890b6bdf536a4a6b3ac9d6c17c70e662c0b81f37458d3a24d2,0be78dc555ce1b890b6bdf536a4a6b3ac9d6c17c70e662c0b81f37458d3a24d2
rss-n12-p200000bar,Ta-potential/fcc-restart/05-rss-round-1/rss-selection/source-frames/rss-n12-p200000bar.xyz,28,12,200000.0,1,128,000386.poscar,unary-Ta/Ta-00128-1.poscar,/home/tuzhengyu/work/WTaTi/Ta-potential/fcc-restart/05-rss-round-1/rss/minimized/unary-Ta/Ta-00128-1.poscar,Ta-potential/fcc-restart/05-rss-round-1/rss/raw/unary-Ta/Ta-00128.poscar,bc4292a11c389ff794e9b812646dd067066bab48d5442f929102393ca6e169bf,bc4292a11c389ff794e9b812646dd067066bab48d5442f929102393ca6e169bf
rss-n12-p200000bar,Ta-potential/fcc-restart/05-rss-round-1/rss-selection/source-frames/rss-n12-p200000bar.xyz,29,12,200000.0,1,129,000389.poscar,unary-Ta/Ta-00129-1.poscar,/home/tuzhengyu/work/WTaTi/Ta-potential/fcc-restart/05-rss-round-1/rss/minimized/unary-Ta/Ta-00129-1.poscar,Ta-potential/fcc-restart/05-rss-round-1/rss/raw/unary-Ta/Ta-00129.poscar,0a88c1763387d55654738d7afddde836ae4f23170f3ab99c2a8e441bcf49b903,0a88c1763387d55654738d7afddde836ae4f23170f3ab99c2a8e441bcf49b903
rss-n12-p200000bar,Ta-potential/fcc-restart/05-rss-round-1/rss-selection/source-frames/rss-n12-p200000bar.xyz,30,12,200000.0,1,130,000392.poscar,unary-Ta/Ta-00130-1.poscar,/home/tuzhengyu/work/WTaTi/Ta-potential/fcc-restart/05-rss-round-1/rss/minimized/unary-Ta/Ta-00130-1.poscar,Ta-potential/fcc-restart/05-rss-round-1/rss/raw/unary-Ta/Ta-00130.poscar,e57801e493e18dd4898e3eae25749903dbadb2e39f657555d9f41ff8a2d06d66,e57801e493e18dd4898e3eae25749903dbadb2e39f657555d9f41ff8a2d06d66
rss-n12-p200000bar,Ta-potential/fcc-restart/05-rss-round-1/rss-selection/source-frames/rss-n12-p200000bar.xyz,31,12,200000.0,1,131,000395.poscar,unary-Ta/Ta-00131-1.poscar,/home/tuzhengyu/work/WTaTi/Ta-potential/fcc-restart/05-rss-round-1/rss/minimized/unary-Ta/Ta-00131-1.poscar,Ta-potential/fcc-restart/05-rss-round-1/rss/raw/unary-Ta/Ta-00131.poscar,745a8ce7e849ef1f8ef6079b51e882f4a1af11a77dedafcb82727dcb50de85d5,745a8ce7e849ef1f8ef6079b51e882f4a1af11a77dedafcb82727dcb50de85d5
rss-n12-p200000bar,Ta-potential/fcc-restart/05-rss-round-1/rss-selection/source-frames/rss-n12-p200000bar.xyz,32,12,200000.0,1,132,000398.poscar,unary-Ta/Ta-00132-1.poscar,/home/tuzhengyu/work/WTaTi/Ta-potential/fcc-restart/05-rss-round-1/rss/minimized/unary-Ta/Ta-00132-1.poscar,Ta-potential/fcc-restart/05-rss-round-1/rss/raw/unary-Ta/Ta-00132.poscar,990a5f5543651f62c34baf8fe9be76469ef87e090eb9c3d8fbcd44886d5071d2,990a5f5543651f62c34baf8fe9be76469ef87e090eb9c3d8fbcd44886d5071d2
rss-n12-p200000bar,Ta-potential/fcc-restart/05-rss-round-1/rss-selection/source-frames/rss-n12-p200000bar.xyz,33,12,200000.0,1,133,000401.poscar,unary-Ta/Ta-00133-1.poscar,/home/tuzhengyu/work/WTaTi/Ta-potential/fcc-restart/05-rss-round-1/rss/minimized/unary-Ta/Ta-00133-1.poscar,Ta-potential/fcc-restart/05-rss-round-1/rss/raw/unary-Ta/Ta-00133.poscar,05ae2845d29d9713751349653eb5c5ce2358f1f2a920abcf62a8e7bca9448be7,05ae2845d29d9713751349653eb5c5ce2358f1f2a920abcf62a8e7bca9448be7
rss-n12-p200000bar,Ta-potential/fcc-restart/05-rss-round-1/rss-selection/source-frames/rss-n12-p200000bar.xyz,34,12,200000.0,1,134,000404.poscar,unary-Ta/Ta-00134-1.poscar,/home/tuzhengyu/work/WTaTi/Ta-potential/fcc-restart/05-rss-round-1/rss/minimized/unary-Ta/Ta-00134-1.poscar,Ta-potential/fcc-restart/05-rss-round-1/rss/raw/unary-Ta/Ta-00134.poscar,73e164227dfaee8b8a4aaf5aea3f494a44404966bc505fbd4e5bbc7b807dcf89,73e164227dfaee8b8a4aaf5aea3f494a44404966bc505fbd4e5bbc7b807dcf89
rss-n12-p200000bar,Ta-potential/fcc-restart/05-rss-round-1/rss-selection/source-frames/rss-n12-p200000bar.xyz,35,12,200000.0,1,135,000407.poscar,unary-Ta/Ta-00135-1.poscar,/home/tuzhengyu/work/WTaTi/Ta-potential/fcc-restart/05-rss-round-1/rss/minimized/unary-Ta/Ta-00135-1.poscar,Ta-potential/fcc-restart/05-rss-round-1/rss/raw/unary-Ta/Ta-00135.poscar,95edb414173daffd4ce17d664568c3cd34f3c7cb89422b0cd32cb6fbc5c9b48d,95edb414173daffd4ce17d664568c3cd34f3c7cb89422b0cd32cb6fbc5c9b48d
rss-n12-p200000bar,Ta-potential/fcc-restart/05-rss-round-1/rss-selection/source-frames/rss-n12-p200000bar.xyz,36,12,200000.0,1,136,000410.poscar,unary-Ta/Ta-00136-1.poscar,/home/tuzhengyu/work/WTaTi/Ta-potential/fcc-restart/05-rss-round-1/rss/minimized/unary-Ta/Ta-00136-1.poscar,Ta-potential/fcc-restart/05-rss-round-1/rss/raw/unary-Ta/Ta-00136.poscar,4ed532ed6aa1998d2e1b37d5407836e54cd9f405ebaf025554f90d891905bf68,4ed532ed6aa1998d2e1b37d5407836e54cd9f405ebaf025554f90d891905bf68
rss-n12-p200000bar,Ta-potential/fcc-restart/05-rss-round-1/rss-selection/source-frames/rss-n12-p200000bar.xyz,37,12,200000.0,1,137,000413.poscar,unary-Ta/Ta-00137-1.poscar,/home/tuzhengyu/work/WTaTi/Ta-potential/fcc-restart/05-rss-round-1/rss/minimized/unary-Ta/Ta-00137-1.poscar,Ta-potential/fcc-restart/05-rss-round-1/rss/raw/unary-Ta/Ta-00137.poscar,20fc083f626738091dd08b60e4ed53c8a2cb8bf5061eddb1902d3f3b4d5516d9,20fc083f626738091dd08b60e4ed53c8a2cb8bf5061eddb1902d3f3b4d5516d9
rss-n12-p200000bar,Ta-potential/fcc-restart/05-rss-round-1/rss-selection/source-frames/rss-n12-p200000bar.xyz,38,12,200000.0,1,138,000416.poscar,unary-Ta/Ta-00138-1.poscar,/home/tuzhengyu/work/WTaTi/Ta-potential/fcc-restart/05-rss-round-1/rss/minimized/unary-Ta/Ta-00138-1.poscar,Ta-potential/fcc-restart/05-rss-round-1/rss/raw/unary-Ta/Ta-00138.poscar,ded995d1de7c774921129571cc82553d9a7221e0d96dcb7f2c8133a19e135bfd,ded995d1de7c774921129571cc82553d9a7221e0d96dcb7f2c8133a19e135bfd
rss-n12-p200000bar,Ta-potential/fcc-restart/05-rss-round-1/rss-selection/source-frames/rss-n12-p200000bar.xyz,39,12,200000.0,1,139,000419.poscar,unary-Ta/Ta-00139-1.poscar,/home/tuzhengyu/work/WTaTi/Ta-potential/fcc-restart/05-rss-round-1/rss/minimized/unary-Ta/Ta-00139-1.poscar,Ta-potential/fcc-restart/05-rss-round-1/rss/raw/unary-Ta/Ta-00139.poscar,cb83bac5a06d617fab363a7a995b8beb9d27042c700ead305ff314c27ffcc013,cb83bac5a06d617fab363a7a995b8beb9d27042c700ead305ff314c27ffcc013
rss-n12-p200000bar,Ta-potential/fcc-restart/05-rss-round-1/rss-selection/source-frames/rss-n12-p200000bar.xyz,40,12,200000.0,1,140,000422.poscar,unary-Ta/Ta-00140-1.poscar,/home/tuzhengyu/work/WTaTi/Ta-potential/fcc-restart/05-rss-round-1/rss/minimized/unary-Ta/Ta-00140-1.poscar,Ta-potential/fcc-restart/05-rss-round-1/rss/raw/unary-Ta/Ta-00140.poscar,7c5c1991ad31b7c4781dfe32f2d64539aeda1e895d3156cfdcf7f258e083c47a,7c5c1991ad31b7c4781dfe32f2d64539aeda1e895d3156cfdcf7f258e083c47a
rss-n12-p200000bar,Ta-potential/fcc-restart/05-rss-round-1/rss-selection/source-frames/rss-n12-p200000bar.xyz,41,12,200000.0,1,141,000425.poscar,unary-Ta/Ta-00141-1.poscar,/home/tuzhengyu/work/WTaTi/Ta-potential/fcc-restart/05-rss-round-1/rss/minimized/unary-Ta/Ta-00141-1.poscar,Ta-potential/fcc-restart/05-rss-round-1/rss/raw/unary-Ta/Ta-00141.poscar,84be49c13a38cc3b3cb23958b16af2a830e9ee57a92907bac76139c8e374ed0c,84be49c13a38cc3b3cb23958b16af2a830e9ee57a92907bac76139c8e374ed0c
rss-n12-p200000bar,Ta-potential/fcc-restart/05-rss-round-1/rss-selection/source-frames/rss-n12-p200000bar.xyz,42,12,200000.0,1,142,000428.poscar,unary-Ta/Ta-00142-1.poscar,/home/tuzhengyu/work/WTaTi/Ta-potential/fcc-restart/05-rss-round-1/rss/minimized/unary-Ta/Ta-00142-1.poscar,Ta-potential/fcc-restart/05-rss-round-1/rss/raw/unary-Ta/Ta-00142.poscar,eb3a5486d9a786fc427cb44914b994a6f9f8fe30611a5d4509b466cb19baea89,eb3a5486d9a786fc427cb44914b994a6f9f8fe30611a5d4509b466cb19baea89
rss-n12-p200000bar,Ta-potential/fcc-restart/05-rss-round-1/rss-selection/source-frames/rss-n12-p200000bar.xyz,43,12,200000.0,1,143,000431.poscar,unary-Ta/Ta-00143-1.poscar,/home/tuzhengyu/work/WTaTi/Ta-potential/fcc-restart/05-rss-round-1/rss/minimized/unary-Ta/Ta-00143-1.poscar,Ta-potential/fcc-restart/05-rss-round-1/rss/raw/unary-Ta/Ta-00143.poscar,102cadd44c6b4e962007586b818d80e75c1fb49a40f915e73dd99e8f12c25158,102cadd44c6b4e962007586b818d80e75c1fb49a40f915e73dd99e8f12c25158
rss-n12-p200000bar,Ta-potential/fcc-restart/05-rss-round-1/rss-selection/source-frames/rss-n12-p200000bar.xyz,44,12,200000.0,1,144,000434.poscar,unary-Ta/Ta-00144-1.poscar,/home/tuzhengyu/work/WTaTi/Ta-potential/fcc-restart/05-rss-round-1/rss/minimized/unary-Ta/Ta-00144-1.poscar,Ta-potential/fcc-restart/05-rss-round-1/rss/raw/unary-Ta/Ta-00144.poscar,99897e13ea6474ec746489e6204727d8a44c2a657721f72c18bdc29a7df9e4c1,99897e13ea6474ec746489e6204727d8a44c2a657721f72c18bdc29a7df9e4c1
rss-n12-p200000bar,Ta-potential/fcc-restart/05-rss-round-1/rss-selection/source-frames/rss-n12-p200000bar.xyz,45,12,200000.0,1,145,000437.poscar,unary-Ta/Ta-00145-1.poscar,/home/tuzhengyu/work/WTaTi/Ta-potential/fcc-restart/05-rss-round-1/rss/minimized/unary-Ta/Ta-00145-1.poscar,Ta-potential/fcc-restart/05-rss-round-1/rss/raw/unary-Ta/Ta-00145.poscar,01c9ece5fe63c43231efc3350dd51c5f996b062c971794608a860e62cea6963a,01c9ece5fe63c43231efc3350dd51c5f996b062c971794608a860e62cea6963a
rss-n12-p200000bar,Ta-potential/fcc-restart/05-rss-round-1/rss-selection/source-frames/rss-n12-p200000bar.xyz,46,12,200000.0,1,146,000440.poscar,unary-Ta/Ta-00146-1.poscar,/home/tuzhengyu/work/WTaTi/Ta-potential/fcc-restart/05-rss-round-1/rss/minimized/unary-Ta/Ta-00146-1.poscar,Ta-potential/fcc-restart/05-rss-round-1/rss/raw/unary-Ta/Ta-00146.poscar,041e5baa366bceb51d361a2df647be8fca59135104696252eaa2aa17397a227d,041e5baa366bceb51d361a2df647be8fca59135104696252eaa2aa17397a227d
rss-n12-p200000bar,Ta-potential/fcc-restart/05-rss-round-1/rss-selection/source-frames/rss-n12-p200000bar.xyz,47,12,200000.0,1,147,000443.poscar,unary-Ta/Ta-00147-1.poscar,/home/tuzhengyu/work/WTaTi/Ta-potential/fcc-restart/05-rss-round-1/rss/minimized/unary-Ta/Ta-00147-1.poscar,Ta-potential/fcc-restart/05-rss-round-1/rss/raw/unary-Ta/Ta-00147.poscar,fcda93b923f32370ca25f3a7a1e3ccc611be68af9a278f0cd26969f362ba4b10,fcda93b923f32370ca25f3a7a1e3ccc611be68af9a278f0cd26969f362ba4b10
rss-n12-p200000bar,Ta-potential/fcc-restart/05-rss-round-1/rss-selection/source-frames/rss-n12-p200000bar.xyz,48,12,200000.0,1,148,000446.poscar,unary-Ta/Ta-00148-1.poscar,/home/tuzhengyu/work/WTaTi/Ta-potential/fcc-restart/05-rss-round-1/rss/minimized/unary-Ta/Ta-00148-1.poscar,Ta-potential/fcc-restart/05-rss-round-1/rss/raw/unary-Ta/Ta-00148.poscar,6ff96ce975b55c5c150af2ffb4abd3692cd7f902cd5416ff15471b7f1c9b314c,6ff96ce975b55c5c150af2ffb4abd3692cd7f902cd5416ff15471b7f1c9b314c
rss-n12-p200000bar,Ta-potential/fcc-restart/05-rss-round-1/rss-selection/source-frames/rss-n12-p200000bar.xyz,49,12,200000.0,1,149,000449.poscar,unary-Ta/Ta-00149-1.poscar,/home/tuzhengyu/work/WTaTi/Ta-potential/fcc-restart/05-rss-round-1/rss/minimized/unary-Ta/Ta-00149-1.poscar,Ta-potential/fcc-restart/05-rss-round-1/rss/raw/unary-Ta/Ta-00149.poscar,353b52e0fa9dd24607c43a95a8ad8abc208267b540d16da0285af542bad54db7,353b52e0fa9dd24607c43a95a8ad8abc208267b540d16da0285af542bad54db7
rss-n12-p400000bar,Ta-potential/fcc-restart/05-rss-round-1/rss-selection/source-frames/rss-n12-p400000bar.xyz,0,12,400000.0,2,100,000303.poscar,unary-Ta/Ta-00100-2.poscar,/home/tuzhengyu/work/WTaTi/Ta-potential/fcc-restart/05-rss-round-1/rss/minimized/unary-Ta/Ta-00100-2.poscar,Ta-potential/fcc-restart/05-rss-round-1/rss/raw/unary-Ta/Ta-00100.poscar,629219dda469cda3fec522a348c9493dabb2368302fc315e1337ff713919ce51,629219dda469cda3fec522a348c9493dabb2368302fc315e1337ff713919ce51
rss-n12-p400000bar,Ta-potential/fcc-restart/05-rss-round-1/rss-selection/source-frames/rss-n12-p400000bar.xyz,1,12,400000.0,2,101,000306.poscar,unary-Ta/Ta-00101-2.poscar,/home/tuzhengyu/work/WTaTi/Ta-potential/fcc-restart/05-rss-round-1/rss/minimized/unary-Ta/Ta-00101-2.poscar,Ta-potential/fcc-restart/05-rss-round-1/rss/raw/unary-Ta/Ta-00101.poscar,6acf921a7af911660b94e01bd0f6c7e4bbcbf739d53edcc61f47d6d026ad3cae,6acf921a7af911660b94e01bd0f6c7e4bbcbf739d53edcc61f47d6d026ad3cae
rss-n12-p400000bar,Ta-potential/fcc-restart/05-rss-round-1/rss-selection/source-frames/rss-n12-p400000bar.xyz,2,12,400000.0,2,102,000309.poscar,unary-Ta/Ta-00102-2.poscar,/home/tuzhengyu/work/WTaTi/Ta-potential/fcc-restart/05-rss-round-1/rss/minimized/unary-Ta/Ta-00102-2.poscar,Ta-potential/fcc-restart/05-rss-round-1/rss/raw/unary-Ta/Ta-00102.poscar,ff494741ac2179d6de2534fd41bdd6a2973beedcdf9bfea3ffbfda493ae30ad0,ff494741ac2179d6de2534fd41bdd6a2973beedcdf9bfea3ffbfda493ae30ad0
rss-n12-p400000bar,Ta-potential/fcc-restart/05-rss-round-1/rss-selection/source-frames/rss-n12-p400000bar.xyz,3,12,400000.0,2,103,000312.poscar,unary-Ta/Ta-00103-2.poscar,/home/tuzhengyu/work/WTaTi/Ta-potential/fcc-restart/05-rss-round-1/rss/minimized/unary-Ta/Ta-00103-2.poscar,Ta-potential/fcc-restart/05-rss-round-1/rss/raw/unary-Ta/Ta-00103.poscar,b5c7bf0fef701269b497f811fa6fdbd786a3ec8196a8bf609899b5aaf219931f,b5c7bf0fef701269b497f811fa6fdbd786a3ec8196a8bf609899b5aaf219931f
rss-n12-p400000bar,Ta-potential/fcc-restart/05-rss-round-1/rss-selection/source-frames/rss-n12-p400000bar.xyz,4,12,400000.0,2,104,000315.poscar,unary-Ta/Ta-00104-2.poscar,/home/tuzhengyu/work/WTaTi/Ta-potential/fcc-restart/05-rss-round-1/rss/minimized/unary-Ta/Ta-00104-2.poscar,Ta-potential/fcc-restart/05-rss-round-1/rss/raw/unary-Ta/Ta-00104.poscar,cfac297aa4416989356005ac3bd04e5117fe1d744d911dc7301bd4c302d0d017,cfac297aa4416989356005ac3bd04e5117fe1d744d911dc7301bd4c302d0d017
rss-n12-p400000bar,Ta-potential/fcc-restart/05-rss-round-1/rss-selection/source-frames/rss-n12-p400000bar.xyz,5,12,400000.0,2,105,000318.poscar,unary-Ta/Ta-00105-2.poscar,/home/tuzhengyu/work/WTaTi/Ta-potential/fcc-restart/05-rss-round-1/rss/minimized/unary-Ta/Ta-00105-2.poscar,Ta-potential/fcc-restart/05-rss-round-1/rss/raw/unary-Ta/Ta-00105.poscar,1991bc392c02997abb0148d2259ab261092995042ea19f5047a20c317f888e16,1991bc392c02997abb0148d2259ab261092995042ea19f5047a20c317f888e16
rss-n12-p400000bar,Ta-potential/fcc-restart/05-rss-round-1/rss-selection/source-frames/rss-n12-p400000bar.xyz,6,12,400000.0,2,106,000321.poscar,unary-Ta/Ta-00106-2.poscar,/home/tuzhengyu/work/WTaTi/Ta-potential/fcc-restart/05-rss-round-1/rss/minimized/unary-Ta/Ta-00106-2.poscar,Ta-potential/fcc-restart/05-rss-round-1/rss/raw/unary-Ta/Ta-00106.poscar,1c9eac8b6873fe9390944fb1d66012daed8ad4790d3142238f9475f98aaeff08,1c9eac8b6873fe9390944fb1d66012daed8ad4790d3142238f9475f98aaeff08
rss-n12-p400000bar,Ta-potential/fcc-restart/05-rss-round-1/rss-selection/source-frames/rss-n12-p400000bar.xyz,7,12,400000.0,2,107,000324.poscar,unary-Ta/Ta-00107-2.poscar,/home/tuzhengyu/work/WTaTi/Ta-potential/fcc-restart/05-rss-round-1/rss/minimized/unary-Ta/Ta-00107-2.poscar,Ta-potential/fcc-restart/05-rss-round-1/rss/raw/unary-Ta/Ta-00107.poscar,008fd6ce8f0f5899611ac4a31330dc7025c866fe829f04c08468b0e0578790cc,008fd6ce8f0f5899611ac4a31330dc7025c866fe829f04c08468b0e0578790cc
rss-n12-p400000bar,Ta-potential/fcc-restart/05-rss-round-1/rss-selection/source-frames/rss-n12-p400000bar.xyz,8,12,400000.0,2,108,000327.poscar,unary-Ta/Ta-00108-2.poscar,/home/tuzhengyu/work/WTaTi/Ta-potential/fcc-restart/05-rss-round-1/rss/minimized/unary-Ta/Ta-00108-2.poscar,Ta-potential/fcc-restart/05-rss-round-1/rss/raw/unary-Ta/Ta-00108.poscar,0b26d833ef87d141a5789483c4ee1acf15764bbc68184c03b5312cb5560fef88,0b26d833ef87d141a5789483c4ee1acf15764bbc68184c03b5312cb5560fef88
rss-n12-p400000bar,Ta-potential/fcc-restart/05-rss-round-1/rss-selection/source-frames/rss-n12-p400000bar.xyz,9,12,400000.0,2,109,000330.poscar,unary-Ta/Ta-00109-2.poscar,/home/tuzhengyu/work/WTaTi/Ta-potential/fcc-restart/05-rss-round-1/rss/minimized/unary-Ta/Ta-00109-2.poscar,Ta-potential/fcc-restart/05-rss-round-1/rss/raw/unary-Ta/Ta-00109.poscar,ed0259b77e1e2b1d5c8314ff64f766b741e75487d193d1429b16b66d3bd71468,ed0259b77e1e2b1d5c8314ff64f766b741e75487d193d1429b16b66d3bd71468
rss-n12-p400000bar,Ta-potential/fcc-restart/05-rss-round-1/rss-selection/source-frames/rss-n12-p400000bar.xyz,10,12,400000.0,2,110,000333.poscar,unary-Ta/Ta-00110-2.poscar,/home/tuzhengyu/work/WTaTi/Ta-potential/fcc-restart/05-rss-round-1/rss/minimized/unary-Ta/Ta-00110-2.poscar,Ta-potential/fcc-restart/05-rss-round-1/rss/raw/unary-Ta/Ta-00110.poscar,c10d803c1b26ee2c7071a3db806b08aae99b86568987562c6cf1920f8e04b440,c10d803c1b26ee2c7071a3db806b08aae99b86568987562c6cf1920f8e04b440
rss-n12-p400000bar,Ta-potential/fcc-restart/05-rss-round-1/rss-selection/source-frames/rss-n12-p400000bar.xyz,11,12,400000.0,2,111,000336.poscar,unary-Ta/Ta-00111-2.poscar,/home/tuzhengyu/work/WTaTi/Ta-potential/fcc-restart/05-rss-round-1/rss/minimized/unary-Ta/Ta-00111-2.poscar,Ta-potential/fcc-restart/05-rss-round-1/rss/raw/unary-Ta/Ta-00111.poscar,dcaf30d5ac1ce0746afb664b3580c5dc0b758a59c616b03af155dbf0bbd0e97a,dcaf30d5ac1ce0746afb664b3580c5dc0b758a59c616b03af155dbf0bbd0e97a
rss-n12-p400000bar,Ta-potential/fcc-restart/05-rss-round-1/rss-selection/source-frames/rss-n12-p400000bar.xyz,12,12,400000.0,2,112,000339.poscar,unary-Ta/Ta-00112-2.poscar,/home/tuzhengyu/work/WTaTi/Ta-potential/fcc-restart/05-rss-round-1/rss/minimized/unary-Ta/Ta-00112-2.poscar,Ta-potential/fcc-restart/05-rss-round-1/rss/raw/unary-Ta/Ta-00112.poscar,b04f03cce256cfb82501d2e8d150309f7db56be2953b49817f17b598e6e7ca58,b04f03cce256cfb82501d2e8d150309f7db56be2953b49817f17b598e6e7ca58
rss-n12-p400000bar,Ta-potential/fcc-restart/05-rss-round-1/rss-selection/source-frames/rss-n12-p400000bar.xyz,13,12,400000.0,2,113,000342.poscar,unary-Ta/Ta-00113-2.poscar,/home/tuzhengyu/work/WTaTi/Ta-potential/fcc-restart/05-rss-round-1/rss/minimized/unary-Ta/Ta-00113-2.poscar,Ta-potential/fcc-restart/05-rss-round-1/rss/raw/unary-Ta/Ta-00113.poscar,656bdce301a090c7fd16c40a26c448c21b81224a6e914843a0307a2d2d5282ac,656bdce301a090c7fd16c40a26c448c21b81224a6e914843a0307a2d2d5282ac
rss-n12-p400000bar,Ta-potential/fcc-restart/05-rss-round-1/rss-selection/source-frames/rss-n12-p400000bar.xyz,14,12,400000.0,2,114,000345.poscar,unary-Ta/Ta-00114-2.poscar,/home/tuzhengyu/work/WTaTi/Ta-potential/fcc-restart/05-rss-round-1/rss/minimized/unary-Ta/Ta-00114-2.poscar,Ta-potential/fcc-restart/05-rss-round-1/rss/raw/unary-Ta/Ta-00114.poscar,6c10ac9977b895215f17eddac0abb009ed29775f31e9d98bd999faa065dd3fd4,6c10ac9977b895215f17eddac0abb009ed29775f31e9d98bd999faa065dd3fd4
rss-n12-p400000bar,Ta-potential/fcc-restart/05-rss-round-1/rss-selection/source-frames/rss-n12-p400000bar.xyz,15,12,400000.0,2,115,000348.poscar,unary-Ta/Ta-00115-2.poscar,/home/tuzhengyu/work/WTaTi/Ta-potential/fcc-restart/05-rss-round-1/rss/minimized/unary-Ta/Ta-00115-2.poscar,Ta-potential/fcc-restart/05-rss-round-1/rss/raw/unary-Ta/Ta-00115.poscar,aaad2ad17fde11eea0da9e197a2935847ff43647aba90cbab74ec87bcd165443,aaad2ad17fde11eea0da9e197a2935847ff43647aba90cbab74ec87bcd165443
rss-n12-p400000bar,Ta-potential/fcc-restart/05-rss-round-1/rss-selection/source-frames/rss-n12-p400000bar.xyz,16,12,400000.0,2,116,000351.poscar,unary-Ta/Ta-00116-2.poscar,/home/tuzhengyu/work/WTaTi/Ta-potential/fcc-restart/05-rss-round-1/rss/minimized/unary-Ta/Ta-00116-2.poscar,Ta-potential/fcc-restart/05-rss-round-1/rss/raw/unary-Ta/Ta-00116.poscar,f3e60b2250f9c594d64f35d8f845373c92ace8c9a36226d671c8c8a2158db26e,f3e60b2250f9c594d64f35d8f845373c92ace8c9a36226d671c8c8a2158db26e
rss-n12-p400000bar,Ta-potential/fcc-restart/05-rss-round-1/rss-selection/source-frames/rss-n12-p400000bar.xyz,17,12,400000.0,2,117,000354.poscar,unary-Ta/Ta-00117-2.poscar,/home/tuzhengyu/work/WTaTi/Ta-potential/fcc-restart/05-rss-round-1/rss/minimized/unary-Ta/Ta-00117-2.poscar,Ta-potential/fcc-restart/05-rss-round-1/rss/raw/unary-Ta/Ta-00117.poscar,ddfb103670159b0dbab4adc9dc5506b6ee6b65d9bcf0f815258dedbba76d689d,ddfb103670159b0dbab4adc9dc5506b6ee6b65d9bcf0f815258dedbba76d689d
rss-n12-p400000bar,Ta-potential/fcc-restart/05-rss-round-1/rss-selection/source-frames/rss-n12-p400000bar.xyz,18,12,400000.0,2,118,000357.poscar,unary-Ta/Ta-00118-2.poscar,/home/tuzhengyu/work/WTaTi/Ta-potential/fcc-restart/05-rss-round-1/rss/minimized/unary-Ta/Ta-00118-2.poscar,Ta-potential/fcc-restart/05-rss-round-1/rss/raw/unary-Ta/Ta-00118.poscar,04bf91d9efd654c00447be593c532de09dd89cd6da7c11a3cef14a176f2036d3,04bf91d9efd654c00447be593c532de09dd89cd6da7c11a3cef14a176f2036d3
rss-n12-p400000bar,Ta-potential/fcc-restart/05-rss-round-1/rss-selection/source-frames/rss-n12-p400000bar.xyz,19,12,400000.0,2,119,000360.poscar,unary-Ta/Ta-00119-2.poscar,/home/tuzhengyu/work/WTaTi/Ta-potential/fcc-restart/05-rss-round-1/rss/minimized/unary-Ta/Ta-00119-2.poscar,Ta-potential/fcc-restart/05-rss-round-1/rss/raw/unary-Ta/Ta-00119.poscar,8914cb63c60be12eaf9c0fbc1397e1a9833f1b69f756944a201daf18c3df7af2,8914cb63c60be12eaf9c0fbc1397e1a9833f1b69f756944a201daf18c3df7af2
rss-n12-p400000bar,Ta-potential/fcc-restart/05-rss-round-1/rss-selection/source-frames/rss-n12-p400000bar.xyz,20,12,400000.0,2,120,000363.poscar,unary-Ta/Ta-00120-2.poscar,/home/tuzhengyu/work/WTaTi/Ta-potential/fcc-restart/05-rss-round-1/rss/minimized/unary-Ta/Ta-00120-2.poscar,Ta-potential/fcc-restart/05-rss-round-1/rss/raw/unary-Ta/Ta-00120.poscar,37ff38e5dc8c8d26d4bb54c3eca0a5f842e5e8305483495a3d0b524577380c97,37ff38e5dc8c8d26d4bb54c3eca0a5f842e5e8305483495a3d0b524577380c97
rss-n12-p400000bar,Ta-potential/fcc-restart/05-rss-round-1/rss-selection/source-frames/rss-n12-p400000bar.xyz,21,12,400000.0,2,121,000366.poscar,unary-Ta/Ta-00121-2.poscar,/home/tuzhengyu/work/WTaTi/Ta-potential/fcc-restart/05-rss-round-1/rss/minimized/unary-Ta/Ta-00121-2.poscar,Ta-potential/fcc-restart/05-rss-round-1/rss/raw/unary-Ta/Ta-00121.poscar,8ba1e63ec6d4e5dbb90b29405fb4d1304597ca4eba68f2181071a25b69fb6753,8ba1e63ec6d4e5dbb90b29405fb4d1304597ca4eba68f2181071a25b69fb6753
rss-n12-p400000bar,Ta-potential/fcc-restart/05-rss-round-1/rss-selection/source-frames/rss-n12-p400000bar.xyz,22,12,400000.0,2,122,000369.poscar,unary-Ta/Ta-00122-2.poscar,/home/tuzhengyu/work/WTaTi/Ta-potential/fcc-restart/05-rss-round-1/rss/minimized/unary-Ta/Ta-00122-2.poscar,Ta-potential/fcc-restart/05-rss-round-1/rss/raw/unary-Ta/Ta-00122.poscar,f2eee9b107a8c79bce5021bd600d7084e7907e7600d0f9cf77bcfc0c66dad014,f2eee9b107a8c79bce5021bd600d7084e7907e7600d0f9cf77bcfc0c66dad014
rss-n12-p400000bar,Ta-potential/fcc-restart/05-rss-round-1/rss-selection/source-frames/rss-n12-p400000bar.xyz,23,12,400000.0,2,123,000372.poscar,unary-Ta/Ta-00123-2.poscar,/home/tuzhengyu/work/WTaTi/Ta-potential/fcc-restart/05-rss-round-1/rss/minimized/unary-Ta/Ta-00123-2.poscar,Ta-potential/fcc-restart/05-rss-round-1/rss/raw/unary-Ta/Ta-00123.poscar,0c37ef37e239032f947ae67ff1e3fc6784d9d8d7819526b39d8c5554601542d5,0c37ef37e239032f947ae67ff1e3fc6784d9d8d7819526b39d8c5554601542d5
rss-n12-p400000bar,Ta-potential/fcc-restart/05-rss-round-1/rss-selection/source-frames/rss-n12-p400000bar.xyz,24,12,400000.0,2,124,000375.poscar,unary-Ta/Ta-00124-2.poscar,/home/tuzhengyu/work/WTaTi/Ta-potential/fcc-restart/05-rss-round-1/rss/minimized/unary-Ta/Ta-00124-2.poscar,Ta-potential/fcc-restart/05-rss-round-1/rss/raw/unary-Ta/Ta-00124.poscar,d7017a0db7c50a2279cbd7410dbd27cdb22dace120047b36df2cbca593fb1715,d7017a0db7c50a2279cbd7410dbd27cdb22dace120047b36df2cbca593fb1715
rss-n12-p400000bar,Ta-potential/fcc-restart/05-rss-round-1/rss-selection/source-frames/rss-n12-p400000bar.xyz,25,12,400000.0,2,125,000378.poscar,unary-Ta/Ta-00125-2.poscar,/home/tuzhengyu/work/WTaTi/Ta-potential/fcc-restart/05-rss-round-1/rss/minimized/unary-Ta/Ta-00125-2.poscar,Ta-potential/fcc-restart/05-rss-round-1/rss/raw/unary-Ta/Ta-00125.poscar,8516f514abe3587c532627fc8a8712f63fe68ed63a38b6125874cc4885985f24,8516f514abe3587c532627fc8a8712f63fe68ed63a38b6125874cc4885985f24
rss-n12-p400000bar,Ta-potential/fcc-restart/05-rss-round-1/rss-selection/source-frames/rss-n12-p400000bar.xyz,26,12,400000.0,2,126,000381.poscar,unary-Ta/Ta-00126-2.poscar,/home/tuzhengyu/work/WTaTi/Ta-potential/fcc-restart/05-rss-round-1/rss/minimized/unary-Ta/Ta-00126-2.poscar,Ta-potential/fcc-restart/05-rss-round-1/rss/raw/unary-Ta/Ta-00126.poscar,38f2e5c3c4beeecd992b07cd71cd4735907931ca00de3a8211758e143c7f88da,38f2e5c3c4beeecd992b07cd71cd4735907931ca00de3a8211758e143c7f88da
rss-n12-p400000bar,Ta-potential/fcc-restart/05-rss-round-1/rss-selection/source-frames/rss-n12-p400000bar.xyz,27,12,400000.0,2,127,000384.poscar,unary-Ta/Ta-00127-2.poscar,/home/tuzhengyu/work/WTaTi/Ta-potential/fcc-restart/05-rss-round-1/rss/minimized/unary-Ta/Ta-00127-2.poscar,Ta-potential/fcc-restart/05-rss-round-1/rss/raw/unary-Ta/Ta-00127.poscar,c5fc17a9f99399489bf5c4f0a646f5e1a8bb28babee57e241d760d7efaa7871d,c5fc17a9f99399489bf5c4f0a646f5e1a8bb28babee57e241d760d7efaa7871d
rss-n12-p400000bar,Ta-potential/fcc-restart/05-rss-round-1/rss-selection/source-frames/rss-n12-p400000bar.xyz,28,12,400000.0,2,128,000387.poscar,unary-Ta/Ta-00128-2.poscar,/home/tuzhengyu/work/WTaTi/Ta-potential/fcc-restart/05-rss-round-1/rss/minimized/unary-Ta/Ta-00128-2.poscar,Ta-potential/fcc-restart/05-rss-round-1/rss/raw/unary-Ta/Ta-00128.poscar,4b868c8b1ccd90387e4cb5ed4552d66e8b0cf2ee78a3d64ed963cfb9c6434084,4b868c8b1ccd90387e4cb5ed4552d66e8b0cf2ee78a3d64ed963cfb9c6434084
rss-n12-p400000bar,Ta-potential/fcc-restart/05-rss-round-1/rss-selection/source-frames/rss-n12-p400000bar.xyz,29,12,400000.0,2,129,000390.poscar,unary-Ta/Ta-00129-2.poscar,/home/tuzhengyu/work/WTaTi/Ta-potential/fcc-restart/05-rss-round-1/rss/minimized/unary-Ta/Ta-00129-2.poscar,Ta-potential/fcc-restart/05-rss-round-1/rss/raw/unary-Ta/Ta-00129.poscar,2712a08d6ef3ab0109246cf59a0e802448bbaeb1bdca9b99ef966f0061c91102,2712a08d6ef3ab0109246cf59a0e802448bbaeb1bdca9b99ef966f0061c91102
rss-n12-p400000bar,Ta-potential/fcc-restart/05-rss-round-1/rss-selection/source-frames/rss-n12-p400000bar.xyz,30,12,400000.0,2,130,000393.poscar,unary-Ta/Ta-00130-2.poscar,/home/tuzhengyu/work/WTaTi/Ta-potential/fcc-restart/05-rss-round-1/rss/minimized/unary-Ta/Ta-00130-2.poscar,Ta-potential/fcc-restart/05-rss-round-1/rss/raw/unary-Ta/Ta-00130.poscar,2b3cc7e5e4c29dc732ad96dfe2b31827507ebff8282fad144149333ca90441f1,2b3cc7e5e4c29dc732ad96dfe2b31827507ebff8282fad144149333ca90441f1
rss-n12-p400000bar,Ta-potential/fcc-restart/05-rss-round-1/rss-selection/source-frames/rss-n12-p400000bar.xyz,31,12,400000.0,2,131,000396.poscar,unary-Ta/Ta-00131-2.poscar,/home/tuzhengyu/work/WTaTi/Ta-potential/fcc-restart/05-rss-round-1/rss/minimized/unary-Ta/Ta-00131-2.poscar,Ta-potential/fcc-restart/05-rss-round-1/rss/raw/unary-Ta/Ta-00131.poscar,c7b97b31e6bf9f28ae3ac2174bba5fa37ed85ae0795fb04e5cb6977e244ff4da,c7b97b31e6bf9f28ae3ac2174bba5fa37ed85ae0795fb04e5cb6977e244ff4da
rss-n12-p400000bar,Ta-potential/fcc-restart/05-rss-round-1/rss-selection/source-frames/rss-n12-p400000bar.xyz,32,12,400000.0,2,132,000399.poscar,unary-Ta/Ta-00132-2.poscar,/home/tuzhengyu/work/WTaTi/Ta-potential/fcc-restart/05-rss-round-1/rss/minimized/unary-Ta/Ta-00132-2.poscar,Ta-potential/fcc-restart/05-rss-round-1/rss/raw/unary-Ta/Ta-00132.poscar,07c570f6c756d8880aa759e96112b16bde74fb1e638928c5f58ca0396bafada2,07c570f6c756d8880aa759e96112b16bde74fb1e638928c5f58ca0396bafada2
rss-n12-p400000bar,Ta-potential/fcc-restart/05-rss-round-1/rss-selection/source-frames/rss-n12-p400000bar.xyz,33,12,400000.0,2,133,000402.poscar,unary-Ta/Ta-00133-2.poscar,/home/tuzhengyu/work/WTaTi/Ta-potential/fcc-restart/05-rss-round-1/rss/minimized/unary-Ta/Ta-00133-2.poscar,Ta-potential/fcc-restart/05-rss-round-1/rss/raw/unary-Ta/Ta-00133.poscar,7d699a6d1467a52f6e90b3b7ae31f230aecd4ba0099258e29de73ec767e53e63,7d699a6d1467a52f6e90b3b7ae31f230aecd4ba0099258e29de73ec767e53e63
rss-n12-p400000bar,Ta-potential/fcc-restart/05-rss-round-1/rss-selection/source-frames/rss-n12-p400000bar.xyz,34,12,400000.0,2,134,000405.poscar,unary-Ta/Ta-00134-2.poscar,/home/tuzhengyu/work/WTaTi/Ta-potential/fcc-restart/05-rss-round-1/rss/minimized/unary-Ta/Ta-00134-2.poscar,Ta-potential/fcc-restart/05-rss-round-1/rss/raw/unary-Ta/Ta-00134.poscar,ca986c49ab531368a85035660bcb4fbd7b3090af86f46b17ec1189c2e76a2e36,ca986c49ab531368a85035660bcb4fbd7b3090af86f46b17ec1189c2e76a2e36
rss-n12-p400000bar,Ta-potential/fcc-restart/05-rss-round-1/rss-selection/source-frames/rss-n12-p400000bar.xyz,35,12,400000.0,2,135,000408.poscar,unary-Ta/Ta-00135-2.poscar,/home/tuzhengyu/work/WTaTi/Ta-potential/fcc-restart/05-rss-round-1/rss/minimized/unary-Ta/Ta-00135-2.poscar,Ta-potential/fcc-restart/05-rss-round-1/rss/raw/unary-Ta/Ta-00135.poscar,30c165ccccc456b3b9d1bed508cbffb8bb9d2d6484d16a6a8c6f276ca4856798,30c165ccccc456b3b9d1bed508cbffb8bb9d2d6484d16a6a8c6f276ca4856798
rss-n12-p400000bar,Ta-potential/fcc-restart/05-rss-round-1/rss-selection/source-frames/rss-n12-p400000bar.xyz,36,12,400000.0,2,136,000411.poscar,unary-Ta/Ta-00136-2.poscar,/home/tuzhengyu/work/WTaTi/Ta-potential/fcc-restart/05-rss-round-1/rss/minimized/unary-Ta/Ta-00136-2.poscar,Ta-potential/fcc-restart/05-rss-round-1/rss/raw/unary-Ta/Ta-00136.poscar,555209424c35df12d657ea4f29398a06036ec05b9afc748086f2d4193833d73c,555209424c35df12d657ea4f29398a06036ec05b9afc748086f2d4193833d73c
rss-n12-p400000bar,Ta-potential/fcc-restart/05-rss-round-1/rss-selection/source-frames/rss-n12-p400000bar.xyz,37,12,400000.0,2,137,000414.poscar,unary-Ta/Ta-00137-2.poscar,/home/tuzhengyu/work/WTaTi/Ta-potential/fcc-restart/05-rss-round-1/rss/minimized/unary-Ta/Ta-00137-2.poscar,Ta-potential/fcc-restart/05-rss-round-1/rss/raw/unary-Ta/Ta-00137.poscar,1f0bfe206b34ed2fe1ffb3caec08aa3defdfd62e1abd48182d3bd65b7b1ae4a7,1f0bfe206b34ed2fe1ffb3caec08aa3defdfd62e1abd48182d3bd65b7b1ae4a7
rss-n12-p400000bar,Ta-potential/fcc-restart/05-rss-round-1/rss-selection/source-frames/rss-n12-p400000bar.xyz,38,12,400000.0,2,138,000417.poscar,unary-Ta/Ta-00138-2.poscar,/home/tuzhengyu/work/WTaTi/Ta-potential/fcc-restart/05-rss-round-1/rss/minimized/unary-Ta/Ta-00138-2.poscar,Ta-potential/fcc-restart/05-rss-round-1/rss/raw/unary-Ta/Ta-00138.poscar,d8a14636641c03e444884267013458e5596a6f44980179d8330b337b55c72706,d8a14636641c03e444884267013458e5596a6f44980179d8330b337b55c72706
rss-n12-p400000bar,Ta-potential/fcc-restart/05-rss-round-1/rss-selection/source-frames/rss-n12-p400000bar.xyz,39,12,400000.0,2,139,000420.poscar,unary-Ta/Ta-00139-2.poscar,/home/tuzhengyu/work/WTaTi/Ta-potential/fcc-restart/05-rss-round-1/rss/minimized/unary-Ta/Ta-00139-2.poscar,Ta-potential/fcc-restart/05-rss-round-1/rss/raw/unary-Ta/Ta-00139.poscar,67e579bea5c657577fb7e1afd900917aee8c224f28f97c640b9cdb6e62816a00,67e579bea5c657577fb7e1afd900917aee8c224f28f97c640b9cdb6e62816a00
rss-n12-p400000bar,Ta-potential/fcc-restart/05-rss-round-1/rss-selection/source-frames/rss-n12-p400000bar.xyz,40,12,400000.0,2,140,000423.poscar,unary-Ta/Ta-00140-2.poscar,/home/tuzhengyu/work/WTaTi/Ta-potential/fcc-restart/05-rss-round-1/rss/minimized/unary-Ta/Ta-00140-2.poscar,Ta-potential/fcc-restart/05-rss-round-1/rss/raw/unary-Ta/Ta-00140.poscar,5e6ab70171e5118acb9a71b4962601f92a026340956bca191b5f8bba82a701de,5e6ab70171e5118acb9a71b4962601f92a026340956bca191b5f8bba82a701de
rss-n12-p400000bar,Ta-potential/fcc-restart/05-rss-round-1/rss-selection/source-frames/rss-n12-p400000bar.xyz,41,12,400000.0,2,141,000426.poscar,unary-Ta/Ta-00141-2.poscar,/home/tuzhengyu/work/WTaTi/Ta-potential/fcc-restart/05-rss-round-1/rss/minimized/unary-Ta/Ta-00141-2.poscar,Ta-potential/fcc-restart/05-rss-round-1/rss/raw/unary-Ta/Ta-00141.poscar,07620e3f12db659ddd847e9c36c497e6141f97f828061560f6b57c1d5d3af9db,07620e3f12db659ddd847e9c36c497e6141f97f828061560f6b57c1d5d3af9db
rss-n12-p400000bar,Ta-potential/fcc-restart/05-rss-round-1/rss-selection/source-frames/rss-n12-p400000bar.xyz,42,12,400000.0,2,142,000429.poscar,unary-Ta/Ta-00142-2.poscar,/home/tuzhengyu/work/WTaTi/Ta-potential/fcc-restart/05-rss-round-1/rss/minimized/unary-Ta/Ta-00142-2.poscar,Ta-potential/fcc-restart/05-rss-round-1/rss/raw/unary-Ta/Ta-00142.poscar,17be7401cb62a99488893d04e72093bd51bae8c53cf9c51002cab3f1e72626ab,17be7401cb62a99488893d04e72093bd51bae8c53cf9c51002cab3f1e72626ab
rss-n12-p400000bar,Ta-potential/fcc-restart/05-rss-round-1/rss-selection/source-frames/rss-n12-p400000bar.xyz,43,12,400000.0,2,143,000432.poscar,unary-Ta/Ta-00143-2.poscar,/home/tuzhengyu/work/WTaTi/Ta-potential/fcc-restart/05-rss-round-1/rss/minimized/unary-Ta/Ta-00143-2.poscar,Ta-potential/fcc-restart/05-rss-round-1/rss/raw/unary-Ta/Ta-00143.poscar,a78f98ea99b6676d866ce4f959525c9e9290a12f56adcde046157fafb86716b2,a78f98ea99b6676d866ce4f959525c9e9290a12f56adcde046157fafb86716b2
rss-n12-p400000bar,Ta-potential/fcc-restart/05-rss-round-1/rss-selection/source-frames/rss-n12-p400000bar.xyz,44,12,400000.0,2,144,000435.poscar,unary-Ta/Ta-00144-2.poscar,/home/tuzhengyu/work/WTaTi/Ta-potential/fcc-restart/05-rss-round-1/rss/minimized/unary-Ta/Ta-00144-2.poscar,Ta-potential/fcc-restart/05-rss-round-1/rss/raw/unary-Ta/Ta-00144.poscar,00885e6c548cd05b95833f0c6c25d4355a09274d3cb21176bf84be9fd850e776,00885e6c548cd05b95833f0c6c25d4355a09274d3cb21176bf84be9fd850e776
rss-n12-p400000bar,Ta-potential/fcc-restart/05-rss-round-1/rss-selection/source-frames/rss-n12-p400000bar.xyz,45,12,400000.0,2,145,000438.poscar,unary-Ta/Ta-00145-2.poscar,/home/tuzhengyu/work/WTaTi/Ta-potential/fcc-restart/05-rss-round-1/rss/minimized/unary-Ta/Ta-00145-2.poscar,Ta-potential/fcc-restart/05-rss-round-1/rss/raw/unary-Ta/Ta-00145.poscar,ad84216911b8587d8852599d46de78811eef87d0e3421b5c20a7325824ee5458,ad84216911b8587d8852599d46de78811eef87d0e3421b5c20a7325824ee5458
rss-n12-p400000bar,Ta-potential/fcc-restart/05-rss-round-1/rss-selection/source-frames/rss-n12-p400000bar.xyz,46,12,400000.0,2,146,000441.poscar,unary-Ta/Ta-00146-2.poscar,/home/tuzhengyu/work/WTaTi/Ta-potential/fcc-restart/05-rss-round-1/rss/minimized/unary-Ta/Ta-00146-2.poscar,Ta-potential/fcc-restart/05-rss-round-1/rss/raw/unary-Ta/Ta-00146.poscar,10bb8958f37a338ed5c5d6c0e5ae169d9ce2b92ab75454683147a921e4ef87d4,10bb8958f37a338ed5c5d6c0e5ae169d9ce2b92ab75454683147a921e4ef87d4
rss-n12-p400000bar,Ta-potential/fcc-restart/05-rss-round-1/rss-selection/source-frames/rss-n12-p400000bar.xyz,47,12,400000.0,2,147,000444.poscar,unary-Ta/Ta-00147-2.poscar,/home/tuzhengyu/work/WTaTi/Ta-potential/fcc-restart/05-rss-round-1/rss/minimized/unary-Ta/Ta-00147-2.poscar,Ta-potential/fcc-restart/05-rss-round-1/rss/raw/unary-Ta/Ta-00147.poscar,da1ebcb3939e49e558083e7962c04d3ff5148441dcfd7c2e01068752573cf1fc,da1ebcb3939e49e558083e7962c04d3ff5148441dcfd7c2e01068752573cf1fc
rss-n12-p400000bar,Ta-potential/fcc-restart/05-rss-round-1/rss-selection/source-frames/rss-n12-p400000bar.xyz,48,12,400000.0,2,148,000447.poscar,unary-Ta/Ta-00148-2.poscar,/home/tuzhengyu/work/WTaTi/Ta-potential/fcc-restart/05-rss-round-1/rss/minimized/unary-Ta/Ta-00148-2.poscar,Ta-potential/fcc-restart/05-rss-round-1/rss/raw/unary-Ta/Ta-00148.poscar,2566677904556edab55bb8211d27bbc91325f08c4aa0c2ffb4fc65ee3e116b5a,2566677904556edab55bb8211d27bbc91325f08c4aa0c2ffb4fc65ee3e116b5a
rss-n12-p400000bar,Ta-potential/fcc-restart/05-rss-round-1/rss-selection/source-frames/rss-n12-p400000bar.xyz,49,12,400000.0,2,149,000450.poscar,unary-Ta/Ta-00149-2.poscar,/home/tuzhengyu/work/WTaTi/Ta-potential/fcc-restart/05-rss-round-1/rss/minimized/unary-Ta/Ta-00149-2.poscar,Ta-potential/fcc-restart/05-rss-round-1/rss/raw/unary-Ta/Ta-00149.poscar,13e759c8290ed733cd18397faa454e308ad5f1c3f82e207b2f22c0db56ecb0bc,13e759c8290ed733cd18397faa454e308ad5f1c3f82e207b2f22c0db56ecb0bc
rss-n15-p0bar,Ta-potential/fcc-restart/05-rss-round-1/rss-selection/source-frames/rss-n15-p0bar.xyz,0,15,0.0,0,150,000451.poscar,unary-Ta/Ta-00150-0.poscar,/home/tuzhengyu/work/WTaTi/Ta-potential/fcc-restart/05-rss-round-1/rss/minimized/unary-Ta/Ta-00150-0.poscar,Ta-potential/fcc-restart/05-rss-round-1/rss/raw/unary-Ta/Ta-00150.poscar,d37aedcbf0060c46f60b4215059ed33f9098438522471661967b825858ef620d,d37aedcbf0060c46f60b4215059ed33f9098438522471661967b825858ef620d
rss-n15-p0bar,Ta-potential/fcc-restart/05-rss-round-1/rss-selection/source-frames/rss-n15-p0bar.xyz,1,15,0.0,0,151,000454.poscar,unary-Ta/Ta-00151-0.poscar,/home/tuzhengyu/work/WTaTi/Ta-potential/fcc-restart/05-rss-round-1/rss/minimized/unary-Ta/Ta-00151-0.poscar,Ta-potential/fcc-restart/05-rss-round-1/rss/raw/unary-Ta/Ta-00151.poscar,c4fcdccfc21673c08da04215a8fe3e44f324e25d68275179e5bf9e16592b80bb,c4fcdccfc21673c08da04215a8fe3e44f324e25d68275179e5bf9e16592b80bb
rss-n15-p0bar,Ta-potential/fcc-restart/05-rss-round-1/rss-selection/source-frames/rss-n15-p0bar.xyz,2,15,0.0,0,152,000457.poscar,unary-Ta/Ta-00152-0.poscar,/home/tuzhengyu/work/WTaTi/Ta-potential/fcc-restart/05-rss-round-1/rss/minimized/unary-Ta/Ta-00152-0.poscar,Ta-potential/fcc-restart/05-rss-round-1/rss/raw/unary-Ta/Ta-00152.poscar,6dd6495fd7b35b7de8b71aabe927333360dbe47f77bbed149a429cd52455251e,6dd6495fd7b35b7de8b71aabe927333360dbe47f77bbed149a429cd52455251e
rss-n15-p0bar,Ta-potential/fcc-restart/05-rss-round-1/rss-selection/source-frames/rss-n15-p0bar.xyz,3,15,0.0,0,153,000460.poscar,unary-Ta/Ta-00153-0.poscar,/home/tuzhengyu/work/WTaTi/Ta-potential/fcc-restart/05-rss-round-1/rss/minimized/unary-Ta/Ta-00153-0.poscar,Ta-potential/fcc-restart/05-rss-round-1/rss/raw/unary-Ta/Ta-00153.poscar,0a2f63b54c797ff15579f63feb96eff9f185380679e96adba949ad148a332469,0a2f63b54c797ff15579f63feb96eff9f185380679e96adba949ad148a332469
rss-n15-p0bar,Ta-potential/fcc-restart/05-rss-round-1/rss-selection/source-frames/rss-n15-p0bar.xyz,4,15,0.0,0,154,000463.poscar,unary-Ta/Ta-00154-0.poscar,/home/tuzhengyu/work/WTaTi/Ta-potential/fcc-restart/05-rss-round-1/rss/minimized/unary-Ta/Ta-00154-0.poscar,Ta-potential/fcc-restart/05-rss-round-1/rss/raw/unary-Ta/Ta-00154.poscar,84c504c0057765e789c65728e17c8c10822c2924a5324daec15d18d2d913a80e,84c504c0057765e789c65728e17c8c10822c2924a5324daec15d18d2d913a80e
rss-n15-p0bar,Ta-potential/fcc-restart/05-rss-round-1/rss-selection/source-frames/rss-n15-p0bar.xyz,5,15,0.0,0,155,000466.poscar,unary-Ta/Ta-00155-0.poscar,/home/tuzhengyu/work/WTaTi/Ta-potential/fcc-restart/05-rss-round-1/rss/minimized/unary-Ta/Ta-00155-0.poscar,Ta-potential/fcc-restart/05-rss-round-1/rss/raw/unary-Ta/Ta-00155.poscar,190adf30f1059f4240154e146662c5682e5b9b69429c4f8e6fb816422fe1c354,190adf30f1059f4240154e146662c5682e5b9b69429c4f8e6fb816422fe1c354
rss-n15-p0bar,Ta-potential/fcc-restart/05-rss-round-1/rss-selection/source-frames/rss-n15-p0bar.xyz,6,15,0.0,0,156,000469.poscar,unary-Ta/Ta-00156-0.poscar,/home/tuzhengyu/work/WTaTi/Ta-potential/fcc-restart/05-rss-round-1/rss/minimized/unary-Ta/Ta-00156-0.poscar,Ta-potential/fcc-restart/05-rss-round-1/rss/raw/unary-Ta/Ta-00156.poscar,339a5db3c8d7b49b91e53a9bd8c46e07281ea1622c5e518fe183676f1c23ca1c,339a5db3c8d7b49b91e53a9bd8c46e07281ea1622c5e518fe183676f1c23ca1c
rss-n15-p0bar,Ta-potential/fcc-restart/05-rss-round-1/rss-selection/source-frames/rss-n15-p0bar.xyz,7,15,0.0,0,157,000472.poscar,unary-Ta/Ta-00157-0.poscar,/home/tuzhengyu/work/WTaTi/Ta-potential/fcc-restart/05-rss-round-1/rss/minimized/unary-Ta/Ta-00157-0.poscar,Ta-potential/fcc-restart/05-rss-round-1/rss/raw/unary-Ta/Ta-00157.poscar,7d26e9c1e1f8146a5dc215fb2e5012077c3e604d675f94f0950cdb416b3cd9d1,7d26e9c1e1f8146a5dc215fb2e5012077c3e604d675f94f0950cdb416b3cd9d1
rss-n15-p0bar,Ta-potential/fcc-restart/05-rss-round-1/rss-selection/source-frames/rss-n15-p0bar.xyz,8,15,0.0,0,158,000475.poscar,unary-Ta/Ta-00158-0.poscar,/home/tuzhengyu/work/WTaTi/Ta-potential/fcc-restart/05-rss-round-1/rss/minimized/unary-Ta/Ta-00158-0.poscar,Ta-potential/fcc-restart/05-rss-round-1/rss/raw/unary-Ta/Ta-00158.poscar,738df66e0c9afbcd0bd05069f10c62c495211c1c2145df7864f649b2fdc36ba6,738df66e0c9afbcd0bd05069f10c62c495211c1c2145df7864f649b2fdc36ba6
rss-n15-p0bar,Ta-potential/fcc-restart/05-rss-round-1/rss-selection/source-frames/rss-n15-p0bar.xyz,9,15,0.0,0,159,000478.poscar,unary-Ta/Ta-00159-0.poscar,/home/tuzhengyu/work/WTaTi/Ta-potential/fcc-restart/05-rss-round-1/rss/minimized/unary-Ta/Ta-00159-0.poscar,Ta-potential/fcc-restart/05-rss-round-1/rss/raw/unary-Ta/Ta-00159.poscar,082486826c8614af42fab1b3ae490d040c49c7dd0cfd1ecbb7b293cc13a90984,082486826c8614af42fab1b3ae490d040c49c7dd0cfd1ecbb7b293cc13a90984
rss-n15-p0bar,Ta-potential/fcc-restart/05-rss-round-1/rss-selection/source-frames/rss-n15-p0bar.xyz,10,15,0.0,0,160,000481.poscar,unary-Ta/Ta-00160-0.poscar,/home/tuzhengyu/work/WTaTi/Ta-potential/fcc-restart/05-rss-round-1/rss/minimized/unary-Ta/Ta-00160-0.poscar,Ta-potential/fcc-restart/05-rss-round-1/rss/raw/unary-Ta/Ta-00160.poscar,e01f17a4c588f414e255ba2ac23bcd8a7935c5c707e43eb447c3fb5d8279d37b,e01f17a4c588f414e255ba2ac23bcd8a7935c5c707e43eb447c3fb5d8279d37b
rss-n15-p0bar,Ta-potential/fcc-restart/05-rss-round-1/rss-selection/source-frames/rss-n15-p0bar.xyz,11,15,0.0,0,161,000484.poscar,unary-Ta/Ta-00161-0.poscar,/home/tuzhengyu/work/WTaTi/Ta-potential/fcc-restart/05-rss-round-1/rss/minimized/unary-Ta/Ta-00161-0.poscar,Ta-potential/fcc-restart/05-rss-round-1/rss/raw/unary-Ta/Ta-00161.poscar,674c4e5754eafeff1bf44cab9f599318bae85646dc4c1dc243bb6063d0d579ea,674c4e5754eafeff1bf44cab9f599318bae85646dc4c1dc243bb6063d0d579ea
rss-n15-p0bar,Ta-potential/fcc-restart/05-rss-round-1/rss-selection/source-frames/rss-n15-p0bar.xyz,12,15,0.0,0,162,000487.poscar,unary-Ta/Ta-00162-0.poscar,/home/tuzhengyu/work/WTaTi/Ta-potential/fcc-restart/05-rss-round-1/rss/minimized/unary-Ta/Ta-00162-0.poscar,Ta-potential/fcc-restart/05-rss-round-1/rss/raw/unary-Ta/Ta-00162.poscar,5648711762d7e7e216eee82b33101ecb671d0f823bb134176cf3ba93371f84da,5648711762d7e7e216eee82b33101ecb671d0f823bb134176cf3ba93371f84da
rss-n15-p0bar,Ta-potential/fcc-restart/05-rss-round-1/rss-selection/source-frames/rss-n15-p0bar.xyz,13,15,0.0,0,163,000490.poscar,unary-Ta/Ta-00163-0.poscar,/home/tuzhengyu/work/WTaTi/Ta-potential/fcc-restart/05-rss-round-1/rss/minimized/unary-Ta/Ta-00163-0.poscar,Ta-potential/fcc-restart/05-rss-round-1/rss/raw/unary-Ta/Ta-00163.poscar,26848ccfe06318277dec52bb5f4a4e2600d62266d2fedec5e818d006921c8494,26848ccfe06318277dec52bb5f4a4e2600d62266d2fedec5e818d006921c8494
rss-n15-p0bar,Ta-potential/fcc-restart/05-rss-round-1/rss-selection/source-frames/rss-n15-p0bar.xyz,14,15,0.0,0,164,000493.poscar,unary-Ta/Ta-00164-0.poscar,/home/tuzhengyu/work/WTaTi/Ta-potential/fcc-restart/05-rss-round-1/rss/minimized/unary-Ta/Ta-00164-0.poscar,Ta-potential/fcc-restart/05-rss-round-1/rss/raw/unary-Ta/Ta-00164.poscar,5ae4d811053fb043e424ac6bce0cbe2d8a9659045c49a48bae3fe114445237c9,5ae4d811053fb043e424ac6bce0cbe2d8a9659045c49a48bae3fe114445237c9
rss-n15-p0bar,Ta-potential/fcc-restart/05-rss-round-1/rss-selection/source-frames/rss-n15-p0bar.xyz,15,15,0.0,0,165,000496.poscar,unary-Ta/Ta-00165-0.poscar,/home/tuzhengyu/work/WTaTi/Ta-potential/fcc-restart/05-rss-round-1/rss/minimized/unary-Ta/Ta-00165-0.poscar,Ta-potential/fcc-restart/05-rss-round-1/rss/raw/unary-Ta/Ta-00165.poscar,1672f03c35246d1a858a4bc9a29c316164846eb09be06b4997f5a8136e372c57,1672f03c35246d1a858a4bc9a29c316164846eb09be06b4997f5a8136e372c57
rss-n15-p0bar,Ta-potential/fcc-restart/05-rss-round-1/rss-selection/source-frames/rss-n15-p0bar.xyz,16,15,0.0,0,166,000499.poscar,unary-Ta/Ta-00166-0.poscar,/home/tuzhengyu/work/WTaTi/Ta-potential/fcc-restart/05-rss-round-1/rss/minimized/unary-Ta/Ta-00166-0.poscar,Ta-potential/fcc-restart/05-rss-round-1/rss/raw/unary-Ta/Ta-00166.poscar,0c47a2ff220eb78287896e6ffe41d1cf2d21a673565740b37c0c62dabdab596d,0c47a2ff220eb78287896e6ffe41d1cf2d21a673565740b37c0c62dabdab596d
rss-n15-p0bar,Ta-potential/fcc-restart/05-rss-round-1/rss-selection/source-frames/rss-n15-p0bar.xyz,17,15,0.0,0,167,000502.poscar,unary-Ta/Ta-00167-0.poscar,/home/tuzhengyu/work/WTaTi/Ta-potential/fcc-restart/05-rss-round-1/rss/minimized/unary-Ta/Ta-00167-0.poscar,Ta-potential/fcc-restart/05-rss-round-1/rss/raw/unary-Ta/Ta-00167.poscar,3748b98d9aade5fd2d6063341c5f3af8437929919d867142750ee2152c5e2323,3748b98d9aade5fd2d6063341c5f3af8437929919d867142750ee2152c5e2323
rss-n15-p0bar,Ta-potential/fcc-restart/05-rss-round-1/rss-selection/source-frames/rss-n15-p0bar.xyz,18,15,0.0,0,168,000505.poscar,unary-Ta/Ta-00168-0.poscar,/home/tuzhengyu/work/WTaTi/Ta-potential/fcc-restart/05-rss-round-1/rss/minimized/unary-Ta/Ta-00168-0.poscar,Ta-potential/fcc-restart/05-rss-round-1/rss/raw/unary-Ta/Ta-00168.poscar,ffec4147713203d42a617f8728234411f5cd0ac5923877a3d00a3f6b5a679996,ffec4147713203d42a617f8728234411f5cd0ac5923877a3d00a3f6b5a679996
rss-n15-p0bar,Ta-potential/fcc-restart/05-rss-round-1/rss-selection/source-frames/rss-n15-p0bar.xyz,19,15,0.0,0,169,000508.poscar,unary-Ta/Ta-00169-0.poscar,/home/tuzhengyu/work/WTaTi/Ta-potential/fcc-restart/05-rss-round-1/rss/minimized/unary-Ta/Ta-00169-0.poscar,Ta-potential/fcc-restart/05-rss-round-1/rss/raw/unary-Ta/Ta-00169.poscar,4e691a8356ef6bd45ae9bc3117c2958f0830102c028065a3d160c361fdf3da19,4e691a8356ef6bd45ae9bc3117c2958f0830102c028065a3d160c361fdf3da19
rss-n15-p0bar,Ta-potential/fcc-restart/05-rss-round-1/rss-selection/source-frames/rss-n15-p0bar.xyz,20,15,0.0,0,170,000511.poscar,unary-Ta/Ta-00170-0.poscar,/home/tuzhengyu/work/WTaTi/Ta-potential/fcc-restart/05-rss-round-1/rss/minimized/unary-Ta/Ta-00170-0.poscar,Ta-potential/fcc-restart/05-rss-round-1/rss/raw/unary-Ta/Ta-00170.poscar,2b3ec28b110ead979b01cbac70598dbcbb0eaad44e4379732af9fb56af9c4d76,2b3ec28b110ead979b01cbac70598dbcbb0eaad44e4379732af9fb56af9c4d76
rss-n15-p0bar,Ta-potential/fcc-restart/05-rss-round-1/rss-selection/source-frames/rss-n15-p0bar.xyz,21,15,0.0,0,171,000514.poscar,unary-Ta/Ta-00171-0.poscar,/home/tuzhengyu/work/WTaTi/Ta-potential/fcc-restart/05-rss-round-1/rss/minimized/unary-Ta/Ta-00171-0.poscar,Ta-potential/fcc-restart/05-rss-round-1/rss/raw/unary-Ta/Ta-00171.poscar,8caf1961a660c9bb4170d1ea9b23df462b6077c73c9c59c1b22fa14df775733c,8caf1961a660c9bb4170d1ea9b23df462b6077c73c9c59c1b22fa14df775733c
rss-n15-p0bar,Ta-potential/fcc-restart/05-rss-round-1/rss-selection/source-frames/rss-n15-p0bar.xyz,22,15,0.0,0,172,000517.poscar,unary-Ta/Ta-00172-0.poscar,/home/tuzhengyu/work/WTaTi/Ta-potential/fcc-restart/05-rss-round-1/rss/minimized/unary-Ta/Ta-00172-0.poscar,Ta-potential/fcc-restart/05-rss-round-1/rss/raw/unary-Ta/Ta-00172.poscar,317b705aebe4504e30e7b6198438c3ee99201ae6d6740992af9218602b853967,317b705aebe4504e30e7b6198438c3ee99201ae6d6740992af9218602b853967
rss-n15-p0bar,Ta-potential/fcc-restart/05-rss-round-1/rss-selection/source-frames/rss-n15-p0bar.xyz,23,15,0.0,0,173,000520.poscar,unary-Ta/Ta-00173-0.poscar,/home/tuzhengyu/work/WTaTi/Ta-potential/fcc-restart/05-rss-round-1/rss/minimized/unary-Ta/Ta-00173-0.poscar,Ta-potential/fcc-restart/05-rss-round-1/rss/raw/unary-Ta/Ta-00173.poscar,c7cd85084112859a669207618223da56419ae6bfb846c5be0d3c46bd625e0bbe,c7cd85084112859a669207618223da56419ae6bfb846c5be0d3c46bd625e0bbe
rss-n15-p0bar,Ta-potential/fcc-restart/05-rss-round-1/rss-selection/source-frames/rss-n15-p0bar.xyz,24,15,0.0,0,174,000523.poscar,unary-Ta/Ta-00174-0.poscar,/home/tuzhengyu/work/WTaTi/Ta-potential/fcc-restart/05-rss-round-1/rss/minimized/unary-Ta/Ta-00174-0.poscar,Ta-potential/fcc-restart/05-rss-round-1/rss/raw/unary-Ta/Ta-00174.poscar,e775936f46832a3cc205176b5bf69eb143306498bb3ca3695ae1c5fd7341ad96,e775936f46832a3cc205176b5bf69eb143306498bb3ca3695ae1c5fd7341ad96
rss-n15-p0bar,Ta-potential/fcc-restart/05-rss-round-1/rss-selection/source-frames/rss-n15-p0bar.xyz,25,15,0.0,0,175,000526.poscar,unary-Ta/Ta-00175-0.poscar,/home/tuzhengyu/work/WTaTi/Ta-potential/fcc-restart/05-rss-round-1/rss/minimized/unary-Ta/Ta-00175-0.poscar,Ta-potential/fcc-restart/05-rss-round-1/rss/raw/unary-Ta/Ta-00175.poscar,264a3d1128cc6bdf2ef62b2c8a2329ebf0eadf84f61a350de53986fecca307cf,264a3d1128cc6bdf2ef62b2c8a2329ebf0eadf84f61a350de53986fecca307cf
rss-n15-p0bar,Ta-potential/fcc-restart/05-rss-round-1/rss-selection/source-frames/rss-n15-p0bar.xyz,26,15,0.0,0,176,000529.poscar,unary-Ta/Ta-00176-0.poscar,/home/tuzhengyu/work/WTaTi/Ta-potential/fcc-restart/05-rss-round-1/rss/minimized/unary-Ta/Ta-00176-0.poscar,Ta-potential/fcc-restart/05-rss-round-1/rss/raw/unary-Ta/Ta-00176.poscar,75fb55b23e0b897118fce2726f1dbfde3ef8690c153a891af9e6b33e8fdc2361,75fb55b23e0b897118fce2726f1dbfde3ef8690c153a891af9e6b33e8fdc2361
rss-n15-p0bar,Ta-potential/fcc-restart/05-rss-round-1/rss-selection/source-frames/rss-n15-p0bar.xyz,27,15,0.0,0,177,000532.poscar,unary-Ta/Ta-00177-0.poscar,/home/tuzhengyu/work/WTaTi/Ta-potential/fcc-restart/05-rss-round-1/rss/minimized/unary-Ta/Ta-00177-0.poscar,Ta-potential/fcc-restart/05-rss-round-1/rss/raw/unary-Ta/Ta-00177.poscar,1fd2501ad2bd7c0b71697b688df574a9a92219bb9368bcede3787b1afe13924b,1fd2501ad2bd7c0b71697b688df574a9a92219bb9368bcede3787b1afe13924b
rss-n15-p0bar,Ta-potential/fcc-restart/05-rss-round-1/rss-selection/source-frames/rss-n15-p0bar.xyz,28,15,0.0,0,178,000535.poscar,unary-Ta/Ta-00178-0.poscar,/home/tuzhengyu/work/WTaTi/Ta-potential/fcc-restart/05-rss-round-1/rss/minimized/unary-Ta/Ta-00178-0.poscar,Ta-potential/fcc-restart/05-rss-round-1/rss/raw/unary-Ta/Ta-00178.poscar,0f1baa757f01f5f212c55925ac5ef1da0229fe7ed55e6b9d6b0dbe29396c801b,0f1baa757f01f5f212c55925ac5ef1da0229fe7ed55e6b9d6b0dbe29396c801b
rss-n15-p0bar,Ta-potential/fcc-restart/05-rss-round-1/rss-selection/source-frames/rss-n15-p0bar.xyz,29,15,0.0,0,179,000538.poscar,unary-Ta/Ta-00179-0.poscar,/home/tuzhengyu/work/WTaTi/Ta-potential/fcc-restart/05-rss-round-1/rss/minimized/unary-Ta/Ta-00179-0.poscar,Ta-potential/fcc-restart/05-rss-round-1/rss/raw/unary-Ta/Ta-00179.poscar,8669fcf85b1cb83d4002bf3190c18013730db57bf4a204d7f72edb731ab8f4bf,8669fcf85b1cb83d4002bf3190c18013730db57bf4a204d7f72edb731ab8f4bf
rss-n15-p0bar,Ta-potential/fcc-restart/05-rss-round-1/rss-selection/source-frames/rss-n15-p0bar.xyz,30,15,0.0,0,180,000541.poscar,unary-Ta/Ta-00180-0.poscar,/home/tuzhengyu/work/WTaTi/Ta-potential/fcc-restart/05-rss-round-1/rss/minimized/unary-Ta/Ta-00180-0.poscar,Ta-potential/fcc-restart/05-rss-round-1/rss/raw/unary-Ta/Ta-00180.poscar,eaa1e97d91495ef521dab6123bb0eef664bf35af194d3de49ffb83639b775a36,eaa1e97d91495ef521dab6123bb0eef664bf35af194d3de49ffb83639b775a36
rss-n15-p0bar,Ta-potential/fcc-restart/05-rss-round-1/rss-selection/source-frames/rss-n15-p0bar.xyz,31,15,0.0,0,181,000544.poscar,unary-Ta/Ta-00181-0.poscar,/home/tuzhengyu/work/WTaTi/Ta-potential/fcc-restart/05-rss-round-1/rss/minimized/unary-Ta/Ta-00181-0.poscar,Ta-potential/fcc-restart/05-rss-round-1/rss/raw/unary-Ta/Ta-00181.poscar,daa0148e0947b98df479ff2475f7924c34550ffcabe931e6451499730cfb0d6e,daa0148e0947b98df479ff2475f7924c34550ffcabe931e6451499730cfb0d6e
rss-n15-p0bar,Ta-potential/fcc-restart/05-rss-round-1/rss-selection/source-frames/rss-n15-p0bar.xyz,32,15,0.0,0,182,000547.poscar,unary-Ta/Ta-00182-0.poscar,/home/tuzhengyu/work/WTaTi/Ta-potential/fcc-restart/05-rss-round-1/rss/minimized/unary-Ta/Ta-00182-0.poscar,Ta-potential/fcc-restart/05-rss-round-1/rss/raw/unary-Ta/Ta-00182.poscar,4a2ead070219ef36a3b31a0f887059a60ea4987807fa4240edb7a053c6a53f9d,4a2ead070219ef36a3b31a0f887059a60ea4987807fa4240edb7a053c6a53f9d
rss-n15-p0bar,Ta-potential/fcc-restart/05-rss-round-1/rss-selection/source-frames/rss-n15-p0bar.xyz,33,15,0.0,0,183,000550.poscar,unary-Ta/Ta-00183-0.poscar,/home/tuzhengyu/work/WTaTi/Ta-potential/fcc-restart/05-rss-round-1/rss/minimized/unary-Ta/Ta-00183-0.poscar,Ta-potential/fcc-restart/05-rss-round-1/rss/raw/unary-Ta/Ta-00183.poscar,7ba6da4fc541182533657a82bc107acea06bf8fbbd5252a0a5210140cb7ba18f,7ba6da4fc541182533657a82bc107acea06bf8fbbd5252a0a5210140cb7ba18f
rss-n15-p0bar,Ta-potential/fcc-restart/05-rss-round-1/rss-selection/source-frames/rss-n15-p0bar.xyz,34,15,0.0,0,184,000553.poscar,unary-Ta/Ta-00184-0.poscar,/home/tuzhengyu/work/WTaTi/Ta-potential/fcc-restart/05-rss-round-1/rss/minimized/unary-Ta/Ta-00184-0.poscar,Ta-potential/fcc-restart/05-rss-round-1/rss/raw/unary-Ta/Ta-00184.poscar,a11cc67cadabc4aa4afb8e0248e00178efc07d5ab018935fe04533db267b9be3,a11cc67cadabc4aa4afb8e0248e00178efc07d5ab018935fe04533db267b9be3
rss-n15-p0bar,Ta-potential/fcc-restart/05-rss-round-1/rss-selection/source-frames/rss-n15-p0bar.xyz,35,15,0.0,0,185,000556.poscar,unary-Ta/Ta-00185-0.poscar,/home/tuzhengyu/work/WTaTi/Ta-potential/fcc-restart/05-rss-round-1/rss/minimized/unary-Ta/Ta-00185-0.poscar,Ta-potential/fcc-restart/05-rss-round-1/rss/raw/unary-Ta/Ta-00185.poscar,f79493ab1e1d8d3eae6ebdb3689eac6ea81cbe315fde1b8fbb4c8c3a589373b0,f79493ab1e1d8d3eae6ebdb3689eac6ea81cbe315fde1b8fbb4c8c3a589373b0
rss-n15-p0bar,Ta-potential/fcc-restart/05-rss-round-1/rss-selection/source-frames/rss-n15-p0bar.xyz,36,15,0.0,0,186,000559.poscar,unary-Ta/Ta-00186-0.poscar,/home/tuzhengyu/work/WTaTi/Ta-potential/fcc-restart/05-rss-round-1/rss/minimized/unary-Ta/Ta-00186-0.poscar,Ta-potential/fcc-restart/05-rss-round-1/rss/raw/unary-Ta/Ta-00186.poscar,78ea0faffee531d168881560f254688e68157f3dc6b1d9a112a80e75235c1fba,78ea0faffee531d168881560f254688e68157f3dc6b1d9a112a80e75235c1fba
rss-n15-p0bar,Ta-potential/fcc-restart/05-rss-round-1/rss-selection/source-frames/rss-n15-p0bar.xyz,37,15,0.0,0,187,000562.poscar,unary-Ta/Ta-00187-0.poscar,/home/tuzhengyu/work/WTaTi/Ta-potential/fcc-restart/05-rss-round-1/rss/minimized/unary-Ta/Ta-00187-0.poscar,Ta-potential/fcc-restart/05-rss-round-1/rss/raw/unary-Ta/Ta-00187.poscar,662c4c0aa83105b0164de0048f90b2b46e955041dbf781feaabcd6211de29f10,662c4c0aa83105b0164de0048f90b2b46e955041dbf781feaabcd6211de29f10
rss-n15-p0bar,Ta-potential/fcc-restart/05-rss-round-1/rss-selection/source-frames/rss-n15-p0bar.xyz,38,15,0.0,0,188,000565.poscar,unary-Ta/Ta-00188-0.poscar,/home/tuzhengyu/work/WTaTi/Ta-potential/fcc-restart/05-rss-round-1/rss/minimized/unary-Ta/Ta-00188-0.poscar,Ta-potential/fcc-restart/05-rss-round-1/rss/raw/unary-Ta/Ta-00188.poscar,f8297c4095987834bd4a212de3b00a45ab48886b729e00952856fd294a7291bd,f8297c4095987834bd4a212de3b00a45ab48886b729e00952856fd294a7291bd
rss-n15-p0bar,Ta-potential/fcc-restart/05-rss-round-1/rss-selection/source-frames/rss-n15-p0bar.xyz,39,15,0.0,0,189,000568.poscar,unary-Ta/Ta-00189-0.poscar,/home/tuzhengyu/work/WTaTi/Ta-potential/fcc-restart/05-rss-round-1/rss/minimized/unary-Ta/Ta-00189-0.poscar,Ta-potential/fcc-restart/05-rss-round-1/rss/raw/unary-Ta/Ta-00189.poscar,9d77ce044c241d6780b27adf1ea7778af276d986bf6c413752d8b7c0fffc857b,9d77ce044c241d6780b27adf1ea7778af276d986bf6c413752d8b7c0fffc857b
rss-n15-p0bar,Ta-potential/fcc-restart/05-rss-round-1/rss-selection/source-frames/rss-n15-p0bar.xyz,40,15,0.0,0,190,000571.poscar,unary-Ta/Ta-00190-0.poscar,/home/tuzhengyu/work/WTaTi/Ta-potential/fcc-restart/05-rss-round-1/rss/minimized/unary-Ta/Ta-00190-0.poscar,Ta-potential/fcc-restart/05-rss-round-1/rss/raw/unary-Ta/Ta-00190.poscar,d9609cc6f8bb3f16db4dff977768ce0f96786ebcc0311bd7a72fc766c8280573,d9609cc6f8bb3f16db4dff977768ce0f96786ebcc0311bd7a72fc766c8280573
rss-n15-p0bar,Ta-potential/fcc-restart/05-rss-round-1/rss-selection/source-frames/rss-n15-p0bar.xyz,41,15,0.0,0,191,000574.poscar,unary-Ta/Ta-00191-0.poscar,/home/tuzhengyu/work/WTaTi/Ta-potential/fcc-restart/05-rss-round-1/rss/minimized/unary-Ta/Ta-00191-0.poscar,Ta-potential/fcc-restart/05-rss-round-1/rss/raw/unary-Ta/Ta-00191.poscar,c744e184326b44d9a7b408bee26396c084f68f1cc62ef48a4dc341e8323ba4d4,c744e184326b44d9a7b408bee26396c084f68f1cc62ef48a4dc341e8323ba4d4
rss-n15-p0bar,Ta-potential/fcc-restart/05-rss-round-1/rss-selection/source-frames/rss-n15-p0bar.xyz,42,15,0.0,0,192,000577.poscar,unary-Ta/Ta-00192-0.poscar,/home/tuzhengyu/work/WTaTi/Ta-potential/fcc-restart/05-rss-round-1/rss/minimized/unary-Ta/Ta-00192-0.poscar,Ta-potential/fcc-restart/05-rss-round-1/rss/raw/unary-Ta/Ta-00192.poscar,4612d5ca64a1841e8aa0a60d4bea32c34e9a2f29113a747fb42679939a8f2a20,4612d5ca64a1841e8aa0a60d4bea32c34e9a2f29113a747fb42679939a8f2a20
rss-n15-p0bar,Ta-potential/fcc-restart/05-rss-round-1/rss-selection/source-frames/rss-n15-p0bar.xyz,43,15,0.0,0,193,000580.poscar,unary-Ta/Ta-00193-0.poscar,/home/tuzhengyu/work/WTaTi/Ta-potential/fcc-restart/05-rss-round-1/rss/minimized/unary-Ta/Ta-00193-0.poscar,Ta-potential/fcc-restart/05-rss-round-1/rss/raw/unary-Ta/Ta-00193.poscar,6980d16aa94f6591d924c690b24a39258cd01e3a70c88afd17797ea10d1ebc6f,6980d16aa94f6591d924c690b24a39258cd01e3a70c88afd17797ea10d1ebc6f
rss-n15-p0bar,Ta-potential/fcc-restart/05-rss-round-1/rss-selection/source-frames/rss-n15-p0bar.xyz,44,15,0.0,0,194,000583.poscar,unary-Ta/Ta-00194-0.poscar,/home/tuzhengyu/work/WTaTi/Ta-potential/fcc-restart/05-rss-round-1/rss/minimized/unary-Ta/Ta-00194-0.poscar,Ta-potential/fcc-restart/05-rss-round-1/rss/raw/unary-Ta/Ta-00194.poscar,435190a46ae5caf5ca59b656b8c0d8b61629c1d052d1c6563cf47c59632f7d9a,435190a46ae5caf5ca59b656b8c0d8b61629c1d052d1c6563cf47c59632f7d9a
rss-n15-p0bar,Ta-potential/fcc-restart/05-rss-round-1/rss-selection/source-frames/rss-n15-p0bar.xyz,45,15,0.0,0,195,000586.poscar,unary-Ta/Ta-00195-0.poscar,/home/tuzhengyu/work/WTaTi/Ta-potential/fcc-restart/05-rss-round-1/rss/minimized/unary-Ta/Ta-00195-0.poscar,Ta-potential/fcc-restart/05-rss-round-1/rss/raw/unary-Ta/Ta-00195.poscar,e53cb3bc8b9f1a7f6087143f6028a24d5cc9e46bf5dd034a1909e5eb9b82b524,e53cb3bc8b9f1a7f6087143f6028a24d5cc9e46bf5dd034a1909e5eb9b82b524
rss-n15-p0bar,Ta-potential/fcc-restart/05-rss-round-1/rss-selection/source-frames/rss-n15-p0bar.xyz,46,15,0.0,0,196,000589.poscar,unary-Ta/Ta-00196-0.poscar,/home/tuzhengyu/work/WTaTi/Ta-potential/fcc-restart/05-rss-round-1/rss/minimized/unary-Ta/Ta-00196-0.poscar,Ta-potential/fcc-restart/05-rss-round-1/rss/raw/unary-Ta/Ta-00196.poscar,100c2220926eea3e3f0edd9bfa65eee60cdc969a4e2b35c47ee292b5f8f2efca,100c2220926eea3e3f0edd9bfa65eee60cdc969a4e2b35c47ee292b5f8f2efca
rss-n15-p0bar,Ta-potential/fcc-restart/05-rss-round-1/rss-selection/source-frames/rss-n15-p0bar.xyz,47,15,0.0,0,197,000592.poscar,unary-Ta/Ta-00197-0.poscar,/home/tuzhengyu/work/WTaTi/Ta-potential/fcc-restart/05-rss-round-1/rss/minimized/unary-Ta/Ta-00197-0.poscar,Ta-potential/fcc-restart/05-rss-round-1/rss/raw/unary-Ta/Ta-00197.poscar,7f7ce185cd09db91aa606b19325af3c18357a6a35e803148cca44f37553e29df,7f7ce185cd09db91aa606b19325af3c18357a6a35e803148cca44f37553e29df
rss-n15-p0bar,Ta-potential/fcc-restart/05-rss-round-1/rss-selection/source-frames/rss-n15-p0bar.xyz,48,15,0.0,0,198,000595.poscar,unary-Ta/Ta-00198-0.poscar,/home/tuzhengyu/work/WTaTi/Ta-potential/fcc-restart/05-rss-round-1/rss/minimized/unary-Ta/Ta-00198-0.poscar,Ta-potential/fcc-restart/05-rss-round-1/rss/raw/unary-Ta/Ta-00198.poscar,c5ad697e8592ccf2f857feaf87d98744d2a6a5fcb0906c41f787ca32dd1e6e53,c5ad697e8592ccf2f857feaf87d98744d2a6a5fcb0906c41f787ca32dd1e6e53
rss-n15-p0bar,Ta-potential/fcc-restart/05-rss-round-1/rss-selection/source-frames/rss-n15-p0bar.xyz,49,15,0.0,0,199,000598.poscar,unary-Ta/Ta-00199-0.poscar,/home/tuzhengyu/work/WTaTi/Ta-potential/fcc-restart/05-rss-round-1/rss/minimized/unary-Ta/Ta-00199-0.poscar,Ta-potential/fcc-restart/05-rss-round-1/rss/raw/unary-Ta/Ta-00199.poscar,b0422c29a96ac57dd57ad99171efee34999b26f02b9610929407389c129d1480,b0422c29a96ac57dd57ad99171efee34999b26f02b9610929407389c129d1480
rss-n15-p200000bar,Ta-potential/fcc-restart/05-rss-round-1/rss-selection/source-frames/rss-n15-p200000bar.xyz,0,15,200000.0,1,150,000452.poscar,unary-Ta/Ta-00150-1.poscar,/home/tuzhengyu/work/WTaTi/Ta-potential/fcc-restart/05-rss-round-1/rss/minimized/unary-Ta/Ta-00150-1.poscar,Ta-potential/fcc-restart/05-rss-round-1/rss/raw/unary-Ta/Ta-00150.poscar,9241081e26a5efcf4df38469220a58afa96dc0eb8dc1c3a5d572f52fd71683cf,9241081e26a5efcf4df38469220a58afa96dc0eb8dc1c3a5d572f52fd71683cf
rss-n15-p200000bar,Ta-potential/fcc-restart/05-rss-round-1/rss-selection/source-frames/rss-n15-p200000bar.xyz,1,15,200000.0,1,151,000455.poscar,unary-Ta/Ta-00151-1.poscar,/home/tuzhengyu/work/WTaTi/Ta-potential/fcc-restart/05-rss-round-1/rss/minimized/unary-Ta/Ta-00151-1.poscar,Ta-potential/fcc-restart/05-rss-round-1/rss/raw/unary-Ta/Ta-00151.poscar,6ace7d4028a35645083ad76e3410fe2df46df12cc606021b62b9b7b84abe5e69,6ace7d4028a35645083ad76e3410fe2df46df12cc606021b62b9b7b84abe5e69
rss-n15-p200000bar,Ta-potential/fcc-restart/05-rss-round-1/rss-selection/source-frames/rss-n15-p200000bar.xyz,2,15,200000.0,1,152,000458.poscar,unary-Ta/Ta-00152-1.poscar,/home/tuzhengyu/work/WTaTi/Ta-potential/fcc-restart/05-rss-round-1/rss/minimized/unary-Ta/Ta-00152-1.poscar,Ta-potential/fcc-restart/05-rss-round-1/rss/raw/unary-Ta/Ta-00152.poscar,a9f5699b74cab2d3f4855f9ad17de1537a59e4c7b94731e62b9b50d2db74af19,a9f5699b74cab2d3f4855f9ad17de1537a59e4c7b94731e62b9b50d2db74af19
rss-n15-p200000bar,Ta-potential/fcc-restart/05-rss-round-1/rss-selection/source-frames/rss-n15-p200000bar.xyz,3,15,200000.0,1,153,000461.poscar,unary-Ta/Ta-00153-1.poscar,/home/tuzhengyu/work/WTaTi/Ta-potential/fcc-restart/05-rss-round-1/rss/minimized/unary-Ta/Ta-00153-1.poscar,Ta-potential/fcc-restart/05-rss-round-1/rss/raw/unary-Ta/Ta-00153.poscar,94f22e8a2b9ff760b12d3487ad9c8bedde42d0fc3f3933da1521a95eb157784e,94f22e8a2b9ff760b12d3487ad9c8bedde42d0fc3f3933da1521a95eb157784e
rss-n15-p200000bar,Ta-potential/fcc-restart/05-rss-round-1/rss-selection/source-frames/rss-n15-p200000bar.xyz,4,15,200000.0,1,154,000464.poscar,unary-Ta/Ta-00154-1.poscar,/home/tuzhengyu/work/WTaTi/Ta-potential/fcc-restart/05-rss-round-1/rss/minimized/unary-Ta/Ta-00154-1.poscar,Ta-potential/fcc-restart/05-rss-round-1/rss/raw/unary-Ta/Ta-00154.poscar,7c3c341882200b068573c2b520f01c11b4d56cc1ad3d4efff27d617cf60fb173,7c3c341882200b068573c2b520f01c11b4d56cc1ad3d4efff27d617cf60fb173
rss-n15-p200000bar,Ta-potential/fcc-restart/05-rss-round-1/rss-selection/source-frames/rss-n15-p200000bar.xyz,5,15,200000.0,1,155,000467.poscar,unary-Ta/Ta-00155-1.poscar,/home/tuzhengyu/work/WTaTi/Ta-potential/fcc-restart/05-rss-round-1/rss/minimized/unary-Ta/Ta-00155-1.poscar,Ta-potential/fcc-restart/05-rss-round-1/rss/raw/unary-Ta/Ta-00155.poscar,c388cfbd60a339af0bb2ba218bed72bc9416f4288eb3220b1d5ddd89b2f74c66,c388cfbd60a339af0bb2ba218bed72bc9416f4288eb3220b1d5ddd89b2f74c66
rss-n15-p200000bar,Ta-potential/fcc-restart/05-rss-round-1/rss-selection/source-frames/rss-n15-p200000bar.xyz,6,15,200000.0,1,156,000470.poscar,unary-Ta/Ta-00156-1.poscar,/home/tuzhengyu/work/WTaTi/Ta-potential/fcc-restart/05-rss-round-1/rss/minimized/unary-Ta/Ta-00156-1.poscar,Ta-potential/fcc-restart/05-rss-round-1/rss/raw/unary-Ta/Ta-00156.poscar,62c56e1699186c2dded9afbdf7e25e6f62d9a9ff6d4c67d6dca7826daa49bdef,62c56e1699186c2dded9afbdf7e25e6f62d9a9ff6d4c67d6dca7826daa49bdef
rss-n15-p200000bar,Ta-potential/fcc-restart/05-rss-round-1/rss-selection/source-frames/rss-n15-p200000bar.xyz,7,15,200000.0,1,157,000473.poscar,unary-Ta/Ta-00157-1.poscar,/home/tuzhengyu/work/WTaTi/Ta-potential/fcc-restart/05-rss-round-1/rss/minimized/unary-Ta/Ta-00157-1.poscar,Ta-potential/fcc-restart/05-rss-round-1/rss/raw/unary-Ta/Ta-00157.poscar,32cefa5d4c1e3211a279a8e3a3631fbb5fa5af65960e628d5e041a4719b1e856,32cefa5d4c1e3211a279a8e3a3631fbb5fa5af65960e628d5e041a4719b1e856
rss-n15-p200000bar,Ta-potential/fcc-restart/05-rss-round-1/rss-selection/source-frames/rss-n15-p200000bar.xyz,8,15,200000.0,1,158,000476.poscar,unary-Ta/Ta-00158-1.poscar,/home/tuzhengyu/work/WTaTi/Ta-potential/fcc-restart/05-rss-round-1/rss/minimized/unary-Ta/Ta-00158-1.poscar,Ta-potential/fcc-restart/05-rss-round-1/rss/raw/unary-Ta/Ta-00158.poscar,d3521a54ba7b5b913be5586fd7aa5cb60a4d0541ee4f045469d842a50cf18a84,d3521a54ba7b5b913be5586fd7aa5cb60a4d0541ee4f045469d842a50cf18a84
rss-n15-p200000bar,Ta-potential/fcc-restart/05-rss-round-1/rss-selection/source-frames/rss-n15-p200000bar.xyz,9,15,200000.0,1,159,000479.poscar,unary-Ta/Ta-00159-1.poscar,/home/tuzhengyu/work/WTaTi/Ta-potential/fcc-restart/05-rss-round-1/rss/minimized/unary-Ta/Ta-00159-1.poscar,Ta-potential/fcc-restart/05-rss-round-1/rss/raw/unary-Ta/Ta-00159.poscar,a38aa3664ff5bd3163c3a05ea9af060257337363cbffa828c7a1e314ac706615,a38aa3664ff5bd3163c3a05ea9af060257337363cbffa828c7a1e314ac706615
rss-n15-p200000bar,Ta-potential/fcc-restart/05-rss-round-1/rss-selection/source-frames/rss-n15-p200000bar.xyz,10,15,200000.0,1,160,000482.poscar,unary-Ta/Ta-00160-1.poscar,/home/tuzhengyu/work/WTaTi/Ta-potential/fcc-restart/05-rss-round-1/rss/minimized/unary-Ta/Ta-00160-1.poscar,Ta-potential/fcc-restart/05-rss-round-1/rss/raw/unary-Ta/Ta-00160.poscar,6e02cd380697a74205a922c4065b94e2e955b48364176dd13e3f56d8c8233d71,6e02cd380697a74205a922c4065b94e2e955b48364176dd13e3f56d8c8233d71
rss-n15-p200000bar,Ta-potential/fcc-restart/05-rss-round-1/rss-selection/source-frames/rss-n15-p200000bar.xyz,11,15,200000.0,1,161,000485.poscar,unary-Ta/Ta-00161-1.poscar,/home/tuzhengyu/work/WTaTi/Ta-potential/fcc-restart/05-rss-round-1/rss/minimized/unary-Ta/Ta-00161-1.poscar,Ta-potential/fcc-restart/05-rss-round-1/rss/raw/unary-Ta/Ta-00161.poscar,50cf42f4f8638e40b92b2a77e543a9f56a787ec2ee573f0018a0eef6ea226f80,50cf42f4f8638e40b92b2a77e543a9f56a787ec2ee573f0018a0eef6ea226f80
rss-n15-p200000bar,Ta-potential/fcc-restart/05-rss-round-1/rss-selection/source-frames/rss-n15-p200000bar.xyz,12,15,200000.0,1,162,000488.poscar,unary-Ta/Ta-00162-1.poscar,/home/tuzhengyu/work/WTaTi/Ta-potential/fcc-restart/05-rss-round-1/rss/minimized/unary-Ta/Ta-00162-1.poscar,Ta-potential/fcc-restart/05-rss-round-1/rss/raw/unary-Ta/Ta-00162.poscar,62cc029a14e6092b83253b2088d0b01c283ca1b87d24a66bcfdb9bbfaa92461f,62cc029a14e6092b83253b2088d0b01c283ca1b87d24a66bcfdb9bbfaa92461f
rss-n15-p200000bar,Ta-potential/fcc-restart/05-rss-round-1/rss-selection/source-frames/rss-n15-p200000bar.xyz,13,15,200000.0,1,163,000491.poscar,unary-Ta/Ta-00163-1.poscar,/home/tuzhengyu/work/WTaTi/Ta-potential/fcc-restart/05-rss-round-1/rss/minimized/unary-Ta/Ta-00163-1.poscar,Ta-potential/fcc-restart/05-rss-round-1/rss/raw/unary-Ta/Ta-00163.poscar,baf09e32bcb2748c4425c1ae88815fd4a19f0b0fbe382d9a3499518fb81a558e,baf09e32bcb2748c4425c1ae88815fd4a19f0b0fbe382d9a3499518fb81a558e
rss-n15-p200000bar,Ta-potential/fcc-restart/05-rss-round-1/rss-selection/source-frames/rss-n15-p200000bar.xyz,14,15,200000.0,1,164,000494.poscar,unary-Ta/Ta-00164-1.poscar,/home/tuzhengyu/work/WTaTi/Ta-potential/fcc-restart/05-rss-round-1/rss/minimized/unary-Ta/Ta-00164-1.poscar,Ta-potential/fcc-restart/05-rss-round-1/rss/raw/unary-Ta/Ta-00164.poscar,f715de32b133fb00b42edd79eff8c6c4c63fa63bb5c084db56ff6dd2058795a3,f715de32b133fb00b42edd79eff8c6c4c63fa63bb5c084db56ff6dd2058795a3
rss-n15-p200000bar,Ta-potential/fcc-restart/05-rss-round-1/rss-selection/source-frames/rss-n15-p200000bar.xyz,15,15,200000.0,1,165,000497.poscar,unary-Ta/Ta-00165-1.poscar,/home/tuzhengyu/work/WTaTi/Ta-potential/fcc-restart/05-rss-round-1/rss/minimized/unary-Ta/Ta-00165-1.poscar,Ta-potential/fcc-restart/05-rss-round-1/rss/raw/unary-Ta/Ta-00165.poscar,cddadf268e50611c546ce0cdb9e2a30621a1bf3b7c032ffd1dd1f23ad897e718,cddadf268e50611c546ce0cdb9e2a30621a1bf3b7c032ffd1dd1f23ad897e718
rss-n15-p200000bar,Ta-potential/fcc-restart/05-rss-round-1/rss-selection/source-frames/rss-n15-p200000bar.xyz,16,15,200000.0,1,166,000500.poscar,unary-Ta/Ta-00166-1.poscar,/home/tuzhengyu/work/WTaTi/Ta-potential/fcc-restart/05-rss-round-1/rss/minimized/unary-Ta/Ta-00166-1.poscar,Ta-potential/fcc-restart/05-rss-round-1/rss/raw/unary-Ta/Ta-00166.poscar,3c08a1fdede2de9635e9c7dc4ba5290e6199da0e7b7382a30d3a58c46853fe28,3c08a1fdede2de9635e9c7dc4ba5290e6199da0e7b7382a30d3a58c46853fe28
rss-n15-p200000bar,Ta-potential/fcc-restart/05-rss-round-1/rss-selection/source-frames/rss-n15-p200000bar.xyz,17,15,200000.0,1,167,000503.poscar,unary-Ta/Ta-00167-1.poscar,/home/tuzhengyu/work/WTaTi/Ta-potential/fcc-restart/05-rss-round-1/rss/minimized/unary-Ta/Ta-00167-1.poscar,Ta-potential/fcc-restart/05-rss-round-1/rss/raw/unary-Ta/Ta-00167.poscar,d1c87063e8d282c3ae90ab6762727cc03da4928c86ca48d56e98ec67beb53dff,d1c87063e8d282c3ae90ab6762727cc03da4928c86ca48d56e98ec67beb53dff
rss-n15-p200000bar,Ta-potential/fcc-restart/05-rss-round-1/rss-selection/source-frames/rss-n15-p200000bar.xyz,18,15,200000.0,1,168,000506.poscar,unary-Ta/Ta-00168-1.poscar,/home/tuzhengyu/work/WTaTi/Ta-potential/fcc-restart/05-rss-round-1/rss/minimized/unary-Ta/Ta-00168-1.poscar,Ta-potential/fcc-restart/05-rss-round-1/rss/raw/unary-Ta/Ta-00168.poscar,85885a4520a58b0cb32aa863d73fb663b02ca0a8abbeb224ac7c3a62b1069258,85885a4520a58b0cb32aa863d73fb663b02ca0a8abbeb224ac7c3a62b1069258
rss-n15-p200000bar,Ta-potential/fcc-restart/05-rss-round-1/rss-selection/source-frames/rss-n15-p200000bar.xyz,19,15,200000.0,1,169,000509.poscar,unary-Ta/Ta-00169-1.poscar,/home/tuzhengyu/work/WTaTi/Ta-potential/fcc-restart/05-rss-round-1/rss/minimized/unary-Ta/Ta-00169-1.poscar,Ta-potential/fcc-restart/05-rss-round-1/rss/raw/unary-Ta/Ta-00169.poscar,cd0e5e72db6a3876940d73ceef796b451273076ba5c5eb1283e9de47eeb4faf8,cd0e5e72db6a3876940d73ceef796b451273076ba5c5eb1283e9de47eeb4faf8
rss-n15-p200000bar,Ta-potential/fcc-restart/05-rss-round-1/rss-selection/source-frames/rss-n15-p200000bar.xyz,20,15,200000.0,1,170,000512.poscar,unary-Ta/Ta-00170-1.poscar,/home/tuzhengyu/work/WTaTi/Ta-potential/fcc-restart/05-rss-round-1/rss/minimized/unary-Ta/Ta-00170-1.poscar,Ta-potential/fcc-restart/05-rss-round-1/rss/raw/unary-Ta/Ta-00170.poscar,71f40ddb973513e98256d8da157745e3792f66cf9404ff67b0be721f2d523090,71f40ddb973513e98256d8da157745e3792f66cf9404ff67b0be721f2d523090
rss-n15-p200000bar,Ta-potential/fcc-restart/05-rss-round-1/rss-selection/source-frames/rss-n15-p200000bar.xyz,21,15,200000.0,1,171,000515.poscar,unary-Ta/Ta-00171-1.poscar,/home/tuzhengyu/work/WTaTi/Ta-potential/fcc-restart/05-rss-round-1/rss/minimized/unary-Ta/Ta-00171-1.poscar,Ta-potential/fcc-restart/05-rss-round-1/rss/raw/unary-Ta/Ta-00171.poscar,debe78efe451b459b8325db1f14845867e29a00b5585de94071e05a777982c56,debe78efe451b459b8325db1f14845867e29a00b5585de94071e05a777982c56
rss-n15-p200000bar,Ta-potential/fcc-restart/05-rss-round-1/rss-selection/source-frames/rss-n15-p200000bar.xyz,22,15,200000.0,1,172,000518.poscar,unary-Ta/Ta-00172-1.poscar,/home/tuzhengyu/work/WTaTi/Ta-potential/fcc-restart/05-rss-round-1/rss/minimized/unary-Ta/Ta-00172-1.poscar,Ta-potential/fcc-restart/05-rss-round-1/rss/raw/unary-Ta/Ta-00172.poscar,5b3b5cbd5bfe047ee4f0ffed2dfe3f9f3b714f2c47963926b26cc890f3ce7dc9,5b3b5cbd5bfe047ee4f0ffed2dfe3f9f3b714f2c47963926b26cc890f3ce7dc9
rss-n15-p200000bar,Ta-potential/fcc-restart/05-rss-round-1/rss-selection/source-frames/rss-n15-p200000bar.xyz,23,15,200000.0,1,173,000521.poscar,unary-Ta/Ta-00173-1.poscar,/home/tuzhengyu/work/WTaTi/Ta-potential/fcc-restart/05-rss-round-1/rss/minimized/unary-Ta/Ta-00173-1.poscar,Ta-potential/fcc-restart/05-rss-round-1/rss/raw/unary-Ta/Ta-00173.poscar,6aaa554fb4cea4ac895a0d6e79d3339ba8d0b660c543dcb1a636c31851c1baea,6aaa554fb4cea4ac895a0d6e79d3339ba8d0b660c543dcb1a636c31851c1baea
rss-n15-p200000bar,Ta-potential/fcc-restart/05-rss-round-1/rss-selection/source-frames/rss-n15-p200000bar.xyz,24,15,200000.0,1,174,000524.poscar,unary-Ta/Ta-00174-1.poscar,/home/tuzhengyu/work/WTaTi/Ta-potential/fcc-restart/05-rss-round-1/rss/minimized/unary-Ta/Ta-00174-1.poscar,Ta-potential/fcc-restart/05-rss-round-1/rss/raw/unary-Ta/Ta-00174.poscar,b684d5d53db0751c8e34da483a6fa99fd7d8f425fb600d18c50e73df6750e8a5,b684d5d53db0751c8e34da483a6fa99fd7d8f425fb600d18c50e73df6750e8a5
rss-n15-p200000bar,Ta-potential/fcc-restart/05-rss-round-1/rss-selection/source-frames/rss-n15-p200000bar.xyz,25,15,200000.0,1,175,000527.poscar,unary-Ta/Ta-00175-1.poscar,/home/tuzhengyu/work/WTaTi/Ta-potential/fcc-restart/05-rss-round-1/rss/minimized/unary-Ta/Ta-00175-1.poscar,Ta-potential/fcc-restart/05-rss-round-1/rss/raw/unary-Ta/Ta-00175.poscar,acdc7b072b579c3225e5f3767aee402fc1894e535b6a219c8b6f1be76257520d,acdc7b072b579c3225e5f3767aee402fc1894e535b6a219c8b6f1be76257520d
rss-n15-p200000bar,Ta-potential/fcc-restart/05-rss-round-1/rss-selection/source-frames/rss-n15-p200000bar.xyz,26,15,200000.0,1,176,000530.poscar,unary-Ta/Ta-00176-1.poscar,/home/tuzhengyu/work/WTaTi/Ta-potential/fcc-restart/05-rss-round-1/rss/minimized/unary-Ta/Ta-00176-1.poscar,Ta-potential/fcc-restart/05-rss-round-1/rss/raw/unary-Ta/Ta-00176.poscar,891631a4d2d261d79408d1b4b3796c0e4b509914a270d16f7c5f84125679c91d,891631a4d2d261d79408d1b4b3796c0e4b509914a270d16f7c5f84125679c91d
rss-n15-p200000bar,Ta-potential/fcc-restart/05-rss-round-1/rss-selection/source-frames/rss-n15-p200000bar.xyz,27,15,200000.0,1,177,000533.poscar,unary-Ta/Ta-00177-1.poscar,/home/tuzhengyu/work/WTaTi/Ta-potential/fcc-restart/05-rss-round-1/rss/minimized/unary-Ta/Ta-00177-1.poscar,Ta-potential/fcc-restart/05-rss-round-1/rss/raw/unary-Ta/Ta-00177.poscar,f033956db829e0fc37e121f3f0f8f4a99edb1344d36677a2215c977a2547e09b,f033956db829e0fc37e121f3f0f8f4a99edb1344d36677a2215c977a2547e09b
rss-n15-p200000bar,Ta-potential/fcc-restart/05-rss-round-1/rss-selection/source-frames/rss-n15-p200000bar.xyz,28,15,200000.0,1,178,000536.poscar,unary-Ta/Ta-00178-1.poscar,/home/tuzhengyu/work/WTaTi/Ta-potential/fcc-restart/05-rss-round-1/rss/minimized/unary-Ta/Ta-00178-1.poscar,Ta-potential/fcc-restart/05-rss-round-1/rss/raw/unary-Ta/Ta-00178.poscar,fb2791aa742e7940fe1b89bb91f672b03bfa21bcf91a7a1ab1a773470512a60c,fb2791aa742e7940fe1b89bb91f672b03bfa21bcf91a7a1ab1a773470512a60c
rss-n15-p200000bar,Ta-potential/fcc-restart/05-rss-round-1/rss-selection/source-frames/rss-n15-p200000bar.xyz,29,15,200000.0,1,179,000539.poscar,unary-Ta/Ta-00179-1.poscar,/home/tuzhengyu/work/WTaTi/Ta-potential/fcc-restart/05-rss-round-1/rss/minimized/unary-Ta/Ta-00179-1.poscar,Ta-potential/fcc-restart/05-rss-round-1/rss/raw/unary-Ta/Ta-00179.poscar,b725806cb90e87a4031a4c3d1de720d9c7da17d15c47aa2451b1423f1f64e3e2,b725806cb90e87a4031a4c3d1de720d9c7da17d15c47aa2451b1423f1f64e3e2
rss-n15-p200000bar,Ta-potential/fcc-restart/05-rss-round-1/rss-selection/source-frames/rss-n15-p200000bar.xyz,30,15,200000.0,1,180,000542.poscar,unary-Ta/Ta-00180-1.poscar,/home/tuzhengyu/work/WTaTi/Ta-potential/fcc-restart/05-rss-round-1/rss/minimized/unary-Ta/Ta-00180-1.poscar,Ta-potential/fcc-restart/05-rss-round-1/rss/raw/unary-Ta/Ta-00180.poscar,fe49aa42dbd5a4c2a8e4fd7f2e70c03c2b5fb0b2d45fad859b1e3ed44d55a3a0,fe49aa42dbd5a4c2a8e4fd7f2e70c03c2b5fb0b2d45fad859b1e3ed44d55a3a0
rss-n15-p200000bar,Ta-potential/fcc-restart/05-rss-round-1/rss-selection/source-frames/rss-n15-p200000bar.xyz,31,15,200000.0,1,181,000545.poscar,unary-Ta/Ta-00181-1.poscar,/home/tuzhengyu/work/WTaTi/Ta-potential/fcc-restart/05-rss-round-1/rss/minimized/unary-Ta/Ta-00181-1.poscar,Ta-potential/fcc-restart/05-rss-round-1/rss/raw/unary-Ta/Ta-00181.poscar,180f9ce68f29941723be38c1eecaff2a8532e18bb0a63ae02e5474ba59eb9d94,180f9ce68f29941723be38c1eecaff2a8532e18bb0a63ae02e5474ba59eb9d94
rss-n15-p200000bar,Ta-potential/fcc-restart/05-rss-round-1/rss-selection/source-frames/rss-n15-p200000bar.xyz,32,15,200000.0,1,182,000548.poscar,unary-Ta/Ta-00182-1.poscar,/home/tuzhengyu/work/WTaTi/Ta-potential/fcc-restart/05-rss-round-1/rss/minimized/unary-Ta/Ta-00182-1.poscar,Ta-potential/fcc-restart/05-rss-round-1/rss/raw/unary-Ta/Ta-00182.poscar,5ad06fb12a593aa95a1d3b82e66d8c17c529f4acfe5aa4a37d513936c92433da,5ad06fb12a593aa95a1d3b82e66d8c17c529f4acfe5aa4a37d513936c92433da
rss-n15-p200000bar,Ta-potential/fcc-restart/05-rss-round-1/rss-selection/source-frames/rss-n15-p200000bar.xyz,33,15,200000.0,1,183,000551.poscar,unary-Ta/Ta-00183-1.poscar,/home/tuzhengyu/work/WTaTi/Ta-potential/fcc-restart/05-rss-round-1/rss/minimized/unary-Ta/Ta-00183-1.poscar,Ta-potential/fcc-restart/05-rss-round-1/rss/raw/unary-Ta/Ta-00183.poscar,8ee06b110f35ea66231d5f90bad6790bb8df32746c0ed6ddd0f48c5dc9593c05,8ee06b110f35ea66231d5f90bad6790bb8df32746c0ed6ddd0f48c5dc9593c05
rss-n15-p200000bar,Ta-potential/fcc-restart/05-rss-round-1/rss-selection/source-frames/rss-n15-p200000bar.xyz,34,15,200000.0,1,184,000554.poscar,unary-Ta/Ta-00184-1.poscar,/home/tuzhengyu/work/WTaTi/Ta-potential/fcc-restart/05-rss-round-1/rss/minimized/unary-Ta/Ta-00184-1.poscar,Ta-potential/fcc-restart/05-rss-round-1/rss/raw/unary-Ta/Ta-00184.poscar,aa62d2b0b6b10770e747093a56081b2143996530f878be2a8b2ede9c1524545d,aa62d2b0b6b10770e747093a56081b2143996530f878be2a8b2ede9c1524545d
rss-n15-p200000bar,Ta-potential/fcc-restart/05-rss-round-1/rss-selection/source-frames/rss-n15-p200000bar.xyz,35,15,200000.0,1,185,000557.poscar,unary-Ta/Ta-00185-1.poscar,/home/tuzhengyu/work/WTaTi/Ta-potential/fcc-restart/05-rss-round-1/rss/minimized/unary-Ta/Ta-00185-1.poscar,Ta-potential/fcc-restart/05-rss-round-1/rss/raw/unary-Ta/Ta-00185.poscar,ce1a972705fa3173871154ea4b33c5688df6af3c44972e5134e0bf30908cd213,ce1a972705fa3173871154ea4b33c5688df6af3c44972e5134e0bf30908cd213
rss-n15-p200000bar,Ta-potential/fcc-restart/05-rss-round-1/rss-selection/source-frames/rss-n15-p200000bar.xyz,36,15,200000.0,1,186,000560.poscar,unary-Ta/Ta-00186-1.poscar,/home/tuzhengyu/work/WTaTi/Ta-potential/fcc-restart/05-rss-round-1/rss/minimized/unary-Ta/Ta-00186-1.poscar,Ta-potential/fcc-restart/05-rss-round-1/rss/raw/unary-Ta/Ta-00186.poscar,ecf306ecde0809f0c49b3079108c1ba5bba0aa8ee39d533e8999120eaad8566e,ecf306ecde0809f0c49b3079108c1ba5bba0aa8ee39d533e8999120eaad8566e
rss-n15-p200000bar,Ta-potential/fcc-restart/05-rss-round-1/rss-selection/source-frames/rss-n15-p200000bar.xyz,37,15,200000.0,1,187,000563.poscar,unary-Ta/Ta-00187-1.poscar,/home/tuzhengyu/work/WTaTi/Ta-potential/fcc-restart/05-rss-round-1/rss/minimized/unary-Ta/Ta-00187-1.poscar,Ta-potential/fcc-restart/05-rss-round-1/rss/raw/unary-Ta/Ta-00187.poscar,ff4430c50a62ec10f760e066f4481b7ac64fb18f6b53b675751de3710ba25f2a,ff4430c50a62ec10f760e066f4481b7ac64fb18f6b53b675751de3710ba25f2a
rss-n15-p200000bar,Ta-potential/fcc-restart/05-rss-round-1/rss-selection/source-frames/rss-n15-p200000bar.xyz,38,15,200000.0,1,188,000566.poscar,unary-Ta/Ta-00188-1.poscar,/home/tuzhengyu/work/WTaTi/Ta-potential/fcc-restart/05-rss-round-1/rss/minimized/unary-Ta/Ta-00188-1.poscar,Ta-potential/fcc-restart/05-rss-round-1/rss/raw/unary-Ta/Ta-00188.poscar,3972e61814d68891354a0fd77bebd4f12159985a3fdb166841304e35dc6e7a7e,3972e61814d68891354a0fd77bebd4f12159985a3fdb166841304e35dc6e7a7e
rss-n15-p200000bar,Ta-potential/fcc-restart/05-rss-round-1/rss-selection/source-frames/rss-n15-p200000bar.xyz,39,15,200000.0,1,189,000569.poscar,unary-Ta/Ta-00189-1.poscar,/home/tuzhengyu/work/WTaTi/Ta-potential/fcc-restart/05-rss-round-1/rss/minimized/unary-Ta/Ta-00189-1.poscar,Ta-potential/fcc-restart/05-rss-round-1/rss/raw/unary-Ta/Ta-00189.poscar,b0c51b195a007d62c231e137030fa96d1c711d27c8371b26c52722a57d871534,b0c51b195a007d62c231e137030fa96d1c711d27c8371b26c52722a57d871534
rss-n15-p200000bar,Ta-potential/fcc-restart/05-rss-round-1/rss-selection/source-frames/rss-n15-p200000bar.xyz,40,15,200000.0,1,190,000572.poscar,unary-Ta/Ta-00190-1.poscar,/home/tuzhengyu/work/WTaTi/Ta-potential/fcc-restart/05-rss-round-1/rss/minimized/unary-Ta/Ta-00190-1.poscar,Ta-potential/fcc-restart/05-rss-round-1/rss/raw/unary-Ta/Ta-00190.poscar,4fd8bea6b5ed9ff7c48e82d6109abbf3e009974703810c0f482da877145500a2,4fd8bea6b5ed9ff7c48e82d6109abbf3e009974703810c0f482da877145500a2
rss-n15-p200000bar,Ta-potential/fcc-restart/05-rss-round-1/rss-selection/source-frames/rss-n15-p200000bar.xyz,41,15,200000.0,1,192,000578.poscar,unary-Ta/Ta-00192-1.poscar,/home/tuzhengyu/work/WTaTi/Ta-potential/fcc-restart/05-rss-round-1/rss/minimized/unary-Ta/Ta-00192-1.poscar,Ta-potential/fcc-restart/05-rss-round-1/rss/raw/unary-Ta/Ta-00192.poscar,6dbe81559457c72474fb41985a9d305acf88dbca9a920f0210bd868c8a5fb674,6dbe81559457c72474fb41985a9d305acf88dbca9a920f0210bd868c8a5fb674
rss-n15-p200000bar,Ta-potential/fcc-restart/05-rss-round-1/rss-selection/source-frames/rss-n15-p200000bar.xyz,42,15,200000.0,1,193,000581.poscar,unary-Ta/Ta-00193-1.poscar,/home/tuzhengyu/work/WTaTi/Ta-potential/fcc-restart/05-rss-round-1/rss/minimized/unary-Ta/Ta-00193-1.poscar,Ta-potential/fcc-restart/05-rss-round-1/rss/raw/unary-Ta/Ta-00193.poscar,e595d9c31b6d2268885dd02897628d06f2f13f58dc1737e3b1a2c4b596f91ef2,e595d9c31b6d2268885dd02897628d06f2f13f58dc1737e3b1a2c4b596f91ef2
rss-n15-p200000bar,Ta-potential/fcc-restart/05-rss-round-1/rss-selection/source-frames/rss-n15-p200000bar.xyz,43,15,200000.0,1,194,000584.poscar,unary-Ta/Ta-00194-1.poscar,/home/tuzhengyu/work/WTaTi/Ta-potential/fcc-restart/05-rss-round-1/rss/minimized/unary-Ta/Ta-00194-1.poscar,Ta-potential/fcc-restart/05-rss-round-1/rss/raw/unary-Ta/Ta-00194.poscar,014a797081a7a8ce91d3b8ee4bbad07408138c513487b8b68a6f7ee144e4bfbc,014a797081a7a8ce91d3b8ee4bbad07408138c513487b8b68a6f7ee144e4bfbc
rss-n15-p200000bar,Ta-potential/fcc-restart/05-rss-round-1/rss-selection/source-frames/rss-n15-p200000bar.xyz,44,15,200000.0,1,195,000587.poscar,unary-Ta/Ta-00195-1.poscar,/home/tuzhengyu/work/WTaTi/Ta-potential/fcc-restart/05-rss-round-1/rss/minimized/unary-Ta/Ta-00195-1.poscar,Ta-potential/fcc-restart/05-rss-round-1/rss/raw/unary-Ta/Ta-00195.poscar,94564b2efd5a093220a34a036d526fa0eb959f9eeb5e230bae3cafeba1254a7c,94564b2efd5a093220a34a036d526fa0eb959f9eeb5e230bae3cafeba1254a7c
rss-n15-p200000bar,Ta-potential/fcc-restart/05-rss-round-1/rss-selection/source-frames/rss-n15-p200000bar.xyz,45,15,200000.0,1,196,000590.poscar,unary-Ta/Ta-00196-1.poscar,/home/tuzhengyu/work/WTaTi/Ta-potential/fcc-restart/05-rss-round-1/rss/minimized/unary-Ta/Ta-00196-1.poscar,Ta-potential/fcc-restart/05-rss-round-1/rss/raw/unary-Ta/Ta-00196.poscar,e1c28673fbad63b5ac0d0e00df2c66e9c98c184204a20bb08b524ce39b4e33dc,e1c28673fbad63b5ac0d0e00df2c66e9c98c184204a20bb08b524ce39b4e33dc
rss-n15-p200000bar,Ta-potential/fcc-restart/05-rss-round-1/rss-selection/source-frames/rss-n15-p200000bar.xyz,46,15,200000.0,1,197,000593.poscar,unary-Ta/Ta-00197-1.poscar,/home/tuzhengyu/work/WTaTi/Ta-potential/fcc-restart/05-rss-round-1/rss/minimized/unary-Ta/Ta-00197-1.poscar,Ta-potential/fcc-restart/05-rss-round-1/rss/raw/unary-Ta/Ta-00197.poscar,f0298316c4508d7e9af0057a0a7bf3a28560bcaa4296b1575758e7993b6116a4,f0298316c4508d7e9af0057a0a7bf3a28560bcaa4296b1575758e7993b6116a4
rss-n15-p200000bar,Ta-potential/fcc-restart/05-rss-round-1/rss-selection/source-frames/rss-n15-p200000bar.xyz,47,15,200000.0,1,198,000596.poscar,unary-Ta/Ta-00198-1.poscar,/home/tuzhengyu/work/WTaTi/Ta-potential/fcc-restart/05-rss-round-1/rss/minimized/unary-Ta/Ta-00198-1.poscar,Ta-potential/fcc-restart/05-rss-round-1/rss/raw/unary-Ta/Ta-00198.poscar,8671937a526f97aa13245ef61847ce538c75296581b592845cde28135682f7df,8671937a526f97aa13245ef61847ce538c75296581b592845cde28135682f7df
rss-n15-p200000bar,Ta-potential/fcc-restart/05-rss-round-1/rss-selection/source-frames/rss-n15-p200000bar.xyz,48,15,200000.0,1,199,000599.poscar,unary-Ta/Ta-00199-1.poscar,/home/tuzhengyu/work/WTaTi/Ta-potential/fcc-restart/05-rss-round-1/rss/minimized/unary-Ta/Ta-00199-1.poscar,Ta-potential/fcc-restart/05-rss-round-1/rss/raw/unary-Ta/Ta-00199.poscar,5e312fb2b2367eba897f1ec41423e84bac9e00235649c494a91cf01c7bf171e9,5e312fb2b2367eba897f1ec41423e84bac9e00235649c494a91cf01c7bf171e9
rss-n15-p400000bar,Ta-potential/fcc-restart/05-rss-round-1/rss-selection/source-frames/rss-n15-p400000bar.xyz,0,15,400000.0,2,150,000453.poscar,unary-Ta/Ta-00150-2.poscar,/home/tuzhengyu/work/WTaTi/Ta-potential/fcc-restart/05-rss-round-1/rss/minimized/unary-Ta/Ta-00150-2.poscar,Ta-potential/fcc-restart/05-rss-round-1/rss/raw/unary-Ta/Ta-00150.poscar,d023ef2b0d7368d0bb65985bc064ff210127295d41f413f29ac9083d54d0cbfe,d023ef2b0d7368d0bb65985bc064ff210127295d41f413f29ac9083d54d0cbfe
rss-n15-p400000bar,Ta-potential/fcc-restart/05-rss-round-1/rss-selection/source-frames/rss-n15-p400000bar.xyz,1,15,400000.0,2,151,000456.poscar,unary-Ta/Ta-00151-2.poscar,/home/tuzhengyu/work/WTaTi/Ta-potential/fcc-restart/05-rss-round-1/rss/minimized/unary-Ta/Ta-00151-2.poscar,Ta-potential/fcc-restart/05-rss-round-1/rss/raw/unary-Ta/Ta-00151.poscar,ca4ec2e219a6563c3df5be9f3482508391d21ec2ff7895a6c70fffb7975bfdb1,ca4ec2e219a6563c3df5be9f3482508391d21ec2ff7895a6c70fffb7975bfdb1
rss-n15-p400000bar,Ta-potential/fcc-restart/05-rss-round-1/rss-selection/source-frames/rss-n15-p400000bar.xyz,2,15,400000.0,2,152,000459.poscar,unary-Ta/Ta-00152-2.poscar,/home/tuzhengyu/work/WTaTi/Ta-potential/fcc-restart/05-rss-round-1/rss/minimized/unary-Ta/Ta-00152-2.poscar,Ta-potential/fcc-restart/05-rss-round-1/rss/raw/unary-Ta/Ta-00152.poscar,86fbe8849f4bd6ed708be9dbd09790ebbe9794ffe0960e4ba04e6532b8e1d9b5,86fbe8849f4bd6ed708be9dbd09790ebbe9794ffe0960e4ba04e6532b8e1d9b5
rss-n15-p400000bar,Ta-potential/fcc-restart/05-rss-round-1/rss-selection/source-frames/rss-n15-p400000bar.xyz,3,15,400000.0,2,153,000462.poscar,unary-Ta/Ta-00153-2.poscar,/home/tuzhengyu/work/WTaTi/Ta-potential/fcc-restart/05-rss-round-1/rss/minimized/unary-Ta/Ta-00153-2.poscar,Ta-potential/fcc-restart/05-rss-round-1/rss/raw/unary-Ta/Ta-00153.poscar,6691002791c2dd91fa83897a22bf26fa657fca8ec9c27a6d915c956e7ec40b0c,6691002791c2dd91fa83897a22bf26fa657fca8ec9c27a6d915c956e7ec40b0c
rss-n15-p400000bar,Ta-potential/fcc-restart/05-rss-round-1/rss-selection/source-frames/rss-n15-p400000bar.xyz,4,15,400000.0,2,154,000465.poscar,unary-Ta/Ta-00154-2.poscar,/home/tuzhengyu/work/WTaTi/Ta-potential/fcc-restart/05-rss-round-1/rss/minimized/unary-Ta/Ta-00154-2.poscar,Ta-potential/fcc-restart/05-rss-round-1/rss/raw/unary-Ta/Ta-00154.poscar,682b94f5a116c4cf87ce76318561911e2a838b2b12d156069f2a5e10300f7c32,682b94f5a116c4cf87ce76318561911e2a838b2b12d156069f2a5e10300f7c32
rss-n15-p400000bar,Ta-potential/fcc-restart/05-rss-round-1/rss-selection/source-frames/rss-n15-p400000bar.xyz,5,15,400000.0,2,155,000468.poscar,unary-Ta/Ta-00155-2.poscar,/home/tuzhengyu/work/WTaTi/Ta-potential/fcc-restart/05-rss-round-1/rss/minimized/unary-Ta/Ta-00155-2.poscar,Ta-potential/fcc-restart/05-rss-round-1/rss/raw/unary-Ta/Ta-00155.poscar,4969c6f337ea0f6e05fb1a88386f424935bd87278daad02763d2329adc93ad92,4969c6f337ea0f6e05fb1a88386f424935bd87278daad02763d2329adc93ad92
rss-n15-p400000bar,Ta-potential/fcc-restart/05-rss-round-1/rss-selection/source-frames/rss-n15-p400000bar.xyz,6,15,400000.0,2,156,000471.poscar,unary-Ta/Ta-00156-2.poscar,/home/tuzhengyu/work/WTaTi/Ta-potential/fcc-restart/05-rss-round-1/rss/minimized/unary-Ta/Ta-00156-2.poscar,Ta-potential/fcc-restart/05-rss-round-1/rss/raw/unary-Ta/Ta-00156.poscar,5bc06def9976850369b32ab8f9c327767e5d1f009e7a663eca15b079b7cadc96,5bc06def9976850369b32ab8f9c327767e5d1f009e7a663eca15b079b7cadc96
rss-n15-p400000bar,Ta-potential/fcc-restart/05-rss-round-1/rss-selection/source-frames/rss-n15-p400000bar.xyz,7,15,400000.0,2,157,000474.poscar,unary-Ta/Ta-00157-2.poscar,/home/tuzhengyu/work/WTaTi/Ta-potential/fcc-restart/05-rss-round-1/rss/minimized/unary-Ta/Ta-00157-2.poscar,Ta-potential/fcc-restart/05-rss-round-1/rss/raw/unary-Ta/Ta-00157.poscar,1c1a61cb5f16a3caf10cbb4aad970fd3b995bdb0e523fc6da120025bc21e6683,1c1a61cb5f16a3caf10cbb4aad970fd3b995bdb0e523fc6da120025bc21e6683
rss-n15-p400000bar,Ta-potential/fcc-restart/05-rss-round-1/rss-selection/source-frames/rss-n15-p400000bar.xyz,8,15,400000.0,2,158,000477.poscar,unary-Ta/Ta-00158-2.poscar,/home/tuzhengyu/work/WTaTi/Ta-potential/fcc-restart/05-rss-round-1/rss/minimized/unary-Ta/Ta-00158-2.poscar,Ta-potential/fcc-restart/05-rss-round-1/rss/raw/unary-Ta/Ta-00158.poscar,14263c413339d9c9a309f3a1802a553eb2f2df58007f90510d7ca69100af06e5,14263c413339d9c9a309f3a1802a553eb2f2df58007f90510d7ca69100af06e5
rss-n15-p400000bar,Ta-potential/fcc-restart/05-rss-round-1/rss-selection/source-frames/rss-n15-p400000bar.xyz,9,15,400000.0,2,159,000480.poscar,unary-Ta/Ta-00159-2.poscar,/home/tuzhengyu/work/WTaTi/Ta-potential/fcc-restart/05-rss-round-1/rss/minimized/unary-Ta/Ta-00159-2.poscar,Ta-potential/fcc-restart/05-rss-round-1/rss/raw/unary-Ta/Ta-00159.poscar,c67ea2d1f34e645cd694f9454268031c7d359d3c82656ace9066cbc64e538b98,c67ea2d1f34e645cd694f9454268031c7d359d3c82656ace9066cbc64e538b98
rss-n15-p400000bar,Ta-potential/fcc-restart/05-rss-round-1/rss-selection/source-frames/rss-n15-p400000bar.xyz,10,15,400000.0,2,160,000483.poscar,unary-Ta/Ta-00160-2.poscar,/home/tuzhengyu/work/WTaTi/Ta-potential/fcc-restart/05-rss-round-1/rss/minimized/unary-Ta/Ta-00160-2.poscar,Ta-potential/fcc-restart/05-rss-round-1/rss/raw/unary-Ta/Ta-00160.poscar,bb2db6c743588a70da91a5c35eaa7357cd55107b12548aa5a2b5bbcf1534cf86,bb2db6c743588a70da91a5c35eaa7357cd55107b12548aa5a2b5bbcf1534cf86
rss-n15-p400000bar,Ta-potential/fcc-restart/05-rss-round-1/rss-selection/source-frames/rss-n15-p400000bar.xyz,11,15,400000.0,2,161,000486.poscar,unary-Ta/Ta-00161-2.poscar,/home/tuzhengyu/work/WTaTi/Ta-potential/fcc-restart/05-rss-round-1/rss/minimized/unary-Ta/Ta-00161-2.poscar,Ta-potential/fcc-restart/05-rss-round-1/rss/raw/unary-Ta/Ta-00161.poscar,c74e0fafd41094060faacf0cbea2996a070d5225723b28efa650a84882a5dc6f,c74e0fafd41094060faacf0cbea2996a070d5225723b28efa650a84882a5dc6f
rss-n15-p400000bar,Ta-potential/fcc-restart/05-rss-round-1/rss-selection/source-frames/rss-n15-p400000bar.xyz,12,15,400000.0,2,162,000489.poscar,unary-Ta/Ta-00162-2.poscar,/home/tuzhengyu/work/WTaTi/Ta-potential/fcc-restart/05-rss-round-1/rss/minimized/unary-Ta/Ta-00162-2.poscar,Ta-potential/fcc-restart/05-rss-round-1/rss/raw/unary-Ta/Ta-00162.poscar,2a58c0fe0bee4d04583764f1e617d097cb60695b314b3eea8df7a5bce6cfd617,2a58c0fe0bee4d04583764f1e617d097cb60695b314b3eea8df7a5bce6cfd617
rss-n15-p400000bar,Ta-potential/fcc-restart/05-rss-round-1/rss-selection/source-frames/rss-n15-p400000bar.xyz,13,15,400000.0,2,163,000492.poscar,unary-Ta/Ta-00163-2.poscar,/home/tuzhengyu/work/WTaTi/Ta-potential/fcc-restart/05-rss-round-1/rss/minimized/unary-Ta/Ta-00163-2.poscar,Ta-potential/fcc-restart/05-rss-round-1/rss/raw/unary-Ta/Ta-00163.poscar,aadf6c88bb1992a13e56a8de96206dc7511b753af0fbd4f36a1274089f553335,aadf6c88bb1992a13e56a8de96206dc7511b753af0fbd4f36a1274089f553335
rss-n15-p400000bar,Ta-potential/fcc-restart/05-rss-round-1/rss-selection/source-frames/rss-n15-p400000bar.xyz,14,15,400000.0,2,164,000495.poscar,unary-Ta/Ta-00164-2.poscar,/home/tuzhengyu/work/WTaTi/Ta-potential/fcc-restart/05-rss-round-1/rss/minimized/unary-Ta/Ta-00164-2.poscar,Ta-potential/fcc-restart/05-rss-round-1/rss/raw/unary-Ta/Ta-00164.poscar,5f9fa6d2eba3a6bd522770729919992c01c3a40b536b22ff03e1449d05850300,5f9fa6d2eba3a6bd522770729919992c01c3a40b536b22ff03e1449d05850300
rss-n15-p400000bar,Ta-potential/fcc-restart/05-rss-round-1/rss-selection/source-frames/rss-n15-p400000bar.xyz,15,15,400000.0,2,165,000498.poscar,unary-Ta/Ta-00165-2.poscar,/home/tuzhengyu/work/WTaTi/Ta-potential/fcc-restart/05-rss-round-1/rss/minimized/unary-Ta/Ta-00165-2.poscar,Ta-potential/fcc-restart/05-rss-round-1/rss/raw/unary-Ta/Ta-00165.poscar,33a493b89b918c8470b0354350c60915c4d2dcc0e6b9cb40bcb63d8f4111619d,33a493b89b918c8470b0354350c60915c4d2dcc0e6b9cb40bcb63d8f4111619d
rss-n15-p400000bar,Ta-potential/fcc-restart/05-rss-round-1/rss-selection/source-frames/rss-n15-p400000bar.xyz,16,15,400000.0,2,166,000501.poscar,unary-Ta/Ta-00166-2.poscar,/home/tuzhengyu/work/WTaTi/Ta-potential/fcc-restart/05-rss-round-1/rss/minimized/unary-Ta/Ta-00166-2.poscar,Ta-potential/fcc-restart/05-rss-round-1/rss/raw/unary-Ta/Ta-00166.poscar,db7c119b6c180d330036c3cab0b0390eb9cdcad2b8c293d9ca4614f8dd522d28,db7c119b6c180d330036c3cab0b0390eb9cdcad2b8c293d9ca4614f8dd522d28
rss-n15-p400000bar,Ta-potential/fcc-restart/05-rss-round-1/rss-selection/source-frames/rss-n15-p400000bar.xyz,17,15,400000.0,2,167,000504.poscar,unary-Ta/Ta-00167-2.poscar,/home/tuzhengyu/work/WTaTi/Ta-potential/fcc-restart/05-rss-round-1/rss/minimized/unary-Ta/Ta-00167-2.poscar,Ta-potential/fcc-restart/05-rss-round-1/rss/raw/unary-Ta/Ta-00167.poscar,7b41370f38027666055867deb42e142b1f5b738c861fd510790c361a6d6e0f01,7b41370f38027666055867deb42e142b1f5b738c861fd510790c361a6d6e0f01
rss-n15-p400000bar,Ta-potential/fcc-restart/05-rss-round-1/rss-selection/source-frames/rss-n15-p400000bar.xyz,18,15,400000.0,2,168,000507.poscar,unary-Ta/Ta-00168-2.poscar,/home/tuzhengyu/work/WTaTi/Ta-potential/fcc-restart/05-rss-round-1/rss/minimized/unary-Ta/Ta-00168-2.poscar,Ta-potential/fcc-restart/05-rss-round-1/rss/raw/unary-Ta/Ta-00168.poscar,7c9d864710d07fc1e1cbf2380337bbf7706baedf90687b814a6e546963cf8bee,7c9d864710d07fc1e1cbf2380337bbf7706baedf90687b814a6e546963cf8bee
rss-n15-p400000bar,Ta-potential/fcc-restart/05-rss-round-1/rss-selection/source-frames/rss-n15-p400000bar.xyz,19,15,400000.0,2,169,000510.poscar,unary-Ta/Ta-00169-2.poscar,/home/tuzhengyu/work/WTaTi/Ta-potential/fcc-restart/05-rss-round-1/rss/minimized/unary-Ta/Ta-00169-2.poscar,Ta-potential/fcc-restart/05-rss-round-1/rss/raw/unary-Ta/Ta-00169.poscar,1ddb196226b5fee26e29b9698bc355ef9078cc7b802f62faad65b4f85b9a65cd,1ddb196226b5fee26e29b9698bc355ef9078cc7b802f62faad65b4f85b9a65cd
rss-n15-p400000bar,Ta-potential/fcc-restart/05-rss-round-1/rss-selection/source-frames/rss-n15-p400000bar.xyz,20,15,400000.0,2,170,000513.poscar,unary-Ta/Ta-00170-2.poscar,/home/tuzhengyu/work/WTaTi/Ta-potential/fcc-restart/05-rss-round-1/rss/minimized/unary-Ta/Ta-00170-2.poscar,Ta-potential/fcc-restart/05-rss-round-1/rss/raw/unary-Ta/Ta-00170.poscar,f97959c76ae62872a704e608ef073a5db07d746e9d80ec0d4305234e67a5bfdb,f97959c76ae62872a704e608ef073a5db07d746e9d80ec0d4305234e67a5bfdb
rss-n15-p400000bar,Ta-potential/fcc-restart/05-rss-round-1/rss-selection/source-frames/rss-n15-p400000bar.xyz,21,15,400000.0,2,171,000516.poscar,unary-Ta/Ta-00171-2.poscar,/home/tuzhengyu/work/WTaTi/Ta-potential/fcc-restart/05-rss-round-1/rss/minimized/unary-Ta/Ta-00171-2.poscar,Ta-potential/fcc-restart/05-rss-round-1/rss/raw/unary-Ta/Ta-00171.poscar,f31b0a81983a0eb32a3b8f76a25faa3b47b6c65be6b56baf752ac7541d673224,f31b0a81983a0eb32a3b8f76a25faa3b47b6c65be6b56baf752ac7541d673224
rss-n15-p400000bar,Ta-potential/fcc-restart/05-rss-round-1/rss-selection/source-frames/rss-n15-p400000bar.xyz,22,15,400000.0,2,172,000519.poscar,unary-Ta/Ta-00172-2.poscar,/home/tuzhengyu/work/WTaTi/Ta-potential/fcc-restart/05-rss-round-1/rss/minimized/unary-Ta/Ta-00172-2.poscar,Ta-potential/fcc-restart/05-rss-round-1/rss/raw/unary-Ta/Ta-00172.poscar,c474dd6697696df8022a64c741feb649c7f9f3e1b58553cfd1979b8dcf718e7e,c474dd6697696df8022a64c741feb649c7f9f3e1b58553cfd1979b8dcf718e7e
rss-n15-p400000bar,Ta-potential/fcc-restart/05-rss-round-1/rss-selection/source-frames/rss-n15-p400000bar.xyz,23,15,400000.0,2,173,000522.poscar,unary-Ta/Ta-00173-2.poscar,/home/tuzhengyu/work/WTaTi/Ta-potential/fcc-restart/05-rss-round-1/rss/minimized/unary-Ta/Ta-00173-2.poscar,Ta-potential/fcc-restart/05-rss-round-1/rss/raw/unary-Ta/Ta-00173.poscar,b12530ee1a0321a03396f73ad7ac80fd942e179199af928309b05ab8228ac8cf,b12530ee1a0321a03396f73ad7ac80fd942e179199af928309b05ab8228ac8cf
rss-n15-p400000bar,Ta-potential/fcc-restart/05-rss-round-1/rss-selection/source-frames/rss-n15-p400000bar.xyz,24,15,400000.0,2,174,000525.poscar,unary-Ta/Ta-00174-2.poscar,/home/tuzhengyu/work/WTaTi/Ta-potential/fcc-restart/05-rss-round-1/rss/minimized/unary-Ta/Ta-00174-2.poscar,Ta-potential/fcc-restart/05-rss-round-1/rss/raw/unary-Ta/Ta-00174.poscar,9b246ea1f8fb45523e5709a42d415b8bf96c8fb2581c3c2604b26a0aa7f19624,9b246ea1f8fb45523e5709a42d415b8bf96c8fb2581c3c2604b26a0aa7f19624
rss-n15-p400000bar,Ta-potential/fcc-restart/05-rss-round-1/rss-selection/source-frames/rss-n15-p400000bar.xyz,25,15,400000.0,2,175,000528.poscar,unary-Ta/Ta-00175-2.poscar,/home/tuzhengyu/work/WTaTi/Ta-potential/fcc-restart/05-rss-round-1/rss/minimized/unary-Ta/Ta-00175-2.poscar,Ta-potential/fcc-restart/05-rss-round-1/rss/raw/unary-Ta/Ta-00175.poscar,101a5fb95d900e0e9b310b502613b7acca73281a4645637702cacea21218d579,101a5fb95d900e0e9b310b502613b7acca73281a4645637702cacea21218d579
rss-n15-p400000bar,Ta-potential/fcc-restart/05-rss-round-1/rss-selection/source-frames/rss-n15-p400000bar.xyz,26,15,400000.0,2,176,000531.poscar,unary-Ta/Ta-00176-2.poscar,/home/tuzhengyu/work/WTaTi/Ta-potential/fcc-restart/05-rss-round-1/rss/minimized/unary-Ta/Ta-00176-2.poscar,Ta-potential/fcc-restart/05-rss-round-1/rss/raw/unary-Ta/Ta-00176.poscar,a19cf3b1811dd3a144c712b6b0c0f87415528196eb55815e3a985c0d7487f058,a19cf3b1811dd3a144c712b6b0c0f87415528196eb55815e3a985c0d7487f058
rss-n15-p400000bar,Ta-potential/fcc-restart/05-rss-round-1/rss-selection/source-frames/rss-n15-p400000bar.xyz,27,15,400000.0,2,177,000534.poscar,unary-Ta/Ta-00177-2.poscar,/home/tuzhengyu/work/WTaTi/Ta-potential/fcc-restart/05-rss-round-1/rss/minimized/unary-Ta/Ta-00177-2.poscar,Ta-potential/fcc-restart/05-rss-round-1/rss/raw/unary-Ta/Ta-00177.poscar,e24ead50acab78fc2b54b17a2110d4878f6d5cf524fc572ff4eae00c89e70e1e,e24ead50acab78fc2b54b17a2110d4878f6d5cf524fc572ff4eae00c89e70e1e
rss-n15-p400000bar,Ta-potential/fcc-restart/05-rss-round-1/rss-selection/source-frames/rss-n15-p400000bar.xyz,28,15,400000.0,2,178,000537.poscar,unary-Ta/Ta-00178-2.poscar,/home/tuzhengyu/work/WTaTi/Ta-potential/fcc-restart/05-rss-round-1/rss/minimized/unary-Ta/Ta-00178-2.poscar,Ta-potential/fcc-restart/05-rss-round-1/rss/raw/unary-Ta/Ta-00178.poscar,007e070703639f68827387672e59373b6a11a36f722c069f66398cc40db24418,007e070703639f68827387672e59373b6a11a36f722c069f66398cc40db24418
rss-n15-p400000bar,Ta-potential/fcc-restart/05-rss-round-1/rss-selection/source-frames/rss-n15-p400000bar.xyz,29,15,400000.0,2,179,000540.poscar,unary-Ta/Ta-00179-2.poscar,/home/tuzhengyu/work/WTaTi/Ta-potential/fcc-restart/05-rss-round-1/rss/minimized/unary-Ta/Ta-00179-2.poscar,Ta-potential/fcc-restart/05-rss-round-1/rss/raw/unary-Ta/Ta-00179.poscar,92487ba7f3c69a829b78283ce8d560b362ecf2ba6815daf4baa85aa16a86f349,92487ba7f3c69a829b78283ce8d560b362ecf2ba6815daf4baa85aa16a86f349
rss-n15-p400000bar,Ta-potential/fcc-restart/05-rss-round-1/rss-selection/source-frames/rss-n15-p400000bar.xyz,30,15,400000.0,2,180,000543.poscar,unary-Ta/Ta-00180-2.poscar,/home/tuzhengyu/work/WTaTi/Ta-potential/fcc-restart/05-rss-round-1/rss/minimized/unary-Ta/Ta-00180-2.poscar,Ta-potential/fcc-restart/05-rss-round-1/rss/raw/unary-Ta/Ta-00180.poscar,3540bc6d96fd842ef826bcdcc9f733e102855917c0be98dd6979d2bc0bb385c1,3540bc6d96fd842ef826bcdcc9f733e102855917c0be98dd6979d2bc0bb385c1
rss-n15-p400000bar,Ta-potential/fcc-restart/05-rss-round-1/rss-selection/source-frames/rss-n15-p400000bar.xyz,31,15,400000.0,2,181,000546.poscar,unary-Ta/Ta-00181-2.poscar,/home/tuzhengyu/work/WTaTi/Ta-potential/fcc-restart/05-rss-round-1/rss/minimized/unary-Ta/Ta-00181-2.poscar,Ta-potential/fcc-restart/05-rss-round-1/rss/raw/unary-Ta/Ta-00181.poscar,8d7f56624116a1f44ae09bd682313eb4e8a394202f88ebe70ad5eab8f64bb0f0,8d7f56624116a1f44ae09bd682313eb4e8a394202f88ebe70ad5eab8f64bb0f0
rss-n15-p400000bar,Ta-potential/fcc-restart/05-rss-round-1/rss-selection/source-frames/rss-n15-p400000bar.xyz,32,15,400000.0,2,182,000549.poscar,unary-Ta/Ta-00182-2.poscar,/home/tuzhengyu/work/WTaTi/Ta-potential/fcc-restart/05-rss-round-1/rss/minimized/unary-Ta/Ta-00182-2.poscar,Ta-potential/fcc-restart/05-rss-round-1/rss/raw/unary-Ta/Ta-00182.poscar,35ec8ced37660e0b7b085e0d5781fbf0cc6a15e3697a09bba14016f48ee8bd86,35ec8ced37660e0b7b085e0d5781fbf0cc6a15e3697a09bba14016f48ee8bd86
rss-n15-p400000bar,Ta-potential/fcc-restart/05-rss-round-1/rss-selection/source-frames/rss-n15-p400000bar.xyz,33,15,400000.0,2,183,000552.poscar,unary-Ta/Ta-00183-2.poscar,/home/tuzhengyu/work/WTaTi/Ta-potential/fcc-restart/05-rss-round-1/rss/minimized/unary-Ta/Ta-00183-2.poscar,Ta-potential/fcc-restart/05-rss-round-1/rss/raw/unary-Ta/Ta-00183.poscar,aa6b15369f795fe5210398baa57a3940191d5f6b2be0f4f00fd5b0bf864df67f,aa6b15369f795fe5210398baa57a3940191d5f6b2be0f4f00fd5b0bf864df67f
rss-n15-p400000bar,Ta-potential/fcc-restart/05-rss-round-1/rss-selection/source-frames/rss-n15-p400000bar.xyz,34,15,400000.0,2,184,000555.poscar,unary-Ta/Ta-00184-2.poscar,/home/tuzhengyu/work/WTaTi/Ta-potential/fcc-restart/05-rss-round-1/rss/minimized/unary-Ta/Ta-00184-2.poscar,Ta-potential/fcc-restart/05-rss-round-1/rss/raw/unary-Ta/Ta-00184.poscar,ab557a35567a76dc347187df56a81dc38e9fd587156390e01d3a12d2bba3e600,ab557a35567a76dc347187df56a81dc38e9fd587156390e01d3a12d2bba3e600
rss-n15-p400000bar,Ta-potential/fcc-restart/05-rss-round-1/rss-selection/source-frames/rss-n15-p400000bar.xyz,35,15,400000.0,2,185,000558.poscar,unary-Ta/Ta-00185-2.poscar,/home/tuzhengyu/work/WTaTi/Ta-potential/fcc-restart/05-rss-round-1/rss/minimized/unary-Ta/Ta-00185-2.poscar,Ta-potential/fcc-restart/05-rss-round-1/rss/raw/unary-Ta/Ta-00185.poscar,3b452dd99751255a7b1c8f856e58ead20a1a6c2c0b9b6009c041276a97e17491,3b452dd99751255a7b1c8f856e58ead20a1a6c2c0b9b6009c041276a97e17491
rss-n15-p400000bar,Ta-potential/fcc-restart/05-rss-round-1/rss-selection/source-frames/rss-n15-p400000bar.xyz,36,15,400000.0,2,186,000561.poscar,unary-Ta/Ta-00186-2.poscar,/home/tuzhengyu/work/WTaTi/Ta-potential/fcc-restart/05-rss-round-1/rss/minimized/unary-Ta/Ta-00186-2.poscar,Ta-potential/fcc-restart/05-rss-round-1/rss/raw/unary-Ta/Ta-00186.poscar,61c929f913e8055ef193a36dc17cf172e5ba81be23f8d9a1c9902aa81333a523,61c929f913e8055ef193a36dc17cf172e5ba81be23f8d9a1c9902aa81333a523
rss-n15-p400000bar,Ta-potential/fcc-restart/05-rss-round-1/rss-selection/source-frames/rss-n15-p400000bar.xyz,37,15,400000.0,2,187,000564.poscar,unary-Ta/Ta-00187-2.poscar,/home/tuzhengyu/work/WTaTi/Ta-potential/fcc-restart/05-rss-round-1/rss/minimized/unary-Ta/Ta-00187-2.poscar,Ta-potential/fcc-restart/05-rss-round-1/rss/raw/unary-Ta/Ta-00187.poscar,47990dec79a2b578cd57d762ae61391cff2b425e6f4bdc083360b16dd19f59a4,47990dec79a2b578cd57d762ae61391cff2b425e6f4bdc083360b16dd19f59a4
rss-n15-p400000bar,Ta-potential/fcc-restart/05-rss-round-1/rss-selection/source-frames/rss-n15-p400000bar.xyz,38,15,400000.0,2,188,000567.poscar,unary-Ta/Ta-00188-2.poscar,/home/tuzhengyu/work/WTaTi/Ta-potential/fcc-restart/05-rss-round-1/rss/minimized/unary-Ta/Ta-00188-2.poscar,Ta-potential/fcc-restart/05-rss-round-1/rss/raw/unary-Ta/Ta-00188.poscar,c59dabd6f325bcfa251e1dcc33c251b067dd42a0e6bb25319cd5025c0abe2040,c59dabd6f325bcfa251e1dcc33c251b067dd42a0e6bb25319cd5025c0abe2040
rss-n15-p400000bar,Ta-potential/fcc-restart/05-rss-round-1/rss-selection/source-frames/rss-n15-p400000bar.xyz,39,15,400000.0,2,189,000570.poscar,unary-Ta/Ta-00189-2.poscar,/home/tuzhengyu/work/WTaTi/Ta-potential/fcc-restart/05-rss-round-1/rss/minimized/unary-Ta/Ta-00189-2.poscar,Ta-potential/fcc-restart/05-rss-round-1/rss/raw/unary-Ta/Ta-00189.poscar,6a86a54b821f0b0faed81ca1f276d150b37facf922f57a0fdee4c24062fcb230,6a86a54b821f0b0faed81ca1f276d150b37facf922f57a0fdee4c24062fcb230
rss-n15-p400000bar,Ta-potential/fcc-restart/05-rss-round-1/rss-selection/source-frames/rss-n15-p400000bar.xyz,40,15,400000.0,2,190,000573.poscar,unary-Ta/Ta-00190-2.poscar,/home/tuzhengyu/work/WTaTi/Ta-potential/fcc-restart/05-rss-round-1/rss/minimized/unary-Ta/Ta-00190-2.poscar,Ta-potential/fcc-restart/05-rss-round-1/rss/raw/unary-Ta/Ta-00190.poscar,eac20aa2dc481501c3dc951df263f697213ec44c1b02f5b18ecfc6c750c0463d,eac20aa2dc481501c3dc951df263f697213ec44c1b02f5b18ecfc6c750c0463d
rss-n15-p400000bar,Ta-potential/fcc-restart/05-rss-round-1/rss-selection/source-frames/rss-n15-p400000bar.xyz,41,15,400000.0,2,192,000579.poscar,unary-Ta/Ta-00192-2.poscar,/home/tuzhengyu/work/WTaTi/Ta-potential/fcc-restart/05-rss-round-1/rss/minimized/unary-Ta/Ta-00192-2.poscar,Ta-potential/fcc-restart/05-rss-round-1/rss/raw/unary-Ta/Ta-00192.poscar,8b95608857fd08de26dfd107b44a9473782314edea4caab2ab133126d7ba4142,8b95608857fd08de26dfd107b44a9473782314edea4caab2ab133126d7ba4142
rss-n15-p400000bar,Ta-potential/fcc-restart/05-rss-round-1/rss-selection/source-frames/rss-n15-p400000bar.xyz,42,15,400000.0,2,193,000582.poscar,unary-Ta/Ta-00193-2.poscar,/home/tuzhengyu/work/WTaTi/Ta-potential/fcc-restart/05-rss-round-1/rss/minimized/unary-Ta/Ta-00193-2.poscar,Ta-potential/fcc-restart/05-rss-round-1/rss/raw/unary-Ta/Ta-00193.poscar,a529ecf94c7a2422caaaaa1ea77bcc4e59fd0264f710a6ee3752794eb2ce48da,a529ecf94c7a2422caaaaa1ea77bcc4e59fd0264f710a6ee3752794eb2ce48da
rss-n15-p400000bar,Ta-potential/fcc-restart/05-rss-round-1/rss-selection/source-frames/rss-n15-p400000bar.xyz,43,15,400000.0,2,194,000585.poscar,unary-Ta/Ta-00194-2.poscar,/home/tuzhengyu/work/WTaTi/Ta-potential/fcc-restart/05-rss-round-1/rss/minimized/unary-Ta/Ta-00194-2.poscar,Ta-potential/fcc-restart/05-rss-round-1/rss/raw/unary-Ta/Ta-00194.poscar,ef903245be0e2112e7901694b380b245e72dddd9eb8031f3d0d7ebd7b27b80df,ef903245be0e2112e7901694b380b245e72dddd9eb8031f3d0d7ebd7b27b80df
rss-n15-p400000bar,Ta-potential/fcc-restart/05-rss-round-1/rss-selection/source-frames/rss-n15-p400000bar.xyz,44,15,400000.0,2,195,000588.poscar,unary-Ta/Ta-00195-2.poscar,/home/tuzhengyu/work/WTaTi/Ta-potential/fcc-restart/05-rss-round-1/rss/minimized/unary-Ta/Ta-00195-2.poscar,Ta-potential/fcc-restart/05-rss-round-1/rss/raw/unary-Ta/Ta-00195.poscar,c76c7f84d310822d8e3be5d15e756255bba159a6391c4d41e1d03d9b8f93daf1,c76c7f84d310822d8e3be5d15e756255bba159a6391c4d41e1d03d9b8f93daf1
rss-n15-p400000bar,Ta-potential/fcc-restart/05-rss-round-1/rss-selection/source-frames/rss-n15-p400000bar.xyz,45,15,400000.0,2,196,000591.poscar,unary-Ta/Ta-00196-2.poscar,/home/tuzhengyu/work/WTaTi/Ta-potential/fcc-restart/05-rss-round-1/rss/minimized/unary-Ta/Ta-00196-2.poscar,Ta-potential/fcc-restart/05-rss-round-1/rss/raw/unary-Ta/Ta-00196.poscar,a96b4782d9488a88c50b709c21ded54c550eb3d95f3c30c99fc9405c1a3842fe,a96b4782d9488a88c50b709c21ded54c550eb3d95f3c30c99fc9405c1a3842fe
rss-n15-p400000bar,Ta-potential/fcc-restart/05-rss-round-1/rss-selection/source-frames/rss-n15-p400000bar.xyz,46,15,400000.0,2,197,000594.poscar,unary-Ta/Ta-00197-2.poscar,/home/tuzhengyu/work/WTaTi/Ta-potential/fcc-restart/05-rss-round-1/rss/minimized/unary-Ta/Ta-00197-2.poscar,Ta-potential/fcc-restart/05-rss-round-1/rss/raw/unary-Ta/Ta-00197.poscar,d805f1374271838d5552a550b16ab8ee751f0926fa45d0e8451b3d7f03dd5c7f,d805f1374271838d5552a550b16ab8ee751f0926fa45d0e8451b3d7f03dd5c7f
rss-n15-p400000bar,Ta-potential/fcc-restart/05-rss-round-1/rss-selection/source-frames/rss-n15-p400000bar.xyz,47,15,400000.0,2,198,000597.poscar,unary-Ta/Ta-00198-2.poscar,/home/tuzhengyu/work/WTaTi/Ta-potential/fcc-restart/05-rss-round-1/rss/minimized/unary-Ta/Ta-00198-2.poscar,Ta-potential/fcc-restart/05-rss-round-1/rss/raw/unary-Ta/Ta-00198.poscar,c21b071c87292527c793efc45f93a066632cfeeef9aa2cac3129838f43c0f295,c21b071c87292527c793efc45f93a066632cfeeef9aa2cac3129838f43c0f295
rss-n15-p400000bar,Ta-potential/fcc-restart/05-rss-round-1/rss-selection/source-frames/rss-n15-p400000bar.xyz,48,15,400000.0,2,199,000600.poscar,unary-Ta/Ta-00199-2.poscar,/home/tuzhengyu/work/WTaTi/Ta-potential/fcc-restart/05-rss-round-1/rss/minimized/unary-Ta/Ta-00199-2.poscar,Ta-potential/fcc-restart/05-rss-round-1/rss/raw/unary-Ta/Ta-00199.poscar,9a703a3ed3889926645ec51db2d79b4bbe667c1ae23cff76bcb8b892e5a8c8da,9a703a3ed3889926645ec51db2d79b4bbe667c1ae23cff76bcb8b892e5a8c8da
rss-n18-p0bar,Ta-potential/fcc-restart/05-rss-round-1/rss-selection/source-frames/rss-n18-p0bar.xyz,0,18,0.0,0,200,000601.poscar,unary-Ta/Ta-00200-0.poscar,/home/tuzhengyu/work/WTaTi/Ta-potential/fcc-restart/05-rss-round-1/rss/minimized/unary-Ta/Ta-00200-0.poscar,Ta-potential/fcc-restart/05-rss-round-1/rss/raw/unary-Ta/Ta-00200.poscar,368fb98108917a04bc8e0a6beb05be94e9756d3eda690094ff295cc50592006b,368fb98108917a04bc8e0a6beb05be94e9756d3eda690094ff295cc50592006b
rss-n18-p0bar,Ta-potential/fcc-restart/05-rss-round-1/rss-selection/source-frames/rss-n18-p0bar.xyz,1,18,0.0,0,201,000604.poscar,unary-Ta/Ta-00201-0.poscar,/home/tuzhengyu/work/WTaTi/Ta-potential/fcc-restart/05-rss-round-1/rss/minimized/unary-Ta/Ta-00201-0.poscar,Ta-potential/fcc-restart/05-rss-round-1/rss/raw/unary-Ta/Ta-00201.poscar,c850d6076ee7ce822cf2c6d5cf8e60192a28d65f772c4e78b0b5fe07f6666f0a,c850d6076ee7ce822cf2c6d5cf8e60192a28d65f772c4e78b0b5fe07f6666f0a
rss-n18-p0bar,Ta-potential/fcc-restart/05-rss-round-1/rss-selection/source-frames/rss-n18-p0bar.xyz,2,18,0.0,0,202,000607.poscar,unary-Ta/Ta-00202-0.poscar,/home/tuzhengyu/work/WTaTi/Ta-potential/fcc-restart/05-rss-round-1/rss/minimized/unary-Ta/Ta-00202-0.poscar,Ta-potential/fcc-restart/05-rss-round-1/rss/raw/unary-Ta/Ta-00202.poscar,779f9f750011e3b422cdc18cc93c996a76a508c48a79623673d809414a1019fa,779f9f750011e3b422cdc18cc93c996a76a508c48a79623673d809414a1019fa
rss-n18-p0bar,Ta-potential/fcc-restart/05-rss-round-1/rss-selection/source-frames/rss-n18-p0bar.xyz,3,18,0.0,0,203,000610.poscar,unary-Ta/Ta-00203-0.poscar,/home/tuzhengyu/work/WTaTi/Ta-potential/fcc-restart/05-rss-round-1/rss/minimized/unary-Ta/Ta-00203-0.poscar,Ta-potential/fcc-restart/05-rss-round-1/rss/raw/unary-Ta/Ta-00203.poscar,fb48ab6bcfbed01d3ab3e6658617b6af83be8e3c19c914ba20b0a7aff28cc635,fb48ab6bcfbed01d3ab3e6658617b6af83be8e3c19c914ba20b0a7aff28cc635
rss-n18-p0bar,Ta-potential/fcc-restart/05-rss-round-1/rss-selection/source-frames/rss-n18-p0bar.xyz,4,18,0.0,0,204,000613.poscar,unary-Ta/Ta-00204-0.poscar,/home/tuzhengyu/work/WTaTi/Ta-potential/fcc-restart/05-rss-round-1/rss/minimized/unary-Ta/Ta-00204-0.poscar,Ta-potential/fcc-restart/05-rss-round-1/rss/raw/unary-Ta/Ta-00204.poscar,bf8c814843e9fe7b7b755f992a020002a5a65682a83e66f7e6be6db17b8e5eea,bf8c814843e9fe7b7b755f992a020002a5a65682a83e66f7e6be6db17b8e5eea
rss-n18-p0bar,Ta-potential/fcc-restart/05-rss-round-1/rss-selection/source-frames/rss-n18-p0bar.xyz,5,18,0.0,0,205,000616.poscar,unary-Ta/Ta-00205-0.poscar,/home/tuzhengyu/work/WTaTi/Ta-potential/fcc-restart/05-rss-round-1/rss/minimized/unary-Ta/Ta-00205-0.poscar,Ta-potential/fcc-restart/05-rss-round-1/rss/raw/unary-Ta/Ta-00205.poscar,094a3e34d2f280c4db6c5b519425ea08032b008cc5b307d13785c8688c496642,094a3e34d2f280c4db6c5b519425ea08032b008cc5b307d13785c8688c496642
rss-n18-p0bar,Ta-potential/fcc-restart/05-rss-round-1/rss-selection/source-frames/rss-n18-p0bar.xyz,6,18,0.0,0,207,000622.poscar,unary-Ta/Ta-00207-0.poscar,/home/tuzhengyu/work/WTaTi/Ta-potential/fcc-restart/05-rss-round-1/rss/minimized/unary-Ta/Ta-00207-0.poscar,Ta-potential/fcc-restart/05-rss-round-1/rss/raw/unary-Ta/Ta-00207.poscar,ba0eaad0274bda58870b3ea2a5599e900435c62f63cf1f2ee1e48e82a4edc264,ba0eaad0274bda58870b3ea2a5599e900435c62f63cf1f2ee1e48e82a4edc264
rss-n18-p0bar,Ta-potential/fcc-restart/05-rss-round-1/rss-selection/source-frames/rss-n18-p0bar.xyz,7,18,0.0,0,208,000625.poscar,unary-Ta/Ta-00208-0.poscar,/home/tuzhengyu/work/WTaTi/Ta-potential/fcc-restart/05-rss-round-1/rss/minimized/unary-Ta/Ta-00208-0.poscar,Ta-potential/fcc-restart/05-rss-round-1/rss/raw/unary-Ta/Ta-00208.poscar,5a209a5271115c51917a6635c6f8be51baf9f11f4d8c928b47cb5d6dfc57b092,5a209a5271115c51917a6635c6f8be51baf9f11f4d8c928b47cb5d6dfc57b092
rss-n18-p0bar,Ta-potential/fcc-restart/05-rss-round-1/rss-selection/source-frames/rss-n18-p0bar.xyz,8,18,0.0,0,209,000628.poscar,unary-Ta/Ta-00209-0.poscar,/home/tuzhengyu/work/WTaTi/Ta-potential/fcc-restart/05-rss-round-1/rss/minimized/unary-Ta/Ta-00209-0.poscar,Ta-potential/fcc-restart/05-rss-round-1/rss/raw/unary-Ta/Ta-00209.poscar,8761b3fc7ca4e0727557154c75022674d6bba0e373ae6daeac06462ecd9745b7,8761b3fc7ca4e0727557154c75022674d6bba0e373ae6daeac06462ecd9745b7
rss-n18-p0bar,Ta-potential/fcc-restart/05-rss-round-1/rss-selection/source-frames/rss-n18-p0bar.xyz,9,18,0.0,0,210,000631.poscar,unary-Ta/Ta-00210-0.poscar,/home/tuzhengyu/work/WTaTi/Ta-potential/fcc-restart/05-rss-round-1/rss/minimized/unary-Ta/Ta-00210-0.poscar,Ta-potential/fcc-restart/05-rss-round-1/rss/raw/unary-Ta/Ta-00210.poscar,62129baf701496071ddedc07e4665c6ffd22f2d6a1c8b4c632c0e0bd32fe57ae,62129baf701496071ddedc07e4665c6ffd22f2d6a1c8b4c632c0e0bd32fe57ae
rss-n18-p0bar,Ta-potential/fcc-restart/05-rss-round-1/rss-selection/source-frames/rss-n18-p0bar.xyz,10,18,0.0,0,211,000634.poscar,unary-Ta/Ta-00211-0.poscar,/home/tuzhengyu/work/WTaTi/Ta-potential/fcc-restart/05-rss-round-1/rss/minimized/unary-Ta/Ta-00211-0.poscar,Ta-potential/fcc-restart/05-rss-round-1/rss/raw/unary-Ta/Ta-00211.poscar,0a1931479403f3c2a87c9a8e69095ccda572a908a5ddc91f212ba229da712c38,0a1931479403f3c2a87c9a8e69095ccda572a908a5ddc91f212ba229da712c38
rss-n18-p0bar,Ta-potential/fcc-restart/05-rss-round-1/rss-selection/source-frames/rss-n18-p0bar.xyz,11,18,0.0,0,212,000637.poscar,unary-Ta/Ta-00212-0.poscar,/home/tuzhengyu/work/WTaTi/Ta-potential/fcc-restart/05-rss-round-1/rss/minimized/unary-Ta/Ta-00212-0.poscar,Ta-potential/fcc-restart/05-rss-round-1/rss/raw/unary-Ta/Ta-00212.poscar,08822efc342ebb595ddd60c5232cf24295acad5ac89a42830d621c6880567804,08822efc342ebb595ddd60c5232cf24295acad5ac89a42830d621c6880567804
rss-n18-p0bar,Ta-potential/fcc-restart/05-rss-round-1/rss-selection/source-frames/rss-n18-p0bar.xyz,12,18,0.0,0,213,000640.poscar,unary-Ta/Ta-00213-0.poscar,/home/tuzhengyu/work/WTaTi/Ta-potential/fcc-restart/05-rss-round-1/rss/minimized/unary-Ta/Ta-00213-0.poscar,Ta-potential/fcc-restart/05-rss-round-1/rss/raw/unary-Ta/Ta-00213.poscar,e300abd258655e8eba8eab1112058e72a9bc470077f9bd023628e4832b26dbf6,e300abd258655e8eba8eab1112058e72a9bc470077f9bd023628e4832b26dbf6
rss-n18-p0bar,Ta-potential/fcc-restart/05-rss-round-1/rss-selection/source-frames/rss-n18-p0bar.xyz,13,18,0.0,0,214,000643.poscar,unary-Ta/Ta-00214-0.poscar,/home/tuzhengyu/work/WTaTi/Ta-potential/fcc-restart/05-rss-round-1/rss/minimized/unary-Ta/Ta-00214-0.poscar,Ta-potential/fcc-restart/05-rss-round-1/rss/raw/unary-Ta/Ta-00214.poscar,06b4b99b09db6dd17c7b5ced35063aa6261bc813a9512e57a83b6f1e0ddf3c46,06b4b99b09db6dd17c7b5ced35063aa6261bc813a9512e57a83b6f1e0ddf3c46
rss-n18-p0bar,Ta-potential/fcc-restart/05-rss-round-1/rss-selection/source-frames/rss-n18-p0bar.xyz,14,18,0.0,0,215,000646.poscar,unary-Ta/Ta-00215-0.poscar,/home/tuzhengyu/work/WTaTi/Ta-potential/fcc-restart/05-rss-round-1/rss/minimized/unary-Ta/Ta-00215-0.poscar,Ta-potential/fcc-restart/05-rss-round-1/rss/raw/unary-Ta/Ta-00215.poscar,a96c7d4d9db278b4beafda3a879eb86547069ad3cd994820215b13f888f7e8da,a96c7d4d9db278b4beafda3a879eb86547069ad3cd994820215b13f888f7e8da
rss-n18-p0bar,Ta-potential/fcc-restart/05-rss-round-1/rss-selection/source-frames/rss-n18-p0bar.xyz,15,18,0.0,0,216,000649.poscar,unary-Ta/Ta-00216-0.poscar,/home/tuzhengyu/work/WTaTi/Ta-potential/fcc-restart/05-rss-round-1/rss/minimized/unary-Ta/Ta-00216-0.poscar,Ta-potential/fcc-restart/05-rss-round-1/rss/raw/unary-Ta/Ta-00216.poscar,cc52cb3e6bbfb4de4cdc907304385a2753fdc5869ee605679ae39bcbd5fe7cf4,cc52cb3e6bbfb4de4cdc907304385a2753fdc5869ee605679ae39bcbd5fe7cf4
rss-n18-p0bar,Ta-potential/fcc-restart/05-rss-round-1/rss-selection/source-frames/rss-n18-p0bar.xyz,16,18,0.0,0,217,000652.poscar,unary-Ta/Ta-00217-0.poscar,/home/tuzhengyu/work/WTaTi/Ta-potential/fcc-restart/05-rss-round-1/rss/minimized/unary-Ta/Ta-00217-0.poscar,Ta-potential/fcc-restart/05-rss-round-1/rss/raw/unary-Ta/Ta-00217.poscar,a2f5ac2d63d48a3807b05e070a1589a1e4f64f7b5287d39d3ec11eb5e1de6d72,a2f5ac2d63d48a3807b05e070a1589a1e4f64f7b5287d39d3ec11eb5e1de6d72
rss-n18-p0bar,Ta-potential/fcc-restart/05-rss-round-1/rss-selection/source-frames/rss-n18-p0bar.xyz,17,18,0.0,0,219,000658.poscar,unary-Ta/Ta-00219-0.poscar,/home/tuzhengyu/work/WTaTi/Ta-potential/fcc-restart/05-rss-round-1/rss/minimized/unary-Ta/Ta-00219-0.poscar,Ta-potential/fcc-restart/05-rss-round-1/rss/raw/unary-Ta/Ta-00219.poscar,27eacb2973a1cd8f92cbfaaf6ea3bb7a10eb4abed4b2ff52d17c96d47ec6c858,27eacb2973a1cd8f92cbfaaf6ea3bb7a10eb4abed4b2ff52d17c96d47ec6c858
rss-n18-p0bar,Ta-potential/fcc-restart/05-rss-round-1/rss-selection/source-frames/rss-n18-p0bar.xyz,18,18,0.0,0,220,000661.poscar,unary-Ta/Ta-00220-0.poscar,/home/tuzhengyu/work/WTaTi/Ta-potential/fcc-restart/05-rss-round-1/rss/minimized/unary-Ta/Ta-00220-0.poscar,Ta-potential/fcc-restart/05-rss-round-1/rss/raw/unary-Ta/Ta-00220.poscar,f44934f3d60c1dd885971fd487c410b571a61cc6d8b77438a94a079621848c93,f44934f3d60c1dd885971fd487c410b571a61cc6d8b77438a94a079621848c93
rss-n18-p0bar,Ta-potential/fcc-restart/05-rss-round-1/rss-selection/source-frames/rss-n18-p0bar.xyz,19,18,0.0,0,221,000664.poscar,unary-Ta/Ta-00221-0.poscar,/home/tuzhengyu/work/WTaTi/Ta-potential/fcc-restart/05-rss-round-1/rss/minimized/unary-Ta/Ta-00221-0.poscar,Ta-potential/fcc-restart/05-rss-round-1/rss/raw/unary-Ta/Ta-00221.poscar,e1b01f583ad03717b75d2e2547ab8bb99ca2fe22f9e2aebe0463f1f41410b0c5,e1b01f583ad03717b75d2e2547ab8bb99ca2fe22f9e2aebe0463f1f41410b0c5
rss-n18-p0bar,Ta-potential/fcc-restart/05-rss-round-1/rss-selection/source-frames/rss-n18-p0bar.xyz,20,18,0.0,0,222,000667.poscar,unary-Ta/Ta-00222-0.poscar,/home/tuzhengyu/work/WTaTi/Ta-potential/fcc-restart/05-rss-round-1/rss/minimized/unary-Ta/Ta-00222-0.poscar,Ta-potential/fcc-restart/05-rss-round-1/rss/raw/unary-Ta/Ta-00222.poscar,277ccecc1ec15989fc243bb298ad2489582576caf1be229a82b9b7eaf5e3915e,277ccecc1ec15989fc243bb298ad2489582576caf1be229a82b9b7eaf5e3915e
rss-n18-p0bar,Ta-potential/fcc-restart/05-rss-round-1/rss-selection/source-frames/rss-n18-p0bar.xyz,21,18,0.0,0,223,000670.poscar,unary-Ta/Ta-00223-0.poscar,/home/tuzhengyu/work/WTaTi/Ta-potential/fcc-restart/05-rss-round-1/rss/minimized/unary-Ta/Ta-00223-0.poscar,Ta-potential/fcc-restart/05-rss-round-1/rss/raw/unary-Ta/Ta-00223.poscar,2aa318a23ee70873a5acbd3fb4fc050550845ce434920a9ec7509afba40d55a7,2aa318a23ee70873a5acbd3fb4fc050550845ce434920a9ec7509afba40d55a7
rss-n18-p0bar,Ta-potential/fcc-restart/05-rss-round-1/rss-selection/source-frames/rss-n18-p0bar.xyz,22,18,0.0,0,225,000676.poscar,unary-Ta/Ta-00225-0.poscar,/home/tuzhengyu/work/WTaTi/Ta-potential/fcc-restart/05-rss-round-1/rss/minimized/unary-Ta/Ta-00225-0.poscar,Ta-potential/fcc-restart/05-rss-round-1/rss/raw/unary-Ta/Ta-00225.poscar,0e2f1a7e54fa66fabce9fb776949f1929e0a6ed656abdafac983ef81b2325a89,0e2f1a7e54fa66fabce9fb776949f1929e0a6ed656abdafac983ef81b2325a89
rss-n18-p0bar,Ta-potential/fcc-restart/05-rss-round-1/rss-selection/source-frames/rss-n18-p0bar.xyz,23,18,0.0,0,226,000679.poscar,unary-Ta/Ta-00226-0.poscar,/home/tuzhengyu/work/WTaTi/Ta-potential/fcc-restart/05-rss-round-1/rss/minimized/unary-Ta/Ta-00226-0.poscar,Ta-potential/fcc-restart/05-rss-round-1/rss/raw/unary-Ta/Ta-00226.poscar,95fdd9c77ae67e702bfe7742856acb7dccc235ea2b03f878b72bcaed618959ea,95fdd9c77ae67e702bfe7742856acb7dccc235ea2b03f878b72bcaed618959ea
rss-n18-p0bar,Ta-potential/fcc-restart/05-rss-round-1/rss-selection/source-frames/rss-n18-p0bar.xyz,24,18,0.0,0,227,000682.poscar,unary-Ta/Ta-00227-0.poscar,/home/tuzhengyu/work/WTaTi/Ta-potential/fcc-restart/05-rss-round-1/rss/minimized/unary-Ta/Ta-00227-0.poscar,Ta-potential/fcc-restart/05-rss-round-1/rss/raw/unary-Ta/Ta-00227.poscar,3f489a0c4b1351370f104f32e7d80e6d7397918f802b8336dac74ee6788f83b1,3f489a0c4b1351370f104f32e7d80e6d7397918f802b8336dac74ee6788f83b1
rss-n18-p0bar,Ta-potential/fcc-restart/05-rss-round-1/rss-selection/source-frames/rss-n18-p0bar.xyz,25,18,0.0,0,228,000685.poscar,unary-Ta/Ta-00228-0.poscar,/home/tuzhengyu/work/WTaTi/Ta-potential/fcc-restart/05-rss-round-1/rss/minimized/unary-Ta/Ta-00228-0.poscar,Ta-potential/fcc-restart/05-rss-round-1/rss/raw/unary-Ta/Ta-00228.poscar,a7e25215d52bdea2737633bd4f7237e273a578869a56f4704f52e75fc4c988b3,a7e25215d52bdea2737633bd4f7237e273a578869a56f4704f52e75fc4c988b3
rss-n18-p0bar,Ta-potential/fcc-restart/05-rss-round-1/rss-selection/source-frames/rss-n18-p0bar.xyz,26,18,0.0,0,229,000688.poscar,unary-Ta/Ta-00229-0.poscar,/home/tuzhengyu/work/WTaTi/Ta-potential/fcc-restart/05-rss-round-1/rss/minimized/unary-Ta/Ta-00229-0.poscar,Ta-potential/fcc-restart/05-rss-round-1/rss/raw/unary-Ta/Ta-00229.poscar,6d62c43924dce3cd130158a86256c008a8efbd2f2248c4aa2486d26030683844,6d62c43924dce3cd130158a86256c008a8efbd2f2248c4aa2486d26030683844
rss-n18-p0bar,Ta-potential/fcc-restart/05-rss-round-1/rss-selection/source-frames/rss-n18-p0bar.xyz,27,18,0.0,0,230,000691.poscar,unary-Ta/Ta-00230-0.poscar,/home/tuzhengyu/work/WTaTi/Ta-potential/fcc-restart/05-rss-round-1/rss/minimized/unary-Ta/Ta-00230-0.poscar,Ta-potential/fcc-restart/05-rss-round-1/rss/raw/unary-Ta/Ta-00230.poscar,601a3092eafbcd707902cfd4ecb1317cfc922d0df53fe4959231c1c5b9f71924,601a3092eafbcd707902cfd4ecb1317cfc922d0df53fe4959231c1c5b9f71924
rss-n18-p0bar,Ta-potential/fcc-restart/05-rss-round-1/rss-selection/source-frames/rss-n18-p0bar.xyz,28,18,0.0,0,231,000694.poscar,unary-Ta/Ta-00231-0.poscar,/home/tuzhengyu/work/WTaTi/Ta-potential/fcc-restart/05-rss-round-1/rss/minimized/unary-Ta/Ta-00231-0.poscar,Ta-potential/fcc-restart/05-rss-round-1/rss/raw/unary-Ta/Ta-00231.poscar,e2494f5cbe3cc7bc87b4a74df0604b09c9b3a8e13255fcadd8f53b0730c3dcbb,e2494f5cbe3cc7bc87b4a74df0604b09c9b3a8e13255fcadd8f53b0730c3dcbb
rss-n18-p0bar,Ta-potential/fcc-restart/05-rss-round-1/rss-selection/source-frames/rss-n18-p0bar.xyz,29,18,0.0,0,232,000697.poscar,unary-Ta/Ta-00232-0.poscar,/home/tuzhengyu/work/WTaTi/Ta-potential/fcc-restart/05-rss-round-1/rss/minimized/unary-Ta/Ta-00232-0.poscar,Ta-potential/fcc-restart/05-rss-round-1/rss/raw/unary-Ta/Ta-00232.poscar,5067d2acdc48cd3c0531e8db22e8960d04c24b5cc6220fffda8d67aacbce5eed,5067d2acdc48cd3c0531e8db22e8960d04c24b5cc6220fffda8d67aacbce5eed
rss-n18-p0bar,Ta-potential/fcc-restart/05-rss-round-1/rss-selection/source-frames/rss-n18-p0bar.xyz,30,18,0.0,0,233,000700.poscar,unary-Ta/Ta-00233-0.poscar,/home/tuzhengyu/work/WTaTi/Ta-potential/fcc-restart/05-rss-round-1/rss/minimized/unary-Ta/Ta-00233-0.poscar,Ta-potential/fcc-restart/05-rss-round-1/rss/raw/unary-Ta/Ta-00233.poscar,a53e0c19fce9f08363cd896147bffb3c3a8ef2e7382507e0e14a83b83e890728,a53e0c19fce9f08363cd896147bffb3c3a8ef2e7382507e0e14a83b83e890728
rss-n18-p0bar,Ta-potential/fcc-restart/05-rss-round-1/rss-selection/source-frames/rss-n18-p0bar.xyz,31,18,0.0,0,234,000703.poscar,unary-Ta/Ta-00234-0.poscar,/home/tuzhengyu/work/WTaTi/Ta-potential/fcc-restart/05-rss-round-1/rss/minimized/unary-Ta/Ta-00234-0.poscar,Ta-potential/fcc-restart/05-rss-round-1/rss/raw/unary-Ta/Ta-00234.poscar,1dcebd3be939f8e0188a395d7f0a581543ff8552290578dd85ae79a5b11e7137,1dcebd3be939f8e0188a395d7f0a581543ff8552290578dd85ae79a5b11e7137
rss-n18-p0bar,Ta-potential/fcc-restart/05-rss-round-1/rss-selection/source-frames/rss-n18-p0bar.xyz,32,18,0.0,0,235,000706.poscar,unary-Ta/Ta-00235-0.poscar,/home/tuzhengyu/work/WTaTi/Ta-potential/fcc-restart/05-rss-round-1/rss/minimized/unary-Ta/Ta-00235-0.poscar,Ta-potential/fcc-restart/05-rss-round-1/rss/raw/unary-Ta/Ta-00235.poscar,44a43207ea68b0959e669b39d8029fd0b2933699c1a75e943b16d8a24dee696f,44a43207ea68b0959e669b39d8029fd0b2933699c1a75e943b16d8a24dee696f
rss-n18-p0bar,Ta-potential/fcc-restart/05-rss-round-1/rss-selection/source-frames/rss-n18-p0bar.xyz,33,18,0.0,0,236,000709.poscar,unary-Ta/Ta-00236-0.poscar,/home/tuzhengyu/work/WTaTi/Ta-potential/fcc-restart/05-rss-round-1/rss/minimized/unary-Ta/Ta-00236-0.poscar,Ta-potential/fcc-restart/05-rss-round-1/rss/raw/unary-Ta/Ta-00236.poscar,3be1e51263c720a85db047cbe18186c66456ab6e19b9ce01fe598a0a4ffc6875,3be1e51263c720a85db047cbe18186c66456ab6e19b9ce01fe598a0a4ffc6875
rss-n18-p0bar,Ta-potential/fcc-restart/05-rss-round-1/rss-selection/source-frames/rss-n18-p0bar.xyz,34,18,0.0,0,237,000712.poscar,unary-Ta/Ta-00237-0.poscar,/home/tuzhengyu/work/WTaTi/Ta-potential/fcc-restart/05-rss-round-1/rss/minimized/unary-Ta/Ta-00237-0.poscar,Ta-potential/fcc-restart/05-rss-round-1/rss/raw/unary-Ta/Ta-00237.poscar,8e2a38b177176127f70761cbadc1194d6b082b3a4b9044c0f970cb3ae41cd047,8e2a38b177176127f70761cbadc1194d6b082b3a4b9044c0f970cb3ae41cd047
rss-n18-p0bar,Ta-potential/fcc-restart/05-rss-round-1/rss-selection/source-frames/rss-n18-p0bar.xyz,35,18,0.0,0,238,000715.poscar,unary-Ta/Ta-00238-0.poscar,/home/tuzhengyu/work/WTaTi/Ta-potential/fcc-restart/05-rss-round-1/rss/minimized/unary-Ta/Ta-00238-0.poscar,Ta-potential/fcc-restart/05-rss-round-1/rss/raw/unary-Ta/Ta-00238.poscar,d5edbe0106c6e4e9474f2a1a7e7ba2dae13e77a51a0f292f0f0e5cf0f63eb213,d5edbe0106c6e4e9474f2a1a7e7ba2dae13e77a51a0f292f0f0e5cf0f63eb213
rss-n18-p0bar,Ta-potential/fcc-restart/05-rss-round-1/rss-selection/source-frames/rss-n18-p0bar.xyz,36,18,0.0,0,239,000718.poscar,unary-Ta/Ta-00239-0.poscar,/home/tuzhengyu/work/WTaTi/Ta-potential/fcc-restart/05-rss-round-1/rss/minimized/unary-Ta/Ta-00239-0.poscar,Ta-potential/fcc-restart/05-rss-round-1/rss/raw/unary-Ta/Ta-00239.poscar,7ca8993c9c334f43a8ceb89576501c934813bd4f20085127cf405e058346f0e7,7ca8993c9c334f43a8ceb89576501c934813bd4f20085127cf405e058346f0e7
rss-n18-p0bar,Ta-potential/fcc-restart/05-rss-round-1/rss-selection/source-frames/rss-n18-p0bar.xyz,37,18,0.0,0,240,000721.poscar,unary-Ta/Ta-00240-0.poscar,/home/tuzhengyu/work/WTaTi/Ta-potential/fcc-restart/05-rss-round-1/rss/minimized/unary-Ta/Ta-00240-0.poscar,Ta-potential/fcc-restart/05-rss-round-1/rss/raw/unary-Ta/Ta-00240.poscar,7ea27d3dcbb51c9ebdf9101c5116d83a64f388f16f073815c8a72a12b61e2e05,7ea27d3dcbb51c9ebdf9101c5116d83a64f388f16f073815c8a72a12b61e2e05
rss-n18-p0bar,Ta-potential/fcc-restart/05-rss-round-1/rss-selection/source-frames/rss-n18-p0bar.xyz,38,18,0.0,0,241,000724.poscar,unary-Ta/Ta-00241-0.poscar,/home/tuzhengyu/work/WTaTi/Ta-potential/fcc-restart/05-rss-round-1/rss/minimized/unary-Ta/Ta-00241-0.poscar,Ta-potential/fcc-restart/05-rss-round-1/rss/raw/unary-Ta/Ta-00241.poscar,b2a8f4126fc4129e9a2b8b14fecc383f69868ededeffdcbd5ada21b28c122b61,b2a8f4126fc4129e9a2b8b14fecc383f69868ededeffdcbd5ada21b28c122b61
rss-n18-p0bar,Ta-potential/fcc-restart/05-rss-round-1/rss-selection/source-frames/rss-n18-p0bar.xyz,39,18,0.0,0,242,000727.poscar,unary-Ta/Ta-00242-0.poscar,/home/tuzhengyu/work/WTaTi/Ta-potential/fcc-restart/05-rss-round-1/rss/minimized/unary-Ta/Ta-00242-0.poscar,Ta-potential/fcc-restart/05-rss-round-1/rss/raw/unary-Ta/Ta-00242.poscar,a1159b02e84ab8fc99e86707c97cf09f964555eaffad3d647a690b3dcefba66b,a1159b02e84ab8fc99e86707c97cf09f964555eaffad3d647a690b3dcefba66b
rss-n18-p0bar,Ta-potential/fcc-restart/05-rss-round-1/rss-selection/source-frames/rss-n18-p0bar.xyz,40,18,0.0,0,243,000730.poscar,unary-Ta/Ta-00243-0.poscar,/home/tuzhengyu/work/WTaTi/Ta-potential/fcc-restart/05-rss-round-1/rss/minimized/unary-Ta/Ta-00243-0.poscar,Ta-potential/fcc-restart/05-rss-round-1/rss/raw/unary-Ta/Ta-00243.poscar,cf656d21a998509292d0e947d4f78fd58adbe5c0ed979ee895c6a7b585d31c1b,cf656d21a998509292d0e947d4f78fd58adbe5c0ed979ee895c6a7b585d31c1b
rss-n18-p0bar,Ta-potential/fcc-restart/05-rss-round-1/rss-selection/source-frames/rss-n18-p0bar.xyz,41,18,0.0,0,244,000733.poscar,unary-Ta/Ta-00244-0.poscar,/home/tuzhengyu/work/WTaTi/Ta-potential/fcc-restart/05-rss-round-1/rss/minimized/unary-Ta/Ta-00244-0.poscar,Ta-potential/fcc-restart/05-rss-round-1/rss/raw/unary-Ta/Ta-00244.poscar,7ac067686095899d3851ca3214af379655bd84dbc3d8ee320131a481e30e9a7f,7ac067686095899d3851ca3214af379655bd84dbc3d8ee320131a481e30e9a7f
rss-n18-p0bar,Ta-potential/fcc-restart/05-rss-round-1/rss-selection/source-frames/rss-n18-p0bar.xyz,42,18,0.0,0,245,000736.poscar,unary-Ta/Ta-00245-0.poscar,/home/tuzhengyu/work/WTaTi/Ta-potential/fcc-restart/05-rss-round-1/rss/minimized/unary-Ta/Ta-00245-0.poscar,Ta-potential/fcc-restart/05-rss-round-1/rss/raw/unary-Ta/Ta-00245.poscar,5bac1cf6ee023ef7091aa3c6bf5f5c31d347b300c69e4b266bc12a7b5b232876,5bac1cf6ee023ef7091aa3c6bf5f5c31d347b300c69e4b266bc12a7b5b232876
rss-n18-p0bar,Ta-potential/fcc-restart/05-rss-round-1/rss-selection/source-frames/rss-n18-p0bar.xyz,43,18,0.0,0,246,000739.poscar,unary-Ta/Ta-00246-0.poscar,/home/tuzhengyu/work/WTaTi/Ta-potential/fcc-restart/05-rss-round-1/rss/minimized/unary-Ta/Ta-00246-0.poscar,Ta-potential/fcc-restart/05-rss-round-1/rss/raw/unary-Ta/Ta-00246.poscar,4562fead854d7b2c25fb45b9474e54e664c588c660747e252c61acee620e9b11,4562fead854d7b2c25fb45b9474e54e664c588c660747e252c61acee620e9b11
rss-n18-p0bar,Ta-potential/fcc-restart/05-rss-round-1/rss-selection/source-frames/rss-n18-p0bar.xyz,44,18,0.0,0,247,000742.poscar,unary-Ta/Ta-00247-0.poscar,/home/tuzhengyu/work/WTaTi/Ta-potential/fcc-restart/05-rss-round-1/rss/minimized/unary-Ta/Ta-00247-0.poscar,Ta-potential/fcc-restart/05-rss-round-1/rss/raw/unary-Ta/Ta-00247.poscar,e9b3d3c9403f06daa734b7cac33259a5e7cf7b3ac48b30619bb7e2cd30222ebc,e9b3d3c9403f06daa734b7cac33259a5e7cf7b3ac48b30619bb7e2cd30222ebc
rss-n18-p0bar,Ta-potential/fcc-restart/05-rss-round-1/rss-selection/source-frames/rss-n18-p0bar.xyz,45,18,0.0,0,248,000745.poscar,unary-Ta/Ta-00248-0.poscar,/home/tuzhengyu/work/WTaTi/Ta-potential/fcc-restart/05-rss-round-1/rss/minimized/unary-Ta/Ta-00248-0.poscar,Ta-potential/fcc-restart/05-rss-round-1/rss/raw/unary-Ta/Ta-00248.poscar,447d5a9ab2ede65e37d688f6799f202f2ee549e73ff67fc42b80a93f95982cee,447d5a9ab2ede65e37d688f6799f202f2ee549e73ff67fc42b80a93f95982cee
rss-n18-p0bar,Ta-potential/fcc-restart/05-rss-round-1/rss-selection/source-frames/rss-n18-p0bar.xyz,46,18,0.0,0,249,000748.poscar,unary-Ta/Ta-00249-0.poscar,/home/tuzhengyu/work/WTaTi/Ta-potential/fcc-restart/05-rss-round-1/rss/minimized/unary-Ta/Ta-00249-0.poscar,Ta-potential/fcc-restart/05-rss-round-1/rss/raw/unary-Ta/Ta-00249.poscar,f0abadbd5ec776d6ab3951846477e84822552d508af54c7d9b7566321c01df5c,f0abadbd5ec776d6ab3951846477e84822552d508af54c7d9b7566321c01df5c
rss-n18-p200000bar,Ta-potential/fcc-restart/05-rss-round-1/rss-selection/source-frames/rss-n18-p200000bar.xyz,0,18,200000.0,1,200,000602.poscar,unary-Ta/Ta-00200-1.poscar,/home/tuzhengyu/work/WTaTi/Ta-potential/fcc-restart/05-rss-round-1/rss/minimized/unary-Ta/Ta-00200-1.poscar,Ta-potential/fcc-restart/05-rss-round-1/rss/raw/unary-Ta/Ta-00200.poscar,ea8e376a7c3463cd534504ef95e038fd8ac910419aa02b1a61dfa634f7e333fe,ea8e376a7c3463cd534504ef95e038fd8ac910419aa02b1a61dfa634f7e333fe
rss-n18-p200000bar,Ta-potential/fcc-restart/05-rss-round-1/rss-selection/source-frames/rss-n18-p200000bar.xyz,1,18,200000.0,1,201,000605.poscar,unary-Ta/Ta-00201-1.poscar,/home/tuzhengyu/work/WTaTi/Ta-potential/fcc-restart/05-rss-round-1/rss/minimized/unary-Ta/Ta-00201-1.poscar,Ta-potential/fcc-restart/05-rss-round-1/rss/raw/unary-Ta/Ta-00201.poscar,b0d964a1df7acb117540805931adbe10c57d8b5dd9505f4e874870164760b3c9,b0d964a1df7acb117540805931adbe10c57d8b5dd9505f4e874870164760b3c9
rss-n18-p200000bar,Ta-potential/fcc-restart/05-rss-round-1/rss-selection/source-frames/rss-n18-p200000bar.xyz,2,18,200000.0,1,202,000608.poscar,unary-Ta/Ta-00202-1.poscar,/home/tuzhengyu/work/WTaTi/Ta-potential/fcc-restart/05-rss-round-1/rss/minimized/unary-Ta/Ta-00202-1.poscar,Ta-potential/fcc-restart/05-rss-round-1/rss/raw/unary-Ta/Ta-00202.poscar,0e0fc80617becb2484db59b041fd57433a22e471e26b88b6714d885590330770,0e0fc80617becb2484db59b041fd57433a22e471e26b88b6714d885590330770
rss-n18-p200000bar,Ta-potential/fcc-restart/05-rss-round-1/rss-selection/source-frames/rss-n18-p200000bar.xyz,3,18,200000.0,1,203,000611.poscar,unary-Ta/Ta-00203-1.poscar,/home/tuzhengyu/work/WTaTi/Ta-potential/fcc-restart/05-rss-round-1/rss/minimized/unary-Ta/Ta-00203-1.poscar,Ta-potential/fcc-restart/05-rss-round-1/rss/raw/unary-Ta/Ta-00203.poscar,34218f7577b1851b3e367650c492f8ec27aff878ce766f5cfb6cb2c154a13591,34218f7577b1851b3e367650c492f8ec27aff878ce766f5cfb6cb2c154a13591
rss-n18-p200000bar,Ta-potential/fcc-restart/05-rss-round-1/rss-selection/source-frames/rss-n18-p200000bar.xyz,4,18,200000.0,1,205,000617.poscar,unary-Ta/Ta-00205-1.poscar,/home/tuzhengyu/work/WTaTi/Ta-potential/fcc-restart/05-rss-round-1/rss/minimized/unary-Ta/Ta-00205-1.poscar,Ta-potential/fcc-restart/05-rss-round-1/rss/raw/unary-Ta/Ta-00205.poscar,7c4330d6a44707c26de287085eb580d08a35daf4a3bc4ed1018024fae5110585,7c4330d6a44707c26de287085eb580d08a35daf4a3bc4ed1018024fae5110585
rss-n18-p200000bar,Ta-potential/fcc-restart/05-rss-round-1/rss-selection/source-frames/rss-n18-p200000bar.xyz,5,18,200000.0,1,207,000623.poscar,unary-Ta/Ta-00207-1.poscar,/home/tuzhengyu/work/WTaTi/Ta-potential/fcc-restart/05-rss-round-1/rss/minimized/unary-Ta/Ta-00207-1.poscar,Ta-potential/fcc-restart/05-rss-round-1/rss/raw/unary-Ta/Ta-00207.poscar,930a5106976168cdd858941d53e98828feef8304cbd3e7a2df3a3869be6a157c,930a5106976168cdd858941d53e98828feef8304cbd3e7a2df3a3869be6a157c
rss-n18-p200000bar,Ta-potential/fcc-restart/05-rss-round-1/rss-selection/source-frames/rss-n18-p200000bar.xyz,6,18,200000.0,1,208,000626.poscar,unary-Ta/Ta-00208-1.poscar,/home/tuzhengyu/work/WTaTi/Ta-potential/fcc-restart/05-rss-round-1/rss/minimized/unary-Ta/Ta-00208-1.poscar,Ta-potential/fcc-restart/05-rss-round-1/rss/raw/unary-Ta/Ta-00208.poscar,8f08a78f137ef12f5f76bdb4ac2583efe2f114fd0e0eaaf3ad80ca6a08f5f6ff,8f08a78f137ef12f5f76bdb4ac2583efe2f114fd0e0eaaf3ad80ca6a08f5f6ff
rss-n18-p200000bar,Ta-potential/fcc-restart/05-rss-round-1/rss-selection/source-frames/rss-n18-p200000bar.xyz,7,18,200000.0,1,209,000629.poscar,unary-Ta/Ta-00209-1.poscar,/home/tuzhengyu/work/WTaTi/Ta-potential/fcc-restart/05-rss-round-1/rss/minimized/unary-Ta/Ta-00209-1.poscar,Ta-potential/fcc-restart/05-rss-round-1/rss/raw/unary-Ta/Ta-00209.poscar,7bd7b26674dd96e43bf6d0de3661bc675f7502791459e7791c9a92e0e107f6c6,7bd7b26674dd96e43bf6d0de3661bc675f7502791459e7791c9a92e0e107f6c6
rss-n18-p200000bar,Ta-potential/fcc-restart/05-rss-round-1/rss-selection/source-frames/rss-n18-p200000bar.xyz,8,18,200000.0,1,210,000632.poscar,unary-Ta/Ta-00210-1.poscar,/home/tuzhengyu/work/WTaTi/Ta-potential/fcc-restart/05-rss-round-1/rss/minimized/unary-Ta/Ta-00210-1.poscar,Ta-potential/fcc-restart/05-rss-round-1/rss/raw/unary-Ta/Ta-00210.poscar,5fe19cafacd7e678e8b6d25b94da10e01aea072b71c71f31578eb6e3768795a7,5fe19cafacd7e678e8b6d25b94da10e01aea072b71c71f31578eb6e3768795a7
rss-n18-p200000bar,Ta-potential/fcc-restart/05-rss-round-1/rss-selection/source-frames/rss-n18-p200000bar.xyz,9,18,200000.0,1,211,000635.poscar,unary-Ta/Ta-00211-1.poscar,/home/tuzhengyu/work/WTaTi/Ta-potential/fcc-restart/05-rss-round-1/rss/minimized/unary-Ta/Ta-00211-1.poscar,Ta-potential/fcc-restart/05-rss-round-1/rss/raw/unary-Ta/Ta-00211.poscar,daf1f7b3ae143917b061279b038c57a5207777407da8f8e3c9e4bf89c61bdc44,daf1f7b3ae143917b061279b038c57a5207777407da8f8e3c9e4bf89c61bdc44
rss-n18-p200000bar,Ta-potential/fcc-restart/05-rss-round-1/rss-selection/source-frames/rss-n18-p200000bar.xyz,10,18,200000.0,1,212,000638.poscar,unary-Ta/Ta-00212-1.poscar,/home/tuzhengyu/work/WTaTi/Ta-potential/fcc-restart/05-rss-round-1/rss/minimized/unary-Ta/Ta-00212-1.poscar,Ta-potential/fcc-restart/05-rss-round-1/rss/raw/unary-Ta/Ta-00212.poscar,dac2d5e11082b8edd76dc0931c41f6325ddda2571ef8334d4546dd0727116c5f,dac2d5e11082b8edd76dc0931c41f6325ddda2571ef8334d4546dd0727116c5f
rss-n18-p200000bar,Ta-potential/fcc-restart/05-rss-round-1/rss-selection/source-frames/rss-n18-p200000bar.xyz,11,18,200000.0,1,213,000641.poscar,unary-Ta/Ta-00213-1.poscar,/home/tuzhengyu/work/WTaTi/Ta-potential/fcc-restart/05-rss-round-1/rss/minimized/unary-Ta/Ta-00213-1.poscar,Ta-potential/fcc-restart/05-rss-round-1/rss/raw/unary-Ta/Ta-00213.poscar,900396d42b50ae6b33153f7cbbcbb2c988e5bde28a3ea77c0de2f4239ead5b69,900396d42b50ae6b33153f7cbbcbb2c988e5bde28a3ea77c0de2f4239ead5b69
rss-n18-p200000bar,Ta-potential/fcc-restart/05-rss-round-1/rss-selection/source-frames/rss-n18-p200000bar.xyz,12,18,200000.0,1,214,000644.poscar,unary-Ta/Ta-00214-1.poscar,/home/tuzhengyu/work/WTaTi/Ta-potential/fcc-restart/05-rss-round-1/rss/minimized/unary-Ta/Ta-00214-1.poscar,Ta-potential/fcc-restart/05-rss-round-1/rss/raw/unary-Ta/Ta-00214.poscar,e0092fb857fef71898edb3119e950c518d8a9c450f6953646935bd10cba271ff,e0092fb857fef71898edb3119e950c518d8a9c450f6953646935bd10cba271ff
rss-n18-p200000bar,Ta-potential/fcc-restart/05-rss-round-1/rss-selection/source-frames/rss-n18-p200000bar.xyz,13,18,200000.0,1,215,000647.poscar,unary-Ta/Ta-00215-1.poscar,/home/tuzhengyu/work/WTaTi/Ta-potential/fcc-restart/05-rss-round-1/rss/minimized/unary-Ta/Ta-00215-1.poscar,Ta-potential/fcc-restart/05-rss-round-1/rss/raw/unary-Ta/Ta-00215.poscar,0a84dd02b970dcc2024f6e5dac5afd70c7f7d389a873de7c73486c8c23f2d2bb,0a84dd02b970dcc2024f6e5dac5afd70c7f7d389a873de7c73486c8c23f2d2bb
rss-n18-p200000bar,Ta-potential/fcc-restart/05-rss-round-1/rss-selection/source-frames/rss-n18-p200000bar.xyz,14,18,200000.0,1,216,000650.poscar,unary-Ta/Ta-00216-1.poscar,/home/tuzhengyu/work/WTaTi/Ta-potential/fcc-restart/05-rss-round-1/rss/minimized/unary-Ta/Ta-00216-1.poscar,Ta-potential/fcc-restart/05-rss-round-1/rss/raw/unary-Ta/Ta-00216.poscar,82a8c2203bd4e7a7e7b0d3666bad52071c8aee827161b196e25e275ee9302b5c,82a8c2203bd4e7a7e7b0d3666bad52071c8aee827161b196e25e275ee9302b5c
rss-n18-p200000bar,Ta-potential/fcc-restart/05-rss-round-1/rss-selection/source-frames/rss-n18-p200000bar.xyz,15,18,200000.0,1,217,000653.poscar,unary-Ta/Ta-00217-1.poscar,/home/tuzhengyu/work/WTaTi/Ta-potential/fcc-restart/05-rss-round-1/rss/minimized/unary-Ta/Ta-00217-1.poscar,Ta-potential/fcc-restart/05-rss-round-1/rss/raw/unary-Ta/Ta-00217.poscar,13c3e56a21920fc5f07f483f2f025686db150175bc9eae203b61e05b7e1fa77b,13c3e56a21920fc5f07f483f2f025686db150175bc9eae203b61e05b7e1fa77b
rss-n18-p200000bar,Ta-potential/fcc-restart/05-rss-round-1/rss-selection/source-frames/rss-n18-p200000bar.xyz,16,18,200000.0,1,218,000656.poscar,unary-Ta/Ta-00218-1.poscar,/home/tuzhengyu/work/WTaTi/Ta-potential/fcc-restart/05-rss-round-1/rss/minimized/unary-Ta/Ta-00218-1.poscar,Ta-potential/fcc-restart/05-rss-round-1/rss/raw/unary-Ta/Ta-00218.poscar,044f441533d6dc4d8cb34f626672666bcf8431acf9c10267804bc4de6170f712,044f441533d6dc4d8cb34f626672666bcf8431acf9c10267804bc4de6170f712
rss-n18-p200000bar,Ta-potential/fcc-restart/05-rss-round-1/rss-selection/source-frames/rss-n18-p200000bar.xyz,17,18,200000.0,1,219,000659.poscar,unary-Ta/Ta-00219-1.poscar,/home/tuzhengyu/work/WTaTi/Ta-potential/fcc-restart/05-rss-round-1/rss/minimized/unary-Ta/Ta-00219-1.poscar,Ta-potential/fcc-restart/05-rss-round-1/rss/raw/unary-Ta/Ta-00219.poscar,223b962a9d10e50270a360622d9cc2fd079f1af29079abf08ba5b3a34d11a203,223b962a9d10e50270a360622d9cc2fd079f1af29079abf08ba5b3a34d11a203
rss-n18-p200000bar,Ta-potential/fcc-restart/05-rss-round-1/rss-selection/source-frames/rss-n18-p200000bar.xyz,18,18,200000.0,1,220,000662.poscar,unary-Ta/Ta-00220-1.poscar,/home/tuzhengyu/work/WTaTi/Ta-potential/fcc-restart/05-rss-round-1/rss/minimized/unary-Ta/Ta-00220-1.poscar,Ta-potential/fcc-restart/05-rss-round-1/rss/raw/unary-Ta/Ta-00220.poscar,30e1cc8861bf691be06517f1a9712e3d42e7dee01c427b5b36fdc88ec6aaa9a5,30e1cc8861bf691be06517f1a9712e3d42e7dee01c427b5b36fdc88ec6aaa9a5
rss-n18-p200000bar,Ta-potential/fcc-restart/05-rss-round-1/rss-selection/source-frames/rss-n18-p200000bar.xyz,19,18,200000.0,1,221,000665.poscar,unary-Ta/Ta-00221-1.poscar,/home/tuzhengyu/work/WTaTi/Ta-potential/fcc-restart/05-rss-round-1/rss/minimized/unary-Ta/Ta-00221-1.poscar,Ta-potential/fcc-restart/05-rss-round-1/rss/raw/unary-Ta/Ta-00221.poscar,f124da59d5c47b6f24d65618467fc5872f4d0257ddf6731f5f91a7608392e194,f124da59d5c47b6f24d65618467fc5872f4d0257ddf6731f5f91a7608392e194
rss-n18-p200000bar,Ta-potential/fcc-restart/05-rss-round-1/rss-selection/source-frames/rss-n18-p200000bar.xyz,20,18,200000.0,1,223,000671.poscar,unary-Ta/Ta-00223-1.poscar,/home/tuzhengyu/work/WTaTi/Ta-potential/fcc-restart/05-rss-round-1/rss/minimized/unary-Ta/Ta-00223-1.poscar,Ta-potential/fcc-restart/05-rss-round-1/rss/raw/unary-Ta/Ta-00223.poscar,49b2908077e2d78e967dcb0520b13f4867d341fbcef612189a8f6920647797f9,49b2908077e2d78e967dcb0520b13f4867d341fbcef612189a8f6920647797f9
rss-n18-p200000bar,Ta-potential/fcc-restart/05-rss-round-1/rss-selection/source-frames/rss-n18-p200000bar.xyz,21,18,200000.0,1,225,000677.poscar,unary-Ta/Ta-00225-1.poscar,/home/tuzhengyu/work/WTaTi/Ta-potential/fcc-restart/05-rss-round-1/rss/minimized/unary-Ta/Ta-00225-1.poscar,Ta-potential/fcc-restart/05-rss-round-1/rss/raw/unary-Ta/Ta-00225.poscar,ef8fbd601af5098f64c52fc0eee8304a88fac5cf7669d6031141f9bc21533ab2,ef8fbd601af5098f64c52fc0eee8304a88fac5cf7669d6031141f9bc21533ab2
rss-n18-p200000bar,Ta-potential/fcc-restart/05-rss-round-1/rss-selection/source-frames/rss-n18-p200000bar.xyz,22,18,200000.0,1,226,000680.poscar,unary-Ta/Ta-00226-1.poscar,/home/tuzhengyu/work/WTaTi/Ta-potential/fcc-restart/05-rss-round-1/rss/minimized/unary-Ta/Ta-00226-1.poscar,Ta-potential/fcc-restart/05-rss-round-1/rss/raw/unary-Ta/Ta-00226.poscar,5c61ad118f0b1c392a8a830f20f279afb850406226aa91a4074b2fb300890ae6,5c61ad118f0b1c392a8a830f20f279afb850406226aa91a4074b2fb300890ae6
rss-n18-p200000bar,Ta-potential/fcc-restart/05-rss-round-1/rss-selection/source-frames/rss-n18-p200000bar.xyz,23,18,200000.0,1,227,000683.poscar,unary-Ta/Ta-00227-1.poscar,/home/tuzhengyu/work/WTaTi/Ta-potential/fcc-restart/05-rss-round-1/rss/minimized/unary-Ta/Ta-00227-1.poscar,Ta-potential/fcc-restart/05-rss-round-1/rss/raw/unary-Ta/Ta-00227.poscar,b3978653fec88946e5a3da0bdd2ed4a0fa3e092ffb3f1b05ab6643d765c5fc4a,b3978653fec88946e5a3da0bdd2ed4a0fa3e092ffb3f1b05ab6643d765c5fc4a
rss-n18-p200000bar,Ta-potential/fcc-restart/05-rss-round-1/rss-selection/source-frames/rss-n18-p200000bar.xyz,24,18,200000.0,1,228,000686.poscar,unary-Ta/Ta-00228-1.poscar,/home/tuzhengyu/work/WTaTi/Ta-potential/fcc-restart/05-rss-round-1/rss/minimized/unary-Ta/Ta-00228-1.poscar,Ta-potential/fcc-restart/05-rss-round-1/rss/raw/unary-Ta/Ta-00228.poscar,616e74268b66ae6ab1304edb4350c04065dd15018f07280748304cc8427d4203,616e74268b66ae6ab1304edb4350c04065dd15018f07280748304cc8427d4203
rss-n18-p200000bar,Ta-potential/fcc-restart/05-rss-round-1/rss-selection/source-frames/rss-n18-p200000bar.xyz,25,18,200000.0,1,229,000689.poscar,unary-Ta/Ta-00229-1.poscar,/home/tuzhengyu/work/WTaTi/Ta-potential/fcc-restart/05-rss-round-1/rss/minimized/unary-Ta/Ta-00229-1.poscar,Ta-potential/fcc-restart/05-rss-round-1/rss/raw/unary-Ta/Ta-00229.poscar,b4d894c6ec3526f915bdf4892ba00b61d45e3848f264660856cd59d5bf4201fa,b4d894c6ec3526f915bdf4892ba00b61d45e3848f264660856cd59d5bf4201fa
rss-n18-p200000bar,Ta-potential/fcc-restart/05-rss-round-1/rss-selection/source-frames/rss-n18-p200000bar.xyz,26,18,200000.0,1,230,000692.poscar,unary-Ta/Ta-00230-1.poscar,/home/tuzhengyu/work/WTaTi/Ta-potential/fcc-restart/05-rss-round-1/rss/minimized/unary-Ta/Ta-00230-1.poscar,Ta-potential/fcc-restart/05-rss-round-1/rss/raw/unary-Ta/Ta-00230.poscar,d6e7e17f84f94e8415dccfe8578eff9c57772c80599ffc91ad56f7c64bdf2d2e,d6e7e17f84f94e8415dccfe8578eff9c57772c80599ffc91ad56f7c64bdf2d2e
rss-n18-p200000bar,Ta-potential/fcc-restart/05-rss-round-1/rss-selection/source-frames/rss-n18-p200000bar.xyz,27,18,200000.0,1,231,000695.poscar,unary-Ta/Ta-00231-1.poscar,/home/tuzhengyu/work/WTaTi/Ta-potential/fcc-restart/05-rss-round-1/rss/minimized/unary-Ta/Ta-00231-1.poscar,Ta-potential/fcc-restart/05-rss-round-1/rss/raw/unary-Ta/Ta-00231.poscar,f58b3c134a59223802e4f25ef6ceeb56d2ea0fa8e8eac737ff034d33a392b79a,f58b3c134a59223802e4f25ef6ceeb56d2ea0fa8e8eac737ff034d33a392b79a
rss-n18-p200000bar,Ta-potential/fcc-restart/05-rss-round-1/rss-selection/source-frames/rss-n18-p200000bar.xyz,28,18,200000.0,1,232,000698.poscar,unary-Ta/Ta-00232-1.poscar,/home/tuzhengyu/work/WTaTi/Ta-potential/fcc-restart/05-rss-round-1/rss/minimized/unary-Ta/Ta-00232-1.poscar,Ta-potential/fcc-restart/05-rss-round-1/rss/raw/unary-Ta/Ta-00232.poscar,b91a17b8e4851dfcf19a7b169369634a6ef1122a9454ade3280cea10b4ae9866,b91a17b8e4851dfcf19a7b169369634a6ef1122a9454ade3280cea10b4ae9866
rss-n18-p200000bar,Ta-potential/fcc-restart/05-rss-round-1/rss-selection/source-frames/rss-n18-p200000bar.xyz,29,18,200000.0,1,233,000701.poscar,unary-Ta/Ta-00233-1.poscar,/home/tuzhengyu/work/WTaTi/Ta-potential/fcc-restart/05-rss-round-1/rss/minimized/unary-Ta/Ta-00233-1.poscar,Ta-potential/fcc-restart/05-rss-round-1/rss/raw/unary-Ta/Ta-00233.poscar,387ad53566051fe5c2a565edc448a254dc8685d83447148e6d5db3be289368a9,387ad53566051fe5c2a565edc448a254dc8685d83447148e6d5db3be289368a9
rss-n18-p200000bar,Ta-potential/fcc-restart/05-rss-round-1/rss-selection/source-frames/rss-n18-p200000bar.xyz,30,18,200000.0,1,234,000704.poscar,unary-Ta/Ta-00234-1.poscar,/home/tuzhengyu/work/WTaTi/Ta-potential/fcc-restart/05-rss-round-1/rss/minimized/unary-Ta/Ta-00234-1.poscar,Ta-potential/fcc-restart/05-rss-round-1/rss/raw/unary-Ta/Ta-00234.poscar,a855299b35a5cb21ab06fe23ce429531ac51ab365bfd8e3cb65d86b32483148a,a855299b35a5cb21ab06fe23ce429531ac51ab365bfd8e3cb65d86b32483148a
rss-n18-p200000bar,Ta-potential/fcc-restart/05-rss-round-1/rss-selection/source-frames/rss-n18-p200000bar.xyz,31,18,200000.0,1,235,000707.poscar,unary-Ta/Ta-00235-1.poscar,/home/tuzhengyu/work/WTaTi/Ta-potential/fcc-restart/05-rss-round-1/rss/minimized/unary-Ta/Ta-00235-1.poscar,Ta-potential/fcc-restart/05-rss-round-1/rss/raw/unary-Ta/Ta-00235.poscar,32a842c406d24c3f1070a1ff6fee9c6f35c4f7ee8778f53076c8f6d2bc195c71,32a842c406d24c3f1070a1ff6fee9c6f35c4f7ee8778f53076c8f6d2bc195c71
rss-n18-p200000bar,Ta-potential/fcc-restart/05-rss-round-1/rss-selection/source-frames/rss-n18-p200000bar.xyz,32,18,200000.0,1,236,000710.poscar,unary-Ta/Ta-00236-1.poscar,/home/tuzhengyu/work/WTaTi/Ta-potential/fcc-restart/05-rss-round-1/rss/minimized/unary-Ta/Ta-00236-1.poscar,Ta-potential/fcc-restart/05-rss-round-1/rss/raw/unary-Ta/Ta-00236.poscar,c382b7e122d2f91b0fed0e39bfd7d3531b8385b3a00dcef3b2b57b0f3bd22582,c382b7e122d2f91b0fed0e39bfd7d3531b8385b3a00dcef3b2b57b0f3bd22582
rss-n18-p200000bar,Ta-potential/fcc-restart/05-rss-round-1/rss-selection/source-frames/rss-n18-p200000bar.xyz,33,18,200000.0,1,237,000713.poscar,unary-Ta/Ta-00237-1.poscar,/home/tuzhengyu/work/WTaTi/Ta-potential/fcc-restart/05-rss-round-1/rss/minimized/unary-Ta/Ta-00237-1.poscar,Ta-potential/fcc-restart/05-rss-round-1/rss/raw/unary-Ta/Ta-00237.poscar,2b1a28842d104ac2756c0cc1eceeadac9e802974d67c7a8ba506250a9a30e7a7,2b1a28842d104ac2756c0cc1eceeadac9e802974d67c7a8ba506250a9a30e7a7
rss-n18-p200000bar,Ta-potential/fcc-restart/05-rss-round-1/rss-selection/source-frames/rss-n18-p200000bar.xyz,34,18,200000.0,1,238,000716.poscar,unary-Ta/Ta-00238-1.poscar,/home/tuzhengyu/work/WTaTi/Ta-potential/fcc-restart/05-rss-round-1/rss/minimized/unary-Ta/Ta-00238-1.poscar,Ta-potential/fcc-restart/05-rss-round-1/rss/raw/unary-Ta/Ta-00238.poscar,5d2d5a25f6e867123f4df22e2b7f65893f2c1f81dff93a20a6a1878b35c653dc,5d2d5a25f6e867123f4df22e2b7f65893f2c1f81dff93a20a6a1878b35c653dc
rss-n18-p200000bar,Ta-potential/fcc-restart/05-rss-round-1/rss-selection/source-frames/rss-n18-p200000bar.xyz,35,18,200000.0,1,239,000719.poscar,unary-Ta/Ta-00239-1.poscar,/home/tuzhengyu/work/WTaTi/Ta-potential/fcc-restart/05-rss-round-1/rss/minimized/unary-Ta/Ta-00239-1.poscar,Ta-potential/fcc-restart/05-rss-round-1/rss/raw/unary-Ta/Ta-00239.poscar,99d8249b74f956bed7420d0a475154444f9f0b0714ec29e66f08cffe50f61f30,99d8249b74f956bed7420d0a475154444f9f0b0714ec29e66f08cffe50f61f30
rss-n18-p200000bar,Ta-potential/fcc-restart/05-rss-round-1/rss-selection/source-frames/rss-n18-p200000bar.xyz,36,18,200000.0,1,240,000722.poscar,unary-Ta/Ta-00240-1.poscar,/home/tuzhengyu/work/WTaTi/Ta-potential/fcc-restart/05-rss-round-1/rss/minimized/unary-Ta/Ta-00240-1.poscar,Ta-potential/fcc-restart/05-rss-round-1/rss/raw/unary-Ta/Ta-00240.poscar,53835e3047d68b77e639f10620c80510b677ba41869329dbe3a72f86316165b6,53835e3047d68b77e639f10620c80510b677ba41869329dbe3a72f86316165b6
rss-n18-p200000bar,Ta-potential/fcc-restart/05-rss-round-1/rss-selection/source-frames/rss-n18-p200000bar.xyz,37,18,200000.0,1,241,000725.poscar,unary-Ta/Ta-00241-1.poscar,/home/tuzhengyu/work/WTaTi/Ta-potential/fcc-restart/05-rss-round-1/rss/minimized/unary-Ta/Ta-00241-1.poscar,Ta-potential/fcc-restart/05-rss-round-1/rss/raw/unary-Ta/Ta-00241.poscar,da0842b07009c09766c749968399de0d6677e1044378ed63ad4cc46e9b3dcdac,da0842b07009c09766c749968399de0d6677e1044378ed63ad4cc46e9b3dcdac
rss-n18-p200000bar,Ta-potential/fcc-restart/05-rss-round-1/rss-selection/source-frames/rss-n18-p200000bar.xyz,38,18,200000.0,1,242,000728.poscar,unary-Ta/Ta-00242-1.poscar,/home/tuzhengyu/work/WTaTi/Ta-potential/fcc-restart/05-rss-round-1/rss/minimized/unary-Ta/Ta-00242-1.poscar,Ta-potential/fcc-restart/05-rss-round-1/rss/raw/unary-Ta/Ta-00242.poscar,aa628843c2bd696b4a80a58c1a14d06a48f2d6e397278833ac860d7ea4d81aa7,aa628843c2bd696b4a80a58c1a14d06a48f2d6e397278833ac860d7ea4d81aa7
rss-n18-p200000bar,Ta-potential/fcc-restart/05-rss-round-1/rss-selection/source-frames/rss-n18-p200000bar.xyz,39,18,200000.0,1,243,000731.poscar,unary-Ta/Ta-00243-1.poscar,/home/tuzhengyu/work/WTaTi/Ta-potential/fcc-restart/05-rss-round-1/rss/minimized/unary-Ta/Ta-00243-1.poscar,Ta-potential/fcc-restart/05-rss-round-1/rss/raw/unary-Ta/Ta-00243.poscar,5b7890ff2ee2f5a8efb09db38f3cb213320729a792edcf15fc71e6a8da761d17,5b7890ff2ee2f5a8efb09db38f3cb213320729a792edcf15fc71e6a8da761d17
rss-n18-p200000bar,Ta-potential/fcc-restart/05-rss-round-1/rss-selection/source-frames/rss-n18-p200000bar.xyz,40,18,200000.0,1,244,000734.poscar,unary-Ta/Ta-00244-1.poscar,/home/tuzhengyu/work/WTaTi/Ta-potential/fcc-restart/05-rss-round-1/rss/minimized/unary-Ta/Ta-00244-1.poscar,Ta-potential/fcc-restart/05-rss-round-1/rss/raw/unary-Ta/Ta-00244.poscar,56d09fd4576ece8af13ad7d31fd224f1775cc16a7dda3161473bb9720f9f53ca,56d09fd4576ece8af13ad7d31fd224f1775cc16a7dda3161473bb9720f9f53ca
rss-n18-p200000bar,Ta-potential/fcc-restart/05-rss-round-1/rss-selection/source-frames/rss-n18-p200000bar.xyz,41,18,200000.0,1,245,000737.poscar,unary-Ta/Ta-00245-1.poscar,/home/tuzhengyu/work/WTaTi/Ta-potential/fcc-restart/05-rss-round-1/rss/minimized/unary-Ta/Ta-00245-1.poscar,Ta-potential/fcc-restart/05-rss-round-1/rss/raw/unary-Ta/Ta-00245.poscar,1da2442606e835971393fe438dee5602e54a960ae0b62ed6e46f6ffb584e9f90,1da2442606e835971393fe438dee5602e54a960ae0b62ed6e46f6ffb584e9f90
rss-n18-p200000bar,Ta-potential/fcc-restart/05-rss-round-1/rss-selection/source-frames/rss-n18-p200000bar.xyz,42,18,200000.0,1,246,000740.poscar,unary-Ta/Ta-00246-1.poscar,/home/tuzhengyu/work/WTaTi/Ta-potential/fcc-restart/05-rss-round-1/rss/minimized/unary-Ta/Ta-00246-1.poscar,Ta-potential/fcc-restart/05-rss-round-1/rss/raw/unary-Ta/Ta-00246.poscar,eed0ac31f62398817a0914e82d7446daaa473a0ef2146a112b7ca95ef27eec7f,eed0ac31f62398817a0914e82d7446daaa473a0ef2146a112b7ca95ef27eec7f
rss-n18-p200000bar,Ta-potential/fcc-restart/05-rss-round-1/rss-selection/source-frames/rss-n18-p200000bar.xyz,43,18,200000.0,1,247,000743.poscar,unary-Ta/Ta-00247-1.poscar,/home/tuzhengyu/work/WTaTi/Ta-potential/fcc-restart/05-rss-round-1/rss/minimized/unary-Ta/Ta-00247-1.poscar,Ta-potential/fcc-restart/05-rss-round-1/rss/raw/unary-Ta/Ta-00247.poscar,f27dcfcfe3a5f8ca8cfa6bac6aae84abc11a966a2236b31c204c775367bdbe77,f27dcfcfe3a5f8ca8cfa6bac6aae84abc11a966a2236b31c204c775367bdbe77
rss-n18-p200000bar,Ta-potential/fcc-restart/05-rss-round-1/rss-selection/source-frames/rss-n18-p200000bar.xyz,44,18,200000.0,1,248,000746.poscar,unary-Ta/Ta-00248-1.poscar,/home/tuzhengyu/work/WTaTi/Ta-potential/fcc-restart/05-rss-round-1/rss/minimized/unary-Ta/Ta-00248-1.poscar,Ta-potential/fcc-restart/05-rss-round-1/rss/raw/unary-Ta/Ta-00248.poscar,d0bb13bdf03fe7e1129a97026e24c7fd6360ad4eb8c0817bbc91246fa516f6e3,d0bb13bdf03fe7e1129a97026e24c7fd6360ad4eb8c0817bbc91246fa516f6e3
rss-n18-p200000bar,Ta-potential/fcc-restart/05-rss-round-1/rss-selection/source-frames/rss-n18-p200000bar.xyz,45,18,200000.0,1,249,000749.poscar,unary-Ta/Ta-00249-1.poscar,/home/tuzhengyu/work/WTaTi/Ta-potential/fcc-restart/05-rss-round-1/rss/minimized/unary-Ta/Ta-00249-1.poscar,Ta-potential/fcc-restart/05-rss-round-1/rss/raw/unary-Ta/Ta-00249.poscar,b7393873fb18f181ee82e31121ed693395a1382d92b94a36ede336444fe42a53,b7393873fb18f181ee82e31121ed693395a1382d92b94a36ede336444fe42a53
rss-n18-p400000bar,Ta-potential/fcc-restart/05-rss-round-1/rss-selection/source-frames/rss-n18-p400000bar.xyz,0,18,400000.0,2,200,000603.poscar,unary-Ta/Ta-00200-2.poscar,/home/tuzhengyu/work/WTaTi/Ta-potential/fcc-restart/05-rss-round-1/rss/minimized/unary-Ta/Ta-00200-2.poscar,Ta-potential/fcc-restart/05-rss-round-1/rss/raw/unary-Ta/Ta-00200.poscar,01a082399aa36588b1716f9c82953805f2c7e81802ed3358df43a223d82f53f5,01a082399aa36588b1716f9c82953805f2c7e81802ed3358df43a223d82f53f5
rss-n18-p400000bar,Ta-potential/fcc-restart/05-rss-round-1/rss-selection/source-frames/rss-n18-p400000bar.xyz,1,18,400000.0,2,201,000606.poscar,unary-Ta/Ta-00201-2.poscar,/home/tuzhengyu/work/WTaTi/Ta-potential/fcc-restart/05-rss-round-1/rss/minimized/unary-Ta/Ta-00201-2.poscar,Ta-potential/fcc-restart/05-rss-round-1/rss/raw/unary-Ta/Ta-00201.poscar,fddb9d8bae164a1c01643d5ca475d886463cf7c2865261438c72c66fa4336032,fddb9d8bae164a1c01643d5ca475d886463cf7c2865261438c72c66fa4336032
rss-n18-p400000bar,Ta-potential/fcc-restart/05-rss-round-1/rss-selection/source-frames/rss-n18-p400000bar.xyz,2,18,400000.0,2,202,000609.poscar,unary-Ta/Ta-00202-2.poscar,/home/tuzhengyu/work/WTaTi/Ta-potential/fcc-restart/05-rss-round-1/rss/minimized/unary-Ta/Ta-00202-2.poscar,Ta-potential/fcc-restart/05-rss-round-1/rss/raw/unary-Ta/Ta-00202.poscar,ed69cc3f8965c5f9adc086027951afbd63e3766433e594b41a6fc6dc46e19e63,ed69cc3f8965c5f9adc086027951afbd63e3766433e594b41a6fc6dc46e19e63
rss-n18-p400000bar,Ta-potential/fcc-restart/05-rss-round-1/rss-selection/source-frames/rss-n18-p400000bar.xyz,3,18,400000.0,2,203,000612.poscar,unary-Ta/Ta-00203-2.poscar,/home/tuzhengyu/work/WTaTi/Ta-potential/fcc-restart/05-rss-round-1/rss/minimized/unary-Ta/Ta-00203-2.poscar,Ta-potential/fcc-restart/05-rss-round-1/rss/raw/unary-Ta/Ta-00203.poscar,bb12a2c74f82a68bc97f5fa7e80299430427208c6e060a575e4c4b509b2ef978,bb12a2c74f82a68bc97f5fa7e80299430427208c6e060a575e4c4b509b2ef978
rss-n18-p400000bar,Ta-potential/fcc-restart/05-rss-round-1/rss-selection/source-frames/rss-n18-p400000bar.xyz,4,18,400000.0,2,205,000618.poscar,unary-Ta/Ta-00205-2.poscar,/home/tuzhengyu/work/WTaTi/Ta-potential/fcc-restart/05-rss-round-1/rss/minimized/unary-Ta/Ta-00205-2.poscar,Ta-potential/fcc-restart/05-rss-round-1/rss/raw/unary-Ta/Ta-00205.poscar,f75f098f14e95f14653c6b080664a7885d14605a382d12f252cda5ba0d2addb7,f75f098f14e95f14653c6b080664a7885d14605a382d12f252cda5ba0d2addb7
rss-n18-p400000bar,Ta-potential/fcc-restart/05-rss-round-1/rss-selection/source-frames/rss-n18-p400000bar.xyz,5,18,400000.0,2,207,000624.poscar,unary-Ta/Ta-00207-2.poscar,/home/tuzhengyu/work/WTaTi/Ta-potential/fcc-restart/05-rss-round-1/rss/minimized/unary-Ta/Ta-00207-2.poscar,Ta-potential/fcc-restart/05-rss-round-1/rss/raw/unary-Ta/Ta-00207.poscar,561f1f56f286eda56d7fd8950cd0d77b7a7af1515d24d3c792c8be1a6a7b6d8d,561f1f56f286eda56d7fd8950cd0d77b7a7af1515d24d3c792c8be1a6a7b6d8d
rss-n18-p400000bar,Ta-potential/fcc-restart/05-rss-round-1/rss-selection/source-frames/rss-n18-p400000bar.xyz,6,18,400000.0,2,208,000627.poscar,unary-Ta/Ta-00208-2.poscar,/home/tuzhengyu/work/WTaTi/Ta-potential/fcc-restart/05-rss-round-1/rss/minimized/unary-Ta/Ta-00208-2.poscar,Ta-potential/fcc-restart/05-rss-round-1/rss/raw/unary-Ta/Ta-00208.poscar,d7bebe613d49b8af1f90af2303442ed9812804709e796f92927212ac23f3c742,d7bebe613d49b8af1f90af2303442ed9812804709e796f92927212ac23f3c742
rss-n18-p400000bar,Ta-potential/fcc-restart/05-rss-round-1/rss-selection/source-frames/rss-n18-p400000bar.xyz,7,18,400000.0,2,209,000630.poscar,unary-Ta/Ta-00209-2.poscar,/home/tuzhengyu/work/WTaTi/Ta-potential/fcc-restart/05-rss-round-1/rss/minimized/unary-Ta/Ta-00209-2.poscar,Ta-potential/fcc-restart/05-rss-round-1/rss/raw/unary-Ta/Ta-00209.poscar,f17cb23e5df702b1f82ed48c4fbf5fa601dc650bddfda3e0752c92534f778d3e,f17cb23e5df702b1f82ed48c4fbf5fa601dc650bddfda3e0752c92534f778d3e
rss-n18-p400000bar,Ta-potential/fcc-restart/05-rss-round-1/rss-selection/source-frames/rss-n18-p400000bar.xyz,8,18,400000.0,2,210,000633.poscar,unary-Ta/Ta-00210-2.poscar,/home/tuzhengyu/work/WTaTi/Ta-potential/fcc-restart/05-rss-round-1/rss/minimized/unary-Ta/Ta-00210-2.poscar,Ta-potential/fcc-restart/05-rss-round-1/rss/raw/unary-Ta/Ta-00210.poscar,45c42beb7e4620a0a85175ad3cbfaa42840efbb52f5d3874f2ed77e632fc9b17,45c42beb7e4620a0a85175ad3cbfaa42840efbb52f5d3874f2ed77e632fc9b17
rss-n18-p400000bar,Ta-potential/fcc-restart/05-rss-round-1/rss-selection/source-frames/rss-n18-p400000bar.xyz,9,18,400000.0,2,211,000636.poscar,unary-Ta/Ta-00211-2.poscar,/home/tuzhengyu/work/WTaTi/Ta-potential/fcc-restart/05-rss-round-1/rss/minimized/unary-Ta/Ta-00211-2.poscar,Ta-potential/fcc-restart/05-rss-round-1/rss/raw/unary-Ta/Ta-00211.poscar,6376c24e9db82d1f9954c29f46e3eed88190a8c5f6e31506701c9b1c699dd53c,6376c24e9db82d1f9954c29f46e3eed88190a8c5f6e31506701c9b1c699dd53c
rss-n18-p400000bar,Ta-potential/fcc-restart/05-rss-round-1/rss-selection/source-frames/rss-n18-p400000bar.xyz,10,18,400000.0,2,212,000639.poscar,unary-Ta/Ta-00212-2.poscar,/home/tuzhengyu/work/WTaTi/Ta-potential/fcc-restart/05-rss-round-1/rss/minimized/unary-Ta/Ta-00212-2.poscar,Ta-potential/fcc-restart/05-rss-round-1/rss/raw/unary-Ta/Ta-00212.poscar,c8f8212382af85b1e24a50ae406171d5b026557b1634ed39b077e90dddb6927b,c8f8212382af85b1e24a50ae406171d5b026557b1634ed39b077e90dddb6927b
rss-n18-p400000bar,Ta-potential/fcc-restart/05-rss-round-1/rss-selection/source-frames/rss-n18-p400000bar.xyz,11,18,400000.0,2,213,000642.poscar,unary-Ta/Ta-00213-2.poscar,/home/tuzhengyu/work/WTaTi/Ta-potential/fcc-restart/05-rss-round-1/rss/minimized/unary-Ta/Ta-00213-2.poscar,Ta-potential/fcc-restart/05-rss-round-1/rss/raw/unary-Ta/Ta-00213.poscar,12fb9155a71ccdcd1e237a3bdde955aa4b0d4af145a44676cf678c010d0fb52b,12fb9155a71ccdcd1e237a3bdde955aa4b0d4af145a44676cf678c010d0fb52b
rss-n18-p400000bar,Ta-potential/fcc-restart/05-rss-round-1/rss-selection/source-frames/rss-n18-p400000bar.xyz,12,18,400000.0,2,214,000645.poscar,unary-Ta/Ta-00214-2.poscar,/home/tuzhengyu/work/WTaTi/Ta-potential/fcc-restart/05-rss-round-1/rss/minimized/unary-Ta/Ta-00214-2.poscar,Ta-potential/fcc-restart/05-rss-round-1/rss/raw/unary-Ta/Ta-00214.poscar,9d37ca7e6b50e6fa76139d17f3f520e7ac8929fa0810422cb07367c1b6c8ddc6,9d37ca7e6b50e6fa76139d17f3f520e7ac8929fa0810422cb07367c1b6c8ddc6
rss-n18-p400000bar,Ta-potential/fcc-restart/05-rss-round-1/rss-selection/source-frames/rss-n18-p400000bar.xyz,13,18,400000.0,2,215,000648.poscar,unary-Ta/Ta-00215-2.poscar,/home/tuzhengyu/work/WTaTi/Ta-potential/fcc-restart/05-rss-round-1/rss/minimized/unary-Ta/Ta-00215-2.poscar,Ta-potential/fcc-restart/05-rss-round-1/rss/raw/unary-Ta/Ta-00215.poscar,4f46def2f1110264750dc44e16c96d9c836b0f9976faa81e236319407d6ebfba,4f46def2f1110264750dc44e16c96d9c836b0f9976faa81e236319407d6ebfba
rss-n18-p400000bar,Ta-potential/fcc-restart/05-rss-round-1/rss-selection/source-frames/rss-n18-p400000bar.xyz,14,18,400000.0,2,216,000651.poscar,unary-Ta/Ta-00216-2.poscar,/home/tuzhengyu/work/WTaTi/Ta-potential/fcc-restart/05-rss-round-1/rss/minimized/unary-Ta/Ta-00216-2.poscar,Ta-potential/fcc-restart/05-rss-round-1/rss/raw/unary-Ta/Ta-00216.poscar,831020ee0569c918c97052d56a8588d49550e24dce20f29e87689dcd5245616c,831020ee0569c918c97052d56a8588d49550e24dce20f29e87689dcd5245616c
rss-n18-p400000bar,Ta-potential/fcc-restart/05-rss-round-1/rss-selection/source-frames/rss-n18-p400000bar.xyz,15,18,400000.0,2,217,000654.poscar,unary-Ta/Ta-00217-2.poscar,/home/tuzhengyu/work/WTaTi/Ta-potential/fcc-restart/05-rss-round-1/rss/minimized/unary-Ta/Ta-00217-2.poscar,Ta-potential/fcc-restart/05-rss-round-1/rss/raw/unary-Ta/Ta-00217.poscar,aeb99d26ed067edf1393b98ffcf46cf4fe128b538b04aae044c1821599150e6c,aeb99d26ed067edf1393b98ffcf46cf4fe128b538b04aae044c1821599150e6c
rss-n18-p400000bar,Ta-potential/fcc-restart/05-rss-round-1/rss-selection/source-frames/rss-n18-p400000bar.xyz,16,18,400000.0,2,219,000660.poscar,unary-Ta/Ta-00219-2.poscar,/home/tuzhengyu/work/WTaTi/Ta-potential/fcc-restart/05-rss-round-1/rss/minimized/unary-Ta/Ta-00219-2.poscar,Ta-potential/fcc-restart/05-rss-round-1/rss/raw/unary-Ta/Ta-00219.poscar,a675432204cd9b2988ade20bca81d1f0283b78afc672f2bce1d2a677d1cf0b26,a675432204cd9b2988ade20bca81d1f0283b78afc672f2bce1d2a677d1cf0b26
rss-n18-p400000bar,Ta-potential/fcc-restart/05-rss-round-1/rss-selection/source-frames/rss-n18-p400000bar.xyz,17,18,400000.0,2,220,000663.poscar,unary-Ta/Ta-00220-2.poscar,/home/tuzhengyu/work/WTaTi/Ta-potential/fcc-restart/05-rss-round-1/rss/minimized/unary-Ta/Ta-00220-2.poscar,Ta-potential/fcc-restart/05-rss-round-1/rss/raw/unary-Ta/Ta-00220.poscar,ba7682647caf65cc07d99c67051b2f665393a1662302d7d5e6219a755769b256,ba7682647caf65cc07d99c67051b2f665393a1662302d7d5e6219a755769b256
rss-n18-p400000bar,Ta-potential/fcc-restart/05-rss-round-1/rss-selection/source-frames/rss-n18-p400000bar.xyz,18,18,400000.0,2,221,000666.poscar,unary-Ta/Ta-00221-2.poscar,/home/tuzhengyu/work/WTaTi/Ta-potential/fcc-restart/05-rss-round-1/rss/minimized/unary-Ta/Ta-00221-2.poscar,Ta-potential/fcc-restart/05-rss-round-1/rss/raw/unary-Ta/Ta-00221.poscar,cd99a30eded8adaf94e1ee64e80d0fd3988aa7bf1126d6c5c7e3dc951dab93b9,cd99a30eded8adaf94e1ee64e80d0fd3988aa7bf1126d6c5c7e3dc951dab93b9
rss-n18-p400000bar,Ta-potential/fcc-restart/05-rss-round-1/rss-selection/source-frames/rss-n18-p400000bar.xyz,19,18,400000.0,2,223,000672.poscar,unary-Ta/Ta-00223-2.poscar,/home/tuzhengyu/work/WTaTi/Ta-potential/fcc-restart/05-rss-round-1/rss/minimized/unary-Ta/Ta-00223-2.poscar,Ta-potential/fcc-restart/05-rss-round-1/rss/raw/unary-Ta/Ta-00223.poscar,f68f1a5a8f703aaf42a3f67dea648a211dd8db2e803f535c931d0b719b5ea8c7,f68f1a5a8f703aaf42a3f67dea648a211dd8db2e803f535c931d0b719b5ea8c7
rss-n18-p400000bar,Ta-potential/fcc-restart/05-rss-round-1/rss-selection/source-frames/rss-n18-p400000bar.xyz,20,18,400000.0,2,225,000678.poscar,unary-Ta/Ta-00225-2.poscar,/home/tuzhengyu/work/WTaTi/Ta-potential/fcc-restart/05-rss-round-1/rss/minimized/unary-Ta/Ta-00225-2.poscar,Ta-potential/fcc-restart/05-rss-round-1/rss/raw/unary-Ta/Ta-00225.poscar,46da9540d82055d4ce5b4276dec1a57f9c3148eb35d7967df79184501e9a9dee,46da9540d82055d4ce5b4276dec1a57f9c3148eb35d7967df79184501e9a9dee
rss-n18-p400000bar,Ta-potential/fcc-restart/05-rss-round-1/rss-selection/source-frames/rss-n18-p400000bar.xyz,21,18,400000.0,2,226,000681.poscar,unary-Ta/Ta-00226-2.poscar,/home/tuzhengyu/work/WTaTi/Ta-potential/fcc-restart/05-rss-round-1/rss/minimized/unary-Ta/Ta-00226-2.poscar,Ta-potential/fcc-restart/05-rss-round-1/rss/raw/unary-Ta/Ta-00226.poscar,1693b70d02da56266b627d66d091f506594ca5702beeda4749ad4ec87df88243,1693b70d02da56266b627d66d091f506594ca5702beeda4749ad4ec87df88243
rss-n18-p400000bar,Ta-potential/fcc-restart/05-rss-round-1/rss-selection/source-frames/rss-n18-p400000bar.xyz,22,18,400000.0,2,227,000684.poscar,unary-Ta/Ta-00227-2.poscar,/home/tuzhengyu/work/WTaTi/Ta-potential/fcc-restart/05-rss-round-1/rss/minimized/unary-Ta/Ta-00227-2.poscar,Ta-potential/fcc-restart/05-rss-round-1/rss/raw/unary-Ta/Ta-00227.poscar,74beab1fa9e2f75b116817c534b0d868242e6f9c9f78d0a3d54db012491ab761,74beab1fa9e2f75b116817c534b0d868242e6f9c9f78d0a3d54db012491ab761
rss-n18-p400000bar,Ta-potential/fcc-restart/05-rss-round-1/rss-selection/source-frames/rss-n18-p400000bar.xyz,23,18,400000.0,2,228,000687.poscar,unary-Ta/Ta-00228-2.poscar,/home/tuzhengyu/work/WTaTi/Ta-potential/fcc-restart/05-rss-round-1/rss/minimized/unary-Ta/Ta-00228-2.poscar,Ta-potential/fcc-restart/05-rss-round-1/rss/raw/unary-Ta/Ta-00228.poscar,f87e15eab9d8b2791c0cd96798f3fae4c7fa79247ea410edab4b6a948aff35ad,f87e15eab9d8b2791c0cd96798f3fae4c7fa79247ea410edab4b6a948aff35ad
rss-n18-p400000bar,Ta-potential/fcc-restart/05-rss-round-1/rss-selection/source-frames/rss-n18-p400000bar.xyz,24,18,400000.0,2,229,000690.poscar,unary-Ta/Ta-00229-2.poscar,/home/tuzhengyu/work/WTaTi/Ta-potential/fcc-restart/05-rss-round-1/rss/minimized/unary-Ta/Ta-00229-2.poscar,Ta-potential/fcc-restart/05-rss-round-1/rss/raw/unary-Ta/Ta-00229.poscar,cefe17f286d7f02f09381be3eb0d70d586864cd72f08cb63265829603f9721f6,cefe17f286d7f02f09381be3eb0d70d586864cd72f08cb63265829603f9721f6
rss-n18-p400000bar,Ta-potential/fcc-restart/05-rss-round-1/rss-selection/source-frames/rss-n18-p400000bar.xyz,25,18,400000.0,2,230,000693.poscar,unary-Ta/Ta-00230-2.poscar,/home/tuzhengyu/work/WTaTi/Ta-potential/fcc-restart/05-rss-round-1/rss/minimized/unary-Ta/Ta-00230-2.poscar,Ta-potential/fcc-restart/05-rss-round-1/rss/raw/unary-Ta/Ta-00230.poscar,b083a142a8895e988606d3001a29ec7de86bef3cf3da72913a25508c939d583d,b083a142a8895e988606d3001a29ec7de86bef3cf3da72913a25508c939d583d
rss-n18-p400000bar,Ta-potential/fcc-restart/05-rss-round-1/rss-selection/source-frames/rss-n18-p400000bar.xyz,26,18,400000.0,2,231,000696.poscar,unary-Ta/Ta-00231-2.poscar,/home/tuzhengyu/work/WTaTi/Ta-potential/fcc-restart/05-rss-round-1/rss/minimized/unary-Ta/Ta-00231-2.poscar,Ta-potential/fcc-restart/05-rss-round-1/rss/raw/unary-Ta/Ta-00231.poscar,1c2ba08b6ac48787840999209b30eaf46bc916dc0470f44faa00cf1991611168,1c2ba08b6ac48787840999209b30eaf46bc916dc0470f44faa00cf1991611168
rss-n18-p400000bar,Ta-potential/fcc-restart/05-rss-round-1/rss-selection/source-frames/rss-n18-p400000bar.xyz,27,18,400000.0,2,232,000699.poscar,unary-Ta/Ta-00232-2.poscar,/home/tuzhengyu/work/WTaTi/Ta-potential/fcc-restart/05-rss-round-1/rss/minimized/unary-Ta/Ta-00232-2.poscar,Ta-potential/fcc-restart/05-rss-round-1/rss/raw/unary-Ta/Ta-00232.poscar,144caa594a2ea09905763951c4cee52455647582bada627dbb7ff56b59c7a339,144caa594a2ea09905763951c4cee52455647582bada627dbb7ff56b59c7a339
rss-n18-p400000bar,Ta-potential/fcc-restart/05-rss-round-1/rss-selection/source-frames/rss-n18-p400000bar.xyz,28,18,400000.0,2,233,000702.poscar,unary-Ta/Ta-00233-2.poscar,/home/tuzhengyu/work/WTaTi/Ta-potential/fcc-restart/05-rss-round-1/rss/minimized/unary-Ta/Ta-00233-2.poscar,Ta-potential/fcc-restart/05-rss-round-1/rss/raw/unary-Ta/Ta-00233.poscar,e572513d100b96bf916a5087bde36ce44865716b3582e50cddbca27df00c1dee,e572513d100b96bf916a5087bde36ce44865716b3582e50cddbca27df00c1dee
rss-n18-p400000bar,Ta-potential/fcc-restart/05-rss-round-1/rss-selection/source-frames/rss-n18-p400000bar.xyz,29,18,400000.0,2,234,000705.poscar,unary-Ta/Ta-00234-2.poscar,/home/tuzhengyu/work/WTaTi/Ta-potential/fcc-restart/05-rss-round-1/rss/minimized/unary-Ta/Ta-00234-2.poscar,Ta-potential/fcc-restart/05-rss-round-1/rss/raw/unary-Ta/Ta-00234.poscar,ac9b8f152fbec8df9348864ea4e3246fd5104ee7d4ae779ea5589447a0014eb9,ac9b8f152fbec8df9348864ea4e3246fd5104ee7d4ae779ea5589447a0014eb9
rss-n18-p400000bar,Ta-potential/fcc-restart/05-rss-round-1/rss-selection/source-frames/rss-n18-p400000bar.xyz,30,18,400000.0,2,235,000708.poscar,unary-Ta/Ta-00235-2.poscar,/home/tuzhengyu/work/WTaTi/Ta-potential/fcc-restart/05-rss-round-1/rss/minimized/unary-Ta/Ta-00235-2.poscar,Ta-potential/fcc-restart/05-rss-round-1/rss/raw/unary-Ta/Ta-00235.poscar,eae848b85733638fac266bc806943ca62b10fffe8c847f830ed6e55898a11d14,eae848b85733638fac266bc806943ca62b10fffe8c847f830ed6e55898a11d14
rss-n18-p400000bar,Ta-potential/fcc-restart/05-rss-round-1/rss-selection/source-frames/rss-n18-p400000bar.xyz,31,18,400000.0,2,236,000711.poscar,unary-Ta/Ta-00236-2.poscar,/home/tuzhengyu/work/WTaTi/Ta-potential/fcc-restart/05-rss-round-1/rss/minimized/unary-Ta/Ta-00236-2.poscar,Ta-potential/fcc-restart/05-rss-round-1/rss/raw/unary-Ta/Ta-00236.poscar,dd69d61b065d8e1dc57797c166d008e78a6f1a1dd6c8531bb8daaacf53eb7eb5,dd69d61b065d8e1dc57797c166d008e78a6f1a1dd6c8531bb8daaacf53eb7eb5
rss-n18-p400000bar,Ta-potential/fcc-restart/05-rss-round-1/rss-selection/source-frames/rss-n18-p400000bar.xyz,32,18,400000.0,2,237,000714.poscar,unary-Ta/Ta-00237-2.poscar,/home/tuzhengyu/work/WTaTi/Ta-potential/fcc-restart/05-rss-round-1/rss/minimized/unary-Ta/Ta-00237-2.poscar,Ta-potential/fcc-restart/05-rss-round-1/rss/raw/unary-Ta/Ta-00237.poscar,9a5e078b1572d3943f95aa505c3b4651ac202bbd7c9ef548cd16326f3f318428,9a5e078b1572d3943f95aa505c3b4651ac202bbd7c9ef548cd16326f3f318428
rss-n18-p400000bar,Ta-potential/fcc-restart/05-rss-round-1/rss-selection/source-frames/rss-n18-p400000bar.xyz,33,18,400000.0,2,238,000717.poscar,unary-Ta/Ta-00238-2.poscar,/home/tuzhengyu/work/WTaTi/Ta-potential/fcc-restart/05-rss-round-1/rss/minimized/unary-Ta/Ta-00238-2.poscar,Ta-potential/fcc-restart/05-rss-round-1/rss/raw/unary-Ta/Ta-00238.poscar,c1398396d02634404bc6bfc15ec649f953b08d4d397054773910e9c5551e3f4c,c1398396d02634404bc6bfc15ec649f953b08d4d397054773910e9c5551e3f4c
rss-n18-p400000bar,Ta-potential/fcc-restart/05-rss-round-1/rss-selection/source-frames/rss-n18-p400000bar.xyz,34,18,400000.0,2,240,000723.poscar,unary-Ta/Ta-00240-2.poscar,/home/tuzhengyu/work/WTaTi/Ta-potential/fcc-restart/05-rss-round-1/rss/minimized/unary-Ta/Ta-00240-2.poscar,Ta-potential/fcc-restart/05-rss-round-1/rss/raw/unary-Ta/Ta-00240.poscar,4adce5900ca49fc14b5975b8cc2cd16a969f7da5f9c6b6f318630d761f09ec05,4adce5900ca49fc14b5975b8cc2cd16a969f7da5f9c6b6f318630d761f09ec05
rss-n18-p400000bar,Ta-potential/fcc-restart/05-rss-round-1/rss-selection/source-frames/rss-n18-p400000bar.xyz,35,18,400000.0,2,241,000726.poscar,unary-Ta/Ta-00241-2.poscar,/home/tuzhengyu/work/WTaTi/Ta-potential/fcc-restart/05-rss-round-1/rss/minimized/unary-Ta/Ta-00241-2.poscar,Ta-potential/fcc-restart/05-rss-round-1/rss/raw/unary-Ta/Ta-00241.poscar,998ac4e15a2ab1ffb6e33d148bde7cb247571e75bb9ab2757cf9a31b31041767,998ac4e15a2ab1ffb6e33d148bde7cb247571e75bb9ab2757cf9a31b31041767
rss-n18-p400000bar,Ta-potential/fcc-restart/05-rss-round-1/rss-selection/source-frames/rss-n18-p400000bar.xyz,36,18,400000.0,2,242,000729.poscar,unary-Ta/Ta-00242-2.poscar,/home/tuzhengyu/work/WTaTi/Ta-potential/fcc-restart/05-rss-round-1/rss/minimized/unary-Ta/Ta-00242-2.poscar,Ta-potential/fcc-restart/05-rss-round-1/rss/raw/unary-Ta/Ta-00242.poscar,f1fef11a08788c8972ad204625073bc23c3b6fc29279652226812dc8cbc58db1,f1fef11a08788c8972ad204625073bc23c3b6fc29279652226812dc8cbc58db1
rss-n18-p400000bar,Ta-potential/fcc-restart/05-rss-round-1/rss-selection/source-frames/rss-n18-p400000bar.xyz,37,18,400000.0,2,243,000732.poscar,unary-Ta/Ta-00243-2.poscar,/home/tuzhengyu/work/WTaTi/Ta-potential/fcc-restart/05-rss-round-1/rss/minimized/unary-Ta/Ta-00243-2.poscar,Ta-potential/fcc-restart/05-rss-round-1/rss/raw/unary-Ta/Ta-00243.poscar,f5b322eadc43de2ec189ce3ef133e450462e653288dbf436fe51b17a973eb859,f5b322eadc43de2ec189ce3ef133e450462e653288dbf436fe51b17a973eb859
rss-n18-p400000bar,Ta-potential/fcc-restart/05-rss-round-1/rss-selection/source-frames/rss-n18-p400000bar.xyz,38,18,400000.0,2,244,000735.poscar,unary-Ta/Ta-00244-2.poscar,/home/tuzhengyu/work/WTaTi/Ta-potential/fcc-restart/05-rss-round-1/rss/minimized/unary-Ta/Ta-00244-2.poscar,Ta-potential/fcc-restart/05-rss-round-1/rss/raw/unary-Ta/Ta-00244.poscar,f3a2b4438ae393dbc62a26948203dddfac0127a2676a8faf0803890fcad96402,f3a2b4438ae393dbc62a26948203dddfac0127a2676a8faf0803890fcad96402
rss-n18-p400000bar,Ta-potential/fcc-restart/05-rss-round-1/rss-selection/source-frames/rss-n18-p400000bar.xyz,39,18,400000.0,2,245,000738.poscar,unary-Ta/Ta-00245-2.poscar,/home/tuzhengyu/work/WTaTi/Ta-potential/fcc-restart/05-rss-round-1/rss/minimized/unary-Ta/Ta-00245-2.poscar,Ta-potential/fcc-restart/05-rss-round-1/rss/raw/unary-Ta/Ta-00245.poscar,6bc7da9c53387e7256637003589267c240bf1faac94c977980b4238fc17f7357,6bc7da9c53387e7256637003589267c240bf1faac94c977980b4238fc17f7357
rss-n18-p400000bar,Ta-potential/fcc-restart/05-rss-round-1/rss-selection/source-frames/rss-n18-p400000bar.xyz,40,18,400000.0,2,246,000741.poscar,unary-Ta/Ta-00246-2.poscar,/home/tuzhengyu/work/WTaTi/Ta-potential/fcc-restart/05-rss-round-1/rss/minimized/unary-Ta/Ta-00246-2.poscar,Ta-potential/fcc-restart/05-rss-round-1/rss/raw/unary-Ta/Ta-00246.poscar,187fab21217cb64a5c9d37b1920ee6646d1bf527a72129fdb0a74399066f8a5e,187fab21217cb64a5c9d37b1920ee6646d1bf527a72129fdb0a74399066f8a5e
rss-n18-p400000bar,Ta-potential/fcc-restart/05-rss-round-1/rss-selection/source-frames/rss-n18-p400000bar.xyz,41,18,400000.0,2,247,000744.poscar,unary-Ta/Ta-00247-2.poscar,/home/tuzhengyu/work/WTaTi/Ta-potential/fcc-restart/05-rss-round-1/rss/minimized/unary-Ta/Ta-00247-2.poscar,Ta-potential/fcc-restart/05-rss-round-1/rss/raw/unary-Ta/Ta-00247.poscar,1613a9d3312e18b9209a59e95722cafc08ec5d2ecc718cbb0b95b3bfbf536723,1613a9d3312e18b9209a59e95722cafc08ec5d2ecc718cbb0b95b3bfbf536723
rss-n18-p400000bar,Ta-potential/fcc-restart/05-rss-round-1/rss-selection/source-frames/rss-n18-p400000bar.xyz,42,18,400000.0,2,248,000747.poscar,unary-Ta/Ta-00248-2.poscar,/home/tuzhengyu/work/WTaTi/Ta-potential/fcc-restart/05-rss-round-1/rss/minimized/unary-Ta/Ta-00248-2.poscar,Ta-potential/fcc-restart/05-rss-round-1/rss/raw/unary-Ta/Ta-00248.poscar,34abe849baa4c5b47067bf8efc255895b05928f79a6d3fbeef3bdd30cd34ca9b,34abe849baa4c5b47067bf8efc255895b05928f79a6d3fbeef3bdd30cd34ca9b
rss-n18-p400000bar,Ta-potential/fcc-restart/05-rss-round-1/rss-selection/source-frames/rss-n18-p400000bar.xyz,43,18,400000.0,2,249,000750.poscar,unary-Ta/Ta-00249-2.poscar,/home/tuzhengyu/work/WTaTi/Ta-potential/fcc-restart/05-rss-round-1/rss/minimized/unary-Ta/Ta-00249-2.poscar,Ta-potential/fcc-restart/05-rss-round-1/rss/raw/unary-Ta/Ta-00249.poscar,eec47030fbe3626e95f9421cf8e836489a8423d5463aa427a4d8f7c81aa1433b,eec47030fbe3626e95f9421cf8e836489a8423d5463aa427a4d8f7c81aa1433b
rss-n20-p0bar,Ta-potential/fcc-restart/05-rss-round-1/rss-selection/source-frames/rss-n20-p0bar.xyz,0,20,0.0,0,250,000751.poscar,unary-Ta/Ta-00250-0.poscar,/home/tuzhengyu/work/WTaTi/Ta-potential/fcc-restart/05-rss-round-1/rss/minimized/unary-Ta/Ta-00250-0.poscar,Ta-potential/fcc-restart/05-rss-round-1/rss/raw/unary-Ta/Ta-00250.poscar,f098be76f6051e4e94cb7cd198f066b3510dae0654bd1e2070f31786a7296911,f098be76f6051e4e94cb7cd198f066b3510dae0654bd1e2070f31786a7296911
rss-n20-p0bar,Ta-potential/fcc-restart/05-rss-round-1/rss-selection/source-frames/rss-n20-p0bar.xyz,1,20,0.0,0,251,000754.poscar,unary-Ta/Ta-00251-0.poscar,/home/tuzhengyu/work/WTaTi/Ta-potential/fcc-restart/05-rss-round-1/rss/minimized/unary-Ta/Ta-00251-0.poscar,Ta-potential/fcc-restart/05-rss-round-1/rss/raw/unary-Ta/Ta-00251.poscar,e926a057774f38b562838a7c77f9d9c28a9900d9f204ffb9a6f3899988607c51,e926a057774f38b562838a7c77f9d9c28a9900d9f204ffb9a6f3899988607c51
rss-n20-p0bar,Ta-potential/fcc-restart/05-rss-round-1/rss-selection/source-frames/rss-n20-p0bar.xyz,2,20,0.0,0,252,000757.poscar,unary-Ta/Ta-00252-0.poscar,/home/tuzhengyu/work/WTaTi/Ta-potential/fcc-restart/05-rss-round-1/rss/minimized/unary-Ta/Ta-00252-0.poscar,Ta-potential/fcc-restart/05-rss-round-1/rss/raw/unary-Ta/Ta-00252.poscar,5412d34ac38fee1463dfbf0286ad26528d4dcd38ed936bb17600eb3eb99b7463,5412d34ac38fee1463dfbf0286ad26528d4dcd38ed936bb17600eb3eb99b7463
rss-n20-p0bar,Ta-potential/fcc-restart/05-rss-round-1/rss-selection/source-frames/rss-n20-p0bar.xyz,3,20,0.0,0,254,000763.poscar,unary-Ta/Ta-00254-0.poscar,/home/tuzhengyu/work/WTaTi/Ta-potential/fcc-restart/05-rss-round-1/rss/minimized/unary-Ta/Ta-00254-0.poscar,Ta-potential/fcc-restart/05-rss-round-1/rss/raw/unary-Ta/Ta-00254.poscar,810fc52b337ab5336fce829e80edf02b74ec0057d856c47476e30c657964ace6,810fc52b337ab5336fce829e80edf02b74ec0057d856c47476e30c657964ace6
rss-n20-p0bar,Ta-potential/fcc-restart/05-rss-round-1/rss-selection/source-frames/rss-n20-p0bar.xyz,4,20,0.0,0,255,000766.poscar,unary-Ta/Ta-00255-0.poscar,/home/tuzhengyu/work/WTaTi/Ta-potential/fcc-restart/05-rss-round-1/rss/minimized/unary-Ta/Ta-00255-0.poscar,Ta-potential/fcc-restart/05-rss-round-1/rss/raw/unary-Ta/Ta-00255.poscar,aa48f0770444eb6feaf3cb478fa59d33ee4f78412af5b00ba030c6d4de8a8268,aa48f0770444eb6feaf3cb478fa59d33ee4f78412af5b00ba030c6d4de8a8268
rss-n20-p0bar,Ta-potential/fcc-restart/05-rss-round-1/rss-selection/source-frames/rss-n20-p0bar.xyz,5,20,0.0,0,256,000769.poscar,unary-Ta/Ta-00256-0.poscar,/home/tuzhengyu/work/WTaTi/Ta-potential/fcc-restart/05-rss-round-1/rss/minimized/unary-Ta/Ta-00256-0.poscar,Ta-potential/fcc-restart/05-rss-round-1/rss/raw/unary-Ta/Ta-00256.poscar,3321fdbb12d7b532a4bc62e6b79d26a91dab407dea03ffdd87c87102d2accfc7,3321fdbb12d7b532a4bc62e6b79d26a91dab407dea03ffdd87c87102d2accfc7
rss-n20-p0bar,Ta-potential/fcc-restart/05-rss-round-1/rss-selection/source-frames/rss-n20-p0bar.xyz,6,20,0.0,0,257,000772.poscar,unary-Ta/Ta-00257-0.poscar,/home/tuzhengyu/work/WTaTi/Ta-potential/fcc-restart/05-rss-round-1/rss/minimized/unary-Ta/Ta-00257-0.poscar,Ta-potential/fcc-restart/05-rss-round-1/rss/raw/unary-Ta/Ta-00257.poscar,e60908425e7ab87aa4ab76cba6b732ee4af3df456d1b3adb5eb134dc70d7b4da,e60908425e7ab87aa4ab76cba6b732ee4af3df456d1b3adb5eb134dc70d7b4da
rss-n20-p0bar,Ta-potential/fcc-restart/05-rss-round-1/rss-selection/source-frames/rss-n20-p0bar.xyz,7,20,0.0,0,258,000775.poscar,unary-Ta/Ta-00258-0.poscar,/home/tuzhengyu/work/WTaTi/Ta-potential/fcc-restart/05-rss-round-1/rss/minimized/unary-Ta/Ta-00258-0.poscar,Ta-potential/fcc-restart/05-rss-round-1/rss/raw/unary-Ta/Ta-00258.poscar,36fd38a505564fc252e051a4b648108e3614f1f4109faddecb7e8509064969e0,36fd38a505564fc252e051a4b648108e3614f1f4109faddecb7e8509064969e0
rss-n20-p0bar,Ta-potential/fcc-restart/05-rss-round-1/rss-selection/source-frames/rss-n20-p0bar.xyz,8,20,0.0,0,259,000778.poscar,unary-Ta/Ta-00259-0.poscar,/home/tuzhengyu/work/WTaTi/Ta-potential/fcc-restart/05-rss-round-1/rss/minimized/unary-Ta/Ta-00259-0.poscar,Ta-potential/fcc-restart/05-rss-round-1/rss/raw/unary-Ta/Ta-00259.poscar,6d4f804faaa2f85b054f97808aa2cefdcaa1bd4a860ca8e1ad833876143579a0,6d4f804faaa2f85b054f97808aa2cefdcaa1bd4a860ca8e1ad833876143579a0
rss-n20-p0bar,Ta-potential/fcc-restart/05-rss-round-1/rss-selection/source-frames/rss-n20-p0bar.xyz,9,20,0.0,0,261,000784.poscar,unary-Ta/Ta-00261-0.poscar,/home/tuzhengyu/work/WTaTi/Ta-potential/fcc-restart/05-rss-round-1/rss/minimized/unary-Ta/Ta-00261-0.poscar,Ta-potential/fcc-restart/05-rss-round-1/rss/raw/unary-Ta/Ta-00261.poscar,557ef4b0b0dc6bfce5d3fdb075edfe1783b7a12820c549a796fa2a550f0d7f2e,557ef4b0b0dc6bfce5d3fdb075edfe1783b7a12820c549a796fa2a550f0d7f2e
rss-n20-p0bar,Ta-potential/fcc-restart/05-rss-round-1/rss-selection/source-frames/rss-n20-p0bar.xyz,10,20,0.0,0,262,000787.poscar,unary-Ta/Ta-00262-0.poscar,/home/tuzhengyu/work/WTaTi/Ta-potential/fcc-restart/05-rss-round-1/rss/minimized/unary-Ta/Ta-00262-0.poscar,Ta-potential/fcc-restart/05-rss-round-1/rss/raw/unary-Ta/Ta-00262.poscar,a7aa8769d91e242d74e94b8f161ccd5e3b509adb4c626e2443ab2d484b6b4a14,a7aa8769d91e242d74e94b8f161ccd5e3b509adb4c626e2443ab2d484b6b4a14
rss-n20-p0bar,Ta-potential/fcc-restart/05-rss-round-1/rss-selection/source-frames/rss-n20-p0bar.xyz,11,20,0.0,0,263,000790.poscar,unary-Ta/Ta-00263-0.poscar,/home/tuzhengyu/work/WTaTi/Ta-potential/fcc-restart/05-rss-round-1/rss/minimized/unary-Ta/Ta-00263-0.poscar,Ta-potential/fcc-restart/05-rss-round-1/rss/raw/unary-Ta/Ta-00263.poscar,37dfb5d2a3358a5abf5bd88bc96ce53879fe956e1a70f4795c6bc6312d2f4a4a,37dfb5d2a3358a5abf5bd88bc96ce53879fe956e1a70f4795c6bc6312d2f4a4a
rss-n20-p0bar,Ta-potential/fcc-restart/05-rss-round-1/rss-selection/source-frames/rss-n20-p0bar.xyz,12,20,0.0,0,264,000793.poscar,unary-Ta/Ta-00264-0.poscar,/home/tuzhengyu/work/WTaTi/Ta-potential/fcc-restart/05-rss-round-1/rss/minimized/unary-Ta/Ta-00264-0.poscar,Ta-potential/fcc-restart/05-rss-round-1/rss/raw/unary-Ta/Ta-00264.poscar,871b5f175e3a4b894b26d42089f58ff703c877f52453aebf494f10783b0e0fb2,871b5f175e3a4b894b26d42089f58ff703c877f52453aebf494f10783b0e0fb2
rss-n20-p0bar,Ta-potential/fcc-restart/05-rss-round-1/rss-selection/source-frames/rss-n20-p0bar.xyz,13,20,0.0,0,265,000796.poscar,unary-Ta/Ta-00265-0.poscar,/home/tuzhengyu/work/WTaTi/Ta-potential/fcc-restart/05-rss-round-1/rss/minimized/unary-Ta/Ta-00265-0.poscar,Ta-potential/fcc-restart/05-rss-round-1/rss/raw/unary-Ta/Ta-00265.poscar,a4a92dba10a9a2ec350b61f63f12edca18ab88885a5c713038690842bba19c48,a4a92dba10a9a2ec350b61f63f12edca18ab88885a5c713038690842bba19c48
rss-n20-p0bar,Ta-potential/fcc-restart/05-rss-round-1/rss-selection/source-frames/rss-n20-p0bar.xyz,14,20,0.0,0,266,000799.poscar,unary-Ta/Ta-00266-0.poscar,/home/tuzhengyu/work/WTaTi/Ta-potential/fcc-restart/05-rss-round-1/rss/minimized/unary-Ta/Ta-00266-0.poscar,Ta-potential/fcc-restart/05-rss-round-1/rss/raw/unary-Ta/Ta-00266.poscar,0c96385a6e74d26711e0203d4790593ffb7b96e96633aee5cf83e97dfc5e7346,0c96385a6e74d26711e0203d4790593ffb7b96e96633aee5cf83e97dfc5e7346
rss-n20-p0bar,Ta-potential/fcc-restart/05-rss-round-1/rss-selection/source-frames/rss-n20-p0bar.xyz,15,20,0.0,0,267,000802.poscar,unary-Ta/Ta-00267-0.poscar,/home/tuzhengyu/work/WTaTi/Ta-potential/fcc-restart/05-rss-round-1/rss/minimized/unary-Ta/Ta-00267-0.poscar,Ta-potential/fcc-restart/05-rss-round-1/rss/raw/unary-Ta/Ta-00267.poscar,c61e1fa37601c535ae4325eb1fadd8337ae78b4476e82a27a8c1552228eebab3,c61e1fa37601c535ae4325eb1fadd8337ae78b4476e82a27a8c1552228eebab3
rss-n20-p0bar,Ta-potential/fcc-restart/05-rss-round-1/rss-selection/source-frames/rss-n20-p0bar.xyz,16,20,0.0,0,268,000805.poscar,unary-Ta/Ta-00268-0.poscar,/home/tuzhengyu/work/WTaTi/Ta-potential/fcc-restart/05-rss-round-1/rss/minimized/unary-Ta/Ta-00268-0.poscar,Ta-potential/fcc-restart/05-rss-round-1/rss/raw/unary-Ta/Ta-00268.poscar,bdfd4c86749b3067698972525998a7314f570f9011dc18cbf3bda80a86349f6d,bdfd4c86749b3067698972525998a7314f570f9011dc18cbf3bda80a86349f6d
rss-n20-p0bar,Ta-potential/fcc-restart/05-rss-round-1/rss-selection/source-frames/rss-n20-p0bar.xyz,17,20,0.0,0,269,000808.poscar,unary-Ta/Ta-00269-0.poscar,/home/tuzhengyu/work/WTaTi/Ta-potential/fcc-restart/05-rss-round-1/rss/minimized/unary-Ta/Ta-00269-0.poscar,Ta-potential/fcc-restart/05-rss-round-1/rss/raw/unary-Ta/Ta-00269.poscar,ce38042eb318fb0453cbcc78c4a5aa68ca1a886c90216f1a168b0497c653b8fb,ce38042eb318fb0453cbcc78c4a5aa68ca1a886c90216f1a168b0497c653b8fb
rss-n20-p0bar,Ta-potential/fcc-restart/05-rss-round-1/rss-selection/source-frames/rss-n20-p0bar.xyz,18,20,0.0,0,270,000811.poscar,unary-Ta/Ta-00270-0.poscar,/home/tuzhengyu/work/WTaTi/Ta-potential/fcc-restart/05-rss-round-1/rss/minimized/unary-Ta/Ta-00270-0.poscar,Ta-potential/fcc-restart/05-rss-round-1/rss/raw/unary-Ta/Ta-00270.poscar,20e05e2e5beec9b4b143cbdf02336b4e5f5cd839c274e5393a9c4d3140454922,20e05e2e5beec9b4b143cbdf02336b4e5f5cd839c274e5393a9c4d3140454922
rss-n20-p0bar,Ta-potential/fcc-restart/05-rss-round-1/rss-selection/source-frames/rss-n20-p0bar.xyz,19,20,0.0,0,271,000814.poscar,unary-Ta/Ta-00271-0.poscar,/home/tuzhengyu/work/WTaTi/Ta-potential/fcc-restart/05-rss-round-1/rss/minimized/unary-Ta/Ta-00271-0.poscar,Ta-potential/fcc-restart/05-rss-round-1/rss/raw/unary-Ta/Ta-00271.poscar,aa936e0217be5aa809f9c06ca7b41394a476fe4b9e08a4d548446df7f605f008,aa936e0217be5aa809f9c06ca7b41394a476fe4b9e08a4d548446df7f605f008
rss-n20-p0bar,Ta-potential/fcc-restart/05-rss-round-1/rss-selection/source-frames/rss-n20-p0bar.xyz,20,20,0.0,0,272,000817.poscar,unary-Ta/Ta-00272-0.poscar,/home/tuzhengyu/work/WTaTi/Ta-potential/fcc-restart/05-rss-round-1/rss/minimized/unary-Ta/Ta-00272-0.poscar,Ta-potential/fcc-restart/05-rss-round-1/rss/raw/unary-Ta/Ta-00272.poscar,5f5f0564b08006172ae5519ed62e01d50ebe770ed8cc78976ebad4358b59ba88,5f5f0564b08006172ae5519ed62e01d50ebe770ed8cc78976ebad4358b59ba88
rss-n20-p0bar,Ta-potential/fcc-restart/05-rss-round-1/rss-selection/source-frames/rss-n20-p0bar.xyz,21,20,0.0,0,273,000820.poscar,unary-Ta/Ta-00273-0.poscar,/home/tuzhengyu/work/WTaTi/Ta-potential/fcc-restart/05-rss-round-1/rss/minimized/unary-Ta/Ta-00273-0.poscar,Ta-potential/fcc-restart/05-rss-round-1/rss/raw/unary-Ta/Ta-00273.poscar,3f23d299e863c1be5253d77bc405eb6409037996eb5e0c98f5fd7da200b823a4,3f23d299e863c1be5253d77bc405eb6409037996eb5e0c98f5fd7da200b823a4
rss-n20-p0bar,Ta-potential/fcc-restart/05-rss-round-1/rss-selection/source-frames/rss-n20-p0bar.xyz,22,20,0.0,0,274,000823.poscar,unary-Ta/Ta-00274-0.poscar,/home/tuzhengyu/work/WTaTi/Ta-potential/fcc-restart/05-rss-round-1/rss/minimized/unary-Ta/Ta-00274-0.poscar,Ta-potential/fcc-restart/05-rss-round-1/rss/raw/unary-Ta/Ta-00274.poscar,5aff05783bce91a4c84a96cbce3c071a696c7b6ce6468664867e22f4651f6024,5aff05783bce91a4c84a96cbce3c071a696c7b6ce6468664867e22f4651f6024
rss-n20-p0bar,Ta-potential/fcc-restart/05-rss-round-1/rss-selection/source-frames/rss-n20-p0bar.xyz,23,20,0.0,0,276,000829.poscar,unary-Ta/Ta-00276-0.poscar,/home/tuzhengyu/work/WTaTi/Ta-potential/fcc-restart/05-rss-round-1/rss/minimized/unary-Ta/Ta-00276-0.poscar,Ta-potential/fcc-restart/05-rss-round-1/rss/raw/unary-Ta/Ta-00276.poscar,0b3b2e8ae494a85a4cb3b29653ce5c822523307352b712714ef3f2089ba71b95,0b3b2e8ae494a85a4cb3b29653ce5c822523307352b712714ef3f2089ba71b95
rss-n20-p0bar,Ta-potential/fcc-restart/05-rss-round-1/rss-selection/source-frames/rss-n20-p0bar.xyz,24,20,0.0,0,277,000832.poscar,unary-Ta/Ta-00277-0.poscar,/home/tuzhengyu/work/WTaTi/Ta-potential/fcc-restart/05-rss-round-1/rss/minimized/unary-Ta/Ta-00277-0.poscar,Ta-potential/fcc-restart/05-rss-round-1/rss/raw/unary-Ta/Ta-00277.poscar,7ef1387e781081bf591890f922e4fc6e37e8988797188be17db5d47ce6eb0733,7ef1387e781081bf591890f922e4fc6e37e8988797188be17db5d47ce6eb0733
rss-n20-p0bar,Ta-potential/fcc-restart/05-rss-round-1/rss-selection/source-frames/rss-n20-p0bar.xyz,25,20,0.0,0,278,000835.poscar,unary-Ta/Ta-00278-0.poscar,/home/tuzhengyu/work/WTaTi/Ta-potential/fcc-restart/05-rss-round-1/rss/minimized/unary-Ta/Ta-00278-0.poscar,Ta-potential/fcc-restart/05-rss-round-1/rss/raw/unary-Ta/Ta-00278.poscar,e1f35b0f195642e647d4b092eff0efa276f5ad0f3bb42cecfd70494a019673aa,e1f35b0f195642e647d4b092eff0efa276f5ad0f3bb42cecfd70494a019673aa
rss-n20-p0bar,Ta-potential/fcc-restart/05-rss-round-1/rss-selection/source-frames/rss-n20-p0bar.xyz,26,20,0.0,0,279,000838.poscar,unary-Ta/Ta-00279-0.poscar,/home/tuzhengyu/work/WTaTi/Ta-potential/fcc-restart/05-rss-round-1/rss/minimized/unary-Ta/Ta-00279-0.poscar,Ta-potential/fcc-restart/05-rss-round-1/rss/raw/unary-Ta/Ta-00279.poscar,bdfeae284af2d93c99f90d752d1061fa4a9e5f6dd5e8044172fb794a684d6994,bdfeae284af2d93c99f90d752d1061fa4a9e5f6dd5e8044172fb794a684d6994
rss-n20-p0bar,Ta-potential/fcc-restart/05-rss-round-1/rss-selection/source-frames/rss-n20-p0bar.xyz,27,20,0.0,0,280,000841.poscar,unary-Ta/Ta-00280-0.poscar,/home/tuzhengyu/work/WTaTi/Ta-potential/fcc-restart/05-rss-round-1/rss/minimized/unary-Ta/Ta-00280-0.poscar,Ta-potential/fcc-restart/05-rss-round-1/rss/raw/unary-Ta/Ta-00280.poscar,2dc2d0c83f4f4eeaa87517458c90e80eabcf27eb85e4255958c9c9a8ef761b73,2dc2d0c83f4f4eeaa87517458c90e80eabcf27eb85e4255958c9c9a8ef761b73
rss-n20-p0bar,Ta-potential/fcc-restart/05-rss-round-1/rss-selection/source-frames/rss-n20-p0bar.xyz,28,20,0.0,0,281,000844.poscar,unary-Ta/Ta-00281-0.poscar,/home/tuzhengyu/work/WTaTi/Ta-potential/fcc-restart/05-rss-round-1/rss/minimized/unary-Ta/Ta-00281-0.poscar,Ta-potential/fcc-restart/05-rss-round-1/rss/raw/unary-Ta/Ta-00281.poscar,577b1dedcb2d9ecf938f6e054b0c4d089786561b69930d8cd44fb78ef83ee660,577b1dedcb2d9ecf938f6e054b0c4d089786561b69930d8cd44fb78ef83ee660
rss-n20-p0bar,Ta-potential/fcc-restart/05-rss-round-1/rss-selection/source-frames/rss-n20-p0bar.xyz,29,20,0.0,0,282,000847.poscar,unary-Ta/Ta-00282-0.poscar,/home/tuzhengyu/work/WTaTi/Ta-potential/fcc-restart/05-rss-round-1/rss/minimized/unary-Ta/Ta-00282-0.poscar,Ta-potential/fcc-restart/05-rss-round-1/rss/raw/unary-Ta/Ta-00282.poscar,65732972a36c453d4f90e13f7c7920b898096eb9e8f52334b7a7fe57db3abf21,65732972a36c453d4f90e13f7c7920b898096eb9e8f52334b7a7fe57db3abf21
rss-n20-p0bar,Ta-potential/fcc-restart/05-rss-round-1/rss-selection/source-frames/rss-n20-p0bar.xyz,30,20,0.0,0,284,000853.poscar,unary-Ta/Ta-00284-0.poscar,/home/tuzhengyu/work/WTaTi/Ta-potential/fcc-restart/05-rss-round-1/rss/minimized/unary-Ta/Ta-00284-0.poscar,Ta-potential/fcc-restart/05-rss-round-1/rss/raw/unary-Ta/Ta-00284.poscar,0e63c09b4c83c7b925590c1f23b43fa1acb30e55b993cb5a42b569eb784044e0,0e63c09b4c83c7b925590c1f23b43fa1acb30e55b993cb5a42b569eb784044e0
rss-n20-p0bar,Ta-potential/fcc-restart/05-rss-round-1/rss-selection/source-frames/rss-n20-p0bar.xyz,31,20,0.0,0,285,000856.poscar,unary-Ta/Ta-00285-0.poscar,/home/tuzhengyu/work/WTaTi/Ta-potential/fcc-restart/05-rss-round-1/rss/minimized/unary-Ta/Ta-00285-0.poscar,Ta-potential/fcc-restart/05-rss-round-1/rss/raw/unary-Ta/Ta-00285.poscar,9d1b3cf410007a61aae26a17c0a9a50996df80611a7cbd533ad2b1840567e9f0,9d1b3cf410007a61aae26a17c0a9a50996df80611a7cbd533ad2b1840567e9f0
rss-n20-p0bar,Ta-potential/fcc-restart/05-rss-round-1/rss-selection/source-frames/rss-n20-p0bar.xyz,32,20,0.0,0,286,000859.poscar,unary-Ta/Ta-00286-0.poscar,/home/tuzhengyu/work/WTaTi/Ta-potential/fcc-restart/05-rss-round-1/rss/minimized/unary-Ta/Ta-00286-0.poscar,Ta-potential/fcc-restart/05-rss-round-1/rss/raw/unary-Ta/Ta-00286.poscar,8daf715755494c498d1b8d8b3cae0cf8463b1cb56b7702c83e3ccb0492fbb97d,8daf715755494c498d1b8d8b3cae0cf8463b1cb56b7702c83e3ccb0492fbb97d
rss-n20-p0bar,Ta-potential/fcc-restart/05-rss-round-1/rss-selection/source-frames/rss-n20-p0bar.xyz,33,20,0.0,0,287,000862.poscar,unary-Ta/Ta-00287-0.poscar,/home/tuzhengyu/work/WTaTi/Ta-potential/fcc-restart/05-rss-round-1/rss/minimized/unary-Ta/Ta-00287-0.poscar,Ta-potential/fcc-restart/05-rss-round-1/rss/raw/unary-Ta/Ta-00287.poscar,13271f51fa917440cdd24e3b285ab08944c49396c48f4308907349eada2eeeb9,13271f51fa917440cdd24e3b285ab08944c49396c48f4308907349eada2eeeb9
rss-n20-p0bar,Ta-potential/fcc-restart/05-rss-round-1/rss-selection/source-frames/rss-n20-p0bar.xyz,34,20,0.0,0,288,000865.poscar,unary-Ta/Ta-00288-0.poscar,/home/tuzhengyu/work/WTaTi/Ta-potential/fcc-restart/05-rss-round-1/rss/minimized/unary-Ta/Ta-00288-0.poscar,Ta-potential/fcc-restart/05-rss-round-1/rss/raw/unary-Ta/Ta-00288.poscar,41423f109812183c6f47c2e26110472929a143eb0c7d8a3063142e4f62ff94c4,41423f109812183c6f47c2e26110472929a143eb0c7d8a3063142e4f62ff94c4
rss-n20-p0bar,Ta-potential/fcc-restart/05-rss-round-1/rss-selection/source-frames/rss-n20-p0bar.xyz,35,20,0.0,0,289,000868.poscar,unary-Ta/Ta-00289-0.poscar,/home/tuzhengyu/work/WTaTi/Ta-potential/fcc-restart/05-rss-round-1/rss/minimized/unary-Ta/Ta-00289-0.poscar,Ta-potential/fcc-restart/05-rss-round-1/rss/raw/unary-Ta/Ta-00289.poscar,90889740c6a78205cb3f3bd7764c4aeff84799cc30228c27c3505721a1b5ae71,90889740c6a78205cb3f3bd7764c4aeff84799cc30228c27c3505721a1b5ae71
rss-n20-p0bar,Ta-potential/fcc-restart/05-rss-round-1/rss-selection/source-frames/rss-n20-p0bar.xyz,36,20,0.0,0,290,000871.poscar,unary-Ta/Ta-00290-0.poscar,/home/tuzhengyu/work/WTaTi/Ta-potential/fcc-restart/05-rss-round-1/rss/minimized/unary-Ta/Ta-00290-0.poscar,Ta-potential/fcc-restart/05-rss-round-1/rss/raw/unary-Ta/Ta-00290.poscar,432ff3ef957821f6df9b8d10a58168b69a91ec2872f60640ff2ac47c6f2e4b02,432ff3ef957821f6df9b8d10a58168b69a91ec2872f60640ff2ac47c6f2e4b02
rss-n20-p0bar,Ta-potential/fcc-restart/05-rss-round-1/rss-selection/source-frames/rss-n20-p0bar.xyz,37,20,0.0,0,291,000874.poscar,unary-Ta/Ta-00291-0.poscar,/home/tuzhengyu/work/WTaTi/Ta-potential/fcc-restart/05-rss-round-1/rss/minimized/unary-Ta/Ta-00291-0.poscar,Ta-potential/fcc-restart/05-rss-round-1/rss/raw/unary-Ta/Ta-00291.poscar,9174bd942f1efd48489b4e1e7425f4cf7b792e6c444a08ae370eb144cdb255ab,9174bd942f1efd48489b4e1e7425f4cf7b792e6c444a08ae370eb144cdb255ab
rss-n20-p0bar,Ta-potential/fcc-restart/05-rss-round-1/rss-selection/source-frames/rss-n20-p0bar.xyz,38,20,0.0,0,292,000877.poscar,unary-Ta/Ta-00292-0.poscar,/home/tuzhengyu/work/WTaTi/Ta-potential/fcc-restart/05-rss-round-1/rss/minimized/unary-Ta/Ta-00292-0.poscar,Ta-potential/fcc-restart/05-rss-round-1/rss/raw/unary-Ta/Ta-00292.poscar,aed37bbedebc01a98d47b954599185c3b5fb54ed9a3e068988de28f23bf0d535,aed37bbedebc01a98d47b954599185c3b5fb54ed9a3e068988de28f23bf0d535
rss-n20-p0bar,Ta-potential/fcc-restart/05-rss-round-1/rss-selection/source-frames/rss-n20-p0bar.xyz,39,20,0.0,0,293,000880.poscar,unary-Ta/Ta-00293-0.poscar,/home/tuzhengyu/work/WTaTi/Ta-potential/fcc-restart/05-rss-round-1/rss/minimized/unary-Ta/Ta-00293-0.poscar,Ta-potential/fcc-restart/05-rss-round-1/rss/raw/unary-Ta/Ta-00293.poscar,e8e8c4b04699c881deb3e96088be01259f486e5a6066e9b902b03741667da9c4,e8e8c4b04699c881deb3e96088be01259f486e5a6066e9b902b03741667da9c4
rss-n20-p0bar,Ta-potential/fcc-restart/05-rss-round-1/rss-selection/source-frames/rss-n20-p0bar.xyz,40,20,0.0,0,294,000883.poscar,unary-Ta/Ta-00294-0.poscar,/home/tuzhengyu/work/WTaTi/Ta-potential/fcc-restart/05-rss-round-1/rss/minimized/unary-Ta/Ta-00294-0.poscar,Ta-potential/fcc-restart/05-rss-round-1/rss/raw/unary-Ta/Ta-00294.poscar,fa3063b39e83a3b5a9fbdbb97e78d4b9d41bb1ed1c2811c0bace61bf84a521ea,fa3063b39e83a3b5a9fbdbb97e78d4b9d41bb1ed1c2811c0bace61bf84a521ea
rss-n20-p0bar,Ta-potential/fcc-restart/05-rss-round-1/rss-selection/source-frames/rss-n20-p0bar.xyz,41,20,0.0,0,295,000886.poscar,unary-Ta/Ta-00295-0.poscar,/home/tuzhengyu/work/WTaTi/Ta-potential/fcc-restart/05-rss-round-1/rss/minimized/unary-Ta/Ta-00295-0.poscar,Ta-potential/fcc-restart/05-rss-round-1/rss/raw/unary-Ta/Ta-00295.poscar,7760fbd634f2c342f7549150a950a4a89210491d3e0fc5bfabe7a356a59698c5,7760fbd634f2c342f7549150a950a4a89210491d3e0fc5bfabe7a356a59698c5
rss-n20-p0bar,Ta-potential/fcc-restart/05-rss-round-1/rss-selection/source-frames/rss-n20-p0bar.xyz,42,20,0.0,0,296,000889.poscar,unary-Ta/Ta-00296-0.poscar,/home/tuzhengyu/work/WTaTi/Ta-potential/fcc-restart/05-rss-round-1/rss/minimized/unary-Ta/Ta-00296-0.poscar,Ta-potential/fcc-restart/05-rss-round-1/rss/raw/unary-Ta/Ta-00296.poscar,30abd9b843a86655ac67c29fc44d5ec4fbeec05cbf7c0d77b1da984f0d8851bd,30abd9b843a86655ac67c29fc44d5ec4fbeec05cbf7c0d77b1da984f0d8851bd
rss-n20-p0bar,Ta-potential/fcc-restart/05-rss-round-1/rss-selection/source-frames/rss-n20-p0bar.xyz,43,20,0.0,0,297,000892.poscar,unary-Ta/Ta-00297-0.poscar,/home/tuzhengyu/work/WTaTi/Ta-potential/fcc-restart/05-rss-round-1/rss/minimized/unary-Ta/Ta-00297-0.poscar,Ta-potential/fcc-restart/05-rss-round-1/rss/raw/unary-Ta/Ta-00297.poscar,a5b5ba76db41a7ee670acd503c5ca5743f0e5a05c71ff8708fb1e6c9cbbbac34,a5b5ba76db41a7ee670acd503c5ca5743f0e5a05c71ff8708fb1e6c9cbbbac34
rss-n20-p0bar,Ta-potential/fcc-restart/05-rss-round-1/rss-selection/source-frames/rss-n20-p0bar.xyz,44,20,0.0,0,298,000895.poscar,unary-Ta/Ta-00298-0.poscar,/home/tuzhengyu/work/WTaTi/Ta-potential/fcc-restart/05-rss-round-1/rss/minimized/unary-Ta/Ta-00298-0.poscar,Ta-potential/fcc-restart/05-rss-round-1/rss/raw/unary-Ta/Ta-00298.poscar,9d50621c7e91e4268fdce529f15ebb6758ec013442bbbe446452f2b78e0a2fa2,9d50621c7e91e4268fdce529f15ebb6758ec013442bbbe446452f2b78e0a2fa2
rss-n20-p0bar,Ta-potential/fcc-restart/05-rss-round-1/rss-selection/source-frames/rss-n20-p0bar.xyz,45,20,0.0,0,299,000898.poscar,unary-Ta/Ta-00299-0.poscar,/home/tuzhengyu/work/WTaTi/Ta-potential/fcc-restart/05-rss-round-1/rss/minimized/unary-Ta/Ta-00299-0.poscar,Ta-potential/fcc-restart/05-rss-round-1/rss/raw/unary-Ta/Ta-00299.poscar,4bb6a976541133d85cf4ebd6d65724b73e52cbbd4d25f9275ec57826f21fcb2a,4bb6a976541133d85cf4ebd6d65724b73e52cbbd4d25f9275ec57826f21fcb2a
rss-n20-p200000bar,Ta-potential/fcc-restart/05-rss-round-1/rss-selection/source-frames/rss-n20-p200000bar.xyz,0,20,200000.0,1,250,000752.poscar,unary-Ta/Ta-00250-1.poscar,/home/tuzhengyu/work/WTaTi/Ta-potential/fcc-restart/05-rss-round-1/rss/minimized/unary-Ta/Ta-00250-1.poscar,Ta-potential/fcc-restart/05-rss-round-1/rss/raw/unary-Ta/Ta-00250.poscar,1e399fc0b32b334a84ff8b77077a8cd1a27d0593c9b818255d8f5894e8f56d45,1e399fc0b32b334a84ff8b77077a8cd1a27d0593c9b818255d8f5894e8f56d45
rss-n20-p200000bar,Ta-potential/fcc-restart/05-rss-round-1/rss-selection/source-frames/rss-n20-p200000bar.xyz,1,20,200000.0,1,251,000755.poscar,unary-Ta/Ta-00251-1.poscar,/home/tuzhengyu/work/WTaTi/Ta-potential/fcc-restart/05-rss-round-1/rss/minimized/unary-Ta/Ta-00251-1.poscar,Ta-potential/fcc-restart/05-rss-round-1/rss/raw/unary-Ta/Ta-00251.poscar,8abce383413f4a28bbf5553e3b49159a63fe1ec15ba526dd01c1113b05450eda,8abce383413f4a28bbf5553e3b49159a63fe1ec15ba526dd01c1113b05450eda
rss-n20-p200000bar,Ta-potential/fcc-restart/05-rss-round-1/rss-selection/source-frames/rss-n20-p200000bar.xyz,2,20,200000.0,1,252,000758.poscar,unary-Ta/Ta-00252-1.poscar,/home/tuzhengyu/work/WTaTi/Ta-potential/fcc-restart/05-rss-round-1/rss/minimized/unary-Ta/Ta-00252-1.poscar,Ta-potential/fcc-restart/05-rss-round-1/rss/raw/unary-Ta/Ta-00252.poscar,df69e83a3c29abf4edbad042ca384199fc47546265fd677c530bd90ac88c8ba4,df69e83a3c29abf4edbad042ca384199fc47546265fd677c530bd90ac88c8ba4
rss-n20-p200000bar,Ta-potential/fcc-restart/05-rss-round-1/rss-selection/source-frames/rss-n20-p200000bar.xyz,3,20,200000.0,1,253,000761.poscar,unary-Ta/Ta-00253-1.poscar,/home/tuzhengyu/work/WTaTi/Ta-potential/fcc-restart/05-rss-round-1/rss/minimized/unary-Ta/Ta-00253-1.poscar,Ta-potential/fcc-restart/05-rss-round-1/rss/raw/unary-Ta/Ta-00253.poscar,77ec47d33f6504c9b7e261d0b3d94782e9d1d6bdcd54a14b62cbcf1a5f8f4db4,77ec47d33f6504c9b7e261d0b3d94782e9d1d6bdcd54a14b62cbcf1a5f8f4db4
rss-n20-p200000bar,Ta-potential/fcc-restart/05-rss-round-1/rss-selection/source-frames/rss-n20-p200000bar.xyz,4,20,200000.0,1,254,000764.poscar,unary-Ta/Ta-00254-1.poscar,/home/tuzhengyu/work/WTaTi/Ta-potential/fcc-restart/05-rss-round-1/rss/minimized/unary-Ta/Ta-00254-1.poscar,Ta-potential/fcc-restart/05-rss-round-1/rss/raw/unary-Ta/Ta-00254.poscar,9171afd782572a6ea8b0776a69368e0b7b8da9f4c107fb6f74cc51c58adcd381,9171afd782572a6ea8b0776a69368e0b7b8da9f4c107fb6f74cc51c58adcd381
rss-n20-p200000bar,Ta-potential/fcc-restart/05-rss-round-1/rss-selection/source-frames/rss-n20-p200000bar.xyz,5,20,200000.0,1,255,000767.poscar,unary-Ta/Ta-00255-1.poscar,/home/tuzhengyu/work/WTaTi/Ta-potential/fcc-restart/05-rss-round-1/rss/minimized/unary-Ta/Ta-00255-1.poscar,Ta-potential/fcc-restart/05-rss-round-1/rss/raw/unary-Ta/Ta-00255.poscar,4674ad84c944c5e9b27994e1aacc96762512fb3522e7321f576e98706810fe33,4674ad84c944c5e9b27994e1aacc96762512fb3522e7321f576e98706810fe33
rss-n20-p200000bar,Ta-potential/fcc-restart/05-rss-round-1/rss-selection/source-frames/rss-n20-p200000bar.xyz,6,20,200000.0,1,256,000770.poscar,unary-Ta/Ta-00256-1.poscar,/home/tuzhengyu/work/WTaTi/Ta-potential/fcc-restart/05-rss-round-1/rss/minimized/unary-Ta/Ta-00256-1.poscar,Ta-potential/fcc-restart/05-rss-round-1/rss/raw/unary-Ta/Ta-00256.poscar,f4482ba1c261084d8d2ae3843b60ae21ffa06dfef6d3fcc7eb8610605b37bc4d,f4482ba1c261084d8d2ae3843b60ae21ffa06dfef6d3fcc7eb8610605b37bc4d
rss-n20-p200000bar,Ta-potential/fcc-restart/05-rss-round-1/rss-selection/source-frames/rss-n20-p200000bar.xyz,7,20,200000.0,1,257,000773.poscar,unary-Ta/Ta-00257-1.poscar,/home/tuzhengyu/work/WTaTi/Ta-potential/fcc-restart/05-rss-round-1/rss/minimized/unary-Ta/Ta-00257-1.poscar,Ta-potential/fcc-restart/05-rss-round-1/rss/raw/unary-Ta/Ta-00257.poscar,34b688488d94f2baad06b434d27941056cfd96e851523ae4e93f501d8f1132ea,34b688488d94f2baad06b434d27941056cfd96e851523ae4e93f501d8f1132ea
rss-n20-p200000bar,Ta-potential/fcc-restart/05-rss-round-1/rss-selection/source-frames/rss-n20-p200000bar.xyz,8,20,200000.0,1,258,000776.poscar,unary-Ta/Ta-00258-1.poscar,/home/tuzhengyu/work/WTaTi/Ta-potential/fcc-restart/05-rss-round-1/rss/minimized/unary-Ta/Ta-00258-1.poscar,Ta-potential/fcc-restart/05-rss-round-1/rss/raw/unary-Ta/Ta-00258.poscar,29f2cd48bcba13e486617a3b026dbbcf376c27e21fbc13d9237d92a20e323f2b,29f2cd48bcba13e486617a3b026dbbcf376c27e21fbc13d9237d92a20e323f2b
rss-n20-p200000bar,Ta-potential/fcc-restart/05-rss-round-1/rss-selection/source-frames/rss-n20-p200000bar.xyz,9,20,200000.0,1,259,000779.poscar,unary-Ta/Ta-00259-1.poscar,/home/tuzhengyu/work/WTaTi/Ta-potential/fcc-restart/05-rss-round-1/rss/minimized/unary-Ta/Ta-00259-1.poscar,Ta-potential/fcc-restart/05-rss-round-1/rss/raw/unary-Ta/Ta-00259.poscar,c7c82eaffd3f6ca0c53dd1b0d5d60ed42a60780ec93bb15b644b43fdd52eac40,c7c82eaffd3f6ca0c53dd1b0d5d60ed42a60780ec93bb15b644b43fdd52eac40
rss-n20-p200000bar,Ta-potential/fcc-restart/05-rss-round-1/rss-selection/source-frames/rss-n20-p200000bar.xyz,10,20,200000.0,1,261,000785.poscar,unary-Ta/Ta-00261-1.poscar,/home/tuzhengyu/work/WTaTi/Ta-potential/fcc-restart/05-rss-round-1/rss/minimized/unary-Ta/Ta-00261-1.poscar,Ta-potential/fcc-restart/05-rss-round-1/rss/raw/unary-Ta/Ta-00261.poscar,9e5ed95268489f347fa031d870ca449beb0bc57c9882e9b5bf54893be2f8a752,9e5ed95268489f347fa031d870ca449beb0bc57c9882e9b5bf54893be2f8a752
rss-n20-p200000bar,Ta-potential/fcc-restart/05-rss-round-1/rss-selection/source-frames/rss-n20-p200000bar.xyz,11,20,200000.0,1,262,000788.poscar,unary-Ta/Ta-00262-1.poscar,/home/tuzhengyu/work/WTaTi/Ta-potential/fcc-restart/05-rss-round-1/rss/minimized/unary-Ta/Ta-00262-1.poscar,Ta-potential/fcc-restart/05-rss-round-1/rss/raw/unary-Ta/Ta-00262.poscar,012ac075b86b72fb439f956a00a9b4863de832f3ad14550d11c1c46313714bc6,012ac075b86b72fb439f956a00a9b4863de832f3ad14550d11c1c46313714bc6
rss-n20-p200000bar,Ta-potential/fcc-restart/05-rss-round-1/rss-selection/source-frames/rss-n20-p200000bar.xyz,12,20,200000.0,1,263,000791.poscar,unary-Ta/Ta-00263-1.poscar,/home/tuzhengyu/work/WTaTi/Ta-potential/fcc-restart/05-rss-round-1/rss/minimized/unary-Ta/Ta-00263-1.poscar,Ta-potential/fcc-restart/05-rss-round-1/rss/raw/unary-Ta/Ta-00263.poscar,59db4c7b31577d6bb65df618bffe02c045bc1856522262b3cf9177385d6182bf,59db4c7b31577d6bb65df618bffe02c045bc1856522262b3cf9177385d6182bf
rss-n20-p200000bar,Ta-potential/fcc-restart/05-rss-round-1/rss-selection/source-frames/rss-n20-p200000bar.xyz,13,20,200000.0,1,264,000794.poscar,unary-Ta/Ta-00264-1.poscar,/home/tuzhengyu/work/WTaTi/Ta-potential/fcc-restart/05-rss-round-1/rss/minimized/unary-Ta/Ta-00264-1.poscar,Ta-potential/fcc-restart/05-rss-round-1/rss/raw/unary-Ta/Ta-00264.poscar,c15470799278a835c7df5213692473c91be98de2121c6b7c72abc64fbcf0a70d,c15470799278a835c7df5213692473c91be98de2121c6b7c72abc64fbcf0a70d
rss-n20-p200000bar,Ta-potential/fcc-restart/05-rss-round-1/rss-selection/source-frames/rss-n20-p200000bar.xyz,14,20,200000.0,1,265,000797.poscar,unary-Ta/Ta-00265-1.poscar,/home/tuzhengyu/work/WTaTi/Ta-potential/fcc-restart/05-rss-round-1/rss/minimized/unary-Ta/Ta-00265-1.poscar,Ta-potential/fcc-restart/05-rss-round-1/rss/raw/unary-Ta/Ta-00265.poscar,28175b197b557ac15135893113fc6dd4a59ba2227f3b1bc9ddc91696d126a4d5,28175b197b557ac15135893113fc6dd4a59ba2227f3b1bc9ddc91696d126a4d5
rss-n20-p200000bar,Ta-potential/fcc-restart/05-rss-round-1/rss-selection/source-frames/rss-n20-p200000bar.xyz,15,20,200000.0,1,266,000800.poscar,unary-Ta/Ta-00266-1.poscar,/home/tuzhengyu/work/WTaTi/Ta-potential/fcc-restart/05-rss-round-1/rss/minimized/unary-Ta/Ta-00266-1.poscar,Ta-potential/fcc-restart/05-rss-round-1/rss/raw/unary-Ta/Ta-00266.poscar,5225f92ca516c0489d6893114480c236d0d1f6bc5f5b4c2949099f3ec3edbe11,5225f92ca516c0489d6893114480c236d0d1f6bc5f5b4c2949099f3ec3edbe11
rss-n20-p200000bar,Ta-potential/fcc-restart/05-rss-round-1/rss-selection/source-frames/rss-n20-p200000bar.xyz,16,20,200000.0,1,267,000803.poscar,unary-Ta/Ta-00267-1.poscar,/home/tuzhengyu/work/WTaTi/Ta-potential/fcc-restart/05-rss-round-1/rss/minimized/unary-Ta/Ta-00267-1.poscar,Ta-potential/fcc-restart/05-rss-round-1/rss/raw/unary-Ta/Ta-00267.poscar,d5a807c8acaf4026f8bbb781d89c7d053736dbc526e28abca0edaa5fa3ade164,d5a807c8acaf4026f8bbb781d89c7d053736dbc526e28abca0edaa5fa3ade164
rss-n20-p200000bar,Ta-potential/fcc-restart/05-rss-round-1/rss-selection/source-frames/rss-n20-p200000bar.xyz,17,20,200000.0,1,268,000806.poscar,unary-Ta/Ta-00268-1.poscar,/home/tuzhengyu/work/WTaTi/Ta-potential/fcc-restart/05-rss-round-1/rss/minimized/unary-Ta/Ta-00268-1.poscar,Ta-potential/fcc-restart/05-rss-round-1/rss/raw/unary-Ta/Ta-00268.poscar,c53054bd59605ef2bda0177c235c65c12b99d360c5d9b0dbbbd5aae1d9aadadc,c53054bd59605ef2bda0177c235c65c12b99d360c5d9b0dbbbd5aae1d9aadadc
rss-n20-p200000bar,Ta-potential/fcc-restart/05-rss-round-1/rss-selection/source-frames/rss-n20-p200000bar.xyz,18,20,200000.0,1,269,000809.poscar,unary-Ta/Ta-00269-1.poscar,/home/tuzhengyu/work/WTaTi/Ta-potential/fcc-restart/05-rss-round-1/rss/minimized/unary-Ta/Ta-00269-1.poscar,Ta-potential/fcc-restart/05-rss-round-1/rss/raw/unary-Ta/Ta-00269.poscar,424cb8767e32acaab331938ae4b7035762090569eb6a064ae7ef00ecd18bdd30,424cb8767e32acaab331938ae4b7035762090569eb6a064ae7ef00ecd18bdd30
rss-n20-p200000bar,Ta-potential/fcc-restart/05-rss-round-1/rss-selection/source-frames/rss-n20-p200000bar.xyz,19,20,200000.0,1,270,000812.poscar,unary-Ta/Ta-00270-1.poscar,/home/tuzhengyu/work/WTaTi/Ta-potential/fcc-restart/05-rss-round-1/rss/minimized/unary-Ta/Ta-00270-1.poscar,Ta-potential/fcc-restart/05-rss-round-1/rss/raw/unary-Ta/Ta-00270.poscar,2953e1f5b3a6c040d69cb3a69708129a254f72d9fa40a263bfc58ce34e5d6177,2953e1f5b3a6c040d69cb3a69708129a254f72d9fa40a263bfc58ce34e5d6177
rss-n20-p200000bar,Ta-potential/fcc-restart/05-rss-round-1/rss-selection/source-frames/rss-n20-p200000bar.xyz,20,20,200000.0,1,271,000815.poscar,unary-Ta/Ta-00271-1.poscar,/home/tuzhengyu/work/WTaTi/Ta-potential/fcc-restart/05-rss-round-1/rss/minimized/unary-Ta/Ta-00271-1.poscar,Ta-potential/fcc-restart/05-rss-round-1/rss/raw/unary-Ta/Ta-00271.poscar,c3ab01d221b1169d12f5eddc742e757e48cb53ce6a340661463241670368873a,c3ab01d221b1169d12f5eddc742e757e48cb53ce6a340661463241670368873a
rss-n20-p200000bar,Ta-potential/fcc-restart/05-rss-round-1/rss-selection/source-frames/rss-n20-p200000bar.xyz,21,20,200000.0,1,272,000818.poscar,unary-Ta/Ta-00272-1.poscar,/home/tuzhengyu/work/WTaTi/Ta-potential/fcc-restart/05-rss-round-1/rss/minimized/unary-Ta/Ta-00272-1.poscar,Ta-potential/fcc-restart/05-rss-round-1/rss/raw/unary-Ta/Ta-00272.poscar,fe3a17f0dac4fd6ffd9eb1fb0c94239041b62d09aa6521ffd432872bbc1d21c0,fe3a17f0dac4fd6ffd9eb1fb0c94239041b62d09aa6521ffd432872bbc1d21c0
rss-n20-p200000bar,Ta-potential/fcc-restart/05-rss-round-1/rss-selection/source-frames/rss-n20-p200000bar.xyz,22,20,200000.0,1,273,000821.poscar,unary-Ta/Ta-00273-1.poscar,/home/tuzhengyu/work/WTaTi/Ta-potential/fcc-restart/05-rss-round-1/rss/minimized/unary-Ta/Ta-00273-1.poscar,Ta-potential/fcc-restart/05-rss-round-1/rss/raw/unary-Ta/Ta-00273.poscar,3a8df67bacaaa05e8b7a90d87605dbdcb0429f15380c05c46949b872637ddb7d,3a8df67bacaaa05e8b7a90d87605dbdcb0429f15380c05c46949b872637ddb7d
rss-n20-p200000bar,Ta-potential/fcc-restart/05-rss-round-1/rss-selection/source-frames/rss-n20-p200000bar.xyz,23,20,200000.0,1,274,000824.poscar,unary-Ta/Ta-00274-1.poscar,/home/tuzhengyu/work/WTaTi/Ta-potential/fcc-restart/05-rss-round-1/rss/minimized/unary-Ta/Ta-00274-1.poscar,Ta-potential/fcc-restart/05-rss-round-1/rss/raw/unary-Ta/Ta-00274.poscar,857d6f61435248916e2203845afb4b197a868e0cb517410652d741a72f7a736c,857d6f61435248916e2203845afb4b197a868e0cb517410652d741a72f7a736c
rss-n20-p200000bar,Ta-potential/fcc-restart/05-rss-round-1/rss-selection/source-frames/rss-n20-p200000bar.xyz,24,20,200000.0,1,276,000830.poscar,unary-Ta/Ta-00276-1.poscar,/home/tuzhengyu/work/WTaTi/Ta-potential/fcc-restart/05-rss-round-1/rss/minimized/unary-Ta/Ta-00276-1.poscar,Ta-potential/fcc-restart/05-rss-round-1/rss/raw/unary-Ta/Ta-00276.poscar,b604560735ac75685454a7c41430821279a09bf1ed807b3fd1529bd207e944ad,b604560735ac75685454a7c41430821279a09bf1ed807b3fd1529bd207e944ad
rss-n20-p200000bar,Ta-potential/fcc-restart/05-rss-round-1/rss-selection/source-frames/rss-n20-p200000bar.xyz,25,20,200000.0,1,277,000833.poscar,unary-Ta/Ta-00277-1.poscar,/home/tuzhengyu/work/WTaTi/Ta-potential/fcc-restart/05-rss-round-1/rss/minimized/unary-Ta/Ta-00277-1.poscar,Ta-potential/fcc-restart/05-rss-round-1/rss/raw/unary-Ta/Ta-00277.poscar,d4378e5950c89df191b0203930ad83de3502eebc3dfd5c8027d81bb05eb31067,d4378e5950c89df191b0203930ad83de3502eebc3dfd5c8027d81bb05eb31067
rss-n20-p200000bar,Ta-potential/fcc-restart/05-rss-round-1/rss-selection/source-frames/rss-n20-p200000bar.xyz,26,20,200000.0,1,278,000836.poscar,unary-Ta/Ta-00278-1.poscar,/home/tuzhengyu/work/WTaTi/Ta-potential/fcc-restart/05-rss-round-1/rss/minimized/unary-Ta/Ta-00278-1.poscar,Ta-potential/fcc-restart/05-rss-round-1/rss/raw/unary-Ta/Ta-00278.poscar,e031b293faa31848c061c7078f8a97e38991edcf258dcdb9fb49ebd48ec63f71,e031b293faa31848c061c7078f8a97e38991edcf258dcdb9fb49ebd48ec63f71
rss-n20-p200000bar,Ta-potential/fcc-restart/05-rss-round-1/rss-selection/source-frames/rss-n20-p200000bar.xyz,27,20,200000.0,1,279,000839.poscar,unary-Ta/Ta-00279-1.poscar,/home/tuzhengyu/work/WTaTi/Ta-potential/fcc-restart/05-rss-round-1/rss/minimized/unary-Ta/Ta-00279-1.poscar,Ta-potential/fcc-restart/05-rss-round-1/rss/raw/unary-Ta/Ta-00279.poscar,ed1b08c38a8f1e27ce66d0425ad27b0f9a03b9d0e3e53a3cb1f61bce5362e434,ed1b08c38a8f1e27ce66d0425ad27b0f9a03b9d0e3e53a3cb1f61bce5362e434
rss-n20-p200000bar,Ta-potential/fcc-restart/05-rss-round-1/rss-selection/source-frames/rss-n20-p200000bar.xyz,28,20,200000.0,1,280,000842.poscar,unary-Ta/Ta-00280-1.poscar,/home/tuzhengyu/work/WTaTi/Ta-potential/fcc-restart/05-rss-round-1/rss/minimized/unary-Ta/Ta-00280-1.poscar,Ta-potential/fcc-restart/05-rss-round-1/rss/raw/unary-Ta/Ta-00280.poscar,79aca38c321f1dfa862984618102b20a8d9892b86fc1b08ff72e88c91ad573b0,79aca38c321f1dfa862984618102b20a8d9892b86fc1b08ff72e88c91ad573b0
rss-n20-p200000bar,Ta-potential/fcc-restart/05-rss-round-1/rss-selection/source-frames/rss-n20-p200000bar.xyz,29,20,200000.0,1,281,000845.poscar,unary-Ta/Ta-00281-1.poscar,/home/tuzhengyu/work/WTaTi/Ta-potential/fcc-restart/05-rss-round-1/rss/minimized/unary-Ta/Ta-00281-1.poscar,Ta-potential/fcc-restart/05-rss-round-1/rss/raw/unary-Ta/Ta-00281.poscar,bdc7ceaeddbb6fd011105aebb20e807457b105508ef0673be38e3021081c2b84,bdc7ceaeddbb6fd011105aebb20e807457b105508ef0673be38e3021081c2b84
rss-n20-p200000bar,Ta-potential/fcc-restart/05-rss-round-1/rss-selection/source-frames/rss-n20-p200000bar.xyz,30,20,200000.0,1,282,000848.poscar,unary-Ta/Ta-00282-1.poscar,/home/tuzhengyu/work/WTaTi/Ta-potential/fcc-restart/05-rss-round-1/rss/minimized/unary-Ta/Ta-00282-1.poscar,Ta-potential/fcc-restart/05-rss-round-1/rss/raw/unary-Ta/Ta-00282.poscar,c846415041874c647c3ea111e79eb2cf84234dd0cacd265539ce2afb9a09c31b,c846415041874c647c3ea111e79eb2cf84234dd0cacd265539ce2afb9a09c31b
rss-n20-p200000bar,Ta-potential/fcc-restart/05-rss-round-1/rss-selection/source-frames/rss-n20-p200000bar.xyz,31,20,200000.0,1,284,000854.poscar,unary-Ta/Ta-00284-1.poscar,/home/tuzhengyu/work/WTaTi/Ta-potential/fcc-restart/05-rss-round-1/rss/minimized/unary-Ta/Ta-00284-1.poscar,Ta-potential/fcc-restart/05-rss-round-1/rss/raw/unary-Ta/Ta-00284.poscar,740b92a32d3a80a3558b60991ad705da2725eb03e914dfed7824031b1551ebb9,740b92a32d3a80a3558b60991ad705da2725eb03e914dfed7824031b1551ebb9
rss-n20-p200000bar,Ta-potential/fcc-restart/05-rss-round-1/rss-selection/source-frames/rss-n20-p200000bar.xyz,32,20,200000.0,1,285,000857.poscar,unary-Ta/Ta-00285-1.poscar,/home/tuzhengyu/work/WTaTi/Ta-potential/fcc-restart/05-rss-round-1/rss/minimized/unary-Ta/Ta-00285-1.poscar,Ta-potential/fcc-restart/05-rss-round-1/rss/raw/unary-Ta/Ta-00285.poscar,1fffa6bc9d4919019560f93eb14d9db6898b16807b86f38020007662b1bf3b95,1fffa6bc9d4919019560f93eb14d9db6898b16807b86f38020007662b1bf3b95
rss-n20-p200000bar,Ta-potential/fcc-restart/05-rss-round-1/rss-selection/source-frames/rss-n20-p200000bar.xyz,33,20,200000.0,1,286,000860.poscar,unary-Ta/Ta-00286-1.poscar,/home/tuzhengyu/work/WTaTi/Ta-potential/fcc-restart/05-rss-round-1/rss/minimized/unary-Ta/Ta-00286-1.poscar,Ta-potential/fcc-restart/05-rss-round-1/rss/raw/unary-Ta/Ta-00286.poscar,26f8b4b5dc67a70ef46159baf1235fd1ff8012f2456de53033ae8ca8ddaa271e,26f8b4b5dc67a70ef46159baf1235fd1ff8012f2456de53033ae8ca8ddaa271e
rss-n20-p200000bar,Ta-potential/fcc-restart/05-rss-round-1/rss-selection/source-frames/rss-n20-p200000bar.xyz,34,20,200000.0,1,287,000863.poscar,unary-Ta/Ta-00287-1.poscar,/home/tuzhengyu/work/WTaTi/Ta-potential/fcc-restart/05-rss-round-1/rss/minimized/unary-Ta/Ta-00287-1.poscar,Ta-potential/fcc-restart/05-rss-round-1/rss/raw/unary-Ta/Ta-00287.poscar,38ea4ffb620533850b39f15597b96e098a6c02f965b463dcfdb37f89f84477f6,38ea4ffb620533850b39f15597b96e098a6c02f965b463dcfdb37f89f84477f6
rss-n20-p200000bar,Ta-potential/fcc-restart/05-rss-round-1/rss-selection/source-frames/rss-n20-p200000bar.xyz,35,20,200000.0,1,288,000866.poscar,unary-Ta/Ta-00288-1.poscar,/home/tuzhengyu/work/WTaTi/Ta-potential/fcc-restart/05-rss-round-1/rss/minimized/unary-Ta/Ta-00288-1.poscar,Ta-potential/fcc-restart/05-rss-round-1/rss/raw/unary-Ta/Ta-00288.poscar,35a94e1367541efa367b0c87707db425870f3d04ac157fe0027bbbc1c9c06775,35a94e1367541efa367b0c87707db425870f3d04ac157fe0027bbbc1c9c06775
rss-n20-p200000bar,Ta-potential/fcc-restart/05-rss-round-1/rss-selection/source-frames/rss-n20-p200000bar.xyz,36,20,200000.0,1,289,000869.poscar,unary-Ta/Ta-00289-1.poscar,/home/tuzhengyu/work/WTaTi/Ta-potential/fcc-restart/05-rss-round-1/rss/minimized/unary-Ta/Ta-00289-1.poscar,Ta-potential/fcc-restart/05-rss-round-1/rss/raw/unary-Ta/Ta-00289.poscar,b6cad862fa315ce8d13aa20ce8b85f3221e2f63fd3c9b5d0d163d5e8d77ec8c6,b6cad862fa315ce8d13aa20ce8b85f3221e2f63fd3c9b5d0d163d5e8d77ec8c6
rss-n20-p200000bar,Ta-potential/fcc-restart/05-rss-round-1/rss-selection/source-frames/rss-n20-p200000bar.xyz,37,20,200000.0,1,290,000872.poscar,unary-Ta/Ta-00290-1.poscar,/home/tuzhengyu/work/WTaTi/Ta-potential/fcc-restart/05-rss-round-1/rss/minimized/unary-Ta/Ta-00290-1.poscar,Ta-potential/fcc-restart/05-rss-round-1/rss/raw/unary-Ta/Ta-00290.poscar,50d14662790103cd7991aa48741074e49f693ff012d63828b42d4ce846861259,50d14662790103cd7991aa48741074e49f693ff012d63828b42d4ce846861259
rss-n20-p200000bar,Ta-potential/fcc-restart/05-rss-round-1/rss-selection/source-frames/rss-n20-p200000bar.xyz,38,20,200000.0,1,291,000875.poscar,unary-Ta/Ta-00291-1.poscar,/home/tuzhengyu/work/WTaTi/Ta-potential/fcc-restart/05-rss-round-1/rss/minimized/unary-Ta/Ta-00291-1.poscar,Ta-potential/fcc-restart/05-rss-round-1/rss/raw/unary-Ta/Ta-00291.poscar,3caff745f4233c0b006c1e54304dfa4efc65f7ca420465880622044c41687b64,3caff745f4233c0b006c1e54304dfa4efc65f7ca420465880622044c41687b64
rss-n20-p200000bar,Ta-potential/fcc-restart/05-rss-round-1/rss-selection/source-frames/rss-n20-p200000bar.xyz,39,20,200000.0,1,292,000878.poscar,unary-Ta/Ta-00292-1.poscar,/home/tuzhengyu/work/WTaTi/Ta-potential/fcc-restart/05-rss-round-1/rss/minimized/unary-Ta/Ta-00292-1.poscar,Ta-potential/fcc-restart/05-rss-round-1/rss/raw/unary-Ta/Ta-00292.poscar,0e88b81487c346148f0259b2bd4f747963ba0c015e97be3272eb652925702014,0e88b81487c346148f0259b2bd4f747963ba0c015e97be3272eb652925702014
rss-n20-p200000bar,Ta-potential/fcc-restart/05-rss-round-1/rss-selection/source-frames/rss-n20-p200000bar.xyz,40,20,200000.0,1,293,000881.poscar,unary-Ta/Ta-00293-1.poscar,/home/tuzhengyu/work/WTaTi/Ta-potential/fcc-restart/05-rss-round-1/rss/minimized/unary-Ta/Ta-00293-1.poscar,Ta-potential/fcc-restart/05-rss-round-1/rss/raw/unary-Ta/Ta-00293.poscar,fad04942e2d62f9f483dd91390e676292f46ff5f3c2cd60f2d43c5b7028e8784,fad04942e2d62f9f483dd91390e676292f46ff5f3c2cd60f2d43c5b7028e8784
rss-n20-p200000bar,Ta-potential/fcc-restart/05-rss-round-1/rss-selection/source-frames/rss-n20-p200000bar.xyz,41,20,200000.0,1,294,000884.poscar,unary-Ta/Ta-00294-1.poscar,/home/tuzhengyu/work/WTaTi/Ta-potential/fcc-restart/05-rss-round-1/rss/minimized/unary-Ta/Ta-00294-1.poscar,Ta-potential/fcc-restart/05-rss-round-1/rss/raw/unary-Ta/Ta-00294.poscar,0814e0b57f4338a843f13c3cab0074db054cca55fba3aa8ff26ecb678489b83e,0814e0b57f4338a843f13c3cab0074db054cca55fba3aa8ff26ecb678489b83e
rss-n20-p200000bar,Ta-potential/fcc-restart/05-rss-round-1/rss-selection/source-frames/rss-n20-p200000bar.xyz,42,20,200000.0,1,295,000887.poscar,unary-Ta/Ta-00295-1.poscar,/home/tuzhengyu/work/WTaTi/Ta-potential/fcc-restart/05-rss-round-1/rss/minimized/unary-Ta/Ta-00295-1.poscar,Ta-potential/fcc-restart/05-rss-round-1/rss/raw/unary-Ta/Ta-00295.poscar,1b478dd3e9ca81e6a6a38e771391da2201edee69e8cd93cadcabca3973987987,1b478dd3e9ca81e6a6a38e771391da2201edee69e8cd93cadcabca3973987987
rss-n20-p200000bar,Ta-potential/fcc-restart/05-rss-round-1/rss-selection/source-frames/rss-n20-p200000bar.xyz,43,20,200000.0,1,296,000890.poscar,unary-Ta/Ta-00296-1.poscar,/home/tuzhengyu/work/WTaTi/Ta-potential/fcc-restart/05-rss-round-1/rss/minimized/unary-Ta/Ta-00296-1.poscar,Ta-potential/fcc-restart/05-rss-round-1/rss/raw/unary-Ta/Ta-00296.poscar,15b4597cd42857d7eea312456ede062ba42797de3a5ad82d39059653871111e0,15b4597cd42857d7eea312456ede062ba42797de3a5ad82d39059653871111e0
rss-n20-p200000bar,Ta-potential/fcc-restart/05-rss-round-1/rss-selection/source-frames/rss-n20-p200000bar.xyz,44,20,200000.0,1,297,000893.poscar,unary-Ta/Ta-00297-1.poscar,/home/tuzhengyu/work/WTaTi/Ta-potential/fcc-restart/05-rss-round-1/rss/minimized/unary-Ta/Ta-00297-1.poscar,Ta-potential/fcc-restart/05-rss-round-1/rss/raw/unary-Ta/Ta-00297.poscar,abd01ca9d225ce1e50d0ce6fb66c6d398aad8f67e33d19de0c8df6e69915bfb8,abd01ca9d225ce1e50d0ce6fb66c6d398aad8f67e33d19de0c8df6e69915bfb8
rss-n20-p200000bar,Ta-potential/fcc-restart/05-rss-round-1/rss-selection/source-frames/rss-n20-p200000bar.xyz,45,20,200000.0,1,298,000896.poscar,unary-Ta/Ta-00298-1.poscar,/home/tuzhengyu/work/WTaTi/Ta-potential/fcc-restart/05-rss-round-1/rss/minimized/unary-Ta/Ta-00298-1.poscar,Ta-potential/fcc-restart/05-rss-round-1/rss/raw/unary-Ta/Ta-00298.poscar,b40127492438bc0fcf9438a18535847c1ab807fa210ea201084c7e137a5c2236,b40127492438bc0fcf9438a18535847c1ab807fa210ea201084c7e137a5c2236
rss-n20-p200000bar,Ta-potential/fcc-restart/05-rss-round-1/rss-selection/source-frames/rss-n20-p200000bar.xyz,46,20,200000.0,1,299,000899.poscar,unary-Ta/Ta-00299-1.poscar,/home/tuzhengyu/work/WTaTi/Ta-potential/fcc-restart/05-rss-round-1/rss/minimized/unary-Ta/Ta-00299-1.poscar,Ta-potential/fcc-restart/05-rss-round-1/rss/raw/unary-Ta/Ta-00299.poscar,020125c990e2ed84175c942285be9b3a114049601d7a5f9e294607f056d11285,020125c990e2ed84175c942285be9b3a114049601d7a5f9e294607f056d11285
rss-n20-p400000bar,Ta-potential/fcc-restart/05-rss-round-1/rss-selection/source-frames/rss-n20-p400000bar.xyz,0,20,400000.0,2,250,000753.poscar,unary-Ta/Ta-00250-2.poscar,/home/tuzhengyu/work/WTaTi/Ta-potential/fcc-restart/05-rss-round-1/rss/minimized/unary-Ta/Ta-00250-2.poscar,Ta-potential/fcc-restart/05-rss-round-1/rss/raw/unary-Ta/Ta-00250.poscar,b342667c186a1e691176cf1c4affbaf27c5ed01dcd084eca4f96374bf6a58da6,b342667c186a1e691176cf1c4affbaf27c5ed01dcd084eca4f96374bf6a58da6
rss-n20-p400000bar,Ta-potential/fcc-restart/05-rss-round-1/rss-selection/source-frames/rss-n20-p400000bar.xyz,1,20,400000.0,2,251,000756.poscar,unary-Ta/Ta-00251-2.poscar,/home/tuzhengyu/work/WTaTi/Ta-potential/fcc-restart/05-rss-round-1/rss/minimized/unary-Ta/Ta-00251-2.poscar,Ta-potential/fcc-restart/05-rss-round-1/rss/raw/unary-Ta/Ta-00251.poscar,07ca213e1fa7571be8c90477a2b93fb0cb64b8ae1d3a408d6d60b7462dda85c9,07ca213e1fa7571be8c90477a2b93fb0cb64b8ae1d3a408d6d60b7462dda85c9
rss-n20-p400000bar,Ta-potential/fcc-restart/05-rss-round-1/rss-selection/source-frames/rss-n20-p400000bar.xyz,2,20,400000.0,2,252,000759.poscar,unary-Ta/Ta-00252-2.poscar,/home/tuzhengyu/work/WTaTi/Ta-potential/fcc-restart/05-rss-round-1/rss/minimized/unary-Ta/Ta-00252-2.poscar,Ta-potential/fcc-restart/05-rss-round-1/rss/raw/unary-Ta/Ta-00252.poscar,95d42254794ba537be8d0922f21256526875f86f87105d50f826fcb11f598cdd,95d42254794ba537be8d0922f21256526875f86f87105d50f826fcb11f598cdd
rss-n20-p400000bar,Ta-potential/fcc-restart/05-rss-round-1/rss-selection/source-frames/rss-n20-p400000bar.xyz,3,20,400000.0,2,254,000765.poscar,unary-Ta/Ta-00254-2.poscar,/home/tuzhengyu/work/WTaTi/Ta-potential/fcc-restart/05-rss-round-1/rss/minimized/unary-Ta/Ta-00254-2.poscar,Ta-potential/fcc-restart/05-rss-round-1/rss/raw/unary-Ta/Ta-00254.poscar,d0dba6fe71099d1bd133dcc9b4e02aed31e5ba98d10ee4837913ebd3ac5095e4,d0dba6fe71099d1bd133dcc9b4e02aed31e5ba98d10ee4837913ebd3ac5095e4
rss-n20-p400000bar,Ta-potential/fcc-restart/05-rss-round-1/rss-selection/source-frames/rss-n20-p400000bar.xyz,4,20,400000.0,2,255,000768.poscar,unary-Ta/Ta-00255-2.poscar,/home/tuzhengyu/work/WTaTi/Ta-potential/fcc-restart/05-rss-round-1/rss/minimized/unary-Ta/Ta-00255-2.poscar,Ta-potential/fcc-restart/05-rss-round-1/rss/raw/unary-Ta/Ta-00255.poscar,1e3e556e147c7b1b617158432539c8468ca36addc30e09d4553ddd44ad89bdea,1e3e556e147c7b1b617158432539c8468ca36addc30e09d4553ddd44ad89bdea
rss-n20-p400000bar,Ta-potential/fcc-restart/05-rss-round-1/rss-selection/source-frames/rss-n20-p400000bar.xyz,5,20,400000.0,2,256,000771.poscar,unary-Ta/Ta-00256-2.poscar,/home/tuzhengyu/work/WTaTi/Ta-potential/fcc-restart/05-rss-round-1/rss/minimized/unary-Ta/Ta-00256-2.poscar,Ta-potential/fcc-restart/05-rss-round-1/rss/raw/unary-Ta/Ta-00256.poscar,3b8869a1e6d402d5cf1bb8bcc2493ed91268e7c9cc4b0b1c38545897ac1d93e1,3b8869a1e6d402d5cf1bb8bcc2493ed91268e7c9cc4b0b1c38545897ac1d93e1
rss-n20-p400000bar,Ta-potential/fcc-restart/05-rss-round-1/rss-selection/source-frames/rss-n20-p400000bar.xyz,6,20,400000.0,2,257,000774.poscar,unary-Ta/Ta-00257-2.poscar,/home/tuzhengyu/work/WTaTi/Ta-potential/fcc-restart/05-rss-round-1/rss/minimized/unary-Ta/Ta-00257-2.poscar,Ta-potential/fcc-restart/05-rss-round-1/rss/raw/unary-Ta/Ta-00257.poscar,490b8cbe038e76053d4605f929a749ff7233ea0b998473e657b159ff12807e85,490b8cbe038e76053d4605f929a749ff7233ea0b998473e657b159ff12807e85
rss-n20-p400000bar,Ta-potential/fcc-restart/05-rss-round-1/rss-selection/source-frames/rss-n20-p400000bar.xyz,7,20,400000.0,2,258,000777.poscar,unary-Ta/Ta-00258-2.poscar,/home/tuzhengyu/work/WTaTi/Ta-potential/fcc-restart/05-rss-round-1/rss/minimized/unary-Ta/Ta-00258-2.poscar,Ta-potential/fcc-restart/05-rss-round-1/rss/raw/unary-Ta/Ta-00258.poscar,912443214bac827bf2b560449f54d597185dd3414bf60312834ab44e97877b21,912443214bac827bf2b560449f54d597185dd3414bf60312834ab44e97877b21
rss-n20-p400000bar,Ta-potential/fcc-restart/05-rss-round-1/rss-selection/source-frames/rss-n20-p400000bar.xyz,8,20,400000.0,2,259,000780.poscar,unary-Ta/Ta-00259-2.poscar,/home/tuzhengyu/work/WTaTi/Ta-potential/fcc-restart/05-rss-round-1/rss/minimized/unary-Ta/Ta-00259-2.poscar,Ta-potential/fcc-restart/05-rss-round-1/rss/raw/unary-Ta/Ta-00259.poscar,75bd408b4ee03ec64d2f4779fffba70b46fc340e723144c0615e88a736a09897,75bd408b4ee03ec64d2f4779fffba70b46fc340e723144c0615e88a736a09897
rss-n20-p400000bar,Ta-potential/fcc-restart/05-rss-round-1/rss-selection/source-frames/rss-n20-p400000bar.xyz,9,20,400000.0,2,261,000786.poscar,unary-Ta/Ta-00261-2.poscar,/home/tuzhengyu/work/WTaTi/Ta-potential/fcc-restart/05-rss-round-1/rss/minimized/unary-Ta/Ta-00261-2.poscar,Ta-potential/fcc-restart/05-rss-round-1/rss/raw/unary-Ta/Ta-00261.poscar,6c9fa9621115a12bd64b2a0f1a7fe6c6d093c48646fd15e132a17e929adf095b,6c9fa9621115a12bd64b2a0f1a7fe6c6d093c48646fd15e132a17e929adf095b
rss-n20-p400000bar,Ta-potential/fcc-restart/05-rss-round-1/rss-selection/source-frames/rss-n20-p400000bar.xyz,10,20,400000.0,2,262,000789.poscar,unary-Ta/Ta-00262-2.poscar,/home/tuzhengyu/work/WTaTi/Ta-potential/fcc-restart/05-rss-round-1/rss/minimized/unary-Ta/Ta-00262-2.poscar,Ta-potential/fcc-restart/05-rss-round-1/rss/raw/unary-Ta/Ta-00262.poscar,1115bb87018e973d158b70dd04842fafd1ce95df120f920ebe70962e54e34300,1115bb87018e973d158b70dd04842fafd1ce95df120f920ebe70962e54e34300
rss-n20-p400000bar,Ta-potential/fcc-restart/05-rss-round-1/rss-selection/source-frames/rss-n20-p400000bar.xyz,11,20,400000.0,2,263,000792.poscar,unary-Ta/Ta-00263-2.poscar,/home/tuzhengyu/work/WTaTi/Ta-potential/fcc-restart/05-rss-round-1/rss/minimized/unary-Ta/Ta-00263-2.poscar,Ta-potential/fcc-restart/05-rss-round-1/rss/raw/unary-Ta/Ta-00263.poscar,ee95c713f056e6c9b29390bca31b42069e6f01c5ba6b1adcbec0652aed0d4627,ee95c713f056e6c9b29390bca31b42069e6f01c5ba6b1adcbec0652aed0d4627
rss-n20-p400000bar,Ta-potential/fcc-restart/05-rss-round-1/rss-selection/source-frames/rss-n20-p400000bar.xyz,12,20,400000.0,2,264,000795.poscar,unary-Ta/Ta-00264-2.poscar,/home/tuzhengyu/work/WTaTi/Ta-potential/fcc-restart/05-rss-round-1/rss/minimized/unary-Ta/Ta-00264-2.poscar,Ta-potential/fcc-restart/05-rss-round-1/rss/raw/unary-Ta/Ta-00264.poscar,ef968ab3d49dbc3f58f2aa350018ff2174a790d63d2ce3280fd9b70c9a58bc04,ef968ab3d49dbc3f58f2aa350018ff2174a790d63d2ce3280fd9b70c9a58bc04
rss-n20-p400000bar,Ta-potential/fcc-restart/05-rss-round-1/rss-selection/source-frames/rss-n20-p400000bar.xyz,13,20,400000.0,2,265,000798.poscar,unary-Ta/Ta-00265-2.poscar,/home/tuzhengyu/work/WTaTi/Ta-potential/fcc-restart/05-rss-round-1/rss/minimized/unary-Ta/Ta-00265-2.poscar,Ta-potential/fcc-restart/05-rss-round-1/rss/raw/unary-Ta/Ta-00265.poscar,f564309ed6806c4bcd17a5c5b9e49fc63fd684ed2d7c2f002168b2c76bdea3a9,f564309ed6806c4bcd17a5c5b9e49fc63fd684ed2d7c2f002168b2c76bdea3a9
rss-n20-p400000bar,Ta-potential/fcc-restart/05-rss-round-1/rss-selection/source-frames/rss-n20-p400000bar.xyz,14,20,400000.0,2,266,000801.poscar,unary-Ta/Ta-00266-2.poscar,/home/tuzhengyu/work/WTaTi/Ta-potential/fcc-restart/05-rss-round-1/rss/minimized/unary-Ta/Ta-00266-2.poscar,Ta-potential/fcc-restart/05-rss-round-1/rss/raw/unary-Ta/Ta-00266.poscar,c0ec0cc929540d98e446df7e5adaf37664728971a04e657158254c62630d5b49,c0ec0cc929540d98e446df7e5adaf37664728971a04e657158254c62630d5b49
rss-n20-p400000bar,Ta-potential/fcc-restart/05-rss-round-1/rss-selection/source-frames/rss-n20-p400000bar.xyz,15,20,400000.0,2,267,000804.poscar,unary-Ta/Ta-00267-2.poscar,/home/tuzhengyu/work/WTaTi/Ta-potential/fcc-restart/05-rss-round-1/rss/minimized/unary-Ta/Ta-00267-2.poscar,Ta-potential/fcc-restart/05-rss-round-1/rss/raw/unary-Ta/Ta-00267.poscar,fa71426ced355beb7dbda2e9f4a87cd8e2f9aedc3d11e27e880f52c3d901ddef,fa71426ced355beb7dbda2e9f4a87cd8e2f9aedc3d11e27e880f52c3d901ddef
rss-n20-p400000bar,Ta-potential/fcc-restart/05-rss-round-1/rss-selection/source-frames/rss-n20-p400000bar.xyz,16,20,400000.0,2,268,000807.poscar,unary-Ta/Ta-00268-2.poscar,/home/tuzhengyu/work/WTaTi/Ta-potential/fcc-restart/05-rss-round-1/rss/minimized/unary-Ta/Ta-00268-2.poscar,Ta-potential/fcc-restart/05-rss-round-1/rss/raw/unary-Ta/Ta-00268.poscar,68a5884eed3797f099cb6804b9397049b01bb3778763745796f269e3ae7c99cd,68a5884eed3797f099cb6804b9397049b01bb3778763745796f269e3ae7c99cd
rss-n20-p400000bar,Ta-potential/fcc-restart/05-rss-round-1/rss-selection/source-frames/rss-n20-p400000bar.xyz,17,20,400000.0,2,269,000810.poscar,unary-Ta/Ta-00269-2.poscar,/home/tuzhengyu/work/WTaTi/Ta-potential/fcc-restart/05-rss-round-1/rss/minimized/unary-Ta/Ta-00269-2.poscar,Ta-potential/fcc-restart/05-rss-round-1/rss/raw/unary-Ta/Ta-00269.poscar,b3f55b36da7031641dd5042fbf85078d4996da50d5fe27e0318f0f742ea56c66,b3f55b36da7031641dd5042fbf85078d4996da50d5fe27e0318f0f742ea56c66
rss-n20-p400000bar,Ta-potential/fcc-restart/05-rss-round-1/rss-selection/source-frames/rss-n20-p400000bar.xyz,18,20,400000.0,2,270,000813.poscar,unary-Ta/Ta-00270-2.poscar,/home/tuzhengyu/work/WTaTi/Ta-potential/fcc-restart/05-rss-round-1/rss/minimized/unary-Ta/Ta-00270-2.poscar,Ta-potential/fcc-restart/05-rss-round-1/rss/raw/unary-Ta/Ta-00270.poscar,eaf531c0842366a355642d300f849dfd7bd6ce367c41575ae7f0095cf374f538,eaf531c0842366a355642d300f849dfd7bd6ce367c41575ae7f0095cf374f538
rss-n20-p400000bar,Ta-potential/fcc-restart/05-rss-round-1/rss-selection/source-frames/rss-n20-p400000bar.xyz,19,20,400000.0,2,271,000816.poscar,unary-Ta/Ta-00271-2.poscar,/home/tuzhengyu/work/WTaTi/Ta-potential/fcc-restart/05-rss-round-1/rss/minimized/unary-Ta/Ta-00271-2.poscar,Ta-potential/fcc-restart/05-rss-round-1/rss/raw/unary-Ta/Ta-00271.poscar,89bd9387a48d4cf4900d8330f5d605778b95608eb43b595237b170417c10655f,89bd9387a48d4cf4900d8330f5d605778b95608eb43b595237b170417c10655f
rss-n20-p400000bar,Ta-potential/fcc-restart/05-rss-round-1/rss-selection/source-frames/rss-n20-p400000bar.xyz,20,20,400000.0,2,272,000819.poscar,unary-Ta/Ta-00272-2.poscar,/home/tuzhengyu/work/WTaTi/Ta-potential/fcc-restart/05-rss-round-1/rss/minimized/unary-Ta/Ta-00272-2.poscar,Ta-potential/fcc-restart/05-rss-round-1/rss/raw/unary-Ta/Ta-00272.poscar,d444eb6f2f0e0b0c09400c2dd8439e6f4166436a9771bb9d52bd5d13a76b6d62,d444eb6f2f0e0b0c09400c2dd8439e6f4166436a9771bb9d52bd5d13a76b6d62
rss-n20-p400000bar,Ta-potential/fcc-restart/05-rss-round-1/rss-selection/source-frames/rss-n20-p400000bar.xyz,21,20,400000.0,2,273,000822.poscar,unary-Ta/Ta-00273-2.poscar,/home/tuzhengyu/work/WTaTi/Ta-potential/fcc-restart/05-rss-round-1/rss/minimized/unary-Ta/Ta-00273-2.poscar,Ta-potential/fcc-restart/05-rss-round-1/rss/raw/unary-Ta/Ta-00273.poscar,388c43255666146d29c731ca989b25dfc0ea18ffa585c4a371725ccdb7da8630,388c43255666146d29c731ca989b25dfc0ea18ffa585c4a371725ccdb7da8630
rss-n20-p400000bar,Ta-potential/fcc-restart/05-rss-round-1/rss-selection/source-frames/rss-n20-p400000bar.xyz,22,20,400000.0,2,274,000825.poscar,unary-Ta/Ta-00274-2.poscar,/home/tuzhengyu/work/WTaTi/Ta-potential/fcc-restart/05-rss-round-1/rss/minimized/unary-Ta/Ta-00274-2.poscar,Ta-potential/fcc-restart/05-rss-round-1/rss/raw/unary-Ta/Ta-00274.poscar,a94a1c0a8a09f29540025ec938fa8a99197d0a5c73eef9df3bba5675b5da6a4a,a94a1c0a8a09f29540025ec938fa8a99197d0a5c73eef9df3bba5675b5da6a4a
rss-n20-p400000bar,Ta-potential/fcc-restart/05-rss-round-1/rss-selection/source-frames/rss-n20-p400000bar.xyz,23,20,400000.0,2,276,000831.poscar,unary-Ta/Ta-00276-2.poscar,/home/tuzhengyu/work/WTaTi/Ta-potential/fcc-restart/05-rss-round-1/rss/minimized/unary-Ta/Ta-00276-2.poscar,Ta-potential/fcc-restart/05-rss-round-1/rss/raw/unary-Ta/Ta-00276.poscar,25bfaaf5affe2abc6f950e5b7352273eaea14f7e5ce778bbc45118079d5e9dcd,25bfaaf5affe2abc6f950e5b7352273eaea14f7e5ce778bbc45118079d5e9dcd
rss-n20-p400000bar,Ta-potential/fcc-restart/05-rss-round-1/rss-selection/source-frames/rss-n20-p400000bar.xyz,24,20,400000.0,2,277,000834.poscar,unary-Ta/Ta-00277-2.poscar,/home/tuzhengyu/work/WTaTi/Ta-potential/fcc-restart/05-rss-round-1/rss/minimized/unary-Ta/Ta-00277-2.poscar,Ta-potential/fcc-restart/05-rss-round-1/rss/raw/unary-Ta/Ta-00277.poscar,f449a4c4a9c8c5dacb51e815ce62ea1844614c5104a8c0666956b5042196f8a6,f449a4c4a9c8c5dacb51e815ce62ea1844614c5104a8c0666956b5042196f8a6
rss-n20-p400000bar,Ta-potential/fcc-restart/05-rss-round-1/rss-selection/source-frames/rss-n20-p400000bar.xyz,25,20,400000.0,2,278,000837.poscar,unary-Ta/Ta-00278-2.poscar,/home/tuzhengyu/work/WTaTi/Ta-potential/fcc-restart/05-rss-round-1/rss/minimized/unary-Ta/Ta-00278-2.poscar,Ta-potential/fcc-restart/05-rss-round-1/rss/raw/unary-Ta/Ta-00278.poscar,5c67b3b3943e0f472e1b6f3b194b95943f440fd334dffc3ae6846ee9df7376c0,5c67b3b3943e0f472e1b6f3b194b95943f440fd334dffc3ae6846ee9df7376c0
rss-n20-p400000bar,Ta-potential/fcc-restart/05-rss-round-1/rss-selection/source-frames/rss-n20-p400000bar.xyz,26,20,400000.0,2,279,000840.poscar,unary-Ta/Ta-00279-2.poscar,/home/tuzhengyu/work/WTaTi/Ta-potential/fcc-restart/05-rss-round-1/rss/minimized/unary-Ta/Ta-00279-2.poscar,Ta-potential/fcc-restart/05-rss-round-1/rss/raw/unary-Ta/Ta-00279.poscar,e4912317ec56b7737e897e53ccc86302d5261456cb2e40bc7334595127cc19bf,e4912317ec56b7737e897e53ccc86302d5261456cb2e40bc7334595127cc19bf
rss-n20-p400000bar,Ta-potential/fcc-restart/05-rss-round-1/rss-selection/source-frames/rss-n20-p400000bar.xyz,27,20,400000.0,2,280,000843.poscar,unary-Ta/Ta-00280-2.poscar,/home/tuzhengyu/work/WTaTi/Ta-potential/fcc-restart/05-rss-round-1/rss/minimized/unary-Ta/Ta-00280-2.poscar,Ta-potential/fcc-restart/05-rss-round-1/rss/raw/unary-Ta/Ta-00280.poscar,1e76a20da9cffe6ec0be56ce759dff1dd1cd406338de712b8e97ed0e4b4e1ca6,1e76a20da9cffe6ec0be56ce759dff1dd1cd406338de712b8e97ed0e4b4e1ca6
rss-n20-p400000bar,Ta-potential/fcc-restart/05-rss-round-1/rss-selection/source-frames/rss-n20-p400000bar.xyz,28,20,400000.0,2,281,000846.poscar,unary-Ta/Ta-00281-2.poscar,/home/tuzhengyu/work/WTaTi/Ta-potential/fcc-restart/05-rss-round-1/rss/minimized/unary-Ta/Ta-00281-2.poscar,Ta-potential/fcc-restart/05-rss-round-1/rss/raw/unary-Ta/Ta-00281.poscar,9aee7f2ae59a90e7df23c1107272cfefc4d1c917f5079f36cf5be00c50a62d7c,9aee7f2ae59a90e7df23c1107272cfefc4d1c917f5079f36cf5be00c50a62d7c
rss-n20-p400000bar,Ta-potential/fcc-restart/05-rss-round-1/rss-selection/source-frames/rss-n20-p400000bar.xyz,29,20,400000.0,2,282,000849.poscar,unary-Ta/Ta-00282-2.poscar,/home/tuzhengyu/work/WTaTi/Ta-potential/fcc-restart/05-rss-round-1/rss/minimized/unary-Ta/Ta-00282-2.poscar,Ta-potential/fcc-restart/05-rss-round-1/rss/raw/unary-Ta/Ta-00282.poscar,8ffcb630f2a4609da89db6852b9a5ed948e1eb7a3e675911ed3525f7643ee066,8ffcb630f2a4609da89db6852b9a5ed948e1eb7a3e675911ed3525f7643ee066
rss-n20-p400000bar,Ta-potential/fcc-restart/05-rss-round-1/rss-selection/source-frames/rss-n20-p400000bar.xyz,30,20,400000.0,2,284,000855.poscar,unary-Ta/Ta-00284-2.poscar,/home/tuzhengyu/work/WTaTi/Ta-potential/fcc-restart/05-rss-round-1/rss/minimized/unary-Ta/Ta-00284-2.poscar,Ta-potential/fcc-restart/05-rss-round-1/rss/raw/unary-Ta/Ta-00284.poscar,a426214d17c3b2dac446dbe290de6760229eda419e1d7f179b1a3632e4fa89ff,a426214d17c3b2dac446dbe290de6760229eda419e1d7f179b1a3632e4fa89ff
rss-n20-p400000bar,Ta-potential/fcc-restart/05-rss-round-1/rss-selection/source-frames/rss-n20-p400000bar.xyz,31,20,400000.0,2,285,000858.poscar,unary-Ta/Ta-00285-2.poscar,/home/tuzhengyu/work/WTaTi/Ta-potential/fcc-restart/05-rss-round-1/rss/minimized/unary-Ta/Ta-00285-2.poscar,Ta-potential/fcc-restart/05-rss-round-1/rss/raw/unary-Ta/Ta-00285.poscar,fdd8eb51bba035705d5b0cdd85f040c85f5635407cfbd0326e45e499b36affd5,fdd8eb51bba035705d5b0cdd85f040c85f5635407cfbd0326e45e499b36affd5
rss-n20-p400000bar,Ta-potential/fcc-restart/05-rss-round-1/rss-selection/source-frames/rss-n20-p400000bar.xyz,32,20,400000.0,2,286,000861.poscar,unary-Ta/Ta-00286-2.poscar,/home/tuzhengyu/work/WTaTi/Ta-potential/fcc-restart/05-rss-round-1/rss/minimized/unary-Ta/Ta-00286-2.poscar,Ta-potential/fcc-restart/05-rss-round-1/rss/raw/unary-Ta/Ta-00286.poscar,0cb8958eb47ccf03f5ec5e9b6b30e82a754ea93ea379b1f1e8cb193ebe26e06e,0cb8958eb47ccf03f5ec5e9b6b30e82a754ea93ea379b1f1e8cb193ebe26e06e
rss-n20-p400000bar,Ta-potential/fcc-restart/05-rss-round-1/rss-selection/source-frames/rss-n20-p400000bar.xyz,33,20,400000.0,2,287,000864.poscar,unary-Ta/Ta-00287-2.poscar,/home/tuzhengyu/work/WTaTi/Ta-potential/fcc-restart/05-rss-round-1/rss/minimized/unary-Ta/Ta-00287-2.poscar,Ta-potential/fcc-restart/05-rss-round-1/rss/raw/unary-Ta/Ta-00287.poscar,e1d7a51bfc06a6f9d90235fc0e4d22aae1951755a305424839ecfb0375cffcf5,e1d7a51bfc06a6f9d90235fc0e4d22aae1951755a305424839ecfb0375cffcf5
rss-n20-p400000bar,Ta-potential/fcc-restart/05-rss-round-1/rss-selection/source-frames/rss-n20-p400000bar.xyz,34,20,400000.0,2,288,000867.poscar,unary-Ta/Ta-00288-2.poscar,/home/tuzhengyu/work/WTaTi/Ta-potential/fcc-restart/05-rss-round-1/rss/minimized/unary-Ta/Ta-00288-2.poscar,Ta-potential/fcc-restart/05-rss-round-1/rss/raw/unary-Ta/Ta-00288.poscar,cffbe293a3abe0fdffef35eeae670891bf8fcd570b65c472bf148469a427cd89,cffbe293a3abe0fdffef35eeae670891bf8fcd570b65c472bf148469a427cd89
rss-n20-p400000bar,Ta-potential/fcc-restart/05-rss-round-1/rss-selection/source-frames/rss-n20-p400000bar.xyz,35,20,400000.0,2,289,000870.poscar,unary-Ta/Ta-00289-2.poscar,/home/tuzhengyu/work/WTaTi/Ta-potential/fcc-restart/05-rss-round-1/rss/minimized/unary-Ta/Ta-00289-2.poscar,Ta-potential/fcc-restart/05-rss-round-1/rss/raw/unary-Ta/Ta-00289.poscar,83f686a7f4525785af036ef250cb28eafead8592e224c65b2dc96c272f76fd30,83f686a7f4525785af036ef250cb28eafead8592e224c65b2dc96c272f76fd30
rss-n20-p400000bar,Ta-potential/fcc-restart/05-rss-round-1/rss-selection/source-frames/rss-n20-p400000bar.xyz,36,20,400000.0,2,290,000873.poscar,unary-Ta/Ta-00290-2.poscar,/home/tuzhengyu/work/WTaTi/Ta-potential/fcc-restart/05-rss-round-1/rss/minimized/unary-Ta/Ta-00290-2.poscar,Ta-potential/fcc-restart/05-rss-round-1/rss/raw/unary-Ta/Ta-00290.poscar,6d31594b498ca2e74d355500ebfc8906a850dff126b292d75492df8c8e60bfa9,6d31594b498ca2e74d355500ebfc8906a850dff126b292d75492df8c8e60bfa9
rss-n20-p400000bar,Ta-potential/fcc-restart/05-rss-round-1/rss-selection/source-frames/rss-n20-p400000bar.xyz,37,20,400000.0,2,291,000876.poscar,unary-Ta/Ta-00291-2.poscar,/home/tuzhengyu/work/WTaTi/Ta-potential/fcc-restart/05-rss-round-1/rss/minimized/unary-Ta/Ta-00291-2.poscar,Ta-potential/fcc-restart/05-rss-round-1/rss/raw/unary-Ta/Ta-00291.poscar,8989b3fc00eb6e2552eb6a186169e57fcda9355ef7a49d3539aea2ba2b79e559,8989b3fc00eb6e2552eb6a186169e57fcda9355ef7a49d3539aea2ba2b79e559
rss-n20-p400000bar,Ta-potential/fcc-restart/05-rss-round-1/rss-selection/source-frames/rss-n20-p400000bar.xyz,38,20,400000.0,2,292,000879.poscar,unary-Ta/Ta-00292-2.poscar,/home/tuzhengyu/work/WTaTi/Ta-potential/fcc-restart/05-rss-round-1/rss/minimized/unary-Ta/Ta-00292-2.poscar,Ta-potential/fcc-restart/05-rss-round-1/rss/raw/unary-Ta/Ta-00292.poscar,2c5960ede68f92113c30cdd04c8660d372dcdeb4c44ea8493a2be8eb4a3ac266,2c5960ede68f92113c30cdd04c8660d372dcdeb4c44ea8493a2be8eb4a3ac266
rss-n20-p400000bar,Ta-potential/fcc-restart/05-rss-round-1/rss-selection/source-frames/rss-n20-p400000bar.xyz,39,20,400000.0,2,293,000882.poscar,unary-Ta/Ta-00293-2.poscar,/home/tuzhengyu/work/WTaTi/Ta-potential/fcc-restart/05-rss-round-1/rss/minimized/unary-Ta/Ta-00293-2.poscar,Ta-potential/fcc-restart/05-rss-round-1/rss/raw/unary-Ta/Ta-00293.poscar,ce80f7d801407479ee1fa2efaa65f407372db9565297cce492b744e27fd0b171,ce80f7d801407479ee1fa2efaa65f407372db9565297cce492b744e27fd0b171
rss-n20-p400000bar,Ta-potential/fcc-restart/05-rss-round-1/rss-selection/source-frames/rss-n20-p400000bar.xyz,40,20,400000.0,2,294,000885.poscar,unary-Ta/Ta-00294-2.poscar,/home/tuzhengyu/work/WTaTi/Ta-potential/fcc-restart/05-rss-round-1/rss/minimized/unary-Ta/Ta-00294-2.poscar,Ta-potential/fcc-restart/05-rss-round-1/rss/raw/unary-Ta/Ta-00294.poscar,7d1f8df8b09e6b69485bcee07d941a9f388eccd12c0de741ce0bfb38c764076c,7d1f8df8b09e6b69485bcee07d941a9f388eccd12c0de741ce0bfb38c764076c
rss-n20-p400000bar,Ta-potential/fcc-restart/05-rss-round-1/rss-selection/source-frames/rss-n20-p400000bar.xyz,41,20,400000.0,2,295,000888.poscar,unary-Ta/Ta-00295-2.poscar,/home/tuzhengyu/work/WTaTi/Ta-potential/fcc-restart/05-rss-round-1/rss/minimized/unary-Ta/Ta-00295-2.poscar,Ta-potential/fcc-restart/05-rss-round-1/rss/raw/unary-Ta/Ta-00295.poscar,7f45b2d7c9cf5542a05b4659b2c7e608ddabaec3817702d3dda1ebfa7bf8b272,7f45b2d7c9cf5542a05b4659b2c7e608ddabaec3817702d3dda1ebfa7bf8b272
rss-n20-p400000bar,Ta-potential/fcc-restart/05-rss-round-1/rss-selection/source-frames/rss-n20-p400000bar.xyz,42,20,400000.0,2,297,000894.poscar,unary-Ta/Ta-00297-2.poscar,/home/tuzhengyu/work/WTaTi/Ta-potential/fcc-restart/05-rss-round-1/rss/minimized/unary-Ta/Ta-00297-2.poscar,Ta-potential/fcc-restart/05-rss-round-1/rss/raw/unary-Ta/Ta-00297.poscar,014ec2f8d3c215fd1a12a69ccea3885f21f51723cadaf9435102caeb9adf25ba,014ec2f8d3c215fd1a12a69ccea3885f21f51723cadaf9435102caeb9adf25ba
rss-n20-p400000bar,Ta-potential/fcc-restart/05-rss-round-1/rss-selection/source-frames/rss-n20-p400000bar.xyz,43,20,400000.0,2,298,000897.poscar,unary-Ta/Ta-00298-2.poscar,/home/tuzhengyu/work/WTaTi/Ta-potential/fcc-restart/05-rss-round-1/rss/minimized/unary-Ta/Ta-00298-2.poscar,Ta-potential/fcc-restart/05-rss-round-1/rss/raw/unary-Ta/Ta-00298.poscar,76298762bb41cc801454e078d32856a9d5d3a63e21f2c0c0b8b1052c9ad52905,76298762bb41cc801454e078d32856a9d5d3a63e21f2c0c0b8b1052c9ad52905
rss-n20-p400000bar,Ta-potential/fcc-restart/05-rss-round-1/rss-selection/source-frames/rss-n20-p400000bar.xyz,44,20,400000.0,2,299,000900.poscar,unary-Ta/Ta-00299-2.poscar,/home/tuzhengyu/work/WTaTi/Ta-potential/fcc-restart/05-rss-round-1/rss/minimized/unary-Ta/Ta-00299-2.poscar,Ta-potential/fcc-restart/05-rss-round-1/rss/raw/unary-Ta/Ta-00299.poscar,ac49d61efd374a0a5ea32f5266c9ef45cca9ffbedf11c5de68c3fc45b93058fe,ac49d61efd374a0a5ea32f5266c9ef45cca9ffbedf11c5de68c3fc45b93058fe
rss-n22-p0bar,Ta-potential/fcc-restart/05-rss-round-1/rss-selection/source-frames/rss-n22-p0bar.xyz,0,22,0.0,0,300,000901.poscar,unary-Ta/Ta-00300-0.poscar,/home/tuzhengyu/work/WTaTi/Ta-potential/fcc-restart/05-rss-round-1/rss/minimized/unary-Ta/Ta-00300-0.poscar,Ta-potential/fcc-restart/05-rss-round-1/rss/raw/unary-Ta/Ta-00300.poscar,83453511ba435165b9118157dab8a16ba44c5ac87956b8d92524b862fca90fcc,83453511ba435165b9118157dab8a16ba44c5ac87956b8d92524b862fca90fcc
rss-n22-p0bar,Ta-potential/fcc-restart/05-rss-round-1/rss-selection/source-frames/rss-n22-p0bar.xyz,1,22,0.0,0,301,000904.poscar,unary-Ta/Ta-00301-0.poscar,/home/tuzhengyu/work/WTaTi/Ta-potential/fcc-restart/05-rss-round-1/rss/minimized/unary-Ta/Ta-00301-0.poscar,Ta-potential/fcc-restart/05-rss-round-1/rss/raw/unary-Ta/Ta-00301.poscar,9272b92299b15efbaefca2f787bb3469e28667314ed4bc6fcfa43a2370d26115,9272b92299b15efbaefca2f787bb3469e28667314ed4bc6fcfa43a2370d26115
rss-n22-p0bar,Ta-potential/fcc-restart/05-rss-round-1/rss-selection/source-frames/rss-n22-p0bar.xyz,2,22,0.0,0,302,000907.poscar,unary-Ta/Ta-00302-0.poscar,/home/tuzhengyu/work/WTaTi/Ta-potential/fcc-restart/05-rss-round-1/rss/minimized/unary-Ta/Ta-00302-0.poscar,Ta-potential/fcc-restart/05-rss-round-1/rss/raw/unary-Ta/Ta-00302.poscar,804e8824799cdf442775b3610c115b7b81527635604787578a10b6ca118197a3,804e8824799cdf442775b3610c115b7b81527635604787578a10b6ca118197a3
rss-n22-p0bar,Ta-potential/fcc-restart/05-rss-round-1/rss-selection/source-frames/rss-n22-p0bar.xyz,3,22,0.0,0,303,000910.poscar,unary-Ta/Ta-00303-0.poscar,/home/tuzhengyu/work/WTaTi/Ta-potential/fcc-restart/05-rss-round-1/rss/minimized/unary-Ta/Ta-00303-0.poscar,Ta-potential/fcc-restart/05-rss-round-1/rss/raw/unary-Ta/Ta-00303.poscar,9784ffedfd80bf699e7073a12b2ee6385ef78cf7b589bb747b185e6ba35c7b43,9784ffedfd80bf699e7073a12b2ee6385ef78cf7b589bb747b185e6ba35c7b43
rss-n22-p0bar,Ta-potential/fcc-restart/05-rss-round-1/rss-selection/source-frames/rss-n22-p0bar.xyz,4,22,0.0,0,304,000913.poscar,unary-Ta/Ta-00304-0.poscar,/home/tuzhengyu/work/WTaTi/Ta-potential/fcc-restart/05-rss-round-1/rss/minimized/unary-Ta/Ta-00304-0.poscar,Ta-potential/fcc-restart/05-rss-round-1/rss/raw/unary-Ta/Ta-00304.poscar,c05bf38afaaff1955ad30af079e964ca0ee795ecf88851c9c61b10d71f9449b9,c05bf38afaaff1955ad30af079e964ca0ee795ecf88851c9c61b10d71f9449b9
rss-n22-p0bar,Ta-potential/fcc-restart/05-rss-round-1/rss-selection/source-frames/rss-n22-p0bar.xyz,5,22,0.0,0,306,000919.poscar,unary-Ta/Ta-00306-0.poscar,/home/tuzhengyu/work/WTaTi/Ta-potential/fcc-restart/05-rss-round-1/rss/minimized/unary-Ta/Ta-00306-0.poscar,Ta-potential/fcc-restart/05-rss-round-1/rss/raw/unary-Ta/Ta-00306.poscar,3a404e41c4712d50dace31ee37423feb725303a88c3c0887a5f3474d039b692c,3a404e41c4712d50dace31ee37423feb725303a88c3c0887a5f3474d039b692c
rss-n22-p0bar,Ta-potential/fcc-restart/05-rss-round-1/rss-selection/source-frames/rss-n22-p0bar.xyz,6,22,0.0,0,307,000922.poscar,unary-Ta/Ta-00307-0.poscar,/home/tuzhengyu/work/WTaTi/Ta-potential/fcc-restart/05-rss-round-1/rss/minimized/unary-Ta/Ta-00307-0.poscar,Ta-potential/fcc-restart/05-rss-round-1/rss/raw/unary-Ta/Ta-00307.poscar,391abc4cc954d7997834e8884b1763b332f185dbb583f6618c6fe25ff24bca84,391abc4cc954d7997834e8884b1763b332f185dbb583f6618c6fe25ff24bca84
rss-n22-p0bar,Ta-potential/fcc-restart/05-rss-round-1/rss-selection/source-frames/rss-n22-p0bar.xyz,7,22,0.0,0,308,000925.poscar,unary-Ta/Ta-00308-0.poscar,/home/tuzhengyu/work/WTaTi/Ta-potential/fcc-restart/05-rss-round-1/rss/minimized/unary-Ta/Ta-00308-0.poscar,Ta-potential/fcc-restart/05-rss-round-1/rss/raw/unary-Ta/Ta-00308.poscar,fbd91728e26a4c8a7ac99706fdb850bb3ab63aaed4f65108d97898226808e9bf,fbd91728e26a4c8a7ac99706fdb850bb3ab63aaed4f65108d97898226808e9bf
rss-n22-p0bar,Ta-potential/fcc-restart/05-rss-round-1/rss-selection/source-frames/rss-n22-p0bar.xyz,8,22,0.0,0,309,000928.poscar,unary-Ta/Ta-00309-0.poscar,/home/tuzhengyu/work/WTaTi/Ta-potential/fcc-restart/05-rss-round-1/rss/minimized/unary-Ta/Ta-00309-0.poscar,Ta-potential/fcc-restart/05-rss-round-1/rss/raw/unary-Ta/Ta-00309.poscar,6dd5b8069c944936fce59ee992d27a7412823d6073cb0ade398a8c6f246137c1,6dd5b8069c944936fce59ee992d27a7412823d6073cb0ade398a8c6f246137c1
rss-n22-p0bar,Ta-potential/fcc-restart/05-rss-round-1/rss-selection/source-frames/rss-n22-p0bar.xyz,9,22,0.0,0,310,000931.poscar,unary-Ta/Ta-00310-0.poscar,/home/tuzhengyu/work/WTaTi/Ta-potential/fcc-restart/05-rss-round-1/rss/minimized/unary-Ta/Ta-00310-0.poscar,Ta-potential/fcc-restart/05-rss-round-1/rss/raw/unary-Ta/Ta-00310.poscar,8a96bdf5ffd023c2b1ff8a8a79b06ce2fd14942346a6b1ab131eecc8752b5d42,8a96bdf5ffd023c2b1ff8a8a79b06ce2fd14942346a6b1ab131eecc8752b5d42
rss-n22-p0bar,Ta-potential/fcc-restart/05-rss-round-1/rss-selection/source-frames/rss-n22-p0bar.xyz,10,22,0.0,0,311,000934.poscar,unary-Ta/Ta-00311-0.poscar,/home/tuzhengyu/work/WTaTi/Ta-potential/fcc-restart/05-rss-round-1/rss/minimized/unary-Ta/Ta-00311-0.poscar,Ta-potential/fcc-restart/05-rss-round-1/rss/raw/unary-Ta/Ta-00311.poscar,b6672d0f86dc82bdee4ab33d5317abee166ba33b44c4bc649abdd1eb3b8a148c,b6672d0f86dc82bdee4ab33d5317abee166ba33b44c4bc649abdd1eb3b8a148c
rss-n22-p0bar,Ta-potential/fcc-restart/05-rss-round-1/rss-selection/source-frames/rss-n22-p0bar.xyz,11,22,0.0,0,312,000937.poscar,unary-Ta/Ta-00312-0.poscar,/home/tuzhengyu/work/WTaTi/Ta-potential/fcc-restart/05-rss-round-1/rss/minimized/unary-Ta/Ta-00312-0.poscar,Ta-potential/fcc-restart/05-rss-round-1/rss/raw/unary-Ta/Ta-00312.poscar,fff18f2bddec1c042f721060a221f05aaa59f6b5075b95cc7f40e29edb4ee13a,fff18f2bddec1c042f721060a221f05aaa59f6b5075b95cc7f40e29edb4ee13a
rss-n22-p0bar,Ta-potential/fcc-restart/05-rss-round-1/rss-selection/source-frames/rss-n22-p0bar.xyz,12,22,0.0,0,313,000940.poscar,unary-Ta/Ta-00313-0.poscar,/home/tuzhengyu/work/WTaTi/Ta-potential/fcc-restart/05-rss-round-1/rss/minimized/unary-Ta/Ta-00313-0.poscar,Ta-potential/fcc-restart/05-rss-round-1/rss/raw/unary-Ta/Ta-00313.poscar,38530be511a90b0439d141c8687c932ede2463088294b2332f8c9ca8e9a8313f,38530be511a90b0439d141c8687c932ede2463088294b2332f8c9ca8e9a8313f
rss-n22-p0bar,Ta-potential/fcc-restart/05-rss-round-1/rss-selection/source-frames/rss-n22-p0bar.xyz,13,22,0.0,0,314,000943.poscar,unary-Ta/Ta-00314-0.poscar,/home/tuzhengyu/work/WTaTi/Ta-potential/fcc-restart/05-rss-round-1/rss/minimized/unary-Ta/Ta-00314-0.poscar,Ta-potential/fcc-restart/05-rss-round-1/rss/raw/unary-Ta/Ta-00314.poscar,bc45e98f8f264c835dbe7bfc1e3c6a36322ca6171898b3759ff3a237f0fd58ce,bc45e98f8f264c835dbe7bfc1e3c6a36322ca6171898b3759ff3a237f0fd58ce
rss-n22-p0bar,Ta-potential/fcc-restart/05-rss-round-1/rss-selection/source-frames/rss-n22-p0bar.xyz,14,22,0.0,0,315,000946.poscar,unary-Ta/Ta-00315-0.poscar,/home/tuzhengyu/work/WTaTi/Ta-potential/fcc-restart/05-rss-round-1/rss/minimized/unary-Ta/Ta-00315-0.poscar,Ta-potential/fcc-restart/05-rss-round-1/rss/raw/unary-Ta/Ta-00315.poscar,f803dc61b72e387e9fb4c31fb3332609abfaad434a2a6a9531f37895d145cb6b,f803dc61b72e387e9fb4c31fb3332609abfaad434a2a6a9531f37895d145cb6b
rss-n22-p0bar,Ta-potential/fcc-restart/05-rss-round-1/rss-selection/source-frames/rss-n22-p0bar.xyz,15,22,0.0,0,316,000949.poscar,unary-Ta/Ta-00316-0.poscar,/home/tuzhengyu/work/WTaTi/Ta-potential/fcc-restart/05-rss-round-1/rss/minimized/unary-Ta/Ta-00316-0.poscar,Ta-potential/fcc-restart/05-rss-round-1/rss/raw/unary-Ta/Ta-00316.poscar,07bd1107782d195cb36015e53057fb4fff2c22d45849de72385fe5cf67edc1ba,07bd1107782d195cb36015e53057fb4fff2c22d45849de72385fe5cf67edc1ba
rss-n22-p0bar,Ta-potential/fcc-restart/05-rss-round-1/rss-selection/source-frames/rss-n22-p0bar.xyz,16,22,0.0,0,317,000952.poscar,unary-Ta/Ta-00317-0.poscar,/home/tuzhengyu/work/WTaTi/Ta-potential/fcc-restart/05-rss-round-1/rss/minimized/unary-Ta/Ta-00317-0.poscar,Ta-potential/fcc-restart/05-rss-round-1/rss/raw/unary-Ta/Ta-00317.poscar,b97e37a06a94746111ebc9fdbbf44e9a1bcccce83b62f18627938493da273fea,b97e37a06a94746111ebc9fdbbf44e9a1bcccce83b62f18627938493da273fea
rss-n22-p0bar,Ta-potential/fcc-restart/05-rss-round-1/rss-selection/source-frames/rss-n22-p0bar.xyz,17,22,0.0,0,318,000955.poscar,unary-Ta/Ta-00318-0.poscar,/home/tuzhengyu/work/WTaTi/Ta-potential/fcc-restart/05-rss-round-1/rss/minimized/unary-Ta/Ta-00318-0.poscar,Ta-potential/fcc-restart/05-rss-round-1/rss/raw/unary-Ta/Ta-00318.poscar,f5387317eff85ff1c2ed820ab1ed59f764260796f3b42d564836093c0a996fa9,f5387317eff85ff1c2ed820ab1ed59f764260796f3b42d564836093c0a996fa9
rss-n22-p0bar,Ta-potential/fcc-restart/05-rss-round-1/rss-selection/source-frames/rss-n22-p0bar.xyz,18,22,0.0,0,319,000958.poscar,unary-Ta/Ta-00319-0.poscar,/home/tuzhengyu/work/WTaTi/Ta-potential/fcc-restart/05-rss-round-1/rss/minimized/unary-Ta/Ta-00319-0.poscar,Ta-potential/fcc-restart/05-rss-round-1/rss/raw/unary-Ta/Ta-00319.poscar,5cc50f47c7742fdd816c1fb641a003f73208f70d4465b0725e2127ac059a394b,5cc50f47c7742fdd816c1fb641a003f73208f70d4465b0725e2127ac059a394b
rss-n22-p0bar,Ta-potential/fcc-restart/05-rss-round-1/rss-selection/source-frames/rss-n22-p0bar.xyz,19,22,0.0,0,320,000961.poscar,unary-Ta/Ta-00320-0.poscar,/home/tuzhengyu/work/WTaTi/Ta-potential/fcc-restart/05-rss-round-1/rss/minimized/unary-Ta/Ta-00320-0.poscar,Ta-potential/fcc-restart/05-rss-round-1/rss/raw/unary-Ta/Ta-00320.poscar,f5ea110d6503fa5b5957f6861c4566710f33606b97b7f90c2d493f75ef616435,f5ea110d6503fa5b5957f6861c4566710f33606b97b7f90c2d493f75ef616435
rss-n22-p0bar,Ta-potential/fcc-restart/05-rss-round-1/rss-selection/source-frames/rss-n22-p0bar.xyz,20,22,0.0,0,321,000964.poscar,unary-Ta/Ta-00321-0.poscar,/home/tuzhengyu/work/WTaTi/Ta-potential/fcc-restart/05-rss-round-1/rss/minimized/unary-Ta/Ta-00321-0.poscar,Ta-potential/fcc-restart/05-rss-round-1/rss/raw/unary-Ta/Ta-00321.poscar,c0c7f6ca9819d46d6d44bb41985683205bf7caa8d553d6e63f1c91dad98ef1dd,c0c7f6ca9819d46d6d44bb41985683205bf7caa8d553d6e63f1c91dad98ef1dd
rss-n22-p0bar,Ta-potential/fcc-restart/05-rss-round-1/rss-selection/source-frames/rss-n22-p0bar.xyz,21,22,0.0,0,322,000967.poscar,unary-Ta/Ta-00322-0.poscar,/home/tuzhengyu/work/WTaTi/Ta-potential/fcc-restart/05-rss-round-1/rss/minimized/unary-Ta/Ta-00322-0.poscar,Ta-potential/fcc-restart/05-rss-round-1/rss/raw/unary-Ta/Ta-00322.poscar,cfa7bde6d3a1d70e01bed089ab154cad4b0b1295e247c64a6930f2604c8476fd,cfa7bde6d3a1d70e01bed089ab154cad4b0b1295e247c64a6930f2604c8476fd
rss-n22-p0bar,Ta-potential/fcc-restart/05-rss-round-1/rss-selection/source-frames/rss-n22-p0bar.xyz,22,22,0.0,0,323,000970.poscar,unary-Ta/Ta-00323-0.poscar,/home/tuzhengyu/work/WTaTi/Ta-potential/fcc-restart/05-rss-round-1/rss/minimized/unary-Ta/Ta-00323-0.poscar,Ta-potential/fcc-restart/05-rss-round-1/rss/raw/unary-Ta/Ta-00323.poscar,0887975521dda3241a9c54be24b285abb1420dcf2ce822bbe6c9a89cdd10d84b,0887975521dda3241a9c54be24b285abb1420dcf2ce822bbe6c9a89cdd10d84b
rss-n22-p0bar,Ta-potential/fcc-restart/05-rss-round-1/rss-selection/source-frames/rss-n22-p0bar.xyz,23,22,0.0,0,324,000973.poscar,unary-Ta/Ta-00324-0.poscar,/home/tuzhengyu/work/WTaTi/Ta-potential/fcc-restart/05-rss-round-1/rss/minimized/unary-Ta/Ta-00324-0.poscar,Ta-potential/fcc-restart/05-rss-round-1/rss/raw/unary-Ta/Ta-00324.poscar,3e14c503b0df2e6e610ee04669de56e6abb603128aa801d502301d13067ec900,3e14c503b0df2e6e610ee04669de56e6abb603128aa801d502301d13067ec900
rss-n22-p0bar,Ta-potential/fcc-restart/05-rss-round-1/rss-selection/source-frames/rss-n22-p0bar.xyz,24,22,0.0,0,325,000976.poscar,unary-Ta/Ta-00325-0.poscar,/home/tuzhengyu/work/WTaTi/Ta-potential/fcc-restart/05-rss-round-1/rss/minimized/unary-Ta/Ta-00325-0.poscar,Ta-potential/fcc-restart/05-rss-round-1/rss/raw/unary-Ta/Ta-00325.poscar,a65a36931c09b5da21092ea2c6ca2d2a5a4c616599e7c004dc1bfb0d2dd21f62,a65a36931c09b5da21092ea2c6ca2d2a5a4c616599e7c004dc1bfb0d2dd21f62
rss-n22-p0bar,Ta-potential/fcc-restart/05-rss-round-1/rss-selection/source-frames/rss-n22-p0bar.xyz,25,22,0.0,0,326,000979.poscar,unary-Ta/Ta-00326-0.poscar,/home/tuzhengyu/work/WTaTi/Ta-potential/fcc-restart/05-rss-round-1/rss/minimized/unary-Ta/Ta-00326-0.poscar,Ta-potential/fcc-restart/05-rss-round-1/rss/raw/unary-Ta/Ta-00326.poscar,0d191ce1f6333671552e18ea1f0fbd0672c8212b23518a60d4a534ea0dbe6726,0d191ce1f6333671552e18ea1f0fbd0672c8212b23518a60d4a534ea0dbe6726
rss-n22-p0bar,Ta-potential/fcc-restart/05-rss-round-1/rss-selection/source-frames/rss-n22-p0bar.xyz,26,22,0.0,0,327,000982.poscar,unary-Ta/Ta-00327-0.poscar,/home/tuzhengyu/work/WTaTi/Ta-potential/fcc-restart/05-rss-round-1/rss/minimized/unary-Ta/Ta-00327-0.poscar,Ta-potential/fcc-restart/05-rss-round-1/rss/raw/unary-Ta/Ta-00327.poscar,04a6466235764c61f6d41da55f4136ff11f806d9365e6b444ee17389ba8bc026,04a6466235764c61f6d41da55f4136ff11f806d9365e6b444ee17389ba8bc026
rss-n22-p0bar,Ta-potential/fcc-restart/05-rss-round-1/rss-selection/source-frames/rss-n22-p0bar.xyz,27,22,0.0,0,328,000985.poscar,unary-Ta/Ta-00328-0.poscar,/home/tuzhengyu/work/WTaTi/Ta-potential/fcc-restart/05-rss-round-1/rss/minimized/unary-Ta/Ta-00328-0.poscar,Ta-potential/fcc-restart/05-rss-round-1/rss/raw/unary-Ta/Ta-00328.poscar,31c339b24c12d9b13489967d8bc032b5cbc49792d0c7e378be79350faf32b6a2,31c339b24c12d9b13489967d8bc032b5cbc49792d0c7e378be79350faf32b6a2
rss-n22-p0bar,Ta-potential/fcc-restart/05-rss-round-1/rss-selection/source-frames/rss-n22-p0bar.xyz,28,22,0.0,0,329,000988.poscar,unary-Ta/Ta-00329-0.poscar,/home/tuzhengyu/work/WTaTi/Ta-potential/fcc-restart/05-rss-round-1/rss/minimized/unary-Ta/Ta-00329-0.poscar,Ta-potential/fcc-restart/05-rss-round-1/rss/raw/unary-Ta/Ta-00329.poscar,6cf4e83609312598eeb7aa71b622b89f3f5ec78e3bfe420ab64a75f2f0e3d4a9,6cf4e83609312598eeb7aa71b622b89f3f5ec78e3bfe420ab64a75f2f0e3d4a9
rss-n22-p0bar,Ta-potential/fcc-restart/05-rss-round-1/rss-selection/source-frames/rss-n22-p0bar.xyz,29,22,0.0,0,330,000991.poscar,unary-Ta/Ta-00330-0.poscar,/home/tuzhengyu/work/WTaTi/Ta-potential/fcc-restart/05-rss-round-1/rss/minimized/unary-Ta/Ta-00330-0.poscar,Ta-potential/fcc-restart/05-rss-round-1/rss/raw/unary-Ta/Ta-00330.poscar,147ba6b1d4767b7f1263470c0a47a66706a10d488e33de937e230fef0edeb096,147ba6b1d4767b7f1263470c0a47a66706a10d488e33de937e230fef0edeb096
rss-n22-p0bar,Ta-potential/fcc-restart/05-rss-round-1/rss-selection/source-frames/rss-n22-p0bar.xyz,30,22,0.0,0,331,000994.poscar,unary-Ta/Ta-00331-0.poscar,/home/tuzhengyu/work/WTaTi/Ta-potential/fcc-restart/05-rss-round-1/rss/minimized/unary-Ta/Ta-00331-0.poscar,Ta-potential/fcc-restart/05-rss-round-1/rss/raw/unary-Ta/Ta-00331.poscar,b0ba81c1da067e07ccf5a453cfbcf5d1e64cc5c571671ba5dc39129991123382,b0ba81c1da067e07ccf5a453cfbcf5d1e64cc5c571671ba5dc39129991123382
rss-n22-p0bar,Ta-potential/fcc-restart/05-rss-round-1/rss-selection/source-frames/rss-n22-p0bar.xyz,31,22,0.0,0,332,000997.poscar,unary-Ta/Ta-00332-0.poscar,/home/tuzhengyu/work/WTaTi/Ta-potential/fcc-restart/05-rss-round-1/rss/minimized/unary-Ta/Ta-00332-0.poscar,Ta-potential/fcc-restart/05-rss-round-1/rss/raw/unary-Ta/Ta-00332.poscar,f9ccdb1444c5e64647a975eeff4f81c85b4f24ba5dd752a08d421e7f25b9f563,f9ccdb1444c5e64647a975eeff4f81c85b4f24ba5dd752a08d421e7f25b9f563
rss-n22-p0bar,Ta-potential/fcc-restart/05-rss-round-1/rss-selection/source-frames/rss-n22-p0bar.xyz,32,22,0.0,0,333,001000.poscar,unary-Ta/Ta-00333-0.poscar,/home/tuzhengyu/work/WTaTi/Ta-potential/fcc-restart/05-rss-round-1/rss/minimized/unary-Ta/Ta-00333-0.poscar,Ta-potential/fcc-restart/05-rss-round-1/rss/raw/unary-Ta/Ta-00333.poscar,267afab6c8d01d9df17095ac30818820c9aac51fda6c47d3da8c4f5d5f28ac61,267afab6c8d01d9df17095ac30818820c9aac51fda6c47d3da8c4f5d5f28ac61
rss-n22-p0bar,Ta-potential/fcc-restart/05-rss-round-1/rss-selection/source-frames/rss-n22-p0bar.xyz,33,22,0.0,0,334,001003.poscar,unary-Ta/Ta-00334-0.poscar,/home/tuzhengyu/work/WTaTi/Ta-potential/fcc-restart/05-rss-round-1/rss/minimized/unary-Ta/Ta-00334-0.poscar,Ta-potential/fcc-restart/05-rss-round-1/rss/raw/unary-Ta/Ta-00334.poscar,439ee05526193ab259df6634b3f21ba459e6e86aca615290d2fe6b36a22ef578,439ee05526193ab259df6634b3f21ba459e6e86aca615290d2fe6b36a22ef578
rss-n22-p0bar,Ta-potential/fcc-restart/05-rss-round-1/rss-selection/source-frames/rss-n22-p0bar.xyz,34,22,0.0,0,335,001006.poscar,unary-Ta/Ta-00335-0.poscar,/home/tuzhengyu/work/WTaTi/Ta-potential/fcc-restart/05-rss-round-1/rss/minimized/unary-Ta/Ta-00335-0.poscar,Ta-potential/fcc-restart/05-rss-round-1/rss/raw/unary-Ta/Ta-00335.poscar,832bd05d29d0572e1e57abafbaf28a1c6ead14f21dcadb20746e035e860186be,832bd05d29d0572e1e57abafbaf28a1c6ead14f21dcadb20746e035e860186be
rss-n22-p0bar,Ta-potential/fcc-restart/05-rss-round-1/rss-selection/source-frames/rss-n22-p0bar.xyz,35,22,0.0,0,336,001009.poscar,unary-Ta/Ta-00336-0.poscar,/home/tuzhengyu/work/WTaTi/Ta-potential/fcc-restart/05-rss-round-1/rss/minimized/unary-Ta/Ta-00336-0.poscar,Ta-potential/fcc-restart/05-rss-round-1/rss/raw/unary-Ta/Ta-00336.poscar,26e1fae5ffa3ef41cfb35713a9ab63047e3bafda659fdcc8995b490a363834c1,26e1fae5ffa3ef41cfb35713a9ab63047e3bafda659fdcc8995b490a363834c1
rss-n22-p0bar,Ta-potential/fcc-restart/05-rss-round-1/rss-selection/source-frames/rss-n22-p0bar.xyz,36,22,0.0,0,337,001012.poscar,unary-Ta/Ta-00337-0.poscar,/home/tuzhengyu/work/WTaTi/Ta-potential/fcc-restart/05-rss-round-1/rss/minimized/unary-Ta/Ta-00337-0.poscar,Ta-potential/fcc-restart/05-rss-round-1/rss/raw/unary-Ta/Ta-00337.poscar,7bb856fe56c456635e60469816f09afe1bb50210b7f9b2a560ee460d40e2c99d,7bb856fe56c456635e60469816f09afe1bb50210b7f9b2a560ee460d40e2c99d
rss-n22-p0bar,Ta-potential/fcc-restart/05-rss-round-1/rss-selection/source-frames/rss-n22-p0bar.xyz,37,22,0.0,0,339,001018.poscar,unary-Ta/Ta-00339-0.poscar,/home/tuzhengyu/work/WTaTi/Ta-potential/fcc-restart/05-rss-round-1/rss/minimized/unary-Ta/Ta-00339-0.poscar,Ta-potential/fcc-restart/05-rss-round-1/rss/raw/unary-Ta/Ta-00339.poscar,8b964dfac9f5d76acaf9a8c3faf4d494184f7fd9f92ae528f8d2a5e4c023891a,8b964dfac9f5d76acaf9a8c3faf4d494184f7fd9f92ae528f8d2a5e4c023891a
rss-n22-p0bar,Ta-potential/fcc-restart/05-rss-round-1/rss-selection/source-frames/rss-n22-p0bar.xyz,38,22,0.0,0,340,001021.poscar,unary-Ta/Ta-00340-0.poscar,/home/tuzhengyu/work/WTaTi/Ta-potential/fcc-restart/05-rss-round-1/rss/minimized/unary-Ta/Ta-00340-0.poscar,Ta-potential/fcc-restart/05-rss-round-1/rss/raw/unary-Ta/Ta-00340.poscar,3c8e91ddb8adb1fa89dff493a488032f015824d9faa62c17107b7af0fc9ae6bf,3c8e91ddb8adb1fa89dff493a488032f015824d9faa62c17107b7af0fc9ae6bf
rss-n22-p0bar,Ta-potential/fcc-restart/05-rss-round-1/rss-selection/source-frames/rss-n22-p0bar.xyz,39,22,0.0,0,341,001024.poscar,unary-Ta/Ta-00341-0.poscar,/home/tuzhengyu/work/WTaTi/Ta-potential/fcc-restart/05-rss-round-1/rss/minimized/unary-Ta/Ta-00341-0.poscar,Ta-potential/fcc-restart/05-rss-round-1/rss/raw/unary-Ta/Ta-00341.poscar,c618985a22d9b878abaf72bf57b2458247bb37cc3a2e37977cf5bef08991e30b,c618985a22d9b878abaf72bf57b2458247bb37cc3a2e37977cf5bef08991e30b
rss-n22-p0bar,Ta-potential/fcc-restart/05-rss-round-1/rss-selection/source-frames/rss-n22-p0bar.xyz,40,22,0.0,0,342,001027.poscar,unary-Ta/Ta-00342-0.poscar,/home/tuzhengyu/work/WTaTi/Ta-potential/fcc-restart/05-rss-round-1/rss/minimized/unary-Ta/Ta-00342-0.poscar,Ta-potential/fcc-restart/05-rss-round-1/rss/raw/unary-Ta/Ta-00342.poscar,f0c1357e4f19fb1c90d24ab6bb46c86792791d587079306e1a01c11e1cc009c8,f0c1357e4f19fb1c90d24ab6bb46c86792791d587079306e1a01c11e1cc009c8
rss-n22-p0bar,Ta-potential/fcc-restart/05-rss-round-1/rss-selection/source-frames/rss-n22-p0bar.xyz,41,22,0.0,0,343,001030.poscar,unary-Ta/Ta-00343-0.poscar,/home/tuzhengyu/work/WTaTi/Ta-potential/fcc-restart/05-rss-round-1/rss/minimized/unary-Ta/Ta-00343-0.poscar,Ta-potential/fcc-restart/05-rss-round-1/rss/raw/unary-Ta/Ta-00343.poscar,9a7d0980231c535561990eb031442afe5c83f086d4c9aa8f3103471f6cb10f75,9a7d0980231c535561990eb031442afe5c83f086d4c9aa8f3103471f6cb10f75
rss-n22-p0bar,Ta-potential/fcc-restart/05-rss-round-1/rss-selection/source-frames/rss-n22-p0bar.xyz,42,22,0.0,0,344,001033.poscar,unary-Ta/Ta-00344-0.poscar,/home/tuzhengyu/work/WTaTi/Ta-potential/fcc-restart/05-rss-round-1/rss/minimized/unary-Ta/Ta-00344-0.poscar,Ta-potential/fcc-restart/05-rss-round-1/rss/raw/unary-Ta/Ta-00344.poscar,db8a99e0b9b3ee229a7e75789df12984bd73d36adaed4f7a679c24a3e1874817,db8a99e0b9b3ee229a7e75789df12984bd73d36adaed4f7a679c24a3e1874817
rss-n22-p0bar,Ta-potential/fcc-restart/05-rss-round-1/rss-selection/source-frames/rss-n22-p0bar.xyz,43,22,0.0,0,345,001036.poscar,unary-Ta/Ta-00345-0.poscar,/home/tuzhengyu/work/WTaTi/Ta-potential/fcc-restart/05-rss-round-1/rss/minimized/unary-Ta/Ta-00345-0.poscar,Ta-potential/fcc-restart/05-rss-round-1/rss/raw/unary-Ta/Ta-00345.poscar,25e217dc224e5a2f7fda3e4795cf8b3c5f06be76d2cefa6d03274a85e8d1018f,25e217dc224e5a2f7fda3e4795cf8b3c5f06be76d2cefa6d03274a85e8d1018f
rss-n22-p0bar,Ta-potential/fcc-restart/05-rss-round-1/rss-selection/source-frames/rss-n22-p0bar.xyz,44,22,0.0,0,346,001039.poscar,unary-Ta/Ta-00346-0.poscar,/home/tuzhengyu/work/WTaTi/Ta-potential/fcc-restart/05-rss-round-1/rss/minimized/unary-Ta/Ta-00346-0.poscar,Ta-potential/fcc-restart/05-rss-round-1/rss/raw/unary-Ta/Ta-00346.poscar,894683478b9a0d35e520587a4ce394fd14a4ea981726c2d64cae4c05ede19de3,894683478b9a0d35e520587a4ce394fd14a4ea981726c2d64cae4c05ede19de3
rss-n22-p0bar,Ta-potential/fcc-restart/05-rss-round-1/rss-selection/source-frames/rss-n22-p0bar.xyz,45,22,0.0,0,348,001045.poscar,unary-Ta/Ta-00348-0.poscar,/home/tuzhengyu/work/WTaTi/Ta-potential/fcc-restart/05-rss-round-1/rss/minimized/unary-Ta/Ta-00348-0.poscar,Ta-potential/fcc-restart/05-rss-round-1/rss/raw/unary-Ta/Ta-00348.poscar,d1efd20ec4db702931d96e54551ecf45cee42086adbbf564e8700d5fc80c1dfb,d1efd20ec4db702931d96e54551ecf45cee42086adbbf564e8700d5fc80c1dfb
rss-n22-p0bar,Ta-potential/fcc-restart/05-rss-round-1/rss-selection/source-frames/rss-n22-p0bar.xyz,46,22,0.0,0,349,001048.poscar,unary-Ta/Ta-00349-0.poscar,/home/tuzhengyu/work/WTaTi/Ta-potential/fcc-restart/05-rss-round-1/rss/minimized/unary-Ta/Ta-00349-0.poscar,Ta-potential/fcc-restart/05-rss-round-1/rss/raw/unary-Ta/Ta-00349.poscar,15d0abc4748b0d4b67a4e65ab5980c1687e774fa3434f4d3a7478ec3c6c4624d,15d0abc4748b0d4b67a4e65ab5980c1687e774fa3434f4d3a7478ec3c6c4624d
rss-n22-p200000bar,Ta-potential/fcc-restart/05-rss-round-1/rss-selection/source-frames/rss-n22-p200000bar.xyz,0,22,200000.0,1,300,000902.poscar,unary-Ta/Ta-00300-1.poscar,/home/tuzhengyu/work/WTaTi/Ta-potential/fcc-restart/05-rss-round-1/rss/minimized/unary-Ta/Ta-00300-1.poscar,Ta-potential/fcc-restart/05-rss-round-1/rss/raw/unary-Ta/Ta-00300.poscar,ff6c04029e8f992954fc47c4ddc6a1d3c4d5cfe3eba1ac45d92afa85698add46,ff6c04029e8f992954fc47c4ddc6a1d3c4d5cfe3eba1ac45d92afa85698add46
rss-n22-p200000bar,Ta-potential/fcc-restart/05-rss-round-1/rss-selection/source-frames/rss-n22-p200000bar.xyz,1,22,200000.0,1,301,000905.poscar,unary-Ta/Ta-00301-1.poscar,/home/tuzhengyu/work/WTaTi/Ta-potential/fcc-restart/05-rss-round-1/rss/minimized/unary-Ta/Ta-00301-1.poscar,Ta-potential/fcc-restart/05-rss-round-1/rss/raw/unary-Ta/Ta-00301.poscar,89ac462f3cfe5b6f5cf1adfc2619c61c33b664d5bdf6eb5fb0644cc4489df6ed,89ac462f3cfe5b6f5cf1adfc2619c61c33b664d5bdf6eb5fb0644cc4489df6ed
rss-n22-p200000bar,Ta-potential/fcc-restart/05-rss-round-1/rss-selection/source-frames/rss-n22-p200000bar.xyz,2,22,200000.0,1,302,000908.poscar,unary-Ta/Ta-00302-1.poscar,/home/tuzhengyu/work/WTaTi/Ta-potential/fcc-restart/05-rss-round-1/rss/minimized/unary-Ta/Ta-00302-1.poscar,Ta-potential/fcc-restart/05-rss-round-1/rss/raw/unary-Ta/Ta-00302.poscar,f56f70a00aa65405711d3469fe73a7e47a8694036a4ebc54d6d8cc7dac253dff,f56f70a00aa65405711d3469fe73a7e47a8694036a4ebc54d6d8cc7dac253dff
rss-n22-p200000bar,Ta-potential/fcc-restart/05-rss-round-1/rss-selection/source-frames/rss-n22-p200000bar.xyz,3,22,200000.0,1,303,000911.poscar,unary-Ta/Ta-00303-1.poscar,/home/tuzhengyu/work/WTaTi/Ta-potential/fcc-restart/05-rss-round-1/rss/minimized/unary-Ta/Ta-00303-1.poscar,Ta-potential/fcc-restart/05-rss-round-1/rss/raw/unary-Ta/Ta-00303.poscar,9752ff307e02a26e309cf2cf33010c63d4324ee089802486f2d9a9f449c11971,9752ff307e02a26e309cf2cf33010c63d4324ee089802486f2d9a9f449c11971
rss-n22-p200000bar,Ta-potential/fcc-restart/05-rss-round-1/rss-selection/source-frames/rss-n22-p200000bar.xyz,4,22,200000.0,1,304,000914.poscar,unary-Ta/Ta-00304-1.poscar,/home/tuzhengyu/work/WTaTi/Ta-potential/fcc-restart/05-rss-round-1/rss/minimized/unary-Ta/Ta-00304-1.poscar,Ta-potential/fcc-restart/05-rss-round-1/rss/raw/unary-Ta/Ta-00304.poscar,98b66e99c677cbf41933bfb4ea8951f760b08d29283aeed96a9f9d69881fafc4,98b66e99c677cbf41933bfb4ea8951f760b08d29283aeed96a9f9d69881fafc4
rss-n22-p200000bar,Ta-potential/fcc-restart/05-rss-round-1/rss-selection/source-frames/rss-n22-p200000bar.xyz,5,22,200000.0,1,306,000920.poscar,unary-Ta/Ta-00306-1.poscar,/home/tuzhengyu/work/WTaTi/Ta-potential/fcc-restart/05-rss-round-1/rss/minimized/unary-Ta/Ta-00306-1.poscar,Ta-potential/fcc-restart/05-rss-round-1/rss/raw/unary-Ta/Ta-00306.poscar,8c4e595c3547def72aef0b19f2f1abbe1f80b051c1a9a5612e2df7935ee8ede8,8c4e595c3547def72aef0b19f2f1abbe1f80b051c1a9a5612e2df7935ee8ede8
rss-n22-p200000bar,Ta-potential/fcc-restart/05-rss-round-1/rss-selection/source-frames/rss-n22-p200000bar.xyz,6,22,200000.0,1,307,000923.poscar,unary-Ta/Ta-00307-1.poscar,/home/tuzhengyu/work/WTaTi/Ta-potential/fcc-restart/05-rss-round-1/rss/minimized/unary-Ta/Ta-00307-1.poscar,Ta-potential/fcc-restart/05-rss-round-1/rss/raw/unary-Ta/Ta-00307.poscar,bfff31811794438e9e40da77942f9670b859907dbc8511885dc546e0b60a812e,bfff31811794438e9e40da77942f9670b859907dbc8511885dc546e0b60a812e
rss-n22-p200000bar,Ta-potential/fcc-restart/05-rss-round-1/rss-selection/source-frames/rss-n22-p200000bar.xyz,7,22,200000.0,1,309,000929.poscar,unary-Ta/Ta-00309-1.poscar,/home/tuzhengyu/work/WTaTi/Ta-potential/fcc-restart/05-rss-round-1/rss/minimized/unary-Ta/Ta-00309-1.poscar,Ta-potential/fcc-restart/05-rss-round-1/rss/raw/unary-Ta/Ta-00309.poscar,9c6d5d685a9649cdaa24810bfda831c75c75fe79389fe2eae9bd61a0d7ae994b,9c6d5d685a9649cdaa24810bfda831c75c75fe79389fe2eae9bd61a0d7ae994b
rss-n22-p200000bar,Ta-potential/fcc-restart/05-rss-round-1/rss-selection/source-frames/rss-n22-p200000bar.xyz,8,22,200000.0,1,310,000932.poscar,unary-Ta/Ta-00310-1.poscar,/home/tuzhengyu/work/WTaTi/Ta-potential/fcc-restart/05-rss-round-1/rss/minimized/unary-Ta/Ta-00310-1.poscar,Ta-potential/fcc-restart/05-rss-round-1/rss/raw/unary-Ta/Ta-00310.poscar,19f5f3faa663b235d0ec1e8422a114df48082cf9fd4c518ed2de966235f52023,19f5f3faa663b235d0ec1e8422a114df48082cf9fd4c518ed2de966235f52023
rss-n22-p200000bar,Ta-potential/fcc-restart/05-rss-round-1/rss-selection/source-frames/rss-n22-p200000bar.xyz,9,22,200000.0,1,311,000935.poscar,unary-Ta/Ta-00311-1.poscar,/home/tuzhengyu/work/WTaTi/Ta-potential/fcc-restart/05-rss-round-1/rss/minimized/unary-Ta/Ta-00311-1.poscar,Ta-potential/fcc-restart/05-rss-round-1/rss/raw/unary-Ta/Ta-00311.poscar,975306d5a5059706e55d52af381d8f056b77fd2827e088fee8039f8d9160eee6,975306d5a5059706e55d52af381d8f056b77fd2827e088fee8039f8d9160eee6
rss-n22-p200000bar,Ta-potential/fcc-restart/05-rss-round-1/rss-selection/source-frames/rss-n22-p200000bar.xyz,10,22,200000.0,1,312,000938.poscar,unary-Ta/Ta-00312-1.poscar,/home/tuzhengyu/work/WTaTi/Ta-potential/fcc-restart/05-rss-round-1/rss/minimized/unary-Ta/Ta-00312-1.poscar,Ta-potential/fcc-restart/05-rss-round-1/rss/raw/unary-Ta/Ta-00312.poscar,1fc248776062d26cfaea114d83134e2ba421e2c0c784a6517635cb07e619b9ab,1fc248776062d26cfaea114d83134e2ba421e2c0c784a6517635cb07e619b9ab
rss-n22-p200000bar,Ta-potential/fcc-restart/05-rss-round-1/rss-selection/source-frames/rss-n22-p200000bar.xyz,11,22,200000.0,1,313,000941.poscar,unary-Ta/Ta-00313-1.poscar,/home/tuzhengyu/work/WTaTi/Ta-potential/fcc-restart/05-rss-round-1/rss/minimized/unary-Ta/Ta-00313-1.poscar,Ta-potential/fcc-restart/05-rss-round-1/rss/raw/unary-Ta/Ta-00313.poscar,3f84d0bdd1e9f25ef8b9cd0d56f4e7260d3ee9722b1ce46638bf9af932aaacf1,3f84d0bdd1e9f25ef8b9cd0d56f4e7260d3ee9722b1ce46638bf9af932aaacf1
rss-n22-p200000bar,Ta-potential/fcc-restart/05-rss-round-1/rss-selection/source-frames/rss-n22-p200000bar.xyz,12,22,200000.0,1,314,000944.poscar,unary-Ta/Ta-00314-1.poscar,/home/tuzhengyu/work/WTaTi/Ta-potential/fcc-restart/05-rss-round-1/rss/minimized/unary-Ta/Ta-00314-1.poscar,Ta-potential/fcc-restart/05-rss-round-1/rss/raw/unary-Ta/Ta-00314.poscar,14be5accb723ab651fc4cd08120d78d42f3d94dd9c375cc168c81f2bacdc722c,14be5accb723ab651fc4cd08120d78d42f3d94dd9c375cc168c81f2bacdc722c
rss-n22-p200000bar,Ta-potential/fcc-restart/05-rss-round-1/rss-selection/source-frames/rss-n22-p200000bar.xyz,13,22,200000.0,1,315,000947.poscar,unary-Ta/Ta-00315-1.poscar,/home/tuzhengyu/work/WTaTi/Ta-potential/fcc-restart/05-rss-round-1/rss/minimized/unary-Ta/Ta-00315-1.poscar,Ta-potential/fcc-restart/05-rss-round-1/rss/raw/unary-Ta/Ta-00315.poscar,2ac84ab2c45e733aabd0f405d017b1b56d90e15248880f56e805eb8389f939b9,2ac84ab2c45e733aabd0f405d017b1b56d90e15248880f56e805eb8389f939b9
rss-n22-p200000bar,Ta-potential/fcc-restart/05-rss-round-1/rss-selection/source-frames/rss-n22-p200000bar.xyz,14,22,200000.0,1,316,000950.poscar,unary-Ta/Ta-00316-1.poscar,/home/tuzhengyu/work/WTaTi/Ta-potential/fcc-restart/05-rss-round-1/rss/minimized/unary-Ta/Ta-00316-1.poscar,Ta-potential/fcc-restart/05-rss-round-1/rss/raw/unary-Ta/Ta-00316.poscar,6223e16dc9f2b219d5b3da90b319326b97ab3381375349575e7cde3ce1d86a16,6223e16dc9f2b219d5b3da90b319326b97ab3381375349575e7cde3ce1d86a16
rss-n22-p200000bar,Ta-potential/fcc-restart/05-rss-round-1/rss-selection/source-frames/rss-n22-p200000bar.xyz,15,22,200000.0,1,317,000953.poscar,unary-Ta/Ta-00317-1.poscar,/home/tuzhengyu/work/WTaTi/Ta-potential/fcc-restart/05-rss-round-1/rss/minimized/unary-Ta/Ta-00317-1.poscar,Ta-potential/fcc-restart/05-rss-round-1/rss/raw/unary-Ta/Ta-00317.poscar,f0f67b2978e2a0ff03a8981184e4906c88bf14efb18938a5442d56e78741a459,f0f67b2978e2a0ff03a8981184e4906c88bf14efb18938a5442d56e78741a459
rss-n22-p200000bar,Ta-potential/fcc-restart/05-rss-round-1/rss-selection/source-frames/rss-n22-p200000bar.xyz,16,22,200000.0,1,318,000956.poscar,unary-Ta/Ta-00318-1.poscar,/home/tuzhengyu/work/WTaTi/Ta-potential/fcc-restart/05-rss-round-1/rss/minimized/unary-Ta/Ta-00318-1.poscar,Ta-potential/fcc-restart/05-rss-round-1/rss/raw/unary-Ta/Ta-00318.poscar,d26c60c376416feb7d0daa2a77a4a682e07a7d0508aae72514f4f975fb099c4b,d26c60c376416feb7d0daa2a77a4a682e07a7d0508aae72514f4f975fb099c4b
rss-n22-p200000bar,Ta-potential/fcc-restart/05-rss-round-1/rss-selection/source-frames/rss-n22-p200000bar.xyz,17,22,200000.0,1,319,000959.poscar,unary-Ta/Ta-00319-1.poscar,/home/tuzhengyu/work/WTaTi/Ta-potential/fcc-restart/05-rss-round-1/rss/minimized/unary-Ta/Ta-00319-1.poscar,Ta-potential/fcc-restart/05-rss-round-1/rss/raw/unary-Ta/Ta-00319.poscar,cdd495e2f0a0a866e9918e546eb0c905cb7f651b0c05abeeedadb2522637ddda,cdd495e2f0a0a866e9918e546eb0c905cb7f651b0c05abeeedadb2522637ddda
rss-n22-p200000bar,Ta-potential/fcc-restart/05-rss-round-1/rss-selection/source-frames/rss-n22-p200000bar.xyz,18,22,200000.0,1,320,000962.poscar,unary-Ta/Ta-00320-1.poscar,/home/tuzhengyu/work/WTaTi/Ta-potential/fcc-restart/05-rss-round-1/rss/minimized/unary-Ta/Ta-00320-1.poscar,Ta-potential/fcc-restart/05-rss-round-1/rss/raw/unary-Ta/Ta-00320.poscar,83c01547a203266bb3efe9db8b1c4e5c39c0929ed459fa9abd3bf198750f8913,83c01547a203266bb3efe9db8b1c4e5c39c0929ed459fa9abd3bf198750f8913
rss-n22-p200000bar,Ta-potential/fcc-restart/05-rss-round-1/rss-selection/source-frames/rss-n22-p200000bar.xyz,19,22,200000.0,1,321,000965.poscar,unary-Ta/Ta-00321-1.poscar,/home/tuzhengyu/work/WTaTi/Ta-potential/fcc-restart/05-rss-round-1/rss/minimized/unary-Ta/Ta-00321-1.poscar,Ta-potential/fcc-restart/05-rss-round-1/rss/raw/unary-Ta/Ta-00321.poscar,bae7f900a6d44a408099b56d0994cd7871d7d8c5ff0836401e24a6fd25e98d30,bae7f900a6d44a408099b56d0994cd7871d7d8c5ff0836401e24a6fd25e98d30
rss-n22-p200000bar,Ta-potential/fcc-restart/05-rss-round-1/rss-selection/source-frames/rss-n22-p200000bar.xyz,20,22,200000.0,1,322,000968.poscar,unary-Ta/Ta-00322-1.poscar,/home/tuzhengyu/work/WTaTi/Ta-potential/fcc-restart/05-rss-round-1/rss/minimized/unary-Ta/Ta-00322-1.poscar,Ta-potential/fcc-restart/05-rss-round-1/rss/raw/unary-Ta/Ta-00322.poscar,d28d21ab21a777c47e192cf74bc1ea04a2769b0391aa1db562fa25989420bca0,d28d21ab21a777c47e192cf74bc1ea04a2769b0391aa1db562fa25989420bca0
rss-n22-p200000bar,Ta-potential/fcc-restart/05-rss-round-1/rss-selection/source-frames/rss-n22-p200000bar.xyz,21,22,200000.0,1,323,000971.poscar,unary-Ta/Ta-00323-1.poscar,/home/tuzhengyu/work/WTaTi/Ta-potential/fcc-restart/05-rss-round-1/rss/minimized/unary-Ta/Ta-00323-1.poscar,Ta-potential/fcc-restart/05-rss-round-1/rss/raw/unary-Ta/Ta-00323.poscar,a58b0f4a8ad5061f84762585e8002f64b887cc9f2a1678c2f35113a7c595f4d4,a58b0f4a8ad5061f84762585e8002f64b887cc9f2a1678c2f35113a7c595f4d4
rss-n22-p200000bar,Ta-potential/fcc-restart/05-rss-round-1/rss-selection/source-frames/rss-n22-p200000bar.xyz,22,22,200000.0,1,324,000974.poscar,unary-Ta/Ta-00324-1.poscar,/home/tuzhengyu/work/WTaTi/Ta-potential/fcc-restart/05-rss-round-1/rss/minimized/unary-Ta/Ta-00324-1.poscar,Ta-potential/fcc-restart/05-rss-round-1/rss/raw/unary-Ta/Ta-00324.poscar,af1ccd0194493942ed53d689f6860f17c91b72526c51674d21b06847e1642034,af1ccd0194493942ed53d689f6860f17c91b72526c51674d21b06847e1642034
rss-n22-p200000bar,Ta-potential/fcc-restart/05-rss-round-1/rss-selection/source-frames/rss-n22-p200000bar.xyz,23,22,200000.0,1,325,000977.poscar,unary-Ta/Ta-00325-1.poscar,/home/tuzhengyu/work/WTaTi/Ta-potential/fcc-restart/05-rss-round-1/rss/minimized/unary-Ta/Ta-00325-1.poscar,Ta-potential/fcc-restart/05-rss-round-1/rss/raw/unary-Ta/Ta-00325.poscar,2237ace96f8ad4ad833cc90be9711b0f01c24e3d01d0d0228e030233d99d368f,2237ace96f8ad4ad833cc90be9711b0f01c24e3d01d0d0228e030233d99d368f
rss-n22-p200000bar,Ta-potential/fcc-restart/05-rss-round-1/rss-selection/source-frames/rss-n22-p200000bar.xyz,24,22,200000.0,1,326,000980.poscar,unary-Ta/Ta-00326-1.poscar,/home/tuzhengyu/work/WTaTi/Ta-potential/fcc-restart/05-rss-round-1/rss/minimized/unary-Ta/Ta-00326-1.poscar,Ta-potential/fcc-restart/05-rss-round-1/rss/raw/unary-Ta/Ta-00326.poscar,29ab74df7e423928bc65fcee21baa378d679ba767e1de714f4247d61775cf5b8,29ab74df7e423928bc65fcee21baa378d679ba767e1de714f4247d61775cf5b8
rss-n22-p200000bar,Ta-potential/fcc-restart/05-rss-round-1/rss-selection/source-frames/rss-n22-p200000bar.xyz,25,22,200000.0,1,327,000983.poscar,unary-Ta/Ta-00327-1.poscar,/home/tuzhengyu/work/WTaTi/Ta-potential/fcc-restart/05-rss-round-1/rss/minimized/unary-Ta/Ta-00327-1.poscar,Ta-potential/fcc-restart/05-rss-round-1/rss/raw/unary-Ta/Ta-00327.poscar,9eb41a8a5766998d9b031b3b4bb6ddad39476f3380496edf6bf40307b342ae23,9eb41a8a5766998d9b031b3b4bb6ddad39476f3380496edf6bf40307b342ae23
rss-n22-p200000bar,Ta-potential/fcc-restart/05-rss-round-1/rss-selection/source-frames/rss-n22-p200000bar.xyz,26,22,200000.0,1,328,000986.poscar,unary-Ta/Ta-00328-1.poscar,/home/tuzhengyu/work/WTaTi/Ta-potential/fcc-restart/05-rss-round-1/rss/minimized/unary-Ta/Ta-00328-1.poscar,Ta-potential/fcc-restart/05-rss-round-1/rss/raw/unary-Ta/Ta-00328.poscar,58ed7aed3d0ecbbc35b7f46b0b1e7b7699f88c09ce45de09fe9438f8c8505e11,58ed7aed3d0ecbbc35b7f46b0b1e7b7699f88c09ce45de09fe9438f8c8505e11
rss-n22-p200000bar,Ta-potential/fcc-restart/05-rss-round-1/rss-selection/source-frames/rss-n22-p200000bar.xyz,27,22,200000.0,1,329,000989.poscar,unary-Ta/Ta-00329-1.poscar,/home/tuzhengyu/work/WTaTi/Ta-potential/fcc-restart/05-rss-round-1/rss/minimized/unary-Ta/Ta-00329-1.poscar,Ta-potential/fcc-restart/05-rss-round-1/rss/raw/unary-Ta/Ta-00329.poscar,bad22fb467e80b66b6e64dee39358915fb59c1172aecdc03f13e72b3ee022f56,bad22fb467e80b66b6e64dee39358915fb59c1172aecdc03f13e72b3ee022f56
rss-n22-p200000bar,Ta-potential/fcc-restart/05-rss-round-1/rss-selection/source-frames/rss-n22-p200000bar.xyz,28,22,200000.0,1,330,000992.poscar,unary-Ta/Ta-00330-1.poscar,/home/tuzhengyu/work/WTaTi/Ta-potential/fcc-restart/05-rss-round-1/rss/minimized/unary-Ta/Ta-00330-1.poscar,Ta-potential/fcc-restart/05-rss-round-1/rss/raw/unary-Ta/Ta-00330.poscar,b3f93848de1c1cde57ecb6f740a8008495f8253648c802044336c1608abce50e,b3f93848de1c1cde57ecb6f740a8008495f8253648c802044336c1608abce50e
rss-n22-p200000bar,Ta-potential/fcc-restart/05-rss-round-1/rss-selection/source-frames/rss-n22-p200000bar.xyz,29,22,200000.0,1,331,000995.poscar,unary-Ta/Ta-00331-1.poscar,/home/tuzhengyu/work/WTaTi/Ta-potential/fcc-restart/05-rss-round-1/rss/minimized/unary-Ta/Ta-00331-1.poscar,Ta-potential/fcc-restart/05-rss-round-1/rss/raw/unary-Ta/Ta-00331.poscar,df9eaba28499a8c29a1076536f65291781e565b10ab3bea5a174003d1cdf1b4d,df9eaba28499a8c29a1076536f65291781e565b10ab3bea5a174003d1cdf1b4d
rss-n22-p200000bar,Ta-potential/fcc-restart/05-rss-round-1/rss-selection/source-frames/rss-n22-p200000bar.xyz,30,22,200000.0,1,332,000998.poscar,unary-Ta/Ta-00332-1.poscar,/home/tuzhengyu/work/WTaTi/Ta-potential/fcc-restart/05-rss-round-1/rss/minimized/unary-Ta/Ta-00332-1.poscar,Ta-potential/fcc-restart/05-rss-round-1/rss/raw/unary-Ta/Ta-00332.poscar,ada391ae5f1b220edc44a4c98d41f93b3d6facfba5b6429c1dab5fb55e08b362,ada391ae5f1b220edc44a4c98d41f93b3d6facfba5b6429c1dab5fb55e08b362
rss-n22-p200000bar,Ta-potential/fcc-restart/05-rss-round-1/rss-selection/source-frames/rss-n22-p200000bar.xyz,31,22,200000.0,1,333,001001.poscar,unary-Ta/Ta-00333-1.poscar,/home/tuzhengyu/work/WTaTi/Ta-potential/fcc-restart/05-rss-round-1/rss/minimized/unary-Ta/Ta-00333-1.poscar,Ta-potential/fcc-restart/05-rss-round-1/rss/raw/unary-Ta/Ta-00333.poscar,9176b7c7b5604f36d4448250fa34cd5ebb831c36a6190907e92bf7007da4e9a2,9176b7c7b5604f36d4448250fa34cd5ebb831c36a6190907e92bf7007da4e9a2
rss-n22-p200000bar,Ta-potential/fcc-restart/05-rss-round-1/rss-selection/source-frames/rss-n22-p200000bar.xyz,32,22,200000.0,1,334,001004.poscar,unary-Ta/Ta-00334-1.poscar,/home/tuzhengyu/work/WTaTi/Ta-potential/fcc-restart/05-rss-round-1/rss/minimized/unary-Ta/Ta-00334-1.poscar,Ta-potential/fcc-restart/05-rss-round-1/rss/raw/unary-Ta/Ta-00334.poscar,459483601e4ec13cc78a6d9cfabb39a69f8c06be2ac847eb8328efcff812038c,459483601e4ec13cc78a6d9cfabb39a69f8c06be2ac847eb8328efcff812038c
rss-n22-p200000bar,Ta-potential/fcc-restart/05-rss-round-1/rss-selection/source-frames/rss-n22-p200000bar.xyz,33,22,200000.0,1,335,001007.poscar,unary-Ta/Ta-00335-1.poscar,/home/tuzhengyu/work/WTaTi/Ta-potential/fcc-restart/05-rss-round-1/rss/minimized/unary-Ta/Ta-00335-1.poscar,Ta-potential/fcc-restart/05-rss-round-1/rss/raw/unary-Ta/Ta-00335.poscar,4e644b7ee975fe1fbc5caf9c437e3ed80890f27b3967f6ebbc406c4819246f12,4e644b7ee975fe1fbc5caf9c437e3ed80890f27b3967f6ebbc406c4819246f12
rss-n22-p200000bar,Ta-potential/fcc-restart/05-rss-round-1/rss-selection/source-frames/rss-n22-p200000bar.xyz,34,22,200000.0,1,336,001010.poscar,unary-Ta/Ta-00336-1.poscar,/home/tuzhengyu/work/WTaTi/Ta-potential/fcc-restart/05-rss-round-1/rss/minimized/unary-Ta/Ta-00336-1.poscar,Ta-potential/fcc-restart/05-rss-round-1/rss/raw/unary-Ta/Ta-00336.poscar,5a990ba75b8c02f8363aa75321aad0ec2f858e13c59e1e7db41ab0d4b7d675a4,5a990ba75b8c02f8363aa75321aad0ec2f858e13c59e1e7db41ab0d4b7d675a4
rss-n22-p200000bar,Ta-potential/fcc-restart/05-rss-round-1/rss-selection/source-frames/rss-n22-p200000bar.xyz,35,22,200000.0,1,337,001013.poscar,unary-Ta/Ta-00337-1.poscar,/home/tuzhengyu/work/WTaTi/Ta-potential/fcc-restart/05-rss-round-1/rss/minimized/unary-Ta/Ta-00337-1.poscar,Ta-potential/fcc-restart/05-rss-round-1/rss/raw/unary-Ta/Ta-00337.poscar,5252bf967e09e6dc184c0bcbeda9b010653fd595859e39154c9451132cfe6e40,5252bf967e09e6dc184c0bcbeda9b010653fd595859e39154c9451132cfe6e40
rss-n22-p200000bar,Ta-potential/fcc-restart/05-rss-round-1/rss-selection/source-frames/rss-n22-p200000bar.xyz,36,22,200000.0,1,339,001019.poscar,unary-Ta/Ta-00339-1.poscar,/home/tuzhengyu/work/WTaTi/Ta-potential/fcc-restart/05-rss-round-1/rss/minimized/unary-Ta/Ta-00339-1.poscar,Ta-potential/fcc-restart/05-rss-round-1/rss/raw/unary-Ta/Ta-00339.poscar,94b8cf7d7727e94f43f6a3544f6702c21a9478b6f67700a1e3ffa02efba37a4c,94b8cf7d7727e94f43f6a3544f6702c21a9478b6f67700a1e3ffa02efba37a4c
rss-n22-p200000bar,Ta-potential/fcc-restart/05-rss-round-1/rss-selection/source-frames/rss-n22-p200000bar.xyz,37,22,200000.0,1,340,001022.poscar,unary-Ta/Ta-00340-1.poscar,/home/tuzhengyu/work/WTaTi/Ta-potential/fcc-restart/05-rss-round-1/rss/minimized/unary-Ta/Ta-00340-1.poscar,Ta-potential/fcc-restart/05-rss-round-1/rss/raw/unary-Ta/Ta-00340.poscar,4128ab8356fc25fd790236922c9d681d6e1f370e1ecb88c019265d1114098d73,4128ab8356fc25fd790236922c9d681d6e1f370e1ecb88c019265d1114098d73
rss-n22-p200000bar,Ta-potential/fcc-restart/05-rss-round-1/rss-selection/source-frames/rss-n22-p200000bar.xyz,38,22,200000.0,1,341,001025.poscar,unary-Ta/Ta-00341-1.poscar,/home/tuzhengyu/work/WTaTi/Ta-potential/fcc-restart/05-rss-round-1/rss/minimized/unary-Ta/Ta-00341-1.poscar,Ta-potential/fcc-restart/05-rss-round-1/rss/raw/unary-Ta/Ta-00341.poscar,fd66fe1ef25212e861c50ee9efaefc4c123ff5e40939154b2f25d6822128ea46,fd66fe1ef25212e861c50ee9efaefc4c123ff5e40939154b2f25d6822128ea46
rss-n22-p200000bar,Ta-potential/fcc-restart/05-rss-round-1/rss-selection/source-frames/rss-n22-p200000bar.xyz,39,22,200000.0,1,342,001028.poscar,unary-Ta/Ta-00342-1.poscar,/home/tuzhengyu/work/WTaTi/Ta-potential/fcc-restart/05-rss-round-1/rss/minimized/unary-Ta/Ta-00342-1.poscar,Ta-potential/fcc-restart/05-rss-round-1/rss/raw/unary-Ta/Ta-00342.poscar,399c4edd607b1ac00a340f066ed608b9ab1ff253f1ef187b6014afb5db324362,399c4edd607b1ac00a340f066ed608b9ab1ff253f1ef187b6014afb5db324362
rss-n22-p200000bar,Ta-potential/fcc-restart/05-rss-round-1/rss-selection/source-frames/rss-n22-p200000bar.xyz,40,22,200000.0,1,343,001031.poscar,unary-Ta/Ta-00343-1.poscar,/home/tuzhengyu/work/WTaTi/Ta-potential/fcc-restart/05-rss-round-1/rss/minimized/unary-Ta/Ta-00343-1.poscar,Ta-potential/fcc-restart/05-rss-round-1/rss/raw/unary-Ta/Ta-00343.poscar,0d16af04cca7904fdbe89e4e7e9ee27b3cd575eb597b98f4c73d1f7a849a9ee0,0d16af04cca7904fdbe89e4e7e9ee27b3cd575eb597b98f4c73d1f7a849a9ee0
rss-n22-p200000bar,Ta-potential/fcc-restart/05-rss-round-1/rss-selection/source-frames/rss-n22-p200000bar.xyz,41,22,200000.0,1,344,001034.poscar,unary-Ta/Ta-00344-1.poscar,/home/tuzhengyu/work/WTaTi/Ta-potential/fcc-restart/05-rss-round-1/rss/minimized/unary-Ta/Ta-00344-1.poscar,Ta-potential/fcc-restart/05-rss-round-1/rss/raw/unary-Ta/Ta-00344.poscar,afbc59dbf37630a05bc6ad3dd7fe1da4121b24ac87134de853bc2a367446263b,afbc59dbf37630a05bc6ad3dd7fe1da4121b24ac87134de853bc2a367446263b
rss-n22-p200000bar,Ta-potential/fcc-restart/05-rss-round-1/rss-selection/source-frames/rss-n22-p200000bar.xyz,42,22,200000.0,1,345,001037.poscar,unary-Ta/Ta-00345-1.poscar,/home/tuzhengyu/work/WTaTi/Ta-potential/fcc-restart/05-rss-round-1/rss/minimized/unary-Ta/Ta-00345-1.poscar,Ta-potential/fcc-restart/05-rss-round-1/rss/raw/unary-Ta/Ta-00345.poscar,341f718f0c2c375334e6a294badb5ff70c372d0cc84b770333cde8de88aba499,341f718f0c2c375334e6a294badb5ff70c372d0cc84b770333cde8de88aba499
rss-n22-p200000bar,Ta-potential/fcc-restart/05-rss-round-1/rss-selection/source-frames/rss-n22-p200000bar.xyz,43,22,200000.0,1,346,001040.poscar,unary-Ta/Ta-00346-1.poscar,/home/tuzhengyu/work/WTaTi/Ta-potential/fcc-restart/05-rss-round-1/rss/minimized/unary-Ta/Ta-00346-1.poscar,Ta-potential/fcc-restart/05-rss-round-1/rss/raw/unary-Ta/Ta-00346.poscar,b7e1955065ccdfefc555b41ae840523febfab8466cdbc2c39b8219b6024a80e0,b7e1955065ccdfefc555b41ae840523febfab8466cdbc2c39b8219b6024a80e0
rss-n22-p200000bar,Ta-potential/fcc-restart/05-rss-round-1/rss-selection/source-frames/rss-n22-p200000bar.xyz,44,22,200000.0,1,348,001046.poscar,unary-Ta/Ta-00348-1.poscar,/home/tuzhengyu/work/WTaTi/Ta-potential/fcc-restart/05-rss-round-1/rss/minimized/unary-Ta/Ta-00348-1.poscar,Ta-potential/fcc-restart/05-rss-round-1/rss/raw/unary-Ta/Ta-00348.poscar,18c3978dc0734c847c0f390a882c2f41f93bd906f2793e2b632768f96c787dd9,18c3978dc0734c847c0f390a882c2f41f93bd906f2793e2b632768f96c787dd9
rss-n22-p200000bar,Ta-potential/fcc-restart/05-rss-round-1/rss-selection/source-frames/rss-n22-p200000bar.xyz,45,22,200000.0,1,349,001049.poscar,unary-Ta/Ta-00349-1.poscar,/home/tuzhengyu/work/WTaTi/Ta-potential/fcc-restart/05-rss-round-1/rss/minimized/unary-Ta/Ta-00349-1.poscar,Ta-potential/fcc-restart/05-rss-round-1/rss/raw/unary-Ta/Ta-00349.poscar,75f9656f9c149dfd718b6e5f1d9afbdf4b5a299e48da119f77d34f767a82398f,75f9656f9c149dfd718b6e5f1d9afbdf4b5a299e48da119f77d34f767a82398f
rss-n22-p400000bar,Ta-potential/fcc-restart/05-rss-round-1/rss-selection/source-frames/rss-n22-p400000bar.xyz,0,22,400000.0,2,300,000903.poscar,unary-Ta/Ta-00300-2.poscar,/home/tuzhengyu/work/WTaTi/Ta-potential/fcc-restart/05-rss-round-1/rss/minimized/unary-Ta/Ta-00300-2.poscar,Ta-potential/fcc-restart/05-rss-round-1/rss/raw/unary-Ta/Ta-00300.poscar,9650c93ff860b3f509c21d1a1ecba7b2829c295722e981bca6de2a487dcc76a0,9650c93ff860b3f509c21d1a1ecba7b2829c295722e981bca6de2a487dcc76a0
rss-n22-p400000bar,Ta-potential/fcc-restart/05-rss-round-1/rss-selection/source-frames/rss-n22-p400000bar.xyz,1,22,400000.0,2,301,000906.poscar,unary-Ta/Ta-00301-2.poscar,/home/tuzhengyu/work/WTaTi/Ta-potential/fcc-restart/05-rss-round-1/rss/minimized/unary-Ta/Ta-00301-2.poscar,Ta-potential/fcc-restart/05-rss-round-1/rss/raw/unary-Ta/Ta-00301.poscar,2fddb9c42a990af04f5f382157835ed22f721c2a334536251b2b8e121144bc32,2fddb9c42a990af04f5f382157835ed22f721c2a334536251b2b8e121144bc32
rss-n22-p400000bar,Ta-potential/fcc-restart/05-rss-round-1/rss-selection/source-frames/rss-n22-p400000bar.xyz,2,22,400000.0,2,302,000909.poscar,unary-Ta/Ta-00302-2.poscar,/home/tuzhengyu/work/WTaTi/Ta-potential/fcc-restart/05-rss-round-1/rss/minimized/unary-Ta/Ta-00302-2.poscar,Ta-potential/fcc-restart/05-rss-round-1/rss/raw/unary-Ta/Ta-00302.poscar,0faa50ea81478639f6a035871bc1b7b85b7f5cd008b76369fd66d05458e377e5,0faa50ea81478639f6a035871bc1b7b85b7f5cd008b76369fd66d05458e377e5
rss-n22-p400000bar,Ta-potential/fcc-restart/05-rss-round-1/rss-selection/source-frames/rss-n22-p400000bar.xyz,3,22,400000.0,2,303,000912.poscar,unary-Ta/Ta-00303-2.poscar,/home/tuzhengyu/work/WTaTi/Ta-potential/fcc-restart/05-rss-round-1/rss/minimized/unary-Ta/Ta-00303-2.poscar,Ta-potential/fcc-restart/05-rss-round-1/rss/raw/unary-Ta/Ta-00303.poscar,67535ad15b5b47944855b58fae6ce3ed081a2f08a3d624e66ca61898a669d6ab,67535ad15b5b47944855b58fae6ce3ed081a2f08a3d624e66ca61898a669d6ab
rss-n22-p400000bar,Ta-potential/fcc-restart/05-rss-round-1/rss-selection/source-frames/rss-n22-p400000bar.xyz,4,22,400000.0,2,304,000915.poscar,unary-Ta/Ta-00304-2.poscar,/home/tuzhengyu/work/WTaTi/Ta-potential/fcc-restart/05-rss-round-1/rss/minimized/unary-Ta/Ta-00304-2.poscar,Ta-potential/fcc-restart/05-rss-round-1/rss/raw/unary-Ta/Ta-00304.poscar,8f8ca8a65f6da7b5be4dfd7b498d07e8be392a7870c0aabbd0ff2f3829fe6c87,8f8ca8a65f6da7b5be4dfd7b498d07e8be392a7870c0aabbd0ff2f3829fe6c87
rss-n22-p400000bar,Ta-potential/fcc-restart/05-rss-round-1/rss-selection/source-frames/rss-n22-p400000bar.xyz,5,22,400000.0,2,306,000921.poscar,unary-Ta/Ta-00306-2.poscar,/home/tuzhengyu/work/WTaTi/Ta-potential/fcc-restart/05-rss-round-1/rss/minimized/unary-Ta/Ta-00306-2.poscar,Ta-potential/fcc-restart/05-rss-round-1/rss/raw/unary-Ta/Ta-00306.poscar,460fcd70f8bfd860359cc5b08052664aa7a7c466f9ba26126cca844dbacb9b13,460fcd70f8bfd860359cc5b08052664aa7a7c466f9ba26126cca844dbacb9b13
rss-n22-p400000bar,Ta-potential/fcc-restart/05-rss-round-1/rss-selection/source-frames/rss-n22-p400000bar.xyz,6,22,400000.0,2,307,000924.poscar,unary-Ta/Ta-00307-2.poscar,/home/tuzhengyu/work/WTaTi/Ta-potential/fcc-restart/05-rss-round-1/rss/minimized/unary-Ta/Ta-00307-2.poscar,Ta-potential/fcc-restart/05-rss-round-1/rss/raw/unary-Ta/Ta-00307.poscar,e278ca6837e805987a75d8f52e2d9766c41c2304fa406273cae80a145bcb47a0,e278ca6837e805987a75d8f52e2d9766c41c2304fa406273cae80a145bcb47a0
rss-n22-p400000bar,Ta-potential/fcc-restart/05-rss-round-1/rss-selection/source-frames/rss-n22-p400000bar.xyz,7,22,400000.0,2,308,000927.poscar,unary-Ta/Ta-00308-2.poscar,/home/tuzhengyu/work/WTaTi/Ta-potential/fcc-restart/05-rss-round-1/rss/minimized/unary-Ta/Ta-00308-2.poscar,Ta-potential/fcc-restart/05-rss-round-1/rss/raw/unary-Ta/Ta-00308.poscar,2bce7698fcdea38b788afd999c7863fb0cac7f4ff4b78c5859358508bceafb20,2bce7698fcdea38b788afd999c7863fb0cac7f4ff4b78c5859358508bceafb20
rss-n22-p400000bar,Ta-potential/fcc-restart/05-rss-round-1/rss-selection/source-frames/rss-n22-p400000bar.xyz,8,22,400000.0,2,309,000930.poscar,unary-Ta/Ta-00309-2.poscar,/home/tuzhengyu/work/WTaTi/Ta-potential/fcc-restart/05-rss-round-1/rss/minimized/unary-Ta/Ta-00309-2.poscar,Ta-potential/fcc-restart/05-rss-round-1/rss/raw/unary-Ta/Ta-00309.poscar,a9b7e6737420db4f9e20da1b8f5cb8b2c899d1294961286a681d0fc46b86b1e3,a9b7e6737420db4f9e20da1b8f5cb8b2c899d1294961286a681d0fc46b86b1e3
rss-n22-p400000bar,Ta-potential/fcc-restart/05-rss-round-1/rss-selection/source-frames/rss-n22-p400000bar.xyz,9,22,400000.0,2,310,000933.poscar,unary-Ta/Ta-00310-2.poscar,/home/tuzhengyu/work/WTaTi/Ta-potential/fcc-restart/05-rss-round-1/rss/minimized/unary-Ta/Ta-00310-2.poscar,Ta-potential/fcc-restart/05-rss-round-1/rss/raw/unary-Ta/Ta-00310.poscar,dcf4bc0dbf6e44b2a4df3bb043c3168f7f02a11b6d801c989629e3c97f268c21,dcf4bc0dbf6e44b2a4df3bb043c3168f7f02a11b6d801c989629e3c97f268c21
rss-n22-p400000bar,Ta-potential/fcc-restart/05-rss-round-1/rss-selection/source-frames/rss-n22-p400000bar.xyz,10,22,400000.0,2,311,000936.poscar,unary-Ta/Ta-00311-2.poscar,/home/tuzhengyu/work/WTaTi/Ta-potential/fcc-restart/05-rss-round-1/rss/minimized/unary-Ta/Ta-00311-2.poscar,Ta-potential/fcc-restart/05-rss-round-1/rss/raw/unary-Ta/Ta-00311.poscar,0d4855fa7c21045e8583a3ddbfdf7dab28b4059bc8bd094668d51e104908357c,0d4855fa7c21045e8583a3ddbfdf7dab28b4059bc8bd094668d51e104908357c
rss-n22-p400000bar,Ta-potential/fcc-restart/05-rss-round-1/rss-selection/source-frames/rss-n22-p400000bar.xyz,11,22,400000.0,2,312,000939.poscar,unary-Ta/Ta-00312-2.poscar,/home/tuzhengyu/work/WTaTi/Ta-potential/fcc-restart/05-rss-round-1/rss/minimized/unary-Ta/Ta-00312-2.poscar,Ta-potential/fcc-restart/05-rss-round-1/rss/raw/unary-Ta/Ta-00312.poscar,5474523cd12fa3b046b64dca8522f9587203059ef0b24591d5050c0025fd757b,5474523cd12fa3b046b64dca8522f9587203059ef0b24591d5050c0025fd757b
rss-n22-p400000bar,Ta-potential/fcc-restart/05-rss-round-1/rss-selection/source-frames/rss-n22-p400000bar.xyz,12,22,400000.0,2,313,000942.poscar,unary-Ta/Ta-00313-2.poscar,/home/tuzhengyu/work/WTaTi/Ta-potential/fcc-restart/05-rss-round-1/rss/minimized/unary-Ta/Ta-00313-2.poscar,Ta-potential/fcc-restart/05-rss-round-1/rss/raw/unary-Ta/Ta-00313.poscar,d652216cb336fe1ab5e6319a66516c052e02d84830cde5647f62c5770bf076c2,d652216cb336fe1ab5e6319a66516c052e02d84830cde5647f62c5770bf076c2
rss-n22-p400000bar,Ta-potential/fcc-restart/05-rss-round-1/rss-selection/source-frames/rss-n22-p400000bar.xyz,13,22,400000.0,2,314,000945.poscar,unary-Ta/Ta-00314-2.poscar,/home/tuzhengyu/work/WTaTi/Ta-potential/fcc-restart/05-rss-round-1/rss/minimized/unary-Ta/Ta-00314-2.poscar,Ta-potential/fcc-restart/05-rss-round-1/rss/raw/unary-Ta/Ta-00314.poscar,e97cdd450a89acd5d85b4555151f8bb7ec3854aa3870aa78ca291d7476775a12,e97cdd450a89acd5d85b4555151f8bb7ec3854aa3870aa78ca291d7476775a12
rss-n22-p400000bar,Ta-potential/fcc-restart/05-rss-round-1/rss-selection/source-frames/rss-n22-p400000bar.xyz,14,22,400000.0,2,315,000948.poscar,unary-Ta/Ta-00315-2.poscar,/home/tuzhengyu/work/WTaTi/Ta-potential/fcc-restart/05-rss-round-1/rss/minimized/unary-Ta/Ta-00315-2.poscar,Ta-potential/fcc-restart/05-rss-round-1/rss/raw/unary-Ta/Ta-00315.poscar,78e73c3b013839512c79d9d0ce3afbc573c0d19ba2d41cc9a53f638503c3c310,78e73c3b013839512c79d9d0ce3afbc573c0d19ba2d41cc9a53f638503c3c310
rss-n22-p400000bar,Ta-potential/fcc-restart/05-rss-round-1/rss-selection/source-frames/rss-n22-p400000bar.xyz,15,22,400000.0,2,316,000951.poscar,unary-Ta/Ta-00316-2.poscar,/home/tuzhengyu/work/WTaTi/Ta-potential/fcc-restart/05-rss-round-1/rss/minimized/unary-Ta/Ta-00316-2.poscar,Ta-potential/fcc-restart/05-rss-round-1/rss/raw/unary-Ta/Ta-00316.poscar,fce79522a125be6c6a814f91545acee53f48d1b924e46903864bc09980b29f63,fce79522a125be6c6a814f91545acee53f48d1b924e46903864bc09980b29f63
rss-n22-p400000bar,Ta-potential/fcc-restart/05-rss-round-1/rss-selection/source-frames/rss-n22-p400000bar.xyz,16,22,400000.0,2,317,000954.poscar,unary-Ta/Ta-00317-2.poscar,/home/tuzhengyu/work/WTaTi/Ta-potential/fcc-restart/05-rss-round-1/rss/minimized/unary-Ta/Ta-00317-2.poscar,Ta-potential/fcc-restart/05-rss-round-1/rss/raw/unary-Ta/Ta-00317.poscar,45b105d47ef904af7106b896cf444d54bf6110ffbf41a8739de9dae664833fde,45b105d47ef904af7106b896cf444d54bf6110ffbf41a8739de9dae664833fde
rss-n22-p400000bar,Ta-potential/fcc-restart/05-rss-round-1/rss-selection/source-frames/rss-n22-p400000bar.xyz,17,22,400000.0,2,318,000957.poscar,unary-Ta/Ta-00318-2.poscar,/home/tuzhengyu/work/WTaTi/Ta-potential/fcc-restart/05-rss-round-1/rss/minimized/unary-Ta/Ta-00318-2.poscar,Ta-potential/fcc-restart/05-rss-round-1/rss/raw/unary-Ta/Ta-00318.poscar,5c6aad3dd652c14dd58329fc90fa9a2ffd868f25fec4206ec54ed8974ab0eb88,5c6aad3dd652c14dd58329fc90fa9a2ffd868f25fec4206ec54ed8974ab0eb88
rss-n22-p400000bar,Ta-potential/fcc-restart/05-rss-round-1/rss-selection/source-frames/rss-n22-p400000bar.xyz,18,22,400000.0,2,319,000960.poscar,unary-Ta/Ta-00319-2.poscar,/home/tuzhengyu/work/WTaTi/Ta-potential/fcc-restart/05-rss-round-1/rss/minimized/unary-Ta/Ta-00319-2.poscar,Ta-potential/fcc-restart/05-rss-round-1/rss/raw/unary-Ta/Ta-00319.poscar,fb5dbcb77e0ff02938734d0f3b8acd413a5920b639fc8ba69a048219f3713d4b,fb5dbcb77e0ff02938734d0f3b8acd413a5920b639fc8ba69a048219f3713d4b
rss-n22-p400000bar,Ta-potential/fcc-restart/05-rss-round-1/rss-selection/source-frames/rss-n22-p400000bar.xyz,19,22,400000.0,2,320,000963.poscar,unary-Ta/Ta-00320-2.poscar,/home/tuzhengyu/work/WTaTi/Ta-potential/fcc-restart/05-rss-round-1/rss/minimized/unary-Ta/Ta-00320-2.poscar,Ta-potential/fcc-restart/05-rss-round-1/rss/raw/unary-Ta/Ta-00320.poscar,8be25a67cbff44205f972f82b304f2599b506b1a17ec7cb473674e95cf5775ce,8be25a67cbff44205f972f82b304f2599b506b1a17ec7cb473674e95cf5775ce
rss-n22-p400000bar,Ta-potential/fcc-restart/05-rss-round-1/rss-selection/source-frames/rss-n22-p400000bar.xyz,20,22,400000.0,2,321,000966.poscar,unary-Ta/Ta-00321-2.poscar,/home/tuzhengyu/work/WTaTi/Ta-potential/fcc-restart/05-rss-round-1/rss/minimized/unary-Ta/Ta-00321-2.poscar,Ta-potential/fcc-restart/05-rss-round-1/rss/raw/unary-Ta/Ta-00321.poscar,d2f9c3110fa9245db5e4d42d63a8530cd51daa06b91843dfa5c73555c4283d61,d2f9c3110fa9245db5e4d42d63a8530cd51daa06b91843dfa5c73555c4283d61
rss-n22-p400000bar,Ta-potential/fcc-restart/05-rss-round-1/rss-selection/source-frames/rss-n22-p400000bar.xyz,21,22,400000.0,2,322,000969.poscar,unary-Ta/Ta-00322-2.poscar,/home/tuzhengyu/work/WTaTi/Ta-potential/fcc-restart/05-rss-round-1/rss/minimized/unary-Ta/Ta-00322-2.poscar,Ta-potential/fcc-restart/05-rss-round-1/rss/raw/unary-Ta/Ta-00322.poscar,4fd90eab1959b32d5330de934025a18e25e91498795d4296b260aa1ae5e733d6,4fd90eab1959b32d5330de934025a18e25e91498795d4296b260aa1ae5e733d6
rss-n22-p400000bar,Ta-potential/fcc-restart/05-rss-round-1/rss-selection/source-frames/rss-n22-p400000bar.xyz,22,22,400000.0,2,323,000972.poscar,unary-Ta/Ta-00323-2.poscar,/home/tuzhengyu/work/WTaTi/Ta-potential/fcc-restart/05-rss-round-1/rss/minimized/unary-Ta/Ta-00323-2.poscar,Ta-potential/fcc-restart/05-rss-round-1/rss/raw/unary-Ta/Ta-00323.poscar,5915b8716da4264aa4e0cfbf8496602428073d6677dc989eb48bad8446a74776,5915b8716da4264aa4e0cfbf8496602428073d6677dc989eb48bad8446a74776
rss-n22-p400000bar,Ta-potential/fcc-restart/05-rss-round-1/rss-selection/source-frames/rss-n22-p400000bar.xyz,23,22,400000.0,2,324,000975.poscar,unary-Ta/Ta-00324-2.poscar,/home/tuzhengyu/work/WTaTi/Ta-potential/fcc-restart/05-rss-round-1/rss/minimized/unary-Ta/Ta-00324-2.poscar,Ta-potential/fcc-restart/05-rss-round-1/rss/raw/unary-Ta/Ta-00324.poscar,d672ca0cd5b47619f7b0ae3d5b3031c4008b73b2c2cf5f0f87e62c5f9a450235,d672ca0cd5b47619f7b0ae3d5b3031c4008b73b2c2cf5f0f87e62c5f9a450235
rss-n22-p400000bar,Ta-potential/fcc-restart/05-rss-round-1/rss-selection/source-frames/rss-n22-p400000bar.xyz,24,22,400000.0,2,325,000978.poscar,unary-Ta/Ta-00325-2.poscar,/home/tuzhengyu/work/WTaTi/Ta-potential/fcc-restart/05-rss-round-1/rss/minimized/unary-Ta/Ta-00325-2.poscar,Ta-potential/fcc-restart/05-rss-round-1/rss/raw/unary-Ta/Ta-00325.poscar,a2669a4b7458cf2ffd214d16a86f7afbeb92ddf78a06e8f969abbffdf51358e9,a2669a4b7458cf2ffd214d16a86f7afbeb92ddf78a06e8f969abbffdf51358e9
rss-n22-p400000bar,Ta-potential/fcc-restart/05-rss-round-1/rss-selection/source-frames/rss-n22-p400000bar.xyz,25,22,400000.0,2,326,000981.poscar,unary-Ta/Ta-00326-2.poscar,/home/tuzhengyu/work/WTaTi/Ta-potential/fcc-restart/05-rss-round-1/rss/minimized/unary-Ta/Ta-00326-2.poscar,Ta-potential/fcc-restart/05-rss-round-1/rss/raw/unary-Ta/Ta-00326.poscar,b712eaf33d58f34514a54645e766638260c855b11de32adcf6c43f7e6687364b,b712eaf33d58f34514a54645e766638260c855b11de32adcf6c43f7e6687364b
rss-n22-p400000bar,Ta-potential/fcc-restart/05-rss-round-1/rss-selection/source-frames/rss-n22-p400000bar.xyz,26,22,400000.0,2,327,000984.poscar,unary-Ta/Ta-00327-2.poscar,/home/tuzhengyu/work/WTaTi/Ta-potential/fcc-restart/05-rss-round-1/rss/minimized/unary-Ta/Ta-00327-2.poscar,Ta-potential/fcc-restart/05-rss-round-1/rss/raw/unary-Ta/Ta-00327.poscar,9f1232b4a956924b080a5f36bd563acd549f21d3b054c297f1ab51bf0b59a2ec,9f1232b4a956924b080a5f36bd563acd549f21d3b054c297f1ab51bf0b59a2ec
rss-n22-p400000bar,Ta-potential/fcc-restart/05-rss-round-1/rss-selection/source-frames/rss-n22-p400000bar.xyz,27,22,400000.0,2,328,000987.poscar,unary-Ta/Ta-00328-2.poscar,/home/tuzhengyu/work/WTaTi/Ta-potential/fcc-restart/05-rss-round-1/rss/minimized/unary-Ta/Ta-00328-2.poscar,Ta-potential/fcc-restart/05-rss-round-1/rss/raw/unary-Ta/Ta-00328.poscar,5c211607b4d3cd2d214a26391a7e830f562304f14927bdace560d054360b9b24,5c211607b4d3cd2d214a26391a7e830f562304f14927bdace560d054360b9b24
rss-n22-p400000bar,Ta-potential/fcc-restart/05-rss-round-1/rss-selection/source-frames/rss-n22-p400000bar.xyz,28,22,400000.0,2,329,000990.poscar,unary-Ta/Ta-00329-2.poscar,/home/tuzhengyu/work/WTaTi/Ta-potential/fcc-restart/05-rss-round-1/rss/minimized/unary-Ta/Ta-00329-2.poscar,Ta-potential/fcc-restart/05-rss-round-1/rss/raw/unary-Ta/Ta-00329.poscar,71508084bbd12b7bab2059203c0a14f79442fa2390117ed083c2599e133b138c,71508084bbd12b7bab2059203c0a14f79442fa2390117ed083c2599e133b138c
rss-n22-p400000bar,Ta-potential/fcc-restart/05-rss-round-1/rss-selection/source-frames/rss-n22-p400000bar.xyz,29,22,400000.0,2,330,000993.poscar,unary-Ta/Ta-00330-2.poscar,/home/tuzhengyu/work/WTaTi/Ta-potential/fcc-restart/05-rss-round-1/rss/minimized/unary-Ta/Ta-00330-2.poscar,Ta-potential/fcc-restart/05-rss-round-1/rss/raw/unary-Ta/Ta-00330.poscar,cf5331ac25d9f47242a7a5b5578d09da0e20f99acd31b73162d2a05fc5bf8bdf,cf5331ac25d9f47242a7a5b5578d09da0e20f99acd31b73162d2a05fc5bf8bdf
rss-n22-p400000bar,Ta-potential/fcc-restart/05-rss-round-1/rss-selection/source-frames/rss-n22-p400000bar.xyz,30,22,400000.0,2,331,000996.poscar,unary-Ta/Ta-00331-2.poscar,/home/tuzhengyu/work/WTaTi/Ta-potential/fcc-restart/05-rss-round-1/rss/minimized/unary-Ta/Ta-00331-2.poscar,Ta-potential/fcc-restart/05-rss-round-1/rss/raw/unary-Ta/Ta-00331.poscar,da847181a854fa1c02e476b71cd95aee7eeea6740e7de8ab8df461a402b6c38e,da847181a854fa1c02e476b71cd95aee7eeea6740e7de8ab8df461a402b6c38e
rss-n22-p400000bar,Ta-potential/fcc-restart/05-rss-round-1/rss-selection/source-frames/rss-n22-p400000bar.xyz,31,22,400000.0,2,332,000999.poscar,unary-Ta/Ta-00332-2.poscar,/home/tuzhengyu/work/WTaTi/Ta-potential/fcc-restart/05-rss-round-1/rss/minimized/unary-Ta/Ta-00332-2.poscar,Ta-potential/fcc-restart/05-rss-round-1/rss/raw/unary-Ta/Ta-00332.poscar,7c77e97ceab3f02d2579e4ad17f2481fee8f9e0c5abbe9a2782975c1b1de7ada,7c77e97ceab3f02d2579e4ad17f2481fee8f9e0c5abbe9a2782975c1b1de7ada
rss-n22-p400000bar,Ta-potential/fcc-restart/05-rss-round-1/rss-selection/source-frames/rss-n22-p400000bar.xyz,32,22,400000.0,2,333,001002.poscar,unary-Ta/Ta-00333-2.poscar,/home/tuzhengyu/work/WTaTi/Ta-potential/fcc-restart/05-rss-round-1/rss/minimized/unary-Ta/Ta-00333-2.poscar,Ta-potential/fcc-restart/05-rss-round-1/rss/raw/unary-Ta/Ta-00333.poscar,230d4cf536828f5b47afc0999b898ac742cc76e140948481aa439867b70a3d1a,230d4cf536828f5b47afc0999b898ac742cc76e140948481aa439867b70a3d1a
rss-n22-p400000bar,Ta-potential/fcc-restart/05-rss-round-1/rss-selection/source-frames/rss-n22-p400000bar.xyz,33,22,400000.0,2,334,001005.poscar,unary-Ta/Ta-00334-2.poscar,/home/tuzhengyu/work/WTaTi/Ta-potential/fcc-restart/05-rss-round-1/rss/minimized/unary-Ta/Ta-00334-2.poscar,Ta-potential/fcc-restart/05-rss-round-1/rss/raw/unary-Ta/Ta-00334.poscar,63484834e0e58b042a0af8da35d79d242b31cbabc7d2be3fe4a639b5886fb4d5,63484834e0e58b042a0af8da35d79d242b31cbabc7d2be3fe4a639b5886fb4d5
rss-n22-p400000bar,Ta-potential/fcc-restart/05-rss-round-1/rss-selection/source-frames/rss-n22-p400000bar.xyz,34,22,400000.0,2,335,001008.poscar,unary-Ta/Ta-00335-2.poscar,/home/tuzhengyu/work/WTaTi/Ta-potential/fcc-restart/05-rss-round-1/rss/minimized/unary-Ta/Ta-00335-2.poscar,Ta-potential/fcc-restart/05-rss-round-1/rss/raw/unary-Ta/Ta-00335.poscar,8d05c891cbf9d2ff43826caefca3a634800e63e34062cb5299d78a7cfca89088,8d05c891cbf9d2ff43826caefca3a634800e63e34062cb5299d78a7cfca89088
rss-n22-p400000bar,Ta-potential/fcc-restart/05-rss-round-1/rss-selection/source-frames/rss-n22-p400000bar.xyz,35,22,400000.0,2,336,001011.poscar,unary-Ta/Ta-00336-2.poscar,/home/tuzhengyu/work/WTaTi/Ta-potential/fcc-restart/05-rss-round-1/rss/minimized/unary-Ta/Ta-00336-2.poscar,Ta-potential/fcc-restart/05-rss-round-1/rss/raw/unary-Ta/Ta-00336.poscar,b7d85e9640c3401934db31c1d18cedfc3f86fd6c4a787597c59f394a24ae82d5,b7d85e9640c3401934db31c1d18cedfc3f86fd6c4a787597c59f394a24ae82d5
rss-n22-p400000bar,Ta-potential/fcc-restart/05-rss-round-1/rss-selection/source-frames/rss-n22-p400000bar.xyz,36,22,400000.0,2,337,001014.poscar,unary-Ta/Ta-00337-2.poscar,/home/tuzhengyu/work/WTaTi/Ta-potential/fcc-restart/05-rss-round-1/rss/minimized/unary-Ta/Ta-00337-2.poscar,Ta-potential/fcc-restart/05-rss-round-1/rss/raw/unary-Ta/Ta-00337.poscar,30d0f87b840903819c54201a0ff0526624c614d03ff77659831de22826ab7bfd,30d0f87b840903819c54201a0ff0526624c614d03ff77659831de22826ab7bfd
rss-n22-p400000bar,Ta-potential/fcc-restart/05-rss-round-1/rss-selection/source-frames/rss-n22-p400000bar.xyz,37,22,400000.0,2,339,001020.poscar,unary-Ta/Ta-00339-2.poscar,/home/tuzhengyu/work/WTaTi/Ta-potential/fcc-restart/05-rss-round-1/rss/minimized/unary-Ta/Ta-00339-2.poscar,Ta-potential/fcc-restart/05-rss-round-1/rss/raw/unary-Ta/Ta-00339.poscar,9ed5d5bfbabf18001110c6e84f0c729b87fe42e6211de9180a73d35117fed50f,9ed5d5bfbabf18001110c6e84f0c729b87fe42e6211de9180a73d35117fed50f
rss-n22-p400000bar,Ta-potential/fcc-restart/05-rss-round-1/rss-selection/source-frames/rss-n22-p400000bar.xyz,38,22,400000.0,2,340,001023.poscar,unary-Ta/Ta-00340-2.poscar,/home/tuzhengyu/work/WTaTi/Ta-potential/fcc-restart/05-rss-round-1/rss/minimized/unary-Ta/Ta-00340-2.poscar,Ta-potential/fcc-restart/05-rss-round-1/rss/raw/unary-Ta/Ta-00340.poscar,24d192f09a4d0c8928f19a0d988003f428f8f65e7946d9d94b77f7aec2f6d692,24d192f09a4d0c8928f19a0d988003f428f8f65e7946d9d94b77f7aec2f6d692
rss-n22-p400000bar,Ta-potential/fcc-restart/05-rss-round-1/rss-selection/source-frames/rss-n22-p400000bar.xyz,39,22,400000.0,2,341,001026.poscar,unary-Ta/Ta-00341-2.poscar,/home/tuzhengyu/work/WTaTi/Ta-potential/fcc-restart/05-rss-round-1/rss/minimized/unary-Ta/Ta-00341-2.poscar,Ta-potential/fcc-restart/05-rss-round-1/rss/raw/unary-Ta/Ta-00341.poscar,32e8f4e6146c8c57352c9f03fdd26c001ce749b3ded8d8f31adf59b9e5002c71,32e8f4e6146c8c57352c9f03fdd26c001ce749b3ded8d8f31adf59b9e5002c71
rss-n22-p400000bar,Ta-potential/fcc-restart/05-rss-round-1/rss-selection/source-frames/rss-n22-p400000bar.xyz,40,22,400000.0,2,342,001029.poscar,unary-Ta/Ta-00342-2.poscar,/home/tuzhengyu/work/WTaTi/Ta-potential/fcc-restart/05-rss-round-1/rss/minimized/unary-Ta/Ta-00342-2.poscar,Ta-potential/fcc-restart/05-rss-round-1/rss/raw/unary-Ta/Ta-00342.poscar,83db1087a450c18f9dc09b2bce236da9448c01bc34db02b917313ab6dbec16c9,83db1087a450c18f9dc09b2bce236da9448c01bc34db02b917313ab6dbec16c9
rss-n22-p400000bar,Ta-potential/fcc-restart/05-rss-round-1/rss-selection/source-frames/rss-n22-p400000bar.xyz,41,22,400000.0,2,343,001032.poscar,unary-Ta/Ta-00343-2.poscar,/home/tuzhengyu/work/WTaTi/Ta-potential/fcc-restart/05-rss-round-1/rss/minimized/unary-Ta/Ta-00343-2.poscar,Ta-potential/fcc-restart/05-rss-round-1/rss/raw/unary-Ta/Ta-00343.poscar,d1a18be5dc738ce90d213387ce58986c92ab297e04deb0aa6ffb68ac715ab6bd,d1a18be5dc738ce90d213387ce58986c92ab297e04deb0aa6ffb68ac715ab6bd
rss-n22-p400000bar,Ta-potential/fcc-restart/05-rss-round-1/rss-selection/source-frames/rss-n22-p400000bar.xyz,42,22,400000.0,2,344,001035.poscar,unary-Ta/Ta-00344-2.poscar,/home/tuzhengyu/work/WTaTi/Ta-potential/fcc-restart/05-rss-round-1/rss/minimized/unary-Ta/Ta-00344-2.poscar,Ta-potential/fcc-restart/05-rss-round-1/rss/raw/unary-Ta/Ta-00344.poscar,2a6b748c58541b253a91cf71edda90b95ac7d1a5a8d9fe0d9f058b57b0e8b3f6,2a6b748c58541b253a91cf71edda90b95ac7d1a5a8d9fe0d9f058b57b0e8b3f6
rss-n22-p400000bar,Ta-potential/fcc-restart/05-rss-round-1/rss-selection/source-frames/rss-n22-p400000bar.xyz,43,22,400000.0,2,345,001038.poscar,unary-Ta/Ta-00345-2.poscar,/home/tuzhengyu/work/WTaTi/Ta-potential/fcc-restart/05-rss-round-1/rss/minimized/unary-Ta/Ta-00345-2.poscar,Ta-potential/fcc-restart/05-rss-round-1/rss/raw/unary-Ta/Ta-00345.poscar,404e4b175032b5f054bf2502e60dcc62a22c20bd3605fe0180604691c4ece137,404e4b175032b5f054bf2502e60dcc62a22c20bd3605fe0180604691c4ece137
rss-n22-p400000bar,Ta-potential/fcc-restart/05-rss-round-1/rss-selection/source-frames/rss-n22-p400000bar.xyz,44,22,400000.0,2,346,001041.poscar,unary-Ta/Ta-00346-2.poscar,/home/tuzhengyu/work/WTaTi/Ta-potential/fcc-restart/05-rss-round-1/rss/minimized/unary-Ta/Ta-00346-2.poscar,Ta-potential/fcc-restart/05-rss-round-1/rss/raw/unary-Ta/Ta-00346.poscar,faaf3f746cd11bf69f6257054a56bfdfc5c6e3da74ced5a7b859cc0ffdbce6a5,faaf3f746cd11bf69f6257054a56bfdfc5c6e3da74ced5a7b859cc0ffdbce6a5
rss-n22-p400000bar,Ta-potential/fcc-restart/05-rss-round-1/rss-selection/source-frames/rss-n22-p400000bar.xyz,45,22,400000.0,2,348,001047.poscar,unary-Ta/Ta-00348-2.poscar,/home/tuzhengyu/work/WTaTi/Ta-potential/fcc-restart/05-rss-round-1/rss/minimized/unary-Ta/Ta-00348-2.poscar,Ta-potential/fcc-restart/05-rss-round-1/rss/raw/unary-Ta/Ta-00348.poscar,9db9099228e38ce2a5a2e42f32f4dc3580c6a4ceb9c1261e2d7d299f583e820a,9db9099228e38ce2a5a2e42f32f4dc3580c6a4ceb9c1261e2d7d299f583e820a
rss-n22-p400000bar,Ta-potential/fcc-restart/05-rss-round-1/rss-selection/source-frames/rss-n22-p400000bar.xyz,46,22,400000.0,2,349,001050.poscar,unary-Ta/Ta-00349-2.poscar,/home/tuzhengyu/work/WTaTi/Ta-potential/fcc-restart/05-rss-round-1/rss/minimized/unary-Ta/Ta-00349-2.poscar,Ta-potential/fcc-restart/05-rss-round-1/rss/raw/unary-Ta/Ta-00349.poscar,344434cf6e39caa2e7375244b3827799d000bb66a64051453b9fceba81ff3cd1,344434cf6e39caa2e7375244b3827799d000bb66a64051453b9fceba81ff3cd1
rss-n25-p0bar,Ta-potential/fcc-restart/05-rss-round-1/rss-selection/source-frames/rss-n25-p0bar.xyz,0,25,0.0,0,350,001051.poscar,unary-Ta/Ta-00350-0.poscar,/home/tuzhengyu/work/WTaTi/Ta-potential/fcc-restart/05-rss-round-1/rss/minimized/unary-Ta/Ta-00350-0.poscar,Ta-potential/fcc-restart/05-rss-round-1/rss/raw/unary-Ta/Ta-00350.poscar,58d8a96b2da7db84be77e0d935aa16943c4c23c3e87703b217f862d9be8cabe4,58d8a96b2da7db84be77e0d935aa16943c4c23c3e87703b217f862d9be8cabe4
rss-n25-p0bar,Ta-potential/fcc-restart/05-rss-round-1/rss-selection/source-frames/rss-n25-p0bar.xyz,1,25,0.0,0,351,001054.poscar,unary-Ta/Ta-00351-0.poscar,/home/tuzhengyu/work/WTaTi/Ta-potential/fcc-restart/05-rss-round-1/rss/minimized/unary-Ta/Ta-00351-0.poscar,Ta-potential/fcc-restart/05-rss-round-1/rss/raw/unary-Ta/Ta-00351.poscar,08d2e77d944531d3d192e8d9152335c47082b3ef55b5a050b4b93d78290ed7dd,08d2e77d944531d3d192e8d9152335c47082b3ef55b5a050b4b93d78290ed7dd
rss-n25-p0bar,Ta-potential/fcc-restart/05-rss-round-1/rss-selection/source-frames/rss-n25-p0bar.xyz,2,25,0.0,0,352,001057.poscar,unary-Ta/Ta-00352-0.poscar,/home/tuzhengyu/work/WTaTi/Ta-potential/fcc-restart/05-rss-round-1/rss/minimized/unary-Ta/Ta-00352-0.poscar,Ta-potential/fcc-restart/05-rss-round-1/rss/raw/unary-Ta/Ta-00352.poscar,6905530f9c49bd433f395eb9934dd2a13158aeddb32823f3c7edb7a59dab6faa,6905530f9c49bd433f395eb9934dd2a13158aeddb32823f3c7edb7a59dab6faa
rss-n25-p0bar,Ta-potential/fcc-restart/05-rss-round-1/rss-selection/source-frames/rss-n25-p0bar.xyz,3,25,0.0,0,353,001060.poscar,unary-Ta/Ta-00353-0.poscar,/home/tuzhengyu/work/WTaTi/Ta-potential/fcc-restart/05-rss-round-1/rss/minimized/unary-Ta/Ta-00353-0.poscar,Ta-potential/fcc-restart/05-rss-round-1/rss/raw/unary-Ta/Ta-00353.poscar,71089a8f55ccc5899193eed5c54fa4bc658464f668079e8eaeae507e845b5561,71089a8f55ccc5899193eed5c54fa4bc658464f668079e8eaeae507e845b5561
rss-n25-p0bar,Ta-potential/fcc-restart/05-rss-round-1/rss-selection/source-frames/rss-n25-p0bar.xyz,4,25,0.0,0,354,001063.poscar,unary-Ta/Ta-00354-0.poscar,/home/tuzhengyu/work/WTaTi/Ta-potential/fcc-restart/05-rss-round-1/rss/minimized/unary-Ta/Ta-00354-0.poscar,Ta-potential/fcc-restart/05-rss-round-1/rss/raw/unary-Ta/Ta-00354.poscar,1dc539882d032d21e946e755424f8f3e5797240a3f53533b3acea5047ac79d97,1dc539882d032d21e946e755424f8f3e5797240a3f53533b3acea5047ac79d97
rss-n25-p0bar,Ta-potential/fcc-restart/05-rss-round-1/rss-selection/source-frames/rss-n25-p0bar.xyz,5,25,0.0,0,355,001066.poscar,unary-Ta/Ta-00355-0.poscar,/home/tuzhengyu/work/WTaTi/Ta-potential/fcc-restart/05-rss-round-1/rss/minimized/unary-Ta/Ta-00355-0.poscar,Ta-potential/fcc-restart/05-rss-round-1/rss/raw/unary-Ta/Ta-00355.poscar,0ac2eb2bb7c2f1f5886511a697653d895ea1e3fac8a132850f9bd92259882975,0ac2eb2bb7c2f1f5886511a697653d895ea1e3fac8a132850f9bd92259882975
rss-n25-p0bar,Ta-potential/fcc-restart/05-rss-round-1/rss-selection/source-frames/rss-n25-p0bar.xyz,6,25,0.0,0,356,001069.poscar,unary-Ta/Ta-00356-0.poscar,/home/tuzhengyu/work/WTaTi/Ta-potential/fcc-restart/05-rss-round-1/rss/minimized/unary-Ta/Ta-00356-0.poscar,Ta-potential/fcc-restart/05-rss-round-1/rss/raw/unary-Ta/Ta-00356.poscar,653aed1fcbe70f05958319a9271e81a78400a7b8bfe425cdcc25f63e3f5d5f9a,653aed1fcbe70f05958319a9271e81a78400a7b8bfe425cdcc25f63e3f5d5f9a
rss-n25-p0bar,Ta-potential/fcc-restart/05-rss-round-1/rss-selection/source-frames/rss-n25-p0bar.xyz,7,25,0.0,0,357,001072.poscar,unary-Ta/Ta-00357-0.poscar,/home/tuzhengyu/work/WTaTi/Ta-potential/fcc-restart/05-rss-round-1/rss/minimized/unary-Ta/Ta-00357-0.poscar,Ta-potential/fcc-restart/05-rss-round-1/rss/raw/unary-Ta/Ta-00357.poscar,cd35928d64bd747f42349b5d84d7110ff4726fb247a91e61b63a4c7e7cc6ef59,cd35928d64bd747f42349b5d84d7110ff4726fb247a91e61b63a4c7e7cc6ef59
rss-n25-p0bar,Ta-potential/fcc-restart/05-rss-round-1/rss-selection/source-frames/rss-n25-p0bar.xyz,8,25,0.0,0,358,001075.poscar,unary-Ta/Ta-00358-0.poscar,/home/tuzhengyu/work/WTaTi/Ta-potential/fcc-restart/05-rss-round-1/rss/minimized/unary-Ta/Ta-00358-0.poscar,Ta-potential/fcc-restart/05-rss-round-1/rss/raw/unary-Ta/Ta-00358.poscar,f25424ce35aabe1be20821b416bb4d4e95249590ba41dd91adf0a9900b460f56,f25424ce35aabe1be20821b416bb4d4e95249590ba41dd91adf0a9900b460f56
rss-n25-p0bar,Ta-potential/fcc-restart/05-rss-round-1/rss-selection/source-frames/rss-n25-p0bar.xyz,9,25,0.0,0,359,001078.poscar,unary-Ta/Ta-00359-0.poscar,/home/tuzhengyu/work/WTaTi/Ta-potential/fcc-restart/05-rss-round-1/rss/minimized/unary-Ta/Ta-00359-0.poscar,Ta-potential/fcc-restart/05-rss-round-1/rss/raw/unary-Ta/Ta-00359.poscar,0a252dd565bef3043767ed32a265ae0607ce58b7080c8e00fb86597d4a83a3cb,0a252dd565bef3043767ed32a265ae0607ce58b7080c8e00fb86597d4a83a3cb
rss-n25-p0bar,Ta-potential/fcc-restart/05-rss-round-1/rss-selection/source-frames/rss-n25-p0bar.xyz,10,25,0.0,0,360,001081.poscar,unary-Ta/Ta-00360-0.poscar,/home/tuzhengyu/work/WTaTi/Ta-potential/fcc-restart/05-rss-round-1/rss/minimized/unary-Ta/Ta-00360-0.poscar,Ta-potential/fcc-restart/05-rss-round-1/rss/raw/unary-Ta/Ta-00360.poscar,09e4d59201ab2d3a229959dac869249dac135dd76fe038688b57bde48204f207,09e4d59201ab2d3a229959dac869249dac135dd76fe038688b57bde48204f207
rss-n25-p0bar,Ta-potential/fcc-restart/05-rss-round-1/rss-selection/source-frames/rss-n25-p0bar.xyz,11,25,0.0,0,363,001090.poscar,unary-Ta/Ta-00363-0.poscar,/home/tuzhengyu/work/WTaTi/Ta-potential/fcc-restart/05-rss-round-1/rss/minimized/unary-Ta/Ta-00363-0.poscar,Ta-potential/fcc-restart/05-rss-round-1/rss/raw/unary-Ta/Ta-00363.poscar,398e7ff34b866c318c30decb687e19e22bd8b5f89a3f2a56ccc308030745f973,398e7ff34b866c318c30decb687e19e22bd8b5f89a3f2a56ccc308030745f973
rss-n25-p0bar,Ta-potential/fcc-restart/05-rss-round-1/rss-selection/source-frames/rss-n25-p0bar.xyz,12,25,0.0,0,364,001093.poscar,unary-Ta/Ta-00364-0.poscar,/home/tuzhengyu/work/WTaTi/Ta-potential/fcc-restart/05-rss-round-1/rss/minimized/unary-Ta/Ta-00364-0.poscar,Ta-potential/fcc-restart/05-rss-round-1/rss/raw/unary-Ta/Ta-00364.poscar,246f192fcd9fbe4b163a56e55400c07b15feb2594f3afe978aaa48be559c075d,246f192fcd9fbe4b163a56e55400c07b15feb2594f3afe978aaa48be559c075d
rss-n25-p0bar,Ta-potential/fcc-restart/05-rss-round-1/rss-selection/source-frames/rss-n25-p0bar.xyz,13,25,0.0,0,365,001096.poscar,unary-Ta/Ta-00365-0.poscar,/home/tuzhengyu/work/WTaTi/Ta-potential/fcc-restart/05-rss-round-1/rss/minimized/unary-Ta/Ta-00365-0.poscar,Ta-potential/fcc-restart/05-rss-round-1/rss/raw/unary-Ta/Ta-00365.poscar,6a5f393c0ddb6c9ec821873cbf10ec5141a1dc1abf252c9ed54d7786bab7e10e,6a5f393c0ddb6c9ec821873cbf10ec5141a1dc1abf252c9ed54d7786bab7e10e
rss-n25-p0bar,Ta-potential/fcc-restart/05-rss-round-1/rss-selection/source-frames/rss-n25-p0bar.xyz,14,25,0.0,0,366,001099.poscar,unary-Ta/Ta-00366-0.poscar,/home/tuzhengyu/work/WTaTi/Ta-potential/fcc-restart/05-rss-round-1/rss/minimized/unary-Ta/Ta-00366-0.poscar,Ta-potential/fcc-restart/05-rss-round-1/rss/raw/unary-Ta/Ta-00366.poscar,7fc29a74468de65b3cec97e8936989e4b1320513b0a64e48d5143450f78924ce,7fc29a74468de65b3cec97e8936989e4b1320513b0a64e48d5143450f78924ce
rss-n25-p0bar,Ta-potential/fcc-restart/05-rss-round-1/rss-selection/source-frames/rss-n25-p0bar.xyz,15,25,0.0,0,367,001102.poscar,unary-Ta/Ta-00367-0.poscar,/home/tuzhengyu/work/WTaTi/Ta-potential/fcc-restart/05-rss-round-1/rss/minimized/unary-Ta/Ta-00367-0.poscar,Ta-potential/fcc-restart/05-rss-round-1/rss/raw/unary-Ta/Ta-00367.poscar,7b9953db83e2dd712e3a5f6f5c5279132d81047a416b966f2d84ae7da76fd1b8,7b9953db83e2dd712e3a5f6f5c5279132d81047a416b966f2d84ae7da76fd1b8
rss-n25-p0bar,Ta-potential/fcc-restart/05-rss-round-1/rss-selection/source-frames/rss-n25-p0bar.xyz,16,25,0.0,0,368,001105.poscar,unary-Ta/Ta-00368-0.poscar,/home/tuzhengyu/work/WTaTi/Ta-potential/fcc-restart/05-rss-round-1/rss/minimized/unary-Ta/Ta-00368-0.poscar,Ta-potential/fcc-restart/05-rss-round-1/rss/raw/unary-Ta/Ta-00368.poscar,a8a11a4c11b08be6efac70306504c726b84f1d6d0d76d5a0d472c4e6b552162b,a8a11a4c11b08be6efac70306504c726b84f1d6d0d76d5a0d472c4e6b552162b
rss-n25-p0bar,Ta-potential/fcc-restart/05-rss-round-1/rss-selection/source-frames/rss-n25-p0bar.xyz,17,25,0.0,0,369,001108.poscar,unary-Ta/Ta-00369-0.poscar,/home/tuzhengyu/work/WTaTi/Ta-potential/fcc-restart/05-rss-round-1/rss/minimized/unary-Ta/Ta-00369-0.poscar,Ta-potential/fcc-restart/05-rss-round-1/rss/raw/unary-Ta/Ta-00369.poscar,1006892987a7f653d7eadf3f97cdb86082170ce68731a79929245c51bb42882f,1006892987a7f653d7eadf3f97cdb86082170ce68731a79929245c51bb42882f
rss-n25-p0bar,Ta-potential/fcc-restart/05-rss-round-1/rss-selection/source-frames/rss-n25-p0bar.xyz,18,25,0.0,0,371,001114.poscar,unary-Ta/Ta-00371-0.poscar,/home/tuzhengyu/work/WTaTi/Ta-potential/fcc-restart/05-rss-round-1/rss/minimized/unary-Ta/Ta-00371-0.poscar,Ta-potential/fcc-restart/05-rss-round-1/rss/raw/unary-Ta/Ta-00371.poscar,795af616634895c16b2e5f8e9069d82708e939f895a1b7068a9d40ae307caba5,795af616634895c16b2e5f8e9069d82708e939f895a1b7068a9d40ae307caba5
rss-n25-p0bar,Ta-potential/fcc-restart/05-rss-round-1/rss-selection/source-frames/rss-n25-p0bar.xyz,19,25,0.0,0,372,001117.poscar,unary-Ta/Ta-00372-0.poscar,/home/tuzhengyu/work/WTaTi/Ta-potential/fcc-restart/05-rss-round-1/rss/minimized/unary-Ta/Ta-00372-0.poscar,Ta-potential/fcc-restart/05-rss-round-1/rss/raw/unary-Ta/Ta-00372.poscar,d66fabb0bcf7dc410a7c5d4597fee2fa206c3a6db317ace1af08f9e856717104,d66fabb0bcf7dc410a7c5d4597fee2fa206c3a6db317ace1af08f9e856717104
rss-n25-p0bar,Ta-potential/fcc-restart/05-rss-round-1/rss-selection/source-frames/rss-n25-p0bar.xyz,20,25,0.0,0,373,001120.poscar,unary-Ta/Ta-00373-0.poscar,/home/tuzhengyu/work/WTaTi/Ta-potential/fcc-restart/05-rss-round-1/rss/minimized/unary-Ta/Ta-00373-0.poscar,Ta-potential/fcc-restart/05-rss-round-1/rss/raw/unary-Ta/Ta-00373.poscar,054b92de9d365e0ac7d912b244092fbaa26e1294c243354dda67dc5b776387de,054b92de9d365e0ac7d912b244092fbaa26e1294c243354dda67dc5b776387de
rss-n25-p0bar,Ta-potential/fcc-restart/05-rss-round-1/rss-selection/source-frames/rss-n25-p0bar.xyz,21,25,0.0,0,375,001126.poscar,unary-Ta/Ta-00375-0.poscar,/home/tuzhengyu/work/WTaTi/Ta-potential/fcc-restart/05-rss-round-1/rss/minimized/unary-Ta/Ta-00375-0.poscar,Ta-potential/fcc-restart/05-rss-round-1/rss/raw/unary-Ta/Ta-00375.poscar,ce2594dca47e46d7a43ff715eb0f95a377b85cb91dba8cdacb873b33f8460670,ce2594dca47e46d7a43ff715eb0f95a377b85cb91dba8cdacb873b33f8460670
rss-n25-p0bar,Ta-potential/fcc-restart/05-rss-round-1/rss-selection/source-frames/rss-n25-p0bar.xyz,22,25,0.0,0,376,001129.poscar,unary-Ta/Ta-00376-0.poscar,/home/tuzhengyu/work/WTaTi/Ta-potential/fcc-restart/05-rss-round-1/rss/minimized/unary-Ta/Ta-00376-0.poscar,Ta-potential/fcc-restart/05-rss-round-1/rss/raw/unary-Ta/Ta-00376.poscar,6c32bed74a28cdc105088d9cdf3aa22a7b719b15916c5c23b536dd5e1881af42,6c32bed74a28cdc105088d9cdf3aa22a7b719b15916c5c23b536dd5e1881af42
rss-n25-p0bar,Ta-potential/fcc-restart/05-rss-round-1/rss-selection/source-frames/rss-n25-p0bar.xyz,23,25,0.0,0,377,001132.poscar,unary-Ta/Ta-00377-0.poscar,/home/tuzhengyu/work/WTaTi/Ta-potential/fcc-restart/05-rss-round-1/rss/minimized/unary-Ta/Ta-00377-0.poscar,Ta-potential/fcc-restart/05-rss-round-1/rss/raw/unary-Ta/Ta-00377.poscar,a5654b6188d7ee2e7d19bbc0dc3a80c5fafc557f3f8f8b7e5c5ac7ac6296a2ed,a5654b6188d7ee2e7d19bbc0dc3a80c5fafc557f3f8f8b7e5c5ac7ac6296a2ed
rss-n25-p0bar,Ta-potential/fcc-restart/05-rss-round-1/rss-selection/source-frames/rss-n25-p0bar.xyz,24,25,0.0,0,378,001135.poscar,unary-Ta/Ta-00378-0.poscar,/home/tuzhengyu/work/WTaTi/Ta-potential/fcc-restart/05-rss-round-1/rss/minimized/unary-Ta/Ta-00378-0.poscar,Ta-potential/fcc-restart/05-rss-round-1/rss/raw/unary-Ta/Ta-00378.poscar,891dae1d0eabe07ac277b1c19178ba235c0c0934e059874440a9e54953376212,891dae1d0eabe07ac277b1c19178ba235c0c0934e059874440a9e54953376212
rss-n25-p0bar,Ta-potential/fcc-restart/05-rss-round-1/rss-selection/source-frames/rss-n25-p0bar.xyz,25,25,0.0,0,379,001138.poscar,unary-Ta/Ta-00379-0.poscar,/home/tuzhengyu/work/WTaTi/Ta-potential/fcc-restart/05-rss-round-1/rss/minimized/unary-Ta/Ta-00379-0.poscar,Ta-potential/fcc-restart/05-rss-round-1/rss/raw/unary-Ta/Ta-00379.poscar,64c8fce9800bf6cc4f878217286145675577721dae1b09ffd61fe87cb5213825,64c8fce9800bf6cc4f878217286145675577721dae1b09ffd61fe87cb5213825
rss-n25-p0bar,Ta-potential/fcc-restart/05-rss-round-1/rss-selection/source-frames/rss-n25-p0bar.xyz,26,25,0.0,0,380,001141.poscar,unary-Ta/Ta-00380-0.poscar,/home/tuzhengyu/work/WTaTi/Ta-potential/fcc-restart/05-rss-round-1/rss/minimized/unary-Ta/Ta-00380-0.poscar,Ta-potential/fcc-restart/05-rss-round-1/rss/raw/unary-Ta/Ta-00380.poscar,a46de67c935b2283fbf0acf6b1274f499c6aa386b22b7349ee911b19c950a4de,a46de67c935b2283fbf0acf6b1274f499c6aa386b22b7349ee911b19c950a4de
rss-n25-p0bar,Ta-potential/fcc-restart/05-rss-round-1/rss-selection/source-frames/rss-n25-p0bar.xyz,27,25,0.0,0,381,001144.poscar,unary-Ta/Ta-00381-0.poscar,/home/tuzhengyu/work/WTaTi/Ta-potential/fcc-restart/05-rss-round-1/rss/minimized/unary-Ta/Ta-00381-0.poscar,Ta-potential/fcc-restart/05-rss-round-1/rss/raw/unary-Ta/Ta-00381.poscar,4ba476339b8238abc8a923b4287c79d340171547508a3e283d6ceb2aa4244f56,4ba476339b8238abc8a923b4287c79d340171547508a3e283d6ceb2aa4244f56
rss-n25-p0bar,Ta-potential/fcc-restart/05-rss-round-1/rss-selection/source-frames/rss-n25-p0bar.xyz,28,25,0.0,0,382,001147.poscar,unary-Ta/Ta-00382-0.poscar,/home/tuzhengyu/work/WTaTi/Ta-potential/fcc-restart/05-rss-round-1/rss/minimized/unary-Ta/Ta-00382-0.poscar,Ta-potential/fcc-restart/05-rss-round-1/rss/raw/unary-Ta/Ta-00382.poscar,5e36556f449603bdb72dbbfac295c7854670267edad515eeebe6e1b717372471,5e36556f449603bdb72dbbfac295c7854670267edad515eeebe6e1b717372471
rss-n25-p0bar,Ta-potential/fcc-restart/05-rss-round-1/rss-selection/source-frames/rss-n25-p0bar.xyz,29,25,0.0,0,383,001150.poscar,unary-Ta/Ta-00383-0.poscar,/home/tuzhengyu/work/WTaTi/Ta-potential/fcc-restart/05-rss-round-1/rss/minimized/unary-Ta/Ta-00383-0.poscar,Ta-potential/fcc-restart/05-rss-round-1/rss/raw/unary-Ta/Ta-00383.poscar,e868bcb92304bcec18d8cae90028cc28fabebc81e682c30b48dd95243bce9421,e868bcb92304bcec18d8cae90028cc28fabebc81e682c30b48dd95243bce9421
rss-n25-p0bar,Ta-potential/fcc-restart/05-rss-round-1/rss-selection/source-frames/rss-n25-p0bar.xyz,30,25,0.0,0,384,001153.poscar,unary-Ta/Ta-00384-0.poscar,/home/tuzhengyu/work/WTaTi/Ta-potential/fcc-restart/05-rss-round-1/rss/minimized/unary-Ta/Ta-00384-0.poscar,Ta-potential/fcc-restart/05-rss-round-1/rss/raw/unary-Ta/Ta-00384.poscar,9f4cb2693e532859720d9dc74c75d052646ea31e2c664ae7e0e69bdf59d56691,9f4cb2693e532859720d9dc74c75d052646ea31e2c664ae7e0e69bdf59d56691
rss-n25-p0bar,Ta-potential/fcc-restart/05-rss-round-1/rss-selection/source-frames/rss-n25-p0bar.xyz,31,25,0.0,0,385,001156.poscar,unary-Ta/Ta-00385-0.poscar,/home/tuzhengyu/work/WTaTi/Ta-potential/fcc-restart/05-rss-round-1/rss/minimized/unary-Ta/Ta-00385-0.poscar,Ta-potential/fcc-restart/05-rss-round-1/rss/raw/unary-Ta/Ta-00385.poscar,3445a5e81e40bbe7ca1b68ea810ce3c9a4fc57d0caec71db55f282e672bb7eb9,3445a5e81e40bbe7ca1b68ea810ce3c9a4fc57d0caec71db55f282e672bb7eb9
rss-n25-p0bar,Ta-potential/fcc-restart/05-rss-round-1/rss-selection/source-frames/rss-n25-p0bar.xyz,32,25,0.0,0,386,001159.poscar,unary-Ta/Ta-00386-0.poscar,/home/tuzhengyu/work/WTaTi/Ta-potential/fcc-restart/05-rss-round-1/rss/minimized/unary-Ta/Ta-00386-0.poscar,Ta-potential/fcc-restart/05-rss-round-1/rss/raw/unary-Ta/Ta-00386.poscar,6d5cddd5a716e927cddd576005c0a9104d9d3df067e8ffb1b967e1740042d737,6d5cddd5a716e927cddd576005c0a9104d9d3df067e8ffb1b967e1740042d737
rss-n25-p0bar,Ta-potential/fcc-restart/05-rss-round-1/rss-selection/source-frames/rss-n25-p0bar.xyz,33,25,0.0,0,387,001162.poscar,unary-Ta/Ta-00387-0.poscar,/home/tuzhengyu/work/WTaTi/Ta-potential/fcc-restart/05-rss-round-1/rss/minimized/unary-Ta/Ta-00387-0.poscar,Ta-potential/fcc-restart/05-rss-round-1/rss/raw/unary-Ta/Ta-00387.poscar,ecc3e4e41f51640cf2669867a8982d6920d644700550a66d8e6b7c801ce4a5ea,ecc3e4e41f51640cf2669867a8982d6920d644700550a66d8e6b7c801ce4a5ea
rss-n25-p0bar,Ta-potential/fcc-restart/05-rss-round-1/rss-selection/source-frames/rss-n25-p0bar.xyz,34,25,0.0,0,388,001165.poscar,unary-Ta/Ta-00388-0.poscar,/home/tuzhengyu/work/WTaTi/Ta-potential/fcc-restart/05-rss-round-1/rss/minimized/unary-Ta/Ta-00388-0.poscar,Ta-potential/fcc-restart/05-rss-round-1/rss/raw/unary-Ta/Ta-00388.poscar,e2db1cf90d889e9f4adf444af5366a225d7899f53a0b81ac8862b3fd20c33cae,e2db1cf90d889e9f4adf444af5366a225d7899f53a0b81ac8862b3fd20c33cae
rss-n25-p0bar,Ta-potential/fcc-restart/05-rss-round-1/rss-selection/source-frames/rss-n25-p0bar.xyz,35,25,0.0,0,389,001168.poscar,unary-Ta/Ta-00389-0.poscar,/home/tuzhengyu/work/WTaTi/Ta-potential/fcc-restart/05-rss-round-1/rss/minimized/unary-Ta/Ta-00389-0.poscar,Ta-potential/fcc-restart/05-rss-round-1/rss/raw/unary-Ta/Ta-00389.poscar,f04f6e8d6a3f17f26c4b07ab279ae13a15dead543d5e7080d083608a16016341,f04f6e8d6a3f17f26c4b07ab279ae13a15dead543d5e7080d083608a16016341
rss-n25-p0bar,Ta-potential/fcc-restart/05-rss-round-1/rss-selection/source-frames/rss-n25-p0bar.xyz,36,25,0.0,0,390,001171.poscar,unary-Ta/Ta-00390-0.poscar,/home/tuzhengyu/work/WTaTi/Ta-potential/fcc-restart/05-rss-round-1/rss/minimized/unary-Ta/Ta-00390-0.poscar,Ta-potential/fcc-restart/05-rss-round-1/rss/raw/unary-Ta/Ta-00390.poscar,bc7525f33cad3791ee9dad3b6c4c518a93e205a402c117a6bdde7189987b1a0b,bc7525f33cad3791ee9dad3b6c4c518a93e205a402c117a6bdde7189987b1a0b
rss-n25-p0bar,Ta-potential/fcc-restart/05-rss-round-1/rss-selection/source-frames/rss-n25-p0bar.xyz,37,25,0.0,0,391,001174.poscar,unary-Ta/Ta-00391-0.poscar,/home/tuzhengyu/work/WTaTi/Ta-potential/fcc-restart/05-rss-round-1/rss/minimized/unary-Ta/Ta-00391-0.poscar,Ta-potential/fcc-restart/05-rss-round-1/rss/raw/unary-Ta/Ta-00391.poscar,d29986fc87d1495d87d181555ad4199cd4ab9d36b942d01c7224c01af12a5023,d29986fc87d1495d87d181555ad4199cd4ab9d36b942d01c7224c01af12a5023
rss-n25-p0bar,Ta-potential/fcc-restart/05-rss-round-1/rss-selection/source-frames/rss-n25-p0bar.xyz,38,25,0.0,0,392,001177.poscar,unary-Ta/Ta-00392-0.poscar,/home/tuzhengyu/work/WTaTi/Ta-potential/fcc-restart/05-rss-round-1/rss/minimized/unary-Ta/Ta-00392-0.poscar,Ta-potential/fcc-restart/05-rss-round-1/rss/raw/unary-Ta/Ta-00392.poscar,31034b4d555f1b0ee3b066525d0fa7551e269d26e8a54d7b5dac8063d1ff3b02,31034b4d555f1b0ee3b066525d0fa7551e269d26e8a54d7b5dac8063d1ff3b02
rss-n25-p0bar,Ta-potential/fcc-restart/05-rss-round-1/rss-selection/source-frames/rss-n25-p0bar.xyz,39,25,0.0,0,393,001180.poscar,unary-Ta/Ta-00393-0.poscar,/home/tuzhengyu/work/WTaTi/Ta-potential/fcc-restart/05-rss-round-1/rss/minimized/unary-Ta/Ta-00393-0.poscar,Ta-potential/fcc-restart/05-rss-round-1/rss/raw/unary-Ta/Ta-00393.poscar,f1fbdf063300cc994f643b85f282686311340b0027a38f11b2dde08b2e3144d1,f1fbdf063300cc994f643b85f282686311340b0027a38f11b2dde08b2e3144d1
rss-n25-p0bar,Ta-potential/fcc-restart/05-rss-round-1/rss-selection/source-frames/rss-n25-p0bar.xyz,40,25,0.0,0,394,001183.poscar,unary-Ta/Ta-00394-0.poscar,/home/tuzhengyu/work/WTaTi/Ta-potential/fcc-restart/05-rss-round-1/rss/minimized/unary-Ta/Ta-00394-0.poscar,Ta-potential/fcc-restart/05-rss-round-1/rss/raw/unary-Ta/Ta-00394.poscar,786aa2c70794c5756e83f141ae17ce6b15f9bac67963392165ca960f6a0a7105,786aa2c70794c5756e83f141ae17ce6b15f9bac67963392165ca960f6a0a7105
rss-n25-p0bar,Ta-potential/fcc-restart/05-rss-round-1/rss-selection/source-frames/rss-n25-p0bar.xyz,41,25,0.0,0,395,001186.poscar,unary-Ta/Ta-00395-0.poscar,/home/tuzhengyu/work/WTaTi/Ta-potential/fcc-restart/05-rss-round-1/rss/minimized/unary-Ta/Ta-00395-0.poscar,Ta-potential/fcc-restart/05-rss-round-1/rss/raw/unary-Ta/Ta-00395.poscar,e25c176f945acc1629609ae7a969849152c937d7e209056be561e5ed4687bdf9,e25c176f945acc1629609ae7a969849152c937d7e209056be561e5ed4687bdf9
rss-n25-p0bar,Ta-potential/fcc-restart/05-rss-round-1/rss-selection/source-frames/rss-n25-p0bar.xyz,42,25,0.0,0,396,001189.poscar,unary-Ta/Ta-00396-0.poscar,/home/tuzhengyu/work/WTaTi/Ta-potential/fcc-restart/05-rss-round-1/rss/minimized/unary-Ta/Ta-00396-0.poscar,Ta-potential/fcc-restart/05-rss-round-1/rss/raw/unary-Ta/Ta-00396.poscar,942637350b1125cb172613761c09e120f1e89c990e5e23d6649e5914cdd323a5,942637350b1125cb172613761c09e120f1e89c990e5e23d6649e5914cdd323a5
rss-n25-p0bar,Ta-potential/fcc-restart/05-rss-round-1/rss-selection/source-frames/rss-n25-p0bar.xyz,43,25,0.0,0,397,001192.poscar,unary-Ta/Ta-00397-0.poscar,/home/tuzhengyu/work/WTaTi/Ta-potential/fcc-restart/05-rss-round-1/rss/minimized/unary-Ta/Ta-00397-0.poscar,Ta-potential/fcc-restart/05-rss-round-1/rss/raw/unary-Ta/Ta-00397.poscar,afee282d631e202f085f4a659d0ed9f801516d395b8c029d421f0643bd07c70c,afee282d631e202f085f4a659d0ed9f801516d395b8c029d421f0643bd07c70c
rss-n25-p0bar,Ta-potential/fcc-restart/05-rss-round-1/rss-selection/source-frames/rss-n25-p0bar.xyz,44,25,0.0,0,398,001195.poscar,unary-Ta/Ta-00398-0.poscar,/home/tuzhengyu/work/WTaTi/Ta-potential/fcc-restart/05-rss-round-1/rss/minimized/unary-Ta/Ta-00398-0.poscar,Ta-potential/fcc-restart/05-rss-round-1/rss/raw/unary-Ta/Ta-00398.poscar,9ceb2e75fa0df74b2f56eb0dace0cbc66590d9dc07035150dc921f515d367440,9ceb2e75fa0df74b2f56eb0dace0cbc66590d9dc07035150dc921f515d367440
rss-n25-p0bar,Ta-potential/fcc-restart/05-rss-round-1/rss-selection/source-frames/rss-n25-p0bar.xyz,45,25,0.0,0,399,001198.poscar,unary-Ta/Ta-00399-0.poscar,/home/tuzhengyu/work/WTaTi/Ta-potential/fcc-restart/05-rss-round-1/rss/minimized/unary-Ta/Ta-00399-0.poscar,Ta-potential/fcc-restart/05-rss-round-1/rss/raw/unary-Ta/Ta-00399.poscar,22a539649d68778d1d7bd2a1a1a435984d0e65e74678b0ff7420aa20f20b4bba,22a539649d68778d1d7bd2a1a1a435984d0e65e74678b0ff7420aa20f20b4bba
rss-n25-p200000bar,Ta-potential/fcc-restart/05-rss-round-1/rss-selection/source-frames/rss-n25-p200000bar.xyz,0,25,200000.0,1,350,001052.poscar,unary-Ta/Ta-00350-1.poscar,/home/tuzhengyu/work/WTaTi/Ta-potential/fcc-restart/05-rss-round-1/rss/minimized/unary-Ta/Ta-00350-1.poscar,Ta-potential/fcc-restart/05-rss-round-1/rss/raw/unary-Ta/Ta-00350.poscar,75433dd965ce550de6ce112616c8dd93800ae9ed583b1e6f840c0c3e6a8082c4,75433dd965ce550de6ce112616c8dd93800ae9ed583b1e6f840c0c3e6a8082c4
rss-n25-p200000bar,Ta-potential/fcc-restart/05-rss-round-1/rss-selection/source-frames/rss-n25-p200000bar.xyz,1,25,200000.0,1,351,001055.poscar,unary-Ta/Ta-00351-1.poscar,/home/tuzhengyu/work/WTaTi/Ta-potential/fcc-restart/05-rss-round-1/rss/minimized/unary-Ta/Ta-00351-1.poscar,Ta-potential/fcc-restart/05-rss-round-1/rss/raw/unary-Ta/Ta-00351.poscar,788fc0dcc29a6e7c9e983aac5c4de9ad3052baf0947079fbc054a3a8cc6602eb,788fc0dcc29a6e7c9e983aac5c4de9ad3052baf0947079fbc054a3a8cc6602eb
rss-n25-p200000bar,Ta-potential/fcc-restart/05-rss-round-1/rss-selection/source-frames/rss-n25-p200000bar.xyz,2,25,200000.0,1,352,001058.poscar,unary-Ta/Ta-00352-1.poscar,/home/tuzhengyu/work/WTaTi/Ta-potential/fcc-restart/05-rss-round-1/rss/minimized/unary-Ta/Ta-00352-1.poscar,Ta-potential/fcc-restart/05-rss-round-1/rss/raw/unary-Ta/Ta-00352.poscar,fce934cf8c6312fc2d93ced20487f060166dfa2015599b69134a61e30d8ea5ce,fce934cf8c6312fc2d93ced20487f060166dfa2015599b69134a61e30d8ea5ce
rss-n25-p200000bar,Ta-potential/fcc-restart/05-rss-round-1/rss-selection/source-frames/rss-n25-p200000bar.xyz,3,25,200000.0,1,353,001061.poscar,unary-Ta/Ta-00353-1.poscar,/home/tuzhengyu/work/WTaTi/Ta-potential/fcc-restart/05-rss-round-1/rss/minimized/unary-Ta/Ta-00353-1.poscar,Ta-potential/fcc-restart/05-rss-round-1/rss/raw/unary-Ta/Ta-00353.poscar,799bd035161a37143854c1b9494c7148a6f2116f8600f7d771828d5c3ef9b82b,799bd035161a37143854c1b9494c7148a6f2116f8600f7d771828d5c3ef9b82b
rss-n25-p200000bar,Ta-potential/fcc-restart/05-rss-round-1/rss-selection/source-frames/rss-n25-p200000bar.xyz,4,25,200000.0,1,354,001064.poscar,unary-Ta/Ta-00354-1.poscar,/home/tuzhengyu/work/WTaTi/Ta-potential/fcc-restart/05-rss-round-1/rss/minimized/unary-Ta/Ta-00354-1.poscar,Ta-potential/fcc-restart/05-rss-round-1/rss/raw/unary-Ta/Ta-00354.poscar,a29b880d99b15b0e99214359abe9d67c1bf03dccef0baa95d2186aab6f4f1453,a29b880d99b15b0e99214359abe9d67c1bf03dccef0baa95d2186aab6f4f1453
rss-n25-p200000bar,Ta-potential/fcc-restart/05-rss-round-1/rss-selection/source-frames/rss-n25-p200000bar.xyz,5,25,200000.0,1,355,001067.poscar,unary-Ta/Ta-00355-1.poscar,/home/tuzhengyu/work/WTaTi/Ta-potential/fcc-restart/05-rss-round-1/rss/minimized/unary-Ta/Ta-00355-1.poscar,Ta-potential/fcc-restart/05-rss-round-1/rss/raw/unary-Ta/Ta-00355.poscar,d311ba61d9218fc16bcf49fd066f9bcbeef7c58c8261f7330b1a5d3df87697da,d311ba61d9218fc16bcf49fd066f9bcbeef7c58c8261f7330b1a5d3df87697da
rss-n25-p200000bar,Ta-potential/fcc-restart/05-rss-round-1/rss-selection/source-frames/rss-n25-p200000bar.xyz,6,25,200000.0,1,356,001070.poscar,unary-Ta/Ta-00356-1.poscar,/home/tuzhengyu/work/WTaTi/Ta-potential/fcc-restart/05-rss-round-1/rss/minimized/unary-Ta/Ta-00356-1.poscar,Ta-potential/fcc-restart/05-rss-round-1/rss/raw/unary-Ta/Ta-00356.poscar,e485cceaad2a16950e6c94aee70cd9975e333260c0dc146de5a79b6df17e659f,e485cceaad2a16950e6c94aee70cd9975e333260c0dc146de5a79b6df17e659f
rss-n25-p200000bar,Ta-potential/fcc-restart/05-rss-round-1/rss-selection/source-frames/rss-n25-p200000bar.xyz,7,25,200000.0,1,357,001073.poscar,unary-Ta/Ta-00357-1.poscar,/home/tuzhengyu/work/WTaTi/Ta-potential/fcc-restart/05-rss-round-1/rss/minimized/unary-Ta/Ta-00357-1.poscar,Ta-potential/fcc-restart/05-rss-round-1/rss/raw/unary-Ta/Ta-00357.poscar,7ff762888680bdabdfbcae0995a5103fa28ec4efb75e5f0f657c4e76f73743d3,7ff762888680bdabdfbcae0995a5103fa28ec4efb75e5f0f657c4e76f73743d3
rss-n25-p200000bar,Ta-potential/fcc-restart/05-rss-round-1/rss-selection/source-frames/rss-n25-p200000bar.xyz,8,25,200000.0,1,358,001076.poscar,unary-Ta/Ta-00358-1.poscar,/home/tuzhengyu/work/WTaTi/Ta-potential/fcc-restart/05-rss-round-1/rss/minimized/unary-Ta/Ta-00358-1.poscar,Ta-potential/fcc-restart/05-rss-round-1/rss/raw/unary-Ta/Ta-00358.poscar,9d9e89d94fb17f50ff02cb82b9d1688c8401b31a1ab0d368f045627836cb7083,9d9e89d94fb17f50ff02cb82b9d1688c8401b31a1ab0d368f045627836cb7083
rss-n25-p200000bar,Ta-potential/fcc-restart/05-rss-round-1/rss-selection/source-frames/rss-n25-p200000bar.xyz,9,25,200000.0,1,359,001079.poscar,unary-Ta/Ta-00359-1.poscar,/home/tuzhengyu/work/WTaTi/Ta-potential/fcc-restart/05-rss-round-1/rss/minimized/unary-Ta/Ta-00359-1.poscar,Ta-potential/fcc-restart/05-rss-round-1/rss/raw/unary-Ta/Ta-00359.poscar,eecac74709cb8707b2a9c150b77b0637b49f2ad7ede06b57c21895f887c7170a,eecac74709cb8707b2a9c150b77b0637b49f2ad7ede06b57c21895f887c7170a
rss-n25-p200000bar,Ta-potential/fcc-restart/05-rss-round-1/rss-selection/source-frames/rss-n25-p200000bar.xyz,10,25,200000.0,1,360,001082.poscar,unary-Ta/Ta-00360-1.poscar,/home/tuzhengyu/work/WTaTi/Ta-potential/fcc-restart/05-rss-round-1/rss/minimized/unary-Ta/Ta-00360-1.poscar,Ta-potential/fcc-restart/05-rss-round-1/rss/raw/unary-Ta/Ta-00360.poscar,e69dfa69abc330a2b6e6db85bdf7d68944c68e4d9d3f7fbc6fd5cc34e02d148c,e69dfa69abc330a2b6e6db85bdf7d68944c68e4d9d3f7fbc6fd5cc34e02d148c
rss-n25-p200000bar,Ta-potential/fcc-restart/05-rss-round-1/rss-selection/source-frames/rss-n25-p200000bar.xyz,11,25,200000.0,1,364,001094.poscar,unary-Ta/Ta-00364-1.poscar,/home/tuzhengyu/work/WTaTi/Ta-potential/fcc-restart/05-rss-round-1/rss/minimized/unary-Ta/Ta-00364-1.poscar,Ta-potential/fcc-restart/05-rss-round-1/rss/raw/unary-Ta/Ta-00364.poscar,d701950df8d01266ca3b54493a08de022d2c11f4f841fee380709e748777789a,d701950df8d01266ca3b54493a08de022d2c11f4f841fee380709e748777789a
rss-n25-p200000bar,Ta-potential/fcc-restart/05-rss-round-1/rss-selection/source-frames/rss-n25-p200000bar.xyz,12,25,200000.0,1,365,001097.poscar,unary-Ta/Ta-00365-1.poscar,/home/tuzhengyu/work/WTaTi/Ta-potential/fcc-restart/05-rss-round-1/rss/minimized/unary-Ta/Ta-00365-1.poscar,Ta-potential/fcc-restart/05-rss-round-1/rss/raw/unary-Ta/Ta-00365.poscar,2bd020f6c882173b4d9cea264ceb66656b2f9936f9260d4e8cd631fb7d4bb191,2bd020f6c882173b4d9cea264ceb66656b2f9936f9260d4e8cd631fb7d4bb191
rss-n25-p200000bar,Ta-potential/fcc-restart/05-rss-round-1/rss-selection/source-frames/rss-n25-p200000bar.xyz,13,25,200000.0,1,367,001103.poscar,unary-Ta/Ta-00367-1.poscar,/home/tuzhengyu/work/WTaTi/Ta-potential/fcc-restart/05-rss-round-1/rss/minimized/unary-Ta/Ta-00367-1.poscar,Ta-potential/fcc-restart/05-rss-round-1/rss/raw/unary-Ta/Ta-00367.poscar,2958235eb25b80425995478d58bd3c25d544537127443d7392a2c441b75c3b7f,2958235eb25b80425995478d58bd3c25d544537127443d7392a2c441b75c3b7f
rss-n25-p200000bar,Ta-potential/fcc-restart/05-rss-round-1/rss-selection/source-frames/rss-n25-p200000bar.xyz,14,25,200000.0,1,368,001106.poscar,unary-Ta/Ta-00368-1.poscar,/home/tuzhengyu/work/WTaTi/Ta-potential/fcc-restart/05-rss-round-1/rss/minimized/unary-Ta/Ta-00368-1.poscar,Ta-potential/fcc-restart/05-rss-round-1/rss/raw/unary-Ta/Ta-00368.poscar,3250878aad17ebd85f03ea1d6dce14bddc3afef0f63bb72210919a0e5ef0ea5f,3250878aad17ebd85f03ea1d6dce14bddc3afef0f63bb72210919a0e5ef0ea5f
rss-n25-p200000bar,Ta-potential/fcc-restart/05-rss-round-1/rss-selection/source-frames/rss-n25-p200000bar.xyz,15,25,200000.0,1,369,001109.poscar,unary-Ta/Ta-00369-1.poscar,/home/tuzhengyu/work/WTaTi/Ta-potential/fcc-restart/05-rss-round-1/rss/minimized/unary-Ta/Ta-00369-1.poscar,Ta-potential/fcc-restart/05-rss-round-1/rss/raw/unary-Ta/Ta-00369.poscar,ec41acaafc7af3d855b451dbc39c467321798a4e517166d57dc81b6d085570bc,ec41acaafc7af3d855b451dbc39c467321798a4e517166d57dc81b6d085570bc
rss-n25-p200000bar,Ta-potential/fcc-restart/05-rss-round-1/rss-selection/source-frames/rss-n25-p200000bar.xyz,16,25,200000.0,1,370,001112.poscar,unary-Ta/Ta-00370-1.poscar,/home/tuzhengyu/work/WTaTi/Ta-potential/fcc-restart/05-rss-round-1/rss/minimized/unary-Ta/Ta-00370-1.poscar,Ta-potential/fcc-restart/05-rss-round-1/rss/raw/unary-Ta/Ta-00370.poscar,d524e69f6ecf2e9eee40ecb73f488bde1db4522c582b5cc5d1c5fd47ee81f919,d524e69f6ecf2e9eee40ecb73f488bde1db4522c582b5cc5d1c5fd47ee81f919
rss-n25-p200000bar,Ta-potential/fcc-restart/05-rss-round-1/rss-selection/source-frames/rss-n25-p200000bar.xyz,17,25,200000.0,1,371,001115.poscar,unary-Ta/Ta-00371-1.poscar,/home/tuzhengyu/work/WTaTi/Ta-potential/fcc-restart/05-rss-round-1/rss/minimized/unary-Ta/Ta-00371-1.poscar,Ta-potential/fcc-restart/05-rss-round-1/rss/raw/unary-Ta/Ta-00371.poscar,f4a7d77d2af099f9505b4585580389c3c36e5a15125e35423f2d33258f06ecc5,f4a7d77d2af099f9505b4585580389c3c36e5a15125e35423f2d33258f06ecc5
rss-n25-p200000bar,Ta-potential/fcc-restart/05-rss-round-1/rss-selection/source-frames/rss-n25-p200000bar.xyz,18,25,200000.0,1,373,001121.poscar,unary-Ta/Ta-00373-1.poscar,/home/tuzhengyu/work/WTaTi/Ta-potential/fcc-restart/05-rss-round-1/rss/minimized/unary-Ta/Ta-00373-1.poscar,Ta-potential/fcc-restart/05-rss-round-1/rss/raw/unary-Ta/Ta-00373.poscar,3a0c6eedaed0560eeae36c46223336753501cb8a26fc370c47de21408fb2346c,3a0c6eedaed0560eeae36c46223336753501cb8a26fc370c47de21408fb2346c
rss-n25-p200000bar,Ta-potential/fcc-restart/05-rss-round-1/rss-selection/source-frames/rss-n25-p200000bar.xyz,19,25,200000.0,1,375,001127.poscar,unary-Ta/Ta-00375-1.poscar,/home/tuzhengyu/work/WTaTi/Ta-potential/fcc-restart/05-rss-round-1/rss/minimized/unary-Ta/Ta-00375-1.poscar,Ta-potential/fcc-restart/05-rss-round-1/rss/raw/unary-Ta/Ta-00375.poscar,6c52600428b92a8817801bcf39eeed382cb779c9a76c389b625a4d39453d7bad,6c52600428b92a8817801bcf39eeed382cb779c9a76c389b625a4d39453d7bad
rss-n25-p200000bar,Ta-potential/fcc-restart/05-rss-round-1/rss-selection/source-frames/rss-n25-p200000bar.xyz,20,25,200000.0,1,376,001130.poscar,unary-Ta/Ta-00376-1.poscar,/home/tuzhengyu/work/WTaTi/Ta-potential/fcc-restart/05-rss-round-1/rss/minimized/unary-Ta/Ta-00376-1.poscar,Ta-potential/fcc-restart/05-rss-round-1/rss/raw/unary-Ta/Ta-00376.poscar,657efe42907112f3c275b57e21a69a63f1a9bbc555e9b18ef6f01df4659aa408,657efe42907112f3c275b57e21a69a63f1a9bbc555e9b18ef6f01df4659aa408
rss-n25-p200000bar,Ta-potential/fcc-restart/05-rss-round-1/rss-selection/source-frames/rss-n25-p200000bar.xyz,21,25,200000.0,1,377,001133.poscar,unary-Ta/Ta-00377-1.poscar,/home/tuzhengyu/work/WTaTi/Ta-potential/fcc-restart/05-rss-round-1/rss/minimized/unary-Ta/Ta-00377-1.poscar,Ta-potential/fcc-restart/05-rss-round-1/rss/raw/unary-Ta/Ta-00377.poscar,54c2828f90aca817f47e842f633fc3d3794323ef81bda785488b8ef92458e108,54c2828f90aca817f47e842f633fc3d3794323ef81bda785488b8ef92458e108
rss-n25-p200000bar,Ta-potential/fcc-restart/05-rss-round-1/rss-selection/source-frames/rss-n25-p200000bar.xyz,22,25,200000.0,1,378,001136.poscar,unary-Ta/Ta-00378-1.poscar,/home/tuzhengyu/work/WTaTi/Ta-potential/fcc-restart/05-rss-round-1/rss/minimized/unary-Ta/Ta-00378-1.poscar,Ta-potential/fcc-restart/05-rss-round-1/rss/raw/unary-Ta/Ta-00378.poscar,cbf9af1dad135ac95c09378a970c34f5501c0fe4618db636e677fffeac7db508,cbf9af1dad135ac95c09378a970c34f5501c0fe4618db636e677fffeac7db508
rss-n25-p200000bar,Ta-potential/fcc-restart/05-rss-round-1/rss-selection/source-frames/rss-n25-p200000bar.xyz,23,25,200000.0,1,380,001142.poscar,unary-Ta/Ta-00380-1.poscar,/home/tuzhengyu/work/WTaTi/Ta-potential/fcc-restart/05-rss-round-1/rss/minimized/unary-Ta/Ta-00380-1.poscar,Ta-potential/fcc-restart/05-rss-round-1/rss/raw/unary-Ta/Ta-00380.poscar,c9f08ed29699c99dbb964850df7eda598bf36105278c30223f48dd17fd494c30,c9f08ed29699c99dbb964850df7eda598bf36105278c30223f48dd17fd494c30
rss-n25-p200000bar,Ta-potential/fcc-restart/05-rss-round-1/rss-selection/source-frames/rss-n25-p200000bar.xyz,24,25,200000.0,1,381,001145.poscar,unary-Ta/Ta-00381-1.poscar,/home/tuzhengyu/work/WTaTi/Ta-potential/fcc-restart/05-rss-round-1/rss/minimized/unary-Ta/Ta-00381-1.poscar,Ta-potential/fcc-restart/05-rss-round-1/rss/raw/unary-Ta/Ta-00381.poscar,27cfadeddab47b76aa56601376c3f18b9495dc861aebdbd3a1eea5fa7331a21e,27cfadeddab47b76aa56601376c3f18b9495dc861aebdbd3a1eea5fa7331a21e
rss-n25-p200000bar,Ta-potential/fcc-restart/05-rss-round-1/rss-selection/source-frames/rss-n25-p200000bar.xyz,25,25,200000.0,1,382,001148.poscar,unary-Ta/Ta-00382-1.poscar,/home/tuzhengyu/work/WTaTi/Ta-potential/fcc-restart/05-rss-round-1/rss/minimized/unary-Ta/Ta-00382-1.poscar,Ta-potential/fcc-restart/05-rss-round-1/rss/raw/unary-Ta/Ta-00382.poscar,4da9b6ac7f1d567c3f463942be5de1be8aeb3694193fe7cf7df73d3ea4502361,4da9b6ac7f1d567c3f463942be5de1be8aeb3694193fe7cf7df73d3ea4502361
rss-n25-p200000bar,Ta-potential/fcc-restart/05-rss-round-1/rss-selection/source-frames/rss-n25-p200000bar.xyz,26,25,200000.0,1,383,001151.poscar,unary-Ta/Ta-00383-1.poscar,/home/tuzhengyu/work/WTaTi/Ta-potential/fcc-restart/05-rss-round-1/rss/minimized/unary-Ta/Ta-00383-1.poscar,Ta-potential/fcc-restart/05-rss-round-1/rss/raw/unary-Ta/Ta-00383.poscar,6315a21032d09f9fc78ae50397869b044587d866b8f7b62280f661cfc0ae64ef,6315a21032d09f9fc78ae50397869b044587d866b8f7b62280f661cfc0ae64ef
rss-n25-p200000bar,Ta-potential/fcc-restart/05-rss-round-1/rss-selection/source-frames/rss-n25-p200000bar.xyz,27,25,200000.0,1,384,001154.poscar,unary-Ta/Ta-00384-1.poscar,/home/tuzhengyu/work/WTaTi/Ta-potential/fcc-restart/05-rss-round-1/rss/minimized/unary-Ta/Ta-00384-1.poscar,Ta-potential/fcc-restart/05-rss-round-1/rss/raw/unary-Ta/Ta-00384.poscar,55168eca2a177963842708c25580eebe013ddd2173f0b37e6b93dc6f2a5b90fa,55168eca2a177963842708c25580eebe013ddd2173f0b37e6b93dc6f2a5b90fa
rss-n25-p200000bar,Ta-potential/fcc-restart/05-rss-round-1/rss-selection/source-frames/rss-n25-p200000bar.xyz,28,25,200000.0,1,385,001157.poscar,unary-Ta/Ta-00385-1.poscar,/home/tuzhengyu/work/WTaTi/Ta-potential/fcc-restart/05-rss-round-1/rss/minimized/unary-Ta/Ta-00385-1.poscar,Ta-potential/fcc-restart/05-rss-round-1/rss/raw/unary-Ta/Ta-00385.poscar,879ebb13ab4716a7f3e9baa87fe4a5cb7cddb2385ce31f399a6639bebba68132,879ebb13ab4716a7f3e9baa87fe4a5cb7cddb2385ce31f399a6639bebba68132
rss-n25-p200000bar,Ta-potential/fcc-restart/05-rss-round-1/rss-selection/source-frames/rss-n25-p200000bar.xyz,29,25,200000.0,1,386,001160.poscar,unary-Ta/Ta-00386-1.poscar,/home/tuzhengyu/work/WTaTi/Ta-potential/fcc-restart/05-rss-round-1/rss/minimized/unary-Ta/Ta-00386-1.poscar,Ta-potential/fcc-restart/05-rss-round-1/rss/raw/unary-Ta/Ta-00386.poscar,b1fc2f8417b4c3dae6690f992007686001083f12ec8a56c3da51161981dcfd1d,b1fc2f8417b4c3dae6690f992007686001083f12ec8a56c3da51161981dcfd1d
rss-n25-p200000bar,Ta-potential/fcc-restart/05-rss-round-1/rss-selection/source-frames/rss-n25-p200000bar.xyz,30,25,200000.0,1,387,001163.poscar,unary-Ta/Ta-00387-1.poscar,/home/tuzhengyu/work/WTaTi/Ta-potential/fcc-restart/05-rss-round-1/rss/minimized/unary-Ta/Ta-00387-1.poscar,Ta-potential/fcc-restart/05-rss-round-1/rss/raw/unary-Ta/Ta-00387.poscar,2bb18991baaee78a008b2f894f08dfd7d95c5b01f1fd966760128cc851a8cfeb,2bb18991baaee78a008b2f894f08dfd7d95c5b01f1fd966760128cc851a8cfeb
rss-n25-p200000bar,Ta-potential/fcc-restart/05-rss-round-1/rss-selection/source-frames/rss-n25-p200000bar.xyz,31,25,200000.0,1,388,001166.poscar,unary-Ta/Ta-00388-1.poscar,/home/tuzhengyu/work/WTaTi/Ta-potential/fcc-restart/05-rss-round-1/rss/minimized/unary-Ta/Ta-00388-1.poscar,Ta-potential/fcc-restart/05-rss-round-1/rss/raw/unary-Ta/Ta-00388.poscar,d817aecad538581a95f49219d50090d1faf8e4b4a4bf747a497de53a8a78a1ad,d817aecad538581a95f49219d50090d1faf8e4b4a4bf747a497de53a8a78a1ad
rss-n25-p200000bar,Ta-potential/fcc-restart/05-rss-round-1/rss-selection/source-frames/rss-n25-p200000bar.xyz,32,25,200000.0,1,389,001169.poscar,unary-Ta/Ta-00389-1.poscar,/home/tuzhengyu/work/WTaTi/Ta-potential/fcc-restart/05-rss-round-1/rss/minimized/unary-Ta/Ta-00389-1.poscar,Ta-potential/fcc-restart/05-rss-round-1/rss/raw/unary-Ta/Ta-00389.poscar,cb50e15388d377216c469b06777f80e53bd585b47410889303b647dbba35b749,cb50e15388d377216c469b06777f80e53bd585b47410889303b647dbba35b749
rss-n25-p200000bar,Ta-potential/fcc-restart/05-rss-round-1/rss-selection/source-frames/rss-n25-p200000bar.xyz,33,25,200000.0,1,390,001172.poscar,unary-Ta/Ta-00390-1.poscar,/home/tuzhengyu/work/WTaTi/Ta-potential/fcc-restart/05-rss-round-1/rss/minimized/unary-Ta/Ta-00390-1.poscar,Ta-potential/fcc-restart/05-rss-round-1/rss/raw/unary-Ta/Ta-00390.poscar,b7fc48fb6d556569dae448592b616309d2799b4910a0d7a1ce8a1b962a549102,b7fc48fb6d556569dae448592b616309d2799b4910a0d7a1ce8a1b962a549102
rss-n25-p200000bar,Ta-potential/fcc-restart/05-rss-round-1/rss-selection/source-frames/rss-n25-p200000bar.xyz,34,25,200000.0,1,391,001175.poscar,unary-Ta/Ta-00391-1.poscar,/home/tuzhengyu/work/WTaTi/Ta-potential/fcc-restart/05-rss-round-1/rss/minimized/unary-Ta/Ta-00391-1.poscar,Ta-potential/fcc-restart/05-rss-round-1/rss/raw/unary-Ta/Ta-00391.poscar,b037d12447afb076f8412cd0d3ffb2e30c4276daf957dfc04626836f6c76ba7d,b037d12447afb076f8412cd0d3ffb2e30c4276daf957dfc04626836f6c76ba7d
rss-n25-p200000bar,Ta-potential/fcc-restart/05-rss-round-1/rss-selection/source-frames/rss-n25-p200000bar.xyz,35,25,200000.0,1,392,001178.poscar,unary-Ta/Ta-00392-1.poscar,/home/tuzhengyu/work/WTaTi/Ta-potential/fcc-restart/05-rss-round-1/rss/minimized/unary-Ta/Ta-00392-1.poscar,Ta-potential/fcc-restart/05-rss-round-1/rss/raw/unary-Ta/Ta-00392.poscar,2ee16ffd1d8ba734377e2c9de9a86cbbb09eb2f4f0fddf7ad1adc4651bf6813b,2ee16ffd1d8ba734377e2c9de9a86cbbb09eb2f4f0fddf7ad1adc4651bf6813b
rss-n25-p200000bar,Ta-potential/fcc-restart/05-rss-round-1/rss-selection/source-frames/rss-n25-p200000bar.xyz,36,25,200000.0,1,393,001181.poscar,unary-Ta/Ta-00393-1.poscar,/home/tuzhengyu/work/WTaTi/Ta-potential/fcc-restart/05-rss-round-1/rss/minimized/unary-Ta/Ta-00393-1.poscar,Ta-potential/fcc-restart/05-rss-round-1/rss/raw/unary-Ta/Ta-00393.poscar,7b82993bb811a41bb1c9302b5dfe64b4a6593f1b704e7cfe070d9e66ec7f8e33,7b82993bb811a41bb1c9302b5dfe64b4a6593f1b704e7cfe070d9e66ec7f8e33
rss-n25-p200000bar,Ta-potential/fcc-restart/05-rss-round-1/rss-selection/source-frames/rss-n25-p200000bar.xyz,37,25,200000.0,1,394,001184.poscar,unary-Ta/Ta-00394-1.poscar,/home/tuzhengyu/work/WTaTi/Ta-potential/fcc-restart/05-rss-round-1/rss/minimized/unary-Ta/Ta-00394-1.poscar,Ta-potential/fcc-restart/05-rss-round-1/rss/raw/unary-Ta/Ta-00394.poscar,8912e559aad448052bb46345746a3a335fd3a21171b2ce5accd4f3f4baa4ad85,8912e559aad448052bb46345746a3a335fd3a21171b2ce5accd4f3f4baa4ad85
rss-n25-p200000bar,Ta-potential/fcc-restart/05-rss-round-1/rss-selection/source-frames/rss-n25-p200000bar.xyz,38,25,200000.0,1,395,001187.poscar,unary-Ta/Ta-00395-1.poscar,/home/tuzhengyu/work/WTaTi/Ta-potential/fcc-restart/05-rss-round-1/rss/minimized/unary-Ta/Ta-00395-1.poscar,Ta-potential/fcc-restart/05-rss-round-1/rss/raw/unary-Ta/Ta-00395.poscar,68f12fc1d9c2cb3ce7e8fc4a06c62318256c0739e305aa25c77360b78f1857f9,68f12fc1d9c2cb3ce7e8fc4a06c62318256c0739e305aa25c77360b78f1857f9
rss-n25-p200000bar,Ta-potential/fcc-restart/05-rss-round-1/rss-selection/source-frames/rss-n25-p200000bar.xyz,39,25,200000.0,1,396,001190.poscar,unary-Ta/Ta-00396-1.poscar,/home/tuzhengyu/work/WTaTi/Ta-potential/fcc-restart/05-rss-round-1/rss/minimized/unary-Ta/Ta-00396-1.poscar,Ta-potential/fcc-restart/05-rss-round-1/rss/raw/unary-Ta/Ta-00396.poscar,2bae55a9d934c9ae7290ee5385f54ced0892cb66c78cb531b03ff1116ffb6d22,2bae55a9d934c9ae7290ee5385f54ced0892cb66c78cb531b03ff1116ffb6d22
rss-n25-p200000bar,Ta-potential/fcc-restart/05-rss-round-1/rss-selection/source-frames/rss-n25-p200000bar.xyz,40,25,200000.0,1,397,001193.poscar,unary-Ta/Ta-00397-1.poscar,/home/tuzhengyu/work/WTaTi/Ta-potential/fcc-restart/05-rss-round-1/rss/minimized/unary-Ta/Ta-00397-1.poscar,Ta-potential/fcc-restart/05-rss-round-1/rss/raw/unary-Ta/Ta-00397.poscar,382776c61f33ab090f5aabe273dcad0dd5a8e3ba08f8c3380536cd82d21aa057,382776c61f33ab090f5aabe273dcad0dd5a8e3ba08f8c3380536cd82d21aa057
rss-n25-p200000bar,Ta-potential/fcc-restart/05-rss-round-1/rss-selection/source-frames/rss-n25-p200000bar.xyz,41,25,200000.0,1,398,001196.poscar,unary-Ta/Ta-00398-1.poscar,/home/tuzhengyu/work/WTaTi/Ta-potential/fcc-restart/05-rss-round-1/rss/minimized/unary-Ta/Ta-00398-1.poscar,Ta-potential/fcc-restart/05-rss-round-1/rss/raw/unary-Ta/Ta-00398.poscar,c17bec3f885c4fbfd6111799110c8a212de6cb28e7d489842a24922545981c65,c17bec3f885c4fbfd6111799110c8a212de6cb28e7d489842a24922545981c65
rss-n25-p200000bar,Ta-potential/fcc-restart/05-rss-round-1/rss-selection/source-frames/rss-n25-p200000bar.xyz,42,25,200000.0,1,399,001199.poscar,unary-Ta/Ta-00399-1.poscar,/home/tuzhengyu/work/WTaTi/Ta-potential/fcc-restart/05-rss-round-1/rss/minimized/unary-Ta/Ta-00399-1.poscar,Ta-potential/fcc-restart/05-rss-round-1/rss/raw/unary-Ta/Ta-00399.poscar,388c7985de66933b063351f8bb9b14782f7200e4a7256e91ebdfc853f9a68fae,388c7985de66933b063351f8bb9b14782f7200e4a7256e91ebdfc853f9a68fae
rss-n25-p400000bar,Ta-potential/fcc-restart/05-rss-round-1/rss-selection/source-frames/rss-n25-p400000bar.xyz,0,25,400000.0,2,350,001053.poscar,unary-Ta/Ta-00350-2.poscar,/home/tuzhengyu/work/WTaTi/Ta-potential/fcc-restart/05-rss-round-1/rss/minimized/unary-Ta/Ta-00350-2.poscar,Ta-potential/fcc-restart/05-rss-round-1/rss/raw/unary-Ta/Ta-00350.poscar,261ca16543efd0c9b4fe78444db6bcba4fee9e51df38caf790fe61e517cee006,261ca16543efd0c9b4fe78444db6bcba4fee9e51df38caf790fe61e517cee006
rss-n25-p400000bar,Ta-potential/fcc-restart/05-rss-round-1/rss-selection/source-frames/rss-n25-p400000bar.xyz,1,25,400000.0,2,351,001056.poscar,unary-Ta/Ta-00351-2.poscar,/home/tuzhengyu/work/WTaTi/Ta-potential/fcc-restart/05-rss-round-1/rss/minimized/unary-Ta/Ta-00351-2.poscar,Ta-potential/fcc-restart/05-rss-round-1/rss/raw/unary-Ta/Ta-00351.poscar,26e0edf579db94280171076370eb07c3455af71cfa27074c9530af4c6b5930ea,26e0edf579db94280171076370eb07c3455af71cfa27074c9530af4c6b5930ea
rss-n25-p400000bar,Ta-potential/fcc-restart/05-rss-round-1/rss-selection/source-frames/rss-n25-p400000bar.xyz,2,25,400000.0,2,352,001059.poscar,unary-Ta/Ta-00352-2.poscar,/home/tuzhengyu/work/WTaTi/Ta-potential/fcc-restart/05-rss-round-1/rss/minimized/unary-Ta/Ta-00352-2.poscar,Ta-potential/fcc-restart/05-rss-round-1/rss/raw/unary-Ta/Ta-00352.poscar,9be9e69778363afeaf7b8b89de4b78d7a46baa4556889ddac2176938a7e5ded8,9be9e69778363afeaf7b8b89de4b78d7a46baa4556889ddac2176938a7e5ded8
rss-n25-p400000bar,Ta-potential/fcc-restart/05-rss-round-1/rss-selection/source-frames/rss-n25-p400000bar.xyz,3,25,400000.0,2,353,001062.poscar,unary-Ta/Ta-00353-2.poscar,/home/tuzhengyu/work/WTaTi/Ta-potential/fcc-restart/05-rss-round-1/rss/minimized/unary-Ta/Ta-00353-2.poscar,Ta-potential/fcc-restart/05-rss-round-1/rss/raw/unary-Ta/Ta-00353.poscar,678514387498a3c53077d8d8bd16505b1ee65361bb057e793a80831f0562bdb8,678514387498a3c53077d8d8bd16505b1ee65361bb057e793a80831f0562bdb8
rss-n25-p400000bar,Ta-potential/fcc-restart/05-rss-round-1/rss-selection/source-frames/rss-n25-p400000bar.xyz,4,25,400000.0,2,354,001065.poscar,unary-Ta/Ta-00354-2.poscar,/home/tuzhengyu/work/WTaTi/Ta-potential/fcc-restart/05-rss-round-1/rss/minimized/unary-Ta/Ta-00354-2.poscar,Ta-potential/fcc-restart/05-rss-round-1/rss/raw/unary-Ta/Ta-00354.poscar,a8fdd8b551da800d862340ef4a416e1e490876c418df86207970c674c368559b,a8fdd8b551da800d862340ef4a416e1e490876c418df86207970c674c368559b
rss-n25-p400000bar,Ta-potential/fcc-restart/05-rss-round-1/rss-selection/source-frames/rss-n25-p400000bar.xyz,5,25,400000.0,2,355,001068.poscar,unary-Ta/Ta-00355-2.poscar,/home/tuzhengyu/work/WTaTi/Ta-potential/fcc-restart/05-rss-round-1/rss/minimized/unary-Ta/Ta-00355-2.poscar,Ta-potential/fcc-restart/05-rss-round-1/rss/raw/unary-Ta/Ta-00355.poscar,7adc991d8093378055a5f6709559b63e406d2ad7c5ec03f35a8f11346821888f,7adc991d8093378055a5f6709559b63e406d2ad7c5ec03f35a8f11346821888f
rss-n25-p400000bar,Ta-potential/fcc-restart/05-rss-round-1/rss-selection/source-frames/rss-n25-p400000bar.xyz,6,25,400000.0,2,356,001071.poscar,unary-Ta/Ta-00356-2.poscar,/home/tuzhengyu/work/WTaTi/Ta-potential/fcc-restart/05-rss-round-1/rss/minimized/unary-Ta/Ta-00356-2.poscar,Ta-potential/fcc-restart/05-rss-round-1/rss/raw/unary-Ta/Ta-00356.poscar,b5d9278aed34ce125d2b229e3309fd9252597d54b4f24413cc670ab11c92e66a,b5d9278aed34ce125d2b229e3309fd9252597d54b4f24413cc670ab11c92e66a
rss-n25-p400000bar,Ta-potential/fcc-restart/05-rss-round-1/rss-selection/source-frames/rss-n25-p400000bar.xyz,7,25,400000.0,2,357,001074.poscar,unary-Ta/Ta-00357-2.poscar,/home/tuzhengyu/work/WTaTi/Ta-potential/fcc-restart/05-rss-round-1/rss/minimized/unary-Ta/Ta-00357-2.poscar,Ta-potential/fcc-restart/05-rss-round-1/rss/raw/unary-Ta/Ta-00357.poscar,1c518b6153126ffbd735b656612aef893fae2aa74fa6677c44d8660dd1e07d71,1c518b6153126ffbd735b656612aef893fae2aa74fa6677c44d8660dd1e07d71
rss-n25-p400000bar,Ta-potential/fcc-restart/05-rss-round-1/rss-selection/source-frames/rss-n25-p400000bar.xyz,8,25,400000.0,2,358,001077.poscar,unary-Ta/Ta-00358-2.poscar,/home/tuzhengyu/work/WTaTi/Ta-potential/fcc-restart/05-rss-round-1/rss/minimized/unary-Ta/Ta-00358-2.poscar,Ta-potential/fcc-restart/05-rss-round-1/rss/raw/unary-Ta/Ta-00358.poscar,54d1abc19fa4ca3ed22b90d9ce2322d900f8cb631329ad9d247765012d90206e,54d1abc19fa4ca3ed22b90d9ce2322d900f8cb631329ad9d247765012d90206e
rss-n25-p400000bar,Ta-potential/fcc-restart/05-rss-round-1/rss-selection/source-frames/rss-n25-p400000bar.xyz,9,25,400000.0,2,359,001080.poscar,unary-Ta/Ta-00359-2.poscar,/home/tuzhengyu/work/WTaTi/Ta-potential/fcc-restart/05-rss-round-1/rss/minimized/unary-Ta/Ta-00359-2.poscar,Ta-potential/fcc-restart/05-rss-round-1/rss/raw/unary-Ta/Ta-00359.poscar,3325e40bb7b9b4404afedebfa4969363fc871679e7a61771150dbcf2fe3f3d40,3325e40bb7b9b4404afedebfa4969363fc871679e7a61771150dbcf2fe3f3d40
rss-n25-p400000bar,Ta-potential/fcc-restart/05-rss-round-1/rss-selection/source-frames/rss-n25-p400000bar.xyz,10,25,400000.0,2,360,001083.poscar,unary-Ta/Ta-00360-2.poscar,/home/tuzhengyu/work/WTaTi/Ta-potential/fcc-restart/05-rss-round-1/rss/minimized/unary-Ta/Ta-00360-2.poscar,Ta-potential/fcc-restart/05-rss-round-1/rss/raw/unary-Ta/Ta-00360.poscar,2c52f31aee5c44788427b25b8479b8d5b6bc3a27d149f513f796cafe9217632c,2c52f31aee5c44788427b25b8479b8d5b6bc3a27d149f513f796cafe9217632c
rss-n25-p400000bar,Ta-potential/fcc-restart/05-rss-round-1/rss-selection/source-frames/rss-n25-p400000bar.xyz,11,25,400000.0,2,364,001095.poscar,unary-Ta/Ta-00364-2.poscar,/home/tuzhengyu/work/WTaTi/Ta-potential/fcc-restart/05-rss-round-1/rss/minimized/unary-Ta/Ta-00364-2.poscar,Ta-potential/fcc-restart/05-rss-round-1/rss/raw/unary-Ta/Ta-00364.poscar,e53a5f97d3390e1868a456f59fe839777e8a3b8d97f02a324bb2c7f1f4cd299b,e53a5f97d3390e1868a456f59fe839777e8a3b8d97f02a324bb2c7f1f4cd299b
rss-n25-p400000bar,Ta-potential/fcc-restart/05-rss-round-1/rss-selection/source-frames/rss-n25-p400000bar.xyz,12,25,400000.0,2,365,001098.poscar,unary-Ta/Ta-00365-2.poscar,/home/tuzhengyu/work/WTaTi/Ta-potential/fcc-restart/05-rss-round-1/rss/minimized/unary-Ta/Ta-00365-2.poscar,Ta-potential/fcc-restart/05-rss-round-1/rss/raw/unary-Ta/Ta-00365.poscar,4aa98cdd3af8ad2b24b7842e0434d04222bcf97af69c07f373e7ded2ee750201,4aa98cdd3af8ad2b24b7842e0434d04222bcf97af69c07f373e7ded2ee750201
rss-n25-p400000bar,Ta-potential/fcc-restart/05-rss-round-1/rss-selection/source-frames/rss-n25-p400000bar.xyz,13,25,400000.0,2,367,001104.poscar,unary-Ta/Ta-00367-2.poscar,/home/tuzhengyu/work/WTaTi/Ta-potential/fcc-restart/05-rss-round-1/rss/minimized/unary-Ta/Ta-00367-2.poscar,Ta-potential/fcc-restart/05-rss-round-1/rss/raw/unary-Ta/Ta-00367.poscar,5992e54a78b1b0d0d84889460e528acc966872227c3a1214a987b3b220ac5420,5992e54a78b1b0d0d84889460e528acc966872227c3a1214a987b3b220ac5420
rss-n25-p400000bar,Ta-potential/fcc-restart/05-rss-round-1/rss-selection/source-frames/rss-n25-p400000bar.xyz,14,25,400000.0,2,368,001107.poscar,unary-Ta/Ta-00368-2.poscar,/home/tuzhengyu/work/WTaTi/Ta-potential/fcc-restart/05-rss-round-1/rss/minimized/unary-Ta/Ta-00368-2.poscar,Ta-potential/fcc-restart/05-rss-round-1/rss/raw/unary-Ta/Ta-00368.poscar,950709f8796cb25ecd7c1ec7c353e88f624130b11eb2e47f16c6d7e3b09a416b,950709f8796cb25ecd7c1ec7c353e88f624130b11eb2e47f16c6d7e3b09a416b
rss-n25-p400000bar,Ta-potential/fcc-restart/05-rss-round-1/rss-selection/source-frames/rss-n25-p400000bar.xyz,15,25,400000.0,2,369,001110.poscar,unary-Ta/Ta-00369-2.poscar,/home/tuzhengyu/work/WTaTi/Ta-potential/fcc-restart/05-rss-round-1/rss/minimized/unary-Ta/Ta-00369-2.poscar,Ta-potential/fcc-restart/05-rss-round-1/rss/raw/unary-Ta/Ta-00369.poscar,45293655c90aa91d230253e44a9e94990184144a1a1235159144d25cca4a3d98,45293655c90aa91d230253e44a9e94990184144a1a1235159144d25cca4a3d98
rss-n25-p400000bar,Ta-potential/fcc-restart/05-rss-round-1/rss-selection/source-frames/rss-n25-p400000bar.xyz,16,25,400000.0,2,371,001116.poscar,unary-Ta/Ta-00371-2.poscar,/home/tuzhengyu/work/WTaTi/Ta-potential/fcc-restart/05-rss-round-1/rss/minimized/unary-Ta/Ta-00371-2.poscar,Ta-potential/fcc-restart/05-rss-round-1/rss/raw/unary-Ta/Ta-00371.poscar,18986dfa555f8a65e0853f5029db3b7999551d9080b620390328ad9c8a8ec3fc,18986dfa555f8a65e0853f5029db3b7999551d9080b620390328ad9c8a8ec3fc
rss-n25-p400000bar,Ta-potential/fcc-restart/05-rss-round-1/rss-selection/source-frames/rss-n25-p400000bar.xyz,17,25,400000.0,2,373,001122.poscar,unary-Ta/Ta-00373-2.poscar,/home/tuzhengyu/work/WTaTi/Ta-potential/fcc-restart/05-rss-round-1/rss/minimized/unary-Ta/Ta-00373-2.poscar,Ta-potential/fcc-restart/05-rss-round-1/rss/raw/unary-Ta/Ta-00373.poscar,1706e4d1877eca40d61fec5ba0285f3608363ece69f9c444e2e5538ba0981478,1706e4d1877eca40d61fec5ba0285f3608363ece69f9c444e2e5538ba0981478
rss-n25-p400000bar,Ta-potential/fcc-restart/05-rss-round-1/rss-selection/source-frames/rss-n25-p400000bar.xyz,18,25,400000.0,2,375,001128.poscar,unary-Ta/Ta-00375-2.poscar,/home/tuzhengyu/work/WTaTi/Ta-potential/fcc-restart/05-rss-round-1/rss/minimized/unary-Ta/Ta-00375-2.poscar,Ta-potential/fcc-restart/05-rss-round-1/rss/raw/unary-Ta/Ta-00375.poscar,23cbc43f41d5029b1efd0d119ad5e5113469155611934f7a93e9f6af7df400e5,23cbc43f41d5029b1efd0d119ad5e5113469155611934f7a93e9f6af7df400e5
rss-n25-p400000bar,Ta-potential/fcc-restart/05-rss-round-1/rss-selection/source-frames/rss-n25-p400000bar.xyz,19,25,400000.0,2,376,001131.poscar,unary-Ta/Ta-00376-2.poscar,/home/tuzhengyu/work/WTaTi/Ta-potential/fcc-restart/05-rss-round-1/rss/minimized/unary-Ta/Ta-00376-2.poscar,Ta-potential/fcc-restart/05-rss-round-1/rss/raw/unary-Ta/Ta-00376.poscar,511b40d40fd47d67fa8c10e4c446d86feb7aea15af8edec3afac2d548f5e466c,511b40d40fd47d67fa8c10e4c446d86feb7aea15af8edec3afac2d548f5e466c
rss-n25-p400000bar,Ta-potential/fcc-restart/05-rss-round-1/rss-selection/source-frames/rss-n25-p400000bar.xyz,20,25,400000.0,2,378,001137.poscar,unary-Ta/Ta-00378-2.poscar,/home/tuzhengyu/work/WTaTi/Ta-potential/fcc-restart/05-rss-round-1/rss/minimized/unary-Ta/Ta-00378-2.poscar,Ta-potential/fcc-restart/05-rss-round-1/rss/raw/unary-Ta/Ta-00378.poscar,754547b272c3ad4442437d42d9de0d2baa8c57799916b6610494e8f6dbcb3b6b,754547b272c3ad4442437d42d9de0d2baa8c57799916b6610494e8f6dbcb3b6b
rss-n25-p400000bar,Ta-potential/fcc-restart/05-rss-round-1/rss-selection/source-frames/rss-n25-p400000bar.xyz,21,25,400000.0,2,380,001143.poscar,unary-Ta/Ta-00380-2.poscar,/home/tuzhengyu/work/WTaTi/Ta-potential/fcc-restart/05-rss-round-1/rss/minimized/unary-Ta/Ta-00380-2.poscar,Ta-potential/fcc-restart/05-rss-round-1/rss/raw/unary-Ta/Ta-00380.poscar,48fcee50772b4ec50c060efe90796733014d414cf119eaa1009f37144c0907e1,48fcee50772b4ec50c060efe90796733014d414cf119eaa1009f37144c0907e1
rss-n25-p400000bar,Ta-potential/fcc-restart/05-rss-round-1/rss-selection/source-frames/rss-n25-p400000bar.xyz,22,25,400000.0,2,381,001146.poscar,unary-Ta/Ta-00381-2.poscar,/home/tuzhengyu/work/WTaTi/Ta-potential/fcc-restart/05-rss-round-1/rss/minimized/unary-Ta/Ta-00381-2.poscar,Ta-potential/fcc-restart/05-rss-round-1/rss/raw/unary-Ta/Ta-00381.poscar,b5f2b21ab2152ba819902b618ccc24f3a34c547e0e80c5f13595d47f404d714b,b5f2b21ab2152ba819902b618ccc24f3a34c547e0e80c5f13595d47f404d714b
rss-n25-p400000bar,Ta-potential/fcc-restart/05-rss-round-1/rss-selection/source-frames/rss-n25-p400000bar.xyz,23,25,400000.0,2,382,001149.poscar,unary-Ta/Ta-00382-2.poscar,/home/tuzhengyu/work/WTaTi/Ta-potential/fcc-restart/05-rss-round-1/rss/minimized/unary-Ta/Ta-00382-2.poscar,Ta-potential/fcc-restart/05-rss-round-1/rss/raw/unary-Ta/Ta-00382.poscar,c264b407e46949a3afd2df2336e3576597d1f74af5cfa365f9afcfe82851d30d,c264b407e46949a3afd2df2336e3576597d1f74af5cfa365f9afcfe82851d30d
rss-n25-p400000bar,Ta-potential/fcc-restart/05-rss-round-1/rss-selection/source-frames/rss-n25-p400000bar.xyz,24,25,400000.0,2,383,001152.poscar,unary-Ta/Ta-00383-2.poscar,/home/tuzhengyu/work/WTaTi/Ta-potential/fcc-restart/05-rss-round-1/rss/minimized/unary-Ta/Ta-00383-2.poscar,Ta-potential/fcc-restart/05-rss-round-1/rss/raw/unary-Ta/Ta-00383.poscar,c2439cdc197a072920f51d02c26893e6bde63a7ec2f9cd1983fc165c003c376c,c2439cdc197a072920f51d02c26893e6bde63a7ec2f9cd1983fc165c003c376c
rss-n25-p400000bar,Ta-potential/fcc-restart/05-rss-round-1/rss-selection/source-frames/rss-n25-p400000bar.xyz,25,25,400000.0,2,384,001155.poscar,unary-Ta/Ta-00384-2.poscar,/home/tuzhengyu/work/WTaTi/Ta-potential/fcc-restart/05-rss-round-1/rss/minimized/unary-Ta/Ta-00384-2.poscar,Ta-potential/fcc-restart/05-rss-round-1/rss/raw/unary-Ta/Ta-00384.poscar,8465f07e705653e3f26b843bce2c6b5c72a65c409a221c82f166f14ce32c4791,8465f07e705653e3f26b843bce2c6b5c72a65c409a221c82f166f14ce32c4791
rss-n25-p400000bar,Ta-potential/fcc-restart/05-rss-round-1/rss-selection/source-frames/rss-n25-p400000bar.xyz,26,25,400000.0,2,385,001158.poscar,unary-Ta/Ta-00385-2.poscar,/home/tuzhengyu/work/WTaTi/Ta-potential/fcc-restart/05-rss-round-1/rss/minimized/unary-Ta/Ta-00385-2.poscar,Ta-potential/fcc-restart/05-rss-round-1/rss/raw/unary-Ta/Ta-00385.poscar,78bffd67742d6715a59f91d94cd56fa03a35ea7bbc87733bab91e00fd3d94933,78bffd67742d6715a59f91d94cd56fa03a35ea7bbc87733bab91e00fd3d94933
rss-n25-p400000bar,Ta-potential/fcc-restart/05-rss-round-1/rss-selection/source-frames/rss-n25-p400000bar.xyz,27,25,400000.0,2,386,001161.poscar,unary-Ta/Ta-00386-2.poscar,/home/tuzhengyu/work/WTaTi/Ta-potential/fcc-restart/05-rss-round-1/rss/minimized/unary-Ta/Ta-00386-2.poscar,Ta-potential/fcc-restart/05-rss-round-1/rss/raw/unary-Ta/Ta-00386.poscar,65ea61800565b4e61ace5330fa0df16cc00774485a5b5aeb356715dd55dcdfc2,65ea61800565b4e61ace5330fa0df16cc00774485a5b5aeb356715dd55dcdfc2
rss-n25-p400000bar,Ta-potential/fcc-restart/05-rss-round-1/rss-selection/source-frames/rss-n25-p400000bar.xyz,28,25,400000.0,2,387,001164.poscar,unary-Ta/Ta-00387-2.poscar,/home/tuzhengyu/work/WTaTi/Ta-potential/fcc-restart/05-rss-round-1/rss/minimized/unary-Ta/Ta-00387-2.poscar,Ta-potential/fcc-restart/05-rss-round-1/rss/raw/unary-Ta/Ta-00387.poscar,3626275beb3c8b43d022a588fc4be6bd6f5f3a60d3d19bf45c0a5d946dac3177,3626275beb3c8b43d022a588fc4be6bd6f5f3a60d3d19bf45c0a5d946dac3177
rss-n25-p400000bar,Ta-potential/fcc-restart/05-rss-round-1/rss-selection/source-frames/rss-n25-p400000bar.xyz,29,25,400000.0,2,388,001167.poscar,unary-Ta/Ta-00388-2.poscar,/home/tuzhengyu/work/WTaTi/Ta-potential/fcc-restart/05-rss-round-1/rss/minimized/unary-Ta/Ta-00388-2.poscar,Ta-potential/fcc-restart/05-rss-round-1/rss/raw/unary-Ta/Ta-00388.poscar,8d1593608ce18a51b214864fdaa8d3fb9645e0d95f3e010345264f1bdc467f42,8d1593608ce18a51b214864fdaa8d3fb9645e0d95f3e010345264f1bdc467f42
rss-n25-p400000bar,Ta-potential/fcc-restart/05-rss-round-1/rss-selection/source-frames/rss-n25-p400000bar.xyz,30,25,400000.0,2,389,001170.poscar,unary-Ta/Ta-00389-2.poscar,/home/tuzhengyu/work/WTaTi/Ta-potential/fcc-restart/05-rss-round-1/rss/minimized/unary-Ta/Ta-00389-2.poscar,Ta-potential/fcc-restart/05-rss-round-1/rss/raw/unary-Ta/Ta-00389.poscar,ffa9337875bc5fbe2d61b4932ea624f8ebb883fd7da8bb234ff46aeda87e7a99,ffa9337875bc5fbe2d61b4932ea624f8ebb883fd7da8bb234ff46aeda87e7a99
rss-n25-p400000bar,Ta-potential/fcc-restart/05-rss-round-1/rss-selection/source-frames/rss-n25-p400000bar.xyz,31,25,400000.0,2,390,001173.poscar,unary-Ta/Ta-00390-2.poscar,/home/tuzhengyu/work/WTaTi/Ta-potential/fcc-restart/05-rss-round-1/rss/minimized/unary-Ta/Ta-00390-2.poscar,Ta-potential/fcc-restart/05-rss-round-1/rss/raw/unary-Ta/Ta-00390.poscar,045b2743359e8c468fa104b48128e01bf07e29a57d1720a0f7889667a3c8993d,045b2743359e8c468fa104b48128e01bf07e29a57d1720a0f7889667a3c8993d
rss-n25-p400000bar,Ta-potential/fcc-restart/05-rss-round-1/rss-selection/source-frames/rss-n25-p400000bar.xyz,32,25,400000.0,2,391,001176.poscar,unary-Ta/Ta-00391-2.poscar,/home/tuzhengyu/work/WTaTi/Ta-potential/fcc-restart/05-rss-round-1/rss/minimized/unary-Ta/Ta-00391-2.poscar,Ta-potential/fcc-restart/05-rss-round-1/rss/raw/unary-Ta/Ta-00391.poscar,d41b3b915fb45661f78d93f8c34085fd250d9225244482ed8c6390428df1e560,d41b3b915fb45661f78d93f8c34085fd250d9225244482ed8c6390428df1e560
rss-n25-p400000bar,Ta-potential/fcc-restart/05-rss-round-1/rss-selection/source-frames/rss-n25-p400000bar.xyz,33,25,400000.0,2,392,001179.poscar,unary-Ta/Ta-00392-2.poscar,/home/tuzhengyu/work/WTaTi/Ta-potential/fcc-restart/05-rss-round-1/rss/minimized/unary-Ta/Ta-00392-2.poscar,Ta-potential/fcc-restart/05-rss-round-1/rss/raw/unary-Ta/Ta-00392.poscar,60ae1fc90da3ca192f126f589826c2e3b593f30d8ad5bfc3c7ccbfd9a9156d0b,60ae1fc90da3ca192f126f589826c2e3b593f30d8ad5bfc3c7ccbfd9a9156d0b
rss-n25-p400000bar,Ta-potential/fcc-restart/05-rss-round-1/rss-selection/source-frames/rss-n25-p400000bar.xyz,34,25,400000.0,2,393,001182.poscar,unary-Ta/Ta-00393-2.poscar,/home/tuzhengyu/work/WTaTi/Ta-potential/fcc-restart/05-rss-round-1/rss/minimized/unary-Ta/Ta-00393-2.poscar,Ta-potential/fcc-restart/05-rss-round-1/rss/raw/unary-Ta/Ta-00393.poscar,1e570a7a7bcf6b184f581e99676afb9658d13f27d599742d9089f76c1e7f9fa1,1e570a7a7bcf6b184f581e99676afb9658d13f27d599742d9089f76c1e7f9fa1
rss-n25-p400000bar,Ta-potential/fcc-restart/05-rss-round-1/rss-selection/source-frames/rss-n25-p400000bar.xyz,35,25,400000.0,2,394,001185.poscar,unary-Ta/Ta-00394-2.poscar,/home/tuzhengyu/work/WTaTi/Ta-potential/fcc-restart/05-rss-round-1/rss/minimized/unary-Ta/Ta-00394-2.poscar,Ta-potential/fcc-restart/05-rss-round-1/rss/raw/unary-Ta/Ta-00394.poscar,7ae28663ad5ebf8faaf2218c13ae5439b9a76ebe985205f61924c1522fbb9db1,7ae28663ad5ebf8faaf2218c13ae5439b9a76ebe985205f61924c1522fbb9db1
rss-n25-p400000bar,Ta-potential/fcc-restart/05-rss-round-1/rss-selection/source-frames/rss-n25-p400000bar.xyz,36,25,400000.0,2,395,001188.poscar,unary-Ta/Ta-00395-2.poscar,/home/tuzhengyu/work/WTaTi/Ta-potential/fcc-restart/05-rss-round-1/rss/minimized/unary-Ta/Ta-00395-2.poscar,Ta-potential/fcc-restart/05-rss-round-1/rss/raw/unary-Ta/Ta-00395.poscar,3233d15f4d99e628bc120abe921ff445fcb7b68fea61244ccfaece659e306b03,3233d15f4d99e628bc120abe921ff445fcb7b68fea61244ccfaece659e306b03
rss-n25-p400000bar,Ta-potential/fcc-restart/05-rss-round-1/rss-selection/source-frames/rss-n25-p400000bar.xyz,37,25,400000.0,2,397,001194.poscar,unary-Ta/Ta-00397-2.poscar,/home/tuzhengyu/work/WTaTi/Ta-potential/fcc-restart/05-rss-round-1/rss/minimized/unary-Ta/Ta-00397-2.poscar,Ta-potential/fcc-restart/05-rss-round-1/rss/raw/unary-Ta/Ta-00397.poscar,7fce0609c55b5391bb30375e049b6f1a59e3ec81962d8e6b8b74e051aaa26323,7fce0609c55b5391bb30375e049b6f1a59e3ec81962d8e6b8b74e051aaa26323
rss-n25-p400000bar,Ta-potential/fcc-restart/05-rss-round-1/rss-selection/source-frames/rss-n25-p400000bar.xyz,38,25,400000.0,2,398,001197.poscar,unary-Ta/Ta-00398-2.poscar,/home/tuzhengyu/work/WTaTi/Ta-potential/fcc-restart/05-rss-round-1/rss/minimized/unary-Ta/Ta-00398-2.poscar,Ta-potential/fcc-restart/05-rss-round-1/rss/raw/unary-Ta/Ta-00398.poscar,bca44d30285b4141483dd677bff35489784b248d4d30dbb56e6405ce07853f6e,bca44d30285b4141483dd677bff35489784b248d4d30dbb56e6405ce07853f6e
rss-n25-p400000bar,Ta-potential/fcc-restart/05-rss-round-1/rss-selection/source-frames/rss-n25-p400000bar.xyz,39,25,400000.0,2,399,001200.poscar,unary-Ta/Ta-00399-2.poscar,/home/tuzhengyu/work/WTaTi/Ta-potential/fcc-restart/05-rss-round-1/rss/minimized/unary-Ta/Ta-00399-2.poscar,Ta-potential/fcc-restart/05-rss-round-1/rss/raw/unary-Ta/Ta-00399.poscar,84f068abb06bfffdffa9decd5cbec3726a90b7a41d087a97f2efe7f7b7e9f66e,84f068abb06bfffdffa9decd5cbec3726a90b7a41d087a97f2efe7f7b7e9f66e
