source_type,source_value,scale_factor,trajectory,trajectory_path,frame,uncertainty,volume_per_atom,max_force,max_force_model0,instant_pressure_gpa,natoms,min_distance_A,physical_gate_status,candidate_rank_source,candidate_file,final_selected,cur_rank,cur_phase,cur_score,selected_file,singular_value,residual_norm,max_similarity_selected,max_similarity_base
npt_pressure,1,,P-1GPa,Ta-potential/03-npt-round-1/md/P-1GPa/multi_nnap_md.xyz,500,0.2622762369,20.891105473531137,5.552554834,5.580914769,1.689534342,16,2.296433000802008,passed,1,P-1GPa_frame00000500_U0.262276.poscar,False,,,,,,,,0.9999837931
npt_pressure,1,,P-1GPa,Ta-potential/03-npt-round-1/md/P-1GPa/multi_nnap_md.xyz,552,0.17049811,20.319066912170143,4.859526835,4.824047892,-1.80018534,16,2.4587836764827906,passed,2,P-1GPa_frame00000552_U0.170498.poscar,False,,,,,,,,0.9998708941
npt_pressure,1,,P-1GPa,Ta-potential/03-npt-round-1/md/P-1GPa/multi_nnap_md.xyz,602,0.2537836438,20.715501874265627,5.129545867,5.197184151,0.969318018,16,2.2209270051714114,passed,3,P-1GPa_frame00000602_U0.253784.poscar,True,20,cur-fill,0.01303640564,000020.poscar,0.004326120557,0.000762121805,0.9967237395,0.9999181737
npt_pressure,1,,P-1GPa,Ta-potential/03-npt-round-1/md/P-1GPa/multi_nnap_md.xyz,652,0.2058334099,19.86374459483313,4.236130669,4.222130744,5.959362182,16,2.3305556670987646,passed,4,P-1GPa_frame00000652_U0.205833.poscar,False,,,,,,,,0.9999526996
npt_pressure,1,,P-1GPa,Ta-potential/03-npt-round-1/md/P-1GPa/multi_nnap_md.xyz,709,0.1702685251,21.07464317541402,3.769919939,3.796008494,-4.910009102,16,2.4092926773277785,passed,5,P-1GPa_frame00000709_U0.170269.poscar,False,,,,,,,,0.9999476833
npt_pressure,1,,P-1GPa,Ta-potential/03-npt-round-1/md/P-1GPa/multi_nnap_md.xyz,761,0.1925138383,19.560874302707468,6.408638436,6.453198252,7.712630527,16,2.2891150782024106,passed,6,P-1GPa_frame00000761_U0.192514.poscar,False,,,,,,,,0.9999495253
npt_pressure,1,,P-1GPa,Ta-potential/03-npt-round-1/md/P-1GPa/multi_nnap_md.xyz,811,0.2052041726,21.143825320233365,5.158715832,5.231124108,-2.876641833,16,2.252737627890483,passed,7,P-1GPa_frame00000811_U0.205204.poscar,True,15,cur-fill,0.01896705699,000015.poscar,0.007912719096,0.001219795547,0.9962906231,0.9999503938
npt_pressure,1,,P-1GPa,Ta-potential/03-npt-round-1/md/P-1GPa/multi_nnap_md.xyz,861,0.2358396551,20.079257638138465,5.893044731,5.940460772,1.107906292,16,2.1264562271115683,passed,8,P-1GPa_frame00000861_U0.235840.poscar,False,,,,,,,,0.9999109458
npt_pressure,1,,P-1GPa,Ta-potential/03-npt-round-1/md/P-1GPa/multi_nnap_md.xyz,915,0.1773462729,21.028784749683744,4.806480599,4.79351025,-2.777280699,16,2.374654023523408,passed,9,P-1GPa_frame00000915_U0.177346.poscar,False,,,,,,,,0.9999797636
npt_pressure,1,,P-1GPa,Ta-potential/03-npt-round-1/md/P-1GPa/multi_nnap_md.xyz,965,0.1945288189,21.129842355944287,4.448632709,4.537443205,-5.765927685,16,2.3847013988548222,passed,10,P-1GPa_frame00000965_U0.194529.poscar,False,,,,,,,,0.9999850419
npt_pressure,1,,P-1GPa,Ta-potential/03-npt-round-1/md/P-1GPa/multi_nnap_md.xyz,1015,0.2662406895,19.235601352018843,5.155850141,5.161782122,10.74148203,16,2.412934200221718,passed,11,P-1GPa_frame00001015_U0.266241.poscar,False,,,,,,,,0.9999320647
npt_pressure,1,,P-1GPa,Ta-potential/03-npt-round-1/md/P-1GPa/multi_nnap_md.xyz,1065,0.1996703262,22.00211627932802,4.339166262,4.480490931,-8.994574568,16,2.2457179260657907,passed,12,P-1GPa_frame00001065_U0.199670.poscar,True,83,cur-fill,0.009017944627,000083.poscar,4.316784731e-06,4.977904431e-07,0.9989309286,0.9998457685
npt_pressure,1,,P-1GPa,Ta-potential/03-npt-round-1/md/P-1GPa/multi_nnap_md.xyz,1115,0.209428667,18.909676867465176,5.647080021,5.765232942,11.59286639,16,2.360729758031241,passed,13,P-1GPa_frame00001115_U0.209429.poscar,False,,,,,,,,0.9999536652
npt_pressure,1,,P-1GPa,Ta-potential/03-npt-round-1/md/P-1GPa/multi_nnap_md.xyz,1165,0.3002296325,20.848460909089447,7.757115107,8.174624679,-3.928546152,16,2.2779321612244128,passed,14,P-1GPa_frame00001165_U0.300230.poscar,False,,,,,,,,0.999983053
npt_pressure,1,,P-1GPa,Ta-potential/03-npt-round-1/md/P-1GPa/multi_nnap_md.xyz,1215,0.2608616602,19.579430219212796,5.990806039,6.152043747,6.647948074,16,2.316967767182045,passed,15,P-1GPa_frame00001215_U0.260862.poscar,True,27,cur-fill,0.0175163679,000027.poscar,0.001742366867,0.0002570807745,0.9959905918,0.9999149394
npt_pressure,1,,P-1GPa,Ta-potential/03-npt-round-1/md/P-1GPa/multi_nnap_md.xyz,1265,0.252804083,20.191360828312536,6.669422873,6.842413732,1.476768304,16,2.354675173615907,passed,16,P-1GPa_frame00001265_U0.252804.poscar,False,,,,,,,,0.9999355502
npt_pressure,1,,P-1GPa,Ta-potential/03-npt-round-1/md/P-1GPa/multi_nnap_md.xyz,1322,0.1916222741,20.7170760617732,5.764466378,5.945154043,-2.183285481,16,2.329583610603324,passed,17,P-1GPa_frame00001322_U0.191622.poscar,False,,,,,,,,0.9999662049
npt_pressure,1,,P-1GPa,Ta-potential/03-npt-round-1/md/P-1GPa/multi_nnap_md.xyz,1374,0.1719655087,20.202129501853797,4.638455484,4.709402469,2.702921336,16,2.4077971178551905,passed,18,P-1GPa_frame00001374_U0.171966.poscar,False,,,,,,,,0.9999558826
npt_pressure,1,,P-1GPa,Ta-potential/03-npt-round-1/md/P-1GPa/multi_nnap_md.xyz,1424,0.2857772585,20.614542032790848,6.034277112,6.466142786,2.112311276,16,2.2059560176129582,passed,19,P-1GPa_frame00001424_U0.285777.poscar,True,32,cur-fill,0.01789428532,000032.poscar,0.0009058184293,0.0001500167432,0.9921478183,0.9999038055
npt_pressure,1,,P-1GPa,Ta-potential/03-npt-round-1/md/P-1GPa/multi_nnap_md.xyz,1474,0.1935912626,19.30085806064466,4.877159911,4.952051536,4.385986605,16,2.4188273951178254,passed,20,P-1GPa_frame00001474_U0.193591.poscar,False,,,,,,,,0.9998697807
npt_pressure,1,,P-1GPa,Ta-potential/03-npt-round-1/md/P-1GPa/multi_nnap_md.xyz,1524,0.6687548809,21.13218961049365,8.035058199,8.130737529,2.695798662,16,1.938086309285171,passed,21,P-1GPa_frame00001524_U0.668755.poscar,False,,,,,,,,0.9999488502
npt_pressure,1,,P-1GPa,Ta-potential/03-npt-round-1/md/P-1GPa/multi_nnap_md.xyz,1574,0.3129386387,25.271939109275102,4.419899004,4.450040685,-6.775346781,16,2.2335528267687934,passed,22,P-1GPa_frame00001574_U0.312939.poscar,True,9,cur-fill,0.01765632807,000009.poscar,0.01565045439,0.003673529374,0.990153366,0.9999823779
npt_pressure,1,,P-1GPa,Ta-potential/03-npt-round-1/md/P-1GPa/multi_nnap_md.xyz,1624,0.1881007421,20.821714319628285,5.213864131,5.024460246,7.822461638,16,2.259739023487233,passed,23,P-1GPa_frame00001624_U0.188101.poscar,False,,,,,,,,0.99994205
npt_pressure,1,,P-1GPa,Ta-potential/03-npt-round-1/md/P-1GPa/multi_nnap_md.xyz,1676,0.1986499371,21.60097450189139,5.216129621,5.368835574,-9.47256805,16,2.2566737146323255,passed,24,P-1GPa_frame00001676_U0.198650.poscar,True,1,cur-fill,0.005030494428,000001.poscar,1.361934392,0.09708889196,0,0.999936839
npt_pressure,1,,P-1GPa,Ta-potential/03-npt-round-1/md/P-1GPa/multi_nnap_md.xyz,1729,0.1819343745,19.252889336521456,5.075561666,5.171881419,2.214989961,16,2.3254581125182465,passed,25,P-1GPa_frame00001729_U0.181934.poscar,False,,,,,,,,0.9999122733
npt_pressure,1,,P-1GPa,Ta-potential/03-npt-round-1/md/P-1GPa/multi_nnap_md.xyz,1779,0.2324058009,18.989436712093497,6.754870718,6.656070625,12.04933297,16,2.3378326375435137,passed,26,P-1GPa_frame00001779_U0.232406.poscar,False,,,,,,,,0.9999298132
npt_pressure,1,,P-1GPa,Ta-potential/03-npt-round-1/md/P-1GPa/multi_nnap_md.xyz,1833,0.1937157095,20.33299474468553,6.829693951,7.171906494,-1.322000883,16,2.341026207605518,passed,27,P-1GPa_frame00001833_U0.193716.poscar,False,,,,,,,,0.9999641636
npt_pressure,1,,P-1GPa,Ta-potential/03-npt-round-1/md/P-1GPa/multi_nnap_md.xyz,1883,0.2905132023,19.883784892992004,6.807372312,6.493968391,8.873311291,16,2.269014715122063,passed,28,P-1GPa_frame00001883_U0.290513.poscar,False,,,,,,,,0.9999485248
npt_pressure,1,,P-1GPa,Ta-potential/03-npt-round-1/md/P-1GPa/multi_nnap_md.xyz,1933,0.1908055065,21.90525341569885,5.442920846,5.304181687,0.2071730585,16,2.313373387845181,passed,29,P-1GPa_frame00001933_U0.190806.poscar,False,,,,,,,,0.999975921
npt_pressure,1,,P-1GPa,Ta-potential/03-npt-round-1/md/P-1GPa/multi_nnap_md.xyz,1983,0.1875974264,22.010767264301055,5.099170218,5.24664652,-1.561341166,16,2.202777610115417,passed,30,P-1GPa_frame00001983_U0.187597.poscar,True,41,cur-fill,0.01911646518,000041.poscar,0.0002917435963,4.96445792e-05,0.9942269584,0.9999877541
npt_pressure,1,,P-1GPa,Ta-potential/03-npt-round-1/md/P-1GPa/multi_nnap_md.xyz,2033,0.1853373925,21.366826991718437,4.110965789,4.246651817,-1.705389568,16,2.3765397397851626,passed,31,P-1GPa_frame00002033_U0.185337.poscar,False,,,,,,,,0.9999838429
npt_pressure,1,,P-1GPa,Ta-potential/03-npt-round-1/md/P-1GPa/multi_nnap_md.xyz,2083,0.2403757802,21.778333561425235,5.57246354,5.403922333,0.4923747512,16,2.268965809213121,passed,32,P-1GPa_frame00002083_U0.240376.poscar,True,71,cur-fill,0.02111773205,000071.poscar,7.846431683e-06,1.623371517e-06,0.9960693125,0.9999800835
npt_pressure,1,,P-1GPa,Ta-potential/03-npt-round-1/md/P-1GPa/multi_nnap_md.xyz,2133,0.2715796047,21.065443390683185,5.16512568,5.327928527,7.369815618,16,2.061374225782508,passed,33,P-1GPa_frame00002133_U0.271580.poscar,False,,,,,,,,0.9999515723
npt_pressure,1,,P-1GPa,Ta-potential/03-npt-round-1/md/P-1GPa/multi_nnap_md.xyz,2184,0.1832227247,22.54502963647163,4.240214482,4.230213142,-8.261544488,16,2.2618903144422413,passed,34,P-1GPa_frame00002184_U0.183223.poscar,True,8,cur-fill,0.0235061943,000008.poscar,0.02283802316,0.003869388007,0.9822428635,0.9999652574
npt_pressure,1,,P-1GPa,Ta-potential/03-npt-round-1/md/P-1GPa/multi_nnap_md.xyz,2234,0.2052217664,24.112933998228673,6.360836658,6.331599672,-3.558598575,16,2.24660411494192,passed,35,P-1GPa_frame00002234_U0.205222.poscar,False,,,,,,,,0.9999739428
npt_pressure,1,,P-1GPa,Ta-potential/03-npt-round-1/md/P-1GPa/multi_nnap_md.xyz,2284,0.2580076333,22.42608139851491,5.644737028,5.54487523,-0.9280774991,16,2.2662443203184885,passed,36,P-1GPa_frame00002284_U0.258008.poscar,True,28,cur-fill,0.03887407443,000028.poscar,0.001594369942,0.000457703358,0.9972489744,0.9999824379
npt_pressure,1,,P-1GPa,Ta-potential/03-npt-round-1/md/P-1GPa/multi_nnap_md.xyz,2334,0.2203769491,20.37288971339213,4.378734295,4.277473577,1.725015778,16,2.363152455372406,passed,37,P-1GPa_frame00002334_U0.220377.poscar,False,,,,,,,,0.9999659143
npt_pressure,1,,P-1GPa,Ta-potential/03-npt-round-1/md/P-1GPa/multi_nnap_md.xyz,2386,0.187987854,19.91703185791955,4.360347795,4.140112417,6.217754216,16,2.3835333656923394,passed,38,P-1GPa_frame00002386_U0.187988.poscar,False,,,,,,,,0.999959661
npt_pressure,1,,P-1GPa,Ta-potential/03-npt-round-1/md/P-1GPa/multi_nnap_md.xyz,2438,0.1723906642,20.257535374965254,4.99690125,5.042212534,-1.351636718,16,2.369839551891441,passed,39,P-1GPa_frame00002438_U0.172391.poscar,True,84,cur-fill,0.006487155867,000084.poscar,4.316784731e-06,4.17997738e-07,0.9979522178,0.9999170275
npt_pressure,1,,P-1GPa,Ta-potential/03-npt-round-1/md/P-1GPa/multi_nnap_md.xyz,2491,0.1721617217,21.088324711658263,4.017753966,4.074145715,-2.048121285,16,2.3453537331949508,passed,40,P-1GPa_frame00002491_U0.172162.poscar,False,,,,,,,,0.9999649904
npt_pressure,1,,P-1GPa,Ta-potential/03-npt-round-1/md/P-1GPa/multi_nnap_md.xyz,2541,0.4615812675,18.70298502460634,5.679958109,5.744452532,23.49046239,16,2.094774184264428,passed,41,P-1GPa_frame00002541_U0.461581.poscar,True,6,cur-fill,0.02851508142,000006.poscar,0.03206380562,0.005662535495,0.9908920094,0.9998966625
npt_pressure,1,,P-1GPa,Ta-potential/03-npt-round-1/md/P-1GPa/multi_nnap_md.xyz,2594,0.1715644719,23.70491156202286,4.020046053,4.174305926,-10.80455508,16,2.3441342167560975,passed,42,P-1GPa_frame00002594_U0.171564.poscar,False,,,,,,,,0.9999336583
npt_pressure,1,,P-1GPa,Ta-potential/03-npt-round-1/md/P-1GPa/multi_nnap_md.xyz,2644,0.2537062541,21.255138265097326,5.171536471,5.325084973,2.52724239,16,2.1186994945454116,passed,43,P-1GPa_frame00002644_U0.253706.poscar,True,4,cur-fill,0.03913076841,000004.poscar,0.06012171085,0.01329462057,0.8873798998,0.9999673959
npt_pressure,1,,P-1GPa,Ta-potential/03-npt-round-1/md/P-1GPa/multi_nnap_md.xyz,2706,0.1850278293,19.435693479097743,4.516057616,4.586222465,10.53236646,16,2.4169943275426307,passed,44,P-1GPa_frame00002706_U0.185028.poscar,False,,,,,,,,0.9999441975
npt_pressure,1,,P-1GPa,Ta-potential/03-npt-round-1/md/P-1GPa/multi_nnap_md.xyz,2756,0.4129093524,20.66292714180974,8.363897211,8.522888794,0.1515198609,16,2.150092264000361,passed,45,P-1GPa_frame00002756_U0.412909.poscar,False,,,,,,,,0.9999663504
npt_pressure,1,,P-1GPa,Ta-potential/03-npt-round-1/md/P-1GPa/multi_nnap_md.xyz,2806,0.2032279758,20.267563285697832,5.672171734,5.714537736,5.667700203,16,2.3345783533418243,passed,46,P-1GPa_frame00002806_U0.203228.poscar,True,76,cur-fill,0.01373375305,000076.poscar,4.316784731e-06,5.9356145e-07,0.9989849318,0.9999838082
npt_pressure,1,,P-1GPa,Ta-potential/03-npt-round-1/md/P-1GPa/multi_nnap_md.xyz,2856,0.1958403704,20.821057537542114,4.979079061,5.131997677,-6.058580302,16,2.4080515812667342,passed,47,P-1GPa_frame00002856_U0.195840.poscar,False,,,,,,,,0.9998913081
npt_pressure,1,,P-1GPa,Ta-potential/03-npt-round-1/md/P-1GPa/multi_nnap_md.xyz,2906,0.4174398342,21.03555460730586,8.279953946,7.947633392,6.762621294,16,2.023692047249042,passed,48,P-1GPa_frame00002906_U0.417440.poscar,True,5,cur-fill,0.01670976687,000005.poscar,0.0505793826,0.007064903929,0.970865751,0.9999782456
npt_pressure,1,,P-1GPa,Ta-potential/03-npt-round-1/md/P-1GPa/multi_nnap_md.xyz,2956,0.3614070246,20.0232651072104,6.400245015,6.188616576,12.01941857,16,2.1108121583131974,passed,49,P-1GPa_frame00002956_U0.361407.poscar,False,,,,,,,,0.9999015053
npt_pressure,1,,P-1GPa,Ta-potential/03-npt-round-1/md/P-1GPa/multi_nnap_md.xyz,3006,0.4291487429,21.971335326831774,7.036206074,7.186239711,5.608999422,16,1.9508832311994428,passed,50,P-1GPa_frame00003006_U0.429149.poscar,True,2,cur-fill,0.02516479274,000002.poscar,0.4241275953,0.06900717493,0.6137854288,0.9998787293
npt_pressure,1,,P-1GPa,Ta-potential/03-npt-round-1/md/P-1GPa/multi_nnap_md.xyz,3056,0.2159192625,21.495755814818637,4.978379679,4.82226488,-2.690523085,16,2.3473188368136357,passed,51,P-1GPa_frame00003056_U0.215919.poscar,False,,,,,,,,0.9999893349
npt_pressure,1,,P-1GPa,Ta-potential/03-npt-round-1/md/P-1GPa/multi_nnap_md.xyz,3106,0.188903906,21.760980061993223,5.522719057,5.585628803,-1.071998114,16,2.2360190099505424,passed,52,P-1GPa_frame00003106_U0.188904.poscar,False,,,,,,,,0.9999709182
npt_pressure,1,,P-1GPa,Ta-potential/03-npt-round-1/md/P-1GPa/multi_nnap_md.xyz,3156,0.1690922809,21.743208644454732,4.06929381,4.091251061,-1.590637531,16,2.3902434013972553,passed,53,P-1GPa_frame00003156_U0.169092.poscar,True,25,cur-fill,0.03158979859,000025.poscar,0.00214745512,0.0005352239307,0.9964046091,0.999965016
npt_pressure,1,,P-1GPa,Ta-potential/03-npt-round-1/md/P-1GPa/multi_nnap_md.xyz,3208,0.2187609186,19.67782854376677,5.927560187,6.064858337,4.584889722,16,2.2730204580689106,passed,54,P-1GPa_frame00003208_U0.218761.poscar,False,,,,,,,,0.999922352
npt_pressure,1,,P-1GPa,Ta-potential/03-npt-round-1/md/P-1GPa/multi_nnap_md.xyz,3258,0.174354005,19.446597573476062,6.003347608,5.93845713,3.69448494,16,2.292047898861588,passed,55,P-1GPa_frame00003258_U0.174354.poscar,False,,,,,,,,0.9998548579
npt_pressure,1,,P-1GPa,Ta-potential/03-npt-round-1/md/P-1GPa/multi_nnap_md.xyz,3308,0.2134736236,20.646937918451144,5.685194708,5.521613578,3.86680707,16,2.254758528596626,passed,56,P-1GPa_frame00003308_U0.213474.poscar,True,19,cur-fill,0.01390226222,000019.poscar,0.004515587346,0.0008846519084,0.9939585621,0.9999463784
npt_pressure,1,,P-1GPa,Ta-potential/03-npt-round-1/md/P-1GPa/multi_nnap_md.xyz,3358,0.2285130038,19.158591798713967,4.926084465,4.993480005,9.664860156,16,2.3281745612763234,passed,57,P-1GPa_frame00003358_U0.228513.poscar,False,,,,,,,,0.9999126589
npt_pressure,1,,P-1GPa,Ta-potential/03-npt-round-1/md/P-1GPa/multi_nnap_md.xyz,3408,0.1878604019,20.61975518639057,5.052034505,5.035694358,5.236513859,16,2.3917624615689963,passed,58,P-1GPa_frame00003408_U0.187860.poscar,True,39,cur-fill,0.02955262291,000039.poscar,0.0003672169669,7.334448108e-05,0.9974638489,0.9999782681
npt_pressure,1,,P-1GPa,Ta-potential/03-npt-round-1/md/P-1GPa/multi_nnap_md.xyz,3458,0.170127582,24.11093063383486,4.119575126,4.212936501,-9.051074929,16,2.391845972347746,passed,59,P-1GPa_frame00003458_U0.170128.poscar,False,,,,,,,,0.9999878662
npt_pressure,1,,P-1GPa,Ta-potential/03-npt-round-1/md/P-1GPa/multi_nnap_md.xyz,3508,0.1815957605,21.96384659630671,4.679997096,4.722774292,3.051027998,16,2.221659068589315,passed,60,P-1GPa_frame00003508_U0.181596.poscar,True,17,cur-fill,0.03286787425,000017.poscar,0.005452320027,0.001274448147,0.9984225075,0.999924774
npt_pressure,1,,P-1GPa,Ta-potential/03-npt-round-1/md/P-1GPa/multi_nnap_md.xyz,3558,0.2504728898,20.386103875752735,6.20669285,5.974793429,8.510670493,16,2.276374578054806,passed,61,P-1GPa_frame00003558_U0.250473.poscar,False,,,,,,,,0.9999428084
npt_pressure,1,,P-1GPa,Ta-potential/03-npt-round-1/md/P-1GPa/multi_nnap_md.xyz,3608,0.1782462716,22.6509072551257,3.87494561,3.931784832,-4.073096142,16,2.33578457432204,passed,62,P-1GPa_frame00003608_U0.178246.poscar,True,10,cur-fill,0.01484391804,000010.poscar,0.01495255335,0.002255336368,0.9973777418,0.9999862421
npt_pressure,1,,P-1GPa,Ta-potential/03-npt-round-1/md/P-1GPa/multi_nnap_md.xyz,3670,0.1920756319,19.774272275666437,5.962911042,6.038517667,2.728431639,16,2.2394048991166025,passed,63,P-1GPa_frame00003670_U0.192076.poscar,False,,,,,,,,0.9999168734
npt_pressure,1,,P-1GPa,Ta-potential/03-npt-round-1/md/P-1GPa/multi_nnap_md.xyz,3720,0.2207440694,19.862255205912614,6.08268196,5.967775382,8.789761725,16,2.156268593747822,passed,64,P-1GPa_frame00003720_U0.220744.poscar,True,22,cur-fill,0.0165107637,000022.poscar,0.003012845695,0.0004568815252,0.9960377183,0.9999541719
npt_pressure,1,,P-1GPa,Ta-potential/03-npt-round-1/md/P-1GPa/multi_nnap_md.xyz,3774,0.1780672273,19.73989783098588,6.574714673,6.729517303,6.063870343,16,2.261750268800804,passed,65,P-1GPa_frame00003774_U0.178067.poscar,False,,,,,,,,0.9999444196
npt_pressure,1,,P-1GPa,Ta-potential/03-npt-round-1/md/P-1GPa/multi_nnap_md.xyz,3824,0.1980886121,20.596914233083005,4.092127095,4.197832704,-0.2456709621,16,2.3781480326752242,passed,66,P-1GPa_frame00003824_U0.198089.poscar,False,,,,,,,,0.9999839263
npt_pressure,1,,P-1GPa,Ta-potential/03-npt-round-1/md/P-1GPa/multi_nnap_md.xyz,3877,0.2439699099,20.51638559464248,4.911964389,4.974178437,0.2938187384,16,2.3035104820248784,passed,67,P-1GPa_frame00003877_U0.243970.poscar,False,,,,,,,,0.9999859457
npt_pressure,1,,P-1GPa,Ta-potential/03-npt-round-1/md/P-1GPa/multi_nnap_md.xyz,3927,0.1988530616,20.195662206271336,4.986013664,4.908575155,3.583265284,16,2.33463874278723,passed,68,P-1GPa_frame00003927_U0.198853.poscar,True,90,cur-fill,0.004749608287,000090.poscar,4.316784731e-06,5.213861487e-07,0.9973635258,0.9999711881
npt_pressure,1,,P-1GPa,Ta-potential/03-npt-round-1/md/P-1GPa/multi_nnap_md.xyz,3980,0.1687190091,20.368373109484157,5.413515448,5.565438752,1.780770155,16,2.3541138093365377,passed,69,P-1GPa_frame00003980_U0.168719.poscar,False,,,,,,,,0.9999698522
npt_pressure,1,,P-1GPa,Ta-potential/03-npt-round-1/md/P-1GPa/multi_nnap_md.xyz,4030,0.4804135596,20.02943477577202,5.865241891,5.840601076,9.799920112,16,2.0046643191513005,passed,70,P-1GPa_frame00004030_U0.480414.poscar,True,33,cur-fill,0.03638233546,000033.poscar,0.0008255387075,0.0001856720909,0.9966589676,0.9999734841
npt_pressure,1,,P-1GPa,Ta-potential/03-npt-round-1/md/P-1GPa/multi_nnap_md.xyz,4080,0.1988753356,20.27494145478169,4.658434238,4.724417504,-1.340890217,16,2.282009193813824,passed,71,P-1GPa_frame00004080_U0.198875.poscar,False,,,,,,,,0.9999489141
npt_pressure,1,,P-1GPa,Ta-potential/03-npt-round-1/md/P-1GPa/multi_nnap_md.xyz,4130,0.3198655302,19.373337665579452,7.452053911,7.481485264,14.03862332,16,2.289075390114029,passed,72,P-1GPa_frame00004130_U0.319866.poscar,False,,,,,,,,0.999964516
npt_pressure,1,,P-1GPa,Ta-potential/03-npt-round-1/md/P-1GPa/multi_nnap_md.xyz,4180,0.1866666966,22.558537788691513,5.168919487,5.192569642,-6.383391174,16,2.299216068645686,passed,73,P-1GPa_frame00004180_U0.186667.poscar,True,45,cur-fill,0.02565630754,000045.poscar,0.0001984449585,3.9587497e-05,0.9964889448,0.9999649882
npt_pressure,1,,P-1GPa,Ta-potential/03-npt-round-1/md/P-1GPa/multi_nnap_md.xyz,4230,0.2513907776,18.963768132843107,7.55519396,7.600929744,13.10350432,16,2.343539087621086,passed,74,P-1GPa_frame00004230_U0.251391.poscar,False,,,,,,,,0.999970106
npt_pressure,1,,P-1GPa,Ta-potential/03-npt-round-1/md/P-1GPa/multi_nnap_md.xyz,4282,0.1983496294,20.003423860733683,5.942120721,5.754028653,1.425896391,16,2.327612415790688,passed,75,P-1GPa_frame00004282_U0.198350.poscar,False,,,,,,,,0.9999126605
npt_pressure,1,,P-1GPa,Ta-potential/03-npt-round-1/md/P-1GPa/multi_nnap_md.xyz,4332,0.2249516067,19.370392898310516,4.163449582,4.295143433,5.26032224,16,2.4574803707173563,passed,76,P-1GPa_frame00004332_U0.224952.poscar,False,,,,,,,,0.9999207276
npt_pressure,1,,P-1GPa,Ta-potential/03-npt-round-1/md/P-1GPa/multi_nnap_md.xyz,4382,0.1923717092,21.71911716189442,4.32614408,4.272922369,-4.87346257,16,2.3632364823573404,passed,77,P-1GPa_frame00004382_U0.192372.poscar,False,,,,,,,,0.9999695363
npt_pressure,1,,P-1GPa,Ta-potential/03-npt-round-1/md/P-1GPa/multi_nnap_md.xyz,4432,0.2871569664,19.995727779858534,5.631968726,5.551235975,2.321221739,16,2.1163655923427367,passed,78,P-1GPa_frame00004432_U0.287157.poscar,True,69,cur-fill,0.01517114408,000069.poscar,1.103743778e-05,1.489304522e-06,0.9996015808,0.9999507436
npt_pressure,1,,P-1GPa,Ta-potential/03-npt-round-1/md/P-1GPa/multi_nnap_md.xyz,4482,0.2160420757,19.53021373769615,5.395499336,5.577246167,5.510122351,16,2.388759140567748,passed,79,P-1GPa_frame00004482_U0.216042.poscar,False,,,,,,,,0.999950607
npt_pressure,1,,P-1GPa,Ta-potential/03-npt-round-1/md/P-1GPa/multi_nnap_md.xyz,4533,0.1682890423,20.811908820460214,5.628994038,5.533214173,-0.5839354748,16,2.3576914774568105,passed,80,P-1GPa_frame00004533_U0.168289.poscar,True,35,cur-fill,0.01739357319,000035.poscar,0.0005777300148,0.0001058728989,0.9990364387,0.9999640269
npt_pressure,1,,P-1GPa,Ta-potential/03-npt-round-1/md/P-1GPa/multi_nnap_md.xyz,4583,0.1685891334,19.828687973371146,3.82739229,3.844748658,5.263845917,16,2.4039614869837576,passed,81,P-1GPa_frame00004583_U0.168589.poscar,False,,,,,,,,0.9999189766
npt_pressure,1,,P-1GPa,Ta-potential/03-npt-round-1/md/P-1GPa/multi_nnap_md.xyz,4635,0.2277780754,21.70748391026068,5.97608558,5.753933178,-1.992495474,16,2.3353750626114076,passed,82,P-1GPa_frame00004635_U0.227778.poscar,False,,,,,,,,0.9999297543
npt_pressure,1,,P-1GPa,Ta-potential/03-npt-round-1/md/P-1GPa/multi_nnap_md.xyz,4685,0.2912894531,19.549071494641147,6.511638629,6.706787061,8.003703373,16,2.265854045464257,passed,83,P-1GPa_frame00004685_U0.291289.poscar,True,43,cur-fill,0.01653051236,000043.poscar,0.0002307455411,3.689338985e-05,0.9949612446,0.9999523557
npt_pressure,1,,P-1GPa,Ta-potential/03-npt-round-1/md/P-1GPa/multi_nnap_md.xyz,4735,0.1805688763,20.319220998725964,5.405217665,5.522468221,4.194303226,16,2.299488042113171,passed,84,P-1GPa_frame00004735_U0.180569.poscar,False,,,,,,,,0.9999862349
npt_pressure,1,,P-1GPa,Ta-potential/03-npt-round-1/md/P-1GPa/multi_nnap_md.xyz,4793,0.174268597,19.48084855972114,5.005751058,5.110141356,4.435191498,16,2.363930828652336,passed,85,P-1GPa_frame00004793_U0.174269.poscar,False,,,,,,,,0.9998835479
npt_pressure,1,,P-1GPa,Ta-potential/03-npt-round-1/md/P-1GPa/multi_nnap_md.xyz,4845,0.1966555845,20.422879833084156,6.521113029,6.710354328,-0.5840911317,16,2.2637461211983227,passed,86,P-1GPa_frame00004845_U0.196656.poscar,False,,,,,,,,0.999963338
npt_pressure,1,,P-1GPa,Ta-potential/03-npt-round-1/md/P-1GPa/multi_nnap_md.xyz,4895,0.1846875263,20.03763148954467,5.325333897,5.247370629,4.898350864,16,2.3641321893894167,passed,87,P-1GPa_frame00004895_U0.184688.poscar,True,42,cur-fill,0.026111883,000042.poscar,0.0002782412756,5.468731787e-05,0.9975893445,0.999910467
npt_pressure,1,,P-1GPa,Ta-potential/03-npt-round-1/md/P-1GPa/multi_nnap_md.xyz,4948,0.1812784437,19.886810811161496,5.715137337,5.738475178,1.809077068,16,2.216206974254444,passed,88,P-1GPa_frame00004948_U0.181278.poscar,False,,,,,,,,0.9999519803
npt_pressure,1,,P-1GPa,Ta-potential/03-npt-round-1/md/P-1GPa/multi_nnap_md.xyz,4998,0.2513357994,20.054465996899342,6.750509032,6.626859478,5.949433358,16,2.2284379336241913,passed,89,P-1GPa_frame00004998_U0.251336.poscar,False,,,,,,,,0.9999474138
npt_pressure,5,,P-5GPa,Ta-potential/03-npt-round-1/md/P-5GPa/multi_nnap_md.xyz,500,0.2437206118,20.266561312455586,5.208920604,5.476249433,-0.4675864641,16,2.3119686783049103,passed,1,P-5GPa_frame00000500_U0.243721.poscar,False,,,,,,,,0.9999642617
npt_pressure,5,,P-5GPa,Ta-potential/03-npt-round-1/md/P-5GPa/multi_nnap_md.xyz,550,0.1752653088,18.267854162044543,5.164751332,5.221850473,15.04620129,16,2.35871907025202,passed,2,P-5GPa_frame00000550_U0.175265.poscar,False,,,,,,,,0.9999190213
npt_pressure,5,,P-5GPa,Ta-potential/03-npt-round-1/md/P-5GPa/multi_nnap_md.xyz,601,0.1705255097,20.845847285827734,5.865073122,5.914563007,-3.245622046,16,2.325254167176637,passed,3,P-5GPa_frame00000601_U0.170526.poscar,False,,,,,,,,0.9999865631
npt_pressure,5,,P-5GPa,Ta-potential/03-npt-round-1/md/P-5GPa/multi_nnap_md.xyz,651,0.2510548629,18.960459926907994,6.139776025,6.246846803,11.51192807,16,2.304882712021468,passed,4,P-5GPa_frame00000651_U0.251055.poscar,False,,,,,,,,0.9999384473
npt_pressure,5,,P-5GPa,Ta-potential/03-npt-round-1/md/P-5GPa/multi_nnap_md.xyz,702,0.2005343682,18.917087784281208,5.906153403,6.191291058,9.666098997,16,2.2922697251381505,passed,5,P-5GPa_frame00000702_U0.200534.poscar,False,,,,,,,,0.9999246363
npt_pressure,5,,P-5GPa,Ta-potential/03-npt-round-1/md/P-5GPa/multi_nnap_md.xyz,754,0.1678370847,20.223073151716108,4.166351118,4.056395046,0.6408509208,16,2.4565865613051896,passed,6,P-5GPa_frame00000754_U0.167837.poscar,False,,,,,,,,0.9999651547
npt_pressure,5,,P-5GPa,Ta-potential/03-npt-round-1/md/P-5GPa/multi_nnap_md.xyz,804,0.1806880987,19.931307663685796,6.323371759,6.329920321,-0.6347585676,16,2.4119121080551644,passed,7,P-5GPa_frame00000804_U0.180688.poscar,True,97,cur-fill,0.003918540994,000097.poscar,4.316784731e-06,4.08768171e-07,0.9980950958,0.9999210931
npt_pressure,5,,P-5GPa,Ta-potential/03-npt-round-1/md/P-5GPa/multi_nnap_md.xyz,854,0.1685623171,19.048953508891593,4.609107385,4.664873154,7.123182411,16,2.383377845866538,passed,8,P-5GPa_frame00000854_U0.168562.poscar,False,,,,,,,,0.9998910906
npt_pressure,5,,P-5GPa,Ta-potential/03-npt-round-1/md/P-5GPa/multi_nnap_md.xyz,904,0.1936839738,20.196126072795398,6.121419319,6.123342868,2.434356083,16,2.324860864483253,passed,9,P-5GPa_frame00000904_U0.193684.poscar,False,,,,,,,,0.9999697715
npt_pressure,5,,P-5GPa,Ta-potential/03-npt-round-1/md/P-5GPa/multi_nnap_md.xyz,954,0.2119567383,19.78763955970074,4.428949633,4.322641348,-0.4496074048,16,2.4720051042252384,passed,10,P-5GPa_frame00000954_U0.211957.poscar,True,36,cur-fill,0.02053415147,000036.poscar,0.0005446215319,8.711877278e-05,0.9941121023,0.9998188664
npt_pressure,5,,P-5GPa,Ta-potential/03-npt-round-1/md/P-5GPa/multi_nnap_md.xyz,1004,0.1773517394,18.280536853689636,4.28404737,4.394002942,14.15506891,16,2.3607837890964367,passed,11,P-5GPa_frame00001004_U0.177352.poscar,False,,,,,,,,0.9999408714
npt_pressure,5,,P-5GPa,Ta-potential/03-npt-round-1/md/P-5GPa/multi_nnap_md.xyz,1056,0.1817242452,20.885348696095686,4.016972024,3.948925732,0.291607218,16,2.4588030582646367,passed,12,P-5GPa_frame00001056_U0.181724.poscar,False,,,,,,,,0.9999143506
npt_pressure,5,,P-5GPa,Ta-potential/03-npt-round-1/md/P-5GPa/multi_nnap_md.xyz,1106,0.2294159185,18.611856975202436,6.737857029,6.882432608,11.5824445,16,2.2755756299545613,passed,13,P-5GPa_frame00001106_U0.229416.poscar,False,,,,,,,,0.9999499111
npt_pressure,5,,P-5GPa,Ta-potential/03-npt-round-1/md/P-5GPa/multi_nnap_md.xyz,1160,0.1720146202,21.152810562639253,3.938732737,3.894690968,-2.967549544,16,2.4660342184788515,passed,14,P-5GPa_frame00001160_U0.172015.poscar,False,,,,,,,,0.9999534258
npt_pressure,5,,P-5GPa,Ta-potential/03-npt-round-1/md/P-5GPa/multi_nnap_md.xyz,1210,0.183278913,19.448523958705433,6.77398947,6.861690441,6.414201523,16,2.2661043785038686,passed,15,P-5GPa_frame00001210_U0.183279.poscar,True,24,cur-fill,0.01346926146,000024.poscar,0.002380792042,0.0002981190805,0.9978614331,0.9999339224
npt_pressure,5,,P-5GPa,Ta-potential/03-npt-round-1/md/P-5GPa/multi_nnap_md.xyz,1261,0.1873499233,20.323101182399206,5.620787692,5.845140934,1.16072901,16,2.3476284682590993,passed,16,P-5GPa_frame00001261_U0.187350.poscar,False,,,,,,,,0.9999530224
npt_pressure,5,,P-5GPa,Ta-potential/03-npt-round-1/md/P-5GPa/multi_nnap_md.xyz,1311,0.3052690018,20.299316493186495,6.518381826,6.748415138,3.643678611,16,2.237922975548068,passed,17,P-5GPa_frame00001311_U0.305269.poscar,True,77,cur-fill,0.01304874303,000077.poscar,4.316784731e-06,6.014148352e-07,0.9987421763,0.9999374408
npt_pressure,5,,P-5GPa,Ta-potential/03-npt-round-1/md/P-5GPa/multi_nnap_md.xyz,1365,0.1680620612,19.52578611219769,3.907476689,3.77995563,4.567540997,16,2.447691821113358,passed,18,P-5GPa_frame00001365_U0.168062.poscar,False,,,,,,,,0.9998800604
npt_pressure,5,,P-5GPa,Ta-potential/03-npt-round-1/md/P-5GPa/multi_nnap_md.xyz,1415,0.1691456882,19.809410287144143,3.70664829,3.734868761,-0.8561395789,16,2.4206422497220585,passed,19,P-5GPa_frame00001415_U0.169146.poscar,False,,,,,,,,0.9999250512
npt_pressure,5,,P-5GPa,Ta-potential/03-npt-round-1/md/P-5GPa/multi_nnap_md.xyz,1465,0.2263561933,18.526367438607863,4.407909021,4.43813101,18.11173973,16,2.237151326662384,passed,20,P-5GPa_frame00001465_U0.226356.poscar,False,,,,,,,,0.9999775744
npt_pressure,5,,P-5GPa,Ta-potential/03-npt-round-1/md/P-5GPa/multi_nnap_md.xyz,1515,0.2385729496,20.23369964221484,6.703532757,6.724290833,3.134681638,16,2.2745339603943395,passed,21,P-5GPa_frame00001515_U0.238573.poscar,False,,,,,,,,0.9999217242
npt_pressure,5,,P-5GPa,Ta-potential/03-npt-round-1/md/P-5GPa/multi_nnap_md.xyz,1565,0.1931940676,19.070113363812986,5.172965315,5.177248773,9.682100213,16,2.3468807699694483,passed,22,P-5GPa_frame00001565_U0.193194.poscar,True,73,cur-fill,0.02667780759,000073.poscar,6.291990705e-06,1.055326297e-06,0.9984423564,0.9999295141
npt_pressure,5,,P-5GPa,Ta-potential/03-npt-round-1/md/P-5GPa/multi_nnap_md.xyz,1616,0.1754545886,21.270835375677372,5.834163322,5.963432116,-4.306132999,16,2.352101322201023,passed,23,P-5GPa_frame00001616_U0.175455.poscar,False,,,,,,,,0.9999666387
npt_pressure,5,,P-5GPa,Ta-potential/03-npt-round-1/md/P-5GPa/multi_nnap_md.xyz,1666,0.1865115998,18.487743086719977,5.342401525,5.325778822,15.25874582,16,2.3748306873618894,passed,24,P-5GPa_frame00001666_U0.186512.poscar,False,,,,,,,,0.9999471002
npt_pressure,5,,P-5GPa,Ta-potential/03-npt-round-1/md/P-5GPa/multi_nnap_md.xyz,1716,0.2268576052,20.25244667753176,5.506543256,5.433023634,-0.4264544429,16,2.308432880149772,passed,25,P-5GPa_frame00001716_U0.226858.poscar,True,95,cur-fill,0.004234235348,000095.poscar,4.316784731e-06,3.242427843e-07,0.9983759473,0.9999484237
npt_pressure,5,,P-5GPa,Ta-potential/03-npt-round-1/md/P-5GPa/multi_nnap_md.xyz,1766,0.1827149109,18.521508950523273,6.109559441,6.183748445,12.48584875,16,2.4073148724893527,passed,26,P-5GPa_frame00001766_U0.182715.poscar,False,,,,,,,,0.9999181644
npt_pressure,5,,P-5GPa,Ta-potential/03-npt-round-1/md/P-5GPa/multi_nnap_md.xyz,1817,0.2018962864,21.067522778009398,5.062580824,4.957345458,-2.422722452,16,2.314562848035939,passed,27,P-5GPa_frame00001817_U0.201896.poscar,True,7,cur-fill,0.02701519405,000007.poscar,0.02738318712,0.004886389875,0.9846441539,0.9999394238
npt_pressure,5,,P-5GPa,Ta-potential/03-npt-round-1/md/P-5GPa/multi_nnap_md.xyz,1867,0.2605980299,19.013330877711656,7.164053035,7.207099817,16.5948494,16,2.2530695340620497,passed,28,P-5GPa_frame00001867_U0.260598.poscar,False,,,,,,,,0.9999182374
npt_pressure,5,,P-5GPa,Ta-potential/03-npt-round-1/md/P-5GPa/multi_nnap_md.xyz,1922,0.1949951482,19.097127373205026,5.931957336,5.928320385,9.423834915,16,2.246480085465684,passed,29,P-5GPa_frame00001922_U0.194995.poscar,True,57,cur-fill,0.01434689262,000057.poscar,5.102619233e-05,6.690165821e-06,0.9990926624,0.9999552256
npt_pressure,5,,P-5GPa,Ta-potential/03-npt-round-1/md/P-5GPa/multi_nnap_md.xyz,1972,0.1897469644,19.347108862940384,5.903920301,6.0002082,5.572612733,16,2.3298743230500967,passed,30,P-5GPa_frame00001972_U0.189747.poscar,False,,,,,,,,0.9999267088
npt_pressure,5,,P-5GPa,Ta-potential/03-npt-round-1/md/P-5GPa/multi_nnap_md.xyz,2022,0.4074405598,20.05829141613463,6.946299582,7.118862727,10.49071228,16,2.023151103032503,passed,31,P-5GPa_frame00002022_U0.407441.poscar,True,48,cur-fill,0.02862429188,000048.poscar,0.0001331738975,3.023354954e-05,0.9932907484,0.9999398652
npt_pressure,5,,P-5GPa,Ta-potential/03-npt-round-1/md/P-5GPa/multi_nnap_md.xyz,2072,0.3546639955,20.927027415932404,6.803394361,7.023293207,1.174347577,16,2.2831416851715978,passed,32,P-5GPa_frame00002072_U0.354664.poscar,False,,,,,,,,0.9999650433
npt_pressure,5,,P-5GPa,Ta-potential/03-npt-round-1/md/P-5GPa/multi_nnap_md.xyz,2122,0.1670978714,20.69260306247902,3.752073848,3.638895879,-3.872012433,16,2.4837354324013106,passed,33,P-5GPa_frame00002122_U0.167098.poscar,False,,,,,,,,0.9999445071
npt_pressure,5,,P-5GPa,Ta-potential/03-npt-round-1/md/P-5GPa/multi_nnap_md.xyz,2172,0.1827739451,18.13206803111453,6.087825611,6.117630515,14.98934558,16,2.256456717698648,passed,34,P-5GPa_frame00002172_U0.182774.poscar,False,,,,,,,,0.9999482428
npt_pressure,5,,P-5GPa,Ta-potential/03-npt-round-1/md/P-5GPa/multi_nnap_md.xyz,2222,0.1803417711,20.735394495980678,4.619303102,4.605623522,-3.275575711,16,2.4921255645629072,passed,35,P-5GPa_frame00002222_U0.180342.poscar,False,,,,,,,,0.9999787353
npt_pressure,5,,P-5GPa,Ta-potential/03-npt-round-1/md/P-5GPa/multi_nnap_md.xyz,2272,0.1942137623,18.74924566546499,5.084977352,5.271773274,14.94735779,16,2.298674770136832,passed,36,P-5GPa_frame00002272_U0.194214.poscar,False,,,,,,,,0.9999746781
npt_pressure,5,,P-5GPa,Ta-potential/03-npt-round-1/md/P-5GPa/multi_nnap_md.xyz,2322,0.3990472473,19.722263650108665,7.516071361,7.521694811,2.444268601,16,2.0802375743697494,passed,37,P-5GPa_frame00002322_U0.399047.poscar,True,65,cur-fill,0.01551848962,000065.poscar,1.941467898e-05,2.95320349e-06,0.9985465761,0.9999611982
npt_pressure,5,,P-5GPa,Ta-potential/03-npt-round-1/md/P-5GPa/multi_nnap_md.xyz,2375,0.2493589607,19.546974214883356,6.378863192,6.39685505,9.578774262,16,2.2719629625299107,passed,38,P-5GPa_frame00002375_U0.249359.poscar,False,,,,,,,,0.9999649881
npt_pressure,5,,P-5GPa,Ta-potential/03-npt-round-1/md/P-5GPa/multi_nnap_md.xyz,2425,0.2438871961,19.619810910611122,6.170659413,5.975378846,8.354041122,16,2.35047268937109,passed,39,P-5GPa_frame00002425_U0.243887.poscar,False,,,,,,,,0.9999167327
npt_pressure,5,,P-5GPa,Ta-potential/03-npt-round-1/md/P-5GPa/multi_nnap_md.xyz,2475,0.1822742358,21.481728739204428,4.885139922,4.808113417,-2.206576885,16,2.389357514710105,passed,40,P-5GPa_frame00002475_U0.182274.poscar,True,53,cur-fill,0.02546041928,000053.poscar,8.10243519e-05,1.68905429e-05,0.9977291304,0.9999696561
npt_pressure,5,,P-5GPa,Ta-potential/03-npt-round-1/md/P-5GPa/multi_nnap_md.xyz,2525,0.2186367604,19.945204625178135,5.749788214,5.636062159,8.781678276,16,2.2245441559079326,passed,41,P-5GPa_frame00002525_U0.218637.poscar,False,,,,,,,,0.9999565208
npt_pressure,5,,P-5GPa,Ta-potential/03-npt-round-1/md/P-5GPa/multi_nnap_md.xyz,2579,0.1802633417,20.063287791958427,4.645275151,4.72666218,1.332146094,16,2.373888784672684,passed,42,P-5GPa_frame00002579_U0.180263.poscar,False,,,,,,,,0.9999681259
npt_pressure,5,,P-5GPa,Ta-potential/03-npt-round-1/md/P-5GPa/multi_nnap_md.xyz,2629,0.2155751774,18.775220687110522,4.838829983,4.992587859,15.80773105,16,2.444196527060785,passed,43,P-5GPa_frame00002629_U0.215575.poscar,False,,,,,,,,0.9999699459
npt_pressure,5,,P-5GPa,Ta-potential/03-npt-round-1/md/P-5GPa/multi_nnap_md.xyz,2679,0.174949795,21.237263934246734,4.331208227,4.209840969,-4.086682592,16,2.3136563012129048,passed,44,P-5GPa_frame00002679_U0.174950.poscar,True,66,cur-fill,0.02405195854,000066.poscar,1.522808418e-05,3.190222598e-06,0.9983274778,0.9999722445
npt_pressure,5,,P-5GPa,Ta-potential/03-npt-round-1/md/P-5GPa/multi_nnap_md.xyz,2730,0.2152353582,18.388116118166376,5.788464581,5.841150315,15.56965984,16,2.406698796183458,passed,45,P-5GPa_frame00002730_U0.215235.poscar,False,,,,,,,,0.9999160985
npt_pressure,5,,P-5GPa,Ta-potential/03-npt-round-1/md/P-5GPa/multi_nnap_md.xyz,2780,0.2230101111,20.28925138632541,5.212248943,5.271638541,0.9266098692,16,2.2322355611031575,passed,46,P-5GPa_frame00002780_U0.223010.poscar,False,,,,,,,,0.9999659032
npt_pressure,5,,P-5GPa,Ta-potential/03-npt-round-1/md/P-5GPa/multi_nnap_md.xyz,2830,0.3160841902,18.68489552646955,5.778664719,6.104373104,16.69283219,16,2.293564023025909,passed,47,P-5GPa_frame00002830_U0.316084.poscar,True,59,cur-fill,0.019619212,000059.poscar,3.567826584e-05,6.399230023e-06,0.99719241,0.9999467057
npt_pressure,5,,P-5GPa,Ta-potential/03-npt-round-1/md/P-5GPa/multi_nnap_md.xyz,2883,0.2099040233,21.756854150190374,5.549620454,5.568078325,-4.570127986,16,2.1977241800120377,passed,48,P-5GPa_frame00002883_U0.209904.poscar,False,,,,,,,,0.9999658179
npt_pressure,5,,P-5GPa,Ta-potential/03-npt-round-1/md/P-5GPa/multi_nnap_md.xyz,2933,0.1671678528,19.179510472125692,7.116634249,7.15482129,6.323743177,16,2.2648037125784906,passed,49,P-5GPa_frame00002933_U0.167168.poscar,False,,,,,,,,0.9999242587
npt_pressure,5,,P-5GPa,Ta-potential/03-npt-round-1/md/P-5GPa/multi_nnap_md.xyz,2983,0.2243699301,19.91894751317446,5.194239271,5.26711615,0.1978653663,16,2.530257687818133,passed,50,P-5GPa_frame00002983_U0.224370.poscar,False,,,,,,,,0.9998774585
npt_pressure,5,,P-5GPa,Ta-potential/03-npt-round-1/md/P-5GPa/multi_nnap_md.xyz,3033,0.1719984901,18.411175296299497,4.114438933,4.165752562,12.87229409,16,2.4338273359427354,passed,51,P-5GPa_frame00003033_U0.171998.poscar,True,13,cur-fill,0.01883183675,000013.poscar,0.0108040441,0.001591297643,0.9805456581,0.9999552613
npt_pressure,5,,P-5GPa,Ta-potential/03-npt-round-1/md/P-5GPa/multi_nnap_md.xyz,3088,0.1784498835,18.606821343220254,4.128935197,4.17201211,12.65057431,16,2.338022059371901,passed,52,P-5GPa_frame00003088_U0.178450.poscar,False,,,,,,,,0.9999418947
npt_pressure,5,,P-5GPa,Ta-potential/03-npt-round-1/md/P-5GPa/multi_nnap_md.xyz,3138,0.2278689939,19.67474804765938,5.143628294,5.272524524,4.523790082,16,2.217811793554378,passed,53,P-5GPa_frame00003138_U0.227869.poscar,False,,,,,,,,0.999942188
npt_pressure,5,,P-5GPa,Ta-potential/03-npt-round-1/md/P-5GPa/multi_nnap_md.xyz,3192,0.2228078399,19.22869416900212,5.659059947,5.783812021,10.03693616,16,2.1688886829135554,passed,54,P-5GPa_frame00003192_U0.222808.poscar,False,,,,,,,,0.9999215891
npt_pressure,5,,P-5GPa,Ta-potential/03-npt-round-1/md/P-5GPa/multi_nnap_md.xyz,3242,0.1843322995,20.178030445570062,5.444205932,5.504551048,-0.9818954411,16,2.3090967254203556,passed,55,P-5GPa_frame00003242_U0.184332.poscar,False,,,,,,,,0.9999421669
npt_pressure,5,,P-5GPa,Ta-potential/03-npt-round-1/md/P-5GPa/multi_nnap_md.xyz,3292,0.1909108474,20.114473642351772,4.453706588,4.594041825,-1.770873121,16,2.427418678175639,passed,56,P-5GPa_frame00003292_U0.190911.poscar,False,,,,,,,,0.9999026397
npt_pressure,5,,P-5GPa,Ta-potential/03-npt-round-1/md/P-5GPa/multi_nnap_md.xyz,3343,0.1675014117,18.941674731637487,5.107830395,5.082550958,9.451116581,16,2.396113702277812,passed,57,P-5GPa_frame00003343_U0.167501.poscar,False,,,,,,,,0.9999349836
npt_pressure,5,,P-5GPa,Ta-potential/03-npt-round-1/md/P-5GPa/multi_nnap_md.xyz,3393,0.227705811,20.833267442689273,6.189383367,6.398482921,-5.792132626,16,2.2836909577738504,passed,58,P-5GPa_frame00003393_U0.227706.poscar,True,85,cur-fill,0.005531461701,000085.poscar,4.316784731e-06,3.576062653e-07,0.9975434411,0.9999133147
npt_pressure,5,,P-5GPa,Ta-potential/03-npt-round-1/md/P-5GPa/multi_nnap_md.xyz,3443,0.184904717,18.332473137278534,5.744629278,5.961325059,14.30626892,16,2.372965598467739,passed,59,P-5GPa_frame00003443_U0.184905.poscar,False,,,,,,,,0.9999436353
npt_pressure,5,,P-5GPa,Ta-potential/03-npt-round-1/md/P-5GPa/multi_nnap_md.xyz,3493,0.209469213,23.322051729905024,4.682754583,4.781842632,-10.54048635,16,2.299048705488007,passed,60,P-5GPa_frame00003493_U0.209469.poscar,True,11,cur-fill,0.03625885119,000011.poscar,0.01319590151,0.003540913154,0.9935931158,0.9999278379
npt_pressure,5,,P-5GPa,Ta-potential/03-npt-round-1/md/P-5GPa/multi_nnap_md.xyz,3543,0.2688832814,17.723917261244164,6.655950431,6.440226833,26.74850182,16,2.247956103957988,passed,61,P-5GPa_frame00003543_U0.268883.poscar,False,,,,,,,,0.9999688804
npt_pressure,5,,P-5GPa,Ta-potential/03-npt-round-1/md/P-5GPa/multi_nnap_md.xyz,3594,0.1731175487,19.422729023382164,4.085344076,3.973789516,4.076534321,16,2.4541770380221277,passed,62,P-5GPa_frame00003594_U0.173118.poscar,False,,,,,,,,0.9998499366
npt_pressure,5,,P-5GPa,Ta-potential/03-npt-round-1/md/P-5GPa/multi_nnap_md.xyz,3644,0.2017741968,20.11486413696704,4.656703295,4.805267154,7.575177668,16,2.320871958882808,passed,63,P-5GPa_frame00003644_U0.201774.poscar,True,60,cur-fill,0.01515734398,000060.poscar,3.332716688e-05,5.13390156e-06,0.9978530805,0.9999596063
npt_pressure,5,,P-5GPa,Ta-potential/03-npt-round-1/md/P-5GPa/multi_nnap_md.xyz,3695,0.2497687744,20.120380437151933,5.509282638,5.479414352,2.96888451,16,2.3417517614552867,passed,64,P-5GPa_frame00003695_U0.249769.poscar,False,,,,,,,,0.9999446205
npt_pressure,5,,P-5GPa,Ta-potential/03-npt-round-1/md/P-5GPa/multi_nnap_md.xyz,3745,0.2023376132,19.322628355147774,5.802331917,5.964730397,6.9823858,16,2.1520264839945167,passed,65,P-5GPa_frame00003745_U0.202338.poscar,False,,,,,,,,0.9999235367
npt_pressure,5,,P-5GPa,Ta-potential/03-npt-round-1/md/P-5GPa/multi_nnap_md.xyz,3795,0.1917110446,21.570064799693345,5.566789121,5.619885385,1.540370647,16,2.2958464441455746,passed,66,P-5GPa_frame00003795_U0.191711.poscar,True,31,cur-fill,0.01501579189,000031.poscar,0.001005832099,0.0001816543309,0.9933233351,0.999977259
npt_pressure,5,,P-5GPa,Ta-potential/03-npt-round-1/md/P-5GPa/multi_nnap_md.xyz,3845,0.3559915003,20.44998650880047,5.274807541,5.071660981,8.212040964,16,2.066877160747445,passed,67,P-5GPa_frame00003845_U0.355992.poscar,False,,,,,,,,0.9999832994
npt_pressure,5,,P-5GPa,Ta-potential/03-npt-round-1/md/P-5GPa/multi_nnap_md.xyz,3895,0.3756802041,21.44527844846538,8.212954028,8.432891236,2.20987811,16,2.2500951709368415,passed,68,P-5GPa_frame00003895_U0.375680.poscar,False,,,,,,,,0.9999429929
npt_pressure,5,,P-5GPa,Ta-potential/03-npt-round-1/md/P-5GPa/multi_nnap_md.xyz,3945,0.4145359652,20.07313622405932,7.927903043,7.786236687,12.3199886,16,2.2910187427549853,passed,69,P-5GPa_frame00003945_U0.414536.poscar,True,16,cur-fill,0.02104337822,000016.poscar,0.007125214997,0.001221987309,0.9911574361,0.9999164163
npt_pressure,5,,P-5GPa,Ta-potential/03-npt-round-1/md/P-5GPa/multi_nnap_md.xyz,3995,0.2247047952,21.49584295205583,5.892939278,5.899563566,4.17326288,16,2.387343192636433,passed,70,P-5GPa_frame00003995_U0.224705.poscar,False,,,,,,,,0.9999744009
npt_pressure,5,,P-5GPa,Ta-potential/03-npt-round-1/md/P-5GPa/multi_nnap_md.xyz,4045,0.2274362293,20.537806774833477,5.697125547,5.535145996,8.700013083,16,2.2748913960824977,passed,71,P-5GPa_frame00004045_U0.227436.poscar,True,23,cur-fill,0.01833036353,000023.poscar,0.002677002665,0.0005822555465,0.9932636673,0.9999339051
npt_pressure,5,,P-5GPa,Ta-potential/03-npt-round-1/md/P-5GPa/multi_nnap_md.xyz,4097,0.1669932856,21.990084137982276,5.877082205,6.002266442,-2.780350368,16,2.33060058313041,passed,72,P-5GPa_frame00004097_U0.166993.poscar,False,,,,,,,,0.9999599326
npt_pressure,5,,P-5GPa,Ta-potential/03-npt-round-1/md/P-5GPa/multi_nnap_md.xyz,4147,0.184647499,20.550759933494117,5.800709834,5.643349348,3.292449128,16,2.2797116619490376,passed,73,P-5GPa_frame00004147_U0.184647.poscar,False,,,,,,,,0.9999719887
npt_pressure,5,,P-5GPa,Ta-potential/03-npt-round-1/md/P-5GPa/multi_nnap_md.xyz,4197,0.1705047455,19.90166571992738,5.598957945,5.45496058,7.102661381,16,2.380772173823212,passed,74,P-5GPa_frame00004197_U0.170505.poscar,True,38,cur-fill,0.01900844945,000038.poscar,0.0004470661722,6.876876927e-05,0.9961276121,0.9999480837
npt_pressure,5,,P-5GPa,Ta-potential/03-npt-round-1/md/P-5GPa/multi_nnap_md.xyz,4249,0.1859773222,19.651532809370252,4.064289509,4.04140576,1.758993847,16,2.442695527619497,passed,75,P-5GPa_frame00004249_U0.185977.poscar,False,,,,,,,,0.9999083935
npt_pressure,5,,P-5GPa,Ta-potential/03-npt-round-1/md/P-5GPa/multi_nnap_md.xyz,4299,0.2075808006,19.47250754196671,4.894601984,4.84756789,7.615117514,16,2.390377255796123,passed,76,P-5GPa_frame00004299_U0.207581.poscar,False,,,,,,,,0.9999226718
npt_pressure,5,,P-5GPa,Ta-potential/03-npt-round-1/md/P-5GPa/multi_nnap_md.xyz,4349,0.1916408903,20.251605256979147,4.946270822,4.861876649,0.3101121348,16,2.3868426548246027,passed,77,P-5GPa_frame00004349_U0.191641.poscar,True,52,cur-fill,0.02161361456,000052.poscar,8.564151887e-05,1.708285664e-05,0.9985261481,0.9999675608
npt_pressure,5,,P-5GPa,Ta-potential/03-npt-round-1/md/P-5GPa/multi_nnap_md.xyz,4399,0.1730453137,19.074835223864994,3.854458435,3.900475344,6.077572886,16,2.4297526420936677,passed,78,P-5GPa_frame00004399_U0.173045.poscar,False,,,,,,,,0.9998137374
npt_pressure,5,,P-5GPa,Ta-potential/03-npt-round-1/md/P-5GPa/multi_nnap_md.xyz,4449,0.1755979723,19.483700281897477,5.055915561,4.955267604,4.006417437,16,2.358834746935853,passed,79,P-5GPa_frame00004449_U0.175598.poscar,False,,,,,,,,0.9999290478
npt_pressure,5,,P-5GPa,Ta-potential/03-npt-round-1/md/P-5GPa/multi_nnap_md.xyz,4499,0.1871228989,19.096185407555815,4.854176593,4.8154486,12.55550684,16,2.3855080222574285,passed,80,P-5GPa_frame00004499_U0.187123.poscar,False,,,,,,,,0.9999744178
npt_pressure,5,,P-5GPa,Ta-potential/03-npt-round-1/md/P-5GPa/multi_nnap_md.xyz,4552,0.1737946827,19.544342959286016,4.10558801,4.213071168,3.137320657,16,2.4336306360698554,passed,81,P-5GPa_frame00004552_U0.173795.poscar,False,,,,,,,,0.9999162943
npt_pressure,5,,P-5GPa,Ta-potential/03-npt-round-1/md/P-5GPa/multi_nnap_md.xyz,4602,0.2215992485,19.48883726539837,6.068238316,6.4567467,8.293507531,16,2.125912258830518,passed,82,P-5GPa_frame00004602_U0.221599.poscar,True,86,cur-fill,0.005511475977,000086.poscar,4.316784731e-06,6.214339244e-07,0.9987927778,0.9999532652
npt_pressure,5,,P-5GPa,Ta-potential/03-npt-round-1/md/P-5GPa/multi_nnap_md.xyz,4652,0.5424698523,18.304389357299605,8.042900151,8.140063914,19.09581374,16,2.1116465940846005,passed,83,P-5GPa_frame00004652_U0.542470.poscar,False,,,,,,,,0.9999436579
npt_pressure,5,,P-5GPa,Ta-potential/03-npt-round-1/md/P-5GPa/multi_nnap_md.xyz,4706,0.1706497063,19.772812150799524,5.847402329,5.801194429,4.398162981,16,2.3061547767668173,passed,84,P-5GPa_frame00004706_U0.170650.poscar,False,,,,,,,,0.9999147733
npt_pressure,5,,P-5GPa,Ta-potential/03-npt-round-1/md/P-5GPa/multi_nnap_md.xyz,4756,0.3784444702,19.90552001939309,4.698665469,5.014407062,10.57247909,16,2.2112357093037063,passed,85,P-5GPa_frame00004756_U0.378444.poscar,True,50,cur-fill,0.01973462106,000050.poscar,0.0001104551117,2.253312788e-05,0.9988828855,0.9999844144
npt_pressure,5,,P-5GPa,Ta-potential/03-npt-round-1/md/P-5GPa/multi_nnap_md.xyz,4806,0.3512588709,20.090833227663108,5.096232922,5.125543492,10.33235683,16,2.1560263192388245,passed,86,P-5GPa_frame00004806_U0.351259.poscar,False,,,,,,,,0.9999678242
npt_pressure,5,,P-5GPa,Ta-potential/03-npt-round-1/md/P-5GPa/multi_nnap_md.xyz,4856,0.2686400646,21.789317129984614,4.821098295,4.650714546,-1.801056693,16,2.2372431208432957,passed,87,P-5GPa_frame00004856_U0.268640.poscar,True,44,cur-fill,0.03205264241,000044.poscar,0.0002066182454,4.91461089e-05,0.9964057247,0.9999583338
npt_pressure,5,,P-5GPa,Ta-potential/03-npt-round-1/md/P-5GPa/multi_nnap_md.xyz,4906,0.3077792804,20.24608792662165,7.813434928,7.811035022,10.27141993,16,2.1227379658456815,passed,88,P-5GPa_frame00004906_U0.307779.poscar,False,,,,,,,,0.9999594729
npt_pressure,5,,P-5GPa,Ta-potential/03-npt-round-1/md/P-5GPa/multi_nnap_md.xyz,4956,0.3728671017,20.965220624275414,6.843845199,6.598372672,5.674688553,16,1.979810758287745,passed,89,P-5GPa_frame00004956_U0.372867.poscar,True,12,cur-fill,0.01331422277,000012.poscar,0.01260647319,0.002152737127,0.9927437725,0.9999636848
npt_pressure,10,,P-10GPa,Ta-potential/03-npt-round-1/md/P-10GPa/multi_nnap_md.xyz,503,0.1884563249,18.465193873197727,5.502496869,5.647533518,13.28090658,16,2.319442155590794,passed,1,P-10GPa_frame00000503_U0.188456.poscar,False,,,,,,,,0.9999322978
npt_pressure,10,,P-10GPa,Ta-potential/03-npt-round-1/md/P-10GPa/multi_nnap_md.xyz,553,0.2059868112,19.31942384492891,5.883912882,6.046311618,5.868832842,16,2.170114448304508,passed,2,P-10GPa_frame00000553_U0.205987.poscar,False,,,,,,,,0.9999214192
npt_pressure,10,,P-10GPa,Ta-potential/03-npt-round-1/md/P-10GPa/multi_nnap_md.xyz,603,0.2639926282,18.539269823346302,5.562503105,5.583846144,15.05715276,16,2.3842492791635133,passed,3,P-10GPa_frame00000603_U0.263993.poscar,True,18,cur-fill,0.01878844026,000018.poscar,0.005160454201,0.0007395337081,0.9944454454,0.9998973752
npt_pressure,10,,P-10GPa,Ta-potential/03-npt-round-1/md/P-10GPa/multi_nnap_md.xyz,657,0.193741663,19.31863760870487,4.486481008,4.58852695,5.410624001,16,2.394003662957042,passed,4,P-10GPa_frame00000657_U0.193742.poscar,False,,,,,,,,0.999906263
npt_pressure,10,,P-10GPa,Ta-potential/03-npt-round-1/md/P-10GPa/multi_nnap_md.xyz,710,0.167110675,20.111127757321775,5.324121227,5.370725857,2.302298291,16,2.2773384888572576,passed,5,P-10GPa_frame00000710_U0.167111.poscar,False,,,,,,,,0.9999355277
npt_pressure,10,,P-10GPa,Ta-potential/03-npt-round-1/md/P-10GPa/multi_nnap_md.xyz,761,0.1785349711,19.436405454802557,4.833844592,4.941291938,7.945421554,16,2.299098629727693,passed,6,P-10GPa_frame00000761_U0.178535.poscar,False,,,,,,,,0.9999442154
npt_pressure,10,,P-10GPa,Ta-potential/03-npt-round-1/md/P-10GPa/multi_nnap_md.xyz,813,0.1737106511,18.43443842520108,5.980714053,5.921036489,12.54341342,16,2.337193075383034,passed,7,P-10GPa_frame00000813_U0.173711.poscar,False,,,,,,,,0.9999470495
npt_pressure,10,,P-10GPa,Ta-potential/03-npt-round-1/md/P-10GPa/multi_nnap_md.xyz,864,0.1792996234,19.781061357789962,5.632935615,5.588668952,0.6413006029,16,2.377948109277013,passed,8,P-10GPa_frame00000864_U0.179300.poscar,False,,,,,,,,0.9998881248
npt_pressure,10,,P-10GPa,Ta-potential/03-npt-round-1/md/P-10GPa/multi_nnap_md.xyz,914,0.2632212449,18.103533310281616,7.533083523,7.821057185,16.22127995,16,2.1962085784592036,passed,9,P-10GPa_frame00000914_U0.263221.poscar,False,,,,,,,,0.9999309671
npt_pressure,10,,P-10GPa,Ta-potential/03-npt-round-1/md/P-10GPa/multi_nnap_md.xyz,964,0.232533654,19.741413999620885,5.349766383,5.308149374,3.733350111,16,2.3668368404080247,passed,10,P-10GPa_frame00000964_U0.232534.poscar,False,,,,,,,,0.9999152553
npt_pressure,10,,P-10GPa,Ta-potential/03-npt-round-1/md/P-10GPa/multi_nnap_md.xyz,1015,0.1846853101,19.638120050728237,6.24260972,6.292246739,8.072229749,16,2.2965461623817895,passed,11,P-10GPa_frame00001015_U0.184685.poscar,False,,,,,,,,0.9999126266
npt_pressure,10,,P-10GPa,Ta-potential/03-npt-round-1/md/P-10GPa/multi_nnap_md.xyz,1065,0.2888864189,18.456118372364195,7.014095819,6.904473531,17.44760371,16,2.260520339032755,passed,12,P-10GPa_frame00001065_U0.288886.poscar,True,75,cur-fill,0.01486748115,000075.poscar,4.316784731e-06,5.608833951e-07,0.9979647378,0.9999644103
npt_pressure,10,,P-10GPa,Ta-potential/03-npt-round-1/md/P-10GPa/multi_nnap_md.xyz,1115,0.2059160809,19.109649801699543,4.336673266,4.448670317,1.513451976,16,2.409147363042562,passed,13,P-10GPa_frame00001115_U0.205916.poscar,False,,,,,,,,0.9998107167
npt_pressure,10,,P-10GPa,Ta-potential/03-npt-round-1/md/P-10GPa/multi_nnap_md.xyz,1165,0.2007053989,17.94869905724828,6.799175644,6.807705756,15.98304878,16,2.396583789511792,passed,14,P-10GPa_frame00001165_U0.200705.poscar,False,,,,,,,,0.9999149692
npt_pressure,10,,P-10GPa,Ta-potential/03-npt-round-1/md/P-10GPa/multi_nnap_md.xyz,1215,0.2095253433,19.839882342701006,3.954967311,4.003644219,5.869978972,16,2.4033610176010813,passed,15,P-10GPa_frame00001215_U0.209525.poscar,False,,,,,,,,0.999909191
npt_pressure,10,,P-10GPa,Ta-potential/03-npt-round-1/md/P-10GPa/multi_nnap_md.xyz,1265,0.3812641843,19.67352532394866,6.311445405,6.354692358,10.84528361,16,2.06773647502997,passed,16,P-10GPa_frame00001265_U0.381264.poscar,True,37,cur-fill,0.02569187088,000037.poscar,0.0004854702677,0.0001148231763,0.995382019,0.9999533935
npt_pressure,10,,P-10GPa,Ta-potential/03-npt-round-1/md/P-10GPa/multi_nnap_md.xyz,1317,0.1718520518,18.311701017981132,5.865411629,5.908155645,12.9492443,16,2.3342763944142497,passed,17,P-10GPa_frame00001317_U0.171852.poscar,False,,,,,,,,0.9999762879
npt_pressure,10,,P-10GPa,Ta-potential/03-npt-round-1/md/P-10GPa/multi_nnap_md.xyz,1369,0.2053342136,18.346525133116117,5.670033672,5.729047946,13.60876408,16,2.2980763965016906,passed,18,P-10GPa_frame00001369_U0.205334.poscar,False,,,,,,,,0.9999171111
npt_pressure,10,,P-10GPa,Ta-potential/03-npt-round-1/md/P-10GPa/multi_nnap_md.xyz,1419,0.2499155456,19.308222529981386,5.736235588,5.643878116,4.484253975,16,2.399129586159109,passed,19,P-10GPa_frame00001419_U0.249916.poscar,False,,,,,,,,0.9999365868
npt_pressure,10,,P-10GPa,Ta-potential/03-npt-round-1/md/P-10GPa/multi_nnap_md.xyz,1469,0.1982759194,18.219745889110943,5.556088785,5.559903708,15.0744193,16,2.311679860176235,passed,20,P-10GPa_frame00001469_U0.198276.poscar,False,,,,,,,,0.9999812105
npt_pressure,10,,P-10GPa,Ta-potential/03-npt-round-1/md/P-10GPa/multi_nnap_md.xyz,1519,0.3782367398,19.586799008245478,7.585830584,7.316770323,11.31491639,16,2.1852424840925764,passed,21,P-10GPa_frame00001519_U0.378237.poscar,False,,,,,,,,0.9999696368
npt_pressure,10,,P-10GPa,Ta-potential/03-npt-round-1/md/P-10GPa/multi_nnap_md.xyz,1569,0.2177978418,18.198380947151556,5.080439095,4.990706413,17.2743092,16,2.2569102472992206,passed,22,P-10GPa_frame00001569_U0.217798.poscar,False,,,,,,,,0.9999526909
npt_pressure,10,,P-10GPa,Ta-potential/03-npt-round-1/md/P-10GPa/multi_nnap_md.xyz,1623,0.1885221398,18.564583733120692,4.726151415,4.757556558,13.28646696,16,2.4011065591504934,passed,23,P-10GPa_frame00001623_U0.188522.poscar,False,,,,,,,,0.9999519829
npt_pressure,10,,P-10GPa,Ta-potential/03-npt-round-1/md/P-10GPa/multi_nnap_md.xyz,1673,0.1781409524,19.643029277160228,5.568275135,5.510708345,6.393094258,16,2.375700541658494,passed,24,P-10GPa_frame00001673_U0.178141.poscar,False,,,,,,,,0.9999110726
npt_pressure,10,,P-10GPa,Ta-potential/03-npt-round-1/md/P-10GPa/multi_nnap_md.xyz,1723,0.2842054239,18.11958902622789,6.448481784,6.555826766,20.70401194,16,2.230132650557939,passed,25,P-10GPa_frame00001723_U0.284205.poscar,False,,,,,,,,0.9999720759
npt_pressure,10,,P-10GPa,Ta-potential/03-npt-round-1/md/P-10GPa/multi_nnap_md.xyz,1773,0.2318364006,19.970224009700534,7.050899589,7.121685952,2.370342261,16,2.2759916214363898,passed,26,P-10GPa_frame00001773_U0.231836.poscar,False,,,,,,,,0.9999389909
npt_pressure,10,,P-10GPa,Ta-potential/03-npt-round-1/md/P-10GPa/multi_nnap_md.xyz,1823,0.1790090926,18.31399064946789,3.873032843,3.950110642,13.75550895,16,2.413044480867899,passed,27,P-10GPa_frame00001823_U0.179009.poscar,False,,,,,,,,0.9999240915
npt_pressure,10,,P-10GPa,Ta-potential/03-npt-round-1/md/P-10GPa/multi_nnap_md.xyz,1873,0.2169210281,19.268127245399587,6.037360855,6.03816784,5.211888695,16,2.432752996540506,passed,28,P-10GPa_frame00001873_U0.216921.poscar,False,,,,,,,,0.9999246617
npt_pressure,10,,P-10GPa,Ta-potential/03-npt-round-1/md/P-10GPa/multi_nnap_md.xyz,1923,0.1855807816,19.292342610288642,5.555371387,5.514836198,10.52312714,16,2.2889707150678618,passed,29,P-10GPa_frame00001923_U0.185581.poscar,False,,,,,,,,0.9999502106
npt_pressure,10,,P-10GPa,Ta-potential/03-npt-round-1/md/P-10GPa/multi_nnap_md.xyz,1973,0.272739835,19.407035042840977,6.181974388,6.248090678,11.24584542,16,2.283284193615809,passed,30,P-10GPa_frame00001973_U0.272740.poscar,False,,,,,,,,0.9999649061
npt_pressure,10,,P-10GPa,Ta-potential/03-npt-round-1/md/P-10GPa/multi_nnap_md.xyz,2023,0.1735009021,18.694411902057656,4.707905243,4.838668471,7.824544449,16,2.451133063714778,passed,31,P-10GPa_frame00002023_U0.173501.poscar,False,,,,,,,,0.9998671315
npt_pressure,10,,P-10GPa,Ta-potential/03-npt-round-1/md/P-10GPa/multi_nnap_md.xyz,2073,0.4461441184,19.550147219436074,7.334497399,7.166434225,12.60236976,16,2.1145997381956803,passed,32,P-10GPa_frame00002073_U0.446144.poscar,True,72,cur-fill,0.02810593495,000072.poscar,7.121192023e-06,1.239437175e-06,0.9988110061,0.9999368831
npt_pressure,10,,P-10GPa,Ta-potential/03-npt-round-1/md/P-10GPa/multi_nnap_md.xyz,2123,0.3405786452,19.04899973791948,6.909753033,6.840658247,9.745192548,16,2.0918943656860742,passed,33,P-10GPa_frame00002123_U0.340579.poscar,False,,,,,,,,0.9999419639
npt_pressure,10,,P-10GPa,Ta-potential/03-npt-round-1/md/P-10GPa/multi_nnap_md.xyz,2173,0.225153664,19.720255833003893,6.222250935,6.117962599,8.507524631,16,2.3355687270090635,passed,34,P-10GPa_frame00002173_U0.225154.poscar,False,,,,,,,,0.9999545786
npt_pressure,10,,P-10GPa,Ta-potential/03-npt-round-1/md/P-10GPa/multi_nnap_md.xyz,2223,0.2212956825,18.604783463320153,6.699374346,6.85850292,7.761258517,16,2.31409839455293,passed,35,P-10GPa_frame00002223_U0.221296.poscar,True,54,cur-fill,0.01879315849,000054.poscar,6.91950523e-05,1.233154705e-05,0.9986692675,0.9999346228
npt_pressure,10,,P-10GPa,Ta-potential/03-npt-round-1/md/P-10GPa/multi_nnap_md.xyz,2273,0.2054886333,19.063458179108558,6.018063317,5.843178569,15.47354301,16,2.3761065520495164,passed,36,P-10GPa_frame00002273_U0.205489.poscar,False,,,,,,,,0.9999551669
npt_pressure,10,,P-10GPa,Ta-potential/03-npt-round-1/md/P-10GPa/multi_nnap_md.xyz,2323,0.2765034513,20.0050439475697,6.721259423,7.060526252,5.369864418,16,2.19240228298437,passed,37,P-10GPa_frame00002323_U0.276503.poscar,False,,,,,,,,0.9999349118
npt_pressure,10,,P-10GPa,Ta-potential/03-npt-round-1/md/P-10GPa/multi_nnap_md.xyz,2374,0.1686161392,19.105385113442658,4.472954249,4.572652054,7.264186913,16,2.3765815684821217,passed,38,P-10GPa_frame00002374_U0.168616.poscar,False,,,,,,,,0.9999503548
npt_pressure,10,,P-10GPa,Ta-potential/03-npt-round-1/md/P-10GPa/multi_nnap_md.xyz,2424,0.1704016518,18.102730930985814,5.638992899,5.850387586,16.2869873,16,2.367207309328181,passed,39,P-10GPa_frame00002424_U0.170402.poscar,False,,,,,,,,0.9999131966
npt_pressure,10,,P-10GPa,Ta-potential/03-npt-round-1/md/P-10GPa/multi_nnap_md.xyz,2476,0.1678493254,20.74428266264512,5.569115994,5.457580304,0.4221638028,16,2.2917621121310003,passed,40,P-10GPa_frame00002476_U0.167849.poscar,False,,,,,,,,0.9999551678
npt_pressure,10,,P-10GPa,Ta-potential/03-npt-round-1/md/P-10GPa/multi_nnap_md.xyz,2526,0.2364409082,18.099040451468284,6.095840953,6.189768216,20.4617339,16,2.2585404460708873,passed,41,P-10GPa_frame00002526_U0.236441.poscar,False,,,,,,,,0.9999813034
npt_pressure,10,,P-10GPa,Ta-potential/03-npt-round-1/md/P-10GPa/multi_nnap_md.xyz,2579,0.1742545144,17.328201037732196,4.396207996,4.336282852,22.00376435,16,2.4359957786489486,passed,42,P-10GPa_frame00002579_U0.174255.poscar,False,,,,,,,,0.9998913296
npt_pressure,10,,P-10GPa,Ta-potential/03-npt-round-1/md/P-10GPa/multi_nnap_md.xyz,2629,0.2331139477,20.33307684780927,5.52273172,5.43891102,4.105581956,16,2.1226111882807137,passed,43,P-10GPa_frame00002629_U0.233114.poscar,False,,,,,,,,0.9999445041
npt_pressure,10,,P-10GPa,Ta-potential/03-npt-round-1/md/P-10GPa/multi_nnap_md.xyz,2679,0.3171250826,18.812580075662208,7.393747713,7.1879511,12.36117404,16,2.141094413466511,passed,44,P-10GPa_frame00002679_U0.317125.poscar,False,,,,,,,,0.9999532143
npt_pressure,10,,P-10GPa,Ta-potential/03-npt-round-1/md/P-10GPa/multi_nnap_md.xyz,2734,0.192264417,18.84630210302333,4.790277052,4.852383407,10.33466687,16,2.309904532600478,passed,45,P-10GPa_frame00002734_U0.192264.poscar,False,,,,,,,,0.9999391937
npt_pressure,10,,P-10GPa,Ta-potential/03-npt-round-1/md/P-10GPa/multi_nnap_md.xyz,2784,0.2374986548,19.601744952364445,5.619988441,5.347663001,7.756575205,16,2.284394178499872,passed,46,P-10GPa_frame00002784_U0.237499.poscar,True,30,cur-fill,0.02238557192,000030.poscar,0.001214214843,0.0002162350017,0.9984992881,0.9999810616
npt_pressure,10,,P-10GPa,Ta-potential/03-npt-round-1/md/P-10GPa/multi_nnap_md.xyz,2834,0.2459530111,17.879003078320387,5.94065572,5.841017888,19.74311765,16,2.4132528224346306,passed,47,P-10GPa_frame00002834_U0.245953.poscar,False,,,,,,,,0.9999314145
npt_pressure,10,,P-10GPa,Ta-potential/03-npt-round-1/md/P-10GPa/multi_nnap_md.xyz,2884,0.2074740267,19.014392007026093,5.595633005,5.684037556,12.15655926,16,2.359455807732596,passed,48,P-10GPa_frame00002884_U0.207474.poscar,False,,,,,,,,0.9999631913
npt_pressure,10,,P-10GPa,Ta-potential/03-npt-round-1/md/P-10GPa/multi_nnap_md.xyz,2934,0.2232441175,18.846798125725506,3.664279895,3.702866522,13.43549087,16,2.4155662743742545,passed,49,P-10GPa_frame00002934_U0.223244.poscar,True,51,cur-fill,0.02257227162,000051.poscar,9.689742068e-05,1.611602484e-05,0.9970524987,0.9999452212
npt_pressure,10,,P-10GPa,Ta-potential/03-npt-round-1/md/P-10GPa/multi_nnap_md.xyz,2997,0.1699015582,18.87551510427214,4.436618248,4.462883355,3.810682457,16,2.4179646280637863,passed,50,P-10GPa_frame00002997_U0.169902.poscar,False,,,,,,,,0.9998419915
npt_pressure,10,,P-10GPa,Ta-potential/03-npt-round-1/md/P-10GPa/multi_nnap_md.xyz,3047,0.3020064307,18.161032079464057,7.04861861,7.084709694,15.53048906,16,2.189674232050008,passed,51,P-10GPa_frame00003047_U0.302006.poscar,False,,,,,,,,0.9999549884
npt_pressure,10,,P-10GPa,Ta-potential/03-npt-round-1/md/P-10GPa/multi_nnap_md.xyz,3097,0.1738083616,19.044170715107494,5.001185053,5.104273546,7.449037664,16,2.3563621948769047,passed,52,P-10GPa_frame00003097_U0.173808.poscar,False,,,,,,,,0.9999323154
npt_pressure,10,,P-10GPa,Ta-potential/03-npt-round-1/md/P-10GPa/multi_nnap_md.xyz,3147,0.2282926178,19.68873586475675,7.333907225,7.389607919,8.159790216,16,2.283789606178822,passed,53,P-10GPa_frame00003147_U0.228293.poscar,False,,,,,,,,0.9999178256
npt_pressure,10,,P-10GPa,Ta-potential/03-npt-round-1/md/P-10GPa/multi_nnap_md.xyz,3197,0.3770657414,19.438559479763214,6.989903501,7.145001546,13.95700891,16,2.2169398068388513,passed,54,P-10GPa_frame00003197_U0.377066.poscar,True,55,cur-fill,0.01973554485,000055.poscar,6.610285296e-05,1.063954636e-05,0.9985601308,0.9999575594
npt_pressure,10,,P-10GPa,Ta-potential/03-npt-round-1/md/P-10GPa/multi_nnap_md.xyz,3247,0.1997379932,19.375709547298563,4.734704059,4.580281465,8.316503622,16,2.4893194476492244,passed,55,P-10GPa_frame00003247_U0.199738.poscar,False,,,,,,,,0.9999409209
npt_pressure,10,,P-10GPa,Ta-potential/03-npt-round-1/md/P-10GPa/multi_nnap_md.xyz,3297,0.4593263402,18.835014086109084,8.389022804,8.427274369,10.71876019,16,2.073969027511223,passed,56,P-10GPa_frame00003297_U0.459326.poscar,False,,,,,,,,0.9999478796
npt_pressure,10,,P-10GPa,Ta-potential/03-npt-round-1/md/P-10GPa/multi_nnap_md.xyz,3347,0.2898686802,17.707015210911564,6.94286568,6.964735534,25.59220468,16,2.1514487909577986,passed,57,P-10GPa_frame00003347_U0.289869.poscar,False,,,,,,,,0.9999797586
npt_pressure,10,,P-10GPa,Ta-potential/03-npt-round-1/md/P-10GPa/multi_nnap_md.xyz,3397,0.2022635752,19.714344670057976,4.58282543,4.713374689,1.999481314,16,2.430484243562427,passed,58,P-10GPa_frame00003397_U0.202264.poscar,False,,,,,,,,0.999885768
npt_pressure,10,,P-10GPa,Ta-potential/03-npt-round-1/md/P-10GPa/multi_nnap_md.xyz,3447,0.2433403309,18.93590868180584,6.409835303,6.587099466,10.27678728,16,2.279394295606626,passed,59,P-10GPa_frame00003447_U0.243340.poscar,False,,,,,,,,0.9999504969
npt_pressure,10,,P-10GPa,Ta-potential/03-npt-round-1/md/P-10GPa/multi_nnap_md.xyz,3499,0.1894503357,19.029371696886123,4.105454414,4.20087639,8.128101387,16,2.413697123967883,passed,60,P-10GPa_frame00003499_U0.189450.poscar,False,,,,,,,,0.999881395
npt_pressure,10,,P-10GPa,Ta-potential/03-npt-round-1/md/P-10GPa/multi_nnap_md.xyz,3549,0.1717310125,19.29968319275437,5.411801355,5.35031975,6.097922029,16,2.3860794760608015,passed,61,P-10GPa_frame00003549_U0.171731.poscar,False,,,,,,,,0.9998504838
npt_pressure,10,,P-10GPa,Ta-potential/03-npt-round-1/md/P-10GPa/multi_nnap_md.xyz,3601,0.170949395,19.77624109760724,4.570936489,4.502443157,1.696102425,16,2.402990464155191,passed,62,P-10GPa_frame00003601_U0.170949.poscar,True,91,cur-fill,0.004733315516,000091.poscar,4.316784731e-06,3.53523429e-07,0.9993332729,0.9998819881
npt_pressure,10,,P-10GPa,Ta-potential/03-npt-round-1/md/P-10GPa/multi_nnap_md.xyz,3656,0.2176296787,18.999583106060722,6.885127051,6.902804055,7.181043031,16,2.250493746190062,passed,63,P-10GPa_frame00003656_U0.217630.poscar,False,,,,,,,,0.9999303672
npt_pressure,10,,P-10GPa,Ta-potential/03-npt-round-1/md/P-10GPa/multi_nnap_md.xyz,3706,0.199282028,18.47169438981177,5.153336904,5.370438602,12.95649521,16,2.297842009111543,passed,64,P-10GPa_frame00003706_U0.199282.poscar,False,,,,,,,,0.9999699279
npt_pressure,10,,P-10GPa,Ta-potential/03-npt-round-1/md/P-10GPa/multi_nnap_md.xyz,3758,0.1918648023,18.66041381031402,5.502196598,5.410781864,9.470837996,16,2.3579532519325537,passed,65,P-10GPa_frame00003758_U0.191865.poscar,False,,,,,,,,0.999958633
npt_pressure,10,,P-10GPa,Ta-potential/03-npt-round-1/md/P-10GPa/multi_nnap_md.xyz,3808,0.2444671652,19.076745213438546,7.869140109,8.065819644,11.12158479,16,2.210739246661093,passed,66,P-10GPa_frame00003808_U0.244467.poscar,False,,,,,,,,0.999950435
npt_pressure,10,,P-10GPa,Ta-potential/03-npt-round-1/md/P-10GPa/multi_nnap_md.xyz,3858,0.2148543203,19.411893048367112,5.128173005,5.196186087,9.805285538,16,2.417163077166447,passed,67,P-10GPa_frame00003858_U0.214854.poscar,True,63,cur-fill,0.02363399945,000063.poscar,2.377714349e-05,4.198440068e-06,0.9983532403,0.9999362378
npt_pressure,10,,P-10GPa,Ta-potential/03-npt-round-1/md/P-10GPa/multi_nnap_md.xyz,3908,0.2113700973,18.93646947420932,5.261078783,5.152915505,10.40843641,16,2.4313459480902697,passed,68,P-10GPa_frame00003908_U0.211370.poscar,False,,,,,,,,0.9999516015
npt_pressure,10,,P-10GPa,Ta-potential/03-npt-round-1/md/P-10GPa/multi_nnap_md.xyz,3960,0.1712156367,19.277398103558056,5.30842951,5.555690025,6.710230445,16,2.3671945646645476,passed,69,P-10GPa_frame00003960_U0.171216.poscar,False,,,,,,,,0.9999263024
npt_pressure,10,,P-10GPa,Ta-potential/03-npt-round-1/md/P-10GPa/multi_nnap_md.xyz,4010,0.188516991,19.13234713239695,5.604137634,5.475520056,7.460646374,16,2.288944927735425,passed,70,P-10GPa_frame00004010_U0.188517.poscar,False,,,,,,,,0.9999006791
npt_pressure,10,,P-10GPa,Ta-potential/03-npt-round-1/md/P-10GPa/multi_nnap_md.xyz,4062,0.1676380036,19.520761744801927,5.595496442,5.651126064,2.721089614,16,2.2573353146747603,passed,71,P-10GPa_frame00004062_U0.167638.poscar,False,,,,,,,,0.9998429903
npt_pressure,10,,P-10GPa,Ta-potential/03-npt-round-1/md/P-10GPa/multi_nnap_md.xyz,4112,0.1961625517,17.915867006398592,5.359052453,5.516541733,18.66120106,16,2.372075287358412,passed,72,P-10GPa_frame00004112_U0.196163.poscar,False,,,,,,,,0.9999226726
npt_pressure,10,,P-10GPa,Ta-potential/03-npt-round-1/md/P-10GPa/multi_nnap_md.xyz,4162,0.287314881,19.053136108422738,5.227214824,5.229532548,9.960745812,16,2.1132754862998557,passed,73,P-10GPa_frame00004162_U0.287315.poscar,True,49,cur-fill,0.03338436276,000049.poscar,0.0001274079192,2.585092791e-05,0.9982219321,0.9999707931
npt_pressure,10,,P-10GPa,Ta-potential/03-npt-round-1/md/P-10GPa/multi_nnap_md.xyz,4212,0.18583958,18.766286377403933,5.244200854,5.206398974,7.116991574,16,2.3630342248354346,passed,74,P-10GPa_frame00004212_U0.185840.poscar,False,,,,,,,,0.9998679299
npt_pressure,10,,P-10GPa,Ta-potential/03-npt-round-1/md/P-10GPa/multi_nnap_md.xyz,4262,0.168887819,18.885413241165782,4.638847929,4.645903267,9.565447603,16,2.378262027392513,passed,75,P-10GPa_frame00004262_U0.168888.poscar,False,,,,,,,,0.999945043
npt_pressure,10,,P-10GPa,Ta-potential/03-npt-round-1/md/P-10GPa/multi_nnap_md.xyz,4312,0.2220197118,20.232710990309084,5.42445877,5.505993069,3.278604924,16,2.3877796999172904,passed,76,P-10GPa_frame00004312_U0.222020.poscar,False,,,,,,,,0.9999790552
npt_pressure,10,,P-10GPa,Ta-potential/03-npt-round-1/md/P-10GPa/multi_nnap_md.xyz,4362,0.2313621277,18.09964563322301,5.435179908,5.56837025,20.07377204,16,2.4038076673006463,passed,77,P-10GPa_frame00004362_U0.231362.poscar,False,,,,,,,,0.9999008008
npt_pressure,10,,P-10GPa,Ta-potential/03-npt-round-1/md/P-10GPa/multi_nnap_md.xyz,4412,0.1670562957,18.39655449377243,4.784170973,4.778977574,11.12438013,16,2.3349920879510604,passed,78,P-10GPa_frame00004412_U0.167056.poscar,False,,,,,,,,0.9999570726
npt_pressure,10,,P-10GPa,Ta-potential/03-npt-round-1/md/P-10GPa/multi_nnap_md.xyz,4462,0.1802023026,18.439471863634427,6.3531134,6.315185841,12.81060363,16,2.3778982284584855,passed,79,P-10GPa_frame00004462_U0.180202.poscar,False,,,,,,,,0.999937308
npt_pressure,10,,P-10GPa,Ta-potential/03-npt-round-1/md/P-10GPa/multi_nnap_md.xyz,4514,0.168607442,19.130606109109443,5.178998166,5.265441069,10.07237075,16,2.386715793518333,passed,80,P-10GPa_frame00004514_U0.168607.poscar,True,26,cur-fill,0.01482354047,000026.poscar,0.002030918845,0.0002575538052,0.996080235,0.9999404743
npt_pressure,10,,P-10GPa,Ta-potential/03-npt-round-1/md/P-10GPa/multi_nnap_md.xyz,4565,0.2030186616,19.763280756818048,5.264663566,5.278135824,2.081430639,16,2.423574132019114,passed,81,P-10GPa_frame00004565_U0.203019.poscar,False,,,,,,,,0.9998658953
npt_pressure,10,,P-10GPa,Ta-potential/03-npt-round-1/md/P-10GPa/multi_nnap_md.xyz,4618,0.1717524923,18.918914214364765,3.698605209,3.617479587,9.282536023,16,2.501685097789033,passed,82,P-10GPa_frame00004618_U0.171752.poscar,False,,,,,,,,0.9999264857
npt_pressure,10,,P-10GPa,Ta-potential/03-npt-round-1/md/P-10GPa/multi_nnap_md.xyz,4670,0.1794863265,18.64013419485374,5.570419792,5.434872901,10.11754934,16,2.3974008374858196,passed,83,P-10GPa_frame00004670_U0.179486.poscar,False,,,,,,,,0.9999730146
npt_pressure,10,,P-10GPa,Ta-potential/03-npt-round-1/md/P-10GPa/multi_nnap_md.xyz,4720,0.2387200117,18.397377449508618,5.461392564,5.563041992,13.5560287,16,2.4007153829637327,passed,84,P-10GPa_frame00004720_U0.238720.poscar,False,,,,,,,,0.999941528
npt_pressure,10,,P-10GPa,Ta-potential/03-npt-round-1/md/P-10GPa/multi_nnap_md.xyz,4770,0.2502891514,20.236735446463438,5.283256621,5.276871129,6.405241027,16,2.2768601951730663,passed,85,P-10GPa_frame00004770_U0.250289.poscar,True,80,cur-fill,0.009701223444,000080.poscar,4.316784731e-06,5.045247198e-07,0.9990540613,0.9999025278
npt_pressure,10,,P-10GPa,Ta-potential/03-npt-round-1/md/P-10GPa/multi_nnap_md.xyz,4820,0.2529058489,18.428960009613476,6.0091794,5.892215597,20.80280672,16,2.3291504866803785,passed,86,P-10GPa_frame00004820_U0.252906.poscar,False,,,,,,,,0.9999842753
npt_pressure,10,,P-10GPa,Ta-potential/03-npt-round-1/md/P-10GPa/multi_nnap_md.xyz,4874,0.1884211214,18.674828371232287,4.905131408,4.915082032,12.76252704,16,2.3751853595543926,passed,87,P-10GPa_frame00004874_U0.188421.poscar,False,,,,,,,,0.9998947508
npt_pressure,10,,P-10GPa,Ta-potential/03-npt-round-1/md/P-10GPa/multi_nnap_md.xyz,4924,0.186078511,19.402967510671463,4.046066856,4.169268601,6.270826846,16,2.4764130353228855,passed,88,P-10GPa_frame00004924_U0.186079.poscar,False,,,,,,,,0.9999181221
npt_pressure,10,,P-10GPa,Ta-potential/03-npt-round-1/md/P-10GPa/multi_nnap_md.xyz,4974,0.1875077447,18.55287755365304,5.261223305,5.253440073,10.6062481,16,2.300060137071545,passed,89,P-10GPa_frame00004974_U0.187508.poscar,False,,,,,,,,0.9999413972
npt_pressure,20,,P-20GPa,Ta-potential/03-npt-round-1/md/P-20GPa/multi_nnap_md.xyz,500,0.2139418811,18.244839382852998,4.909429826,4.771561892,11.11779619,16,2.3519739919129368,passed,1,P-20GPa_frame00000500_U0.213942.poscar,False,,,,,,,,0.9999977359
npt_pressure,20,,P-20GPa,Ta-potential/03-npt-round-1/md/P-20GPa/multi_nnap_md.xyz,550,0.3173278311,17.423349375756505,6.931291581,6.856015216,31.12711752,16,2.1864287795016146,passed,2,P-20GPa_frame00000550_U0.317328.poscar,False,,,,,,,,0.9999196016
npt_pressure,20,,P-20GPa,Ta-potential/03-npt-round-1/md/P-20GPa/multi_nnap_md.xyz,600,0.1943452243,18.178199633234932,6.130661511,6.163462461,19.85363912,16,2.405428447318216,passed,3,P-20GPa_frame00000600_U0.194345.poscar,False,,,,,,,,0.9999631222
npt_pressure,20,,P-20GPa,Ta-potential/03-npt-round-1/md/P-20GPa/multi_nnap_md.xyz,651,0.1851410991,17.592916761263673,5.152246795,5.170792559,19.62857733,16,2.4014066650377295,passed,4,P-20GPa_frame00000651_U0.185141.poscar,False,,,,,,,,0.9999091675
npt_pressure,20,,P-20GPa,Ta-potential/03-npt-round-1/md/P-20GPa/multi_nnap_md.xyz,701,0.2209096268,17.928887098020866,6.551806774,6.407197593,19.003846,16,2.298019039698233,passed,5,P-20GPa_frame00000701_U0.220910.poscar,False,,,,,,,,0.9999244139
npt_pressure,20,,P-20GPa,Ta-potential/03-npt-round-1/md/P-20GPa/multi_nnap_md.xyz,751,0.2963463824,17.916201262461122,6.688866141,7.056626922,20.84156226,16,2.245529168752006,passed,6,P-20GPa_frame00000751_U0.296346.poscar,False,,,,,,,,0.9999021655
npt_pressure,20,,P-20GPa,Ta-potential/03-npt-round-1/md/P-20GPa/multi_nnap_md.xyz,801,0.3479104678,17.577404031651344,7.468183713,7.474480557,29.62211151,16,2.124378285981861,passed,7,P-20GPa_frame00000801_U0.347910.poscar,False,,,,,,,,0.999801858
npt_pressure,20,,P-20GPa,Ta-potential/03-npt-round-1/md/P-20GPa/multi_nnap_md.xyz,851,0.18932308,17.651053494640415,6.374645344,6.547723682,23.41329346,16,2.28676341469428,passed,8,P-20GPa_frame00000851_U0.189323.poscar,False,,,,,,,,0.9998396965
npt_pressure,20,,P-20GPa,Ta-potential/03-npt-round-1/md/P-20GPa/multi_nnap_md.xyz,901,0.2057344279,17.786631869069012,6.474772533,6.581848518,16.82259402,16,2.207065998046547,passed,9,P-20GPa_frame00000901_U0.205734.poscar,False,,,,,,,,0.9999168267
npt_pressure,20,,P-20GPa,Ta-potential/03-npt-round-1/md/P-20GPa/multi_nnap_md.xyz,954,0.1771061488,18.081958821407948,6.625163268,6.596454097,15.91383855,16,2.3410777008056143,passed,10,P-20GPa_frame00000954_U0.177106.poscar,False,,,,,,,,0.9999276956
npt_pressure,20,,P-20GPa,Ta-potential/03-npt-round-1/md/P-20GPa/multi_nnap_md.xyz,1007,0.1699051366,17.909001562162683,4.479878611,4.418277891,17.00477224,16,2.384882031437261,passed,11,P-20GPa_frame00001007_U0.169905.poscar,False,,,,,,,,0.9999192017
npt_pressure,20,,P-20GPa,Ta-potential/03-npt-round-1/md/P-20GPa/multi_nnap_md.xyz,1057,0.2506343019,17.523621529964323,5.521247995,5.542165501,23.20678512,16,2.2702812304679494,passed,12,P-20GPa_frame00001057_U0.250634.poscar,False,,,,,,,,0.9998818312
npt_pressure,20,,P-20GPa,Ta-potential/03-npt-round-1/md/P-20GPa/multi_nnap_md.xyz,1107,0.1737698594,17.808091650025233,5.273126917,5.468108132,23.37401256,16,2.3876079359369937,passed,13,P-20GPa_frame00001107_U0.173770.poscar,False,,,,,,,,0.999935788
npt_pressure,20,,P-20GPa,Ta-potential/03-npt-round-1/md/P-20GPa/multi_nnap_md.xyz,1157,0.2101010429,17.638706051824432,6.007057753,6.101192071,23.24300254,16,2.281052044906709,passed,14,P-20GPa_frame00001157_U0.210101.poscar,False,,,,,,,,0.9998924548
npt_pressure,20,,P-20GPa,Ta-potential/03-npt-round-1/md/P-20GPa/multi_nnap_md.xyz,1207,0.1857492567,17.806088827688235,5.023760182,5.005755617,20.56757446,16,2.3405026117532413,passed,15,P-20GPa_frame00001207_U0.185749.poscar,False,,,,,,,,0.9998957362
npt_pressure,20,,P-20GPa,Ta-potential/03-npt-round-1/md/P-20GPa/multi_nnap_md.xyz,1257,0.1956161164,18.295783149644073,4.350593687,4.325666587,14.1700238,16,2.466309962201409,passed,16,P-20GPa_frame00001257_U0.195616.poscar,False,,,,,,,,0.9999339497
npt_pressure,20,,P-20GPa,Ta-potential/03-npt-round-1/md/P-20GPa/multi_nnap_md.xyz,1312,0.2032369064,17.532142728303292,6.543674624,6.698478527,22.14896007,16,2.3536451419795967,passed,17,P-20GPa_frame00001312_U0.203237.poscar,False,,,,,,,,0.999892894
npt_pressure,20,,P-20GPa,Ta-potential/03-npt-round-1/md/P-20GPa/multi_nnap_md.xyz,1363,0.1729749599,17.933567211938406,4.867482513,4.892185952,16.16453184,16,2.416121595075934,passed,18,P-20GPa_frame00001363_U0.172975.poscar,False,,,,,,,,0.9999629529
npt_pressure,20,,P-20GPa,Ta-potential/03-npt-round-1/md/P-20GPa/multi_nnap_md.xyz,1413,0.4788840846,18.577930012808277,8.454416407,8.686113171,16.3889125,16,2.203050914794744,passed,19,P-20GPa_frame00001413_U0.478884.poscar,False,,,,,,,,0.9999061792
npt_pressure,20,,P-20GPa,Ta-potential/03-npt-round-1/md/P-20GPa/multi_nnap_md.xyz,1463,0.3300898793,17.786118722951457,7.824789398,7.809918681,29.18938745,16,2.1898364534177355,passed,20,P-20GPa_frame00001463_U0.330090.poscar,False,,,,,,,,0.9998280697
npt_pressure,20,,P-20GPa,Ta-potential/03-npt-round-1/md/P-20GPa/multi_nnap_md.xyz,1513,0.2240920595,17.509025776012823,7.229077786,7.198485001,23.44554205,16,2.1976838339204803,passed,21,P-20GPa_frame00001513_U0.224092.poscar,False,,,,,,,,0.9998752653
npt_pressure,20,,P-20GPa,Ta-potential/03-npt-round-1/md/P-20GPa/multi_nnap_md.xyz,1570,0.1894013526,16.564628214238617,6.268854328,6.455434326,34.91346073,16,2.2376479916935867,passed,22,P-20GPa_frame00001570_U0.189401.poscar,False,,,,,,,,0.9998065793
npt_pressure,20,,P-20GPa,Ta-potential/03-npt-round-1/md/P-20GPa/multi_nnap_md.xyz,1620,0.2087343496,18.697485854828777,5.497699632,5.653847023,13.86004618,16,2.2738939154859423,passed,23,P-20GPa_frame00001620_U0.208734.poscar,False,,,,,,,,0.9999642757
npt_pressure,20,,P-20GPa,Ta-potential/03-npt-round-1/md/P-20GPa/multi_nnap_md.xyz,1670,0.3781622546,18.569912929883433,6.738037819,6.644299458,13.76705175,16,2.2247484803860034,passed,24,P-20GPa_frame00001670_U0.378162.poscar,False,,,,,,,,0.999906368
npt_pressure,20,,P-20GPa,Ta-potential/03-npt-round-1/md/P-20GPa/multi_nnap_md.xyz,1720,0.2125552099,17.04480802956285,5.152973678,5.273067054,28.79581319,16,2.2473206973016144,passed,25,P-20GPa_frame00001720_U0.212555.poscar,False,,,,,,,,0.9997684443
npt_pressure,20,,P-20GPa,Ta-potential/03-npt-round-1/md/P-20GPa/multi_nnap_md.xyz,1776,0.1730364623,17.024342741104462,4.960156393,4.925495493,27.87523804,16,2.3941015965317094,passed,26,P-20GPa_frame00001776_U0.173036.poscar,False,,,,,,,,0.9999355163
npt_pressure,20,,P-20GPa,Ta-potential/03-npt-round-1/md/P-20GPa/multi_nnap_md.xyz,1827,0.2049414904,16.87685461460584,5.465817297,5.656908911,29.34830003,16,2.3550814831475386,passed,27,P-20GPa_frame00001827_U0.204941.poscar,False,,,,,,,,0.9999471606
npt_pressure,20,,P-20GPa,Ta-potential/03-npt-round-1/md/P-20GPa/multi_nnap_md.xyz,1877,0.3414385719,18.07900935439679,7.777429974,7.805400308,26.00343033,16,2.228001402069764,passed,28,P-20GPa_frame00001877_U0.341439.poscar,True,82,cur-fill,0.009521137587,000082.poscar,4.316784731e-06,5.290323483e-07,0.9929165039,0.9999403541
npt_pressure,20,,P-20GPa,Ta-potential/03-npt-round-1/md/P-20GPa/multi_nnap_md.xyz,1927,0.3315054889,19.347193533104637,7.154323891,7.330469006,7.312213368,16,2.274407594734407,passed,29,P-20GPa_frame00001927_U0.331505.poscar,False,,,,,,,,0.999930159
npt_pressure,20,,P-20GPa,Ta-potential/03-npt-round-1/md/P-20GPa/multi_nnap_md.xyz,1979,0.1777714335,19.412375534074755,5.098012609,5.053950591,4.589069294,16,2.4781806969280056,passed,30,P-20GPa_frame00001979_U0.177771.poscar,False,,,,,,,,0.9998732547
npt_pressure,20,,P-20GPa,Ta-potential/03-npt-round-1/md/P-20GPa/multi_nnap_md.xyz,2029,0.1951641625,16.90329632322597,6.822667532,7.073960168,31.24200269,16,2.211019210975448,passed,31,P-20GPa_frame00002029_U0.195164.poscar,False,,,,,,,,0.9998470229
npt_pressure,20,,P-20GPa,Ta-potential/03-npt-round-1/md/P-20GPa/multi_nnap_md.xyz,2080,0.1690632272,16.773043909730767,6.378635086,6.47723424,29.53425437,16,2.2295058270858013,passed,32,P-20GPa_frame00002080_U0.169063.poscar,False,,,,,,,,0.9999364149
npt_pressure,20,,P-20GPa,Ta-potential/03-npt-round-1/md/P-20GPa/multi_nnap_md.xyz,2132,0.1749893415,17.842017484994116,6.583490509,6.594877973,16.22394344,16,2.3685278923367936,passed,33,P-20GPa_frame00002132_U0.174989.poscar,False,,,,,,,,0.9999579102
npt_pressure,20,,P-20GPa,Ta-potential/03-npt-round-1/md/P-20GPa/multi_nnap_md.xyz,2182,0.29086086,17.5095796867548,5.416284342,5.349746721,30.77642115,16,2.3142955415311612,passed,34,P-20GPa_frame00002182_U0.290861.poscar,False,,,,,,,,0.9998952789
npt_pressure,20,,P-20GPa,Ta-potential/03-npt-round-1/md/P-20GPa/multi_nnap_md.xyz,2232,0.2354841277,17.577194322299203,5.402037591,5.480894231,28.13099408,16,2.2738170552151336,passed,35,P-20GPa_frame00002232_U0.235484.poscar,False,,,,,,,,0.9999399451
npt_pressure,20,,P-20GPa,Ta-potential/03-npt-round-1/md/P-20GPa/multi_nnap_md.xyz,2285,0.1902646541,16.99839810437061,6.60558119,6.66393071,29.98648891,16,2.3392207684496773,passed,36,P-20GPa_frame00002285_U0.190265.poscar,False,,,,,,,,0.9998306764
npt_pressure,20,,P-20GPa,Ta-potential/03-npt-round-1/md/P-20GPa/multi_nnap_md.xyz,2339,0.1737255645,17.15765396822999,4.708828504,4.724776953,24.37792868,16,2.3476014458245267,passed,37,P-20GPa_frame00002339_U0.173726.poscar,False,,,,,,,,0.9998393567
npt_pressure,20,,P-20GPa,Ta-potential/03-npt-round-1/md/P-20GPa/multi_nnap_md.xyz,2389,0.1836722756,18.732511377315415,5.136731974,5.307228562,13.72257982,16,2.380853425884075,passed,38,P-20GPa_frame00002389_U0.183672.poscar,False,,,,,,,,0.9999641655
npt_pressure,20,,P-20GPa,Ta-potential/03-npt-round-1/md/P-20GPa/multi_nnap_md.xyz,2439,0.2193369643,18.440939159309863,5.922171086,5.936179703,16.33592186,16,2.2644541139261403,passed,39,P-20GPa_frame00002439_U0.219337.poscar,True,62,cur-fill,0.01455844967,000062.poscar,2.474745594e-05,3.559697443e-06,0.9967736523,0.9999415286
npt_pressure,20,,P-20GPa,Ta-potential/03-npt-round-1/md/P-20GPa/multi_nnap_md.xyz,2489,0.1896836213,17.80104220331665,3.79414974,3.829620148,22.40365069,16,2.4087737949880648,passed,40,P-20GPa_frame00002489_U0.189684.poscar,False,,,,,,,,0.9999643922
npt_pressure,20,,P-20GPa,Ta-potential/03-npt-round-1/md/P-20GPa/multi_nnap_md.xyz,2539,0.1768580957,18.484146157555106,4.197768055,4.293757512,13.4937624,16,2.4317408831688203,passed,41,P-20GPa_frame00002539_U0.176858.poscar,False,,,,,,,,0.999934608
npt_pressure,20,,P-20GPa,Ta-potential/03-npt-round-1/md/P-20GPa/multi_nnap_md.xyz,2589,0.2177575238,17.80229250650949,5.845072214,5.466601732,22.37102938,16,2.3623688616929326,passed,42,P-20GPa_frame00002589_U0.217758.poscar,False,,,,,,,,0.9999257686
npt_pressure,20,,P-20GPa,Ta-potential/03-npt-round-1/md/P-20GPa/multi_nnap_md.xyz,2644,0.1679444331,18.30427980940291,4.717318934,4.751410145,13.05130042,16,2.5229367883706155,passed,43,P-20GPa_frame00002644_U0.167944.poscar,False,,,,,,,,0.9999434537
npt_pressure,20,,P-20GPa,Ta-potential/03-npt-round-1/md/P-20GPa/multi_nnap_md.xyz,2694,0.2408359932,18.794952891362417,5.2280161,5.109388223,13.13044121,16,2.334370597356982,passed,44,P-20GPa_frame00002694_U0.240836.poscar,False,,,,,,,,0.9999679192
npt_pressure,20,,P-20GPa,Ta-potential/03-npt-round-1/md/P-20GPa/multi_nnap_md.xyz,2744,0.3485112697,17.272050122245183,7.347410781,7.063129491,33.62762896,16,2.2450026026681154,passed,45,P-20GPa_frame00002744_U0.348511.poscar,False,,,,,,,,0.9999043847
npt_pressure,20,,P-20GPa,Ta-potential/03-npt-round-1/md/P-20GPa/multi_nnap_md.xyz,2794,0.6373670801,16.888059288862724,9.572620345,8.75157871,29.06950324,16,1.9701681796203923,passed,46,P-20GPa_frame00002794_U0.637367.poscar,True,79,cur-fill,0.01122824139,000079.poscar,4.316784731e-06,9.119550132e-07,0.9881284566,0.9997447071
npt_pressure,20,,P-20GPa,Ta-potential/03-npt-round-1/md/P-20GPa/multi_nnap_md.xyz,2844,0.1911972304,18.722992785575695,4.789346728,4.840133608,8.688104494,16,2.4061887172893903,passed,47,P-20GPa_frame00002844_U0.191197.poscar,False,,,,,,,,0.9999516079
npt_pressure,20,,P-20GPa,Ta-potential/03-npt-round-1/md/P-20GPa/multi_nnap_md.xyz,2894,0.2062641652,17.920358612893207,7.203444621,7.216622368,21.88586418,16,2.328812439110098,passed,48,P-20GPa_frame00002894_U0.206264.poscar,False,,,,,,,,0.9997971846
npt_pressure,20,,P-20GPa,Ta-potential/03-npt-round-1/md/P-20GPa/multi_nnap_md.xyz,2944,0.2119469793,17.286610089249073,5.114968647,5.139307716,29.93670152,16,2.3671613356174412,passed,49,P-20GPa_frame00002944_U0.211947.poscar,False,,,,,,,,0.9997917292
npt_pressure,20,,P-20GPa,Ta-potential/03-npt-round-1/md/P-20GPa/multi_nnap_md.xyz,2994,0.3828274207,17.892123109364213,6.416229046,6.406939731,22.26864357,16,1.979746102633544,passed,50,P-20GPa_frame00002994_U0.382827.poscar,True,64,cur-fill,0.02421431877,000064.poscar,1.989334994e-05,3.42638834e-06,0.9972255117,0.9999606438
npt_pressure,20,,P-20GPa,Ta-potential/03-npt-round-1/md/P-20GPa/multi_nnap_md.xyz,3044,0.2357755853,18.38664143148612,7.766765636,8.098281773,9.62620974,16,2.25830236130314,passed,51,P-20GPa_frame00003044_U0.235776.poscar,False,,,,,,,,0.999972728
npt_pressure,20,,P-20GPa,Ta-potential/03-npt-round-1/md/P-20GPa/multi_nnap_md.xyz,3094,0.1892169264,17.408337042056694,5.716442036,5.640472778,22.32572115,16,2.3805668222535155,passed,52,P-20GPa_frame00003094_U0.189217.poscar,False,,,,,,,,0.9999179423
npt_pressure,20,,P-20GPa,Ta-potential/03-npt-round-1/md/P-20GPa/multi_nnap_md.xyz,3145,0.2532425354,18.028886470747025,6.32519834,6.28036735,18.25219657,16,2.3649020980461746,passed,53,P-20GPa_frame00003145_U0.253243.poscar,False,,,,,,,,0.9999233128
npt_pressure,20,,P-20GPa,Ta-potential/03-npt-round-1/md/P-20GPa/multi_nnap_md.xyz,3195,0.2091755911,18.171619912844466,7.627309168,7.815352771,17.7519494,16,2.2118672194737883,passed,54,P-20GPa_frame00003195_U0.209176.poscar,False,,,,,,,,0.9999329852
npt_pressure,20,,P-20GPa,Ta-potential/03-npt-round-1/md/P-20GPa/multi_nnap_md.xyz,3245,0.2830783579,17.76061125031805,6.738139803,6.5173229,25.53911476,16,2.2915735994226085,passed,55,P-20GPa_frame00003245_U0.283078.poscar,True,14,cur-fill,0.015707715,000014.poscar,0.01040169231,0.001444541968,0.9834073582,0.9999785806
npt_pressure,20,,P-20GPa,Ta-potential/03-npt-round-1/md/P-20GPa/multi_nnap_md.xyz,3297,0.1751023156,17.698411482562086,4.526294476,4.490514398,18.29802092,16,2.457568261223171,passed,56,P-20GPa_frame00003297_U0.175102.poscar,False,,,,,,,,0.9999353062
npt_pressure,20,,P-20GPa,Ta-potential/03-npt-round-1/md/P-20GPa/multi_nnap_md.xyz,3351,0.2019521683,18.102093177245884,5.032013846,5.173749733,15.78744847,16,2.3827596602129475,passed,57,P-20GPa_frame00003351_U0.201952.poscar,False,,,,,,,,0.9999187053
npt_pressure,20,,P-20GPa,Ta-potential/03-npt-round-1/md/P-20GPa/multi_nnap_md.xyz,3401,0.1774759852,18.96480554030278,4.20614217,4.223351333,7.312662393,16,2.514786102954928,passed,58,P-20GPa_frame00003401_U0.177476.poscar,False,,,,,,,,0.9998755509
npt_pressure,20,,P-20GPa,Ta-potential/03-npt-round-1/md/P-20GPa/multi_nnap_md.xyz,3451,0.219274003,18.36782260347384,4.759900119,4.633551141,16.98496861,16,2.394268487780614,passed,59,P-20GPa_frame00003451_U0.219274.poscar,False,,,,,,,,0.9998971319
npt_pressure,20,,P-20GPa,Ta-potential/03-npt-round-1/md/P-20GPa/multi_nnap_md.xyz,3501,0.1888527243,16.923296436107393,4.582981493,4.635253061,32.04812944,16,2.4408625717258774,passed,60,P-20GPa_frame00003501_U0.188853.poscar,False,,,,,,,,0.9997906095
npt_pressure,20,,P-20GPa,Ta-potential/03-npt-round-1/md/P-20GPa/multi_nnap_md.xyz,3553,0.1671640495,17.405934557631536,4.910725049,5.001206874,24.20964126,16,2.3827032812280353,passed,61,P-20GPa_frame00003553_U0.167164.poscar,False,,,,,,,,0.9998701456
npt_pressure,20,,P-20GPa,Ta-potential/03-npt-round-1/md/P-20GPa/multi_nnap_md.xyz,3603,0.240061515,18.569994578243097,5.056153926,5.027247132,16.40861187,16,2.441521581423496,passed,62,P-20GPa_frame00003603_U0.240062.poscar,False,,,,,,,,0.9999528779
npt_pressure,20,,P-20GPa,Ta-potential/03-npt-round-1/md/P-20GPa/multi_nnap_md.xyz,3653,0.1850360991,18.27992832984288,5.62570484,5.614575161,12.97508476,16,2.3386025059322684,passed,63,P-20GPa_frame00003653_U0.185036.poscar,False,,,,,,,,0.9999747131
npt_pressure,20,,P-20GPa,Ta-potential/03-npt-round-1/md/P-20GPa/multi_nnap_md.xyz,3723,0.168405207,17.433594143747005,6.386163592,6.431465082,23.85340828,16,2.3304333703762725,passed,64,P-20GPa_frame00003723_U0.168405.poscar,False,,,,,,,,0.9998717013
npt_pressure,20,,P-20GPa,Ta-potential/03-npt-round-1/md/P-20GPa/multi_nnap_md.xyz,3774,0.1789866216,17.398420762146355,6.034638047,6.190437299,22.6993065,16,2.34590704392309,passed,65,P-20GPa_frame00003774_U0.178987.poscar,False,,,,,,,,0.9999074241
npt_pressure,20,,P-20GPa,Ta-potential/03-npt-round-1/md/P-20GPa/multi_nnap_md.xyz,3824,0.3153415429,17.997941051037976,6.761346313,6.853739983,18.55126308,16,2.286401296447985,passed,66,P-20GPa_frame00003824_U0.315342.poscar,False,,,,,,,,0.9998955944
npt_pressure,20,,P-20GPa,Ta-potential/03-npt-round-1/md/P-20GPa/multi_nnap_md.xyz,3874,0.2496808245,18.067116664673076,6.500973476,6.582790037,22.68220291,16,2.3649817026944624,passed,67,P-20GPa_frame00003874_U0.249681.poscar,False,,,,,,,,0.9998471109
npt_pressure,20,,P-20GPa,Ta-potential/03-npt-round-1/md/P-20GPa/multi_nnap_md.xyz,3924,0.2158626737,18.067758417639364,5.425562455,5.658202109,15.60188848,16,2.3308865662522256,passed,68,P-20GPa_frame00003924_U0.215863.poscar,False,,,,,,,,0.9999302566
npt_pressure,20,,P-20GPa,Ta-potential/03-npt-round-1/md/P-20GPa/multi_nnap_md.xyz,3979,0.1702325934,18.262753267752046,4.631675117,4.484704282,12.09108944,16,2.4120749929960823,passed,69,P-20GPa_frame00003979_U0.170233.poscar,False,,,,,,,,0.9999854773
npt_pressure,20,,P-20GPa,Ta-potential/03-npt-round-1/md/P-20GPa/multi_nnap_md.xyz,4029,0.1679891133,18.14752871829063,5.942265039,6.049185715,14.6843736,16,2.332006219437963,passed,70,P-20GPa_frame00004029_U0.167989.poscar,False,,,,,,,,0.999932741
npt_pressure,20,,P-20GPa,Ta-potential/03-npt-round-1/md/P-20GPa/multi_nnap_md.xyz,4079,0.2332428733,17.329259966069177,5.476748497,5.430217994,29.42782471,16,2.3132126699503925,passed,71,P-20GPa_frame00004079_U0.233243.poscar,False,,,,,,,,0.9999341014
npt_pressure,20,,P-20GPa,Ta-potential/03-npt-round-1/md/P-20GPa/multi_nnap_md.xyz,4129,0.2380180999,17.507430057919464,5.146304326,5.205077796,29.3912143,16,2.3631511336412916,passed,72,P-20GPa_frame00004129_U0.238018.poscar,False,,,,,,,,0.9998532176
npt_pressure,20,,P-20GPa,Ta-potential/03-npt-round-1/md/P-20GPa/multi_nnap_md.xyz,4179,0.2134146096,18.384027822588685,6.339583082,6.39187523,16.76408754,16,2.2479422797660558,passed,73,P-20GPa_frame00004179_U0.213415.poscar,False,,,,,,,,0.9999360264
npt_pressure,20,,P-20GPa,Ta-potential/03-npt-round-1/md/P-20GPa/multi_nnap_md.xyz,4229,0.6718657002,17.927978043996937,11.04626669,10.03890014,17.09624174,16,2.0112466892595244,passed,74,P-20GPa_frame00004229_U0.671866.poscar,True,74,cur-fill,0.01542316359,000074.poscar,4.316784731e-06,8.00388965e-07,0.9960484382,0.9998939811
npt_pressure,20,,P-20GPa,Ta-potential/03-npt-round-1/md/P-20GPa/multi_nnap_md.xyz,4279,0.2158483404,18.30485997606862,5.003140203,4.980684955,13.95851236,16,2.368810251044138,passed,75,P-20GPa_frame00004279_U0.215848.poscar,False,,,,,,,,0.9999102999
npt_pressure,20,,P-20GPa,Ta-potential/03-npt-round-1/md/P-20GPa/multi_nnap_md.xyz,4329,0.1833730064,17.337774652091248,6.454015991,6.602366203,24.12476804,16,2.3084148585093622,passed,76,P-20GPa_frame00004329_U0.183373.poscar,False,,,,,,,,0.9998486014
npt_pressure,20,,P-20GPa,Ta-potential/03-npt-round-1/md/P-20GPa/multi_nnap_md.xyz,4379,0.2233350781,17.229919173034368,7.267123143,7.197391933,28.61772697,16,2.2067190463554556,passed,77,P-20GPa_frame00004379_U0.223335.poscar,False,,,,,,,,0.9998512758
npt_pressure,20,,P-20GPa,Ta-potential/03-npt-round-1/md/P-20GPa/multi_nnap_md.xyz,4429,0.2260308769,17.932861006777802,6.454806109,6.455395398,19.88860933,16,2.2662374548631914,passed,78,P-20GPa_frame00004429_U0.226031.poscar,False,,,,,,,,0.999902178
npt_pressure,20,,P-20GPa,Ta-potential/03-npt-round-1/md/P-20GPa/multi_nnap_md.xyz,4479,0.2904219231,18.342486067167957,7.851977555,7.815530833,15.79879043,16,2.2908847401126837,passed,79,P-20GPa_frame00004479_U0.290422.poscar,True,93,cur-fill,0.004516389368,000093.poscar,4.316784731e-06,4.023276002e-07,0.9987933698,0.9999060244
npt_pressure,20,,P-20GPa,Ta-potential/03-npt-round-1/md/P-20GPa/multi_nnap_md.xyz,4529,0.2252604552,18.67966835442915,5.397213511,5.392291374,11.74657205,16,2.4207633041628935,passed,80,P-20GPa_frame00004529_U0.225260.poscar,False,,,,,,,,0.999956102
npt_pressure,20,,P-20GPa,Ta-potential/03-npt-round-1/md/P-20GPa/multi_nnap_md.xyz,4580,0.1725108217,17.377103640473937,5.846430531,5.690566999,24.07698433,16,2.3412453118702037,passed,81,P-20GPa_frame00004580_U0.172511.poscar,False,,,,,,,,0.9999115702
npt_pressure,20,,P-20GPa,Ta-potential/03-npt-round-1/md/P-20GPa/multi_nnap_md.xyz,4630,0.2466550115,17.159897445898412,7.146746659,7.081099453,27.10227963,16,2.1998490174745644,passed,82,P-20GPa_frame00004630_U0.246655.poscar,False,,,,,,,,0.9998534028
npt_pressure,20,,P-20GPa,Ta-potential/03-npt-round-1/md/P-20GPa/multi_nnap_md.xyz,4680,0.1987173321,18.631056727222912,5.081516603,5.144219574,9.348294459,16,2.402813998746621,passed,83,P-20GPa_frame00004680_U0.198717.poscar,False,,,,,,,,0.9999829404
npt_pressure,20,,P-20GPa,Ta-potential/03-npt-round-1/md/P-20GPa/multi_nnap_md.xyz,4733,0.2440883356,18.391199596178552,6.458722674,6.523918558,13.47392884,16,2.322016930531139,passed,84,P-20GPa_frame00004733_U0.244088.poscar,False,,,,,,,,0.9999171465
npt_pressure,20,,P-20GPa,Ta-potential/03-npt-round-1/md/P-20GPa/multi_nnap_md.xyz,4783,0.4934475177,17.731632474324808,9.63879498,9.991770693,20.59393286,16,2.123378062505595,passed,85,P-20GPa_frame00004783_U0.493448.poscar,False,,,,,,,,0.9999037654
npt_pressure,20,,P-20GPa,Ta-potential/03-npt-round-1/md/P-20GPa/multi_nnap_md.xyz,4833,0.4299207493,17.860109828545855,8.155787393,8.329039124,25.12158216,16,2.055870295999324,passed,86,P-20GPa_frame00004833_U0.429921.poscar,False,,,,,,,,0.9999046789
npt_pressure,20,,P-20GPa,Ta-potential/03-npt-round-1/md/P-20GPa/multi_nnap_md.xyz,4883,0.3693752003,18.2726043026596,7.408331373,7.762672446,20.11044794,16,2.156406566714802,passed,87,P-20GPa_frame00004883_U0.369375.poscar,False,,,,,,,,0.9998441639
npt_pressure,20,,P-20GPa,Ta-potential/03-npt-round-1/md/P-20GPa/multi_nnap_md.xyz,4933,0.1876690142,17.937891528391052,6.441311194,6.493251311,19.48190922,16,2.3837960959524467,passed,88,P-20GPa_frame00004933_U0.187669.poscar,False,,,,,,,,0.9999295428
npt_pressure,20,,P-20GPa,Ta-potential/03-npt-round-1/md/P-20GPa/multi_nnap_md.xyz,4983,0.2098594641,18.07200228495851,6.01149607,6.084479254,17.53748921,16,2.2415297286385747,passed,89,P-20GPa_frame00004983_U0.209859.poscar,False,,,,,,,,0.9999226305
npt_pressure,30,,P-30GPa,Ta-potential/03-npt-round-1/md/P-30GPa/multi_nnap_md.xyz,500,0.1975728428,16.81988986076807,6.2409302,6.280027485,29.41734329,16,2.203010836410349,passed,1,P-30GPa_frame00000500_U0.197573.poscar,True,98,cur-fill,0.003735276236,000098.poscar,4.316784731e-06,3.230642807e-07,0.9981117017,0.9999077927
npt_pressure,30,,P-30GPa,Ta-potential/03-npt-round-1/md/P-30GPa/multi_nnap_md.xyz,550,0.258875173,16.09405043611473,6.342955921,6.44101338,47.39153028,16,2.3631741231202437,passed,2,P-30GPa_frame00000550_U0.258875.poscar,False,,,,,,,,0.9999597002
npt_pressure,30,,P-30GPa,Ta-potential/03-npt-round-1/md/P-30GPa/multi_nnap_md.xyz,600,0.1905229834,16.42507579445962,5.105051034,5.227767303,43.19126427,16,2.22333604276128,passed,3,P-30GPa_frame00000600_U0.190523.poscar,False,,,,,,,,0.9997947509
npt_pressure,30,,P-30GPa,Ta-potential/03-npt-round-1/md/P-30GPa/multi_nnap_md.xyz,650,0.2106384221,16.751189509217816,7.147841375,6.883777138,36.75997792,16,2.2637539321141777,passed,4,P-30GPa_frame00000650_U0.210638.poscar,True,96,cur-fill,0.004080995512,000096.poscar,4.316784731e-06,3.615913024e-07,0.9970519522,0.9997343079
npt_pressure,30,,P-30GPa,Ta-potential/03-npt-round-1/md/P-30GPa/multi_nnap_md.xyz,700,0.2546316546,17.137829284745823,8.291683505,8.327906778,30.12164466,16,2.228026675039131,passed,5,P-30GPa_frame00000700_U0.254632.poscar,False,,,,,,,,0.9997633987
npt_pressure,30,,P-30GPa,Ta-potential/03-npt-round-1/md/P-30GPa/multi_nnap_md.xyz,750,0.1967325792,17.73482452017829,6.926315384,6.863362444,20.84093786,16,2.298475500459962,passed,6,P-30GPa_frame00000750_U0.196733.poscar,False,,,,,,,,0.9998981991
npt_pressure,30,,P-30GPa,Ta-potential/03-npt-round-1/md/P-30GPa/multi_nnap_md.xyz,800,0.1991749207,17.952879991368142,5.051508494,5.155201126,17.17640711,16,2.382333360973544,passed,7,P-30GPa_frame00000800_U0.199175.poscar,False,,,,,,,,0.9999221108
npt_pressure,30,,P-30GPa,Ta-potential/03-npt-round-1/md/P-30GPa/multi_nnap_md.xyz,850,0.2503712429,17.804970366780324,5.787973805,6.015117273,19.02028732,16,2.26973431268739,passed,8,P-30GPa_frame00000850_U0.250371.poscar,True,94,cur-fill,0.004379203549,000094.poscar,4.316784731e-06,4.512616104e-07,0.9979628457,0.9999153247
npt_pressure,30,,P-30GPa,Ta-potential/03-npt-round-1/md/P-30GPa/multi_nnap_md.xyz,900,0.2071289142,16.926432532033,6.764438534,6.69583482,31.68911957,16,2.29114189288328,passed,9,P-30GPa_frame00000900_U0.207129.poscar,False,,,,,,,,0.9998262272
npt_pressure,30,,P-30GPa,Ta-potential/03-npt-round-1/md/P-30GPa/multi_nnap_md.xyz,950,0.2887859196,17.04962675245285,7.435733747,7.611282882,31.51805874,16,2.227027481477351,passed,10,P-30GPa_frame00000950_U0.288786.poscar,False,,,,,,,,0.9997436033
npt_pressure,30,,P-30GPa,Ta-potential/03-npt-round-1/md/P-30GPa/multi_nnap_md.xyz,1000,0.3567853127,16.57366944735379,7.248105466,6.909788737,41.53154132,16,2.069691786501687,passed,11,P-30GPa_frame00001000_U0.356785.poscar,False,,,,,,,,0.9998414451
npt_pressure,30,,P-30GPa,Ta-potential/03-npt-round-1/md/P-30GPa/multi_nnap_md.xyz,1050,0.2505459118,16.473052141247802,6.550525247,6.580711922,38.66336801,16,2.2463621410646706,passed,12,P-30GPa_frame00001050_U0.250546.poscar,False,,,,,,,,0.9998308171
npt_pressure,30,,P-30GPa,Ta-potential/03-npt-round-1/md/P-30GPa/multi_nnap_md.xyz,1105,0.1667546739,17.058727515998093,5.644701115,5.645356267,26.78581557,16,2.306970239216275,passed,13,P-30GPa_frame00001105_U0.166755.poscar,False,,,,,,,,0.9998525938
npt_pressure,30,,P-30GPa,Ta-potential/03-npt-round-1/md/P-30GPa/multi_nnap_md.xyz,1155,0.2083367081,17.133692085973596,6.6466816,6.747191663,27.73311889,16,2.277836000443622,passed,14,P-30GPa_frame00001155_U0.208337.poscar,False,,,,,,,,0.9999020328
npt_pressure,30,,P-30GPa,Ta-potential/03-npt-round-1/md/P-30GPa/multi_nnap_md.xyz,1205,0.2096004632,17.377053412637938,6.042162004,6.251105661,25.7668135,16,2.228451693664065,passed,15,P-30GPa_frame00001205_U0.209600.poscar,False,,,,,,,,0.9998866899
npt_pressure,30,,P-30GPa,Ta-potential/03-npt-round-1/md/P-30GPa/multi_nnap_md.xyz,1255,0.1981242359,17.420262931793065,6.457317717,6.727937506,23.84697218,16,2.2650955174058787,passed,16,P-30GPa_frame00001255_U0.198124.poscar,False,,,,,,,,0.999885696
npt_pressure,30,,P-30GPa,Ta-potential/03-npt-round-1/md/P-30GPa/multi_nnap_md.xyz,1305,0.2777384366,17.422205461444417,7.128703185,7.057712627,28.16969966,16,2.2185115386117262,passed,17,P-30GPa_frame00001305_U0.277738.poscar,False,,,,,,,,0.9999224416
npt_pressure,30,,P-30GPa,Ta-potential/03-npt-round-1/md/P-30GPa/multi_nnap_md.xyz,1355,0.2864550829,16.998468414650034,7.344522503,7.561606456,35.05946061,16,2.134971136766922,passed,18,P-30GPa_frame00001355_U0.286455.poscar,True,56,cur-fill,0.01867280416,000056.poscar,5.913619154e-05,8.55234997e-06,0.9938206592,0.9997517841
npt_pressure,30,,P-30GPa,Ta-potential/03-npt-round-1/md/P-30GPa/multi_nnap_md.xyz,1405,0.3091454825,16.56477947362814,6.116701126,6.109284143,39.60896512,16,2.0809142230303364,passed,19,P-30GPa_frame00001405_U0.309145.poscar,False,,,,,,,,0.9997805083
npt_pressure,30,,P-30GPa,Ta-potential/03-npt-round-1/md/P-30GPa/multi_nnap_md.xyz,1455,0.1939869434,16.53534756751104,4.795061389,4.869375647,35.16540502,16,2.4021203293551143,passed,20,P-30GPa_frame00001455_U0.193987.poscar,False,,,,,,,,0.9998572224
npt_pressure,30,,P-30GPa,Ta-potential/03-npt-round-1/md/P-30GPa/multi_nnap_md.xyz,1505,0.2475496799,17.120324734763834,5.693757272,5.802786635,29.89263497,16,2.3013139025309632,passed,21,P-30GPa_frame00001505_U0.247550.poscar,False,,,,,,,,0.9998717854
npt_pressure,30,,P-30GPa,Ta-potential/03-npt-round-1/md/P-30GPa/multi_nnap_md.xyz,1555,0.4724884622,17.080248068730352,6.603794154,6.199883207,25.92609228,16,2.0107510247743297,passed,22,P-30GPa_frame00001555_U0.472488.poscar,True,78,cur-fill,0.01260658896,000078.poscar,4.316784731e-06,6.748026097e-07,0.9957755968,0.9998992157
npt_pressure,30,,P-30GPa,Ta-potential/03-npt-round-1/md/P-30GPa/multi_nnap_md.xyz,1607,0.1832356546,16.647165057504726,6.952455338,6.9822755,35.38639121,16,2.34274922876187,passed,23,P-30GPa_frame00001607_U0.183236.poscar,False,,,,,,,,0.9997990364
npt_pressure,30,,P-30GPa,Ta-potential/03-npt-round-1/md/P-30GPa/multi_nnap_md.xyz,1657,0.1950048974,17.462241828082323,4.948631315,4.9762955,25.78599259,16,2.3553078461889436,passed,24,P-30GPa_frame00001657_U0.195005.poscar,False,,,,,,,,0.9998196093
npt_pressure,30,,P-30GPa,Ta-potential/03-npt-round-1/md/P-30GPa/multi_nnap_md.xyz,1707,0.1848243482,18.397360185505686,4.0647478,4.232796976,15.42040229,16,2.4579253090592217,passed,25,P-30GPa_frame00001707_U0.184824.poscar,False,,,,,,,,0.9998986345
npt_pressure,30,,P-30GPa,Ta-potential/03-npt-round-1/md/P-30GPa/multi_nnap_md.xyz,1757,0.1684264692,18.18656956568452,5.299448784,5.278271343,14.39728237,16,2.4237601037204484,passed,26,P-30GPa_frame00001757_U0.168426.poscar,False,,,,,,,,0.9999485939
npt_pressure,30,,P-30GPa,Ta-potential/03-npt-round-1/md/P-30GPa/multi_nnap_md.xyz,1807,0.1777847804,17.651259886932827,5.488603143,5.508621641,17.79017446,16,2.345425605637324,passed,27,P-30GPa_frame00001807_U0.177785.poscar,False,,,,,,,,0.9999367507
npt_pressure,30,,P-30GPa,Ta-potential/03-npt-round-1/md/P-30GPa/multi_nnap_md.xyz,1857,0.1913551744,17.202959796215698,6.189120442,6.084916172,28.51167296,16,2.280787909461233,passed,28,P-30GPa_frame00001857_U0.191355.poscar,False,,,,,,,,0.999771739
npt_pressure,30,,P-30GPa,Ta-potential/03-npt-round-1/md/P-30GPa/multi_nnap_md.xyz,1907,0.1832352509,16.5105131687675,4.507746807,4.710518431,38.9659475,16,2.379971774090584,passed,29,P-30GPa_frame00001907_U0.183235.poscar,False,,,,,,,,0.9997077286
npt_pressure,30,,P-30GPa,Ta-potential/03-npt-round-1/md/P-30GPa/multi_nnap_md.xyz,1957,0.2198713189,16.450823152568894,7.735753899,7.822900503,40.40604231,16,2.2648805767865787,passed,30,P-30GPa_frame00001957_U0.219871.poscar,False,,,,,,,,0.9998301546
npt_pressure,30,,P-30GPa,Ta-potential/03-npt-round-1/md/P-30GPa/multi_nnap_md.xyz,2007,0.206570509,16.084743886270342,5.67075178,5.796980031,44.21376624,16,2.4030593729487784,passed,31,P-30GPa_frame00002007_U0.206571.poscar,False,,,,,,,,0.9999236185
npt_pressure,30,,P-30GPa,Ta-potential/03-npt-round-1/md/P-30GPa/multi_nnap_md.xyz,2057,0.171092911,16.249154381335085,5.262960193,5.410824344,40.1231803,16,2.3812657364171907,passed,32,P-30GPa_frame00002057_U0.171093.poscar,False,,,,,,,,0.9999190387
npt_pressure,30,,P-30GPa,Ta-potential/03-npt-round-1/md/P-30GPa/multi_nnap_md.xyz,2107,0.2327818821,16.959749223213716,6.206062075,6.349830339,30.12737471,16,2.26313093978116,passed,33,P-30GPa_frame00002107_U0.232782.poscar,False,,,,,,,,0.9998323541
npt_pressure,30,,P-30GPa,Ta-potential/03-npt-round-1/md/P-30GPa/multi_nnap_md.xyz,2157,0.2087968284,18.053901951654144,5.528034928,5.336947497,19.66914203,16,2.3934997135498417,passed,34,P-30GPa_frame00002157_U0.208797.poscar,True,92,cur-fill,0.00457592761,000092.poscar,4.316784731e-06,4.246627349e-07,0.9974230981,0.999884767
npt_pressure,30,,P-30GPa,Ta-potential/03-npt-round-1/md/P-30GPa/multi_nnap_md.xyz,2207,0.2510636978,17.91116209508513,6.647659223,6.844217985,21.4701641,16,2.2117193718421,passed,35,P-30GPa_frame00002207_U0.251064.poscar,False,,,,,,,,0.9998771355
npt_pressure,30,,P-30GPa,Ta-potential/03-npt-round-1/md/P-30GPa/multi_nnap_md.xyz,2257,0.1775210373,17.66449783949649,5.636439723,5.566366304,21.53040451,16,2.4474894013711705,passed,36,P-30GPa_frame00002257_U0.177521.poscar,False,,,,,,,,0.9999214387
npt_pressure,30,,P-30GPa,Ta-potential/03-npt-round-1/md/P-30GPa/multi_nnap_md.xyz,2307,0.2052049776,16.469713009733347,7.963792083,8.053141807,38.91554118,16,2.293089225685644,passed,37,P-30GPa_frame00002307_U0.205205.poscar,False,,,,,,,,0.9998308584
npt_pressure,30,,P-30GPa,Ta-potential/03-npt-round-1/md/P-30GPa/multi_nnap_md.xyz,2359,0.2323194554,16.39982789253897,8.610445319,8.512022966,38.18051141,16,2.1265224415939716,passed,38,P-30GPa_frame00002359_U0.232319.poscar,False,,,,,,,,0.9998462043
npt_pressure,30,,P-30GPa,Ta-potential/03-npt-round-1/md/P-30GPa/multi_nnap_md.xyz,2409,0.2527672928,17.25791557022476,4.956076217,5.069427369,29.32200639,16,2.2946530306952657,passed,39,P-30GPa_frame00002409_U0.252767.poscar,False,,,,,,,,0.9999541984
npt_pressure,30,,P-30GPa,Ta-potential/03-npt-round-1/md/P-30GPa/multi_nnap_md.xyz,2459,0.1865043352,16.83759205303376,5.675019746,5.524190662,33.55165079,16,2.2994700170326206,passed,40,P-30GPa_frame00002459_U0.186504.poscar,False,,,,,,,,0.9997468522
npt_pressure,30,,P-30GPa,Ta-potential/03-npt-round-1/md/P-30GPa/multi_nnap_md.xyz,2509,0.297452398,16.69443452651513,8.301844105,8.10057233,38.13792404,16,2.1529756651983694,passed,41,P-30GPa_frame00002509_U0.297452.poscar,False,,,,,,,,0.9997879117
npt_pressure,30,,P-30GPa,Ta-potential/03-npt-round-1/md/P-30GPa/multi_nnap_md.xyz,2559,0.1814687425,16.51908899552277,7.231578044,7.036304282,35.80840118,16,2.270594935814566,passed,42,P-30GPa_frame00002559_U0.181469.poscar,False,,,,,,,,0.9998440378
npt_pressure,30,,P-30GPa,Ta-potential/03-npt-round-1/md/P-30GPa/multi_nnap_md.xyz,2609,0.1671820847,16.938037092265816,5.472284509,5.541136694,27.40420326,16,2.2889406339388967,passed,43,P-30GPa_frame00002609_U0.167182.poscar,False,,,,,,,,0.9999002025
npt_pressure,30,,P-30GPa,Ta-potential/03-npt-round-1/md/P-30GPa/multi_nnap_md.xyz,2662,0.1748440729,17.05470653247652,6.296809437,6.367319116,28.97440149,16,2.3262611327213643,passed,44,P-30GPa_frame00002662_U0.174844.poscar,False,,,,,,,,0.9997828405
npt_pressure,30,,P-30GPa,Ta-potential/03-npt-round-1/md/P-30GPa/multi_nnap_md.xyz,2712,0.3588830187,17.366987260967917,7.132760009,7.321781608,30.55258587,16,2.2112504572650438,passed,45,P-30GPa_frame00002712_U0.358883.poscar,False,,,,,,,,0.9998815063
npt_pressure,30,,P-30GPa,Ta-potential/03-npt-round-1/md/P-30GPa/multi_nnap_md.xyz,2762,0.2202521307,17.224359974080336,6.970262892,6.945870385,30.6605942,16,2.2030117496527675,passed,46,P-30GPa_frame00002762_U0.220252.poscar,False,,,,,,,,0.9998080893
npt_pressure,30,,P-30GPa,Ta-potential/03-npt-round-1/md/P-30GPa/multi_nnap_md.xyz,2814,0.1807623146,16.667107413293458,7.249480094,7.39543353,36.20230589,16,2.22236097570221,passed,47,P-30GPa_frame00002814_U0.180762.poscar,False,,,,,,,,0.99974882
npt_pressure,30,,P-30GPa,Ta-potential/03-npt-round-1/md/P-30GPa/multi_nnap_md.xyz,2864,0.176214326,16.104815769339126,6.284030669,6.292357113,43.90232503,16,2.376112365088973,passed,48,P-30GPa_frame00002864_U0.176214.poscar,False,,,,,,,,0.9999055672
npt_pressure,30,,P-30GPa,Ta-potential/03-npt-round-1/md/P-30GPa/multi_nnap_md.xyz,2915,0.1770414064,15.906526678930225,5.834424599,5.689673484,48.59716109,16,2.3922774812440313,passed,49,P-30GPa_frame00002915_U0.177041.poscar,False,,,,,,,,0.9999331078
npt_pressure,30,,P-30GPa,Ta-potential/03-npt-round-1/md/P-30GPa/multi_nnap_md.xyz,2965,0.5225420527,16.983196231277883,8.779465483,8.709231452,37.71033905,16,2.072622239850211,passed,50,P-30GPa_frame00002965_U0.522542.poscar,True,47,cur-fill,0.03044945832,000047.poscar,0.0001477641182,2.810133355e-05,0.9965191417,0.9998005352
npt_pressure,30,,P-30GPa,Ta-potential/03-npt-round-1/md/P-30GPa/multi_nnap_md.xyz,3015,0.1999434405,18.067831054877054,5.503403888,5.486307719,21.1637287,16,2.2866311911156583,passed,51,P-30GPa_frame00003015_U0.199943.poscar,False,,,,,,,,0.9999568279
npt_pressure,30,,P-30GPa,Ta-potential/03-npt-round-1/md/P-30GPa/multi_nnap_md.xyz,3065,0.2564869931,17.942927524752516,5.59850919,5.807446414,23.9814636,16,2.37360462686198,passed,52,P-30GPa_frame00003065_U0.256487.poscar,False,,,,,,,,0.9999762798
npt_pressure,30,,P-30GPa,Ta-potential/03-npt-round-1/md/P-30GPa/multi_nnap_md.xyz,3115,0.1839519293,17.28688944164778,6.296025801,6.44016941,27.12451024,16,2.2849230198079806,passed,53,P-30GPa_frame00003115_U0.183952.poscar,False,,,,,,,,0.9998025403
npt_pressure,30,,P-30GPa,Ta-potential/03-npt-round-1/md/P-30GPa/multi_nnap_md.xyz,3165,0.2220722074,16.17632846586262,7.91734218,7.983515384,41.13582584,16,2.188534602948264,passed,54,P-30GPa_frame00003165_U0.222072.poscar,False,,,,,,,,0.9998691746
npt_pressure,30,,P-30GPa,Ta-potential/03-npt-round-1/md/P-30GPa/multi_nnap_md.xyz,3215,0.2246979929,16.42853553746827,6.320620774,6.597806803,40.48489927,16,2.24283913460869,passed,55,P-30GPa_frame00003215_U0.224698.poscar,False,,,,,,,,0.9998678799
npt_pressure,30,,P-30GPa,Ta-potential/03-npt-round-1/md/P-30GPa/multi_nnap_md.xyz,3265,0.3316016147,17.617275952353015,8.228471312,8.249887813,34.45784344,16,2.1236251034792595,passed,56,P-30GPa_frame00003265_U0.331602.poscar,True,21,cur-fill,0.007805391549,000021.poscar,0.003954066421,0.0004006111434,0.9889262574,0.9997680577
npt_pressure,30,,P-30GPa,Ta-potential/03-npt-round-1/md/P-30GPa/multi_nnap_md.xyz,3315,0.2345245345,17.223227664540065,5.601620804,5.293008454,31.72493318,16,2.3902193833827026,passed,57,P-30GPa_frame00003315_U0.234525.poscar,False,,,,,,,,0.9998446672
npt_pressure,30,,P-30GPa,Ta-potential/03-npt-round-1/md/P-30GPa/multi_nnap_md.xyz,3366,0.1709006265,17.096506649457915,5.472808144,5.556706081,26.44841661,16,2.362983355455495,passed,58,P-30GPa_frame00003366_U0.170901.poscar,False,,,,,,,,0.9998631594
npt_pressure,30,,P-30GPa,Ta-potential/03-npt-round-1/md/P-30GPa/multi_nnap_md.xyz,3416,0.2608994264,16.456267587446455,8.060935058,8.182444497,35.71127207,16,2.150941197876932,passed,59,P-30GPa_frame00003416_U0.260899.poscar,False,,,,,,,,0.9997900171
npt_pressure,30,,P-30GPa,Ta-potential/03-npt-round-1/md/P-30GPa/multi_nnap_md.xyz,3466,0.3600460572,17.17652376150487,5.708605674,5.627753061,33.49892041,16,2.284712274586402,passed,60,P-30GPa_frame00003466_U0.360046.poscar,True,67,cur-fill,0.03835883979,000067.poscar,1.443389597e-05,3.042174109e-06,0.9927206245,0.9998655626
npt_pressure,30,,P-30GPa,Ta-potential/03-npt-round-1/md/P-30GPa/multi_nnap_md.xyz,3516,0.3684492129,17.387801603007365,7.984375527,7.915119026,27.58079679,16,2.198668051842304,passed,61,P-30GPa_frame00003516_U0.368449.poscar,False,,,,,,,,0.9998869094
npt_pressure,30,,P-30GPa,Ta-potential/03-npt-round-1/md/P-30GPa/multi_nnap_md.xyz,3567,0.2302579144,16.713302724929186,4.902150113,4.963544303,32.39698377,16,2.2411208584979154,passed,62,P-30GPa_frame00003567_U0.230258.poscar,True,58,cur-fill,0.01498542528,000058.poscar,4.602084897e-05,5.973541608e-06,0.9967421848,0.9997555408
npt_pressure,30,,P-30GPa,Ta-potential/03-npt-round-1/md/P-30GPa/multi_nnap_md.xyz,3617,0.2054840574,17.181977624862594,6.803170406,6.847667502,27.49765686,16,2.3198777812911464,passed,63,P-30GPa_frame00003617_U0.205484.poscar,False,,,,,,,,0.9998059143
npt_pressure,30,,P-30GPa,Ta-potential/03-npt-round-1/md/P-30GPa/multi_nnap_md.xyz,3667,0.2266131965,17.72794561220122,5.50264189,5.653803826,24.58144432,16,2.35118873212044,passed,64,P-30GPa_frame00003667_U0.226613.poscar,False,,,,,,,,0.9998653471
npt_pressure,30,,P-30GPa,Ta-potential/03-npt-round-1/md/P-30GPa/multi_nnap_md.xyz,3717,0.251757173,17.663959143674496,7.769556292,7.740907695,24.86434762,16,2.299287071836108,passed,65,P-30GPa_frame00003717_U0.251757.poscar,False,,,,,,,,0.9998781385
npt_pressure,30,,P-30GPa,Ta-potential/03-npt-round-1/md/P-30GPa/multi_nnap_md.xyz,3767,0.3904213573,17.08943686551935,6.989786105,7.345367301,27.47994723,16,2.089715505415993,passed,66,P-30GPa_frame00003767_U0.390421.poscar,False,,,,,,,,0.9997922376
npt_pressure,30,,P-30GPa,Ta-potential/03-npt-round-1/md/P-30GPa/multi_nnap_md.xyz,3818,0.1821678386,16.66731667048008,5.886877557,5.888070862,31.77965073,16,2.3812743525747546,passed,67,P-30GPa_frame00003818_U0.182168.poscar,False,,,,,,,,0.9999222171
npt_pressure,30,,P-30GPa,Ta-potential/03-npt-round-1/md/P-30GPa/multi_nnap_md.xyz,3868,0.1712433575,16.26410994056755,6.400273712,6.388514217,41.35361216,16,2.367176337741901,passed,68,P-30GPa_frame00003868_U0.171243.poscar,False,,,,,,,,0.9999324511
npt_pressure,30,,P-30GPa,Ta-potential/03-npt-round-1/md/P-30GPa/multi_nnap_md.xyz,3918,0.2356083945,16.615087335955558,6.09185493,6.142087758,36.2087287,16,2.2503360921819606,passed,69,P-30GPa_frame00003918_U0.235608.poscar,False,,,,,,,,0.9996805284
npt_pressure,30,,P-30GPa,Ta-potential/03-npt-round-1/md/P-30GPa/multi_nnap_md.xyz,3968,0.2534702929,16.84253097579442,6.848914052,6.81754652,34.2699837,16,2.3192812835780656,passed,70,P-30GPa_frame00003968_U0.253470.poscar,False,,,,,,,,0.9996813983
npt_pressure,30,,P-30GPa,Ta-potential/03-npt-round-1/md/P-30GPa/multi_nnap_md.xyz,4018,0.1668666828,17.073877796629652,5.241085136,5.174887768,27.67535702,16,2.2916159401647875,passed,71,P-30GPa_frame00004018_U0.166867.poscar,False,,,,,,,,0.9997909463
npt_pressure,30,,P-30GPa,Ta-potential/03-npt-round-1/md/P-30GPa/multi_nnap_md.xyz,4068,0.2220808337,16.95803000155485,6.60862429,6.610342838,27.47113965,16,2.239989083467649,passed,72,P-30GPa_frame00004068_U0.222081.poscar,True,3,cur-fill,0.003795494156,000003.poscar,0.1345020246,0.008620574601,0.9112715349,0.9998356893
npt_pressure,30,,P-30GPa,Ta-potential/03-npt-round-1/md/P-30GPa/multi_nnap_md.xyz,4124,0.172238356,16.839607202911676,5.224530591,5.293047451,30.90319429,16,2.3773481483664,passed,73,P-30GPa_frame00004124_U0.172238.poscar,False,,,,,,,,0.9997926961
npt_pressure,30,,P-30GPa,Ta-potential/03-npt-round-1/md/P-30GPa/multi_nnap_md.xyz,4174,0.30990725,17.576182319176255,6.262069729,6.444635335,25.13310897,16,2.1984435003114164,passed,74,P-30GPa_frame00004174_U0.309907.poscar,False,,,,,,,,0.9999613413
npt_pressure,30,,P-30GPa,Ta-potential/03-npt-round-1/md/P-30GPa/multi_nnap_md.xyz,4224,0.2189319026,17.92956031582621,5.663218176,5.867812965,21.47875095,16,2.2305863333293128,passed,75,P-30GPa_frame00004224_U0.218932.poscar,True,99,cur-fill,0.003515375306,000099.poscar,4.316784731e-06,3.583289386e-07,0.9969884381,0.9999794082
npt_pressure,30,,P-30GPa,Ta-potential/03-npt-round-1/md/P-30GPa/multi_nnap_md.xyz,4274,0.1961064856,17.556947661221947,6.630386658,6.701054592,23.19127303,16,2.3880375780420944,passed,76,P-30GPa_frame00004274_U0.196106.poscar,False,,,,,,,,0.9998830967
npt_pressure,30,,P-30GPa,Ta-potential/03-npt-round-1/md/P-30GPa/multi_nnap_md.xyz,4327,0.1812348788,17.48953636161944,6.168278401,6.2308427,20.62685791,16,2.3561001005093556,passed,77,P-30GPa_frame00004327_U0.181235.poscar,True,88,cur-fill,0.005222537853,000088.poscar,4.316784731e-06,4.608722758e-07,0.9980355181,0.9999164143
npt_pressure,30,,P-30GPa,Ta-potential/03-npt-round-1/md/P-30GPa/multi_nnap_md.xyz,4377,0.175477819,16.76967378050604,5.803070372,5.803686832,28.35026668,16,2.2997235010918486,passed,78,P-30GPa_frame00004377_U0.175478.poscar,False,,,,,,,,0.9999625277
npt_pressure,30,,P-30GPa,Ta-potential/03-npt-round-1/md/P-30GPa/multi_nnap_md.xyz,4427,0.2439800139,16.55190331383423,5.375918291,5.479680698,39.73338543,16,2.3031312675827564,passed,79,P-30GPa_frame00004427_U0.243980.poscar,False,,,,,,,,0.9997300916
npt_pressure,30,,P-30GPa,Ta-potential/03-npt-round-1/md/P-30GPa/multi_nnap_md.xyz,4477,0.2407599254,16.67059315691923,6.228568942,6.221532634,42.62163145,16,2.2717364899558214,passed,80,P-30GPa_frame00004477_U0.240760.poscar,False,,,,,,,,0.9998602829
npt_pressure,30,,P-30GPa,Ta-potential/03-npt-round-1/md/P-30GPa/multi_nnap_md.xyz,4528,0.2190444405,16.43151974086828,6.505311409,6.297067862,41.04052293,16,2.306304273089076,passed,81,P-30GPa_frame00004528_U0.219044.poscar,False,,,,,,,,0.9998373003
npt_pressure,30,,P-30GPa,Ta-potential/03-npt-round-1/md/P-30GPa/multi_nnap_md.xyz,4578,0.2454410536,16.647383885749537,6.868128965,6.710969474,34.95627056,16,2.335262590749754,passed,82,P-30GPa_frame00004578_U0.245441.poscar,False,,,,,,,,0.9999020023
npt_pressure,30,,P-30GPa,Ta-potential/03-npt-round-1/md/P-30GPa/multi_nnap_md.xyz,4630,0.1802644693,17.130401136045624,7.378617064,7.44796931,24.83755385,16,2.3410710205977363,passed,83,P-30GPa_frame00004630_U0.180264.poscar,False,,,,,,,,0.9999725753
npt_pressure,30,,P-30GPa,Ta-potential/03-npt-round-1/md/P-30GPa/multi_nnap_md.xyz,4680,0.2214524451,18.194781739021078,6.84488029,6.930969131,13.04064777,16,2.203764768382684,passed,84,P-30GPa_frame00004680_U0.221452.poscar,False,,,,,,,,0.9999675571
npt_pressure,30,,P-30GPa,Ta-potential/03-npt-round-1/md/P-30GPa/multi_nnap_md.xyz,4730,0.3111431145,19.635375840249473,5.226236458,5.252373314,8.09955953,16,2.1930072470400375,passed,85,P-30GPa_frame00004730_U0.311143.poscar,False,,,,,,,,0.9999443695
npt_pressure,30,,P-30GPa,Ta-potential/03-npt-round-1/md/P-30GPa/multi_nnap_md.xyz,4780,0.4899638305,18.346127877511652,9.594288141,9.646106591,19.35195279,16,2.059911109945851,passed,86,P-30GPa_frame00004780_U0.489964.poscar,True,68,cur-fill,0.01334957659,000068.poscar,1.261352925e-05,2.263327486e-06,0.9975526299,0.9999398495
npt_pressure,30,,P-30GPa,Ta-potential/03-npt-round-1/md/P-30GPa/multi_nnap_md.xyz,4832,0.1785785794,17.60954469886862,4.881287465,4.884280883,20.29573303,16,2.4048053321523883,passed,87,P-30GPa_frame00004832_U0.178579.poscar,False,,,,,,,,0.9999057123
npt_pressure,30,,P-30GPa,Ta-potential/03-npt-round-1/md/P-30GPa/multi_nnap_md.xyz,4882,0.2859081946,15.982308173844032,7.588499104,7.708007042,42.68620358,16,2.1643047588950353,passed,88,P-30GPa_frame00004882_U0.285908.poscar,False,,,,,,,,0.9998831568
npt_pressure,30,,P-30GPa,Ta-potential/03-npt-round-1/md/P-30GPa/multi_nnap_md.xyz,4932,0.3271662893,16.02828570259397,7.897945616,7.965675973,53.17167961,16,2.230466703416036,passed,89,P-30GPa_frame00004932_U0.327166.poscar,False,,,,,,,,0.9999836152
npt_pressure,30,,P-30GPa,Ta-potential/03-npt-round-1/md/P-30GPa/multi_nnap_md.xyz,4982,0.3034026278,16.609939842833555,6.328417309,6.38870043,47.07732227,16,2.2955288223031562,passed,90,P-30GPa_frame00004982_U0.303403.poscar,False,,,,,,,,0.9998079488
npt_pressure,40,,P-40GPa,Ta-potential/03-npt-round-1/md/P-40GPa/multi_nnap_md.xyz,503,0.1778274868,15.786457339179021,5.506735762,5.57725698,45.09193171,16,2.3423981701004197,passed,1,P-40GPa_frame00000503_U0.177827.poscar,False,,,,,,,,0.9999346388
npt_pressure,40,,P-40GPa,Ta-potential/03-npt-round-1/md/P-40GPa/multi_nnap_md.xyz,553,0.253731457,16.37295051071329,6.822494377,7.152503519,35.49325244,16,2.18584154243366,passed,2,P-40GPa_frame00000553_U0.253731.poscar,False,,,,,,,,0.9999259932
npt_pressure,40,,P-40GPa,Ta-potential/03-npt-round-1/md/P-40GPa/multi_nnap_md.xyz,606,0.170273185,15.614858043880055,7.274270875,7.337187708,50.60551473,16,2.213009407976737,passed,3,P-40GPa_frame00000606_U0.170273.poscar,False,,,,,,,,0.9999416129
npt_pressure,40,,P-40GPa,Ta-potential/03-npt-round-1/md/P-40GPa/multi_nnap_md.xyz,656,0.1786414689,16.03741365553365,6.284416681,6.453167165,44.02796147,16,2.293590932494073,passed,4,P-40GPa_frame00000656_U0.178641.poscar,False,,,,,,,,0.9999364741
npt_pressure,40,,P-40GPa,Ta-potential/03-npt-round-1/md/P-40GPa/multi_nnap_md.xyz,706,0.1974446648,16.232866099330415,5.477941993,5.553698982,44.29268244,16,2.3136095299675534,passed,5,P-40GPa_frame00000706_U0.197445.poscar,False,,,,,,,,0.9998891342
npt_pressure,40,,P-40GPa,Ta-potential/03-npt-round-1/md/P-40GPa/multi_nnap_md.xyz,756,0.2370825765,16.472705707706805,7.797909299,7.758435355,41.64029376,16,2.1022386117673104,passed,6,P-40GPa_frame00000756_U0.237083.poscar,False,,,,,,,,0.9999131116
npt_pressure,40,,P-40GPa,Ta-potential/03-npt-round-1/md/P-40GPa/multi_nnap_md.xyz,806,0.5211395948,16.757555259907676,8.247250387,7.940429406,42.62952571,16,2.233265667144449,passed,7,P-40GPa_frame00000806_U0.521140.poscar,False,,,,,,,,0.999885607
npt_pressure,40,,P-40GPa,Ta-potential/03-npt-round-1/md/P-40GPa/multi_nnap_md.xyz,856,0.4732312576,16.53495515835992,6.250707524,6.191722059,38.53123857,16,2.0836182475735736,passed,8,P-40GPa_frame00000856_U0.473231.poscar,False,,,,,,,,0.999778261
npt_pressure,40,,P-40GPa,Ta-potential/03-npt-round-1/md/P-40GPa/multi_nnap_md.xyz,908,0.1686487159,15.739394070099165,6.147697911,6.10029294,50.84433441,16,2.3328158991781263,passed,9,P-40GPa_frame00000908_U0.168649.poscar,False,,,,,,,,0.9999756058
npt_pressure,40,,P-40GPa,Ta-potential/03-npt-round-1/md/P-40GPa/multi_nnap_md.xyz,961,0.2357302677,15.693462703953696,8.823110923,8.481131843,51.92605223,16,2.191857728227639,passed,10,P-40GPa_frame00000961_U0.235730.poscar,True,100,cur-fill,0.003455736077,000100.poscar,4.316784731e-06,3.989900141e-07,0.9944423814,0.9999633452
npt_pressure,40,,P-40GPa,Ta-potential/03-npt-round-1/md/P-40GPa/multi_nnap_md.xyz,1015,0.1910998408,16.46227732130879,7.105654299,7.129347628,36.68878984,16,2.314743412530315,passed,11,P-40GPa_frame00001015_U0.191100.poscar,False,,,,,,,,0.9999336808
npt_pressure,40,,P-40GPa,Ta-potential/03-npt-round-1/md/P-40GPa/multi_nnap_md.xyz,1065,0.1706504783,16.408248654663026,5.512049151,5.357447774,34.34150055,16,2.3154067467355053,passed,12,P-40GPa_frame00001065_U0.170650.poscar,False,,,,,,,,0.9999233928
npt_pressure,40,,P-40GPa,Ta-potential/03-npt-round-1/md/P-40GPa/multi_nnap_md.xyz,1115,0.244713044,16.50004524899125,8.008266551,7.950082561,34.53276232,16,2.1784917867215783,passed,13,P-40GPa_frame00001115_U0.244713.poscar,False,,,,,,,,0.9999388609
npt_pressure,40,,P-40GPa,Ta-potential/03-npt-round-1/md/P-40GPa/multi_nnap_md.xyz,1169,0.1800921149,16.165406973030407,6.942092795,7.14804198,40.95846339,16,2.229595497306799,passed,14,P-40GPa_frame00001169_U0.180092.poscar,False,,,,,,,,0.9999503414
npt_pressure,40,,P-40GPa,Ta-potential/03-npt-round-1/md/P-40GPa/multi_nnap_md.xyz,1219,0.1838747466,15.880181609057274,7.216776244,7.136350413,46.7597794,16,2.2031012882360996,passed,15,P-40GPa_frame00001219_U0.183875.poscar,False,,,,,,,,0.9999794295
npt_pressure,40,,P-40GPa,Ta-potential/03-npt-round-1/md/P-40GPa/multi_nnap_md.xyz,1269,0.2789954089,15.639353289981377,9.194935544,8.756216439,52.68659184,16,2.1299404172725347,passed,16,P-40GPa_frame00001269_U0.278995.poscar,False,,,,,,,,0.999945814
npt_pressure,40,,P-40GPa,Ta-potential/03-npt-round-1/md/P-40GPa/multi_nnap_md.xyz,1319,0.2215321178,15.818944526792649,8.232463763,8.151781081,50.56926109,16,2.1731150015563285,passed,17,P-40GPa_frame00001319_U0.221532.poscar,False,,,,,,,,0.9999657006
npt_pressure,40,,P-40GPa,Ta-potential/03-npt-round-1/md/P-40GPa/multi_nnap_md.xyz,1369,0.3590891342,15.77347199023421,9.300095273,9.163114209,51.96503763,16,2.042394184941604,passed,18,P-40GPa_frame00001369_U0.359089.poscar,False,,,,,,,,0.9999675493
npt_pressure,40,,P-40GPa,Ta-potential/03-npt-round-1/md/P-40GPa/multi_nnap_md.xyz,1419,0.2702546587,15.876036767622399,7.048221358,6.996610136,51.743058,16,2.2631577149778077,passed,19,P-40GPa_frame00001419_U0.270255.poscar,False,,,,,,,,0.9999381487
npt_pressure,40,,P-40GPa,Ta-potential/03-npt-round-1/md/P-40GPa/multi_nnap_md.xyz,1469,0.281329152,16.18425962214729,8.037429,8.007003916,47.679439,16,2.1394676484916424,passed,20,P-40GPa_frame00001469_U0.281329.poscar,False,,,,,,,,0.9999859355
npt_pressure,40,,P-40GPa,Ta-potential/03-npt-round-1/md/P-40GPa/multi_nnap_md.xyz,1519,0.2252095235,16.480553837264384,6.350951593,6.182342131,42.95053976,16,2.3855043746127094,passed,21,P-40GPa_frame00001519_U0.225210.poscar,False,,,,,,,,0.9999085838
npt_pressure,40,,P-40GPa,Ta-potential/03-npt-round-1/md/P-40GPa/multi_nnap_md.xyz,1569,0.2594259912,15.974012683262346,8.856098364,8.81350736,49.44340471,16,2.1491447980242024,passed,22,P-40GPa_frame00001569_U0.259426.poscar,False,,,,,,,,0.9999450691
npt_pressure,40,,P-40GPa,Ta-potential/03-npt-round-1/md/P-40GPa/multi_nnap_md.xyz,1619,0.1777383899,16.18027687091872,6.431659312,6.460055956,41.87263627,16,2.303891126238893,passed,23,P-40GPa_frame00001619_U0.177738.poscar,False,,,,,,,,0.9998841713
npt_pressure,40,,P-40GPa,Ta-potential/03-npt-round-1/md/P-40GPa/multi_nnap_md.xyz,1669,0.2355660151,15.70562323752886,6.625789514,6.640656058,49.84247352,16,2.150365518176267,passed,24,P-40GPa_frame00001669_U0.235566.poscar,False,,,,,,,,0.9999494727
npt_pressure,40,,P-40GPa,Ta-potential/03-npt-round-1/md/P-40GPa/multi_nnap_md.xyz,1719,0.1793001399,15.843634507950455,5.182614408,5.252275384,44.884893,16,2.261470581682499,passed,25,P-40GPa_frame00001719_U0.179300.poscar,False,,,,,,,,0.9999602038
npt_pressure,40,,P-40GPa,Ta-potential/03-npt-round-1/md/P-40GPa/multi_nnap_md.xyz,1769,0.184229901,15.775923260338455,6.66851298,6.61833712,49.24796995,16,2.2777758428973947,passed,26,P-40GPa_frame00001769_U0.184230.poscar,False,,,,,,,,0.9999432077
npt_pressure,40,,P-40GPa,Ta-potential/03-npt-round-1/md/P-40GPa/multi_nnap_md.xyz,1819,0.2886679708,15.620589714178406,6.633331726,6.705014881,57.03471642,16,2.2813023542934907,passed,27,P-40GPa_frame00001819_U0.288668.poscar,False,,,,,,,,0.999970792
npt_pressure,40,,P-40GPa,Ta-potential/03-npt-round-1/md/P-40GPa/multi_nnap_md.xyz,1869,0.1934187604,16.165627453540967,6.493862407,6.500370095,45.3842883,16,2.325115255429199,passed,28,P-40GPa_frame00001869_U0.193419.poscar,False,,,,,,,,0.9999219412
npt_pressure,40,,P-40GPa,Ta-potential/03-npt-round-1/md/P-40GPa/multi_nnap_md.xyz,1919,0.2624908511,15.920573770482507,7.944046096,8.253139253,55.82500725,16,2.330901014496291,passed,29,P-40GPa_frame00001919_U0.262491.poscar,False,,,,,,,,0.9999565197
npt_pressure,40,,P-40GPa,Ta-potential/03-npt-round-1/md/P-40GPa/multi_nnap_md.xyz,1969,0.2774065795,16.375671609017473,5.41900043,5.490593352,44.89472807,16,2.319100600661144,passed,30,P-40GPa_frame00001969_U0.277407.poscar,False,,,,,,,,0.9999347887
npt_pressure,40,,P-40GPa,Ta-potential/03-npt-round-1/md/P-40GPa/multi_nnap_md.xyz,2019,0.2291568225,16.211180099247134,8.730115808,8.663207096,44.83143687,16,2.168944090649719,passed,31,P-40GPa_frame00002019_U0.229157.poscar,False,,,,,,,,0.9999253488
npt_pressure,40,,P-40GPa,Ta-potential/03-npt-round-1/md/P-40GPa/multi_nnap_md.xyz,2069,0.1847206453,16.055627582461224,5.00920991,5.201449364,45.85979977,16,2.319751754529062,passed,32,P-40GPa_frame00002069_U0.184721.poscar,False,,,,,,,,0.9998948226
npt_pressure,40,,P-40GPa,Ta-potential/03-npt-round-1/md/P-40GPa/multi_nnap_md.xyz,2119,0.2143811139,15.604582769903462,7.948905313,7.770026893,53.59774111,16,2.2860692808079683,passed,33,P-40GPa_frame00002119_U0.214381.poscar,False,,,,,,,,0.9999651274
npt_pressure,40,,P-40GPa,Ta-potential/03-npt-round-1/md/P-40GPa/multi_nnap_md.xyz,2169,0.1852575261,15.757141393129634,5.625377517,5.725874162,52.05294025,16,2.40214167378214,passed,34,P-40GPa_frame00002169_U0.185258.poscar,False,,,,,,,,0.9999660189
npt_pressure,40,,P-40GPa,Ta-potential/03-npt-round-1/md/P-40GPa/multi_nnap_md.xyz,2219,0.2035132823,15.927784532865017,6.555328294,6.749751486,47.30001281,16,2.296330251864238,passed,35,P-40GPa_frame00002219_U0.203513.poscar,False,,,,,,,,0.9999600227
npt_pressure,40,,P-40GPa,Ta-potential/03-npt-round-1/md/P-40GPa/multi_nnap_md.xyz,2269,0.3998416131,15.75103695969759,8.37896534,8.276626067,52.85281999,16,2.178168206749988,passed,36,P-40GPa_frame00002269_U0.399842.poscar,False,,,,,,,,0.9999870611
npt_pressure,40,,P-40GPa,Ta-potential/03-npt-round-1/md/P-40GPa/multi_nnap_md.xyz,2322,0.1706207712,16.515363772154814,5.865219453,5.694988778,35.9052104,16,2.3883828375830403,passed,37,P-40GPa_frame00002322_U0.170621.poscar,False,,,,,,,,0.9998882634
npt_pressure,40,,P-40GPa,Ta-potential/03-npt-round-1/md/P-40GPa/multi_nnap_md.xyz,2372,0.185490433,16.446814823128886,6.276751824,6.396672916,37.00057401,16,2.2585118172413856,passed,38,P-40GPa_frame00002372_U0.185490.poscar,False,,,,,,,,0.9998032079
npt_pressure,40,,P-40GPa,Ta-potential/03-npt-round-1/md/P-40GPa/multi_nnap_md.xyz,2422,0.3114983691,16.511113640798712,7.855397055,7.435342716,38.68229854,16,2.245089657989751,passed,39,P-40GPa_frame00002422_U0.311498.poscar,False,,,,,,,,0.9997842501
npt_pressure,40,,P-40GPa,Ta-potential/03-npt-round-1/md/P-40GPa/multi_nnap_md.xyz,2472,0.242544465,16.525053429719218,6.14429564,6.248492396,42.23087744,16,2.3204392452782225,passed,40,P-40GPa_frame00002472_U0.242544.poscar,False,,,,,,,,0.9999377834
npt_pressure,40,,P-40GPa,Ta-potential/03-npt-round-1/md/P-40GPa/multi_nnap_md.xyz,2522,0.2824058375,16.148466514869458,6.691734779,6.865635291,46.83925916,16,2.305964223660044,passed,41,P-40GPa_frame00002522_U0.282406.poscar,False,,,,,,,,0.9999631239
npt_pressure,40,,P-40GPa,Ta-potential/03-npt-round-1/md/P-40GPa/multi_nnap_md.xyz,2572,0.2536991131,16.314275706620965,6.530531022,6.581479108,43.17001308,16,2.281137332835086,passed,42,P-40GPa_frame00002572_U0.253699.poscar,False,,,,,,,,0.9998751942
npt_pressure,40,,P-40GPa,Ta-potential/03-npt-round-1/md/P-40GPa/multi_nnap_md.xyz,2622,0.1801704213,16.521310704871166,5.338757004,5.300278433,37.48983238,16,2.3289064967958173,passed,43,P-40GPa_frame00002622_U0.180170.poscar,False,,,,,,,,0.9998314082
npt_pressure,40,,P-40GPa,Ta-potential/03-npt-round-1/md/P-40GPa/multi_nnap_md.xyz,2672,0.1956520281,16.24534318592921,7.176051453,7.318605201,39.54010858,16,2.2621720525240074,passed,44,P-40GPa_frame00002672_U0.195652.poscar,False,,,,,,,,0.9999239408
npt_pressure,40,,P-40GPa,Ta-potential/03-npt-round-1/md/P-40GPa/multi_nnap_md.xyz,2722,0.195845539,16.197422834707755,6.602275273,6.759897319,42.68689748,16,2.3635548309191714,passed,45,P-40GPa_frame00002722_U0.195846.poscar,False,,,,,,,,0.9998741537
npt_pressure,40,,P-40GPa,Ta-potential/03-npt-round-1/md/P-40GPa/multi_nnap_md.xyz,2772,0.2038196203,16.294984068563096,7.272271518,7.191059894,44.14003978,16,2.211920269692348,passed,46,P-40GPa_frame00002772_U0.203820.poscar,False,,,,,,,,0.9999000269
npt_pressure,40,,P-40GPa,Ta-potential/03-npt-round-1/md/P-40GPa/multi_nnap_md.xyz,2822,0.2108891598,16.440251005719837,5.730807364,5.879514825,43.12815809,16,2.2150883111503705,passed,47,P-40GPa_frame00002822_U0.210889.poscar,False,,,,,,,,0.9998655308
npt_pressure,40,,P-40GPa,Ta-potential/03-npt-round-1/md/P-40GPa/multi_nnap_md.xyz,2872,0.4532447938,15.733729523725788,9.09118804,8.825643059,52.72059384,16,2.022580065035103,passed,48,P-40GPa_frame00002872_U0.453245.poscar,True,70,cur-fill,0.01699217693,000070.poscar,9.990655891e-06,1.375238447e-06,0.9911156316,0.9999834301
npt_pressure,40,,P-40GPa,Ta-potential/03-npt-round-1/md/P-40GPa/multi_nnap_md.xyz,2922,0.2307733801,16.12113482667322,6.467020716,6.58308845,45.9887345,16,2.2588438238377275,passed,49,P-40GPa_frame00002922_U0.230773.poscar,False,,,,,,,,0.9999332493
npt_pressure,40,,P-40GPa,Ta-potential/03-npt-round-1/md/P-40GPa/multi_nnap_md.xyz,2972,0.2036398692,15.933269274240336,6.469466436,6.306514362,47.95682598,16,2.242400026377716,passed,50,P-40GPa_frame00002972_U0.203640.poscar,False,,,,,,,,0.999923103
npt_pressure,40,,P-40GPa,Ta-potential/03-npt-round-1/md/P-40GPa/multi_nnap_md.xyz,3022,0.1896784525,15.72159966371307,6.158949811,6.122333392,52.65761218,16,2.3435889287655667,passed,51,P-40GPa_frame00003022_U0.189678.poscar,False,,,,,,,,0.9999733315
npt_pressure,40,,P-40GPa,Ta-potential/03-npt-round-1/md/P-40GPa/multi_nnap_md.xyz,3072,0.2339711926,15.741251416334107,7.711452391,7.727445561,51.60583636,16,2.228764857399335,passed,52,P-40GPa_frame00003072_U0.233971.poscar,False,,,,,,,,0.99995889
npt_pressure,40,,P-40GPa,Ta-potential/03-npt-round-1/md/P-40GPa/multi_nnap_md.xyz,3124,0.1729855534,16.213135500709324,5.752449249,5.904155956,42.31401226,16,2.39897830339255,passed,53,P-40GPa_frame00003124_U0.172986.poscar,False,,,,,,,,0.9998876306
npt_pressure,40,,P-40GPa,Ta-potential/03-npt-round-1/md/P-40GPa/multi_nnap_md.xyz,3175,0.2084161114,16.31800450569715,6.322302858,6.550116266,38.94242385,16,2.2065936098447048,passed,54,P-40GPa_frame00003175_U0.208416.poscar,False,,,,,,,,0.9998698201
npt_pressure,40,,P-40GPa,Ta-potential/03-npt-round-1/md/P-40GPa/multi_nnap_md.xyz,3225,0.2531106692,16.536305187643844,6.412053475,6.530207856,38.54823575,16,2.2868260519945327,passed,55,P-40GPa_frame00003225_U0.253111.poscar,False,,,,,,,,0.9998245268
npt_pressure,40,,P-40GPa,Ta-potential/03-npt-round-1/md/P-40GPa/multi_nnap_md.xyz,3275,0.2825083211,16.348434753283783,7.231662574,7.010023642,41.10166647,16,2.238231142983292,passed,56,P-40GPa_frame00003275_U0.282508.poscar,False,,,,,,,,0.9998249995
npt_pressure,40,,P-40GPa,Ta-potential/03-npt-round-1/md/P-40GPa/multi_nnap_md.xyz,3325,0.2021244177,16.77166966247752,4.834215001,5.015487031,32.80512253,16,2.339184105455582,passed,57,P-40GPa_frame00003325_U0.202124.poscar,False,,,,,,,,0.9997620661
npt_pressure,40,,P-40GPa,Ta-potential/03-npt-round-1/md/P-40GPa/multi_nnap_md.xyz,3375,0.3280827198,16.828542809127743,7.715135203,7.613498031,31.81523806,16,2.11238998800397,passed,58,P-40GPa_frame00003375_U0.328083.poscar,False,,,,,,,,0.9997987575
npt_pressure,40,,P-40GPa,Ta-potential/03-npt-round-1/md/P-40GPa/multi_nnap_md.xyz,3425,0.2067829244,16.94418491817647,6.206825765,6.172146523,30.19369066,16,2.3675005024739453,passed,59,P-40GPa_frame00003425_U0.206783.poscar,False,,,,,,,,0.9999120459
npt_pressure,40,,P-40GPa,Ta-potential/03-npt-round-1/md/P-40GPa/multi_nnap_md.xyz,3475,0.2478160621,16.869511240894653,6.330370835,6.495438266,31.46833626,16,2.1588081009564144,passed,60,P-40GPa_frame00003475_U0.247816.poscar,False,,,,,,,,0.9998160597
npt_pressure,40,,P-40GPa,Ta-potential/03-npt-round-1/md/P-40GPa/multi_nnap_md.xyz,3525,0.3106809613,16.693602347222562,8.584753095,8.546051872,32.93635585,16,2.0906024857871723,passed,61,P-40GPa_frame00003525_U0.310681.poscar,False,,,,,,,,0.9996898061
npt_pressure,40,,P-40GPa,Ta-potential/03-npt-round-1/md/P-40GPa/multi_nnap_md.xyz,3575,0.3093095142,16.627589682648267,6.840256964,6.906860682,33.70751101,16,2.2360224680803586,passed,62,P-40GPa_frame00003575_U0.309310.poscar,True,29,cur-fill,0.02001656426,000029.poscar,0.001513485326,0.0002518004208,0.9919642731,0.9996806882
npt_pressure,40,,P-40GPa,Ta-potential/03-npt-round-1/md/P-40GPa/multi_nnap_md.xyz,3625,0.1679206041,16.73794387683311,6.383732846,6.528004141,30.04507815,16,2.343375496684272,passed,63,P-40GPa_frame00003625_U0.167921.poscar,False,,,,,,,,0.9998889973
npt_pressure,40,,P-40GPa,Ta-potential/03-npt-round-1/md/P-40GPa/multi_nnap_md.xyz,3679,0.1720283755,16.53903521047773,6.051011536,6.166428951,35.95315207,16,2.3870949710156566,passed,64,P-40GPa_frame00003679_U0.172028.poscar,False,,,,,,,,0.9998433896
npt_pressure,40,,P-40GPa,Ta-potential/03-npt-round-1/md/P-40GPa/multi_nnap_md.xyz,3729,0.1706784115,16.49259254489163,7.339443771,7.378350037,34.78703784,16,2.188667028930564,passed,65,P-40GPa_frame00003729_U0.170678.poscar,False,,,,,,,,0.9999336682
npt_pressure,40,,P-40GPa,Ta-potential/03-npt-round-1/md/P-40GPa/multi_nnap_md.xyz,3779,0.1687645308,16.59085730388643,5.334001654,5.325576752,32.34344259,16,2.3935716293849514,passed,66,P-40GPa_frame00003779_U0.168765.poscar,False,,,,,,,,0.9999369586
npt_pressure,40,,P-40GPa,Ta-potential/03-npt-round-1/md/P-40GPa/multi_nnap_md.xyz,3829,0.3586027653,16.34988275818798,8.46968036,8.634165078,37.09521349,16,2.1564756743096525,passed,67,P-40GPa_frame00003829_U0.358603.poscar,True,89,cur-fill,0.004838360452,000089.poscar,4.316784731e-06,3.299378453e-07,0.9937000113,0.9999053699
npt_pressure,40,,P-40GPa,Ta-potential/03-npt-round-1/md/P-40GPa/multi_nnap_md.xyz,3879,0.1753784327,16.43182130732505,5.548666205,5.406055441,38.16844164,16,2.419756560506353,passed,68,P-40GPa_frame00003879_U0.175378.poscar,False,,,,,,,,0.9999299953
npt_pressure,40,,P-40GPa,Ta-potential/03-npt-round-1/md/P-40GPa/multi_nnap_md.xyz,3929,0.2089335895,16.443275995239503,6.834700626,7.005930112,41.20130066,16,2.3378033460483607,passed,69,P-40GPa_frame00003929_U0.208934.poscar,False,,,,,,,,0.9999431655
npt_pressure,40,,P-40GPa,Ta-potential/03-npt-round-1/md/P-40GPa/multi_nnap_md.xyz,3979,0.3251713909,16.593547184135986,6.124668392,6.185499079,38.42315039,16,2.2154412635397756,passed,70,P-40GPa_frame00003979_U0.325171.poscar,False,,,,,,,,0.999803043
npt_pressure,40,,P-40GPa,Ta-potential/03-npt-round-1/md/P-40GPa/multi_nnap_md.xyz,4029,0.1959381532,16.708040145057367,6.1080845,6.04090179,36.39411836,16,2.335039362048793,passed,71,P-40GPa_frame00004029_U0.195938.poscar,False,,,,,,,,0.9997251747
npt_pressure,40,,P-40GPa,Ta-potential/03-npt-round-1/md/P-40GPa/multi_nnap_md.xyz,4082,0.1926381462,16.544371361260296,5.703486453,5.726906545,34.48468794,16,2.4068108523713367,passed,72,P-40GPa_frame00004082_U0.192638.poscar,False,,,,,,,,0.9998452587
npt_pressure,40,,P-40GPa,Ta-potential/03-npt-round-1/md/P-40GPa/multi_nnap_md.xyz,4132,0.1770054329,16.381763241783187,6.959482124,7.072690798,36.95454973,16,2.3150785154736764,passed,73,P-40GPa_frame00004132_U0.177005.poscar,False,,,,,,,,0.9998251757
npt_pressure,40,,P-40GPa,Ta-potential/03-npt-round-1/md/P-40GPa/multi_nnap_md.xyz,4182,0.1693551155,16.64677745291516,4.717217216,4.744359906,33.91367667,16,2.3620937698456053,passed,74,P-40GPa_frame00004182_U0.169355.poscar,False,,,,,,,,0.9997573788
npt_pressure,40,,P-40GPa,Ta-potential/03-npt-round-1/md/P-40GPa/multi_nnap_md.xyz,4233,0.1843769326,16.738394587854938,6.167970683,6.036851219,34.23303044,16,2.2846383681926965,passed,75,P-40GPa_frame00004233_U0.184377.poscar,False,,,,,,,,0.9998132753
npt_pressure,40,,P-40GPa,Ta-potential/03-npt-round-1/md/P-40GPa/multi_nnap_md.xyz,4288,0.1674346656,16.634503396672397,5.632464184,5.785453144,32.49136695,16,2.3532662473259367,passed,76,P-40GPa_frame00004288_U0.167435.poscar,False,,,,,,,,0.999885445
npt_pressure,40,,P-40GPa,Ta-potential/03-npt-round-1/md/P-40GPa/multi_nnap_md.xyz,4338,0.1875417707,16.75142564421112,6.103887004,6.091855914,32.4133996,16,2.2849789013423436,passed,77,P-40GPa_frame00004338_U0.187542.poscar,False,,,,,,,,0.9997891996
npt_pressure,40,,P-40GPa,Ta-potential/03-npt-round-1/md/P-40GPa/multi_nnap_md.xyz,4388,0.2281492167,16.644228721949293,7.221767259,7.319694951,36.03311909,16,2.319134716790192,passed,78,P-40GPa_frame00004388_U0.228149.poscar,False,,,,,,,,0.9997812213
npt_pressure,40,,P-40GPa,Ta-potential/03-npt-round-1/md/P-40GPa/multi_nnap_md.xyz,4438,0.3134770132,16.558821292970368,6.693490631,6.756122437,40.05589688,16,2.144721908608917,passed,79,P-40GPa_frame00004438_U0.313477.poscar,False,,,,,,,,0.9999129954
npt_pressure,40,,P-40GPa,Ta-potential/03-npt-round-1/md/P-40GPa/multi_nnap_md.xyz,4488,0.1976908459,16.606581999097617,5.532512677,5.569802479,36.6324954,16,2.385019736732474,passed,80,P-40GPa_frame00004488_U0.197691.poscar,False,,,,,,,,0.9998588323
npt_pressure,40,,P-40GPa,Ta-potential/03-npt-round-1/md/P-40GPa/multi_nnap_md.xyz,4538,0.2160864977,16.640364090662093,6.143283907,6.267343576,33.80363704,16,2.3179856234191303,passed,81,P-40GPa_frame00004538_U0.216086.poscar,False,,,,,,,,0.9998227339
npt_pressure,40,,P-40GPa,Ta-potential/03-npt-round-1/md/P-40GPa/multi_nnap_md.xyz,4588,0.2157653996,16.7911314604635,5.874597963,5.895740974,33.34458682,16,2.405834235530343,passed,82,P-40GPa_frame00004588_U0.215765.poscar,False,,,,,,,,0.999903049
npt_pressure,40,,P-40GPa,Ta-potential/03-npt-round-1/md/P-40GPa/multi_nnap_md.xyz,4638,0.1765927787,16.834110139466596,5.585482682,5.5660878,32.00033685,16,2.4453006477296286,passed,83,P-40GPa_frame00004638_U0.176593.poscar,False,,,,,,,,0.9998629136
npt_pressure,40,,P-40GPa,Ta-potential/03-npt-round-1/md/P-40GPa/multi_nnap_md.xyz,4688,0.1847362462,16.753102422552477,5.828250397,5.952991976,32.02273328,16,2.3712483558675355,passed,84,P-40GPa_frame00004688_U0.184736.poscar,False,,,,,,,,0.9998921763
npt_pressure,40,,P-40GPa,Ta-potential/03-npt-round-1/md/P-40GPa/multi_nnap_md.xyz,4740,0.2109580992,16.543241791643784,5.900594742,5.852534318,35.93831271,16,2.3797496972131107,passed,85,P-40GPa_frame00004740_U0.210958.poscar,False,,,,,,,,0.999859733
npt_pressure,40,,P-40GPa,Ta-potential/03-npt-round-1/md/P-40GPa/multi_nnap_md.xyz,4790,0.1992760032,16.29914296557469,5.035318066,5.235566261,44.71828749,16,2.3652057657957006,passed,86,P-40GPa_frame00004790_U0.199276.poscar,False,,,,,,,,0.9999355788
npt_pressure,40,,P-40GPa,Ta-potential/03-npt-round-1/md/P-40GPa/multi_nnap_md.xyz,4840,0.4313039404,16.377935772486147,9.798792612,9.448975349,45.65985551,16,2.1991419061327115,passed,87,P-40GPa_frame00004840_U0.431304.poscar,False,,,,,,,,0.9999805194
npt_pressure,40,,P-40GPa,Ta-potential/03-npt-round-1/md/P-40GPa/multi_nnap_md.xyz,4890,0.4972055063,16.470987683786486,8.418089537,7.893260233,39.29028906,16,1.9722760155266812,passed,88,P-40GPa_frame00004890_U0.497206.poscar,True,87,cur-fill,0.005263805257,000087.poscar,4.316784731e-06,4.438263675e-07,0.9943527438,0.9998265382
npt_pressure,40,,P-40GPa,Ta-potential/03-npt-round-1/md/P-40GPa/multi_nnap_md.xyz,4940,0.1945967139,16.544282721282208,5.336662487,5.295446582,36.11394094,16,2.3286766227427425,passed,89,P-40GPa_frame00004940_U0.194597.poscar,False,,,,,,,,0.9998782458
npt_pressure,40,,P-40GPa,Ta-potential/03-npt-round-1/md/P-40GPa/multi_nnap_md.xyz,4990,0.2085033948,16.526312875448593,6.284489553,6.31669086,39.74995217,16,2.3538874751343806,passed,90,P-40GPa_frame00004990_U0.208503.poscar,False,,,,,,,,0.9998351631
npt_pressure,50,,P-50GPa,Ta-potential/03-npt-round-1/md/P-50GPa/multi_nnap_md.xyz,500,0.1828883563,17.12835821438259,7.149836408,7.133429705,24.87142052,16,2.185928393251696,passed,1,P-50GPa_frame00000500_U0.182888.poscar,False,,,,,,,,0.9999402816
npt_pressure,50,,P-50GPa,Ta-potential/03-npt-round-1/md/P-50GPa/multi_nnap_md.xyz,552,0.2322635819,16.002045763095428,7.554225949,7.42934123,44.44269732,16,2.17357254666044,passed,2,P-50GPa_frame00000552_U0.232264.poscar,False,,,,,,,,0.9999488264
npt_pressure,50,,P-50GPa,Ta-potential/03-npt-round-1/md/P-50GPa/multi_nnap_md.xyz,602,0.2549211214,15.39379472795617,9.121873809,9.155791726,61.16487559,16,2.3621426227639364,passed,3,P-50GPa_frame00000602_U0.254921.poscar,False,,,,,,,,0.9999722921
npt_pressure,50,,P-50GPa,Ta-potential/03-npt-round-1/md/P-50GPa/multi_nnap_md.xyz,652,0.3897499962,15.115017654567465,9.264607347,8.859429026,67.13133037,16,2.1354725107375185,passed,4,P-50GPa_frame00000652_U0.389750.poscar,False,,,,,,,,0.9999704576
npt_pressure,50,,P-50GPa,Ta-potential/03-npt-round-1/md/P-50GPa/multi_nnap_md.xyz,702,0.3457163193,15.198287972679625,7.952283036,7.92097407,68.7537152,16,2.270160009833135,passed,5,P-50GPa_frame00000702_U0.345716.poscar,False,,,,,,,,0.9999942819
npt_pressure,50,,P-50GPa,Ta-potential/03-npt-round-1/md/P-50GPa/multi_nnap_md.xyz,752,0.4185292112,15.514683933787772,10.08262878,9.744042247,61.65819892,16,2.108015088061724,passed,6,P-50GPa_frame00000752_U0.418529.poscar,False,,,,,,,,0.9999713624
npt_pressure,50,,P-50GPa,Ta-potential/03-npt-round-1/md/P-50GPa/multi_nnap_md.xyz,802,0.2504535508,16.474408371900413,6.260262253,6.396001589,42.00324403,16,2.376000351740331,passed,7,P-50GPa_frame00000802_U0.250454.poscar,False,,,,,,,,0.9999101314
npt_pressure,50,,P-50GPa,Ta-potential/03-npt-round-1/md/P-50GPa/multi_nnap_md.xyz,852,0.240055042,16.68605212919598,7.903382013,8.044051972,36.02999607,16,2.278138587905048,passed,8,P-50GPa_frame00000852_U0.240055.poscar,False,,,,,,,,0.9998785223
npt_pressure,50,,P-50GPa,Ta-potential/03-npt-round-1/md/P-50GPa/multi_nnap_md.xyz,902,0.2212468741,16.723100276592312,7.030253543,7.004987865,35.01049779,16,2.2223840992558346,passed,9,P-50GPa_frame00000902_U0.221247.poscar,False,,,,,,,,0.999720952
npt_pressure,50,,P-50GPa,Ta-potential/03-npt-round-1/md/P-50GPa/multi_nnap_md.xyz,954,0.1763632481,15.976863272348822,6.940740919,6.971105804,47.09200783,16,2.311221828837789,passed,10,P-50GPa_frame00000954_U0.176363.poscar,True,34,cur-fill,0.01014961003,000034.poscar,0.0006881745345,7.366880949e-05,0.9613050991,0.9999690507
npt_pressure,50,,P-50GPa,Ta-potential/03-npt-round-1/md/P-50GPa/multi_nnap_md.xyz,1004,0.1918698504,15.832840796523262,6.643652667,6.714901927,51.89466932,16,2.330250176174595,passed,11,P-50GPa_frame00001004_U0.191870.poscar,False,,,,,,,,0.9999899079
npt_pressure,50,,P-50GPa,Ta-potential/03-npt-round-1/md/P-50GPa/multi_nnap_md.xyz,1054,0.2946724325,15.462706093833601,7.350544499,7.592457823,59.55288116,16,2.26337901290611,passed,12,P-50GPa_frame00001054_U0.294672.poscar,False,,,,,,,,0.9999778948
npt_pressure,50,,P-50GPa,Ta-potential/03-npt-round-1/md/P-50GPa/multi_nnap_md.xyz,1104,0.2281335808,15.12696755320097,7.600524283,7.563012979,64.99369318,16,2.129796597338156,passed,13,P-50GPa_frame00001104_U0.228134.poscar,False,,,,,,,,0.999969827
npt_pressure,50,,P-50GPa,Ta-potential/03-npt-round-1/md/P-50GPa/multi_nnap_md.xyz,1154,0.2084107077,15.163040914513294,6.422360957,6.455548656,65.23884488,16,2.3459792578325995,passed,14,P-50GPa_frame00001154_U0.208411.poscar,False,,,,,,,,0.9999741039
npt_pressure,50,,P-50GPa,Ta-potential/03-npt-round-1/md/P-50GPa/multi_nnap_md.xyz,1204,0.210423762,15.660942467781975,5.968992719,6.011825965,51.51903614,16,2.30535919047089,passed,15,P-50GPa_frame00001204_U0.210424.poscar,False,,,,,,,,0.9999397814
npt_pressure,50,,P-50GPa,Ta-potential/03-npt-round-1/md/P-50GPa/multi_nnap_md.xyz,1258,0.1793980626,16.56725102635591,5.390868296,5.417562923,34.89498978,16,2.4223791355226054,passed,16,P-50GPa_frame00001258_U0.179398.poscar,False,,,,,,,,0.9998298838
npt_pressure,50,,P-50GPa,Ta-potential/03-npt-round-1/md/P-50GPa/multi_nnap_md.xyz,1309,0.2279554277,15.745512597096692,6.291423136,6.136166619,49.05074854,16,2.332027028464588,passed,17,P-50GPa_frame00001309_U0.227955.poscar,False,,,,,,,,0.999962327
npt_pressure,50,,P-50GPa,Ta-potential/03-npt-round-1/md/P-50GPa/multi_nnap_md.xyz,1359,0.3685378474,15.101427414013065,10.3082094,9.833162262,66.88832547,16,2.1664875010156193,passed,18,P-50GPa_frame00001359_U0.368538.poscar,False,,,,,,,,0.9999698531
npt_pressure,50,,P-50GPa,Ta-potential/03-npt-round-1/md/P-50GPa/multi_nnap_md.xyz,1409,0.2178428957,14.986581931202764,8.855481864,8.869316024,70.2296273,16,2.29974362168798,passed,19,P-50GPa_frame00001409_U0.217843.poscar,False,,,,,,,,0.999976472
npt_pressure,50,,P-50GPa,Ta-potential/03-npt-round-1/md/P-50GPa/multi_nnap_md.xyz,1459,0.1845817931,15.468232491693728,5.412090172,5.572698839,58.24105483,16,2.3395320027215276,passed,20,P-50GPa_frame00001459_U0.184582.poscar,False,,,,,,,,0.9999842043
npt_pressure,50,,P-50GPa,Ta-potential/03-npt-round-1/md/P-50GPa/multi_nnap_md.xyz,1509,0.2036498139,15.71447994161083,6.833850166,6.925760855,52.69683248,16,2.18325130142644,passed,21,P-50GPa_frame00001509_U0.203650.poscar,False,,,,,,,,0.9999642512
npt_pressure,50,,P-50GPa,Ta-potential/03-npt-round-1/md/P-50GPa/multi_nnap_md.xyz,1559,0.2754957648,16.195431141282867,7.271175817,7.408197388,46.76741479,16,2.2229158915121077,passed,22,P-50GPa_frame00001559_U0.275496.poscar,False,,,,,,,,0.9999570849
npt_pressure,50,,P-50GPa,Ta-potential/03-npt-round-1/md/P-50GPa/multi_nnap_md.xyz,1609,0.2620292908,16.439452313698258,6.660264875,6.80399746,39.37665629,16,2.2399007917608387,passed,23,P-50GPa_frame00001609_U0.262029.poscar,False,,,,,,,,0.9998315572
npt_pressure,50,,P-50GPa,Ta-potential/03-npt-round-1/md/P-50GPa/multi_nnap_md.xyz,1660,0.1880382122,16.50272303242957,6.392552961,6.339360055,36.05652395,16,2.374216630095155,passed,24,P-50GPa_frame00001660_U0.188038.poscar,False,,,,,,,,0.9998484301
npt_pressure,50,,P-50GPa,Ta-potential/03-npt-round-1/md/P-50GPa/multi_nnap_md.xyz,1710,0.2193803447,15.985670165783135,6.275861029,6.388070353,45.10105831,16,2.4362136588049252,passed,25,P-50GPa_frame00001710_U0.219380.poscar,False,,,,,,,,0.9999559297
npt_pressure,50,,P-50GPa,Ta-potential/03-npt-round-1/md/P-50GPa/multi_nnap_md.xyz,1762,0.198273572,15.530727875351118,8.052339682,7.925843383,54.46347108,16,2.2403059401484655,passed,26,P-50GPa_frame00001762_U0.198274.poscar,False,,,,,,,,0.9999522654
npt_pressure,50,,P-50GPa,Ta-potential/03-npt-round-1/md/P-50GPa/multi_nnap_md.xyz,1812,0.1951587561,15.367467439002153,5.879945485,6.034302773,57.15899869,16,2.3022363944509796,passed,27,P-50GPa_frame00001812_U0.195159.poscar,True,40,cur-fill,0.01604285378,000040.poscar,0.000348518673,5.141572134e-05,0.9857747598,0.9999670992
npt_pressure,50,,P-50GPa,Ta-potential/03-npt-round-1/md/P-50GPa/multi_nnap_md.xyz,1862,0.257699245,15.68043060634489,7.906224498,7.861895023,48.81125897,16,2.121143615871426,passed,28,P-50GPa_frame00001862_U0.257699.poscar,False,,,,,,,,0.9999659217
npt_pressure,50,,P-50GPa,Ta-potential/03-npt-round-1/md/P-50GPa/multi_nnap_md.xyz,1912,0.1792029314,15.824530640144069,5.382591206,5.340308352,49.41813025,16,2.36254400877676,passed,29,P-50GPa_frame00001912_U0.179203.poscar,False,,,,,,,,0.999935865
npt_pressure,50,,P-50GPa,Ta-potential/03-npt-round-1/md/P-50GPa/multi_nnap_md.xyz,1962,0.2216957125,15.713005295312591,8.664536847,8.479528585,53.02011063,16,2.1556764796014223,passed,30,P-50GPa_frame00001962_U0.221696.poscar,False,,,,,,,,0.99997559
npt_pressure,50,,P-50GPa,Ta-potential/03-npt-round-1/md/P-50GPa/multi_nnap_md.xyz,2012,0.2184285844,16.05309285201192,5.869740824,6.037605575,49.57637185,16,2.3027310683872297,passed,31,P-50GPa_frame00002012_U0.218429.poscar,False,,,,,,,,0.999973422
npt_pressure,50,,P-50GPa,Ta-potential/03-npt-round-1/md/P-50GPa/multi_nnap_md.xyz,2062,0.1994676068,16.68300263051516,6.700857687,6.571324036,36.67696258,16,2.2606602403405938,passed,32,P-50GPa_frame00002062_U0.199468.poscar,False,,,,,,,,0.9999035055
npt_pressure,50,,P-50GPa,Ta-potential/03-npt-round-1/md/P-50GPa/multi_nnap_md.xyz,2112,0.1772538299,16.69415317815894,5.494120836,5.520329554,33.4059618,16,2.3614571887554576,passed,33,P-50GPa_frame00002112_U0.177254.poscar,False,,,,,,,,0.9998219851
npt_pressure,50,,P-50GPa,Ta-potential/03-npt-round-1/md/P-50GPa/multi_nnap_md.xyz,2162,0.1834334655,16.128772212785822,5.649608709,5.876939995,43.98753557,16,2.3953751846950833,passed,34,P-50GPa_frame00002162_U0.183433.poscar,False,,,,,,,,0.9999320238
npt_pressure,50,,P-50GPa,Ta-potential/03-npt-round-1/md/P-50GPa/multi_nnap_md.xyz,2212,0.2325413407,16.002402206759434,6.15899899,6.257423249,45.11827343,16,2.1860508939734906,passed,35,P-50GPa_frame00002212_U0.232541.poscar,False,,,,,,,,0.9999207312
npt_pressure,50,,P-50GPa,Ta-potential/03-npt-round-1/md/P-50GPa/multi_nnap_md.xyz,2262,0.1768199862,15.820618973164287,6.895166567,6.929162076,48.62980372,16,2.338816756274867,passed,36,P-50GPa_frame00002262_U0.176820.poscar,False,,,,,,,,0.9999690394
npt_pressure,50,,P-50GPa,Ta-potential/03-npt-round-1/md/P-50GPa/multi_nnap_md.xyz,2312,0.2749159287,15.446033189656292,8.228481017,8.368235797,59.38983542,16,2.2132143644311477,passed,37,P-50GPa_frame00002312_U0.274916.poscar,False,,,,,,,,0.9999608691
npt_pressure,50,,P-50GPa,Ta-potential/03-npt-round-1/md/P-50GPa/multi_nnap_md.xyz,2362,0.1843336861,15.455653786496397,5.428724171,5.27327079,60.09171326,16,2.364147562174839,passed,38,P-50GPa_frame00002362_U0.184334.poscar,False,,,,,,,,0.9999858205
npt_pressure,50,,P-50GPa,Ta-potential/03-npt-round-1/md/P-50GPa/multi_nnap_md.xyz,2412,0.2153885688,15.784022884787774,5.452819605,5.453436165,54.53390509,16,2.275045172501783,passed,39,P-50GPa_frame00002412_U0.215389.poscar,False,,,,,,,,0.9999701621
npt_pressure,50,,P-50GPa,Ta-potential/03-npt-round-1/md/P-50GPa/multi_nnap_md.xyz,2462,0.2221972173,15.560428853557939,8.944892509,8.678670506,56.28393622,16,2.128801082168523,passed,40,P-50GPa_frame00002462_U0.222197.poscar,False,,,,,,,,0.9999575705
npt_pressure,50,,P-50GPa,Ta-potential/03-npt-round-1/md/P-50GPa/multi_nnap_md.xyz,2512,0.2341177564,15.936400092807947,6.524744527,6.787318428,48.35058056,16,2.216049287504706,passed,41,P-50GPa_frame00002512_U0.234118.poscar,False,,,,,,,,0.9999519708
npt_pressure,50,,P-50GPa,Ta-potential/03-npt-round-1/md/P-50GPa/multi_nnap_md.xyz,2563,0.2128954555,15.773628022472488,6.533674954,6.64524488,51.24992886,16,2.2125721118098864,passed,42,P-50GPa_frame00002563_U0.212895.poscar,False,,,,,,,,0.9999416002
npt_pressure,50,,P-50GPa,Ta-potential/03-npt-round-1/md/P-50GPa/multi_nnap_md.xyz,2613,0.2519610198,15.918700186810062,7.932033833,7.908185377,44.71509144,16,2.1719997830207216,passed,43,P-50GPa_frame00002613_U0.251961.poscar,False,,,,,,,,0.9998735733
npt_pressure,50,,P-50GPa,Ta-potential/03-npt-round-1/md/P-50GPa/multi_nnap_md.xyz,2663,0.1896386751,15.574255565078678,6.199618823,6.46479862,54.0927429,16,2.231415122637166,passed,44,P-50GPa_frame00002663_U0.189639.poscar,False,,,,,,,,0.9999773322
npt_pressure,50,,P-50GPa,Ta-potential/03-npt-round-1/md/P-50GPa/multi_nnap_md.xyz,2713,0.1754651264,15.435254995665959,4.643987843,4.701936737,55.53418362,16,2.352083533500046,passed,45,P-50GPa_frame00002713_U0.175465.poscar,False,,,,,,,,0.9999657912
npt_pressure,50,,P-50GPa,Ta-potential/03-npt-round-1/md/P-50GPa/multi_nnap_md.xyz,2763,0.191643503,15.396517727872196,5.705150185,5.821347419,55.22278187,16,2.3441016515266364,passed,46,P-50GPa_frame00002763_U0.191644.poscar,False,,,,,,,,0.9999630234
npt_pressure,50,,P-50GPa,Ta-potential/03-npt-round-1/md/P-50GPa/multi_nnap_md.xyz,2813,0.2756637104,15.562024920223504,8.562387886,8.376974648,54.11719526,16,2.106972198402345,passed,47,P-50GPa_frame00002813_U0.275664.poscar,False,,,,,,,,0.999980626
npt_pressure,50,,P-50GPa,Ta-potential/03-npt-round-1/md/P-50GPa/multi_nnap_md.xyz,2863,0.2465543829,15.890877190156349,6.432234941,6.584304896,47.98350959,16,2.238907210789805,passed,48,P-50GPa_frame00002863_U0.246554.poscar,False,,,,,,,,0.9999422166
npt_pressure,50,,P-50GPa,Ta-potential/03-npt-round-1/md/P-50GPa/multi_nnap_md.xyz,2913,0.2305202446,16.11150154148327,6.051121533,6.089752489,45.22984126,16,2.2169663687185026,passed,49,P-50GPa_frame00002913_U0.230520.poscar,False,,,,,,,,0.9999452564
npt_pressure,50,,P-50GPa,Ta-potential/03-npt-round-1/md/P-50GPa/multi_nnap_md.xyz,2963,0.2739596414,15.566639835156627,8.101898031,8.115515227,57.32414119,16,2.2260774236378422,passed,50,P-50GPa_frame00002963_U0.273960.poscar,False,,,,,,,,0.9999741582
npt_pressure,50,,P-50GPa,Ta-potential/03-npt-round-1/md/P-50GPa/multi_nnap_md.xyz,3013,0.6680542113,15.51204820373514,7.991795754,7.762923919,57.0783181,16,1.9449897713917192,passed,51,P-50GPa_frame00003013_U0.668054.poscar,True,81,cur-fill,0.009545471178,000081.poscar,4.316784731e-06,6.552700943e-07,0.9850607987,0.9999722195
npt_pressure,50,,P-50GPa,Ta-potential/03-npt-round-1/md/P-50GPa/multi_nnap_md.xyz,3063,0.3410187657,15.373544657423123,8.347234299,8.044458061,58.63220921,16,2.2411751272078897,passed,52,P-50GPa_frame00003063_U0.341019.poscar,False,,,,,,,,0.9999656812
npt_pressure,50,,P-50GPa,Ta-potential/03-npt-round-1/md/P-50GPa/multi_nnap_md.xyz,3119,0.1701799678,16.113450769344496,6.675615962,6.804229574,40.37406168,16,2.280694930251057,passed,53,P-50GPa_frame00003119_U0.170180.poscar,False,,,,,,,,0.9999095353
npt_pressure,50,,P-50GPa,Ta-potential/03-npt-round-1/md/P-50GPa/multi_nnap_md.xyz,3169,0.2010045357,15.648858820761882,6.475659857,6.627600973,48.21215926,16,2.2581486321197937,passed,54,P-50GPa_frame00003169_U0.201005.poscar,False,,,,,,,,0.9999538757
npt_pressure,50,,P-50GPa,Ta-potential/03-npt-round-1/md/P-50GPa/multi_nnap_md.xyz,3224,0.1943106296,14.927871929017167,7.922812994,8.099348178,68.27640856,16,2.316053192445252,passed,55,P-50GPa_frame00003224_U0.194311.poscar,True,46,cur-fill,0.01499206349,000046.poscar,0.0001847385424,2.452056243e-05,0.9752267669,0.9999745403
npt_pressure,50,,P-50GPa,Ta-potential/03-npt-round-1/md/P-50GPa/multi_nnap_md.xyz,3274,0.2663751674,14.814413006299525,7.137134401,7.166086041,70.07142342,16,2.2606569869970605,passed,56,P-50GPa_frame00003274_U0.266375.poscar,False,,,,,,,,0.9999650552
npt_pressure,50,,P-50GPa,Ta-potential/03-npt-round-1/md/P-50GPa/multi_nnap_md.xyz,3327,0.1747665115,16.361351745139068,5.647862378,5.713899427,38.01609273,16,2.340678161931336,passed,57,P-50GPa_frame00003327_U0.174767.poscar,False,,,,,,,,0.9999006878
npt_pressure,50,,P-50GPa,Ta-potential/03-npt-round-1/md/P-50GPa/multi_nnap_md.xyz,3381,0.176264323,15.6799780434695,6.850653835,6.805867444,51.84455967,16,2.303572374642684,passed,58,P-50GPa_frame00003381_U0.176264.poscar,False,,,,,,,,0.9999637194
npt_pressure,50,,P-50GPa,Ta-potential/03-npt-round-1/md/P-50GPa/multi_nnap_md.xyz,3431,0.1737821569,15.287862083420666,6.698194916,6.848716595,59.70843229,16,2.2928870627636693,passed,59,P-50GPa_frame00003431_U0.173782.poscar,False,,,,,,,,0.9999842204
npt_pressure,50,,P-50GPa,Ta-potential/03-npt-round-1/md/P-50GPa/multi_nnap_md.xyz,3481,0.2729094123,15.442907770312464,7.594027359,7.764017504,60.5407719,16,2.1793611725482593,passed,60,P-50GPa_frame00003481_U0.272909.poscar,False,,,,,,,,0.999958581
npt_pressure,50,,P-50GPa,Ta-potential/03-npt-round-1/md/P-50GPa/multi_nnap_md.xyz,3531,0.2737967691,15.512990944089653,9.520595311,9.258789608,59.87929769,16,2.179062096615668,passed,61,P-50GPa_frame00003531_U0.273797.poscar,False,,,,,,,,0.9999883027
npt_pressure,50,,P-50GPa,Ta-potential/03-npt-round-1/md/P-50GPa/multi_nnap_md.xyz,3581,0.26302539,16.01481579892928,7.918685259,7.6653083,48.97667768,16,2.2537127919281548,passed,62,P-50GPa_frame00003581_U0.263025.poscar,False,,,,,,,,0.9999278484
npt_pressure,50,,P-50GPa,Ta-potential/03-npt-round-1/md/P-50GPa/multi_nnap_md.xyz,3631,0.2286059833,16.284795092012068,5.668966689,5.64345069,43.4344483,16,2.3717929415259715,passed,63,P-50GPa_frame00003631_U0.228606.poscar,False,,,,,,,,0.999911461
npt_pressure,50,,P-50GPa,Ta-potential/03-npt-round-1/md/P-50GPa/multi_nnap_md.xyz,3681,0.1881305468,16.35226515940851,6.882118514,6.984533799,41.00187324,16,2.221410782071503,passed,64,P-50GPa_frame00003681_U0.188131.poscar,False,,,,,,,,0.9998447543
npt_pressure,50,,P-50GPa,Ta-potential/03-npt-round-1/md/P-50GPa/multi_nnap_md.xyz,3731,0.2528085765,15.987941084283554,8.167016848,8.377574647,46.35750648,16,2.1555653506976618,passed,65,P-50GPa_frame00003731_U0.252809.poscar,False,,,,,,,,0.9999499925
npt_pressure,50,,P-50GPa,Ta-potential/03-npt-round-1/md/P-50GPa/multi_nnap_md.xyz,3781,0.2019086624,16.161018465159685,5.734142126,5.951368665,41.65207983,16,2.3133222428603,passed,66,P-50GPa_frame00003781_U0.201909.poscar,False,,,,,,,,0.9998592716
npt_pressure,50,,P-50GPa,Ta-potential/03-npt-round-1/md/P-50GPa/multi_nnap_md.xyz,3831,0.1766354253,15.768135620637244,5.625038019,5.722420008,49.58724101,16,2.4070372671949216,passed,67,P-50GPa_frame00003831_U0.176635.poscar,False,,,,,,,,0.9999577462
npt_pressure,50,,P-50GPa,Ta-potential/03-npt-round-1/md/P-50GPa/multi_nnap_md.xyz,3881,0.1916715039,15.613419669863374,6.672174163,6.728135162,53.61428704,16,2.345757305079434,passed,68,P-50GPa_frame00003881_U0.191672.poscar,False,,,,,,,,0.9999510505
npt_pressure,50,,P-50GPa,Ta-potential/03-npt-round-1/md/P-50GPa/multi_nnap_md.xyz,3931,0.4103670574,15.415541872614774,8.996996214,8.679466477,63.76845743,16,2.2561505579973598,passed,69,P-50GPa_frame00003931_U0.410367.poscar,False,,,,,,,,0.999989445
npt_pressure,50,,P-50GPa,Ta-potential/03-npt-round-1/md/P-50GPa/multi_nnap_md.xyz,3981,0.3112225552,15.567940078406938,6.282392972,6.259042584,57.85282408,16,2.34528756227964,passed,70,P-50GPa_frame00003981_U0.311223.poscar,False,,,,,,,,0.9999562969
npt_pressure,50,,P-50GPa,Ta-potential/03-npt-round-1/md/P-50GPa/multi_nnap_md.xyz,4031,0.2216565732,15.42794657519289,8.374538052,8.523204131,59.71523753,16,2.15234683899768,passed,71,P-50GPa_frame00004031_U0.221657.poscar,False,,,,,,,,0.9999677536
npt_pressure,50,,P-50GPa,Ta-potential/03-npt-round-1/md/P-50GPa/multi_nnap_md.xyz,4087,0.176186884,16.125352385117008,5.451616606,5.492104183,42.32923624,16,2.3730658130217956,passed,72,P-50GPa_frame00004087_U0.176187.poscar,False,,,,,,,,0.9998737948
npt_pressure,50,,P-50GPa,Ta-potential/03-npt-round-1/md/P-50GPa/multi_nnap_md.xyz,4137,0.2240699536,15.59552374412075,6.689169127,6.742817932,52.18441482,16,2.2506682273269663,passed,73,P-50GPa_frame00004137_U0.224070.poscar,False,,,,,,,,0.9999566932
npt_pressure,50,,P-50GPa,Ta-potential/03-npt-round-1/md/P-50GPa/multi_nnap_md.xyz,4187,0.1752796312,15.574455032470343,5.737222847,5.736332696,53.61140835,16,2.3724984769809527,passed,74,P-50GPa_frame00004187_U0.175280.poscar,False,,,,,,,,0.999951421
npt_pressure,50,,P-50GPa,Ta-potential/03-npt-round-1/md/P-50GPa/multi_nnap_md.xyz,4237,0.2046265684,15.374604593085799,6.673341938,6.758618765,60.84617652,16,2.3093173371516698,passed,75,P-50GPa_frame00004237_U0.204627.poscar,False,,,,,,,,0.999982474
npt_pressure,50,,P-50GPa,Ta-potential/03-npt-round-1/md/P-50GPa/multi_nnap_md.xyz,4287,0.3366986822,15.525673135526336,7.688110195,7.702410687,58.46539362,16,2.1521447802645173,passed,76,P-50GPa_frame00004287_U0.336699.poscar,False,,,,,,,,0.9999862184
npt_pressure,50,,P-50GPa,Ta-potential/03-npt-round-1/md/P-50GPa/multi_nnap_md.xyz,4337,0.2961345938,15.528783337896082,8.796589516,8.786942955,59.29511464,16,2.1264511844084804,passed,77,P-50GPa_frame00004337_U0.296135.poscar,False,,,,,,,,0.9999802543
npt_pressure,50,,P-50GPa,Ta-potential/03-npt-round-1/md/P-50GPa/multi_nnap_md.xyz,4387,0.2068003704,16.10000041163303,5.969525121,6.164035735,46.03628898,16,2.318380213973346,passed,78,P-50GPa_frame00004387_U0.206800.poscar,False,,,,,,,,0.9999213907
npt_pressure,50,,P-50GPa,Ta-potential/03-npt-round-1/md/P-50GPa/multi_nnap_md.xyz,4438,0.1670514654,16.118979967903236,7.348694745,7.353669085,41.86052294,16,2.316670022580126,passed,79,P-50GPa_frame00004438_U0.167051.poscar,False,,,,,,,,0.999942389
npt_pressure,50,,P-50GPa,Ta-potential/03-npt-round-1/md/P-50GPa/multi_nnap_md.xyz,4488,0.1817304346,16.046557373858793,5.084321414,5.191185718,44.65038896,16,2.3710339209267954,passed,80,P-50GPa_frame00004488_U0.181730.poscar,False,,,,,,,,0.9998852645
npt_pressure,50,,P-50GPa,Ta-potential/03-npt-round-1/md/P-50GPa/multi_nnap_md.xyz,4538,0.2845221593,15.975152405477457,6.765985328,7.00033352,50.2683636,16,2.3382687855451647,passed,81,P-50GPa_frame00004538_U0.284522.poscar,False,,,,,,,,0.9999889582
npt_pressure,50,,P-50GPa,Ta-potential/03-npt-round-1/md/P-50GPa/multi_nnap_md.xyz,4588,0.2883722376,15.585779819488566,7.184878849,7.183626209,60.19836074,16,2.1736436864810336,passed,82,P-50GPa_frame00004588_U0.288372.poscar,False,,,,,,,,0.9999862352
npt_pressure,50,,P-50GPa,Ta-potential/03-npt-round-1/md/P-50GPa/multi_nnap_md.xyz,4638,0.2610089209,15.19046162938654,8.074267841,8.11289459,67.56637669,16,2.2060372593386592,passed,83,P-50GPa_frame00004638_U0.261009.poscar,True,61,cur-fill,0.01663155002,000061.poscar,3.029104518e-05,4.341282164e-06,0.9797336259,0.999992723
npt_pressure,50,,P-50GPa,Ta-potential/03-npt-round-1/md/P-50GPa/multi_nnap_md.xyz,4688,0.2241691994,15.286692107720203,6.917496544,6.899934657,61.45812052,16,2.27339992494802,passed,84,P-50GPa_frame00004688_U0.224169.poscar,False,,,,,,,,0.9999584461
npt_pressure,50,,P-50GPa,Ta-potential/03-npt-round-1/md/P-50GPa/multi_nnap_md.xyz,4738,0.1900435048,15.29391024467514,7.163392901,7.377346675,59.61719729,16,2.314730235395987,passed,85,P-50GPa_frame00004738_U0.190044.poscar,False,,,,,,,,0.9999837478
npt_pressure,50,,P-50GPa,Ta-potential/03-npt-round-1/md/P-50GPa/multi_nnap_md.xyz,4788,0.2843560559,15.660831728588127,7.270841971,7.305942584,56.14359351,16,2.317688585891746,passed,86,P-50GPa_frame00004788_U0.284356.poscar,False,,,,,,,,0.9999595164
npt_pressure,50,,P-50GPa,Ta-potential/03-npt-round-1/md/P-50GPa/multi_nnap_md.xyz,4838,0.2398172906,15.946476713961689,4.992885758,5.112617552,49.84942712,16,2.3363806492056094,passed,87,P-50GPa_frame00004838_U0.239817.poscar,False,,,,,,,,0.9999389941
npt_pressure,50,,P-50GPa,Ta-potential/03-npt-round-1/md/P-50GPa/multi_nnap_md.xyz,4888,0.1694006969,15.96915645667206,5.911369437,6.015334723,46.59807743,16,2.302602804885734,passed,88,P-50GPa_frame00004888_U0.169401.poscar,False,,,,,,,,0.9999444924
npt_pressure,50,,P-50GPa,Ta-potential/03-npt-round-1/md/P-50GPa/multi_nnap_md.xyz,4938,0.1987732856,15.843243326272127,7.106433358,7.039711868,48.2091751,16,2.2396078001610524,passed,89,P-50GPa_frame00004938_U0.198773.poscar,False,,,,,,,,0.9999862027
npt_pressure,50,,P-50GPa,Ta-potential/03-npt-round-1/md/P-50GPa/multi_nnap_md.xyz,4988,0.1828027055,16.0408193020993,6.57986539,6.4980452,43.62043613,16,2.2952210395889243,passed,90,P-50GPa_frame00004988_U0.182803.poscar,False,,,,,,,,0.9998962115
