source_type,source_value,scale_factor,trajectory,trajectory_path,frame,uncertainty,volume_per_atom,max_force,max_force_model0,candidate_rank_source,min_distance_A,void_radius_A,normalized_void,physical_gate_reasons
npt_pressure,1,,P-1GPa,Ti-potential/fcc-restart/04-npt-round-2/md/P-1GPa/multi_nnap_md.xyz,515,0.5078000547,17.40899888,5.663963032,5.596911011,7,1.7646821463788247,2.3419673690480147,0.9036277800693708,min_distance_A<1.77527
npt_pressure,1,,P-1GPa,Ti-potential/fcc-restart/04-npt-round-2/md/P-1GPa/multi_nnap_md.xyz,521,0.1615430137,18.23730649,3.20088381,3.145392283,10,2.0337174724587923,2.495056050413403,0.9478946543495304,normalized_void>0.946161
npt_pressure,1,,P-1GPa,Ti-potential/fcc-restart/04-npt-round-2/md/P-1GPa/multi_nnap_md.xyz,530,0.5617097631,20.08283944,6.959203355,6.886772648,18,1.7104976668161453,2.520389544540583,0.9272410085355594,min_distance_A<1.77527
npt_pressure,1,,P-1GPa,Ti-potential/fcc-restart/04-npt-round-2/md/P-1GPa/multi_nnap_md.xyz,532,0.5027374613,19.9873669,5.673024352,5.467598151,20,1.7903244740099247,2.568897605169946,0.9465893173289416,normalized_void>0.946161
npt_pressure,1,,P-1GPa,Ti-potential/fcc-restart/04-npt-round-2/md/P-1GPa/multi_nnap_md.xyz,533,0.2987506078,19.85683905,4.784756001,4.705106639,21,1.8630378387306115,2.5753667830564457,0.9510478863134151,normalized_void>0.946161
npt_pressure,1,,P-1GPa,Ti-potential/fcc-restart/04-npt-round-2/md/P-1GPa/multi_nnap_md.xyz,534,0.1756260375,19.68369699,3.538510095,3.587377444,22,2.019657714458322,2.5666764185747897,0.9506096753589058,normalized_void>0.946161
npt_pressure,1,,P-1GPa,Ti-potential/fcc-restart/04-npt-round-2/md/P-1GPa/multi_nnap_md.xyz,538,1.380007707,18.79505272,8.289418917,8.81693232,25,1.663010294733468,2.4809162901132336,0.933105883914569,min_distance_A<1.77527
npt_pressure,1,,P-1GPa,Ti-potential/fcc-restart/04-npt-round-2/md/P-1GPa/multi_nnap_md.xyz,539,1.057844891,18.60150978,7.400287923,7.590113304,26,1.6931954107565408,2.50568049582963,0.9456772923268314,min_distance_A<1.77527
npt_pressure,1,,P-1GPa,Ti-potential/fcc-restart/04-npt-round-2/md/P-1GPa/multi_nnap_md.xyz,540,0.2550346239,18.44583521,4.298876661,4.107596205,27,1.8500407602667985,2.525681352256338,0.9558999735680366,normalized_void>0.946161
npt_pressure,1,,P-1GPa,Ti-potential/fcc-restart/04-npt-round-2/md/P-1GPa/multi_nnap_md.xyz,541,0.1512955948,18.33060174,3.381625332,3.390834376,28,1.9571406421230408,2.529063220608859,0.9591814662024881,normalized_void>0.946161
npt_pressure,1,,P-1GPa,Ti-potential/fcc-restart/04-npt-round-2/md/P-1GPa/multi_nnap_md.xyz,542,0.1898906606,18.26208025,3.900749369,3.957522894,29,2.1094161255740853,2.5410076928909198,0.9649153847739679,normalized_void>0.946161
npt_pressure,1,,P-1GPa,Ti-potential/fcc-restart/04-npt-round-2/md/P-1GPa/multi_nnap_md.xyz,549,0.1354317956,19.00318898,3.314765621,3.31880578,34,1.9315603920818334,2.5504725975525884,0.9557518910978402,normalized_void>0.946161
npt_pressure,1,,P-1GPa,Ti-potential/fcc-restart/04-npt-round-2/md/P-1GPa/multi_nnap_md.xyz,550,0.1535914534,19.19347067,2.977021897,2.956505606,35,1.9893941638936594,2.5966449601477604,0.9698280362206353,normalized_void>0.946161
npt_pressure,1,,P-1GPa,Ti-potential/fcc-restart/04-npt-round-2/md/P-1GPa/multi_nnap_md.xyz,551,0.1775939826,19.37892573,2.830065547,2.814320191,36,2.0430059960817895,2.631243366070322,0.979605283497677,normalized_void>0.946161
npt_pressure,1,,P-1GPa,Ti-potential/fcc-restart/04-npt-round-2/md/P-1GPa/multi_nnap_md.xyz,552,0.2269535117,19.55240708,2.957970698,3.004996729,37,1.9821236870133612,2.599693705539922,0.9649884289287649,normalized_void>0.946161
npt_pressure,1,,P-1GPa,Ti-potential/fcc-restart/04-npt-round-2/md/P-1GPa/multi_nnap_md.xyz,553,0.2137039823,19.70680561,3.047443041,3.11538857,38,1.9860201152089385,2.6364412234129575,0.9760663696475037,normalized_void>0.946161
npt_pressure,1,,P-1GPa,Ti-potential/fcc-restart/04-npt-round-2/md/P-1GPa/multi_nnap_md.xyz,554,0.1926210845,19.83297706,2.799616129,2.833926376,39,2.0488920805672697,2.650294487182024,0.9791100235924258,normalized_void>0.946161
npt_pressure,1,,P-1GPa,Ti-potential/fcc-restart/04-npt-round-2/md/P-1GPa/multi_nnap_md.xyz,555,0.15462763,19.91993361,2.401391029,2.531948066,40,2.0912405533295075,2.625669921911114,0.9685993358792168,normalized_void>0.946161
npt_pressure,1,,P-1GPa,Ti-potential/fcc-restart/04-npt-round-2/md/P-1GPa/multi_nnap_md.xyz,584,0.1473285123,19.6655535,2.809205627,2.87005525,51,2.141901589628597,2.576885043806861,0.9546840204563348,normalized_void>0.946161
npt_pressure,1,,P-1GPa,Ti-potential/fcc-restart/04-npt-round-2/md/P-1GPa/multi_nnap_md.xyz,587,0.1303961006,19.83608186,2.593517254,2.622193923,52,2.1365270529222102,2.8661188952573617,1.0587877427066554,normalized_void>0.946161
npt_pressure,1,,P-1GPa,Ti-potential/fcc-restart/04-npt-round-2/md/P-1GPa/multi_nnap_md.xyz,593,0.1584490612,19.28454848,2.959513076,2.890074148,53,2.000400361560569,2.8588945085336546,1.0660927064118548,normalized_void>0.946161
npt_pressure,1,,P-1GPa,Ti-potential/fcc-restart/04-npt-round-2/md/P-1GPa/multi_nnap_md.xyz,594,0.2828714042,19.14901245,4.117425991,3.92992531,54,1.903663936711068,2.821643156072083,1.0546781819913056,normalized_void>0.946161
npt_pressure,1,,P-1GPa,Ti-potential/fcc-restart/04-npt-round-2/md/P-1GPa/multi_nnap_md.xyz,595,0.4957314839,19.02525159,5.142431483,4.953450657,55,1.829890837301362,2.7561262859074436,1.0324181801066126,normalized_void>0.946161
npt_pressure,1,,P-1GPa,Ti-potential/fcc-restart/04-npt-round-2/md/P-1GPa/multi_nnap_md.xyz,596,0.381503716,18.91968397,4.226879702,4.148292421,56,1.9065243991181664,2.7009582883983247,1.0136310790770946,normalized_void>0.946161
npt_pressure,1,,P-1GPa,Ti-potential/fcc-restart/04-npt-round-2/md/P-1GPa/multi_nnap_md.xyz,597,0.2481242454,18.83006976,3.098898951,3.067398788,57,2.1096265705558195,2.642706693428871,0.9933409094979684,normalized_void>0.946161
npt_pressure,1,,P-1GPa,Ti-potential/fcc-restart/04-npt-round-2/md/P-1GPa/multi_nnap_md.xyz,598,0.1320198708,18.74872346,2.797458532,2.746535973,58,2.177940348532712,2.5835225915710365,0.972497206462061,normalized_void>0.946161
npt_pressure,1,,P-1GPa,Ti-potential/fcc-restart/04-npt-round-2/md/P-1GPa/multi_nnap_md.xyz,603,0.1832358473,18.34574673,3.773033742,3.705641445,63,2.042670550606305,2.502966720634367,0.9490227221929491,normalized_void>0.946161
npt_pressure,1,,P-1GPa,Ti-potential/fcc-restart/04-npt-round-2/md/P-1GPa/multi_nnap_md.xyz,604,0.1786937944,18.29017465,3.31501338,3.359740629,64,2.128747874961475,2.515135139146598,0.954601342172127,normalized_void>0.946161
npt_pressure,1,,P-1GPa,Ti-potential/fcc-restart/04-npt-round-2/md/P-1GPa/multi_nnap_md.xyz,605,0.1830106464,18.2498108,2.561027454,2.576930135,65,2.053072354349025,2.492814809115905,0.9468268401441094,normalized_void>0.946161
npt_pressure,1,,P-1GPa,Ti-potential/fcc-restart/04-npt-round-2/md/P-1GPa/multi_nnap_md.xyz,646,0.1308032993,18.86729017,2.981041707,2.924448167,96,2.0637792605879053,2.5414987753164118,0.9546702635009526,normalized_void>0.946161
npt_pressure,1,,P-1GPa,Ti-potential/fcc-restart/04-npt-round-2/md/P-1GPa/multi_nnap_md.xyz,647,0.1625287459,19.00641777,2.985097182,3.018981134,97,1.9656021098360115,2.574644513498017,0.9647553224572546,normalized_void>0.946161
npt_pressure,1,,P-1GPa,Ti-potential/fcc-restart/04-npt-round-2/md/P-1GPa/multi_nnap_md.xyz,648,0.2335850021,19.13100524,5.064812744,4.929590827,98,1.822062194404403,2.6083169795248136,0.9752465851776526,normalized_void>0.946161
npt_pressure,1,,P-1GPa,Ti-potential/fcc-restart/04-npt-round-2/md/P-1GPa/multi_nnap_md.xyz,649,0.1918773378,19.24365369,4.622990553,4.508858635,99,1.840518006787404,2.6391721575545364,0.9848540533484489,normalized_void>0.946161
npt_pressure,1,,P-1GPa,Ti-potential/fcc-restart/04-npt-round-2/md/P-1GPa/multi_nnap_md.xyz,650,0.1455582658,19.341791,3.169685301,3.137600966,100,2.0112310687786836,2.6626935039130486,0.9919481002535012,normalized_void>0.946161
npt_pressure,1,,P-1GPa,Ti-potential/fcc-restart/04-npt-round-2/md/P-1GPa/multi_nnap_md.xyz,651,0.1587767882,19.41765669,2.733240001,2.75527761,101,2.0166629402048897,2.675516708673161,0.9954254223074004,normalized_void>0.946161
npt_pressure,1,,P-1GPa,Ti-potential/fcc-restart/04-npt-round-2/md/P-1GPa/multi_nnap_md.xyz,652,0.1388608145,19.46412338,2.62995542,2.564756582,102,2.032945161061976,2.678524835744884,0.9957509467132157,normalized_void>0.946161
npt_pressure,1,,P-1GPa,Ti-potential/fcc-restart/04-npt-round-2/md/P-1GPa/multi_nnap_md.xyz,653,0.1568636305,19.47643211,2.488798503,2.501224778,103,1.976230744532416,2.6763865879510513,0.99474640374558,normalized_void>0.946161
npt_pressure,1,,P-1GPa,Ti-potential/fcc-restart/04-npt-round-2/md/P-1GPa/multi_nnap_md.xyz,654,0.3192845746,19.4544331,3.16139636,3.228659221,104,1.8790067560344323,2.668582080562223,0.9922193799499606,normalized_void>0.946161
npt_pressure,1,,P-1GPa,Ti-potential/fcc-restart/04-npt-round-2/md/P-1GPa/multi_nnap_md.xyz,655,0.2133261075,19.40321646,3.126292031,3.116967253,105,1.9359791013202297,2.6501462233964177,0.9862308743316626,normalized_void>0.946161
npt_pressure,1,,P-1GPa,Ti-potential/fcc-restart/04-npt-round-2/md/P-1GPa/multi_nnap_md.xyz,656,0.1693651764,19.3305791,3.335349946,3.12009321,106,2.076828547617964,2.6246858072393118,0.9779778859511595,normalized_void>0.946161
npt_pressure,1,,P-1GPa,Ti-potential/fcc-restart/04-npt-round-2/md/P-1GPa/multi_nnap_md.xyz,657,0.1885976489,19.24741652,3.008079734,2.88963616,107,2.0611009613891778,2.5736360562369263,0.9603355015657756,normalized_void>0.946161
npt_pressure,1,,P-1GPa,Ti-potential/fcc-restart/04-npt-round-2/md/P-1GPa/multi_nnap_md.xyz,658,0.1776144124,19.1655716,3.154961174,3.112901493,108,2.0638414327227195,2.545553324707375,0.9512067870651223,normalized_void>0.946161
npt_pressure,1,,P-1GPa,Ti-potential/fcc-restart/04-npt-round-2/md/P-1GPa/multi_nnap_md.xyz,659,0.2372211436,19.09288463,3.555963642,3.6016303,109,2.011663913957991,2.5542772615146467,0.9556763847679124,normalized_void>0.946161
npt_pressure,1,,P-1GPa,Ti-potential/fcc-restart/04-npt-round-2/md/P-1GPa/multi_nnap_md.xyz,660,0.2577740536,19.03217785,3.437139903,3.473374313,110,1.9566681905965382,2.555495115230744,0.9571475515059672,normalized_void>0.946161
npt_pressure,1,,P-1GPa,Ti-potential/fcc-restart/04-npt-round-2/md/P-1GPa/multi_nnap_md.xyz,661,0.2317089428,18.98191152,3.995949104,3.886259749,111,1.9660388036522713,2.554895885289137,0.9577670500508868,normalized_void>0.946161
npt_pressure,1,,P-1GPa,Ti-potential/fcc-restart/04-npt-round-2/md/P-1GPa/multi_nnap_md.xyz,662,0.2050436859,18.93757155,4.131442997,4.031007605,112,2.0037267634792877,2.5500660035331455,0.9567019501643269,normalized_void>0.946161
npt_pressure,1,,P-1GPa,Ti-potential/fcc-restart/04-npt-round-2/md/P-1GPa/multi_nnap_md.xyz,664,0.1328663654,18.85054066,2.813921222,2.809429104,113,2.078566331519738,2.535570326282866,0.9527253557256106,normalized_void>0.946161
npt_pressure,1,,P-1GPa,Ti-potential/fcc-restart/04-npt-round-2/md/P-1GPa/multi_nnap_md.xyz,665,0.1801805015,18.80608449,3.250280931,3.277834845,114,2.061424749077807,2.5393486572287647,0.9548962915915905,normalized_void>0.946161
npt_pressure,1,,P-1GPa,Ti-potential/fcc-restart/04-npt-round-2/md/P-1GPa/multi_nnap_md.xyz,666,0.1847579921,18.76577228,4.093018801,4.03930741,115,2.0567117409730056,2.5391200991119662,0.9554935564777342,normalized_void>0.946161
npt_pressure,1,,P-1GPa,Ti-potential/fcc-restart/04-npt-round-2/md/P-1GPa/multi_nnap_md.xyz,715,0.1337964272,19.21668545,2.937696081,2.948326291,138,2.1607799742421867,2.5925851264433852,0.9679216365600104,normalized_void>0.946161
npt_pressure,1,,P-1GPa,Ti-potential/fcc-restart/04-npt-round-2/md/P-1GPa/multi_nnap_md.xyz,740,0.1497789364,19.42904114,3.374174152,3.415188909,160,2.121931708829368,2.6770270891887655,0.9957927880794485,normalized_void>0.946161
npt_pressure,1,,P-1GPa,Ti-potential/fcc-restart/04-npt-round-2/md/P-1GPa/multi_nnap_md.xyz,785,0.1306170955,18.69290434,2.888513568,2.777962485,193,2.140925026994501,2.527350209991688,0.9522986403614871,normalized_void>0.946161
npt_pressure,1,,P-1GPa,Ti-potential/fcc-restart/04-npt-round-2/md/P-1GPa/multi_nnap_md.xyz,800,0.1288117429,18.68323879,3.193517814,3.22632085,198,1.888454260456876,2.533854787733924,0.954914161835545,normalized_void>0.946161
npt_pressure,1,,P-1GPa,Ti-potential/fcc-restart/04-npt-round-2/md/P-1GPa/multi_nnap_md.xyz,801,0.2982162969,18.72104688,4.895356255,4.889887083,199,1.7858647598476645,2.572223648351048,0.9687209299087267,normalized_void>0.946161
npt_pressure,1,,P-1GPa,Ti-potential/fcc-restart/04-npt-round-2/md/P-1GPa/multi_nnap_md.xyz,802,0.1324620761,18.74335509,3.423504191,3.500802709,200,1.8653924157881334,2.5452682132323097,0.9581888425521329,normalized_void>0.946161
npt_pressure,1,,P-1GPa,Ti-potential/fcc-restart/04-npt-round-2/md/P-1GPa/multi_nnap_md.xyz,823,0.1787318336,19.14496448,3.684967853,3.818683864,211,2.020525283470582,2.6028298363360824,0.9729583617269276,normalized_void>0.946161
npt_pressure,1,,P-1GPa,Ti-potential/fcc-restart/04-npt-round-2/md/P-1GPa/multi_nnap_md.xyz,824,0.2009683851,19.37709611,4.433718757,4.347551966,212,1.8329830086895056,2.664803041043081,0.9921306903483107,normalized_void>0.946161
npt_pressure,1,,P-1GPa,Ti-potential/fcc-restart/04-npt-round-2/md/P-1GPa/multi_nnap_md.xyz,825,0.6171436222,19.6221375,5.75735459,5.646370918,213,1.7671617088856126,2.6909705449026156,0.9976851449276536,min_distance_A<1.77527;normalized_void>0.946161
npt_pressure,1,,P-1GPa,Ti-potential/fcc-restart/04-npt-round-2/md/P-1GPa/multi_nnap_md.xyz,826,0.2213633269,19.86857809,3.113763406,3.191395227,214,1.8860703595264783,2.679563926660203,0.9893315522098195,normalized_void>0.946161
npt_pressure,1,,P-1GPa,Ti-potential/fcc-restart/04-npt-round-2/md/P-1GPa/multi_nnap_md.xyz,827,0.1551300462,20.09518304,2.669501965,2.698436459,215,2.014153701966638,2.6401867857094756,0.9711150041934585,normalized_void>0.946161
npt_pressure,1,,P-1GPa,Ti-potential/fcc-restart/04-npt-round-2/md/P-1GPa/multi_nnap_md.xyz,829,0.183266108,20.40294164,2.868098477,2.840369939,216,2.0211967545700946,2.609682983888433,0.9550442437768928,normalized_void>0.946161
npt_pressure,1,,P-1GPa,Ti-potential/fcc-restart/04-npt-round-2/md/P-1GPa/multi_nnap_md.xyz,830,0.3039230553,20.46229056,4.089758772,3.982765282,217,1.8888775050127324,2.6472604746922888,0.9678586287823105,normalized_void>0.946161
npt_pressure,1,,P-1GPa,Ti-potential/fcc-restart/04-npt-round-2/md/P-1GPa/multi_nnap_md.xyz,831,0.2386013443,20.46060906,3.758057554,3.69029085,218,1.8972370243175654,2.6306154031197257,0.9617994097654432,normalized_void>0.946161
npt_pressure,1,,P-1GPa,Ti-potential/fcc-restart/04-npt-round-2/md/P-1GPa/multi_nnap_md.xyz,832,0.2429597712,20.40662094,3.738945696,3.804969812,219,1.9592240220051356,2.6063052672629583,0.9537508014537904,normalized_void>0.946161
npt_pressure,1,,P-1GPa,Ti-potential/fcc-restart/04-npt-round-2/md/P-1GPa/multi_nnap_md.xyz,833,0.2957258887,20.30988956,3.777005275,3.844919286,220,1.8532410613352166,2.6019970771815744,0.9536835328417711,normalized_void>0.946161
npt_pressure,1,,P-1GPa,Ti-potential/fcc-restart/04-npt-round-2/md/P-1GPa/multi_nnap_md.xyz,834,0.3239260453,20.180049,3.934535936,3.921216684,221,1.8609820243075361,2.643446360008375,0.970949025296522,normalized_void>0.946161
npt_pressure,1,,P-1GPa,Ti-potential/fcc-restart/04-npt-round-2/md/P-1GPa/multi_nnap_md.xyz,835,0.2593108689,20.02153766,4.344985855,4.518951118,222,1.867321802484842,2.6677291804264645,0.9824472992772185,normalized_void>0.946161
npt_pressure,1,,P-1GPa,Ti-potential/fcc-restart/04-npt-round-2/md/P-1GPa/multi_nnap_md.xyz,836,0.2816321638,19.83423542,4.298262986,4.423363292,223,1.8592891524526483,2.6643438533088295,0.9842795267857737,normalized_void>0.946161
npt_pressure,1,,P-1GPa,Ti-potential/fcc-restart/04-npt-round-2/md/P-1GPa/multi_nnap_md.xyz,837,0.2587988248,19.61851097,3.057845271,3.234519105,224,1.9175189040377782,2.636260981109497,0.9774616365402277,normalized_void>0.946161
npt_pressure,1,,P-1GPa,Ti-potential/fcc-restart/04-npt-round-2/md/P-1GPa/multi_nnap_md.xyz,838,0.2944551256,19.37711956,3.260202585,3.289616525,225,1.8876157447809174,2.6392254278755973,0.9826075132105976,normalized_void>0.946161
npt_pressure,1,,P-1GPa,Ti-potential/fcc-restart/04-npt-round-2/md/P-1GPa/multi_nnap_md.xyz,839,0.2508602348,19.11741925,3.670703128,3.647950115,226,1.8534032547550479,2.606303748494381,0.9747246304969266,normalized_void>0.946161
npt_pressure,1,,P-1GPa,Ti-potential/fcc-restart/04-npt-round-2/md/P-1GPa/multi_nnap_md.xyz,840,0.3371956837,18.85219585,5.569984286,5.24292428,227,1.7741141809790055,2.561803021056081,0.9625539617761433,min_distance_A<1.77527;normalized_void>0.946161
npt_pressure,1,,P-1GPa,Ti-potential/fcc-restart/04-npt-round-2/md/P-1GPa/multi_nnap_md.xyz,841,0.4097683238,18.59725435,5.65993491,5.581519345,228,1.8309902143349557,2.509189044622309,0.9470736910175812,normalized_void>0.946161
npt_pressure,1,,P-1GPa,Ti-potential/fcc-restart/04-npt-round-2/md/P-1GPa/multi_nnap_md.xyz,846,0.7509709317,17.78034738,7.713499361,7.099062313,233,1.6998342526098937,2.3902857697980084,0.9158051443827671,min_distance_A<1.77527
npt_pressure,1,,P-1GPa,Ti-potential/fcc-restart/04-npt-round-2/md/P-1GPa/multi_nnap_md.xyz,847,0.3106138903,17.72625234,5.655999782,5.533329099,234,1.769138823125312,2.4810086186621807,0.9515303181035035,min_distance_A<1.77527;normalized_void>0.946161
npt_pressure,1,,P-1GPa,Ti-potential/fcc-restart/04-npt-round-2/md/P-1GPa/multi_nnap_md.xyz,848,0.1517514365,17.71557164,3.283107349,3.279589191,235,2.0096128659471995,2.511620075464128,0.9634641414744258,normalized_void>0.946161
npt_pressure,1,,P-1GPa,Ti-potential/fcc-restart/04-npt-round-2/md/P-1GPa/multi_nnap_md.xyz,849,0.1827238241,17.74862427,3.492290725,3.426169704,236,2.06388094583064,2.5045459276355246,0.9601537183815894,normalized_void>0.946161
npt_pressure,1,,P-1GPa,Ti-potential/fcc-restart/04-npt-round-2/md/P-1GPa/multi_nnap_md.xyz,850,0.1722887203,17.82591046,3.53854453,3.669019191,237,2.0244731375175204,2.4986059318139087,0.9564902038499553,normalized_void>0.946161
npt_pressure,1,,P-1GPa,Ti-potential/fcc-restart/04-npt-round-2/md/P-1GPa/multi_nnap_md.xyz,851,0.1982769411,17.94363658,3.384357768,3.527367388,238,1.926086359738779,2.4932427512827244,0.9523452283485979,normalized_void>0.946161
npt_pressure,1,,P-1GPa,Ti-potential/fcc-restart/04-npt-round-2/md/P-1GPa/multi_nnap_md.xyz,859,0.1311760254,19.06975654,3.190548149,3.18877433,245,2.0648241764620945,2.563809559957896,0.9596305082092791,normalized_void>0.946161
npt_pressure,1,,P-1GPa,Ti-potential/fcc-restart/04-npt-round-2/md/P-1GPa/multi_nnap_md.xyz,861,0.1639980864,19.17530494,3.110784965,3.080921854,246,1.9438403558396853,2.586402604657204,0.9663075421696433,normalized_void>0.946161
npt_pressure,1,,P-1GPa,Ti-potential/fcc-restart/04-npt-round-2/md/P-1GPa/multi_nnap_md.xyz,862,0.1721455605,19.18974133,3.00008868,3.014351195,247,1.9219951802390065,2.570548354580561,0.9601433335621657,normalized_void>0.946161
npt_pressure,1,,P-1GPa,Ti-potential/fcc-restart/04-npt-round-2/md/P-1GPa/multi_nnap_md.xyz,863,0.1504511534,19.17659608,2.760223007,2.69577684,248,1.9864990299417418,2.5374693145478684,0.9480042671294218,normalized_void>0.946161
npt_pressure,1,,P-1GPa,Ti-potential/fcc-restart/04-npt-round-2/md/P-1GPa/multi_nnap_md.xyz,891,0.402565711,19.19873637,5.352109827,5.076323406,271,1.7729068483485035,2.550768095211739,0.9526062528017284,min_distance_A<1.77527;normalized_void>0.946161
npt_pressure,1,,P-1GPa,Ti-potential/fcc-restart/04-npt-round-2/md/P-1GPa/multi_nnap_md.xyz,892,0.174468216,19.20164772,2.486311499,2.642122865,272,1.9240935649394846,2.564989013519068,0.9578687614329033,normalized_void>0.946161
npt_pressure,1,,P-1GPa,Ti-potential/fcc-restart/04-npt-round-2/md/P-1GPa/multi_nnap_md.xyz,893,0.178747469,19.1840997,2.354725845,2.316309837,273,2.0951422145555427,2.5674169678721035,0.9590677028614741,normalized_void>0.946161
npt_pressure,1,,P-1GPa,Ti-potential/fcc-restart/04-npt-round-2/md/P-1GPa/multi_nnap_md.xyz,894,0.1768066242,19.14218032,2.939832437,2.930191066,274,1.9081234243474146,2.5659439127071733,0.9592166123041108,normalized_void>0.946161
npt_pressure,1,,P-1GPa,Ti-potential/fcc-restart/04-npt-round-2/md/P-1GPa/multi_nnap_md.xyz,930,0.1640610286,18.17331751,3.134557064,3.145004685,297,1.9610504932492343,2.523265274120106,0.959735382251552,normalized_void>0.946161
npt_pressure,1,,P-1GPa,Ti-potential/fcc-restart/04-npt-round-2/md/P-1GPa/multi_nnap_md.xyz,931,0.1666724862,18.09000581,3.394814035,3.475497282,298,1.858326423989551,2.5497877529821635,0.9713098555116697,normalized_void>0.946161
npt_pressure,1,,P-1GPa,Ti-potential/fcc-restart/04-npt-round-2/md/P-1GPa/multi_nnap_md.xyz,932,0.1592641782,18.04148972,3.285920533,3.26739984,299,1.8851766428694336,2.5648428893765565,0.977919941673345,normalized_void>0.946161
npt_pressure,1,,P-1GPa,Ti-potential/fcc-restart/04-npt-round-2/md/P-1GPa/multi_nnap_md.xyz,933,0.1840373696,18.02999132,2.822289781,2.802858944,300,2.0314223997137963,2.5619342294973872,0.9770185371264658,normalized_void>0.946161
npt_pressure,1,,P-1GPa,Ti-potential/fcc-restart/04-npt-round-2/md/P-1GPa/multi_nnap_md.xyz,934,0.1574709743,18.05426385,3.036797502,2.978890734,301,1.9606004904257817,2.552275324652987,0.9728986334453603,normalized_void>0.946161
npt_pressure,1,,P-1GPa,Ti-potential/fcc-restart/04-npt-round-2/md/P-1GPa/multi_nnap_md.xyz,946,0.2002195425,19.28735496,3.216269733,3.120085227,309,1.90840653683526,2.5637138092113974,0.9559723216282836,normalized_void>0.946161
npt_pressure,1,,P-1GPa,Ti-potential/fcc-restart/04-npt-round-2/md/P-1GPa/multi_nnap_md.xyz,947,0.1471634155,19.29512976,2.858921643,2.902251292,310,1.9780852044325965,2.588398326708771,0.9650471723807618,normalized_void>0.946161
npt_pressure,1,,P-1GPa,Ti-potential/fcc-restart/04-npt-round-2/md/P-1GPa/multi_nnap_md.xyz,948,0.1517141535,19.28252466,3.042388849,3.074438369,311,2.0830466560319194,2.607096125038872,0.9722301366505529,normalized_void>0.946161
npt_pressure,1,,P-1GPa,Ti-potential/fcc-restart/04-npt-round-2/md/P-1GPa/multi_nnap_md.xyz,949,0.1733157785,19.24715656,3.156346045,3.161414257,312,2.1075917363502668,2.6187422933366333,0.9771709988919478,normalized_void>0.946161
npt_pressure,1,,P-1GPa,Ti-potential/fcc-restart/04-npt-round-2/md/P-1GPa/multi_nnap_md.xyz,950,0.1369441717,19.18761255,2.327939935,2.350369555,313,2.100513808444521,2.6073422447210963,0.973922489386475,normalized_void>0.946161
npt_pressure,1,,P-1GPa,Ti-potential/fcc-restart/04-npt-round-2/md/P-1GPa/multi_nnap_md.xyz,953,0.1528351382,18.88276038,3.665363348,3.685315376,314,2.0620779060853534,2.565967881456469,0.9635983668089422,normalized_void>0.946161
npt_pressure,1,,P-1GPa,Ti-potential/fcc-restart/04-npt-round-2/md/P-1GPa/multi_nnap_md.xyz,954,0.2907228579,18.76356079,3.546063091,3.716169245,315,1.9181757678426024,2.562756902452383,0.9644261829458838,normalized_void>0.946161
npt_pressure,1,,P-1GPa,Ti-potential/fcc-restart/04-npt-round-2/md/P-1GPa/multi_nnap_md.xyz,955,0.260109119,18.65465558,3.915423206,3.979203116,316,1.8919076613994683,2.5669865741554583,0.9678941216032528,normalized_void>0.946161
npt_pressure,1,,P-1GPa,Ti-potential/fcc-restart/04-npt-round-2/md/P-1GPa/multi_nnap_md.xyz,956,0.192168074,18.56239711,3.202983896,3.085727429,317,1.993974482268835,2.568329790786064,0.9700023122469535,normalized_void>0.946161
npt_pressure,1,,P-1GPa,Ti-potential/fcc-restart/04-npt-round-2/md/P-1GPa/multi_nnap_md.xyz,957,0.1489984878,18.48586252,3.160703337,3.109250913,318,2.1276853022158035,2.555857972619998,0.9666223007364022,normalized_void>0.946161
npt_pressure,1,,P-1GPa,Ti-potential/fcc-restart/04-npt-round-2/md/P-1GPa/multi_nnap_md.xyz,1003,0.2290924837,18.38020924,3.386878933,3.389797899,353,1.961618846573245,2.543813570382485,0.9639069894760136,normalized_void>0.946161
npt_pressure,1,,P-1GPa,Ti-potential/fcc-restart/04-npt-round-2/md/P-1GPa/multi_nnap_md.xyz,1004,0.1484950899,18.44236128,2.800763814,2.838328456,354,2.05307415419513,2.584408850511503,0.9781881059464893,normalized_void>0.946161
npt_pressure,1,,P-1GPa,Ti-potential/fcc-restart/04-npt-round-2/md/P-1GPa/multi_nnap_md.xyz,1005,0.1563231399,18.5121142,3.054349846,3.07899994,355,2.061136816418014,2.611123617756321,0.9870566817795178,normalized_void>0.946161
npt_pressure,1,,P-1GPa,Ti-potential/fcc-restart/04-npt-round-2/md/P-1GPa/multi_nnap_md.xyz,1006,0.2089590362,18.58867774,3.391238538,3.412786925,356,2.006598400334732,2.6341588663235833,0.9943954556465228,normalized_void>0.946161
npt_pressure,1,,P-1GPa,Ti-potential/fcc-restart/04-npt-round-2/md/P-1GPa/multi_nnap_md.xyz,1007,0.1627709966,18.67030109,3.175385135,3.265570593,357,2.0412586494325122,2.6472463127713652,0.9978775332595601,normalized_void>0.946161
npt_pressure,1,,P-1GPa,Ti-potential/fcc-restart/04-npt-round-2/md/P-1GPa/multi_nnap_md.xyz,1010,0.1452673429,18.88818035,4.225790432,4.209260227,358,1.917105016782779,2.5873754133239126,0.9715445949366367,normalized_void>0.946161
npt_pressure,1,,P-1GPa,Ti-potential/fcc-restart/04-npt-round-2/md/P-1GPa/multi_nnap_md.xyz,1011,0.176461895,18.93162961,4.117781743,4.124666599,359,1.9019293929802932,2.5590145406309115,0.9601595824372368,normalized_void>0.946161
npt_pressure,1,,P-1GPa,Ti-potential/fcc-restart/04-npt-round-2/md/P-1GPa/multi_nnap_md.xyz,1012,0.1611745232,18.95084579,3.242697799,3.310397805,360,1.918920664535185,2.5237864726516452,0.9466215979409301,normalized_void>0.946161
npt_pressure,1,,P-1GPa,Ti-potential/fcc-restart/04-npt-round-2/md/P-1GPa/multi_nnap_md.xyz,1026,0.5075580953,17.94817669,5.921692423,5.889621234,370,1.7253373196919257,2.3645424062082636,0.9031093288178692,min_distance_A<1.77527
npt_pressure,1,,P-1GPa,Ti-potential/fcc-restart/04-npt-round-2/md/P-1GPa/multi_nnap_md.xyz,1033,0.1365275307,18.71613903,3.5948029,3.532682579,374,2.0243824828414465,2.553693335836535,0.9618263164104353,normalized_void>0.946161
npt_pressure,1,,P-1GPa,Ti-potential/fcc-restart/04-npt-round-2/md/P-1GPa/multi_nnap_md.xyz,1034,0.2838425556,18.87104346,3.457706091,3.369695995,375,1.9413746430906447,2.570986278250521,0.9656827058680342,normalized_void>0.946161
npt_pressure,1,,P-1GPa,Ti-potential/fcc-restart/04-npt-round-2/md/P-1GPa/multi_nnap_md.xyz,1035,0.5269629191,19.01392971,3.314297565,3.276054013,376,1.893328285011444,2.5652839509275633,0.9611211835694762,normalized_void>0.946161
npt_pressure,1,,P-1GPa,Ti-potential/fcc-restart/04-npt-round-2/md/P-1GPa/multi_nnap_md.xyz,1036,0.4619123782,19.13291127,3.221703031,3.150458393,377,1.9088239121987214,2.5371021748530698,0.9485879535542534,normalized_void>0.946161
npt_pressure,1,,P-1GPa,Ti-potential/fcc-restart/04-npt-round-2/md/P-1GPa/multi_nnap_md.xyz,1057,0.1372218953,18.07102987,3.155240369,3.063848109,397,1.9087158309110768,2.486798001163374,0.9476461626940318,normalized_void>0.946161
npt_pressure,1,,P-1GPa,Ti-potential/fcc-restart/04-npt-round-2/md/P-1GPa/multi_nnap_md.xyz,1058,0.1547913996,18.19028711,3.189815165,3.213859475,398,1.9509467378537095,2.4901680822664916,0.9468520947667879,normalized_void>0.946161
npt_pressure,1,,P-1GPa,Ti-potential/fcc-restart/04-npt-round-2/md/P-1GPa/multi_nnap_md.xyz,1073,0.1621161677,18.95803372,3.284465777,3.315582264,412,2.049621206784261,2.5450191617339737,0.954464894121009,normalized_void>0.946161
npt_pressure,1,,P-1GPa,Ti-potential/fcc-restart/04-npt-round-2/md/P-1GPa/multi_nnap_md.xyz,1074,0.1766324873,18.84539236,3.144020234,2.994470861,413,2.0939662461436463,2.5713004945057527,0.9662387239652329,normalized_void>0.946161
npt_pressure,1,,P-1GPa,Ti-potential/fcc-restart/04-npt-round-2/md/P-1GPa/multi_nnap_md.xyz,1075,0.1506199247,18.72747383,3.772101855,3.829556128,414,2.1732078340086227,2.5893321438668457,0.9750525663123972,normalized_void>0.946161
npt_pressure,1,,P-1GPa,Ti-potential/fcc-restart/04-npt-round-2/md/P-1GPa/multi_nnap_md.xyz,1076,0.1312836609,18.61087879,4.344816758,4.402028524,415,2.1591055105588848,2.5853675287634266,0.9755884792724,normalized_void>0.946161
npt_pressure,1,,P-1GPa,Ti-potential/fcc-restart/04-npt-round-2/md/P-1GPa/multi_nnap_md.xyz,1108,0.1309100026,18.42927245,3.136526932,3.090959276,436,2.0804557588583648,2.5164954986219743,0.9527086193211647,normalized_void>0.946161
npt_pressure,1,,P-1GPa,Ti-potential/fcc-restart/04-npt-round-2/md/P-1GPa/multi_nnap_md.xyz,1109,0.1590352654,18.40916814,3.627934856,3.625407105,437,2.0567613029427316,2.5726106351787847,0.9743074107312187,normalized_void>0.946161
npt_pressure,1,,P-1GPa,Ti-potential/fcc-restart/04-npt-round-2/md/P-1GPa/multi_nnap_md.xyz,1110,0.1639867558,18.40539697,3.490682472,3.362892657,438,2.0756096007471383,2.6384120579565273,0.9992961790139472,normalized_void>0.946161
npt_pressure,1,,P-1GPa,Ti-potential/fcc-restart/04-npt-round-2/md/P-1GPa/multi_nnap_md.xyz,1111,0.1291605425,18.42235302,3.226014586,3.190815601,439,2.1671319838267653,2.709989985240883,1.026091253960793,normalized_void>0.946161
npt_pressure,1,,P-1GPa,Ti-potential/fcc-restart/04-npt-round-2/md/P-1GPa/multi_nnap_md.xyz,1112,0.2091238419,18.4655156,3.428669516,3.517538788,440,2.0388235244011246,2.784862722276315,1.053618317158326,normalized_void>0.946161
npt_pressure,1,,P-1GPa,Ti-potential/fcc-restart/04-npt-round-2/md/P-1GPa/multi_nnap_md.xyz,1113,0.1768786299,18.53756193,3.448761894,3.576558685,441,1.962242283727921,2.845902474308637,1.0753152581872811,normalized_void>0.946161
npt_pressure,1,,P-1GPa,Ti-potential/fcc-restart/04-npt-round-2/md/P-1GPa/multi_nnap_md.xyz,1114,0.1808889142,18.63873156,3.686274305,3.612773252,442,1.9159357090765379,2.8139735694090118,1.061323782424754,normalized_void>0.946161
npt_pressure,1,,P-1GPa,Ti-potential/fcc-restart/04-npt-round-2/md/P-1GPa/multi_nnap_md.xyz,1115,0.1624209009,18.76592354,4.307721557,4.125007095,443,1.9288850026119728,2.746801197183436,1.0336430301219546,normalized_void>0.946161
npt_pressure,1,,P-1GPa,Ti-potential/fcc-restart/04-npt-round-2/md/P-1GPa/multi_nnap_md.xyz,1116,0.1506700539,18.90986796,4.043837298,3.907818948,444,2.0565898779525833,2.6796127380186086,1.0057943727100076,normalized_void>0.946161
npt_pressure,1,,P-1GPa,Ti-potential/fcc-restart/04-npt-round-2/md/P-1GPa/multi_nnap_md.xyz,1117,0.1475134855,19.05739015,3.341821572,3.329289941,445,1.9593066616915675,2.6150820552182923,0.9790334092219902,normalized_void>0.946161
npt_pressure,1,,P-1GPa,Ti-potential/fcc-restart/04-npt-round-2/md/P-1GPa/multi_nnap_md.xyz,1118,0.1621184759,19.19555814,3.575901547,3.562605465,446,1.9305244163686321,2.538322573361261,0.9480106811880372,normalized_void>0.946161
npt_pressure,1,,P-1GPa,Ti-potential/fcc-restart/04-npt-round-2/md/P-1GPa/multi_nnap_md.xyz,1133,0.1648970739,18.10483993,3.308444405,3.338647896,457,2.035662137727472,2.492656422346257,0.9492869810004666,normalized_void>0.946161
npt_pressure,1,,P-1GPa,Ti-potential/fcc-restart/04-npt-round-2/md/P-1GPa/multi_nnap_md.xyz,1134,0.1370732184,18.03455618,3.30086801,3.366435783,458,2.0858985225560254,2.5158619580082604,0.959367470373182,normalized_void>0.946161
npt_pressure,1,,P-1GPa,Ti-potential/fcc-restart/04-npt-round-2/md/P-1GPa/multi_nnap_md.xyz,1156,0.1596575601,18.38792893,3.314199754,3.349573421,464,2.0173744834511833,2.499454115320341,0.946965658347634,normalized_void>0.946161
npt_pressure,1,,P-1GPa,Ti-potential/fcc-restart/04-npt-round-2/md/P-1GPa/multi_nnap_md.xyz,1161,0.2082230702,18.14345044,5.344475788,5.142705308,469,1.8279208913043077,2.508135609911278,0.9545039281246712,normalized_void>0.946161
npt_pressure,1,,P-1GPa,Ti-potential/fcc-restart/04-npt-round-2/md/P-1GPa/multi_nnap_md.xyz,1162,0.1798225599,18.19373288,3.655154345,3.634702453,470,1.9900991638088799,2.524394629075583,0.9598056661692694,normalized_void>0.946161
npt_pressure,1,,P-1GPa,Ti-potential/fcc-restart/04-npt-round-2/md/P-1GPa/multi_nnap_md.xyz,1163,0.2228697792,18.26482499,4.126991971,4.040726184,471,1.9998240444899458,2.4984563607359935,0.9487095299089157,normalized_void>0.946161
npt_pressure,1,,P-1GPa,Ti-potential/fcc-restart/04-npt-round-2/md/P-1GPa/multi_nnap_md.xyz,1167,0.649473763,18.72276821,7.313990055,7.755024266,475,1.7221666183915525,2.48889742920964,0.9373108527310554,min_distance_A<1.77527
npt_pressure,1,,P-1GPa,Ti-potential/fcc-restart/04-npt-round-2/md/P-1GPa/multi_nnap_md.xyz,1168,0.1976392837,18.86514894,3.686741669,3.635623242,476,1.8577876091039383,2.5509601889906,0.9582605326823626,normalized_void>0.946161
npt_pressure,1,,P-1GPa,Ti-potential/fcc-restart/04-npt-round-2/md/P-1GPa/multi_nnap_md.xyz,1169,0.1541246923,19.00589026,2.663551741,2.735352206,477,1.9750034898579798,2.564950995063805,0.9611319174368002,normalized_void>0.946161
npt_pressure,1,,P-1GPa,Ti-potential/fcc-restart/04-npt-round-2/md/P-1GPa/multi_nnap_md.xyz,1170,0.2265319476,19.13647173,3.199733894,3.395304399,478,1.9855787883679974,2.586574452025919,0.9670249831984634,normalized_void>0.946161
npt_pressure,1,,P-1GPa,Ti-potential/fcc-restart/04-npt-round-2/md/P-1GPa/multi_nnap_md.xyz,1171,0.2674549985,19.25165239,3.714094393,3.883365258,479,1.9036852170200562,2.5481910857452807,0.9507711350515473,normalized_void>0.946161
npt_pressure,1,,P-1GPa,Ti-potential/fcc-restart/04-npt-round-2/md/P-1GPa/multi_nnap_md.xyz,1173,0.3926146107,19.42627739,6.340230351,6.146215014,481,1.754175579850477,2.47982482673091,0.9224818037743009,min_distance_A<1.77527
npt_pressure,1,,P-1GPa,Ti-potential/fcc-restart/04-npt-round-2/md/P-1GPa/multi_nnap_md.xyz,1174,0.2834966653,19.48645817,4.687473168,4.680674777,482,1.851472599500081,2.551041004947286,0.9479959228975035,normalized_void>0.946161
npt_pressure,1,,P-1GPa,Ti-potential/fcc-restart/04-npt-round-2/md/P-1GPa/multi_nnap_md.xyz,1175,0.1436622421,19.52805933,3.560798976,3.6043953,483,2.0757323225327795,2.6188483669435536,0.9725023465874031,normalized_void>0.946161
npt_pressure,1,,P-1GPa,Ti-potential/fcc-restart/04-npt-round-2/md/P-1GPa/multi_nnap_md.xyz,1176,0.1287848623,19.55112429,2.970592584,3.02653695,484,2.0418963974508024,2.6722633873713137,0.9919474894358902,normalized_void>0.946161
npt_pressure,1,,P-1GPa,Ti-potential/fcc-restart/04-npt-round-2/md/P-1GPa/multi_nnap_md.xyz,1177,0.1669925494,19.55597735,3.508306582,3.637019821,485,1.9807609020425054,2.716148760568514,1.0081543852458832,normalized_void>0.946161
npt_pressure,1,,P-1GPa,Ti-potential/fcc-restart/04-npt-round-2/md/P-1GPa/multi_nnap_md.xyz,1178,0.3938686377,19.54023816,5.266365603,5.449435318,486,1.8130655096995882,2.753922266685573,1.0224491698677636,normalized_void>0.946161
npt_pressure,1,,P-1GPa,Ti-potential/fcc-restart/04-npt-round-2/md/P-1GPa/multi_nnap_md.xyz,1179,0.5147835662,19.50178967,5.60384539,5.859595113,487,1.79277821275766,2.723499357375383,1.0118181240313313,normalized_void>0.946161
npt_pressure,1,,P-1GPa,Ti-potential/fcc-restart/04-npt-round-2/md/P-1GPa/multi_nnap_md.xyz,1180,0.139778917,19.43930294,3.367058292,3.381301448,488,1.9354362359404949,2.6303027194728488,0.9782401975173037,normalized_void>0.946161
npt_pressure,1,,P-1GPa,Ti-potential/fcc-restart/04-npt-round-2/md/P-1GPa/multi_nnap_md.xyz,1226,0.1493824503,18.66887386,3.555055649,3.472782185,527,2.1156198207896955,2.5117950998439738,0.9468434264779118,normalized_void>0.946161
npt_pressure,1,,P-1GPa,Ti-potential/fcc-restart/04-npt-round-2/md/P-1GPa/multi_nnap_md.xyz,1241,0.204433127,18.96578356,3.359789331,3.346096555,536,1.9713416318670491,2.5271629155434843,0.947639110973213,normalized_void>0.946161
npt_pressure,1,,P-1GPa,Ti-potential/fcc-restart/04-npt-round-2/md/P-1GPa/multi_nnap_md.xyz,1242,0.3356595464,18.83759633,3.712371938,3.742413815,537,1.9027663363128868,2.532422899138074,0.9517606310695578,normalized_void>0.946161
npt_pressure,1,,P-1GPa,Ti-potential/fcc-restart/04-npt-round-2/md/P-1GPa/multi_nnap_md.xyz,1243,0.1832569718,18.70865548,3.119629245,3.089620324,538,1.9619871637127972,2.530469300770621,0.9532062481110901,normalized_void>0.946161
npt_pressure,1,,P-1GPa,Ti-potential/fcc-restart/04-npt-round-2/md/P-1GPa/multi_nnap_md.xyz,1244,0.1557119172,18.58658569,3.366156096,3.468681471,539,2.1147699422539152,2.5589207364546525,0.9660292896644741,normalized_void>0.946161
npt_pressure,1,,P-1GPa,Ti-potential/fcc-restart/04-npt-round-2/md/P-1GPa/multi_nnap_md.xyz,1245,0.1974672032,18.47754854,3.492213686,3.479152837,540,1.9501725676825197,2.6112474559365633,0.9877186312934789,normalized_void>0.946161
npt_pressure,1,,P-1GPa,Ti-potential/fcc-restart/04-npt-round-2/md/P-1GPa/multi_nnap_md.xyz,1246,1.132451431,18.3848836,7.773342508,7.108811789,541,1.7204520635958411,2.6221076322670105,0.993490121315509,min_distance_A<1.77527;normalized_void>0.946161
npt_pressure,1,,P-1GPa,Ti-potential/fcc-restart/04-npt-round-2/md/P-1GPa/multi_nnap_md.xyz,1247,1.028671195,18.31381053,6.697618175,6.815309174,542,1.7322808174550801,2.6020942408912484,0.9871809876585655,min_distance_A<1.77527;normalized_void>0.946161
npt_pressure,1,,P-1GPa,Ti-potential/fcc-restart/04-npt-round-2/md/P-1GPa/multi_nnap_md.xyz,1248,0.2179799744,18.26646413,3.248371209,3.300830929,543,1.8817545282883086,2.576911004607955,0.9784709222737291,normalized_void>0.946161
npt_pressure,1,,P-1GPa,Ti-potential/fcc-restart/04-npt-round-2/md/P-1GPa/multi_nnap_md.xyz,1249,0.1735986126,18.24210791,3.599020656,3.763495237,544,1.8649584967122292,2.546804634788655,0.9674695196981373,normalized_void>0.946161
npt_pressure,1,,P-1GPa,Ti-potential/fcc-restart/04-npt-round-2/md/P-1GPa/multi_nnap_md.xyz,1250,0.1677707626,18.2416285,3.366572491,3.514526264,545,1.9423661672070494,2.5131001981750707,0.9546743821295959,normalized_void>0.946161
npt_pressure,1,,P-1GPa,Ti-potential/fcc-restart/04-npt-round-2/md/P-1GPa/multi_nnap_md.xyz,1285,0.2281994213,18.35412485,4.676920613,4.460103056,565,1.941367715970427,2.5011417827588605,0.9481864632559651,normalized_void>0.946161
npt_pressure,1,,P-1GPa,Ti-potential/fcc-restart/04-npt-round-2/md/P-1GPa/multi_nnap_md.xyz,1286,0.1335319512,18.39133491,3.882393193,3.882066651,566,2.005398910580252,2.503822272184484,0.9485620540321388,normalized_void>0.946161
npt_pressure,1,,P-1GPa,Ti-potential/fcc-restart/04-npt-round-2/md/P-1GPa/multi_nnap_md.xyz,1298,0.1334479462,19.05705837,3.702303834,3.700453713,571,2.043164260307946,2.6699908642587746,0.9995959488181839,normalized_void>0.946161
npt_pressure,1,,P-1GPa,Ti-potential/fcc-restart/04-npt-round-2/md/P-1GPa/multi_nnap_md.xyz,1299,0.298192688,19.04115071,4.0727362,3.99792087,572,1.862863233909585,2.6818245712760715,1.0043057951937335,normalized_void>0.946161
npt_pressure,1,,P-1GPa,Ti-potential/fcc-restart/04-npt-round-2/md/P-1GPa/multi_nnap_md.xyz,1300,0.4295267649,19.00633373,5.256186896,5.103747762,573,1.7955726646946828,2.6614113032920605,0.9972695224401561,normalized_void>0.946161
npt_pressure,1,,P-1GPa,Ti-potential/fcc-restart/04-npt-round-2/md/P-1GPa/multi_nnap_md.xyz,1301,0.2187102749,18.9569074,3.493422517,3.50404388,574,1.88868851910395,2.6307883570455277,0.986650669508871,normalized_void>0.946161
npt_pressure,1,,P-1GPa,Ti-potential/fcc-restart/04-npt-round-2/md/P-1GPa/multi_nnap_md.xyz,1305,0.1946291139,18.64796892,3.046098829,3.105649182,575,1.958103765697729,2.5727316564416958,0.9701762633458141,normalized_void>0.946161
npt_pressure,1,,P-1GPa,Ti-potential/fcc-restart/04-npt-round-2/md/P-1GPa/multi_nnap_md.xyz,1306,0.2269827769,18.56129975,4.265325433,4.208220346,576,1.8422183529596172,2.563195175492413,0.9680821568879214,normalized_void>0.946161
npt_pressure,1,,P-1GPa,Ti-potential/fcc-restart/04-npt-round-2/md/P-1GPa/multi_nnap_md.xyz,1307,0.1653429894,18.48085537,3.592841838,3.573011271,577,1.8858900763682727,2.5277177508473794,0.9560660328629976,normalized_void>0.946161
npt_pressure,1,,P-1GPa,Ti-potential/fcc-restart/04-npt-round-2/md/P-1GPa/multi_nnap_md.xyz,1309,0.4879461192,18.35901037,5.363672207,5.408923724,579,1.7999611141360783,2.522035207474217,0.95602237328284,normalized_void>0.946161
npt_pressure,1,,P-1GPa,Ti-potential/fcc-restart/04-npt-round-2/md/P-1GPa/multi_nnap_md.xyz,1310,0.2739217221,18.32968668,4.603668235,4.641442252,580,1.8377484438993625,2.510257906512831,0.9520651388817042,normalized_void>0.946161
npt_pressure,1,,P-1GPa,Ti-potential/fcc-restart/04-npt-round-2/md/P-1GPa/multi_nnap_md.xyz,1311,0.251236192,18.32555541,3.434683354,3.406977495,581,1.9335880926593831,2.505236416407961,0.9502320343490154,normalized_void>0.946161
npt_pressure,1,,P-1GPa,Ti-potential/fcc-restart/04-npt-round-2/md/P-1GPa/multi_nnap_md.xyz,1312,0.2337650354,18.34498134,3.454941374,3.418707879,582,1.9479612770519468,2.511667295152857,0.9523348686005008,normalized_void>0.946161
npt_pressure,1,,P-1GPa,Ti-potential/fcc-restart/04-npt-round-2/md/P-1GPa/multi_nnap_md.xyz,1313,0.2937826613,18.38689496,3.297000418,3.466369219,583,1.9132701636398484,2.498928558943157,0.9467842878465298,normalized_void>0.946161
npt_pressure,1,,P-1GPa,Ti-potential/fcc-restart/04-npt-round-2/md/P-1GPa/multi_nnap_md.xyz,1326,0.1995094097,19.39824451,3.646678488,3.583632761,592,2.13985622405528,2.643390956438046,0.9838009934972908,normalized_void>0.946161
npt_pressure,1,,P-1GPa,Ti-potential/fcc-restart/04-npt-round-2/md/P-1GPa/multi_nnap_md.xyz,1327,0.2259532219,19.35810381,3.498141364,3.432374459,593,2.0141911585843064,2.68693589967567,1.0006980060437345,normalized_void>0.946161
npt_pressure,1,,P-1GPa,Ti-potential/fcc-restart/04-npt-round-2/md/P-1GPa/multi_nnap_md.xyz,1328,0.1804439893,19.29634079,3.10631232,3.075074579,594,1.9834354398912855,2.7060635051903903,1.0088958387137466,normalized_void>0.946161
npt_pressure,1,,P-1GPa,Ti-potential/fcc-restart/04-npt-round-2/md/P-1GPa/multi_nnap_md.xyz,1329,0.1313172314,19.2141672,2.671355409,2.790151293,595,2.0382127840233597,2.7067476487114734,1.0105874787948754,normalized_void>0.946161
npt_pressure,1,,P-1GPa,Ti-potential/fcc-restart/04-npt-round-2/md/P-1GPa/multi_nnap_md.xyz,1331,0.1481782638,19.00239314,2.618723193,2.776421087,596,2.139379047417709,2.6372253685173392,0.9882750055456563,normalized_void>0.946161
npt_pressure,1,,P-1GPa,Ti-potential/fcc-restart/04-npt-round-2/md/P-1GPa/multi_nnap_md.xyz,1332,0.1822606032,18.88133325,2.626635804,2.880468655,597,2.098574475522287,2.5917575499812595,0.9733076866155292,normalized_void>0.946161
npt_pressure,1,,P-1GPa,Ti-potential/fcc-restart/04-npt-round-2/md/P-1GPa/multi_nnap_md.xyz,1333,0.2554053986,18.75367577,2.773937671,2.871566588,598,2.0583749087445335,2.5507163250203706,0.960063651318969,normalized_void>0.946161
npt_pressure,1,,P-1GPa,Ti-potential/fcc-restart/04-npt-round-2/md/P-1GPa/multi_nnap_md.xyz,1334,0.3269911799,18.62282358,3.140608386,3.218324106,599,1.878317542280924,2.5215933570653744,0.9513198134594374,normalized_void>0.946161
npt_pressure,1,,P-1GPa,Ti-potential/fcc-restart/04-npt-round-2/md/P-1GPa/multi_nnap_md.xyz,1350,0.4593665032,18.87272222,6.477846258,6.510015806,613,1.7502415837682674,2.3250655812508367,0.8732870592087025,min_distance_A<1.77527
npt_pressure,1,,P-1GPa,Ti-potential/fcc-restart/04-npt-round-2/md/P-1GPa/multi_nnap_md.xyz,1351,1.554896054,18.99112132,9.293417527,9.317099639,614,1.6625957857307379,2.341773805212116,0.8777309402866569,min_distance_A<1.77527
npt_pressure,1,,P-1GPa,Ti-potential/fcc-restart/04-npt-round-2/md/P-1GPa/multi_nnap_md.xyz,1409,0.1792331598,19.23078993,3.058690718,3.022642732,652,1.9111694908015364,2.536086040027231,0.9465966042429581,normalized_void>0.946161
npt_pressure,1,,P-1GPa,Ti-potential/fcc-restart/04-npt-round-2/md/P-1GPa/multi_nnap_md.xyz,1410,0.1545558581,19.43188637,3.102668514,3.133642415,653,2.0001430734533683,2.548835344589853,0.9480621175059811,normalized_void>0.946161
npt_pressure,1,,P-1GPa,Ti-potential/fcc-restart/04-npt-round-2/md/P-1GPa/multi_nnap_md.xyz,1411,0.1353221534,19.61353878,3.447214059,3.483840967,654,2.1330543520420453,2.5564104639968086,0.9479350909044366,normalized_void>0.946161
npt_pressure,1,,P-1GPa,Ti-potential/fcc-restart/04-npt-round-2/md/P-1GPa/multi_nnap_md.xyz,1420,0.138668612,19.34513678,2.950734282,3.096515322,662,2.0618523193517926,2.5602166848207855,0.9537168490700114,normalized_void>0.946161
npt_pressure,1,,P-1GPa,Ti-potential/fcc-restart/04-npt-round-2/md/P-1GPa/multi_nnap_md.xyz,1421,0.1417872049,19.10063409,3.085637756,3.203810834,663,2.040471245556589,2.57227988441025,0.9622818472856058,normalized_void>0.946161
npt_pressure,1,,P-1GPa,Ti-potential/fcc-restart/04-npt-round-2/md/P-1GPa/multi_nnap_md.xyz,1422,0.1362716249,18.84482123,3.228179805,3.127740526,664,1.9545841447153902,2.557208435586003,0.960952942730652,normalized_void>0.946161
npt_pressure,1,,P-1GPa,Ti-potential/fcc-restart/04-npt-round-2/md/P-1GPa/multi_nnap_md.xyz,1423,0.1460562377,18.58748366,3.539721159,3.64097398,665,1.923305554246451,2.535819602502698,0.9572928638709712,normalized_void>0.946161
npt_pressure,1,,P-1GPa,Ti-potential/fcc-restart/04-npt-round-2/md/P-1GPa/multi_nnap_md.xyz,1444,0.1443670216,19.56118037,3.721977685,3.525561864,685,1.9359791028506896,2.602932610448833,0.9660462193787331,normalized_void>0.946161
npt_pressure,1,,P-1GPa,Ti-potential/fcc-restart/04-npt-round-2/md/P-1GPa/multi_nnap_md.xyz,1445,0.1591176669,19.6238184,3.934506326,3.947084411,686,1.8665022085740697,2.643926850699433,0.9802155700010051,normalized_void>0.946161
npt_pressure,1,,P-1GPa,Ti-potential/fcc-restart/04-npt-round-2/md/P-1GPa/multi_nnap_md.xyz,1446,0.1521824866,19.64409862,3.383344823,3.553295299,687,1.925847327917721,2.67100842861728,0.9899149653668681,normalized_void>0.946161
npt_pressure,1,,P-1GPa,Ti-potential/fcc-restart/04-npt-round-2/md/P-1GPa/multi_nnap_md.xyz,1447,0.1352230552,19.61862667,3.647918503,3.877354868,688,2.069166003439002,2.6866841325061848,0.9961553599425372,normalized_void>0.946161
npt_pressure,1,,P-1GPa,Ti-potential/fcc-restart/04-npt-round-2/md/P-1GPa/multi_nnap_md.xyz,1449,0.1592227324,19.43661055,3.514487604,3.412794426,689,2.25141983899548,2.6538648406388234,0.9870487962336516,normalized_void>0.946161
npt_pressure,1,,P-1GPa,Ti-potential/fcc-restart/04-npt-round-2/md/P-1GPa/multi_nnap_md.xyz,1450,0.1777229053,19.2946433,4.239612621,4.14730586,690,2.185312680619002,2.645246417876617,0.9862504557751687,normalized_void>0.946161
npt_pressure,1,,P-1GPa,Ti-potential/fcc-restart/04-npt-round-2/md/P-1GPa/multi_nnap_md.xyz,1451,0.1375753882,19.13222371,4.171526229,4.100702451,691,2.0989030825288126,2.6430001414025766,0.9881935985687718,normalized_void>0.946161
npt_pressure,1,,P-1GPa,Ti-potential/fcc-restart/04-npt-round-2/md/P-1GPa/multi_nnap_md.xyz,1452,0.1311416045,18.95719501,3.356923784,3.404304967,692,2.0827540992351623,2.6455034048303903,0.9921643824403689,normalized_void>0.946161
npt_pressure,1,,P-1GPa,Ti-potential/fcc-restart/04-npt-round-2/md/P-1GPa/multi_nnap_md.xyz,1453,0.1347237963,18.77469866,3.171023541,3.197803819,693,2.0749506773100546,2.635410180009138,0.9915711769003229,normalized_void>0.946161
npt_pressure,1,,P-1GPa,Ti-potential/fcc-restart/04-npt-round-2/md/P-1GPa/multi_nnap_md.xyz,1456,0.1299792468,18.24306287,2.905955764,2.990486506,694,2.0651737851365155,2.539619611516983,0.9647232692155858,normalized_void>0.946161
npt_pressure,1,,P-1GPa,Ti-potential/fcc-restart/04-npt-round-2/md/P-1GPa/multi_nnap_md.xyz,1457,0.1645190938,18.10164732,3.221480969,3.25645737,695,1.9872974558473024,2.4980905468290775,0.9514124047121918,normalized_void>0.946161
npt_pressure,1,,P-1GPa,Ti-potential/fcc-restart/04-npt-round-2/md/P-1GPa/multi_nnap_md.xyz,1465,0.7052410778,18.11185319,6.634203319,6.786783041,702,1.7665436965401826,2.479503649444949,0.9441560682756479,min_distance_A<1.77527
npt_pressure,1,,P-1GPa,Ti-potential/fcc-restart/04-npt-round-2/md/P-1GPa/multi_nnap_md.xyz,1466,0.2831350309,18.25862314,5.319060253,5.45207788,703,1.8444270968512138,2.500838051833245,0.9497214069154198,normalized_void>0.946161
npt_pressure,1,,P-1GPa,Ti-potential/fcc-restart/04-npt-round-2/md/P-1GPa/multi_nnap_md.xyz,1467,0.1840445687,18.43808972,3.29060125,3.262923305,704,2.0664165346137398,2.529439936418744,0.9574565250547048,normalized_void>0.946161
npt_pressure,1,,P-1GPa,Ti-potential/fcc-restart/04-npt-round-2/md/P-1GPa/multi_nnap_md.xyz,1468,0.1617801587,18.64843919,3.303617526,3.25704105,705,1.9461965673740826,2.562966784952306,0.9664858090918961,normalized_void>0.946161
npt_pressure,1,,P-1GPa,Ti-potential/fcc-restart/04-npt-round-2/md/P-1GPa/multi_nnap_md.xyz,1469,0.286486544,18.88599823,4.108286056,4.079098959,706,1.8677587477165782,2.5971214532191595,0.9752417342937595,normalized_void>0.946161
npt_pressure,1,,P-1GPa,Ti-potential/fcc-restart/04-npt-round-2/md/P-1GPa/multi_nnap_md.xyz,1470,0.2205169373,19.14165546,3.567173051,3.668720829,707,1.914334525917638,2.6305920710756325,0.9833927642099075,normalized_void>0.946161
npt_pressure,1,,P-1GPa,Ti-potential/fcc-restart/04-npt-round-2/md/P-1GPa/multi_nnap_md.xyz,1471,0.1716850009,19.40022832,3.275059208,3.296173159,708,2.0394880817797736,2.659977529496066,0.9899403372279504,normalized_void>0.946161
npt_pressure,1,,P-1GPa,Ti-potential/fcc-restart/04-npt-round-2/md/P-1GPa/multi_nnap_md.xyz,1474,0.1426410164,20.03513479,3.808310703,3.772409475,709,2.0288658752135103,2.682789942977947,0.9877701854327774,normalized_void>0.946161
npt_pressure,1,,P-1GPa,Ti-potential/fcc-restart/04-npt-round-2/md/P-1GPa/multi_nnap_md.xyz,1475,0.2024566991,20.16338319,4.083125961,3.90275579,710,1.8932207710354803,2.669426278427111,0.9807616228792816,normalized_void>0.946161
npt_pressure,1,,P-1GPa,Ti-potential/fcc-restart/04-npt-round-2/md/P-1GPa/multi_nnap_md.xyz,1476,0.2663459684,20.23823641,3.781364027,3.76390831,711,1.8422025388422671,2.6504344330737104,0.9725818861596609,normalized_void>0.946161
npt_pressure,1,,P-1GPa,Ti-potential/fcc-restart/04-npt-round-2/md/P-1GPa/multi_nnap_md.xyz,1477,0.1627357726,20.25376452,3.061374676,3.155607915,712,1.9039631754560353,2.6292993941063343,0.9645797106168711,normalized_void>0.946161
npt_pressure,1,,P-1GPa,Ti-potential/fcc-restart/04-npt-round-2/md/P-1GPa/multi_nnap_md.xyz,1506,0.1597905087,19.27519028,3.43500373,3.571505462,728,1.9376405545529156,2.557121339323902,0.9537146307246025,normalized_void>0.946161
npt_pressure,1,,P-1GPa,Ti-potential/fcc-restart/04-npt-round-2/md/P-1GPa/multi_nnap_md.xyz,1507,0.2019255852,19.23184686,3.831577335,3.89824614,729,1.8447941271910098,2.5441597522471686,0.9495927289550121,normalized_void>0.946161
npt_pressure,1,,P-1GPa,Ti-potential/fcc-restart/04-npt-round-2/md/P-1GPa/multi_nnap_md.xyz,1565,0.1429625522,19.22492438,3.916772221,3.95757408,767,2.113285141130376,2.53479929978008,0.9462125378413492,normalized_void>0.946161
npt_pressure,1,,P-1GPa,Ti-potential/fcc-restart/04-npt-round-2/md/P-1GPa/multi_nnap_md.xyz,1566,0.2027780313,19.22834024,4.215435385,4.241625253,768,2.0611620529168255,2.5655455163682177,0.9576330468483131,normalized_void>0.946161
npt_pressure,1,,P-1GPa,Ti-potential/fcc-restart/04-npt-round-2/md/P-1GPa/multi_nnap_md.xyz,1567,0.1557907203,19.2129666,3.855552226,3.867843197,769,1.9847865936558908,2.579160152382718,0.962971648933839,normalized_void>0.946161
npt_pressure,1,,P-1GPa,Ti-potential/fcc-restart/04-npt-round-2/md/P-1GPa/multi_nnap_md.xyz,1572,0.3027242321,18.82566185,4.611399799,4.459550439,770,1.8254355566477178,2.519345169425037,0.9470456683660022,normalized_void>0.946161
npt_pressure,1,,P-1GPa,Ti-potential/fcc-restart/04-npt-round-2/md/P-1GPa/multi_nnap_md.xyz,1573,1.645911499,18.71553827,8.870205938,8.660547811,771,1.6859654843869853,2.4600633116385358,0.926571298606297,min_distance_A<1.77527
npt_pressure,1,,P-1GPa,Ti-potential/fcc-restart/04-npt-round-2/md/P-1GPa/multi_nnap_md.xyz,1582,0.828564515,18.13691851,8.386482853,9.077731566,779,1.7057628796410464,2.3053191564821094,0.8774247727540473,min_distance_A<1.77527
npt_pressure,1,,P-1GPa,Ti-potential/fcc-restart/04-npt-round-2/md/P-1GPa/multi_nnap_md.xyz,1601,0.1443909598,18.91935928,2.618194789,2.6745806,791,2.0332992467982502,2.5411989629316722,0.9536811409867261,normalized_void>0.946161
npt_pressure,1,,P-1GPa,Ti-potential/fcc-restart/04-npt-round-2/md/P-1GPa/multi_nnap_md.xyz,1604,0.1489878273,18.70430256,2.941160962,2.877664764,792,2.1021063585133826,2.643170959042954,0.9957372350652502,normalized_void>0.946161
npt_pressure,1,,P-1GPa,Ti-potential/fcc-restart/04-npt-round-2/md/P-1GPa/multi_nnap_md.xyz,1605,0.1656417437,18.62438071,3.476091168,3.556476464,793,2.072725313274208,2.6169333586640144,0.9872611555892753,normalized_void>0.946161
npt_pressure,1,,P-1GPa,Ti-potential/fcc-restart/04-npt-round-2/md/P-1GPa/multi_nnap_md.xyz,1606,0.150451099,18.55278726,3.801872732,3.853525162,794,2.1073124482933747,2.5996651176993426,0.9820064763814609,normalized_void>0.946161
npt_pressure,1,,P-1GPa,Ti-potential/fcc-restart/04-npt-round-2/md/P-1GPa/multi_nnap_md.xyz,1607,0.1359650642,18.49536198,3.530376881,3.488711463,795,2.1359323041053195,2.581822670539971,0.9762749172553025,normalized_void>0.946161
npt_pressure,1,,P-1GPa,Ti-potential/fcc-restart/04-npt-round-2/md/P-1GPa/multi_nnap_md.xyz,1608,0.1352912887,18.45383274,3.374198706,3.406304566,796,2.0680034638838913,2.5625908783239213,0.9697290724665341,normalized_void>0.946161
npt_pressure,1,,P-1GPa,Ti-potential/fcc-restart/04-npt-round-2/md/P-1GPa/multi_nnap_md.xyz,1609,0.1343256638,18.42552035,3.539876174,3.5857342,797,2.0508729675934063,2.5476408649828133,0.9645652668735599,normalized_void>0.946161
npt_pressure,1,,P-1GPa,Ti-potential/fcc-restart/04-npt-round-2/md/P-1GPa/multi_nnap_md.xyz,1634,0.2869005068,18.67558143,5.500369402,5.484717741,815,1.9786607955968627,2.519744277078238,0.9497262100569872,normalized_void>0.946161
npt_pressure,1,,P-1GPa,Ti-potential/fcc-restart/04-npt-round-2/md/P-1GPa/multi_nnap_md.xyz,1635,0.2470614966,18.7629797,4.954769081,4.712605195,816,1.9927621986408455,2.54431315269239,0.9574952468556709,normalized_void>0.946161
npt_pressure,1,,P-1GPa,Ti-potential/fcc-restart/04-npt-round-2/md/P-1GPa/multi_nnap_md.xyz,1636,0.1397188715,18.84288036,3.837373082,3.731533846,817,2.051999949248815,2.575022179758965,0.9676802498877276,normalized_void>0.946161
npt_pressure,1,,P-1GPa,Ti-potential/fcc-restart/04-npt-round-2/md/P-1GPa/multi_nnap_md.xyz,1645,0.2263246256,18.72907553,4.225976389,4.123647673,818,1.8558905909583852,2.5135764666351235,0.94649862618598,normalized_void>0.946161
npt_pressure,1,,P-1GPa,Ti-potential/fcc-restart/04-npt-round-2/md/P-1GPa/multi_nnap_md.xyz,1679,0.3478492773,18.21138797,3.923327377,4.103389419,844,1.8979932017098786,2.528071505237266,0.9608929449262458,normalized_void>0.946161
npt_pressure,1,,P-1GPa,Ti-potential/fcc-restart/04-npt-round-2/md/P-1GPa/multi_nnap_md.xyz,1680,0.4486401638,18.23022092,4.697995828,4.743413327,845,1.8473485966307317,2.549184470624675,0.9685839917113527,normalized_void>0.946161
npt_pressure,1,,P-1GPa,Ti-potential/fcc-restart/04-npt-round-2/md/P-1GPa/multi_nnap_md.xyz,1681,0.3379193213,18.27939618,4.312548949,4.252429193,846,1.9073400562737186,2.541465159785482,0.9647842652625552,normalized_void>0.946161
npt_pressure,1,,P-1GPa,Ti-potential/fcc-restart/04-npt-round-2/md/P-1GPa/multi_nnap_md.xyz,1682,0.1771721263,18.35041211,3.503156842,3.428514996,847,2.020457478221766,2.5091084306674687,0.9512707775445994,normalized_void>0.946161
npt_pressure,1,,P-1GPa,Ti-potential/fcc-restart/04-npt-round-2/md/P-1GPa/multi_nnap_md.xyz,1786,0.1486912983,17.7288685,3.423618671,3.357115623,917,1.9696312675425407,2.4937335382937236,0.9563636038962439,normalized_void>0.946161
npt_pressure,1,,P-1GPa,Ti-potential/fcc-restart/04-npt-round-2/md/P-1GPa/multi_nnap_md.xyz,1787,0.1615190861,17.85152707,3.13149499,3.023580545,918,1.9934529310054587,2.5809998097752835,0.9875585383582134,normalized_void>0.946161
npt_pressure,1,,P-1GPa,Ti-potential/fcc-restart/04-npt-round-2/md/P-1GPa/multi_nnap_md.xyz,1788,0.1889128492,18.01987554,2.234000576,2.260434001,919,2.0729353561245123,2.54754121110799,0.9717113806081138,normalized_void>0.946161
npt_pressure,1,,P-1GPa,Ti-potential/fcc-restart/04-npt-round-2/md/P-1GPa/multi_nnap_md.xyz,1793,0.2122402843,19.27415065,3.172842997,3.207550188,924,1.9350330068944679,2.5953737854548757,0.9679988262218464,normalized_void>0.946161
npt_pressure,1,,P-1GPa,Ti-potential/fcc-restart/04-npt-round-2/md/P-1GPa/multi_nnap_md.xyz,1794,0.4009809571,19.54272972,3.194609073,3.091249751,925,1.8311746804052635,2.6634147645379174,0.9888044093419097,normalized_void>0.946161
npt_pressure,1,,P-1GPa,Ti-potential/fcc-restart/04-npt-round-2/md/P-1GPa/multi_nnap_md.xyz,1795,1.246850905,19.78860133,7.380137619,6.829738036,926,1.6732794398342552,2.729485101169377,1.0091189498222357,min_distance_A<1.77527;normalized_void>0.946161
npt_pressure,1,,P-1GPa,Ti-potential/fcc-restart/04-npt-round-2/md/P-1GPa/multi_nnap_md.xyz,1796,0.6315722506,20.00677579,5.859702729,5.523868147,927,1.7393066637899603,2.7930130242772684,1.0288386223798351,min_distance_A<1.77527;normalized_void>0.946161
npt_pressure,1,,P-1GPa,Ti-potential/fcc-restart/04-npt-round-2/md/P-1GPa/multi_nnap_md.xyz,1797,0.3869344342,20.19264158,4.050036049,4.241763621,928,1.8387591428016092,2.8038240991490366,1.02964232213559,normalized_void>0.946161
npt_pressure,1,,P-1GPa,Ti-potential/fcc-restart/04-npt-round-2/md/P-1GPa/multi_nnap_md.xyz,1798,0.3279370432,20.33908294,3.122833033,3.295945449,929,1.8744470845770134,2.766327422716513,1.0134285296154861,normalized_void>0.946161
npt_pressure,1,,P-1GPa,Ti-potential/fcc-restart/04-npt-round-2/md/P-1GPa/multi_nnap_md.xyz,1799,0.2538023145,20.43878245,2.161565552,2.063040287,930,1.9672440753761418,2.7220346705871536,0.9955780482156631,normalized_void>0.946161
npt_pressure,1,,P-1GPa,Ti-potential/fcc-restart/04-npt-round-2/md/P-1GPa/multi_nnap_md.xyz,1800,0.2312653125,20.48612554,3.208589044,3.17329141,931,1.8811490510640136,2.679164240042574,0.9791428598616544,normalized_void>0.946161
npt_pressure,1,,P-1GPa,Ti-potential/fcc-restart/04-npt-round-2/md/P-1GPa/multi_nnap_md.xyz,1801,0.2053814364,20.48147956,2.758279427,2.904245962,932,1.9211850584864973,2.6426096327762734,0.965856421589376,normalized_void>0.946161
npt_pressure,1,,P-1GPa,Ti-potential/fcc-restart/04-npt-round-2/md/P-1GPa/multi_nnap_md.xyz,1802,0.1807776828,20.42849232,2.317221531,2.279261832,933,1.9983686831148784,2.611706200021177,0.9553860188162981,normalized_void>0.946161
npt_pressure,1,,P-1GPa,Ti-potential/fcc-restart/04-npt-round-2/md/P-1GPa/multi_nnap_md.xyz,1803,0.198429803,20.33241475,2.518543337,2.480671863,934,1.9829640581106018,2.5828623711766876,0.9463205660924363,normalized_void>0.946161
npt_pressure,1,,P-1GPa,Ti-potential/fcc-restart/04-npt-round-2/md/P-1GPa/multi_nnap_md.xyz,1806,0.1905986688,19.83372739,2.915115296,2.892508844,937,2.012273150030949,2.570059961257188,0.9494566543943307,normalized_void>0.946161
npt_pressure,1,,P-1GPa,Ti-potential/fcc-restart/04-npt-round-2/md/P-1GPa/multi_nnap_md.xyz,1810,0.3383047079,18.90487217,3.735958923,3.9711314,941,1.9002937536646316,2.5382465214580265,0.952816387486826,normalized_void>0.946161
npt_pressure,1,,P-1GPa,Ti-potential/fcc-restart/04-npt-round-2/md/P-1GPa/multi_nnap_md.xyz,1811,0.6764487247,18.69367895,5.174653706,5.017659114,942,1.8115668540077647,2.54370660447306,0.9584484463118522,normalized_void>0.946161
npt_pressure,1,,P-1GPa,Ti-potential/fcc-restart/04-npt-round-2/md/P-1GPa/multi_nnap_md.xyz,1812,0.5096005928,18.51715367,4.549464058,4.250786635,943,1.8572138280629824,2.551795605460136,0.9645419962422236,normalized_void>0.946161
npt_pressure,1,,P-1GPa,Ti-potential/fcc-restart/04-npt-round-2/md/P-1GPa/multi_nnap_md.xyz,1813,0.2530322871,18.38036736,3.770601731,3.892355923,944,2.002069601058615,2.5555546108581,0.9683531515091052,normalized_void>0.946161
npt_pressure,1,,P-1GPa,Ti-potential/fcc-restart/04-npt-round-2/md/P-1GPa/multi_nnap_md.xyz,1814,0.2269419545,18.28268427,3.844138113,3.825849561,945,1.893158726142254,2.552667511448057,0.9689787759539948,normalized_void>0.946161
npt_pressure,1,,P-1GPa,Ti-potential/fcc-restart/04-npt-round-2/md/P-1GPa/multi_nnap_md.xyz,1815,0.2068475844,18.22308196,4.396220341,4.295456841,946,1.8358744311657926,2.545134257921441,0.9671713441665597,normalized_void>0.946161
npt_pressure,1,,P-1GPa,Ti-potential/fcc-restart/04-npt-round-2/md/P-1GPa/multi_nnap_md.xyz,1816,0.2881724182,18.20004287,2.754017482,2.869871538,947,1.8954457300048515,2.5358183615040497,0.9640376718198991,normalized_void>0.946161
npt_pressure,1,,P-1GPa,Ti-potential/fcc-restart/04-npt-round-2/md/P-1GPa/multi_nnap_md.xyz,1817,0.2174953195,18.21017161,3.416620355,3.435309017,948,1.9335619597830396,2.52594863615736,0.9601074411042595,normalized_void>0.946161
npt_pressure,1,,P-1GPa,Ti-potential/fcc-restart/04-npt-round-2/md/P-1GPa/multi_nnap_md.xyz,1818,0.2099086475,18.24897112,3.920336011,3.677160906,949,1.9871066755332294,2.5161849590575995,0.9557180037651423,normalized_void>0.946161
npt_pressure,1,,P-1GPa,Ti-potential/fcc-restart/04-npt-round-2/md/P-1GPa/multi_nnap_md.xyz,1819,0.282700073,18.3119182,3.930382645,3.691034779,950,1.9642723238096467,2.503915939932439,0.9499668818627608,normalized_void>0.946161
npt_pressure,1,,P-1GPa,Ti-potential/fcc-restart/04-npt-round-2/md/P-1GPa/multi_nnap_md.xyz,1822,0.5904845038,18.60595606,4.596032405,3.967010983,953,1.7593239960424099,2.4232031717676983,0.9144763923088374,min_distance_A<1.77527
npt_pressure,1,,P-1GPa,Ti-potential/fcc-restart/04-npt-round-2/md/P-1GPa/multi_nnap_md.xyz,1846,0.5943263328,17.79882393,5.65284576,5.497184397,967,1.7474582999040258,2.2961213661099635,0.8794228335223032,min_distance_A<1.77527
npt_pressure,1,,P-1GPa,Ti-potential/fcc-restart/04-npt-round-2/md/P-1GPa/multi_nnap_md.xyz,1847,0.5307884509,17.91435139,4.938527674,4.846037385,968,1.7672319556274985,2.3288498844684034,0.8900364625727761,min_distance_A<1.77527
npt_pressure,1,,P-1GPa,Ti-potential/fcc-restart/04-npt-round-2/md/P-1GPa/multi_nnap_md.xyz,1864,0.2585328933,19.80664641,4.957728192,4.823586747,984,1.9703956909178328,2.5757520229663555,0.9519929526410289,normalized_void>0.946161
npt_pressure,1,,P-1GPa,Ti-potential/fcc-restart/04-npt-round-2/md/P-1GPa/multi_nnap_md.xyz,1865,0.2661359357,19.68793029,4.983963876,4.988908554,985,1.9463174913580885,2.599732064239261,0.962783346674591,normalized_void>0.946161
npt_pressure,1,,P-1GPa,Ti-potential/fcc-restart/04-npt-round-2/md/P-1GPa/multi_nnap_md.xyz,1866,0.283146099,19.55108693,3.842077109,3.810605774,986,1.90245197857694,2.628056841056281,0.9755385859251294,normalized_void>0.946161
npt_pressure,1,,P-1GPa,Ti-potential/fcc-restart/04-npt-round-2/md/P-1GPa/multi_nnap_md.xyz,1867,0.2572397469,19.40715228,3.240707006,3.382194212,987,1.9236049625715346,2.664341072024002,0.9914463428175226,normalized_void>0.946161
npt_pressure,1,,P-1GPa,Ti-potential/fcc-restart/04-npt-round-2/md/P-1GPa/multi_nnap_md.xyz,1868,0.2474634132,19.26820328,3.242092644,3.250155683,988,1.9568551380642405,2.703525302493384,1.0084399263968544,normalized_void>0.946161
npt_pressure,1,,P-1GPa,Ti-potential/fcc-restart/04-npt-round-2/md/P-1GPa/multi_nnap_md.xyz,1869,0.2052158877,19.14379231,3.719041539,3.725962224,989,2.0764546419078527,2.71899816058256,1.0164037431618496,normalized_void>0.946161
npt_pressure,1,,P-1GPa,Ti-potential/fcc-restart/04-npt-round-2/md/P-1GPa/multi_nnap_md.xyz,1870,0.1462279485,19.03768833,4.360078823,4.371241647,990,2.0853116516630714,2.710101370043197,1.014956583372652,normalized_void>0.946161
npt_pressure,1,,P-1GPa,Ti-potential/fcc-restart/04-npt-round-2/md/P-1GPa/multi_nnap_md.xyz,1871,0.146834858,18.94740509,4.101151278,4.093515386,991,2.0857042182447434,2.6851361472459594,1.0072015783497932,normalized_void>0.946161
npt_pressure,1,,P-1GPa,Ti-potential/fcc-restart/04-npt-round-2/md/P-1GPa/multi_nnap_md.xyz,1873,0.1909281592,18.80211275,4.027836253,3.763437035,992,2.0266787706933997,2.6333156669334845,0.990301352296588,normalized_void>0.946161
npt_pressure,1,,P-1GPa,Ti-potential/fcc-restart/04-npt-round-2/md/P-1GPa/multi_nnap_md.xyz,1874,0.1973451254,18.75208862,4.262528601,4.036558024,993,1.973256450578835,2.59195474423539,0.9756128956201914,normalized_void>0.946161
npt_pressure,1,,P-1GPa,Ti-potential/fcc-restart/04-npt-round-2/md/P-1GPa/multi_nnap_md.xyz,1875,0.2981821715,18.72283956,4.152581127,4.140101325,994,1.9843844866293159,2.5447526546370502,0.9583445355542561,normalized_void>0.946161
npt_pressure,1,,P-1GPa,Ti-potential/fcc-restart/04-npt-round-2/md/P-1GPa/multi_nnap_md.xyz,1876,0.2386207317,18.71366484,3.929018404,3.88716196,995,1.97859568652663,2.5201677405771483,0.9492410237943762,normalized_void>0.946161
npt_pressure,1,,P-1GPa,Ti-potential/fcc-restart/04-npt-round-2/md/P-1GPa/multi_nnap_md.xyz,1877,0.1848916826,18.71859752,3.959637772,3.733359004,996,1.9328007457453378,2.5461442524161364,0.9589410340620997,normalized_void>0.946161
npt_pressure,1,,P-1GPa,Ti-potential/fcc-restart/04-npt-round-2/md/P-1GPa/multi_nnap_md.xyz,1878,0.4083560385,18.73081204,6.248501199,6.266925495,997,1.7866863158680677,2.573471596729569,0.969022461802093,normalized_void>0.946161
npt_pressure,1,,P-1GPa,Ti-potential/fcc-restart/04-npt-round-2/md/P-1GPa/multi_nnap_md.xyz,1879,0.3017578975,18.74574003,4.689871316,4.581233502,998,1.8430782470198728,2.6009998803720666,0.9791279971255685,normalized_void>0.946161
npt_pressure,1,,P-1GPa,Ti-potential/fcc-restart/04-npt-round-2/md/P-1GPa/multi_nnap_md.xyz,1880,0.1942437913,18.75484491,3.025638313,2.995172483,999,2.057907383012345,2.621581192483102,0.9867159616952196,normalized_void>0.946161
npt_pressure,1,,P-1GPa,Ti-potential/fcc-restart/04-npt-round-2/md/P-1GPa/multi_nnap_md.xyz,1881,0.2136745566,18.74948298,3.111825453,3.131780028,1000,2.076711777449832,2.6094011868667857,0.9822252403995138,normalized_void>0.946161
npt_pressure,1,,P-1GPa,Ti-potential/fcc-restart/04-npt-round-2/md/P-1GPa/multi_nnap_md.xyz,1882,0.1847384234,18.72440191,2.901807724,2.85857278,1001,2.0912209862559368,2.551249579670557,0.960764530346298,normalized_void>0.946161
npt_pressure,1,,P-1GPa,Ti-potential/fcc-restart/04-npt-round-2/md/P-1GPa/multi_nnap_md.xyz,1923,0.4343199515,18.73470606,3.389183111,3.238772127,1028,1.836303677546108,2.5300474797093657,0.9526054098173066,normalized_void>0.946161
npt_pressure,1,,P-1GPa,Ti-potential/fcc-restart/04-npt-round-2/md/P-1GPa/multi_nnap_md.xyz,1924,0.431291142,18.66083184,3.393189976,3.40162887,1029,1.8636874389835705,2.5729507669880114,0.9700359052438527,normalized_void>0.946161
npt_pressure,1,,P-1GPa,Ti-potential/fcc-restart/04-npt-round-2/md/P-1GPa/multi_nnap_md.xyz,1925,0.3610344388,18.61945917,4.264940745,4.009059093,1030,1.8707853972759751,2.608068623570453,0.9840035388167867,normalized_void>0.946161
npt_pressure,1,,P-1GPa,Ti-potential/fcc-restart/04-npt-round-2/md/P-1GPa/multi_nnap_md.xyz,1926,0.3962666916,18.61974786,3.61680703,3.501312472,1031,1.9317556610648137,2.634699806344203,0.994046134738739,normalized_void>0.946161
npt_pressure,1,,P-1GPa,Ti-potential/fcc-restart/04-npt-round-2/md/P-1GPa/multi_nnap_md.xyz,1927,0.2923706544,18.66422826,3.313131808,3.261890181,1032,1.9986958583554455,2.6351494442378804,0.9934253487615118,normalized_void>0.946161
npt_pressure,1,,P-1GPa,Ti-potential/fcc-restart/04-npt-round-2/md/P-1GPa/multi_nnap_md.xyz,1928,0.2412117739,18.74757784,3.541596839,3.500740819,1033,1.923301364031494,2.609209287708919,0.9821862740945393,normalized_void>0.946161
npt_pressure,1,,P-1GPa,Ti-potential/fcc-restart/04-npt-round-2/md/P-1GPa/multi_nnap_md.xyz,1929,0.2403229367,18.85891939,3.668880897,3.622425061,1034,1.9485718717976361,2.5522242663628774,0.9588409322905943,normalized_void>0.946161
npt_pressure,1,,P-1GPa,Ti-potential/fcc-restart/04-npt-round-2/md/P-1GPa/multi_nnap_md.xyz,1934,0.1915832106,19.41623285,3.431730211,3.446067896,1039,2.01677006481021,2.5669986501216804,0.9550746466013238,normalized_void>0.946161
npt_pressure,1,,P-1GPa,Ti-potential/fcc-restart/04-npt-round-2/md/P-1GPa/multi_nnap_md.xyz,1935,0.2061831447,19.49287513,3.172494628,3.196122108,1040,1.9942565190371115,2.5998525939913613,0.966028838639631,normalized_void>0.946161
npt_pressure,1,,P-1GPa,Ti-potential/fcc-restart/04-npt-round-2/md/P-1GPa/multi_nnap_md.xyz,1936,0.2252359186,19.556575,3.213507277,3.316058303,1041,1.9885547765207223,2.6181373114564526,0.9717655242124557,normalized_void>0.946161
npt_pressure,1,,P-1GPa,Ti-potential/fcc-restart/04-npt-round-2/md/P-1GPa/multi_nnap_md.xyz,1937,0.2474033814,19.60527621,3.189839556,3.203685734,1042,1.9901315217067193,2.600149128907036,0.9642891246332583,normalized_void>0.946161
npt_pressure,1,,P-1GPa,Ti-potential/fcc-restart/04-npt-round-2/md/P-1GPa/multi_nnap_md.xyz,1972,0.1477952885,18.73337227,4.00613266,3.966480345,1061,2.1891429077261093,2.5147624749158246,0.9468728194574993,normalized_void>0.946161
npt_pressure,1,,P-1GPa,Ti-potential/fcc-restart/04-npt-round-2/md/P-1GPa/multi_nnap_md.xyz,1974,0.1435573089,18.48849083,3.821167242,3.886096515,1062,1.9497475807920528,2.5256829683352264,0.9551648854661623,normalized_void>0.946161
npt_pressure,1,,P-1GPa,Ti-potential/fcc-restart/04-npt-round-2/md/P-1GPa/multi_nnap_md.xyz,1975,0.13732983,18.38148592,3.669137311,3.695442262,1063,1.9641006900941975,2.501609724194729,0.9478930764965487,normalized_void>0.946161
npt_pressure,1,,P-1GPa,Ti-potential/fcc-restart/04-npt-round-2/md/P-1GPa/multi_nnap_md.xyz,2067,0.1560189686,17.6945467,3.347303883,3.245361578,1117,1.9878742390918365,2.5358636204208524,0.9731491616797499,normalized_void>0.946161
npt_pressure,1,,P-1GPa,Ti-potential/fcc-restart/04-npt-round-2/md/P-1GPa/multi_nnap_md.xyz,2068,0.1385999821,17.61445599,3.457486886,3.451440873,1118,1.9909465989333237,2.4976739870869165,0.9599442373104349,normalized_void>0.946161
npt_pressure,1,,P-1GPa,Ti-potential/fcc-restart/04-npt-round-2/md/P-1GPa/multi_nnap_md.xyz,2069,0.1649838394,17.57990757,3.303534009,3.294576623,1119,1.9865779000106671,2.4655866061160694,0.948232274292978,normalized_void>0.946161
npt_pressure,1,,P-1GPa,Ti-potential/fcc-restart/04-npt-round-2/md/P-1GPa/multi_nnap_md.xyz,2070,0.1447636449,17.59524083,3.079313235,3.104454588,1120,2.0437897846176534,2.462980264627111,0.9469546771179499,normalized_void>0.946161
npt_pressure,1,,P-1GPa,Ti-potential/fcc-restart/04-npt-round-2/md/P-1GPa/multi_nnap_md.xyz,2071,0.1366760095,17.65995615,3.063379355,3.098030824,1121,2.019526190140545,2.518576653272134,0.9671458359316439,normalized_void>0.946161
npt_pressure,1,,P-1GPa,Ti-potential/fcc-restart/04-npt-round-2/md/P-1GPa/multi_nnap_md.xyz,2072,0.1363811903,17.7702643,3.349763277,3.360008675,1122,2.034027402854495,2.5509964666913114,0.9775640635651134,normalized_void>0.946161
npt_pressure,1,,P-1GPa,Ti-potential/fcc-restart/04-npt-round-2/md/P-1GPa/multi_nnap_md.xyz,2075,0.1510724064,18.30683716,2.91949154,2.905457459,1123,2.0383444940025934,2.535356657212801,0.9619842362671962,normalized_void>0.946161
npt_pressure,1,,P-1GPa,Ti-potential/fcc-restart/04-npt-round-2/md/P-1GPa/multi_nnap_md.xyz,2076,0.2890098476,18.53299646,3.868693174,3.850956044,1124,2.055676759964513,2.5334512496113613,0.9573351481898198,normalized_void>0.946161
npt_pressure,1,,P-1GPa,Ti-potential/fcc-restart/04-npt-round-2/md/P-1GPa/multi_nnap_md.xyz,2077,0.302358715,18.77519041,4.370400591,4.449934816,1125,2.0598580037422107,2.5243026972600844,0.9497587747055656,normalized_void>0.946161
npt_pressure,1,,P-1GPa,Ti-potential/fcc-restart/04-npt-round-2/md/P-1GPa/multi_nnap_md.xyz,2094,0.1770607462,17.89788079,3.448519266,3.384818473,1137,2.0787202941595893,2.5080349058850624,0.9588110699691369,normalized_void>0.946161
npt_pressure,1,,P-1GPa,Ti-potential/fcc-restart/04-npt-round-2/md/P-1GPa/multi_nnap_md.xyz,2095,0.1733676156,17.73561371,3.878055982,3.83802227,1138,2.040443223492655,2.5980007506920964,0.9962244551751491,normalized_void>0.946161
npt_pressure,1,,P-1GPa,Ti-potential/fcc-restart/04-npt-round-2/md/P-1GPa/multi_nnap_md.xyz,2096,0.1482956205,17.63307089,3.382023684,3.374550158,1139,2.042705281471973,2.6798399263057626,1.029594472056704,normalized_void>0.946161
npt_pressure,1,,P-1GPa,Ti-potential/fcc-restart/04-npt-round-2/md/P-1GPa/multi_nnap_md.xyz,2097,0.1461586414,17.59384504,3.209545032,3.151554817,1140,2.0851901681652008,2.6808355093623737,1.0307418585366033,normalized_void>0.946161
npt_pressure,1,,P-1GPa,Ti-potential/fcc-restart/04-npt-round-2/md/P-1GPa/multi_nnap_md.xyz,2098,0.158850595,17.6149088,3.329487386,3.305608011,1141,2.100588003735223,2.659468045664223,1.0221186440876184,normalized_void>0.946161
npt_pressure,1,,P-1GPa,Ti-potential/fcc-restart/04-npt-round-2/md/P-1GPa/multi_nnap_md.xyz,2099,0.1750461721,17.68847557,3.380527065,3.353314304,1142,1.9632688916728163,2.6314882129502273,1.00996105419359,normalized_void>0.946161
npt_pressure,1,,P-1GPa,Ti-potential/fcc-restart/04-npt-round-2/md/P-1GPa/multi_nnap_md.xyz,2100,0.2380725611,17.80583567,3.521348087,3.51398746,1143,1.8555469357320142,2.602815324658059,0.9967568633090101,normalized_void>0.946161
npt_pressure,1,,P-1GPa,Ti-potential/fcc-restart/04-npt-round-2/md/P-1GPa/multi_nnap_md.xyz,2101,0.3205444905,17.95892397,3.878200151,3.770787063,1144,1.8384779461617582,2.540080765057447,0.96996058883734,normalized_void>0.946161
npt_pressure,1,,P-1GPa,Ti-potential/fcc-restart/04-npt-round-2/md/P-1GPa/multi_nnap_md.xyz,2131,0.1348770379,18.11519281,3.010038044,2.98433022,1158,2.0708417824028005,2.4964867244798206,0.9505645357825188,normalized_void>0.946161
npt_pressure,1,,P-1GPa,Ti-potential/fcc-restart/04-npt-round-2/md/P-1GPa/multi_nnap_md.xyz,2138,0.136985415,19.54790052,2.925197141,2.839591401,1161,2.1424899196027156,2.558376811420581,0.9497248536539703,normalized_void>0.946161
npt_pressure,1,,P-1GPa,Ti-potential/fcc-restart/04-npt-round-2/md/P-1GPa/multi_nnap_md.xyz,2139,0.1634501885,19.62365331,2.889509283,2.905196355,1162,2.123438880745458,2.6112708843113652,0.9681113360695316,normalized_void>0.946161
npt_pressure,1,,P-1GPa,Ti-potential/fcc-restart/04-npt-round-2/md/P-1GPa/multi_nnap_md.xyz,2140,0.1509060197,19.64717114,2.74446298,2.759848525,1163,2.1549948296940076,2.659949964184005,0.9857651442929928,normalized_void>0.946161
npt_pressure,1,,P-1GPa,Ti-potential/fcc-restart/04-npt-round-2/md/P-1GPa/multi_nnap_md.xyz,2145,0.1792857254,19.08568187,2.813379968,2.789655068,1164,1.9445991034199082,2.6340120456825664,0.9856329111725834,normalized_void>0.946161
npt_pressure,1,,P-1GPa,Ti-potential/fcc-restart/04-npt-round-2/md/P-1GPa/multi_nnap_md.xyz,2146,0.1903547945,18.88498844,3.449602178,3.39728399,1165,1.91035441202165,2.597185580477058,0.9752831969535131,normalized_void>0.946161
npt_pressure,1,,P-1GPa,Ti-potential/fcc-restart/04-npt-round-2/md/P-1GPa/multi_nnap_md.xyz,2147,0.1711517986,18.67999766,3.748441879,3.700125667,1166,1.9450955993367105,2.546905019333165,0.9598878108108968,normalized_void>0.946161
npt_pressure,1,,P-1GPa,Ti-potential/fcc-restart/04-npt-round-2/md/P-1GPa/multi_nnap_md.xyz,2154,0.1523504706,17.89362206,3.794668504,3.743395094,1173,1.8848815180040777,2.48929869435886,0.9517237881816082,normalized_void>0.946161
npt_pressure,1,,P-1GPa,Ti-potential/fcc-restart/04-npt-round-2/md/P-1GPa/multi_nnap_md.xyz,2155,0.1319021975,17.9677179,3.166108606,3.070225473,1174,2.0085592397174157,2.49355367677198,0.9520382877163545,normalized_void>0.946161
npt_pressure,1,,P-1GPa,Ti-potential/fcc-restart/04-npt-round-2/md/P-1GPa/multi_nnap_md.xyz,2182,0.1860636458,17.26770794,2.916858858,2.830776689,1184,1.9488332758456715,2.4460539220947504,0.9463558297477892,normalized_void>0.946161
npt_pressure,1,,P-1GPa,Ti-potential/fcc-restart/04-npt-round-2/md/P-1GPa/multi_nnap_md.xyz,2183,0.2148041826,17.37865874,3.834266032,3.800269359,1185,1.9067369933948406,2.4930292861059518,0.9624731626115784,normalized_void>0.946161
npt_pressure,1,,P-1GPa,Ti-potential/fcc-restart/04-npt-round-2/md/P-1GPa/multi_nnap_md.xyz,2184,0.1764222893,17.52675423,4.034243778,3.993425625,1186,1.9142527334160333,2.538520627524251,0.9772676688585038,normalized_void>0.946161
npt_pressure,1,,P-1GPa,Ti-potential/fcc-restart/04-npt-round-2/md/P-1GPa/multi_nnap_md.xyz,2185,0.1346843976,17.70705233,3.517539252,3.484057616,1187,1.9846014306974966,2.547349645539918,0.9773267882016249,normalized_void>0.946161
npt_pressure,1,,P-1GPa,Ti-potential/fcc-restart/04-npt-round-2/md/P-1GPa/multi_nnap_md.xyz,2186,0.1301016662,17.9157254,3.121603725,3.128943105,1188,2.0512006171743153,2.52186094783736,0.963776510611733,normalized_void>0.946161
npt_pressure,1,,P-1GPa,Ti-potential/fcc-restart/04-npt-round-2/md/P-1GPa/multi_nnap_md.xyz,2195,0.1347809122,19.68375277,3.015900249,3.069726997,1195,2.0717241025428645,2.5576362460265623,0.9472606080230183,normalized_void>0.946161
npt_pressure,1,,P-1GPa,Ti-potential/fcc-restart/04-npt-round-2/md/P-1GPa/multi_nnap_md.xyz,2197,0.1328438263,19.67666268,3.771084271,3.667966365,1196,2.113371202683395,2.6659223931461695,0.9874846553885946,normalized_void>0.946161
npt_pressure,1,,P-1GPa,Ti-potential/fcc-restart/04-npt-round-2/md/P-1GPa/multi_nnap_md.xyz,2198,0.1779908825,19.6099686,4.021125296,3.890634686,1197,2.0202110104797772,2.691625295850503,0.9981342732582343,normalized_void>0.946161
npt_pressure,1,,P-1GPa,Ti-potential/fcc-restart/04-npt-round-2/md/P-1GPa/multi_nnap_md.xyz,2199,0.1492772262,19.50920772,3.380509321,3.373171343,1198,1.9625662170214648,2.704489107182534,1.0046281867543145,normalized_void>0.946161
npt_pressure,1,,P-1GPa,Ti-potential/fcc-restart/04-npt-round-2/md/P-1GPa/multi_nnap_md.xyz,2202,0.134573044,19.08437926,3.864047099,3.84608073,1199,2.0567832416277736,2.636241011771821,0.9864894213858828,normalized_void>0.946161
npt_pressure,1,,P-1GPa,Ti-potential/fcc-restart/04-npt-round-2/md/P-1GPa/multi_nnap_md.xyz,2203,0.1612988573,18.9328381,3.316503013,3.237442767,1200,1.9366965347451999,2.6003482419638817,0.9756475075949158,normalized_void>0.946161
npt_pressure,1,,P-1GPa,Ti-potential/fcc-restart/04-npt-round-2/md/P-1GPa/multi_nnap_md.xyz,2204,0.2011650634,18.79034594,3.495132963,3.388145998,1201,1.8636168355870826,2.5540232920217982,0.9606826079053127,normalized_void>0.946161
npt_pressure,1,,P-1GPa,Ti-potential/fcc-restart/04-npt-round-2/md/P-1GPa/multi_nnap_md.xyz,2209,0.2137976652,18.36946684,4.377824088,4.254472312,1204,1.8931734147037789,2.498235678948214,0.9468210164994839,normalized_void>0.946161
npt_pressure,1,,P-1GPa,Ti-potential/fcc-restart/04-npt-round-2/md/P-1GPa/multi_nnap_md.xyz,2210,0.6690204903,18.38252254,6.57045202,6.517212897,1205,1.7476309596724269,2.4561657430720203,0.9306562553330399,min_distance_A<1.77527
npt_pressure,1,,P-1GPa,Ti-potential/fcc-restart/04-npt-round-2/md/P-1GPa/multi_nnap_md.xyz,2218,0.8570047223,19.19584018,8.615070153,7.521358072,1212,1.7049939566374515,2.535465033579973,0.9469388116457087,min_distance_A<1.77527;normalized_void>0.946161
npt_pressure,1,,P-1GPa,Ti-potential/fcc-restart/04-npt-round-2/md/P-1GPa/multi_nnap_md.xyz,2219,0.2948631878,19.29173089,5.187946087,5.01918459,1213,1.8104677948525782,2.5650782362424662,0.9564087721878852,normalized_void>0.946161
npt_pressure,1,,P-1GPa,Ti-potential/fcc-restart/04-npt-round-2/md/P-1GPa/multi_nnap_md.xyz,2220,0.1908934146,19.36743834,3.083623144,3.076237037,1214,2.0883045484867746,2.582379684576505,0.9616035009379923,normalized_void>0.946161
npt_pressure,1,,P-1GPa,Ti-potential/fcc-restart/04-npt-round-2/md/P-1GPa/multi_nnap_md.xyz,2221,0.1486364093,19.40695285,2.779496867,2.832803884,1215,2.0464526150638642,2.584489336453424,0.9617354568728674,normalized_void>0.946161
npt_pressure,1,,P-1GPa,Ti-potential/fcc-restart/04-npt-round-2/md/P-1GPa/multi_nnap_md.xyz,2229,0.1474840798,18.19344691,2.895454715,2.838029213,1218,2.0816826705339744,2.497694059457533,0.9496587591654646,normalized_void>0.946161
npt_pressure,1,,P-1GPa,Ti-potential/fcc-restart/04-npt-round-2/md/P-1GPa/multi_nnap_md.xyz,2239,0.7033580752,17.49938057,7.010732349,6.922700417,1225,1.732228547593064,2.2829845721594637,0.8793506412529252,min_distance_A<1.77527
npt_pressure,1,,P-1GPa,Ti-potential/fcc-restart/04-npt-round-2/md/P-1GPa/multi_nnap_md.xyz,2245,0.4063328469,18.80418004,6.837919992,6.761952256,1231,1.7469490679922186,2.4042346413170006,0.9041185575800139,min_distance_A<1.77527
npt_pressure,1,,P-1GPa,Ti-potential/fcc-restart/04-npt-round-2/md/P-1GPa/multi_nnap_md.xyz,2255,0.1417908144,19.35573361,2.95433118,2.860962847,1235,2.113858160123081,2.56935933704491,0.9569479164753368,normalized_void>0.946161
npt_pressure,1,,P-1GPa,Ti-potential/fcc-restart/04-npt-round-2/md/P-1GPa/multi_nnap_md.xyz,2256,0.1520220899,19.2511759,3.071511017,2.962938963,1236,2.042740655206446,2.562940085368,0.9562821138791631,normalized_void>0.946161
npt_pressure,1,,P-1GPa,Ti-potential/fcc-restart/04-npt-round-2/md/P-1GPa/multi_nnap_md.xyz,2257,0.196844845,19.13796112,3.554074957,3.475587566,1237,1.9596379330590767,2.5407797099584637,0.9498793724136106,normalized_void>0.946161
npt_pressure,1,,P-1GPa,Ti-potential/fcc-restart/04-npt-round-2/md/P-1GPa/multi_nnap_md.xyz,2259,0.1307278413,18.9264523,3.171466652,3.184848962,1239,2.1026039436351445,2.554009161407451,0.9583689013596866,normalized_void>0.946161
npt_pressure,1,,P-1GPa,Ti-potential/fcc-restart/04-npt-round-2/md/P-1GPa/multi_nnap_md.xyz,2260,0.1555975474,18.84534458,3.422808607,3.275990299,1240,2.011043564907006,2.5776042957248944,0.9686083737894345,normalized_void>0.946161
npt_pressure,1,,P-1GPa,Ti-potential/fcc-restart/04-npt-round-2/md/P-1GPa/multi_nnap_md.xyz,2261,0.2411079562,18.78535868,3.543241882,3.380087168,1241,1.8936020877087845,2.5795574242373016,0.9703729976666872,normalized_void>0.946161
npt_pressure,1,,P-1GPa,Ti-potential/fcc-restart/04-npt-round-2/md/P-1GPa/multi_nnap_md.xyz,2262,0.4918867905,18.74778816,7.825721808,7.323164451,1242,1.7188984312806785,2.632372755258047,0.9909020070817706,min_distance_A<1.77527;normalized_void>0.946161
npt_pressure,1,,P-1GPa,Ti-potential/fcc-restart/04-npt-round-2/md/P-1GPa/multi_nnap_md.xyz,2263,0.3229312344,18.73482482,6.028501832,5.988977716,1243,1.7837573299486267,2.597709943269624,0.9780793981627224,normalized_void>0.946161
npt_pressure,1,,P-1GPa,Ti-potential/fcc-restart/04-npt-round-2/md/P-1GPa/multi_nnap_md.xyz,2264,0.2219078435,18.74500287,3.882022503,3.875241356,1244,1.9228246389003667,2.594636906333728,0.9767455039824432,normalized_void>0.946161
npt_pressure,1,,P-1GPa,Ti-potential/fcc-restart/04-npt-round-2/md/P-1GPa/multi_nnap_md.xyz,2265,0.2294066773,18.77553561,4.194130553,4.220201741,1245,1.9578517006543816,2.610585369009994,0.9822162645275535,normalized_void>0.946161
npt_pressure,1,,P-1GPa,Ti-potential/fcc-restart/04-npt-round-2/md/P-1GPa/multi_nnap_md.xyz,2266,0.1784527914,18.82328742,3.703194005,3.797274,1246,2.064919095925034,2.637258958951451,0.9914122598562697,normalized_void>0.946161
npt_pressure,1,,P-1GPa,Ti-potential/fcc-restart/04-npt-round-2/md/P-1GPa/multi_nnap_md.xyz,2267,0.1609148294,18.8839428,3.375084126,3.339237244,1247,2.040356750054741,2.6527591709079097,0.9961703222540482,normalized_void>0.946161
npt_pressure,1,,P-1GPa,Ti-potential/fcc-restart/04-npt-round-2/md/P-1GPa/multi_nnap_md.xyz,2272,0.1343505431,19.30944521,2.946069062,2.954626002,1248,2.108251401558293,2.619805192262167,0.9765153322170972,normalized_void>0.946161
npt_pressure,1,,P-1GPa,Ti-potential/fcc-restart/04-npt-round-2/md/P-1GPa/multi_nnap_md.xyz,2273,0.1783534024,19.39948879,2.806697395,2.945959401,1249,2.101225818293227,2.5817692848400142,0.9608464748303275,normalized_void>0.946161
npt_pressure,1,,P-1GPa,Ti-potential/fcc-restart/04-npt-round-2/md/P-1GPa/multi_nnap_md.xyz,2275,0.1966579702,19.56118256,2.829451756,2.920781784,1251,2.183545394683302,2.551131443128603,0.9468208218778814,normalized_void>0.946161
npt_pressure,1,,P-1GPa,Ti-potential/fcc-restart/04-npt-round-2/md/P-1GPa/multi_nnap_md.xyz,2283,0.1369540123,18.99942438,3.641347092,3.627280075,1255,1.98532469518884,2.527207570542731,0.9470962114744227,normalized_void>0.946161
npt_pressure,1,,P-1GPa,Ti-potential/fcc-restart/04-npt-round-2/md/P-1GPa/multi_nnap_md.xyz,2298,0.2443736413,18.29747703,3.148916976,3.225182307,1270,1.909261200802915,2.501664682922504,0.9493623999445164,normalized_void>0.946161
npt_pressure,1,,P-1GPa,Ti-potential/fcc-restart/04-npt-round-2/md/P-1GPa/multi_nnap_md.xyz,2299,0.1578915513,18.48627338,2.324989149,2.370370348,1271,2.003980907987157,2.557939847840907,0.9674024963661217,normalized_void>0.946161
npt_pressure,1,,P-1GPa,Ti-potential/fcc-restart/04-npt-round-2/md/P-1GPa/multi_nnap_md.xyz,2300,0.1550520188,18.67221528,2.712843648,2.881629817,1272,1.9733220148593307,2.6047162166235944,0.9818122926041898,normalized_void>0.946161
npt_pressure,1,,P-1GPa,Ti-potential/fcc-restart/04-npt-round-2/md/P-1GPa/multi_nnap_md.xyz,2301,0.1897089453,18.84503614,2.775642182,2.944709807,1273,1.9429592263041409,2.618351428279987,0.9839256395554974,normalized_void>0.946161
npt_pressure,1,,P-1GPa,Ti-potential/fcc-restart/04-npt-round-2/md/P-1GPa/multi_nnap_md.xyz,2302,0.1913643646,19.00141677,3.777877272,3.641097243,1274,1.9751697859656387,2.6119135718312205,0.9788064160992707,normalized_void>0.946161
npt_pressure,1,,P-1GPa,Ti-potential/fcc-restart/04-npt-round-2/md/P-1GPa/multi_nnap_md.xyz,2311,0.190249203,19.2445861,3.494179175,3.441737844,1277,2.165252299733116,2.7292823032344096,1.0184638087643292,normalized_void>0.946161
npt_pressure,1,,P-1GPa,Ti-potential/fcc-restart/04-npt-round-2/md/P-1GPa/multi_nnap_md.xyz,2312,0.2040413403,19.17851141,3.837588731,3.78289737,1278,2.183366480690087,2.6885342663968173,1.0044090358471065,normalized_void>0.946161
npt_pressure,1,,P-1GPa,Ti-potential/fcc-restart/04-npt-round-2/md/P-1GPa/multi_nnap_md.xyz,2313,0.150525629,19.1160855,3.533861755,3.526054629,1279,2.2332993006554522,2.6538094793836926,0.9925142547660973,normalized_void>0.946161
npt_pressure,1,,P-1GPa,Ti-potential/fcc-restart/04-npt-round-2/md/P-1GPa/multi_nnap_md.xyz,2316,0.1433464413,18.94371641,3.308255402,3.303825811,1280,2.1083241791214906,2.604212475660654,0.9769102968328549,normalized_void>0.946161
npt_pressure,1,,P-1GPa,Ti-potential/fcc-restart/04-npt-round-2/md/P-1GPa/multi_nnap_md.xyz,2317,0.1288949287,18.88346881,2.714401276,2.682035508,1281,2.1546565246750378,2.6000467323097123,0.9763837934005453,normalized_void>0.946161
npt_pressure,1,,P-1GPa,Ti-potential/fcc-restart/04-npt-round-2/md/P-1GPa/multi_nnap_md.xyz,2318,0.1584013827,18.82310123,3.346620108,3.376362548,1282,2.12073633474814,2.6030728419985376,0.9785640614774378,normalized_void>0.946161
npt_pressure,1,,P-1GPa,Ti-potential/fcc-restart/04-npt-round-2/md/P-1GPa/multi_nnap_md.xyz,2319,0.165939435,18.7656358,3.731516167,3.822469229,1283,2.0428664600160937,2.6423034015105897,0.9943247645004547,normalized_void>0.946161
npt_pressure,1,,P-1GPa,Ti-potential/fcc-restart/04-npt-round-2/md/P-1GPa/multi_nnap_md.xyz,2320,0.1446970578,18.71505311,3.572622217,3.616040705,1284,2.0417927183557496,2.689675470012654,1.0130623941226398,normalized_void>0.946161
npt_pressure,1,,P-1GPa,Ti-potential/fcc-restart/04-npt-round-2/md/P-1GPa/multi_nnap_md.xyz,2323,0.1369946976,18.66332633,3.738454202,3.592540689,1285,2.0797302142428733,2.7252933893186255,1.0274252769508738,normalized_void>0.946161
npt_pressure,1,,P-1GPa,Ti-potential/fcc-restart/04-npt-round-2/md/P-1GPa/multi_nnap_md.xyz,2324,0.1488683557,18.69340767,3.534251379,3.390248173,1286,2.090104584587589,2.7266399494827622,1.027381247475775,normalized_void>0.946161
npt_pressure,1,,P-1GPa,Ti-potential/fcc-restart/04-npt-round-2/md/P-1GPa/multi_nnap_md.xyz,2325,0.1440441325,18.74858101,2.503908469,2.514801642,1287,2.032182548434768,2.74278840421165,1.0324511289786287,normalized_void>0.946161
npt_pressure,1,,P-1GPa,Ti-potential/fcc-restart/04-npt-round-2/md/P-1GPa/multi_nnap_md.xyz,2331,0.1355502241,19.29154141,3.026205314,3.204265478,1288,2.0119852506904343,2.58842973325059,0.965118713799825,normalized_void>0.946161
npt_pressure,1,,P-1GPa,Ti-potential/fcc-restart/04-npt-round-2/md/P-1GPa/multi_nnap_md.xyz,2332,0.1720915097,19.34902677,3.97888736,4.13329491,1289,1.9211129926379573,2.6109915253171097,0.9725660090872559,normalized_void>0.946161
npt_pressure,1,,P-1GPa,Ti-potential/fcc-restart/04-npt-round-2/md/P-1GPa/multi_nnap_md.xyz,2333,0.1571296411,19.38123542,3.604493545,3.710210753,1290,1.9555619776274005,2.640238923470903,0.9829152586029847,normalized_void>0.946161
npt_pressure,1,,P-1GPa,Ti-potential/fcc-restart/04-npt-round-2/md/P-1GPa/multi_nnap_md.xyz,2334,0.1315166854,19.38347538,2.537193723,2.486418522,1291,2.0715849155743307,2.6356239614556545,0.9811593908151233,normalized_void>0.946161
npt_pressure,1,,P-1GPa,Ti-potential/fcc-restart/04-npt-round-2/md/P-1GPa/multi_nnap_md.xyz,2378,0.4610482168,17.52071827,5.892965623,5.390768403,1317,1.7440464281934869,2.375405678027485,0.9145774479922067,min_distance_A<1.77527
npt_pressure,1,,P-1GPa,Ti-potential/fcc-restart/04-npt-round-2/md/P-1GPa/multi_nnap_md.xyz,2379,0.3879777044,17.63125592,4.961178649,4.586893566,1318,1.7688251897056144,2.36349588037333,0.9080862502743583,min_distance_A<1.77527
npt_pressure,1,,P-1GPa,Ti-potential/fcc-restart/04-npt-round-2/md/P-1GPa/multi_nnap_md.xyz,2393,0.1583301494,19.51459795,2.852490619,2.840701877,1327,2.1356491627869367,2.5534378219954856,0.9484302943122048,normalized_void>0.946161
npt_pressure,1,,P-1GPa,Ti-potential/fcc-restart/04-npt-round-2/md/P-1GPa/multi_nnap_md.xyz,2394,0.1432082656,19.4320303,2.510505377,2.479789649,1328,2.2209744370862703,2.5956691881623137,0.9654800009475757,normalized_void>0.946161
npt_pressure,1,,P-1GPa,Ti-potential/fcc-restart/04-npt-round-2/md/P-1GPa/multi_nnap_md.xyz,2395,0.1292534237,19.3285228,3.074765621,3.129266238,1329,2.2179568543243517,2.6008567110961045,0.9691333486974292,normalized_void>0.946161
npt_pressure,1,,P-1GPa,Ti-potential/fcc-restart/04-npt-round-2/md/P-1GPa/multi_nnap_md.xyz,2423,0.1284509601,19.13134919,2.365431593,2.322647579,1348,1.99074341076101,2.5951812896116166,0.9703293514515791,normalized_void>0.946161
npt_pressure,1,,P-1GPa,Ti-potential/fcc-restart/04-npt-round-2/md/P-1GPa/multi_nnap_md.xyz,2424,0.1503989329,19.074596,3.340909258,3.237757574,1349,1.9466502780737975,2.593036167114028,0.9704878995550086,normalized_void>0.946161
npt_pressure,1,,P-1GPa,Ti-potential/fcc-restart/04-npt-round-2/md/P-1GPa/multi_nnap_md.xyz,2425,0.1408603636,19.00612733,3.562615751,3.498601504,1350,1.9852299390162091,2.6029398578688103,0.9753629521726425,normalized_void>0.946161
npt_pressure,1,,P-1GPa,Ti-potential/fcc-restart/04-npt-round-2/md/P-1GPa/multi_nnap_md.xyz,2426,0.1327332807,18.92902085,3.18355878,3.204019703,1351,2.040394344118523,2.596565708939511,0.9742937893716009,normalized_void>0.946161
npt_pressure,1,,P-1GPa,Ti-potential/fcc-restart/04-npt-round-2/md/P-1GPa/multi_nnap_md.xyz,2427,0.1283860413,18.84508656,2.567574451,2.586932768,1352,2.1487470505017336,2.5895926817470376,0.9731177930638865,normalized_void>0.946161
npt_pressure,1,,P-1GPa,Ti-potential/fcc-restart/04-npt-round-2/md/P-1GPa/multi_nnap_md.xyz,2428,0.1514706841,18.75531053,2.440041573,2.607007998,1353,2.1117699026001673,2.5787230231693457,0.9705768864169305,normalized_void>0.946161
npt_pressure,1,,P-1GPa,Ti-potential/fcc-restart/04-npt-round-2/md/P-1GPa/multi_nnap_md.xyz,2430,0.1391740715,18.56280515,3.17294494,3.043525531,1354,2.108856244362548,2.5263426910884923,0.9541377064387386,normalized_void>0.946161
npt_pressure,1,,P-1GPa,Ti-potential/fcc-restart/04-npt-round-2/md/P-1GPa/multi_nnap_md.xyz,2431,0.35294311,18.4695869,5.285374471,4.920195085,1355,2.009071002799172,2.5361268548658815,0.9594416749729053,normalized_void>0.946161
npt_pressure,1,,P-1GPa,Ti-potential/fcc-restart/04-npt-round-2/md/P-1GPa/multi_nnap_md.xyz,2432,0.4857626419,18.39016291,5.645531845,5.20967295,1356,2.0192873314408493,2.5440710328816003,0.9638305940173698,normalized_void>0.946161
npt_pressure,1,,P-1GPa,Ti-potential/fcc-restart/04-npt-round-2/md/P-1GPa/multi_nnap_md.xyz,2433,0.3091459147,18.33190404,4.487155855,4.224371566,1357,2.1538766642007667,2.5619457196843847,0.9716295899772073,normalized_void>0.946161
npt_pressure,1,,P-1GPa,Ti-potential/fcc-restart/04-npt-round-2/md/P-1GPa/multi_nnap_md.xyz,2434,0.1876472971,18.2982973,4.703071288,4.453346582,1358,2.15646943810179,2.5472063037927204,0.9666306486276032,normalized_void>0.946161
npt_pressure,1,,P-1GPa,Ti-potential/fcc-restart/04-npt-round-2/md/P-1GPa/multi_nnap_md.xyz,2435,0.1578881468,18.28905255,4.741434551,4.602294183,1359,2.133813405341726,2.5021336203533497,0.949686131175293,normalized_void>0.946161
npt_pressure,1,,P-1GPa,Ti-potential/fcc-restart/04-npt-round-2/md/P-1GPa/multi_nnap_md.xyz,2455,0.8101675142,19.0346519,6.357620079,6.585683529,1373,1.7291148316479048,2.3970692460416134,0.8977710573785598,min_distance_A<1.77527
npt_pressure,1,,P-1GPa,Ti-potential/fcc-restart/04-npt-round-2/md/P-1GPa/multi_nnap_md.xyz,2468,0.1381491157,18.19571379,3.620317701,3.644140477,1379,2.1247592631804766,2.508864986580919,0.9538664891133939,normalized_void>0.946161
npt_pressure,1,,P-1GPa,Ti-potential/fcc-restart/04-npt-round-2/md/P-1GPa/multi_nnap_md.xyz,2469,0.1434078924,18.26759638,3.791093115,3.763739518,1380,2.1174928306481573,2.502027573034456,0.9500175370661579,normalized_void>0.946161
npt_pressure,1,,P-1GPa,Ti-potential/fcc-restart/04-npt-round-2/md/P-1GPa/multi_nnap_md.xyz,2470,0.1573094753,18.36246536,4.443128676,4.330488824,1381,2.150116168417023,2.4979034831054667,0.9468154230813238,normalized_void>0.946161
npt_pressure,1,,P-1GPa,Ti-potential/fcc-restart/04-npt-round-2/md/P-1GPa/multi_nnap_md.xyz,2471,0.1445254929,18.47562659,4.31521606,4.237833693,1382,2.139530749538389,2.5080975251183824,0.9487345013557363,normalized_void>0.946161
npt_pressure,1,,P-1GPa,Ti-potential/fcc-restart/04-npt-round-2/md/P-1GPa/multi_nnap_md.xyz,2513,0.1350354415,17.83013167,2.813417823,2.767089513,1397,2.1293022224513165,2.5317613284633786,0.9691059168819603,normalized_void>0.946161
npt_pressure,1,,P-1GPa,Ti-potential/fcc-restart/04-npt-round-2/md/P-1GPa/multi_nnap_md.xyz,2514,0.1409073487,17.82402548,3.571753989,3.571224883,1398,2.087428855389571,2.526546683875668,0.9672202841969941,normalized_void>0.946161
npt_pressure,1,,P-1GPa,Ti-potential/fcc-restart/04-npt-round-2/md/P-1GPa/multi_nnap_md.xyz,2617,0.2283209134,18.84550629,3.996152033,4.128159251,1461,1.893297691052273,2.5195404899209324,0.9467865336306428,normalized_void>0.946161
npt_pressure,1,,P-1GPa,Ti-potential/fcc-restart/04-npt-round-2/md/P-1GPa/multi_nnap_md.xyz,2618,0.1623857576,18.79436766,3.58737611,3.599344754,1462,2.0745716341025298,2.5236107781720998,0.9491753857845586,normalized_void>0.946161
npt_pressure,1,,P-1GPa,Ti-potential/fcc-restart/04-npt-round-2/md/P-1GPa/multi_nnap_md.xyz,2619,0.1766468877,18.75106089,4.52487807,4.449946751,1463,2.0593358516446996,2.517101267614683,0.94745532352544,normalized_void>0.946161
npt_pressure,1,,P-1GPa,Ti-potential/fcc-restart/04-npt-round-2/md/P-1GPa/multi_nnap_md.xyz,2635,0.2183256679,18.7249062,4.295926274,4.218678936,1476,1.8649760132310476,2.5198078940946926,0.9489155172750128,normalized_void>0.946161
npt_pressure,1,,P-1GPa,Ti-potential/fcc-restart/04-npt-round-2/md/P-1GPa/multi_nnap_md.xyz,2636,0.2171997477,18.75968823,4.595023956,4.393977801,1477,1.8648662155198972,2.549662287557791,0.9595643872646733,normalized_void>0.946161
npt_pressure,1,,P-1GPa,Ti-potential/fcc-restart/04-npt-round-2/md/P-1GPa/multi_nnap_md.xyz,2637,0.1681139781,18.79625434,2.717098177,2.689939086,1478,2.0270948565065146,2.5774695998690715,0.9694002200975169,normalized_void>0.946161
npt_pressure,1,,P-1GPa,Ti-potential/fcc-restart/04-npt-round-2/md/P-1GPa/multi_nnap_md.xyz,2641,0.1426903645,18.85836941,3.370958665,3.244545843,1479,1.9634010435914888,2.521852068095329,0.9474396612244187,normalized_void>0.946161
npt_pressure,1,,P-1GPa,Ti-potential/fcc-restart/04-npt-round-2/md/P-1GPa/multi_nnap_md.xyz,2671,0.1413089116,18.86927193,3.735067113,3.712940951,1495,2.0176184091861997,2.539299133659315,0.9538106120080799,normalized_void>0.946161
npt_pressure,1,,P-1GPa,Ti-potential/fcc-restart/04-npt-round-2/md/P-1GPa/multi_nnap_md.xyz,2672,0.1474520108,18.82311149,3.25913412,3.301012778,1496,2.0192270430362136,2.5285979859403356,0.9505668167138288,normalized_void>0.946161
npt_pressure,1,,P-1GPa,Ti-potential/fcc-restart/04-npt-round-2/md/P-1GPa/multi_nnap_md.xyz,2717,0.1357704713,19.00428381,3.899098347,3.791669107,1537,2.0333645836726904,2.576830480067594,0.9656105743860198,normalized_void>0.946161
npt_pressure,1,,P-1GPa,Ti-potential/fcc-restart/04-npt-round-2/md/P-1GPa/multi_nnap_md.xyz,2722,0.1499590554,19.32772365,3.695328942,3.659652689,1538,2.0162451079688615,2.8087784938396076,1.046623757679449,normalized_void>0.946161
npt_pressure,1,,P-1GPa,Ti-potential/fcc-restart/04-npt-round-2/md/P-1GPa/multi_nnap_md.xyz,2723,0.1649429207,19.40322443,3.386479921,3.515602018,1539,1.899645562258473,2.8332692530979857,1.054378511463982,normalized_void>0.946161
npt_pressure,1,,P-1GPa,Ti-potential/fcc-restart/04-npt-round-2/md/P-1GPa/multi_nnap_md.xyz,2724,0.1410440102,19.47890363,3.264437123,3.426922161,1540,1.929784036364656,2.8517836041307123,1.0598922862471205,normalized_void>0.946161
npt_pressure,1,,P-1GPa,Ti-potential/fcc-restart/04-npt-round-2/md/P-1GPa/multi_nnap_md.xyz,2725,0.1402186056,19.54554493,2.902038612,2.916865676,1541,2.0944701488308533,2.833551104396518,1.0519177627565097,normalized_void>0.946161
npt_pressure,1,,P-1GPa,Ti-potential/fcc-restart/04-npt-round-2/md/P-1GPa/multi_nnap_md.xyz,2728,0.1327112645,19.58188825,2.74236666,2.65010735,1542,2.038620039592161,2.6561450622162193,0.9854477461527021,normalized_void>0.946161
npt_pressure,1,,P-1GPa,Ti-potential/fcc-restart/04-npt-round-2/md/P-1GPa/multi_nnap_md.xyz,2729,0.1729479817,19.51481123,2.641717009,2.568997645,1543,1.9274987690351812,2.5943892226892906,0.9636374729222001,normalized_void>0.946161
npt_pressure,1,,P-1GPa,Ti-potential/fcc-restart/04-npt-round-2/md/P-1GPa/multi_nnap_md.xyz,2778,0.1296823943,19.30464098,3.15643095,3.235330495,1567,2.0417017910876494,2.5550294492911783,0.9524495927305735,normalized_void>0.946161
npt_pressure,1,,P-1GPa,Ti-potential/fcc-restart/04-npt-round-2/md/P-1GPa/multi_nnap_md.xyz,2779,0.1921898394,19.52192155,3.074870027,3.155426777,1568,1.939503904786699,2.5632053042670124,0.9519391875607761,normalized_void>0.946161
npt_pressure,1,,P-1GPa,Ti-potential/fcc-restart/04-npt-round-2/md/P-1GPa/multi_nnap_md.xyz,2780,0.2017082936,19.7049599,2.734575987,2.785823381,1569,1.9095843445091092,2.571957536434835,0.9522228721546269,normalized_void>0.946161
npt_pressure,1,,P-1GPa,Ti-potential/fcc-restart/04-npt-round-2/md/P-1GPa/multi_nnap_md.xyz,2781,0.1621990487,19.84407041,2.59486469,2.691785794,1570,1.9556837241781964,2.5765141284985087,0.9516756158766929,normalized_void>0.946161
npt_pressure,1,,P-1GPa,Ti-potential/fcc-restart/04-npt-round-2/md/P-1GPa/multi_nnap_md.xyz,2793,0.575564929,18.71775928,6.832835135,6.511895463,1582,1.7419602590962913,2.5151082333234256,0.9472662401488822,min_distance_A<1.77527;normalized_void>0.946161
npt_pressure,1,,P-1GPa,Ti-potential/fcc-restart/04-npt-round-2/md/P-1GPa/multi_nnap_md.xyz,2798,0.1327134381,18.40833464,3.543853671,3.488914062,1585,2.0700812736989107,2.522936430062266,0.9555090561638864,normalized_void>0.946161
npt_pressure,1,,P-1GPa,Ti-potential/fcc-restart/04-npt-round-2/md/P-1GPa/multi_nnap_md.xyz,2801,0.1343478918,18.52410647,2.847821279,2.819190619,1586,2.008496007983779,2.6282076817738087,0.993300355259462,normalized_void>0.946161
npt_pressure,1,,P-1GPa,Ti-potential/fcc-restart/04-npt-round-2/md/P-1GPa/multi_nnap_md.xyz,2802,0.1310202555,18.60247625,2.612617848,2.636118459,1587,2.0171421827985707,2.6497073790816743,1.0000176432616215,normalized_void>0.946161
npt_pressure,1,,P-1GPa,Ti-potential/fcc-restart/04-npt-round-2/md/P-1GPa/multi_nnap_md.xyz,2806,0.1521975086,18.91380304,3.070218591,3.081096729,1588,1.88022083396215,2.5376559684867126,0.952444745328535,normalized_void>0.946161
npt_pressure,1,,P-1GPa,Ti-potential/fcc-restart/04-npt-round-2/md/P-1GPa/multi_nnap_md.xyz,2811,0.1330417828,18.9737054,2.166459372,2.150936537,1593,1.962031748145742,2.559765831432708,0.9597309931601907,normalized_void>0.946161
npt_pressure,1,,P-1GPa,Ti-potential/fcc-restart/04-npt-round-2/md/P-1GPa/multi_nnap_md.xyz,2812,0.1386407046,18.90928612,2.744064281,2.73081344,1594,2.0904840323039027,2.591609115819958,0.9727721335560723,normalized_void>0.946161
npt_pressure,1,,P-1GPa,Ti-potential/fcc-restart/04-npt-round-2/md/P-1GPa/multi_nnap_md.xyz,2813,0.1373086296,18.82644274,3.787346166,3.720519438,1595,2.1335361472782437,2.6157387813981425,0.9832673433460867,normalized_void>0.946161
npt_pressure,1,,P-1GPa,Ti-potential/fcc-restart/04-npt-round-2/md/P-1GPa/multi_nnap_md.xyz,2814,0.1666053343,18.73503456,3.671292993,3.677190881,1596,2.0702050529799982,2.653410263405579,0.9990477326240365,normalized_void>0.946161
npt_pressure,1,,P-1GPa,Ti-potential/fcc-restart/04-npt-round-2/md/P-1GPa/multi_nnap_md.xyz,2815,0.1703178068,18.64288946,3.091051646,3.20219374,1597,2.002613497856983,2.713197771333558,1.0232389031515998,normalized_void>0.946161
npt_pressure,1,,P-1GPa,Ti-potential/fcc-restart/04-npt-round-2/md/P-1GPa/multi_nnap_md.xyz,2822,0.1339329606,18.25686373,3.498127785,3.448350567,1598,2.03490893847501,2.7367653165042123,1.0393508270525467,normalized_void>0.946161
npt_pressure,1,,P-1GPa,Ti-potential/fcc-restart/04-npt-round-2/md/P-1GPa/multi_nnap_md.xyz,2823,0.2008276722,18.29282944,2.945095211,2.930874785,1599,1.9880660699748007,2.7012152775669294,1.025177113697759,normalized_void>0.946161
npt_pressure,1,,P-1GPa,Ti-potential/fcc-restart/04-npt-round-2/md/P-1GPa/multi_nnap_md.xyz,2824,0.2001597757,18.35653027,2.730344698,2.875708587,1600,2.0045794051612136,2.6587366851824092,1.0078868904270695,normalized_void>0.946161
npt_pressure,1,,P-1GPa,Ti-potential/fcc-restart/04-npt-round-2/md/P-1GPa/multi_nnap_md.xyz,2825,0.1579221464,18.44100704,2.679407578,2.614903089,1601,2.091889040024342,2.6218407881519044,0.9923802313340728,normalized_void>0.946161
npt_pressure,1,,P-1GPa,Ti-potential/fcc-restart/04-npt-round-2/md/P-1GPa/multi_nnap_md.xyz,2828,0.1416843961,18.7666037,3.182544204,3.098089508,1602,2.072019223522203,2.5593445140838034,0.963089961185474,normalized_void>0.946161
npt_pressure,1,,P-1GPa,Ti-potential/fcc-restart/04-npt-round-2/md/P-1GPa/multi_nnap_md.xyz,2829,0.1387189563,18.88718558,3.759810829,3.66667862,1603,2.1306833536830263,2.5462453895815376,0.9561172927443063,normalized_void>0.946161
npt_pressure,1,,P-1GPa,Ti-potential/fcc-restart/04-npt-round-2/md/P-1GPa/multi_nnap_md.xyz,2893,0.1425896856,18.45603805,3.494099169,3.396303786,1632,1.8709758123255882,2.5078788156871563,0.9489872727592854,normalized_void>0.946161
npt_pressure,1,,P-1GPa,Ti-potential/fcc-restart/04-npt-round-2/md/P-1GPa/multi_nnap_md.xyz,2894,0.1750091628,18.47055992,4.018028155,3.847793095,1633,1.867193517721524,2.530015131858476,0.9571127427079362,normalized_void>0.946161
npt_pressure,1,,P-1GPa,Ti-potential/fcc-restart/04-npt-round-2/md/P-1GPa/multi_nnap_md.xyz,2895,0.1498331722,18.48635487,2.867230373,2.77086145,1634,1.9667995590163951,2.5526050534159017,0.9653834801875641,normalized_void>0.946161
npt_pressure,1,,P-1GPa,Ti-potential/fcc-restart/04-npt-round-2/md/P-1GPa/multi_nnap_md.xyz,2900,0.1429452838,18.58195698,3.860610987,3.784365294,1635,2.26475874047077,2.5922358290866274,0.9786874641389901,normalized_void>0.946161
npt_pressure,1,,P-1GPa,Ti-potential/fcc-restart/04-npt-round-2/md/P-1GPa/multi_nnap_md.xyz,2901,0.134853497,18.60919918,3.593913538,3.42763759,1636,2.1644009400053674,2.560777535172632,0.9663385159445569,normalized_void>0.946161
npt_pressure,1,,P-1GPa,Ti-potential/fcc-restart/04-npt-round-2/md/P-1GPa/multi_nnap_md.xyz,2913,0.1547308941,18.40868542,3.095930894,3.116822267,1645,2.1990503152329404,2.517266770560135,0.9533557365129476,normalized_void>0.946161
npt_pressure,1,,P-1GPa,Ti-potential/fcc-restart/04-npt-round-2/md/P-1GPa/multi_nnap_md.xyz,2914,0.1803130803,18.4274514,4.03225874,4.045917705,1646,2.1987748434994594,2.5407681962098416,0.9619295945458401,normalized_void>0.946161
npt_pressure,1,,P-1GPa,Ti-potential/fcc-restart/04-npt-round-2/md/P-1GPa/multi_nnap_md.xyz,2915,0.2384982106,18.46929511,4.96536726,5.004551057,1647,2.1708844169858863,2.527501415084569,0.9561836217760717,normalized_void>0.946161
npt_pressure,1,,P-1GPa,Ti-potential/fcc-restart/04-npt-round-2/md/P-1GPa/multi_nnap_md.xyz,2969,0.1494911962,17.85922862,3.784368706,3.735786097,1674,2.078455437515437,2.479418021318474,0.9485542798903356,normalized_void>0.946161
npt_pressure,1,,P-1GPa,Ti-potential/fcc-restart/04-npt-round-2/md/P-1GPa/multi_nnap_md.xyz,2970,0.1932314975,17.88276126,4.073627256,4.041569803,1675,1.9258573317291616,2.5063524192462863,0.9584378238388368,normalized_void>0.946161
npt_pressure,1,,P-1GPa,Ti-potential/fcc-restart/04-npt-round-2/md/P-1GPa/multi_nnap_md.xyz,2971,0.1665728358,17.94349419,4.082445061,4.071743991,1676,1.895167013026614,2.5138888948204627,0.9602339865995764,normalized_void>0.946161
npt_pressure,1,,P-1GPa,Ti-potential/fcc-restart/04-npt-round-2/md/P-1GPa/multi_nnap_md.xyz,2972,0.1508055975,18.03948897,3.440113185,3.451188345,1677,2.030134002755144,2.5129573269270296,0.9581725031025616,normalized_void>0.946161
npt_pressure,1,,P-1GPa,Ti-potential/fcc-restart/04-npt-round-2/md/P-1GPa/multi_nnap_md.xyz,2994,0.1548094203,18.40508285,3.539592726,3.595198807,1694,2.0585184895077777,2.5018103825656053,0.9475638087878873,normalized_void>0.946161
npt_pressure,1,,P-1GPa,Ti-potential/fcc-restart/04-npt-round-2/md/P-1GPa/multi_nnap_md.xyz,2995,0.1760847435,18.27726435,3.681132619,3.762596975,1695,2.077010995657345,2.5272238027878315,0.9594152976552208,normalized_void>0.946161
npt_pressure,1,,P-1GPa,Ti-potential/fcc-restart/04-npt-round-2/md/P-1GPa/multi_nnap_md.xyz,2996,0.1637670862,18.18801417,4.158165386,4.260935126,1696,2.0142219189660016,2.541441495634415,0.9663883563765729,normalized_void>0.946161
npt_pressure,1,,P-1GPa,Ti-potential/fcc-restart/04-npt-round-2/md/P-1GPa/multi_nnap_md.xyz,2997,0.1848239509,18.14546488,3.934732225,4.025449516,1697,1.8815474545306243,2.5434799785517477,0.9679188706109114,normalized_void>0.946161
npt_pressure,1,,P-1GPa,Ti-potential/fcc-restart/04-npt-round-2/md/P-1GPa/multi_nnap_md.xyz,2998,0.18284549,18.15098545,3.352373058,3.422188764,1698,1.8996673343918693,2.5343016526813362,0.9643282818078194,normalized_void>0.946161
npt_pressure,1,,P-1GPa,Ti-potential/fcc-restart/04-npt-round-2/md/P-1GPa/multi_nnap_md.xyz,2999,0.1840050923,18.20031999,3.028461599,3.038202114,1699,2.0246323799804955,2.5171178363985276,0.9569234688164352,normalized_void>0.946161
npt_pressure,1,,P-1GPa,Ti-potential/fcc-restart/04-npt-round-2/md/P-1GPa/multi_nnap_md.xyz,3000,0.1951947722,18.28643773,3.89113129,3.901713799,1700,1.979489259034927,2.4943405356070874,0.9467733846956915,normalized_void>0.946161
npt_pressure,1,,P-1GPa,Ti-potential/fcc-restart/04-npt-round-2/md/P-1GPa/multi_nnap_md.xyz,3009,0.1283326424,19.37247484,2.475705427,2.416898039,1704,2.1019932504196195,2.5624506744605906,0.9540998166789755,normalized_void>0.946161
npt_pressure,1,,P-1GPa,Ti-potential/fcc-restart/04-npt-round-2/md/P-1GPa/multi_nnap_md.xyz,3022,0.1566711535,18.17827877,3.643179388,3.675796065,1716,1.961463312742091,2.4933716097705356,0.948278906978051,normalized_void>0.946161
npt_pressure,1,,P-1GPa,Ti-potential/fcc-restart/04-npt-round-2/md/P-1GPa/multi_nnap_md.xyz,3027,0.1301198758,17.88477812,3.477968361,3.4211197,1720,2.1032280010055544,2.520814240519467,0.963931837489522,normalized_void>0.946161
npt_pressure,1,,P-1GPa,Ti-potential/fcc-restart/04-npt-round-2/md/P-1GPa/multi_nnap_md.xyz,3028,0.140740752,17.91120569,3.53243542,3.476731973,1721,2.081231500638067,2.577530068786211,0.9851343593245734,normalized_void>0.946161
npt_pressure,1,,P-1GPa,Ti-potential/fcc-restart/04-npt-round-2/md/P-1GPa/multi_nnap_md.xyz,3029,0.1388345351,17.97678176,3.882446489,3.766293133,1722,2.0092959324803865,2.595417716978841,0.9907633879773987,normalized_void>0.946161
npt_pressure,1,,P-1GPa,Ti-potential/fcc-restart/04-npt-round-2/md/P-1GPa/multi_nnap_md.xyz,3030,0.1821582647,18.0770062,4.073031224,4.087528053,1723,1.913949091484122,2.592852248951522,0.9879514447458555,normalized_void>0.946161
npt_pressure,1,,P-1GPa,Ti-potential/fcc-restart/04-npt-round-2/md/P-1GPa/multi_nnap_md.xyz,3031,0.156593627,18.20178266,3.313614909,3.339857659,1724,1.9343680487821355,2.568766445392502,0.9765323722482224,normalized_void>0.946161
npt_pressure,1,,P-1GPa,Ti-potential/fcc-restart/04-npt-round-2/md/P-1GPa/multi_nnap_md.xyz,3032,0.1688832033,18.33860795,3.06613342,3.033639862,1725,1.993224916175527,2.538813620863683,0.9627392936129667,normalized_void>0.946161
npt_pressure,1,,P-1GPa,Ti-potential/fcc-restart/04-npt-round-2/md/P-1GPa/multi_nnap_md.xyz,3033,0.1459546224,18.47569208,3.131559329,3.090748389,1726,1.9566222006039686,2.506059484221487,0.9479624544063778,normalized_void>0.946161
npt_pressure,1,,P-1GPa,Ti-potential/fcc-restart/04-npt-round-2/md/P-1GPa/multi_nnap_md.xyz,3039,0.4070293605,19.02576895,6.697694719,6.810475468,1731,1.753845364263166,2.489550385752932,0.9325529800050543,min_distance_A<1.77527
npt_pressure,1,,P-1GPa,Ti-potential/fcc-restart/04-npt-round-2/md/P-1GPa/multi_nnap_md.xyz,3040,0.543853186,19.06086509,7.458152299,7.67532173,1732,1.7305951541082638,2.5255013370301715,0.9454387539126016,min_distance_A<1.77527
npt_pressure,1,,P-1GPa,Ti-potential/fcc-restart/04-npt-round-2/md/P-1GPa/multi_nnap_md.xyz,3041,0.1903417528,19.08545842,3.666103152,3.488550335,1733,1.952865391690006,2.5322772730465997,0.9475680132464868,normalized_void>0.946161
npt_pressure,1,,P-1GPa,Ti-potential/fcc-restart/04-npt-round-2/md/P-1GPa/multi_nnap_md.xyz,3049,0.1404398284,18.59714447,2.526418498,2.56599424,1740,2.112573054189554,2.506981562942518,0.9462423580570224,normalized_void>0.946161
npt_pressure,1,,P-1GPa,Ti-potential/fcc-restart/04-npt-round-2/md/P-1GPa/multi_nnap_md.xyz,3071,0.1326107552,19.34236802,2.779081934,2.801054919,1754,2.103831209597035,2.570512399729339,0.9575978355724393,normalized_void>0.946161
npt_pressure,1,,P-1GPa,Ti-potential/fcc-restart/04-npt-round-2/md/P-1GPa/multi_nnap_md.xyz,3072,0.1927030731,19.29593357,3.140258843,3.246264704,1755,1.9495689320615024,2.594218232809509,0.9672036102222034,normalized_void>0.946161
npt_pressure,1,,P-1GPa,Ti-potential/fcc-restart/04-npt-round-2/md/P-1GPa/multi_nnap_md.xyz,3073,0.2767160041,19.23224197,5.173862293,5.191938794,1756,1.7938257573019976,2.6098087799984806,0.9740891734578375,normalized_void>0.946161
npt_pressure,1,,P-1GPa,Ti-potential/fcc-restart/04-npt-round-2/md/P-1GPa/multi_nnap_md.xyz,3074,0.2396191569,19.16488701,5.063695537,5.069579379,1757,1.805028755507656,2.6129114732452536,0.9763883932975246,normalized_void>0.946161
npt_pressure,1,,P-1GPa,Ti-potential/fcc-restart/04-npt-round-2/md/P-1GPa/multi_nnap_md.xyz,3075,0.1628556662,19.09885674,3.267804118,3.424580937,1758,1.9856888435273812,2.5918969578010356,0.9696506098509411,normalized_void>0.946161
npt_pressure,1,,P-1GPa,Ti-potential/fcc-restart/04-npt-round-2/md/P-1GPa/multi_nnap_md.xyz,3076,0.1398232021,19.03050964,3.241057159,3.0930692,1759,1.9383595503341806,2.5457339682541633,0.9535194242319973,normalized_void>0.946161
npt_pressure,1,,P-1GPa,Ti-potential/fcc-restart/04-npt-round-2/md/P-1GPa/multi_nnap_md.xyz,3098,0.1657639754,19.02655834,3.538527798,3.48911592,1780,1.9107637898552006,2.5375677540867474,0.9505265116675881,normalized_void>0.946161
npt_pressure,1,,P-1GPa,Ti-potential/fcc-restart/04-npt-round-2/md/P-1GPa/multi_nnap_md.xyz,3099,0.2086110395,19.09384989,3.551506202,3.707315855,1781,1.9407373840457713,2.5440065863779155,0.9518175978674633,normalized_void>0.946161
npt_pressure,1,,P-1GPa,Ti-potential/fcc-restart/04-npt-round-2/md/P-1GPa/multi_nnap_md.xyz,3100,0.1904021427,19.15794499,3.303816032,3.300654449,1782,2.063148689585378,2.537182792843617,0.9482047284826903,normalized_void>0.946161
npt_pressure,1,,P-1GPa,Ti-potential/fcc-restart/04-npt-round-2/md/P-1GPa/multi_nnap_md.xyz,3117,0.1372361172,17.56401828,2.892042015,2.86757407,1793,1.9564929725177596,2.5110320792077516,0.9660011295186507,normalized_void>0.946161
npt_pressure,1,,P-1GPa,Ti-potential/fcc-restart/04-npt-round-2/md/P-1GPa/multi_nnap_md.xyz,3119,0.1288096083,17.63505687,2.715774793,2.763924934,1794,1.9319276256020008,2.5844817202673918,0.9929205747159059,normalized_void>0.946161
npt_pressure,1,,P-1GPa,Ti-potential/fcc-restart/04-npt-round-2/md/P-1GPa/multi_nnap_md.xyz,3120,0.2589083159,17.72577831,4.102582371,4.082419268,1795,1.8085056705488267,2.5805976961021493,0.9897341011388764,normalized_void>0.946161
npt_pressure,1,,P-1GPa,Ti-potential/fcc-restart/04-npt-round-2/md/P-1GPa/multi_nnap_md.xyz,3121,0.2621048544,17.84723274,4.116494198,4.192398758,1796,1.8035082181215274,2.55576143234886,0.9779800967806863,normalized_void>0.946161
npt_pressure,1,,P-1GPa,Ti-potential/fcc-restart/04-npt-round-2/md/P-1GPa/multi_nnap_md.xyz,3122,0.1981450471,17.99446753,3.284126794,3.254535135,1797,1.9209385848551044,2.5122618628463966,0.9587055443147877,normalized_void>0.946161
npt_pressure,1,,P-1GPa,Ti-potential/fcc-restart/04-npt-round-2/md/P-1GPa/multi_nnap_md.xyz,3159,0.365226567,19.15224197,4.522665687,4.605612808,1819,1.8099157822663667,2.536870608669017,0.9481821535956034,normalized_void>0.946161
npt_pressure,1,,P-1GPa,Ti-potential/fcc-restart/04-npt-round-2/md/P-1GPa/multi_nnap_md.xyz,3160,0.2101702242,19.28913264,2.781349894,2.865681709,1820,1.9741532233282404,2.575073115990414,0.9601785467910606,normalized_void>0.946161
npt_pressure,1,,P-1GPa,Ti-potential/fcc-restart/04-npt-round-2/md/P-1GPa/multi_nnap_md.xyz,3161,0.1963574731,19.40762878,2.882067153,2.997625456,1821,2.0320308546471137,2.6071069221186214,0.9701406086004739,normalized_void>0.946161
npt_pressure,1,,P-1GPa,Ti-potential/fcc-restart/04-npt-round-2/md/P-1GPa/multi_nnap_md.xyz,3162,0.1552637478,19.50376908,3.018214631,3.203618158,1822,2.136679947016767,2.60125983601868,0.9663717372441082,normalized_void>0.946161
npt_pressure,1,,P-1GPa,Ti-potential/fcc-restart/04-npt-round-2/md/P-1GPa/multi_nnap_md.xyz,3163,0.1508514337,19.57371416,3.433903094,3.561592705,1823,2.0670940671689353,2.5499155975741696,0.9461675693929487,normalized_void>0.946161
npt_pressure,1,,P-1GPa,Ti-potential/fcc-restart/04-npt-round-2/md/P-1GPa/multi_nnap_md.xyz,3173,0.1363225134,18.53367729,3.240979308,3.221793513,1831,2.125973166150253,2.523201424065837,0.953450290647641,normalized_void>0.946161
npt_pressure,1,,P-1GPa,Ti-potential/fcc-restart/04-npt-round-2/md/P-1GPa/multi_nnap_md.xyz,3174,0.1705335063,18.38622327,3.820334053,3.73367198,1832,1.9551135807727837,2.5604832160711286,0.9701176890398254,normalized_void>0.946161
npt_pressure,1,,P-1GPa,Ti-potential/fcc-restart/04-npt-round-2/md/P-1GPa/multi_nnap_md.xyz,3175,0.2349934038,18.27021025,4.050727784,3.991145784,1833,1.8494518340205177,2.606017253140704,0.9894551309124998,normalized_void>0.946161
npt_pressure,1,,P-1GPa,Ti-potential/fcc-restart/04-npt-round-2/md/P-1GPa/multi_nnap_md.xyz,3176,0.2618808695,18.19547354,5.546522975,5.543952395,1834,1.7978271294984043,2.633164328618015,1.0011293080437964,normalized_void>0.946161
npt_pressure,1,,P-1GPa,Ti-potential/fcc-restart/04-npt-round-2/md/P-1GPa/multi_nnap_md.xyz,3177,0.1853003454,18.16963043,4.230053749,4.192652779,1835,1.9031168853142606,2.6339977449311363,1.0019207419370344,normalized_void>0.946161
npt_pressure,1,,P-1GPa,Ti-potential/fcc-restart/04-npt-round-2/md/P-1GPa/multi_nnap_md.xyz,3178,0.139165441,18.19238246,3.651243111,3.587698491,1836,2.0783383685428234,2.6104971344943637,0.9925674484721576,normalized_void>0.946161
npt_pressure,1,,P-1GPa,Ti-potential/fcc-restart/04-npt-round-2/md/P-1GPa/multi_nnap_md.xyz,3179,0.1347359218,18.25791166,2.865318489,2.765182038,1837,2.0620883356090602,2.570262688316349,0.976098872905051,normalized_void>0.946161
npt_pressure,1,,P-1GPa,Ti-potential/fcc-restart/04-npt-round-2/md/P-1GPa/multi_nnap_md.xyz,3214,0.7026565526,19.72006952,6.431428611,6.591177396,1853,1.7592299004967928,2.5259011788254697,0.9349323955060528,min_distance_A<1.77527
npt_pressure,1,,P-1GPa,Ti-potential/fcc-restart/04-npt-round-2/md/P-1GPa/multi_nnap_md.xyz,3217,0.1472349196,20.10084151,2.683080191,2.589993961,1856,1.9363025905157787,2.5846780871301136,0.9506085463526263,normalized_void>0.946161
npt_pressure,1,,P-1GPa,Ti-potential/fcc-restart/04-npt-round-2/md/P-1GPa/multi_nnap_md.xyz,3218,0.1326403764,20.12709589,2.61196716,2.652031169,1857,1.999898410249361,2.616935909052708,0.9620538486632898,normalized_void>0.946161
npt_pressure,1,,P-1GPa,Ti-potential/fcc-restart/04-npt-round-2/md/P-1GPa/multi_nnap_md.xyz,3220,0.1396408403,19.99672749,2.482330275,2.560579595,1858,2.078412322232491,2.660150085077549,0.9800611277121916,normalized_void>0.946161
npt_pressure,1,,P-1GPa,Ti-potential/fcc-restart/04-npt-round-2/md/P-1GPa/multi_nnap_md.xyz,3221,0.1871167027,19.85152884,3.305978035,3.346718663,1859,2.002681885512111,2.672558169027484,0.9870273347937226,normalized_void>0.946161
npt_pressure,1,,P-1GPa,Ti-potential/fcc-restart/04-npt-round-2/md/P-1GPa/multi_nnap_md.xyz,3222,0.1874918085,19.67175419,4.00392453,4.020269111,1860,1.908897445173684,2.671305117985257,0.9895607624355865,normalized_void>0.946161
npt_pressure,1,,P-1GPa,Ti-potential/fcc-restart/04-npt-round-2/md/P-1GPa/multi_nnap_md.xyz,3223,0.2733497608,19.47457643,4.449495768,4.393014168,1861,1.8455425783441846,2.6630995736147924,0.9898393883094372,normalized_void>0.946161
npt_pressure,1,,P-1GPa,Ti-potential/fcc-restart/04-npt-round-2/md/P-1GPa/multi_nnap_md.xyz,3224,0.2518827246,19.27333531,4.074931643,4.065899189,1862,1.9352331114674879,2.6559939798905003,0.9906223616898622,normalized_void>0.946161
npt_pressure,1,,P-1GPa,Ti-potential/fcc-restart/04-npt-round-2/md/P-1GPa/multi_nnap_md.xyz,3225,0.222573995,19.0758587,3.053863288,2.967649847,1863,2.023329110022859,2.6383189353122596,0.9874139580980713,normalized_void>0.946161
npt_pressure,1,,P-1GPa,Ti-potential/fcc-restart/04-npt-round-2/md/P-1GPa/multi_nnap_md.xyz,3226,0.2195124601,18.88773569,3.555497145,3.518773224,1864,1.9065375579923958,2.6247454065616433,0.9855845468280182,normalized_void>0.946161
npt_pressure,1,,P-1GPa,Ti-potential/fcc-restart/04-npt-round-2/md/P-1GPa/multi_nnap_md.xyz,3227,0.1830533901,18.71474263,3.798221367,3.812171835,1865,1.9309019607329232,2.6222686694078225,0.9876791816383437,normalized_void>0.946161
npt_pressure,1,,P-1GPa,Ti-potential/fcc-restart/04-npt-round-2/md/P-1GPa/multi_nnap_md.xyz,3228,0.141750668,18.5602072,3.636742356,3.697080828,1866,2.0918662178714635,2.5921030234972235,0.9790194468326954,normalized_void>0.946161
npt_pressure,1,,P-1GPa,Ti-potential/fcc-restart/04-npt-round-2/md/P-1GPa/multi_nnap_md.xyz,3238,0.9541051971,18.36988152,7.466825446,6.788938396,1874,1.7034627801518893,2.472745699498302,0.9371533676631899,min_distance_A<1.77527
npt_pressure,1,,P-1GPa,Ti-potential/fcc-restart/04-npt-round-2/md/P-1GPa/multi_nnap_md.xyz,3239,0.3617041943,18.45519299,5.7193395,5.333500256,1875,1.7536465303033746,2.4554299840261016,0.9291546922953342,min_distance_A<1.77527
npt_pressure,1,,P-1GPa,Ti-potential/fcc-restart/04-npt-round-2/md/P-1GPa/multi_nnap_md.xyz,3254,0.6332989296,18.55348034,6.514981002,6.569986194,1887,1.7482022949163072,2.357317253712909,0.8904500693576805,min_distance_A<1.77527
npt_pressure,1,,P-1GPa,Ti-potential/fcc-restart/04-npt-round-2/md/P-1GPa/multi_nnap_md.xyz,3260,0.1314848005,18.16508669,3.320004092,3.486616417,1890,2.0187007509051496,2.4955688131454354,0.9493442509016211,normalized_void>0.946161
npt_pressure,1,,P-1GPa,Ti-potential/fcc-restart/04-npt-round-2/md/P-1GPa/multi_nnap_md.xyz,3262,0.1535046126,18.17123546,3.421046989,3.278624393,1891,2.111841412134186,2.6168140782901013,0.9953551067793855,normalized_void>0.946161
npt_pressure,1,,P-1GPa,Ti-potential/fcc-restart/04-npt-round-2/md/P-1GPa/multi_nnap_md.xyz,3263,0.2110493605,18.2304257,3.802333119,3.700730938,1892,2.012966890906839,2.651688177536404,1.00752736124054,normalized_void>0.946161
npt_pressure,1,,P-1GPa,Ti-potential/fcc-restart/04-npt-round-2/md/P-1GPa/multi_nnap_md.xyz,3264,0.2585902718,18.33179459,3.963311542,3.837504034,1893,1.9732647932863918,2.6373218090540638,1.0002183058729552,normalized_void>0.946161
npt_pressure,1,,P-1GPa,Ti-potential/fcc-restart/04-npt-round-2/md/P-1GPa/multi_nnap_md.xyz,3265,0.2751273833,18.47015909,3.458774736,3.355283406,1894,2.0034603797677075,2.5826802165165024,0.9770431789145558,normalized_void>0.946161
npt_pressure,1,,P-1GPa,Ti-potential/fcc-restart/04-npt-round-2/md/P-1GPa/multi_nnap_md.xyz,3266,0.2430876541,18.63304464,2.637905679,2.829187493,1895,2.038573574939296,2.5469964506465614,0.9607278896272282,normalized_void>0.946161
npt_pressure,1,,P-1GPa,Ti-potential/fcc-restart/04-npt-round-2/md/P-1GPa/multi_nnap_md.xyz,3267,0.2000306882,18.80371977,2.470031881,2.719228425,1896,2.026522941142076,2.520919898320462,0.9480060803717508,normalized_void>0.946161
npt_pressure,1,,P-1GPa,Ti-potential/fcc-restart/04-npt-round-2/md/P-1GPa/multi_nnap_md.xyz,3275,0.1711335257,19.39909989,2.643579991,2.736729517,1903,2.023555778633631,2.577493045207232,0.9592614144657625,normalized_void>0.946161
npt_pressure,1,,P-1GPa,Ti-potential/fcc-restart/04-npt-round-2/md/P-1GPa/multi_nnap_md.xyz,3276,0.1419972427,19.39296177,2.657631815,2.644397936,1904,1.9614248743048543,2.5949970433648875,0.9658777318878655,normalized_void>0.946161
npt_pressure,1,,P-1GPa,Ti-potential/fcc-restart/04-npt-round-2/md/P-1GPa/multi_nnap_md.xyz,3277,0.1520072791,19.36848188,3.24616918,3.298589593,1905,1.9939612413780072,2.596200643666647,0.9667326637986045,normalized_void>0.946161
npt_pressure,1,,P-1GPa,Ti-potential/fcc-restart/04-npt-round-2/md/P-1GPa/multi_nnap_md.xyz,3278,0.1528746045,19.32145119,3.970763458,3.984588329,1906,2.034217900580323,2.590791394546933,0.9655005639746228,normalized_void>0.946161
npt_pressure,1,,P-1GPa,Ti-potential/fcc-restart/04-npt-round-2/md/P-1GPa/multi_nnap_md.xyz,3279,0.1401696363,19.25303932,3.76373179,3.80559078,1907,2.023338161530107,2.588277588798299,0.9657048651465554,normalized_void>0.946161
npt_pressure,1,,P-1GPa,Ti-potential/fcc-restart/04-npt-round-2/md/P-1GPa/multi_nnap_md.xyz,3280,0.1526240358,19.16875416,3.06481554,3.046625153,1908,2.0294876286810393,2.594636723591334,0.9694943105728168,normalized_void>0.946161
npt_pressure,1,,P-1GPa,Ti-potential/fcc-restart/04-npt-round-2/md/P-1GPa/multi_nnap_md.xyz,3281,0.1972958102,19.07479475,3.338533647,3.265162227,1909,2.048146135603886,2.5542330027474955,0.955961834894061,normalized_void>0.946161
npt_pressure,1,,P-1GPa,Ti-potential/fcc-restart/04-npt-round-2/md/P-1GPa/multi_nnap_md.xyz,3347,0.3283295855,18.42018546,5.864730137,5.615865625,1957,1.762345537157911,2.393992011642264,0.9064795913481675,min_distance_A<1.77527
npt_pressure,1,,P-1GPa,Ti-potential/fcc-restart/04-npt-round-2/md/P-1GPa/multi_nnap_md.xyz,3348,1.462312899,18.37161619,8.954169426,7.473760847,1958,1.6763247833946502,2.3433249403352314,0.8880758501356175,min_distance_A<1.77527
npt_pressure,1,,P-1GPa,Ti-potential/fcc-restart/04-npt-round-2/md/P-1GPa/multi_nnap_md.xyz,3372,0.1664066141,18.6938217,3.145541412,3.173517531,1977,2.137112361912339,2.525122397298704,0.9514436428181723,normalized_void>0.946161
npt_pressure,1,,P-1GPa,Ti-potential/fcc-restart/04-npt-round-2/md/P-1GPa/multi_nnap_md.xyz,3374,0.1301946031,18.55755381,3.051880872,3.129400185,1978,2.118393605240534,2.5081051022477885,0.9473391573559393,normalized_void>0.946161
npt_pressure,1,,P-1GPa,Ti-potential/fcc-restart/04-npt-round-2/md/P-1GPa/multi_nnap_md.xyz,3383,0.5740950462,18.36745147,6.880489977,6.926606243,1986,1.7537897020179445,2.367908475942943,0.8974603663962104,min_distance_A<1.77527
npt_pressure,1,,P-1GPa,Ti-potential/fcc-restart/04-npt-round-2/md/P-1GPa/multi_nnap_md.xyz,3430,0.339466272,19.25993174,6.291467718,6.215061067,2029,1.764540858599692,2.4987252220194565,0.9321810127290371,min_distance_A<1.77527
npt_pressure,1,,P-1GPa,Ti-potential/fcc-restart/04-npt-round-2/md/P-1GPa/multi_nnap_md.xyz,3443,0.1397237333,18.46999483,3.071473877,3.0161861,2042,2.011948552256723,2.556183784889433,0.9670222890538368,normalized_void>0.946161
npt_pressure,1,,P-1GPa,Ti-potential/fcc-restart/04-npt-round-2/md/P-1GPa/multi_nnap_md.xyz,3444,0.1436885504,18.42495119,2.998668682,2.95278011,2043,2.0322165269163492,2.6287655785479265,0.9952902371145469,normalized_void>0.946161
npt_pressure,1,,P-1GPa,Ti-potential/fcc-restart/04-npt-round-2/md/P-1GPa/multi_nnap_md.xyz,3445,0.1538418499,18.40024361,3.270317443,3.162343787,2044,1.9661794063985516,2.7034869980115053,1.024038836762321,normalized_void>0.946161
npt_pressure,1,,P-1GPa,Ti-potential/fcc-restart/04-npt-round-2/md/P-1GPa/multi_nnap_md.xyz,3446,0.1804405864,18.39682566,2.942846476,2.867041318,2045,1.9812386219601401,2.7766436599100253,1.0518145737074471,normalized_void>0.946161
npt_pressure,1,,P-1GPa,Ti-potential/fcc-restart/04-npt-round-2/md/P-1GPa/multi_nnap_md.xyz,3447,0.1705226639,18.41393204,2.689068587,2.697952401,2046,2.0764037015675942,2.826219178230992,1.0702625450218122,normalized_void>0.946161
npt_pressure,1,,P-1GPa,Ti-potential/fcc-restart/04-npt-round-2/md/P-1GPa/multi_nnap_md.xyz,3449,0.1504874934,18.50291367,2.914374453,2.94201358,2047,2.196077350028166,2.848816394800561,1.0770877482315735,normalized_void>0.946161
npt_pressure,1,,P-1GPa,Ti-potential/fcc-restart/04-npt-round-2/md/P-1GPa/multi_nnap_md.xyz,3450,0.1405612654,18.56828458,3.548059921,3.596246822,2048,2.0955695426872523,2.8172516688415166,1.0639022245967622,normalized_void>0.946161
npt_pressure,1,,P-1GPa,Ti-potential/fcc-restart/04-npt-round-2/md/P-1GPa/multi_nnap_md.xyz,3451,0.1499121448,18.63885639,3.858448011,3.952401463,2049,2.012315023287281,2.7851154342425763,1.0504372465953242,normalized_void>0.946161
npt_pressure,1,,P-1GPa,Ti-potential/fcc-restart/04-npt-round-2/md/P-1GPa/multi_nnap_md.xyz,3452,0.1509209499,18.70710912,3.351416562,3.40687831,2050,2.058637837848531,2.7493049623660895,1.0356683143761725,normalized_void>0.946161
npt_pressure,1,,P-1GPa,Ti-potential/fcc-restart/04-npt-round-2/md/P-1GPa/multi_nnap_md.xyz,3457,0.1332592793,18.90176589,2.800746983,2.743170903,2051,2.1366509847463973,2.534565791124042,0.9514868174752188,normalized_void>0.946161
npt_pressure,1,,P-1GPa,Ti-potential/fcc-restart/04-npt-round-2/md/P-1GPa/multi_nnap_md.xyz,3458,0.1452673105,18.89875081,2.836771648,2.872049412,2052,1.9749692726602117,2.557272524377456,0.9600620723042333,normalized_void>0.946161
npt_pressure,1,,P-1GPa,Ti-potential/fcc-restart/04-npt-round-2/md/P-1GPa/multi_nnap_md.xyz,3459,0.2320080465,18.87506198,2.997234059,3.103764062,2053,1.872636400495952,2.560039936001409,0.9615029288189445,normalized_void>0.946161
npt_pressure,1,,P-1GPa,Ti-potential/fcc-restart/04-npt-round-2/md/P-1GPa/multi_nnap_md.xyz,3460,0.5121617672,18.83301148,4.552191622,4.605004806,2054,1.7749102497017706,2.5712060026849928,0.9664148979869174,min_distance_A<1.77527;normalized_void>0.946161
npt_pressure,1,,P-1GPa,Ti-potential/fcc-restart/04-npt-round-2/md/P-1GPa/multi_nnap_md.xyz,3461,0.2747745231,18.77733543,3.772441639,3.638043947,2055,1.8268671314117253,2.5761745895428145,0.9692384566732068,normalized_void>0.946161
npt_pressure,1,,P-1GPa,Ti-potential/fcc-restart/04-npt-round-2/md/P-1GPa/multi_nnap_md.xyz,3462,0.1765603566,18.71266853,2.907259567,2.954524588,2056,2.006424573130667,2.5678647270829402,0.9672236345552909,normalized_void>0.946161
npt_pressure,1,,P-1GPa,Ti-potential/fcc-restart/04-npt-round-2/md/P-1GPa/multi_nnap_md.xyz,3463,0.1394238871,18.64375809,2.932769306,2.868710952,2057,2.005112836939501,2.547104458147715,0.9605845626539675,normalized_void>0.946161
npt_pressure,1,,P-1GPa,Ti-potential/fcc-restart/04-npt-round-2/md/P-1GPa/multi_nnap_md.xyz,3464,0.1333168138,18.5751102,2.995871881,3.033605188,2058,2.0161995489471254,2.5164950177631944,0.9502085675485933,normalized_void>0.946161
npt_pressure,1,,P-1GPa,Ti-potential/fcc-restart/04-npt-round-2/md/P-1GPa/multi_nnap_md.xyz,3519,0.1289634104,19.34449391,2.650285035,2.608318453,2095,2.063600938689563,2.5499341833758438,0.9498969945120336,normalized_void>0.946161
npt_pressure,1,,P-1GPa,Ti-potential/fcc-restart/04-npt-round-2/md/P-1GPa/multi_nnap_md.xyz,3520,0.1416931327,19.28414767,2.923126831,2.865650654,2096,2.0063899520783353,2.5440573394437713,0.9486952933031589,normalized_void>0.946161
npt_pressure,1,,P-1GPa,Ti-potential/fcc-restart/04-npt-round-2/md/P-1GPa/multi_nnap_md.xyz,3527,0.2063401209,18.29433658,3.732324473,3.803526917,2103,2.0121983150892304,2.507047693116316,0.9514596477908163,normalized_void>0.946161
npt_pressure,1,,P-1GPa,Ti-potential/fcc-restart/04-npt-round-2/md/P-1GPa/multi_nnap_md.xyz,3528,0.1833204451,18.19908003,3.660746418,3.738946044,2104,2.017968855223633,2.529128606895878,0.9615113952753213,normalized_void>0.946161
npt_pressure,1,,P-1GPa,Ti-potential/fcc-restart/04-npt-round-2/md/P-1GPa/multi_nnap_md.xyz,3529,0.1342355702,18.12754995,2.996277419,3.012843038,2105,2.0734817460343775,2.549489573112273,0.9705253195271779,normalized_void>0.946161
npt_pressure,1,,P-1GPa,Ti-potential/fcc-restart/04-npt-round-2/md/P-1GPa/multi_nnap_md.xyz,3532,0.1408718606,18.02470859,3.501136818,3.522370414,2106,2.003491123012214,2.500489371034008,0.9536790934541065,normalized_void>0.946161
npt_pressure,1,,P-1GPa,Ti-potential/fcc-restart/04-npt-round-2/md/P-1GPa/multi_nnap_md.xyz,3559,0.1464852782,17.50239687,3.142463528,3.139746497,2123,2.032821871611848,2.464206249030759,0.9490983363110506,normalized_void>0.946161
npt_pressure,1,,P-1GPa,Ti-potential/fcc-restart/04-npt-round-2/md/P-1GPa/multi_nnap_md.xyz,3560,0.1556047653,17.63416761,3.462431535,3.411315463,2124,2.007774476801292,2.4849362508196795,0.9546926893234219,normalized_void>0.946161
npt_pressure,1,,P-1GPa,Ti-potential/fcc-restart/04-npt-round-2/md/P-1GPa/multi_nnap_md.xyz,3561,0.1437910751,17.82393252,3.175059185,3.12184924,2125,1.9820253955863378,2.5078431881855847,0.9600618241554905,normalized_void>0.946161
npt_pressure,1,,P-1GPa,Ti-potential/fcc-restart/04-npt-round-2/md/P-1GPa/multi_nnap_md.xyz,3562,0.1510340082,18.06771563,3.14232367,3.110174755,2126,2.0113095501302243,2.5311137498148026,0.9645925742035659,normalized_void>0.946161
npt_pressure,1,,P-1GPa,Ti-potential/fcc-restart/04-npt-round-2/md/P-1GPa/multi_nnap_md.xyz,3563,0.267575125,18.35927347,4.217306942,4.418940711,2127,1.9256249728783985,2.551322560939203,0.9671196465325312,normalized_void>0.946161
npt_pressure,1,,P-1GPa,Ti-potential/fcc-restart/04-npt-round-2/md/P-1GPa/multi_nnap_md.xyz,3564,0.3645365508,18.68878023,4.475736069,4.773409345,2128,1.8780892721150912,2.551192267205481,0.9613529667687152,normalized_void>0.946161
npt_pressure,1,,P-1GPa,Ti-potential/fcc-restart/04-npt-round-2/md/P-1GPa/multi_nnap_md.xyz,3565,0.2382726444,19.04193989,3.426871894,3.693805413,2129,1.947898039399413,2.533986693826543,0.9489294680858724,normalized_void>0.946161
npt_pressure,1,,P-1GPa,Ti-potential/fcc-restart/04-npt-round-2/md/P-1GPa/multi_nnap_md.xyz,3586,0.2425361006,17.09335162,3.679029728,3.656202027,2149,1.882799910324216,2.4789972408577925,0.9623512939324929,normalized_void>0.946161
npt_pressure,1,,P-1GPa,Ti-potential/fcc-restart/04-npt-round-2/md/P-1GPa/multi_nnap_md.xyz,3587,0.294351409,16.99503422,4.638577929,4.585874159,2150,1.8949800541306487,2.5207046505612394,0.9804255372787857,normalized_void>0.946161
npt_pressure,1,,P-1GPa,Ti-potential/fcc-restart/04-npt-round-2/md/P-1GPa/multi_nnap_md.xyz,3588,0.2066167482,16.96676485,4.669877589,4.626238902,2151,1.949608538596337,2.527665507572315,0.9836786720216898,normalized_void>0.946161
npt_pressure,1,,P-1GPa,Ti-potential/fcc-restart/04-npt-round-2/md/P-1GPa/multi_nnap_md.xyz,3589,0.1927812615,17.00493763,3.880682344,3.903988453,2152,1.9981557882827279,2.529261272626887,0.98356261536978,normalized_void>0.946161
npt_pressure,1,,P-1GPa,Ti-potential/fcc-restart/04-npt-round-2/md/P-1GPa/multi_nnap_md.xyz,3590,0.2254151343,17.106958,3.007940068,3.013000264,2153,1.9009466866561504,2.5257146610099466,0.9802270630869251,normalized_void>0.946161
npt_pressure,1,,P-1GPa,Ti-potential/fcc-restart/04-npt-round-2/md/P-1GPa/multi_nnap_md.xyz,3591,0.256216947,17.2713065,2.986955312,3.107189192,2154,1.859956190479812,2.5197739392071403,0.9748097166364278,normalized_void>0.946161
npt_pressure,1,,P-1GPa,Ti-potential/fcc-restart/04-npt-round-2/md/P-1GPa/multi_nnap_md.xyz,3592,0.1759975788,17.49442794,3.40243298,3.375818357,2155,1.9157993652220688,2.5124214625055887,0.9678155138286625,normalized_void>0.946161
npt_pressure,1,,P-1GPa,Ti-potential/fcc-restart/04-npt-round-2/md/P-1GPa/multi_nnap_md.xyz,3593,0.1687706365,17.76820675,3.447797208,3.437812293,2156,1.9359272197895934,2.503170379465687,0.9592737153404676,normalized_void>0.946161
npt_pressure,1,,P-1GPa,Ti-potential/fcc-restart/04-npt-round-2/md/P-1GPa/multi_nnap_md.xyz,3594,0.1815284902,18.0826817,3.783990691,3.715499142,2157,1.8599050859356765,2.4936010961934825,0.9500344800025696,normalized_void>0.946161
npt_pressure,1,,P-1GPa,Ti-potential/fcc-restart/04-npt-round-2/md/P-1GPa/multi_nnap_md.xyz,3612,0.2092688052,18.18242949,3.717544822,3.693148867,2170,1.9258381621589213,2.5150571368811723,0.9564535536473366,normalized_void>0.946161
npt_pressure,1,,P-1GPa,Ti-potential/fcc-restart/04-npt-round-2/md/P-1GPa/multi_nnap_md.xyz,3613,0.2104332596,17.93782465,3.963211484,3.852626461,2171,1.8676083434899549,2.5262907997867163,0.9650728154079828,normalized_void>0.946161
npt_pressure,1,,P-1GPa,Ti-potential/fcc-restart/04-npt-round-2/md/P-1GPa/multi_nnap_md.xyz,3620,0.1759288197,17.72868714,2.250143637,2.22846081,2176,2.0209407313747514,2.483461189755877,0.9524273367800551,normalized_void>0.946161
npt_pressure,1,,P-1GPa,Ti-potential/fcc-restart/04-npt-round-2/md/P-1GPa/multi_nnap_md.xyz,3642,0.4289082426,17.93591127,7.199862541,7.149898273,2184,1.7633890771601364,2.4494934456059863,0.9357685954142114,min_distance_A<1.77527
npt_pressure,1,,P-1GPa,Ti-potential/fcc-restart/04-npt-round-2/md/P-1GPa/multi_nnap_md.xyz,3660,0.1822168216,19.12976775,3.529665837,3.684868262,2196,2.0811388640497257,2.5662032230280833,0.9595209915362779,normalized_void>0.946161
npt_pressure,1,,P-1GPa,Ti-potential/fcc-restart/04-npt-round-2/md/P-1GPa/multi_nnap_md.xyz,3661,0.2044802198,19.06074464,3.905182089,4.083438707,2197,2.0562152780617096,2.5890793195247017,0.9692416495889288,normalized_void>0.946161
npt_pressure,1,,P-1GPa,Ti-potential/fcc-restart/04-npt-round-2/md/P-1GPa/multi_nnap_md.xyz,3662,0.1911875738,18.97335889,3.572936148,3.710049594,2198,2.107132877987367,2.5582016667709886,0.959150380997495,normalized_void>0.946161
npt_pressure,1,,P-1GPa,Ti-potential/fcc-restart/04-npt-round-2/md/P-1GPa/multi_nnap_md.xyz,3663,0.1551931534,18.88084093,3.374445579,3.507826396,2199,2.1360289240605446,2.5381161343581757,0.9531714933857512,normalized_void>0.946161
npt_pressure,1,,P-1GPa,Ti-potential/fcc-restart/04-npt-round-2/md/P-1GPa/multi_nnap_md.xyz,3664,0.2664850802,18.79961092,4.017551092,4.160775571,2200,2.0819772066742677,2.5205037646639075,0.9479186401102511,normalized_void>0.946161
npt_pressure,1,,P-1GPa,Ti-potential/fcc-restart/04-npt-round-2/md/P-1GPa/multi_nnap_md.xyz,3671,1.103803641,18.7973448,8.81483314,8.140767358,2207,1.69194023394654,2.371665469376114,0.8919789274836617,min_distance_A<1.77527
npt_pressure,1,,P-1GPa,Ti-potential/fcc-restart/04-npt-round-2/md/P-1GPa/multi_nnap_md.xyz,3747,0.1775026688,18.3055775,4.414211642,4.395762558,2266,1.9660267358676304,2.5329358703268428,0.9610877670373228,normalized_void>0.946161
npt_pressure,1,,P-1GPa,Ti-potential/fcc-restart/04-npt-round-2/md/P-1GPa/multi_nnap_md.xyz,3748,0.2072118312,18.40046759,4.321940005,4.322443254,2267,1.9585605497827119,2.5897873317627234,0.980967190862452,normalized_void>0.946161
npt_pressure,1,,P-1GPa,Ti-potential/fcc-restart/04-npt-round-2/md/P-1GPa/multi_nnap_md.xyz,3749,0.1562760352,18.51117179,3.584582116,3.603574925,2268,2.0433349694725935,2.6358217261411236,0.9964099667354868,normalized_void>0.946161
npt_pressure,1,,P-1GPa,Ti-potential/fcc-restart/04-npt-round-2/md/P-1GPa/multi_nnap_md.xyz,3760,0.1568180354,19.12847426,2.492322195,2.561144752,2272,2.000250800392255,2.533461429683692,0.9472999619967256,normalized_void>0.946161
npt_pressure,1,,P-1GPa,Ti-potential/fcc-restart/04-npt-round-2/md/P-1GPa/multi_nnap_md.xyz,3761,0.1291205107,19.08504053,2.542806485,2.643520119,2273,2.006769287219965,2.543686966455176,0.9518444219783168,normalized_void>0.946161
npt_pressure,1,,P-1GPa,Ti-potential/fcc-restart/04-npt-round-2/md/P-1GPa/multi_nnap_md.xyz,3767,0.1324906928,18.50714593,3.034446523,3.151479067,2275,2.0492068120470806,2.503103885269951,0.9463077376881467,normalized_void>0.946161
npt_pressure,1,,P-1GPa,Ti-potential/fcc-restart/04-npt-round-2/md/P-1GPa/multi_nnap_md.xyz,3769,0.1371177478,18.36618317,3.384376062,3.398916116,2276,2.071683014626794,2.5304285060224125,0.9590791158797399,normalized_void>0.946161
npt_pressure,1,,P-1GPa,Ti-potential/fcc-restart/04-npt-round-2/md/P-1GPa/multi_nnap_md.xyz,3794,0.3505105187,18.37042896,4.040719149,3.95235542,2290,1.8438549651176106,2.521932225986314,0.9557852236947203,normalized_void>0.946161
npt_pressure,1,,P-1GPa,Ti-potential/fcc-restart/04-npt-round-2/md/P-1GPa/multi_nnap_md.xyz,3795,1.032359648,18.28492384,7.626619214,7.06043468,2291,1.6910234322978934,2.5655205722443317,0.9738179667414252,min_distance_A<1.77527;normalized_void>0.946161
npt_pressure,1,,P-1GPa,Ti-potential/fcc-restart/04-npt-round-2/md/P-1GPa/multi_nnap_md.xyz,3796,0.6762466766,18.23010499,6.543299287,6.287727534,2292,1.731690158243691,2.5987428306995737,0.9874161987283476,min_distance_A<1.77527;normalized_void>0.946161
npt_pressure,1,,P-1GPa,Ti-potential/fcc-restart/04-npt-round-2/md/P-1GPa/multi_nnap_md.xyz,3797,0.1596429063,18.20570642,3.197484268,3.167104578,2293,1.9663054779754146,2.621531595686548,0.996519767327019,normalized_void>0.946161
npt_pressure,1,,P-1GPa,Ti-potential/fcc-restart/04-npt-round-2/md/P-1GPa/multi_nnap_md.xyz,3798,0.1864304221,18.20710268,3.500971998,3.434912356,2294,2.1013492076682487,2.6283878542015846,0.9991004881429987,normalized_void>0.946161
npt_pressure,1,,P-1GPa,Ti-potential/fcc-restart/04-npt-round-2/md/P-1GPa/multi_nnap_md.xyz,3799,0.1635036433,18.23155995,3.368061787,3.334065581,2295,1.8967450065536622,2.6304720572255142,0.9994454214491264,normalized_void>0.946161
npt_pressure,1,,P-1GPa,Ti-potential/fcc-restart/04-npt-round-2/md/P-1GPa/multi_nnap_md.xyz,3800,0.3384143161,18.27939637,4.803273849,5.028654231,2296,1.7803989023939208,2.6154586372551427,0.9928734694926509,normalized_void>0.946161
npt_pressure,1,,P-1GPa,Ti-potential/fcc-restart/04-npt-round-2/md/P-1GPa/multi_nnap_md.xyz,3801,0.2643070483,18.35442399,5.531266296,5.336860962,2297,1.7753133889845927,2.5954289645535598,0.9839255247470942,normalized_void>0.946161
npt_pressure,1,,P-1GPa,Ti-potential/fcc-restart/04-npt-round-2/md/P-1GPa/multi_nnap_md.xyz,3802,0.1932142218,18.45464966,3.016863639,3.080635007,2298,1.9659222232865907,2.5616622718392095,0.969363367663323,normalized_void>0.946161
npt_pressure,1,,P-1GPa,Ti-potential/fcc-restart/04-npt-round-2/md/P-1GPa/multi_nnap_md.xyz,3803,0.1652936381,18.57055314,3.104927216,3.060192296,2299,1.9421217316256083,2.5215281599101407,0.9521869156135441,normalized_void>0.946161
npt_pressure,1,,P-1GPa,Ti-potential/fcc-restart/04-npt-round-2/md/P-1GPa/multi_nnap_md.xyz,3811,0.1371054879,19.09827172,3.530354939,3.611842253,2305,2.199074748272115,2.568001665685425,0.9607209880592309,normalized_void>0.946161
npt_pressure,1,,P-1GPa,Ti-potential/fcc-restart/04-npt-round-2/md/P-1GPa/multi_nnap_md.xyz,3812,0.2804181047,19.09713694,4.195568793,4.090447302,2306,2.095960321976919,2.602894327384106,0.9737940489611806,normalized_void>0.946161
npt_pressure,1,,P-1GPa,Ti-potential/fcc-restart/04-npt-round-2/md/P-1GPa/multi_nnap_md.xyz,3813,0.2942065984,19.09539141,3.788416949,3.849016336,2307,2.024662651912481,2.6124203169078886,0.9773876889089557,normalized_void>0.946161
npt_pressure,1,,P-1GPa,Ti-potential/fcc-restart/04-npt-round-2/md/P-1GPa/multi_nnap_md.xyz,3814,0.1908677518,19.09808779,3.414838394,3.436698444,2308,2.0906982966600522,2.5579230638150237,0.9569535312677038,normalized_void>0.946161
npt_pressure,1,,P-1GPa,Ti-potential/fcc-restart/04-npt-round-2/md/P-1GPa/multi_nnap_md.xyz,3846,0.1332330542,19.0693414,3.151827244,3.071291292,2321,2.0029430128807717,2.5836745065347704,0.9670729488654616,normalized_void>0.946161
npt_pressure,1,,P-1GPa,Ti-potential/fcc-restart/04-npt-round-2/md/P-1GPa/multi_nnap_md.xyz,3847,0.1442787343,19.1224831,3.324527975,3.317701136,2322,1.9895512398933652,2.639506219886109,0.9870547916419481,normalized_void>0.946161
npt_pressure,1,,P-1GPa,Ti-potential/fcc-restart/04-npt-round-2/md/P-1GPa/multi_nnap_md.xyz,3848,0.2028311838,19.1639886,3.630147182,3.666192028,2323,2.0342315352530935,2.6485719005411767,0.9897293878243631,normalized_void>0.946161
npt_pressure,1,,P-1GPa,Ti-potential/fcc-restart/04-npt-round-2/md/P-1GPa/multi_nnap_md.xyz,3849,0.2315493558,19.19253711,3.74935135,3.797162582,2324,1.9429701661012742,2.6555034629494263,0.9918273404465684,normalized_void>0.946161
npt_pressure,1,,P-1GPa,Ti-potential/fcc-restart/04-npt-round-2/md/P-1GPa/multi_nnap_md.xyz,3850,0.3865854596,19.20767646,3.31200582,3.293065107,2325,1.909811161686856,2.6692343049877474,0.9966937934213601,normalized_void>0.946161
npt_pressure,1,,P-1GPa,Ti-potential/fcc-restart/04-npt-round-2/md/P-1GPa/multi_nnap_md.xyz,3851,0.4289807389,19.20976189,3.433974077,3.214893274,2326,1.9401361311041623,2.668536847099614,0.9963973030828883,normalized_void>0.946161
npt_pressure,1,,P-1GPa,Ti-potential/fcc-restart/04-npt-round-2/md/P-1GPa/multi_nnap_md.xyz,3852,0.2645173092,19.19989681,3.074061843,3.040022943,2327,1.9691880427942163,2.6405167916523617,0.9861038069442634,normalized_void>0.946161
npt_pressure,1,,P-1GPa,Ti-potential/fcc-restart/04-npt-round-2/md/P-1GPa/multi_nnap_md.xyz,3853,0.2249703388,19.17939609,3.409094594,3.453897164,2328,1.9322478427289214,2.606778012125875,0.9738507573719154,normalized_void>0.946161
npt_pressure,1,,P-1GPa,Ti-potential/fcc-restart/04-npt-round-2/md/P-1GPa/multi_nnap_md.xyz,3854,0.1998589031,19.15022322,3.662207571,3.685658879,2329,1.930424658249943,2.5712561626218986,0.96106788560357,normalized_void>0.946161
npt_pressure,1,,P-1GPa,Ti-potential/fcc-restart/04-npt-round-2/md/P-1GPa/multi_nnap_md.xyz,3855,0.1413139815,19.11333816,3.320948282,3.327651926,2330,2.02174441930296,2.5377912695243308,0.9491693762866963,normalized_void>0.946161
npt_pressure,1,,P-1GPa,Ti-potential/fcc-restart/04-npt-round-2/md/P-1GPa/multi_nnap_md.xyz,3858,0.2182230615,18.95637586,3.459955925,3.584522339,2332,1.9281287041796036,2.546819294237348,0.9551678460539399,normalized_void>0.946161
npt_pressure,1,,P-1GPa,Ti-potential/fcc-restart/04-npt-round-2/md/P-1GPa/multi_nnap_md.xyz,3859,0.2305940055,18.89906374,3.103279368,3.108367948,2333,1.8976043012187696,2.582873692051643,0.9696680189928645,normalized_void>0.946161
npt_pressure,1,,P-1GPa,Ti-potential/fcc-restart/04-npt-round-2/md/P-1GPa/multi_nnap_md.xyz,3860,0.2044185796,18.84782174,2.885965714,2.909846654,2334,1.983234119670226,2.612509925131523,0.9816821490368317,normalized_void>0.946161
npt_pressure,1,,P-1GPa,Ti-potential/fcc-restart/04-npt-round-2/md/P-1GPa/multi_nnap_md.xyz,3861,0.1460488932,18.80619369,2.353861786,2.367834544,2335,2.0215895222134064,2.6312976004041864,0.989470843454532,normalized_void>0.946161
npt_pressure,1,,P-1GPa,Ti-potential/fcc-restart/04-npt-round-2/md/P-1GPa/multi_nnap_md.xyz,3862,0.1423455414,18.77532937,2.495156168,2.469719684,2336,2.133572641860464,2.6793547560763926,1.0080940034930022,normalized_void>0.946161
npt_pressure,1,,P-1GPa,Ti-potential/fcc-restart/04-npt-round-2/md/P-1GPa/multi_nnap_md.xyz,3865,0.1323565985,18.74835624,2.634039062,2.57319644,2337,2.1337489924913635,2.7670684771869576,1.0415948913490014,normalized_void>0.946161
npt_pressure,1,,P-1GPa,Ti-potential/fcc-restart/04-npt-round-2/md/P-1GPa/multi_nnap_md.xyz,3866,0.1393328792,18.75738781,2.818630443,2.91731214,2338,2.094581706323787,2.7380866900552694,1.0305199606181126,normalized_void>0.946161
npt_pressure,1,,P-1GPa,Ti-potential/fcc-restart/04-npt-round-2/md/P-1GPa/multi_nnap_md.xyz,3867,0.1413843387,18.77056227,2.73507468,2.817011188,2339,2.068938189774411,2.680969735963259,1.0087870167083366,normalized_void>0.946161
npt_pressure,1,,P-1GPa,Ti-potential/fcc-restart/04-npt-round-2/md/P-1GPa/multi_nnap_md.xyz,3868,0.1506355868,18.78545254,3.135608498,3.254045326,2340,2.1120503708401093,2.620925278016375,0.985933036106943,normalized_void>0.946161
npt_pressure,1,,P-1GPa,Ti-potential/fcc-restart/04-npt-round-2/md/P-1GPa/multi_nnap_md.xyz,3869,0.1325503829,18.80052088,4.220228119,4.202816406,2341,2.158330648389174,2.570880145843019,0.966848741882292,normalized_void>0.946161
npt_pressure,1,,P-1GPa,Ti-potential/fcc-restart/04-npt-round-2/md/P-1GPa/multi_nnap_md.xyz,3893,0.7618169788,18.83637037,5.817371654,6.398039978,2356,1.7728056351502026,2.4625617058328793,0.9255247733280348,min_distance_A<1.77527
npt_pressure,1,,P-1GPa,Ti-potential/fcc-restart/04-npt-round-2/md/P-1GPa/multi_nnap_md.xyz,3896,0.1763207836,19.04682845,4.597933904,4.609066389,2359,1.8702347198472835,2.5631288045304648,0.9597605053080669,normalized_void>0.946161
npt_pressure,1,,P-1GPa,Ti-potential/fcc-restart/04-npt-round-2/md/P-1GPa/multi_nnap_md.xyz,3897,0.2428399731,19.09339558,4.586276662,4.619117614,2360,1.8358557904434831,2.583994235439014,0.9667862914271655,normalized_void>0.946161
npt_pressure,1,,P-1GPa,Ti-potential/fcc-restart/04-npt-round-2/md/P-1GPa/multi_nnap_md.xyz,3898,0.2095396764,19.12989556,4.323168312,4.343851377,2361,1.8398179314387564,2.578402483395027,0.9640802317085491,normalized_void>0.946161
npt_pressure,1,,P-1GPa,Ti-potential/fcc-restart/04-npt-round-2/md/P-1GPa/multi_nnap_md.xyz,3913,2.252694922,18.96359308,9.362206201,9.168072345,2371,1.6492856691157793,2.4767094568540293,0.9287557593586665,min_distance_A<1.77527
npt_pressure,1,,P-1GPa,Ti-potential/fcc-restart/04-npt-round-2/md/P-1GPa/multi_nnap_md.xyz,3914,1.012035656,18.99546799,6.300365196,6.058774834,2372,1.7446120254660302,2.438322988916576,0.9138492660419766,min_distance_A<1.77527
npt_pressure,1,,P-1GPa,Ti-potential/fcc-restart/04-npt-round-2/md/P-1GPa/multi_nnap_md.xyz,3918,0.1863845811,19.09507216,4.081870112,3.925748183,2376,1.9858398213991444,2.5322646307865986,0.9474042335058476,normalized_void>0.946161
npt_pressure,1,,P-1GPa,Ti-potential/fcc-restart/04-npt-round-2/md/P-1GPa/multi_nnap_md.xyz,3919,0.2766141141,19.12144593,5.18839494,5.169276584,2377,1.8975874572951044,2.5484764659646757,0.9530310512446464,normalized_void>0.946161
npt_pressure,1,,P-1GPa,Ti-potential/fcc-restart/04-npt-round-2/md/P-1GPa/multi_nnap_md.xyz,3920,0.5440973754,19.14582625,6.284502212,6.144722334,2378,1.7703514920046042,2.5348762020759716,0.9475425391245559,min_distance_A<1.77527;normalized_void>0.946161
npt_pressure,1,,P-1GPa,Ti-potential/fcc-restart/04-npt-round-2/md/P-1GPa/multi_nnap_md.xyz,3929,0.1677946207,18.64952229,3.379415834,3.24258157,2386,2.0142085027083163,2.5095842608047154,0.9463371253654599,normalized_void>0.946161
npt_pressure,1,,P-1GPa,Ti-potential/fcc-restart/04-npt-round-2/md/P-1GPa/multi_nnap_md.xyz,3930,0.1305224577,18.55320806,2.868965292,2.851405367,2387,1.9912922745972563,2.5627164409878445,0.9680420368192236,normalized_void>0.946161
npt_pressure,1,,P-1GPa,Ti-potential/fcc-restart/04-npt-round-2/md/P-1GPa/multi_nnap_md.xyz,3933,0.1296884408,18.30017536,3.178233662,3.138331052,2388,1.9783365535440551,2.587477567247384,0.9818794623879902,normalized_void>0.946161
npt_pressure,1,,P-1GPa,Ti-potential/fcc-restart/04-npt-round-2/md/P-1GPa/multi_nnap_md.xyz,3936,0.1311855733,18.14816195,3.180338742,3.195301385,2389,2.029057526640237,2.4967674642688054,0.9500953974800371,normalized_void>0.946161
npt_pressure,1,,P-1GPa,Ti-potential/fcc-restart/04-npt-round-2/md/P-1GPa/multi_nnap_md.xyz,3957,0.2064982853,19.15230085,3.318609547,3.306701098,2398,2.1343677138739583,2.583766036560963,0.9657088248420533,normalized_void>0.946161
npt_pressure,1,,P-1GPa,Ti-potential/fcc-restart/04-npt-round-2/md/P-1GPa/multi_nnap_md.xyz,3958,0.2339912128,19.04383896,3.519440832,3.561096868,2399,2.1078957205601303,2.5285684085476485,0.9468689477395615,normalized_void>0.946161
npt_pressure,1,,P-1GPa,Ti-potential/fcc-restart/04-npt-round-2/md/P-1GPa/multi_nnap_md.xyz,3977,0.2803980625,18.67022157,5.798447463,5.628228151,2412,1.7536809356883134,2.359372571728269,0.8893650028166499,min_distance_A<1.77527
npt_pressure,1,,P-1GPa,Ti-potential/fcc-restart/04-npt-round-2/md/P-1GPa/multi_nnap_md.xyz,3978,1.398426389,18.74165504,7.444857995,7.179542911,2413,1.6833904893641767,2.3421239222898875,0.881740027824449,min_distance_A<1.77527
npt_pressure,1,,P-1GPa,Ti-potential/fcc-restart/04-npt-round-2/md/P-1GPa/multi_nnap_md.xyz,3990,0.1320419418,18.36046601,3.396974844,3.309018652,2417,2.247492940680214,2.6007350892519367,0.9858289115113478,normalized_void>0.946161
npt_pressure,1,,P-1GPa,Ti-potential/fcc-restart/04-npt-round-2/md/P-1GPa/multi_nnap_md.xyz,3994,0.1547667868,18.39618729,3.615204839,3.609002519,2418,1.9332516424753423,2.6415569517200823,1.0006542347216243,normalized_void>0.946161
npt_pressure,1,,P-1GPa,Ti-potential/fcc-restart/04-npt-round-2/md/P-1GPa/multi_nnap_md.xyz,3995,0.38557677,18.45271892,5.421126396,5.202473675,2419,1.8526734336034314,2.6287510338243254,0.994785243404016,normalized_void>0.946161
npt_pressure,1,,P-1GPa,Ti-potential/fcc-restart/04-npt-round-2/md/P-1GPa/multi_nnap_md.xyz,3996,0.2587445575,18.51949584,4.672672941,4.723584173,2420,1.9404105682887511,2.6063943889506103,0.9851380165128432,normalized_void>0.946161
npt_pressure,1,,P-1GPa,Ti-potential/fcc-restart/04-npt-round-2/md/P-1GPa/multi_nnap_md.xyz,4000,0.1474767918,18.83629966,2.972701562,2.89394963,2421,2.042867750353163,2.544023833071005,0.9561425495601152,normalized_void>0.946161
npt_pressure,1,,P-1GPa,Ti-potential/fcc-restart/04-npt-round-2/md/P-1GPa/multi_nnap_md.xyz,4014,0.2114208947,18.5744844,4.071849834,4.066280532,2432,2.114488890954103,2.51846802435485,0.9509642387603987,normalized_void>0.946161
npt_pressure,1,,P-1GPa,Ti-potential/fcc-restart/04-npt-round-2/md/P-1GPa/multi_nnap_md.xyz,4015,0.2758173238,18.49988386,4.986279845,4.791535178,2433,2.0299791201258843,2.56561182213556,0.9700659947178125,normalized_void>0.946161
npt_pressure,1,,P-1GPa,Ti-potential/fcc-restart/04-npt-round-2/md/P-1GPa/multi_nnap_md.xyz,4016,0.2079558621,18.45857817,4.591402757,4.49048037,2434,2.08071927586914,2.671928105505203,1.0110175316509928,normalized_void>0.946161
npt_pressure,1,,P-1GPa,Ti-potential/fcc-restart/04-npt-round-2/md/P-1GPa/multi_nnap_md.xyz,4017,0.1655153902,18.45062813,3.440118998,3.442234465,2435,2.156582943277417,2.7347466910295797,1.034935744758913,normalized_void>0.946161
npt_pressure,1,,P-1GPa,Ti-potential/fcc-restart/04-npt-round-2/md/P-1GPa/multi_nnap_md.xyz,4063,0.1463851518,18.80653452,2.172711995,2.220667864,2450,2.051719513367932,2.540391728965229,0.9552809083296043,normalized_void>0.946161
npt_pressure,1,,P-1GPa,Ti-potential/fcc-restart/04-npt-round-2/md/P-1GPa/multi_nnap_md.xyz,4064,0.1508221531,18.81120094,2.94699653,2.996506185,2451,1.9893751727716376,2.5435867417219002,0.9564032539940641,normalized_void>0.946161
npt_pressure,1,,P-1GPa,Ti-potential/fcc-restart/04-npt-round-2/md/P-1GPa/multi_nnap_md.xyz,4065,0.1889420871,18.80959808,3.300120635,3.194209552,2452,1.921971520348996,2.5958376412728876,0.9760776168922907,normalized_void>0.946161
npt_pressure,1,,P-1GPa,Ti-potential/fcc-restart/04-npt-round-2/md/P-1GPa/multi_nnap_md.xyz,4066,0.2184266569,18.8077173,2.959073138,2.770503385,2453,1.9518038997791818,2.6301004535073975,0.9889939618336562,normalized_void>0.946161
npt_pressure,1,,P-1GPa,Ti-potential/fcc-restart/04-npt-round-2/md/P-1GPa/multi_nnap_md.xyz,4067,0.1987934825,18.81220944,2.860442183,3.02803029,2454,2.0743978722405365,2.6497298507505094,0.9962958698929613,normalized_void>0.946161
npt_pressure,1,,P-1GPa,Ti-potential/fcc-restart/04-npt-round-2/md/P-1GPa/multi_nnap_md.xyz,4068,0.204898821,18.82801348,2.933806172,3.109263647,2455,2.061256611967956,2.6227233106077774,0.9858654405920007,normalized_void>0.946161
npt_pressure,1,,P-1GPa,Ti-potential/fcc-restart/04-npt-round-2/md/P-1GPa/multi_nnap_md.xyz,4069,0.1890231431,18.85709067,3.180235739,3.260162091,2456,1.9656971411842692,2.574619424198842,0.96728579877795,normalized_void>0.946161
npt_pressure,1,,P-1GPa,Ti-potential/fcc-restart/04-npt-round-2/md/P-1GPa/multi_nnap_md.xyz,4084,0.1842225703,18.61207633,3.313255266,3.321452421,2469,1.9956915898892627,2.5080101325374784,0.9463773663108624,normalized_void>0.946161
npt_pressure,1,,P-1GPa,Ti-potential/fcc-restart/04-npt-round-2/md/P-1GPa/multi_nnap_md.xyz,4085,0.1832346708,18.62096374,3.041474675,3.164617508,2470,1.9587814579701086,2.526719334355422,0.9532854228510719,normalized_void>0.946161
npt_pressure,1,,P-1GPa,Ti-potential/fcc-restart/04-npt-round-2/md/P-1GPa/multi_nnap_md.xyz,4086,0.2019108731,18.64479998,2.972110258,3.128696067,2471,1.9493508957419539,2.5104058385693406,0.9467268481737916,normalized_void>0.946161
npt_pressure,1,,P-1GPa,Ti-potential/fcc-restart/04-npt-round-2/md/P-1GPa/multi_nnap_md.xyz,4103,0.1367356522,18.48798593,3.369131524,3.31647532,2476,2.0475447241731364,2.501956903025359,0.9462007556847751,normalized_void>0.946161
npt_pressure,1,,P-1GPa,Ti-potential/fcc-restart/04-npt-round-2/md/P-1GPa/multi_nnap_md.xyz,4109,0.1651547092,18.79705473,3.829074325,3.821821183,2478,1.927524280055725,2.5666146101838585,0.9653038984984195,normalized_void>0.946161
npt_pressure,1,,P-1GPa,Ti-potential/fcc-restart/04-npt-round-2/md/P-1GPa/multi_nnap_md.xyz,4110,0.1625567066,18.8272626,4.156106647,4.168255146,2479,1.9061920839368331,2.5439122094346436,0.9562535483471615,normalized_void>0.946161
npt_pressure,1,,P-1GPa,Ti-potential/fcc-restart/04-npt-round-2/md/P-1GPa/multi_nnap_md.xyz,4135,0.150739542,18.9652493,4.226998016,4.097565752,2495,2.0189330634631455,2.5546545050819045,0.9579569411150676,normalized_void>0.946161
npt_pressure,1,,P-1GPa,Ti-potential/fcc-restart/04-npt-round-2/md/P-1GPa/multi_nnap_md.xyz,4136,0.1770634891,19.08385156,3.890780066,3.849758287,2496,1.9184408778530284,2.556465206190428,0.9566458892358664,normalized_void>0.946161
npt_pressure,1,,P-1GPa,Ti-potential/fcc-restart/04-npt-round-2/md/P-1GPa/multi_nnap_md.xyz,4155,0.173938903,17.75468858,3.664966957,3.616293816,2507,1.9020350245448276,2.4886933328666756,0.9539677607023823,normalized_void>0.946161
npt_pressure,1,,P-1GPa,Ti-potential/fcc-restart/04-npt-round-2/md/P-1GPa/multi_nnap_md.xyz,4179,0.4041044925,18.35141363,5.508934717,5.489101474,2523,1.7492313440462255,2.3923020285022054,0.9069698158153138,min_distance_A<1.77527
npt_pressure,1,,P-1GPa,Ti-potential/fcc-restart/04-npt-round-2/md/P-1GPa/multi_nnap_md.xyz,4183,0.1338209286,18.18982048,2.8495046,2.831355429,2527,2.1050679844166686,2.5026939067648053,0.951623004057456,normalized_void>0.946161
npt_pressure,1,,P-1GPa,Ti-potential/fcc-restart/04-npt-round-2/md/P-1GPa/multi_nnap_md.xyz,4184,0.5165450963,18.2217266,6.293587643,6.553673831,2528,1.7545114680541003,2.4923846309080906,0.947149546906205,min_distance_A<1.77527;normalized_void>0.946161
npt_pressure,1,,P-1GPa,Ti-potential/fcc-restart/04-npt-round-2/md/P-1GPa/multi_nnap_md.xyz,4185,2.929630423,18.2865749,10.73835037,10.3518706,2529,1.5893251355513058,2.443243674663883,0.9273763010126644,min_distance_A<1.77527
npt_pressure,1,,P-1GPa,Ti-potential/fcc-restart/04-npt-round-2/md/P-1GPa/multi_nnap_md.xyz,4186,1.031238189,18.38422135,7.904388644,8.073391433,2530,1.7025214543881593,2.400993657771142,0.9097231910255063,min_distance_A<1.77527
npt_pressure,1,,P-1GPa,Ti-potential/fcc-restart/04-npt-round-2/md/P-1GPa/multi_nnap_md.xyz,4211,0.5711100279,17.44238305,5.739221916,5.972898448,2544,1.77051306328099,2.2560800292000174,0.8699331780851703,min_distance_A<1.77527
npt_pressure,1,,P-1GPa,Ti-potential/fcc-restart/04-npt-round-2/md/P-1GPa/multi_nnap_md.xyz,4212,0.902152198,17.48386159,6.916672446,7.485516986,2545,1.7260707347977013,2.269792821316288,0.8745280924736264,min_distance_A<1.77527
npt_pressure,1,,P-1GPa,Ti-potential/fcc-restart/04-npt-round-2/md/P-1GPa/multi_nnap_md.xyz,4246,0.2699206169,17.97693703,4.640275932,4.699110587,2568,1.8198534994128683,2.5324799602534758,0.9667350211713537,normalized_void>0.946161
npt_pressure,1,,P-1GPa,Ti-potential/fcc-restart/04-npt-round-2/md/P-1GPa/multi_nnap_md.xyz,4247,0.3485126869,18.12976104,6.290360394,6.113138413,2569,1.752134582308696,2.6040813967251077,0.9912667259042762,min_distance_A<1.77527;normalized_void>0.946161
npt_pressure,1,,P-1GPa,Ti-potential/fcc-restart/04-npt-round-2/md/P-1GPa/multi_nnap_md.xyz,4248,0.1748848674,18.3235887,3.687618774,3.654580175,2570,1.891394006507482,2.644134491456949,1.002951725160065,normalized_void>0.946161
npt_pressure,1,,P-1GPa,Ti-potential/fcc-restart/04-npt-round-2/md/P-1GPa/multi_nnap_md.xyz,4249,0.1724713028,18.54804062,2.65765961,2.733948557,2571,2.096633989015199,2.6706725690468107,1.0089151254499595,normalized_void>0.946161
npt_pressure,1,,P-1GPa,Ti-potential/fcc-restart/04-npt-round-2/md/P-1GPa/multi_nnap_md.xyz,4250,0.1755330996,18.79168147,3.565656735,3.630615753,2572,2.143880460849727,2.674965617115521,1.0061505988606032,normalized_void>0.946161
npt_pressure,1,,P-1GPa,Ti-potential/fcc-restart/04-npt-round-2/md/P-1GPa/multi_nnap_md.xyz,4251,0.1861195503,19.04069519,3.77554665,3.877925637,2573,2.0618760396351132,2.636039096528138,0.9871676471866649,normalized_void>0.946161
npt_pressure,1,,P-1GPa,Ti-potential/fcc-restart/04-npt-round-2/md/P-1GPa/multi_nnap_md.xyz,4252,0.1569166753,19.27811093,3.054174381,3.202639116,2574,2.052251667019034,2.5651180404203076,0.9566487979064361,normalized_void>0.946161
npt_pressure,1,,P-1GPa,Ti-potential/fcc-restart/04-npt-round-2/md/P-1GPa/multi_nnap_md.xyz,4259,0.1755325342,19.62048634,2.833832954,2.846189028,2580,2.0396669135270336,2.5745906658556246,0.9545637422739937,normalized_void>0.946161
npt_pressure,1,,P-1GPa,Ti-potential/fcc-restart/04-npt-round-2/md/P-1GPa/multi_nnap_md.xyz,4260,0.201129559,19.46358436,3.350052912,3.316652113,2581,2.022315228341582,2.5941994664213937,0.9644115991494036,normalized_void>0.946161
npt_pressure,1,,P-1GPa,Ti-potential/fcc-restart/04-npt-round-2/md/P-1GPa/multi_nnap_md.xyz,4261,0.2339189892,19.26900311,3.927358074,3.841242325,2582,2.0016572162167474,2.605357364241165,0.971808931568917,normalized_void>0.946161
npt_pressure,1,,P-1GPa,Ti-potential/fcc-restart/04-npt-round-2/md/P-1GPa/multi_nnap_md.xyz,4262,0.2295812997,19.04525072,3.864396124,3.784193933,2583,1.976425980755246,2.5950539149175973,0.9717416566222156,normalized_void>0.946161
npt_pressure,1,,P-1GPa,Ti-potential/fcc-restart/04-npt-round-2/md/P-1GPa/multi_nnap_md.xyz,4263,0.211190295,18.80336525,3.023925835,3.014316194,2584,1.9527472919281763,2.548694484499132,0.9584568929837883,normalized_void>0.946161
npt_pressure,1,,P-1GPa,Ti-potential/fcc-restart/04-npt-round-2/md/P-1GPa/multi_nnap_md.xyz,4267,0.5410771923,17.89668571,7.107356114,6.724087623,2588,1.7336537969901338,2.3283869907676644,0.8901522495300181,min_distance_A<1.77527
npt_pressure,1,,P-1GPa,Ti-potential/fcc-restart/04-npt-round-2/md/P-1GPa/multi_nnap_md.xyz,4268,0.5046950459,17.74388975,6.539313324,6.265591984,2589,1.7476373560566072,2.342630495868761,0.8981609778003242,min_distance_A<1.77527
npt_pressure,1,,P-1GPa,Ti-potential/fcc-restart/04-npt-round-2/md/P-1GPa/multi_nnap_md.xyz,4333,0.3522840956,17.87280147,5.82997503,5.804750235,2632,1.774517619994575,2.4140539804990704,0.9233140268552084,min_distance_A<1.77527
npt_pressure,1,,P-1GPa,Ti-potential/fcc-restart/04-npt-round-2/md/P-1GPa/multi_nnap_md.xyz,4349,1.153951885,19.146683,8.078430669,6.163824435,2641,1.6945639608346217,2.3625676842534276,0.8831200474089573,min_distance_A<1.77527
npt_pressure,1,,P-1GPa,Ti-potential/fcc-restart/04-npt-round-2/md/P-1GPa/multi_nnap_md.xyz,4350,0.924338696,18.94433427,6.398209298,5.071694039,2642,1.723906190513623,2.294104408796254,0.8605710460846435,min_distance_A<1.77527
npt_pressure,1,,P-1GPa,Ti-potential/fcc-restart/04-npt-round-2/md/P-1GPa/multi_nnap_md.xyz,4358,0.3712966514,17.53116225,5.834531077,5.412351534,2649,1.7499215506099055,2.3517338975930904,0.9052835094661545,min_distance_A<1.77527
npt_pressure,1,,P-1GPa,Ti-potential/fcc-restart/04-npt-round-2/md/P-1GPa/multi_nnap_md.xyz,4376,0.1385611061,19.63178718,2.979622964,2.995755098,2656,2.0689607616819305,2.556939217145289,0.9478372921460113,normalized_void>0.946161
npt_pressure,1,,P-1GPa,Ti-potential/fcc-restart/04-npt-round-2/md/P-1GPa/multi_nnap_md.xyz,4378,0.1374271859,19.63358858,2.944754312,2.895458531,2657,2.0508790794548917,2.5572227327124284,0.9479133966159985,normalized_void>0.946161
npt_pressure,1,,P-1GPa,Ti-potential/fcc-restart/04-npt-round-2/md/P-1GPa/multi_nnap_md.xyz,4379,0.2043520977,19.56969267,4.23966355,4.30370296,2658,1.855624719210851,2.551190603741518,0.9467055101444813,normalized_void>0.946161
npt_pressure,1,,P-1GPa,Ti-potential/fcc-restart/04-npt-round-2/md/P-1GPa/multi_nnap_md.xyz,4404,0.1457828889,19.13620536,2.752732424,2.830555232,2679,2.0300090062804257,2.5731153316600075,0.9619975770507138,normalized_void>0.946161
npt_pressure,1,,P-1GPa,Ti-potential/fcc-restart/04-npt-round-2/md/P-1GPa/multi_nnap_md.xyz,4405,0.151474362,19.09985539,3.009725973,2.99727272,2680,1.967715060050817,2.596245036886531,0.9712603347191716,normalized_void>0.946161
npt_pressure,1,,P-1GPa,Ti-potential/fcc-restart/04-npt-round-2/md/P-1GPa/multi_nnap_md.xyz,4406,0.1477631613,19.0424827,3.15521398,3.157541965,2681,1.9697205725357458,2.5644202115702286,0.9603171124381038,normalized_void>0.946161
npt_pressure,1,,P-1GPa,Ti-potential/fcc-restart/04-npt-round-2/md/P-1GPa/multi_nnap_md.xyz,4407,0.1516493995,18.96682794,3.401191223,3.54682347,2682,2.064820350461636,2.5243380053280076,0.946562447766294,normalized_void>0.946161
npt_pressure,1,,P-1GPa,Ti-potential/fcc-restart/04-npt-round-2/md/P-1GPa/multi_nnap_md.xyz,4448,1.135124094,18.13616154,8.980458278,8.474669641,2715,1.7005134802375803,2.2784464838786755,0.8672088617836518,min_distance_A<1.77527
npt_pressure,1,,P-1GPa,Ti-potential/fcc-restart/04-npt-round-2/md/P-1GPa/multi_nnap_md.xyz,4489,0.1491360073,19.49241613,3.106626072,3.158709239,2747,1.983130350528068,2.556022111122397,0.9497501737239084,normalized_void>0.946161
npt_pressure,1,,P-1GPa,Ti-potential/fcc-restart/04-npt-round-2/md/P-1GPa/multi_nnap_md.xyz,4490,0.1614984847,19.4986488,3.453254385,3.358499288,2748,1.931225211956812,2.5879254685191735,0.9615021483640389,normalized_void>0.946161
npt_pressure,1,,P-1GPa,Ti-potential/fcc-restart/04-npt-round-2/md/P-1GPa/multi_nnap_md.xyz,4492,0.210674678,19.41055944,3.54247928,3.512745969,2749,1.8801609007453284,2.631579010192435,0.9791977260176314,normalized_void>0.946161
npt_pressure,1,,P-1GPa,Ti-potential/fcc-restart/04-npt-round-2/md/P-1GPa/multi_nnap_md.xyz,4493,0.3298389334,19.33484924,4.900654091,5.033932173,2750,1.7964707141872867,2.6451030293295594,0.9855129365006032,normalized_void>0.946161
npt_pressure,1,,P-1GPa,Ti-potential/fcc-restart/04-npt-round-2/md/P-1GPa/multi_nnap_md.xyz,4494,0.2707370879,19.25372022,3.706034692,3.777957411,2751,1.8964508833655425,2.6127618789078655,0.9748286369338971,normalized_void>0.946161
npt_pressure,1,,P-1GPa,Ti-potential/fcc-restart/04-npt-round-2/md/P-1GPa/multi_nnap_md.xyz,4495,0.1855244951,19.17226783,3.765848836,3.805818277,2752,1.8800653126073124,2.594890312358961,0.9695298295573114,normalized_void>0.946161
npt_pressure,1,,P-1GPa,Ti-potential/fcc-restart/04-npt-round-2/md/P-1GPa/multi_nnap_md.xyz,4496,0.3084322568,19.0916676,3.826392545,3.932840657,2753,1.821343478850474,2.596250983745217,0.9714013871795453,normalized_void>0.946161
npt_pressure,1,,P-1GPa,Ti-potential/fcc-restart/04-npt-round-2/md/P-1GPa/multi_nnap_md.xyz,4497,0.1841243523,19.0109301,2.911428098,3.070464101,2754,1.9145624478106373,2.6096939591756185,0.9778114652235316,normalized_void>0.946161
npt_pressure,1,,P-1GPa,Ti-potential/fcc-restart/04-npt-round-2/md/P-1GPa/multi_nnap_md.xyz,4498,0.1588401324,18.92789834,3.143337415,3.106547443,2755,1.9698378571327502,2.6368158016386922,0.9894161486532361,normalized_void>0.946161
npt_pressure,1,,P-1GPa,Ti-potential/fcc-restart/04-npt-round-2/md/P-1GPa/multi_nnap_md.xyz,4499,0.1841156409,18.84397397,3.233737162,3.271953785,2756,1.8810263352096137,2.5708864205848543,0.9661073625262476,normalized_void>0.946161
npt_pressure,1,,P-1GPa,Ti-potential/fcc-restart/04-npt-round-2/md/P-1GPa/multi_nnap_md.xyz,4516,2.515754475,18.3027772,9.422698135,8.139637247,2770,1.6241384135111878,2.331845959225751,0.8848320804496554,min_distance_A<1.77527
npt_pressure,1,,P-1GPa,Ti-potential/fcc-restart/04-npt-round-2/md/P-1GPa/multi_nnap_md.xyz,4517,1.100167122,18.33075706,7.870645114,7.472948043,2771,1.6901416939477856,2.3167262866731635,0.8786473277343235,min_distance_A<1.77527
npt_pressure,1,,P-1GPa,Ti-potential/fcc-restart/04-npt-round-2/md/P-1GPa/multi_nnap_md.xyz,4580,0.133427615,18.84328949,2.538207502,2.554548258,2802,2.027374928119906,2.5195640335345417,0.9468325075791992,normalized_void>0.946161
npt_pressure,1,,P-1GPa,Ti-potential/fcc-restart/04-npt-round-2/md/P-1GPa/multi_nnap_md.xyz,4581,0.1695601338,18.87728007,2.858167128,2.786663074,2803,1.9304105062313412,2.5218454936003214,0.9471207147736375,normalized_void>0.946161
npt_pressure,1,,P-1GPa,Ti-potential/fcc-restart/04-npt-round-2/md/P-1GPa/multi_nnap_md.xyz,4594,0.1354610748,19.08075597,3.264820478,3.34146411,2815,2.084694753478238,2.6493166231610785,0.9914451031685771,normalized_void>0.946161
npt_pressure,1,,P-1GPa,Ti-potential/fcc-restart/04-npt-round-2/md/P-1GPa/multi_nnap_md.xyz,4597,0.1750421396,18.92055165,3.404233914,3.400348677,2816,2.049939621731595,2.567988044403793,0.9637145131273592,normalized_void>0.946161
npt_pressure,1,,P-1GPa,Ti-potential/fcc-restart/04-npt-round-2/md/P-1GPa/multi_nnap_md.xyz,4598,0.1841938656,18.86050662,3.570692228,3.66224648,2817,1.9729100936146657,2.5280942478176356,0.9497489214335083,normalized_void>0.946161
npt_pressure,1,,P-1GPa,Ti-potential/fcc-restart/04-npt-round-2/md/P-1GPa/multi_nnap_md.xyz,4599,0.150108062,18.79993193,3.233673115,3.339118759,2818,1.9908385346621418,2.5480287613174792,0.9582648694414431,normalized_void>0.946161
npt_pressure,1,,P-1GPa,Ti-potential/fcc-restart/04-npt-round-2/md/P-1GPa/multi_nnap_md.xyz,4612,0.21037097,18.10922854,5.394884188,5.42577214,2826,1.754706734332695,2.3591453816484207,0.8983689265498548,min_distance_A<1.77527
npt_pressure,1,,P-1GPa,Ti-potential/fcc-restart/04-npt-round-2/md/P-1GPa/multi_nnap_md.xyz,4628,0.2129296256,18.65385908,4.708446351,4.672235194,2838,2.0739245715958616,2.5275100901548537,0.953022895259019,normalized_void>0.946161
npt_pressure,1,,P-1GPa,Ti-potential/fcc-restart/04-npt-round-2/md/P-1GPa/multi_nnap_md.xyz,4629,0.1507597953,18.66220455,3.908790804,3.770202126,2839,2.216382493371145,2.5505202454748495,0.9615557297716045,normalized_void>0.946161
npt_pressure,1,,P-1GPa,Ti-potential/fcc-restart/04-npt-round-2/md/P-1GPa/multi_nnap_md.xyz,4632,0.1436897172,18.68970979,2.932360658,2.801671843,2840,2.1032738156555344,2.647460511646376,0.9976127059965311,normalized_void>0.946161
npt_pressure,1,,P-1GPa,Ti-potential/fcc-restart/04-npt-round-2/md/P-1GPa/multi_nnap_md.xyz,4633,0.1349316174,18.70091165,2.769795662,2.638730772,2841,2.03691256903685,2.682760658376198,1.010712575838987,normalized_void>0.946161
npt_pressure,1,,P-1GPa,Ti-potential/fcc-restart/04-npt-round-2/md/P-1GPa/multi_nnap_md.xyz,4635,0.1284599664,18.74402643,3.76425136,3.607151057,2842,2.076222099938238,2.736958632571808,1.030340103604713,normalized_void>0.946161
npt_pressure,1,,P-1GPa,Ti-potential/fcc-restart/04-npt-round-2/md/P-1GPa/multi_nnap_md.xyz,4636,0.1936590152,18.78316548,3.607112026,3.586202407,2843,1.926813608995731,2.7461011244114215,1.0330632947157046,normalized_void>0.946161
npt_pressure,1,,P-1GPa,Ti-potential/fcc-restart/04-npt-round-2/md/P-1GPa/multi_nnap_md.xyz,4637,0.489528071,18.83774723,5.128123953,5.802485227,2844,1.7778236400643532,2.7411144950685227,1.0301904536417343,normalized_void>0.946161
npt_pressure,1,,P-1GPa,Ti-potential/fcc-restart/04-npt-round-2/md/P-1GPa/multi_nnap_md.xyz,4638,0.3783028923,18.90781519,4.876798488,5.258770573,2845,1.7969448427937866,2.729619041608366,1.0246013479326133,normalized_void>0.946161
npt_pressure,1,,P-1GPa,Ti-potential/fcc-restart/04-npt-round-2/md/P-1GPa/multi_nnap_md.xyz,4639,0.1616471973,18.98918004,2.861665652,2.86017319,2846,1.9836374173600781,2.703006064024282,1.0131605769211527,normalized_void>0.946161
npt_pressure,1,,P-1GPa,Ti-potential/fcc-restart/04-npt-round-2/md/P-1GPa/multi_nnap_md.xyz,4642,0.1678192824,19.25421611,4.149438039,3.999251524,2847,1.8704871029529657,2.591517309462524,0.9668939288124764,normalized_void>0.946161
npt_pressure,1,,P-1GPa,Ti-potential/fcc-restart/04-npt-round-2/md/P-1GPa/multi_nnap_md.xyz,4647,0.5374131477,19.46318656,5.039428362,5.086398579,2850,1.7481771991070723,2.3992951789987735,0.8919606585753507,min_distance_A<1.77527
npt_pressure,1,,P-1GPa,Ti-potential/fcc-restart/04-npt-round-2/md/P-1GPa/multi_nnap_md.xyz,4672,0.1354119052,18.78341024,3.363498525,3.363569886,2861,2.1254460177250425,2.6224379760519114,0.9865378314609076,normalized_void>0.946161
npt_pressure,1,,P-1GPa,Ti-potential/fcc-restart/04-npt-round-2/md/P-1GPa/multi_nnap_md.xyz,4673,0.1431283881,18.91403262,3.724634699,3.661364047,2862,2.0632663244550646,2.5787029164735498,0.9678467592258794,normalized_void>0.946161
npt_pressure,1,,P-1GPa,Ti-potential/fcc-restart/04-npt-round-2/md/P-1GPa/multi_nnap_md.xyz,4674,0.1870947066,19.0343209,3.80835307,3.77721019,2863,2.020416943533918,2.555506404160362,0.9571158567744894,normalized_void>0.946161
npt_pressure,1,,P-1GPa,Ti-potential/fcc-restart/04-npt-round-2/md/P-1GPa/multi_nnap_md.xyz,4675,0.2151547174,19.13627616,3.272210298,3.260549629,2864,1.9336966789268595,2.5790174689425003,0.9642029901176594,normalized_void>0.946161
npt_pressure,1,,P-1GPa,Ti-potential/fcc-restart/04-npt-round-2/md/P-1GPa/multi_nnap_md.xyz,4676,0.1774710457,19.21263119,3.703133932,3.739816613,2865,1.9368424241201019,2.6151014016213066,0.9763965842934801,normalized_void>0.946161
npt_pressure,1,,P-1GPa,Ti-potential/fcc-restart/04-npt-round-2/md/P-1GPa/multi_nnap_md.xyz,4678,0.1384053331,19.27423219,2.600234578,2.595510383,2866,2.0266198767462194,2.630474773833614,0.981089089027838,normalized_void>0.946161
npt_pressure,1,,P-1GPa,Ti-potential/fcc-restart/04-npt-round-2/md/P-1GPa/multi_nnap_md.xyz,4679,0.1598852486,19.26144312,3.224060834,3.268641898,2867,1.9477496727917385,2.618958255149125,0.9770099092464125,normalized_void>0.946161
npt_pressure,1,,P-1GPa,Ti-potential/fcc-restart/04-npt-round-2/md/P-1GPa/multi_nnap_md.xyz,4680,0.1709811307,19.22659897,3.504608206,3.502882048,2868,1.9084711968753674,2.609737889137908,0.974158000364229,normalized_void>0.946161
npt_pressure,1,,P-1GPa,Ti-potential/fcc-restart/04-npt-round-2/md/P-1GPa/multi_nnap_md.xyz,4681,0.1710609498,19.17529584,2.730988727,2.731447485,2869,1.9295124897108709,2.5867297716136464,0.9664299280594991,normalized_void>0.946161
npt_pressure,1,,P-1GPa,Ti-potential/fcc-restart/04-npt-round-2/md/P-1GPa/multi_nnap_md.xyz,4682,0.2096528507,19.11042562,2.748783307,2.676031373,2870,1.937347807113515,2.5527301802717832,0.9548052384996428,normalized_void>0.946161
npt_pressure,1,,P-1GPa,Ti-potential/fcc-restart/04-npt-round-2/md/P-1GPa/multi_nnap_md.xyz,4715,0.1390243194,18.08185767,2.921734095,2.886807315,2898,1.9762656460212242,2.558031413335422,0.9745965237756995,normalized_void>0.946161
npt_pressure,1,,P-1GPa,Ti-potential/fcc-restart/04-npt-round-2/md/P-1GPa/multi_nnap_md.xyz,4716,0.1539611046,17.98420824,2.59391071,2.502745735,2899,1.9705807371548774,2.5374127722645485,0.9684874872135382,normalized_void>0.946161
npt_pressure,1,,P-1GPa,Ti-potential/fcc-restart/04-npt-round-2/md/P-1GPa/multi_nnap_md.xyz,4717,0.181947025,17.89931941,3.410515571,3.342862209,2900,1.9288919148834132,2.5069780860813253,0.9583813748949611,normalized_void>0.946161
npt_pressure,1,,P-1GPa,Ti-potential/fcc-restart/04-npt-round-2/md/P-1GPa/multi_nnap_md.xyz,4814,0.1836616068,18.90204258,4.183627515,3.861480841,2969,1.8632071778066863,2.533471410243313,0.951071341544214,normalized_void>0.946161
npt_pressure,1,,P-1GPa,Ti-potential/fcc-restart/04-npt-round-2/md/P-1GPa/multi_nnap_md.xyz,4815,0.1858000145,18.93348554,4.158627435,4.011990154,2970,1.8877705657282966,2.548133464638702,0.9560456886501059,normalized_void>0.946161
npt_pressure,1,,P-1GPa,Ti-potential/fcc-restart/04-npt-round-2/md/P-1GPa/multi_nnap_md.xyz,4816,0.132085797,18.95423027,3.325249339,3.422876625,2971,2.045950867109546,2.5404539240952135,0.95281650555012,normalized_void>0.946161
npt_pressure,1,,P-1GPa,Ti-potential/fcc-restart/04-npt-round-2/md/P-1GPa/multi_nnap_md.xyz,4865,0.5454776576,18.46940317,7.20336506,7.409126557,2999,1.7143978809145899,2.4415330932689683,0.9236589895322979,min_distance_A<1.77527
npt_pressure,1,,P-1GPa,Ti-potential/fcc-restart/04-npt-round-2/md/P-1GPa/multi_nnap_md.xyz,4872,0.1314225402,19.37393098,2.867768136,2.893363894,3002,2.0383045497403547,2.609203960398954,0.9714835391881411,normalized_void>0.946161
npt_pressure,1,,P-1GPa,Ti-potential/fcc-restart/04-npt-round-2/md/P-1GPa/multi_nnap_md.xyz,4873,0.1500091805,19.45173206,3.223034974,3.198904278,3003,2.056848644059666,2.61376440675394,0.9718823163085053,normalized_void>0.946161
npt_pressure,1,,P-1GPa,Ti-potential/fcc-restart/04-npt-round-2/md/P-1GPa/multi_nnap_md.xyz,4874,0.155773368,19.5019056,3.209655147,3.172454332,3004,2.058613664052133,2.5896307636200966,0.9620821617746397,normalized_void>0.946161
npt_pressure,1,,P-1GPa,Ti-potential/fcc-restart/04-npt-round-2/md/P-1GPa/multi_nnap_md.xyz,4875,0.1415385055,19.52566833,3.130149217,3.208220247,3005,2.041907700441389,2.555803946248717,0.949129707743654,normalized_void>0.946161
npt_pressure,1,,P-1GPa,Ti-potential/fcc-restart/04-npt-round-2/md/P-1GPa/multi_nnap_md.xyz,4953,0.1659342507,19.06827385,3.277686208,3.363468651,3051,2.107680525310688,2.6250025033235103,0.9825604111765704,normalized_void>0.946161
npt_pressure,1,,P-1GPa,Ti-potential/fcc-restart/04-npt-round-2/md/P-1GPa/multi_nnap_md.xyz,4954,0.1679706996,19.19603198,3.097053695,3.237793476,3052,2.1127576138522057,2.6301730780169175,0.9823068513219865,normalized_void>0.946161
npt_pressure,1,,P-1GPa,Ti-potential/fcc-restart/04-npt-round-2/md/P-1GPa/multi_nnap_md.xyz,4955,0.1393067532,19.30449174,3.031608507,3.014616651,3053,1.995734895911578,2.640818296630973,0.9844320164632717,normalized_void>0.946161
npt_pressure,1,,P-1GPa,Ti-potential/fcc-restart/04-npt-round-2/md/P-1GPa/multi_nnap_md.xyz,4956,0.1718901689,19.38985694,3.189609367,3.426275503,3054,1.9215162324330326,2.653576297747391,0.9877340931690805,normalized_void>0.946161
npt_pressure,1,,P-1GPa,Ti-potential/fcc-restart/04-npt-round-2/md/P-1GPa/multi_nnap_md.xyz,4957,0.1763138928,19.44706149,2.971524046,3.192758274,3055,1.942268624150671,2.671772593657374,0.9935311655691695,normalized_void>0.946161
npt_pressure,1,,P-1GPa,Ti-potential/fcc-restart/04-npt-round-2/md/P-1GPa/multi_nnap_md.xyz,4958,0.1324437056,19.47068689,2.485389478,2.587705988,3056,2.024892155482991,2.6904525365309757,1.0000727119784056,normalized_void>0.946161
npt_pressure,1,,P-1GPa,Ti-potential/fcc-restart/04-npt-round-2/md/P-1GPa/multi_nnap_md.xyz,4961,0.1462260621,19.33075623,3.091235757,3.081172916,3057,2.0091925450184855,2.6776385821627424,0.9977054449956451,normalized_void>0.946161
npt_pressure,1,,P-1GPa,Ti-potential/fcc-restart/04-npt-round-2/md/P-1GPa/multi_nnap_md.xyz,4962,0.1911019867,19.23720042,3.319097342,3.49375526,3058,2.007242498454456,2.642490161983487,0.9862024775877929,normalized_void>0.946161
npt_pressure,1,,P-1GPa,Ti-potential/fcc-restart/04-npt-round-2/md/P-1GPa/multi_nnap_md.xyz,4963,0.2304415512,19.14101181,3.424984919,3.635556502,3059,2.05399070862174,2.5815416608083397,0.9650670939389884,normalized_void>0.946161
npt_pressure,1,,P-1GPa,Ti-potential/fcc-restart/04-npt-round-2/md/P-1GPa/multi_nnap_md.xyz,4970,0.5352243463,18.88259749,6.170308799,6.562207502,3064,1.7573155285474202,2.4376084280299817,0.915398151134951,min_distance_A<1.77527
npt_pressure,1,,P-1GPa,Ti-potential/fcc-restart/04-npt-round-2/md/P-1GPa/multi_nnap_md.xyz,4971,0.8637508294,18.89302762,8.013231627,8.429995613,3065,1.6979644272783334,2.4314209588313758,0.912906507327648,min_distance_A<1.77527
npt_pressure,1,,P-1GPa,Ti-potential/fcc-restart/04-npt-round-2/md/P-1GPa/multi_nnap_md.xyz,4980,0.2071034011,19.13049935,2.936629171,2.950148618,3074,2.0083846261754483,2.5633624592867843,0.9584465923767904,normalized_void>0.946161
npt_pressure,1,,P-1GPa,Ti-potential/fcc-restart/04-npt-round-2/md/P-1GPa/multi_nnap_md.xyz,4981,0.2260128092,19.16330658,3.438385942,3.433140496,3075,2.0730583557510003,2.5908340950634896,0.9681651694125254,normalized_void>0.946161
npt_pressure,1,,P-1GPa,Ti-potential/fcc-restart/04-npt-round-2/md/P-1GPa/multi_nnap_md.xyz,4982,0.2362563639,19.19253083,3.653031219,3.663751436,3076,1.9645777245914195,2.612235890335169,0.9756670606452876,normalized_void>0.946161
npt_pressure,1,,P-1GPa,Ti-potential/fcc-restart/04-npt-round-2/md/P-1GPa/multi_nnap_md.xyz,4983,0.2551238159,19.21620409,2.954094687,2.998393305,3077,1.951332382751787,2.572970659939212,0.9606067478200638,normalized_void>0.946161
npt_pressure,1,,P-1GPa,Ti-potential/fcc-restart/04-npt-round-2/md/P-1GPa/multi_nnap_md.xyz,4988,0.3895637729,19.10827592,3.706122552,3.56581954,3082,1.8670348232271359,2.553747328803101,0.9552215040431581,normalized_void>0.946161
npt_pressure,1,,P-1GPa,Ti-potential/fcc-restart/04-npt-round-2/md/P-1GPa/multi_nnap_md.xyz,4996,0.1319380501,18.42871094,2.711868239,2.753832292,3088,2.0903685234426135,2.520328663496151,0.954169490603771,normalized_void>0.946161
npt_pressure,1,,P-1GPa,Ti-potential/fcc-restart/04-npt-round-2/md/P-1GPa/multi_nnap_md.xyz,4997,0.1398701982,18.32100985,2.815356397,2.858974224,3089,2.031476131761247,2.5009858078877327,0.9486982319674303,normalized_void>0.946161
npt_pressure,5,,P-5GPa,Ti-potential/fcc-restart/04-npt-round-2/md/P-5GPa/multi_nnap_md.xyz,575,0.2185267689,17.01067991,4.193101999,4.105407357,48,1.929135689940957,2.4608470290179834,0.9568504390234741,normalized_void>0.946161
npt_pressure,5,,P-5GPa,Ti-potential/fcc-restart/04-npt-round-2/md/P-5GPa/multi_nnap_md.xyz,580,0.3810181997,17.16887142,6.438890793,6.919646159,53,1.7331274563218786,2.31504177647449,0.8973838510096457,min_distance_A<1.77527
npt_pressure,5,,P-5GPa,Ti-potential/fcc-restart/04-npt-round-2/md/P-5GPa/multi_nnap_md.xyz,625,0.1648083529,17.41380715,3.696511505,3.63040668,83,1.9455631842478964,2.461093501654719,0.9495041563382748,normalized_void>0.946161
npt_pressure,5,,P-5GPa,Ti-potential/fcc-restart/04-npt-round-2/md/P-5GPa/multi_nnap_md.xyz,626,0.1517046172,17.22433109,3.33874754,3.301979426,84,1.986050461852477,2.473270995350946,0.9576884494124733,normalized_void>0.946161
npt_pressure,5,,P-5GPa,Ti-potential/fcc-restart/04-npt-round-2/md/P-5GPa/multi_nnap_md.xyz,627,0.130280627,17.06681767,3.296178708,3.317541078,85,1.9809826632635354,2.4800298494694037,0.9632508295267433,normalized_void>0.946161
npt_pressure,5,,P-5GPa,Ti-potential/fcc-restart/04-npt-round-2/md/P-5GPa/multi_nnap_md.xyz,652,0.1748253362,17.35475862,3.60936046,3.641863972,107,1.985553364282766,2.466652305201891,0.95272686266911,normalized_void>0.946161
npt_pressure,5,,P-5GPa,Ti-potential/fcc-restart/04-npt-round-2/md/P-5GPa/multi_nnap_md.xyz,653,0.1827706777,17.18192538,3.563995344,3.573719592,108,1.9641142984139823,2.4578897732980205,0.9525149330555045,normalized_void>0.946161
npt_pressure,5,,P-5GPa,Ti-potential/fcc-restart/04-npt-round-2/md/P-5GPa/multi_nnap_md.xyz,656,0.1490588534,16.90068239,3.009576351,2.988513421,111,2.0324091386504683,2.453096038859609,0.9559014883337438,normalized_void>0.946161
npt_pressure,5,,P-5GPa,Ti-potential/fcc-restart/04-npt-round-2/md/P-5GPa/multi_nnap_md.xyz,705,0.1799991369,17.54346216,4.198926708,4.121282605,141,1.904131673393398,2.492471402748434,0.959235145759921,normalized_void>0.946161
npt_pressure,5,,P-5GPa,Ti-potential/fcc-restart/04-npt-round-2/md/P-5GPa/multi_nnap_md.xyz,706,0.2246887902,17.39606853,4.118709737,4.131779945,142,1.8265329689135235,2.532882470500363,0.9775327921485584,normalized_void>0.946161
npt_pressure,5,,P-5GPa,Ti-potential/fcc-restart/04-npt-round-2/md/P-5GPa/multi_nnap_md.xyz,707,0.2650713242,17.28328883,4.142265006,4.032216983,143,1.834298583469531,2.545280959525232,0.9844498553115204,normalized_void>0.946161
npt_pressure,5,,P-5GPa,Ti-potential/fcc-restart/04-npt-round-2/md/P-5GPa/multi_nnap_md.xyz,708,0.4631658967,17.20490869,5.907029785,5.732704642,144,1.7853633533789555,2.5424416947068087,0.9848427181626209,normalized_void>0.946161
npt_pressure,5,,P-5GPa,Ti-potential/fcc-restart/04-npt-round-2/md/P-5GPa/multi_nnap_md.xyz,709,0.2437808349,17.16212478,3.60222129,3.387800801,145,1.9288393025443098,2.528867765540168,0.9803980428038979,normalized_void>0.946161
npt_pressure,5,,P-5GPa,Ti-potential/fcc-restart/04-npt-round-2/md/P-5GPa/multi_nnap_md.xyz,710,0.1818266737,17.15649479,3.427516067,3.42697837,146,1.9743975970393266,2.509455179915659,0.9729785269848384,normalized_void>0.946161
npt_pressure,5,,P-5GPa,Ti-potential/fcc-restart/04-npt-round-2/md/P-5GPa/multi_nnap_md.xyz,711,0.2017743717,17.19075486,3.597709343,3.457379575,147,2.024900962377947,2.4866026917668744,0.9634771449464835,normalized_void>0.946161
npt_pressure,5,,P-5GPa,Ti-potential/fcc-restart/04-npt-round-2/md/P-5GPa/multi_nnap_md.xyz,712,0.3292582728,17.2666781,3.496962454,3.481624525,148,1.9887790281649635,2.4549191564914112,0.9498045898918592,normalized_void>0.946161
npt_pressure,5,,P-5GPa,Ti-potential/fcc-restart/04-npt-round-2/md/P-5GPa/multi_nnap_md.xyz,812,0.2801658103,17.33874288,3.383262524,3.283255615,216,1.881087245774087,2.452307859523028,0.9474779707422449,normalized_void>0.946161
npt_pressure,5,,P-5GPa,Ti-potential/fcc-restart/04-npt-round-2/md/P-5GPa/multi_nnap_md.xyz,813,0.2602724397,17.20380426,3.377930674,3.274847544,217,1.8752795897104662,2.4537414907889836,0.9505040586299349,normalized_void>0.946161
npt_pressure,5,,P-5GPa,Ti-potential/fcc-restart/04-npt-round-2/md/P-5GPa/multi_nnap_md.xyz,814,0.1718977259,17.10853376,3.093449612,3.065002121,218,1.9815279588476231,2.4542424503879308,0.952459533842623,normalized_void>0.946161
npt_pressure,5,,P-5GPa,Ti-potential/fcc-restart/04-npt-round-2/md/P-5GPa/multi_nnap_md.xyz,815,0.1904080029,17.05897738,3.410173825,3.435162724,219,2.005631691293457,2.450022145999179,0.9517415118712362,normalized_void>0.946161
npt_pressure,5,,P-5GPa,Ti-potential/fcc-restart/04-npt-round-2/md/P-5GPa/multi_nnap_md.xyz,816,0.203711482,17.05816653,4.052391968,3.89775582,220,1.8597181914159715,2.445306443656648,0.949924689692324,normalized_void>0.946161
npt_pressure,5,,P-5GPa,Ti-potential/fcc-restart/04-npt-round-2/md/P-5GPa/multi_nnap_md.xyz,817,0.275686604,17.10881391,4.55155419,4.080607464,221,1.8167133312113088,2.43920555236143,0.946618742731996,normalized_void>0.946161
npt_pressure,5,,P-5GPa,Ti-potential/fcc-restart/04-npt-round-2/md/P-5GPa/multi_nnap_md.xyz,895,0.5473151567,17.10788887,6.824946011,6.241250015,271,1.7273233664408734,2.259871639515076,0.8770377733403177,min_distance_A<1.77527
npt_pressure,5,,P-5GPa,Ti-potential/fcc-restart/04-npt-round-2/md/P-5GPa/multi_nnap_md.xyz,914,0.5835163435,17.60985068,6.892494392,7.029310341,290,1.7496086069323238,2.457516317665769,0.9445925566542243,min_distance_A<1.77527
npt_pressure,5,,P-5GPa,Ti-potential/fcc-restart/04-npt-round-2/md/P-5GPa/multi_nnap_md.xyz,915,0.8701274754,17.57785041,9.637201185,10.31919573,291,1.6728812097291186,2.4436960877604665,0.9398501291186042,min_distance_A<1.77527
npt_pressure,5,,P-5GPa,Ti-potential/fcc-restart/04-npt-round-2/md/P-5GPa/multi_nnap_md.xyz,962,0.1640193955,17.72814634,3.150294056,3.183667698,328,2.048565394904576,2.483573518840658,0.9524801007958855,normalized_void>0.946161
npt_pressure,5,,P-5GPa,Ti-potential/fcc-restart/04-npt-round-2/md/P-5GPa/multi_nnap_md.xyz,963,0.2361552674,17.74286688,3.419622409,3.45363543,329,1.9846599015261568,2.5267762442234782,0.968780794171362,normalized_void>0.946161
npt_pressure,5,,P-5GPa,Ti-potential/fcc-restart/04-npt-round-2/md/P-5GPa/multi_nnap_md.xyz,964,0.2903487198,17.76946213,3.561110022,3.637963445,330,1.8940010539220575,2.537182728650113,0.972285149131746,normalized_void>0.946161
npt_pressure,5,,P-5GPa,Ti-potential/fcc-restart/04-npt-round-2/md/P-5GPa/multi_nnap_md.xyz,965,0.3781793949,17.80759953,4.603650292,4.228121381,331,1.8273898512208158,2.5382228331834265,0.9719888576202258,normalized_void>0.946161
npt_pressure,5,,P-5GPa,Ti-potential/fcc-restart/04-npt-round-2/md/P-5GPa/multi_nnap_md.xyz,966,0.2462975652,17.85692223,3.494793807,3.428980352,332,1.9114305098635076,2.5250312592120956,0.9660461852705914,normalized_void>0.946161
npt_pressure,5,,P-5GPa,Ti-potential/fcc-restart/04-npt-round-2/md/P-5GPa/multi_nnap_md.xyz,967,0.4197011858,17.91522942,5.276039768,5.272648473,333,1.785958930357531,2.536556355980289,0.9694015825909986,normalized_void>0.946161
npt_pressure,5,,P-5GPa,Ti-potential/fcc-restart/04-npt-round-2/md/P-5GPa/multi_nnap_md.xyz,968,0.4979593126,17.98084519,5.31830621,5.311778156,334,1.7708220204792104,2.5612106476842116,0.9776316761464704,min_distance_A<1.77527;normalized_void>0.946161
npt_pressure,5,,P-5GPa,Ti-potential/fcc-restart/04-npt-round-2/md/P-5GPa/multi_nnap_md.xyz,969,0.2634740989,18.04990407,4.062193901,4.053735459,335,1.881739057473271,2.5997661822945077,0.991081396545013,normalized_void>0.946161
npt_pressure,5,,P-5GPa,Ti-potential/fcc-restart/04-npt-round-2/md/P-5GPa/multi_nnap_md.xyz,970,0.3928069269,18.11307118,3.870474654,3.569411538,336,1.9269072146660604,2.588390790654115,0.9855964896295716,normalized_void>0.946161
npt_pressure,5,,P-5GPa,Ti-potential/fcc-restart/04-npt-round-2/md/P-5GPa/multi_nnap_md.xyz,971,0.3379903899,18.16194415,3.780781563,3.556166706,337,1.8993058702393746,2.560860880131645,0.9742383187871474,normalized_void>0.946161
npt_pressure,5,,P-5GPa,Ti-potential/fcc-restart/04-npt-round-2/md/P-5GPa/multi_nnap_md.xyz,972,0.2445106166,18.19201486,3.838557403,3.785597569,338,1.8863588549796095,2.5215951975773234,0.9587714678734929,normalized_void>0.946161
npt_pressure,5,,P-5GPa,Ti-potential/fcc-restart/04-npt-round-2/md/P-5GPa/multi_nnap_md.xyz,1014,0.2478561605,17.56248763,3.75032516,3.954982418,378,1.8695761522554175,2.49087615756605,0.9582749271696428,normalized_void>0.946161
npt_pressure,5,,P-5GPa,Ti-potential/fcc-restart/04-npt-round-2/md/P-5GPa/multi_nnap_md.xyz,1015,0.3676478565,17.53420372,3.60460017,3.796896604,379,1.884614332085427,2.514317986896401,0.9678131518355488,normalized_void>0.946161
npt_pressure,5,,P-5GPa,Ti-potential/fcc-restart/04-npt-round-2/md/P-5GPa/multi_nnap_md.xyz,1016,0.3383675555,17.52774066,3.826260633,3.742757868,380,1.83972016864678,2.526778848554926,0.9727291257609704,normalized_void>0.946161
npt_pressure,5,,P-5GPa,Ti-potential/fcc-restart/04-npt-round-2/md/P-5GPa/multi_nnap_md.xyz,1017,0.3140383161,17.53949027,4.529742435,4.758507591,381,1.8152400380947957,2.4677511304643738,0.9497931584261798,normalized_void>0.946161
npt_pressure,5,,P-5GPa,Ti-potential/fcc-restart/04-npt-round-2/md/P-5GPa/multi_nnap_md.xyz,1039,0.1491307123,17.45076633,3.097676715,2.958946289,400,2.0052844813297246,2.479133827767712,0.9557885061909912,normalized_void>0.946161
npt_pressure,5,,P-5GPa,Ti-potential/fcc-restart/04-npt-round-2/md/P-5GPa/multi_nnap_md.xyz,1059,0.1855439264,17.97566696,3.405073636,3.339111489,415,1.9576573390589078,2.49294787168034,0.9516666706073715,normalized_void>0.946161
npt_pressure,5,,P-5GPa,Ti-potential/fcc-restart/04-npt-round-2/md/P-5GPa/multi_nnap_md.xyz,1060,0.1491552321,18.03566876,3.257128611,3.161974517,416,2.016584966607978,2.5536848819240956,0.973770369020112,normalized_void>0.946161
npt_pressure,5,,P-5GPa,Ti-potential/fcc-restart/04-npt-round-2/md/P-5GPa/multi_nnap_md.xyz,1061,0.143565487,18.06873015,3.188685537,3.136458774,417,1.9773927927029855,2.591078992499504,0.9874264944121155,normalized_void>0.946161
npt_pressure,5,,P-5GPa,Ti-potential/fcc-restart/04-npt-round-2/md/P-5GPa/multi_nnap_md.xyz,1062,0.1661015355,18.07109306,3.456777985,3.407908957,418,1.947207475187968,2.5907242526785104,0.9872482742864684,normalized_void>0.946161
npt_pressure,5,,P-5GPa,Ti-potential/fcc-restart/04-npt-round-2/md/P-5GPa/multi_nnap_md.xyz,1063,0.5593392637,18.04623305,5.130905571,5.211177512,419,1.784600798956169,2.571523623850143,0.980381252748503,normalized_void>0.946161
npt_pressure,5,,P-5GPa,Ti-potential/fcc-restart/04-npt-round-2/md/P-5GPa/multi_nnap_md.xyz,1064,0.6064581925,18.00237903,5.166583147,5.148452169,420,1.7817212282181432,2.520642124003521,0.9617626102319083,normalized_void>0.946161
npt_pressure,5,,P-5GPa,Ti-potential/fcc-restart/04-npt-round-2/md/P-5GPa/multi_nnap_md.xyz,1065,0.1349575253,17.94611069,3.258216744,3.242685878,421,1.9448663124089622,2.4800598737280057,0.9472662226934279,normalized_void>0.946161
npt_pressure,5,,P-5GPa,Ti-potential/fcc-restart/04-npt-round-2/md/P-5GPa/multi_nnap_md.xyz,1072,0.1416612498,17.50369795,3.813918999,3.830646794,424,2.1081876134673436,2.4839500518693503,0.9566790314694372,normalized_void>0.946161
npt_pressure,5,,P-5GPa,Ti-potential/fcc-restart/04-npt-round-2/md/P-5GPa/multi_nnap_md.xyz,1073,0.1651542618,17.48603087,3.368054674,3.362803179,425,2.043971967657963,2.5237162846051295,0.9723220092891056,normalized_void>0.946161
npt_pressure,5,,P-5GPa,Ti-potential/fcc-restart/04-npt-round-2/md/P-5GPa/multi_nnap_md.xyz,1074,0.1858220855,17.48444364,3.81772465,3.646984744,426,1.9406654396742054,2.575786030817409,0.9924131519211239,normalized_void>0.946161
npt_pressure,5,,P-5GPa,Ti-potential/fcc-restart/04-npt-round-2/md/P-5GPa/multi_nnap_md.xyz,1075,0.1521145782,17.49589047,3.760030575,3.671026064,427,1.9699061642846576,2.619409743456466,1.0090005932200794,normalized_void>0.946161
npt_pressure,5,,P-5GPa,Ti-potential/fcc-restart/04-npt-round-2/md/P-5GPa/multi_nnap_md.xyz,1077,0.1599529797,17.55502927,2.928699834,2.852140885,428,2.0727868179678874,2.591431990606123,0.9971013319163179,normalized_void>0.946161
npt_pressure,5,,P-5GPa,Ti-potential/fcc-restart/04-npt-round-2/md/P-5GPa/multi_nnap_md.xyz,1078,0.5264430902,17.60876338,6.670852263,7.14244104,429,1.7751081594578042,2.55752333423717,0.9830523649148422,min_distance_A<1.77527;normalized_void>0.946161
npt_pressure,5,,P-5GPa,Ti-potential/fcc-restart/04-npt-round-2/md/P-5GPa/multi_nnap_md.xyz,1079,1.05120872,17.68616006,9.341155433,10.42634304,430,1.6878998072035503,2.5256131563218625,0.9693686737091473,min_distance_A<1.77527;normalized_void>0.946161
npt_pressure,5,,P-5GPa,Ti-potential/fcc-restart/04-npt-round-2/md/P-5GPa/multi_nnap_md.xyz,1080,0.2086234204,17.78842917,4.329913282,4.305510523,431,1.8605544973790347,2.5047601358692186,0.9595190682764614,normalized_void>0.946161
npt_pressure,5,,P-5GPa,Ti-potential/fcc-restart/04-npt-round-2/md/P-5GPa/multi_nnap_md.xyz,1081,0.1310516108,17.90440394,2.555321167,2.56683988,432,2.1028240770577824,2.5030243345422436,0.956779326322764,normalized_void>0.946161
npt_pressure,5,,P-5GPa,Ti-potential/fcc-restart/04-npt-round-2/md/P-5GPa/multi_nnap_md.xyz,1082,0.1408603485,18.02153444,2.449840315,2.484543909,433,2.0642133680446895,2.549111717811119,0.972280585729993,normalized_void>0.946161
npt_pressure,5,,P-5GPa,Ti-potential/fcc-restart/04-npt-round-2/md/P-5GPa/multi_nnap_md.xyz,1083,0.1785692179,18.12944572,2.589076164,2.545803552,434,1.9145356579193102,2.524195525329846,0.9608630297017142,normalized_void>0.946161
npt_pressure,5,,P-5GPa,Ti-potential/fcc-restart/04-npt-round-2/md/P-5GPa/multi_nnap_md.xyz,1084,0.2286441785,18.2225781,3.092688077,3.123776413,435,1.884806066137286,2.501605479878004,0.9506388224081597,normalized_void>0.946161
npt_pressure,5,,P-5GPa,Ti-potential/fcc-restart/04-npt-round-2/md/P-5GPa/multi_nnap_md.xyz,1131,0.5359917723,17.19462153,7.071042639,6.773855211,456,1.7303299378963906,2.302008715994356,0.8918861571089223,min_distance_A<1.77527
npt_pressure,5,,P-5GPa,Ti-potential/fcc-restart/04-npt-round-2/md/P-5GPa/multi_nnap_md.xyz,1132,0.3834443438,17.2089196,6.183266414,5.919542768,457,1.7645893008534337,2.3752635858474695,0.9200129538951418,min_distance_A<1.77527
npt_pressure,5,,P-5GPa,Ti-potential/fcc-restart/04-npt-round-2/md/P-5GPa/multi_nnap_md.xyz,1133,0.1528186588,17.25266767,4.167722997,4.172788027,458,1.980185817290095,2.461243169019141,0.9525090372459598,normalized_void>0.946161
npt_pressure,5,,P-5GPa,Ti-potential/fcc-restart/04-npt-round-2/md/P-5GPa/multi_nnap_md.xyz,1135,0.1917844602,17.43332207,3.504840749,3.475051106,459,1.9085052309343389,2.472647787646772,0.9536057780175193,normalized_void>0.946161
npt_pressure,5,,P-5GPa,Ti-potential/fcc-restart/04-npt-round-2/md/P-5GPa/multi_nnap_md.xyz,1136,0.3798118133,17.56481932,4.071420984,4.129632692,460,1.84502423113378,2.459798208122656,0.9462769291591194,normalized_void>0.946161
npt_pressure,5,,P-5GPa,Ti-potential/fcc-restart/04-npt-round-2/md/P-5GPa/multi_nnap_md.xyz,1152,0.2715372455,17.828011,3.554993835,3.710006764,474,1.9392105384163545,2.4792123212426462,0.9490288693070653,normalized_void>0.946161
npt_pressure,5,,P-5GPa,Ti-potential/fcc-restart/04-npt-round-2/md/P-5GPa/multi_nnap_md.xyz,1153,0.2899069273,17.6939451,4.469838694,4.472496486,475,1.838264485501178,2.487996983614685,0.9547909437585225,normalized_void>0.946161
npt_pressure,5,,P-5GPa,Ti-potential/fcc-restart/04-npt-round-2/md/P-5GPa/multi_nnap_md.xyz,1154,0.2400062787,17.57729723,4.619237603,4.646233113,476,1.8491978148147996,2.4907048112340506,0.9579398219438044,normalized_void>0.946161
npt_pressure,5,,P-5GPa,Ti-potential/fcc-restart/04-npt-round-2/md/P-5GPa/multi_nnap_md.xyz,1155,0.2285542598,17.48173994,4.144412005,4.135489644,477,1.9785942914716919,2.4756830842685824,0.9538941033293074,normalized_void>0.946161
npt_pressure,5,,P-5GPa,Ti-potential/fcc-restart/04-npt-round-2/md/P-5GPa/multi_nnap_md.xyz,1177,0.2425282105,17.63397144,5.92475704,5.809081185,491,1.768639813305875,2.4016489435146053,0.9226977916751969,min_distance_A<1.77527
npt_pressure,5,,P-5GPa,Ti-potential/fcc-restart/04-npt-round-2/md/P-5GPa/multi_nnap_md.xyz,1190,0.1972741179,17.77763936,3.33845171,3.354945935,504,1.9710565769887602,2.473505713784443,0.947737839509405,normalized_void>0.946161
npt_pressure,5,,P-5GPa,Ti-potential/fcc-restart/04-npt-round-2/md/P-5GPa/multi_nnap_md.xyz,1191,0.1974673354,17.88615537,3.828530551,3.897286899,505,1.9094204061178148,2.51079222357896,0.9600748842243597,normalized_void>0.946161
npt_pressure,5,,P-5GPa,Ti-potential/fcc-restart/04-npt-round-2/md/P-5GPa/multi_nnap_md.xyz,1192,0.1978862484,18.00145428,4.131089022,4.166441113,506,1.9314301115470325,2.4976644232838487,0.9530116812212548,normalized_void>0.946161
npt_pressure,5,,P-5GPa,Ti-potential/fcc-restart/04-npt-round-2/md/P-5GPa/multi_nnap_md.xyz,1193,0.1516329476,18.11749341,3.796101981,3.728207487,507,1.9970418957154632,2.4886787370273824,0.9475514486013015,normalized_void>0.946161
npt_pressure,5,,P-5GPa,Ti-potential/fcc-restart/04-npt-round-2/md/P-5GPa/multi_nnap_md.xyz,1201,0.1313544408,18.48392599,2.682486386,2.716522042,513,2.0407375382030275,2.5292394882705347,0.9565886274084605,normalized_void>0.946161
npt_pressure,5,,P-5GPa,Ti-potential/fcc-restart/04-npt-round-2/md/P-5GPa/multi_nnap_md.xyz,1202,0.1397085564,18.42389599,2.889411782,2.924114677,514,2.1509867540963694,2.5558698859920734,0.9677093041427323,normalized_void>0.946161
npt_pressure,5,,P-5GPa,Ti-potential/fcc-restart/04-npt-round-2/md/P-5GPa/multi_nnap_md.xyz,1203,0.1366514714,18.34870489,3.008210583,2.989796507,515,2.128846515661063,2.5630616816077882,0.9717560488134159,normalized_void>0.946161
npt_pressure,5,,P-5GPa,Ti-potential/fcc-restart/04-npt-round-2/md/P-5GPa/multi_nnap_md.xyz,1204,0.1550361157,18.26378089,3.316889196,3.363737545,516,2.026109615399572,2.5661368652838523,0.9744276220810726,normalized_void>0.946161
npt_pressure,5,,P-5GPa,Ti-potential/fcc-restart/04-npt-round-2/md/P-5GPa/multi_nnap_md.xyz,1205,0.1664476934,18.1735736,3.847141929,3.887163531,517,1.9371255129758642,2.524147676616713,0.960066498488666,normalized_void>0.946161
npt_pressure,5,,P-5GPa,Ti-potential/fcc-restart/04-npt-round-2/md/P-5GPa/multi_nnap_md.xyz,1264,0.2582038,17.31057555,2.985388361,3.132321651,560,1.8775047060374757,2.4652187696965995,0.9529825824457727,normalized_void>0.946161
npt_pressure,5,,P-5GPa,Ti-potential/fcc-restart/04-npt-round-2/md/P-5GPa/multi_nnap_md.xyz,1265,0.2460017831,17.22257896,3.093502843,3.047263835,561,2.0253618500974775,2.490777407489754,0.964499905886758,normalized_void>0.946161
npt_pressure,5,,P-5GPa,Ti-potential/fcc-restart/04-npt-round-2/md/P-5GPa/multi_nnap_md.xyz,1266,0.2306941377,17.15708374,2.841826954,2.677920282,562,2.0655687506863734,2.4907579236700066,0.965718083000777,normalized_void>0.946161
npt_pressure,5,,P-5GPa,Ti-potential/fcc-restart/04-npt-round-2/md/P-5GPa/multi_nnap_md.xyz,1267,0.1781459172,17.11793651,3.089200511,3.019010796,563,2.0559864152181464,2.445914277745876,0.9490536455177953,normalized_void>0.946161
npt_pressure,5,,P-5GPa,Ti-potential/fcc-restart/04-npt-round-2/md/P-5GPa/multi_nnap_md.xyz,1276,0.2044179308,17.72356381,4.850491678,4.683342716,572,2.026222533141504,2.5071239400787038,0.9615948296999012,normalized_void>0.946161
npt_pressure,5,,P-5GPa,Ti-potential/fcc-restart/04-npt-round-2/md/P-5GPa/multi_nnap_md.xyz,1277,0.1454113948,17.86240396,4.319724808,4.253145719,573,2.071312351400847,2.560566756986463,0.9795414103402494,normalized_void>0.946161
npt_pressure,5,,P-5GPa,Ti-potential/fcc-restart/04-npt-round-2/md/P-5GPa/multi_nnap_md.xyz,1278,0.1328981099,17.99273635,3.039925714,2.962062616,574,2.0945248233583804,2.5157342259996267,0.9600614235179409,normalized_void>0.946161
npt_pressure,5,,P-5GPa,Ti-potential/fcc-restart/04-npt-round-2/md/P-5GPa/multi_nnap_md.xyz,1340,0.1485536174,17.37483245,2.962268985,2.961766601,620,2.0930408531441245,2.515301434667,0.9711429537590556,normalized_void>0.946161
npt_pressure,5,,P-5GPa,Ti-potential/fcc-restart/04-npt-round-2/md/P-5GPa/multi_nnap_md.xyz,1341,0.1652994458,17.25858804,3.053051804,3.204996485,621,2.0130866179775975,2.5470808928345567,0.985615785628826,normalized_void>0.946161
npt_pressure,5,,P-5GPa,Ti-potential/fcc-restart/04-npt-round-2/md/P-5GPa/multi_nnap_md.xyz,1342,0.1545926423,17.16367735,3.268478763,3.396512288,622,2.0013749415069353,2.5677490675487076,0.9954416307223777,normalized_void>0.946161
npt_pressure,5,,P-5GPa,Ti-potential/fcc-restart/04-npt-round-2/md/P-5GPa/multi_nnap_md.xyz,1343,0.129235395,17.09276046,2.89955392,2.906739104,623,2.0559651878477223,2.5299601078257106,0.982146495071293,normalized_void>0.946161
npt_pressure,5,,P-5GPa,Ti-potential/fcc-restart/04-npt-round-2/md/P-5GPa/multi_nnap_md.xyz,1428,0.1934413023,17.05083034,3.555326122,3.472088896,680,2.0183919657396494,2.4402152669670807,0.9480828606607477,normalized_void>0.946161
npt_pressure,5,,P-5GPa,Ti-potential/fcc-restart/04-npt-round-2/md/P-5GPa/multi_nnap_md.xyz,1436,0.3854313048,18.3947984,6.596524849,6.451911774,688,1.7583282337886579,2.409070652500009,0.9126085352894086,min_distance_A<1.77527
npt_pressure,5,,P-5GPa,Ti-potential/fcc-restart/04-npt-round-2/md/P-5GPa/multi_nnap_md.xyz,1494,0.4812477558,18.47551247,5.327796078,5.479519953,735,1.7750513459363493,2.327116740587275,0.8802769685790228,min_distance_A<1.77527
npt_pressure,5,,P-5GPa,Ti-potential/fcc-restart/04-npt-round-2/md/P-5GPa/multi_nnap_md.xyz,1502,0.7655758626,18.07175381,6.361308425,6.422489819,740,1.7091915874776544,2.3401133399267415,0.8917370103377543,min_distance_A<1.77527
npt_pressure,5,,P-5GPa,Ti-potential/fcc-restart/04-npt-round-2/md/P-5GPa/multi_nnap_md.xyz,1546,0.2004498528,18.42232522,3.397332272,3.447292062,774,1.9346974048587222,2.5462001667502054,0.9640755317896784,normalized_void>0.946161
npt_pressure,5,,P-5GPa,Ti-potential/fcc-restart/04-npt-round-2/md/P-5GPa/multi_nnap_md.xyz,1547,0.1961279379,18.67140906,3.375539428,3.399786429,775,1.9795952889881137,2.638970471504828,0.9947382841989612,normalized_void>0.946161
npt_pressure,5,,P-5GPa,Ti-potential/fcc-restart/04-npt-round-2/md/P-5GPa/multi_nnap_md.xyz,1548,0.2050702346,18.89316437,3.32779882,3.310295232,776,2.0543515641259904,2.719693777172679,1.0211395719421272,normalized_void>0.946161
npt_pressure,5,,P-5GPa,Ti-potential/fcc-restart/04-npt-round-2/md/P-5GPa/multi_nnap_md.xyz,1549,0.2607473881,19.07550853,3.233735519,3.471417351,777,1.987625716897861,2.7616192052233397,1.0335664878278543,normalized_void>0.946161
npt_pressure,5,,P-5GPa,Ti-potential/fcc-restart/04-npt-round-2/md/P-5GPa/multi_nnap_md.xyz,1550,0.2880717534,19.20496628,3.444301129,3.613627154,778,1.9728437847134228,2.7658761898129147,1.0328285142494453,normalized_void>0.946161
npt_pressure,5,,P-5GPa,Ti-potential/fcc-restart/04-npt-round-2/md/P-5GPa/multi_nnap_md.xyz,1551,0.2402677869,19.26817771,3.097462609,3.190410836,779,2.0212929155069665,2.7413079827978173,1.0225336676255008,normalized_void>0.946161
npt_pressure,5,,P-5GPa,Ti-potential/fcc-restart/04-npt-round-2/md/P-5GPa/multi_nnap_md.xyz,1552,0.1334335257,19.25488687,2.48129548,2.473419535,780,2.111848909076159,2.682047360206058,1.0006590296609317,normalized_void>0.946161
npt_pressure,5,,P-5GPa,Ti-potential/fcc-restart/04-npt-round-2/md/P-5GPa/multi_nnap_md.xyz,1558,1.240129994,17.78851034,8.063741099,7.551947996,784,1.6669730509330118,2.3772395991144855,0.9106673421082783,min_distance_A<1.77527
npt_pressure,5,,P-5GPa,Ti-potential/fcc-restart/04-npt-round-2/md/P-5GPa/multi_nnap_md.xyz,1559,0.6684572802,17.43958626,5.398489604,5.220662593,785,1.7448857700245293,2.3715178545556808,0.9144943069925169,min_distance_A<1.77527
npt_pressure,5,,P-5GPa,Ti-potential/fcc-restart/04-npt-round-2/md/P-5GPa/multi_nnap_md.xyz,1571,0.1418676288,17.66026638,3.191754258,3.096531503,797,2.101331496557826,2.4758304089946157,0.9507255005264468,normalized_void>0.946161
npt_pressure,5,,P-5GPa,Ti-potential/fcc-restart/04-npt-round-2/md/P-5GPa/multi_nnap_md.xyz,1572,0.1531168942,18.05207893,3.009635563,2.999382852,798,1.9965273767708163,2.5414671039667507,0.9688177448599667,normalized_void>0.946161
npt_pressure,5,,P-5GPa,Ti-potential/fcc-restart/04-npt-round-2/md/P-5GPa/multi_nnap_md.xyz,1573,0.1675787588,18.43923893,3.136727923,3.026464944,799,1.9716976446424967,2.592776806506257,0.9814107313352652,normalized_void>0.946161
npt_pressure,5,,P-5GPa,Ti-potential/fcc-restart/04-npt-round-2/md/P-5GPa/multi_nnap_md.xyz,1574,0.1665360486,18.80384744,3.873389606,3.902020529,800,1.982927472098837,2.6273838628018584,0.9880402157887821,normalized_void>0.946161
npt_pressure,5,,P-5GPa,Ti-potential/fcc-restart/04-npt-round-2/md/P-5GPa/multi_nnap_md.xyz,1575,0.1689656642,19.12723676,4.07340824,4.01661198,801,1.9183520992873637,2.6054379002597314,0.9742340743256009,normalized_void>0.946161
npt_pressure,5,,P-5GPa,Ti-potential/fcc-restart/04-npt-round-2/md/P-5GPa/multi_nnap_md.xyz,1576,0.1421506647,19.38999375,3.440934954,3.404497325,802,1.9104885383001429,2.5745450633946225,0.9583142399079068,normalized_void>0.946161
npt_pressure,5,,P-5GPa,Ti-potential/fcc-restart/04-npt-round-2/md/P-5GPa/multi_nnap_md.xyz,1621,0.3767207789,16.55505177,3.790648267,3.694517381,832,1.8857269893736857,2.435266055438323,0.9555121949358738,normalized_void>0.946161
npt_pressure,5,,P-5GPa,Ti-potential/fcc-restart/04-npt-round-2/md/P-5GPa/multi_nnap_md.xyz,1622,0.2645461789,16.71541476,3.126469743,3.150801944,833,1.9246798469118667,2.4757439933520278,0.9682778896027432,normalized_void>0.946161
npt_pressure,5,,P-5GPa,Ti-potential/fcc-restart/04-npt-round-2/md/P-5GPa/multi_nnap_md.xyz,1630,0.1399073363,19.07109938,2.777426918,2.729922131,839,2.0113003961926124,2.575936702192123,0.9641470510863419,normalized_void>0.946161
npt_pressure,5,,P-5GPa,Ti-potential/fcc-restart/04-npt-round-2/md/P-5GPa/multi_nnap_md.xyz,1631,0.1745053764,19.23554575,2.911687572,3.060079015,840,1.9212131550037954,2.6097734042164857,0.974020199495778,normalized_void>0.946161
npt_pressure,5,,P-5GPa,Ti-potential/fcc-restart/04-npt-round-2/md/P-5GPa/multi_nnap_md.xyz,1632,0.1608101889,19.334178,2.75138249,2.740896664,841,1.9468995100290993,2.630513178057901,0.9800883891706124,normalized_void>0.946161
npt_pressure,5,,P-5GPa,Ti-potential/fcc-restart/04-npt-round-2/md/P-5GPa/multi_nnap_md.xyz,1633,0.1551836106,19.36292637,2.624698773,2.574272778,842,2.0425386764465574,2.6413117989648787,0.9836245056816352,normalized_void>0.946161
npt_pressure,5,,P-5GPa,Ti-potential/fcc-restart/04-npt-round-2/md/P-5GPa/multi_nnap_md.xyz,1634,0.2356641273,19.32207111,2.867131065,2.82240612,843,1.931291914228286,2.645386092507622,0.985835623210059,normalized_void>0.946161
npt_pressure,5,,P-5GPa,Ti-potential/fcc-restart/04-npt-round-2/md/P-5GPa/multi_nnap_md.xyz,1635,0.2569196908,19.21763832,3.093071279,2.93089067,844,1.926069119265827,2.6563913107544908,0.9917267912175767,normalized_void>0.946161
npt_pressure,5,,P-5GPa,Ti-potential/fcc-restart/04-npt-round-2/md/P-5GPa/multi_nnap_md.xyz,1636,0.2678974749,19.06016002,2.783344777,2.725029074,845,1.9723662215699227,2.6428848312944275,0.9893942700354048,normalized_void>0.946161
npt_pressure,5,,P-5GPa,Ti-potential/fcc-restart/04-npt-round-2/md/P-5GPa/multi_nnap_md.xyz,1637,0.2310771118,18.86328436,2.911053804,2.722383501,846,1.929856212755329,2.6042039471443093,0.9782936222107624,normalized_void>0.946161
npt_pressure,5,,P-5GPa,Ti-potential/fcc-restart/04-npt-round-2/md/P-5GPa/multi_nnap_md.xyz,1638,0.1517148615,18.64117622,2.697916323,2.650946839,847,1.9717465820597584,2.5498580699226197,0.9616674210234537,normalized_void>0.946161
npt_pressure,5,,P-5GPa,Ti-potential/fcc-restart/04-npt-round-2/md/P-5GPa/multi_nnap_md.xyz,1694,0.134129471,18.19500172,3.2892219,3.237501868,886,2.036199481038551,2.510918865490793,0.9546598240844615,normalized_void>0.946161
npt_pressure,5,,P-5GPa,Ti-potential/fcc-restart/04-npt-round-2/md/P-5GPa/multi_nnap_md.xyz,1695,0.1773869096,18.05071884,3.199444344,3.103290322,887,2.004361216273473,2.5420897407188665,0.9690794349281328,normalized_void>0.946161
npt_pressure,5,,P-5GPa,Ti-potential/fcc-restart/04-npt-round-2/md/P-5GPa/multi_nnap_md.xyz,1696,0.1855350158,17.89795964,3.292979108,3.370383349,888,1.972326391051996,2.5924491014504394,0.9910808022232628,normalized_void>0.946161
npt_pressure,5,,P-5GPa,Ti-potential/fcc-restart/04-npt-round-2/md/P-5GPa/multi_nnap_md.xyz,1697,0.2307012077,17.74246768,4.307822666,4.346117142,889,1.8531715661798958,2.5506525379476392,0.9779424393002221,normalized_void>0.946161
npt_pressure,5,,P-5GPa,Ti-potential/fcc-restart/04-npt-round-2/md/P-5GPa/multi_nnap_md.xyz,1698,0.1909898931,17.59110045,3.239530508,3.249675293,890,1.8986091452037304,2.4715288891396043,0.950315957047076,normalized_void>0.946161
npt_pressure,5,,P-5GPa,Ti-potential/fcc-restart/04-npt-round-2/md/P-5GPa/multi_nnap_md.xyz,1730,0.6300414645,17.1648391,7.363331598,6.803661541,915,1.7235302999127615,2.192835180972177,0.8500792419703863,min_distance_A<1.77527
npt_pressure,5,,P-5GPa,Ti-potential/fcc-restart/04-npt-round-2/md/P-5GPa/multi_nnap_md.xyz,1765,0.1369602834,18.06998039,3.230206232,3.202803179,930,2.099962342472233,2.501745778356163,0.9533607803300505,normalized_void>0.946161
npt_pressure,5,,P-5GPa,Ti-potential/fcc-restart/04-npt-round-2/md/P-5GPa/multi_nnap_md.xyz,1856,0.1340969595,17.43617567,3.431795168,3.501862923,994,1.9868890114517952,2.4720102659149257,0.9533078985839187,normalized_void>0.946161
npt_pressure,5,,P-5GPa,Ti-potential/fcc-restart/04-npt-round-2/md/P-5GPa/multi_nnap_md.xyz,1857,0.1309733945,17.41193029,3.823870553,3.705094147,995,1.9913068787191393,2.470009137970813,0.9529780992844913,normalized_void>0.946161
npt_pressure,5,,P-5GPa,Ti-potential/fcc-restart/04-npt-round-2/md/P-5GPa/multi_nnap_md.xyz,1876,0.1389601422,17.68049939,3.406339926,3.430376399,997,2.0261665505059065,2.4695462774020216,0.9479504994177589,normalized_void>0.946161
npt_pressure,5,,P-5GPa,Ti-potential/fcc-restart/04-npt-round-2/md/P-5GPa/multi_nnap_md.xyz,1877,0.142542708,17.7641504,2.686522266,2.722343434,998,2.0412868566190387,2.488096702511464,0.9535696979533802,normalized_void>0.946161
npt_pressure,5,,P-5GPa,Ti-potential/fcc-restart/04-npt-round-2/md/P-5GPa/multi_nnap_md.xyz,1878,0.1568673267,17.84315281,2.68925136,2.736768226,999,2.0945331283792465,2.4873601519724686,0.9518784051091981,normalized_void>0.946161
npt_pressure,5,,P-5GPa,Ti-potential/fcc-restart/04-npt-round-2/md/P-5GPa/multi_nnap_md.xyz,1879,0.1452892223,17.91334044,2.936068386,2.905102706,1000,2.1756505834430255,2.477735432792825,0.9469551383699609,normalized_void>0.946161
npt_pressure,5,,P-5GPa,Ti-potential/fcc-restart/04-npt-round-2/md/P-5GPa/multi_nnap_md.xyz,1920,0.166725761,17.4081703,3.245160903,3.29041272,1035,2.0160742253678943,2.477846012926924,0.9560705435836465,normalized_void>0.946161
npt_pressure,5,,P-5GPa,Ti-potential/fcc-restart/04-npt-round-2/md/P-5GPa/multi_nnap_md.xyz,1921,0.1408975017,17.3649741,3.658651856,3.783301905,1036,2.0091654516514454,2.5157100671068173,0.9714844967629818,normalized_void>0.946161
npt_pressure,5,,P-5GPa,Ti-potential/fcc-restart/04-npt-round-2/md/P-5GPa/multi_nnap_md.xyz,1922,0.1916152636,17.33815477,3.491598967,3.559865284,1037,1.9808283994488367,2.4979170495270027,0.9651105293469678,normalized_void>0.946161
npt_pressure,5,,P-5GPa,Ti-potential/fcc-restart/04-npt-round-2/md/P-5GPa/multi_nnap_md.xyz,1938,0.1378656307,17.85572442,3.325587088,3.304337453,1050,1.9789220170798403,2.4778008491442303,0.9479976029978082,normalized_void>0.946161
npt_pressure,5,,P-5GPa,Ti-potential/fcc-restart/04-npt-round-2/md/P-5GPa/multi_nnap_md.xyz,1939,0.1524280391,17.80178672,4.299636335,4.155880724,1051,1.9582555951443272,2.489480714408877,0.9534272674643611,normalized_void>0.946161
npt_pressure,5,,P-5GPa,Ti-potential/fcc-restart/04-npt-round-2/md/P-5GPa/multi_nnap_md.xyz,1940,0.162606518,17.7613618,4.148590034,4.004783177,1052,2.0029361466348052,2.492791938030014,0.9554191557994964,normalized_void>0.946161
npt_pressure,5,,P-5GPa,Ti-potential/fcc-restart/04-npt-round-2/md/P-5GPa/multi_nnap_md.xyz,1941,0.1374346173,17.73749887,2.843034911,2.884082162,1053,2.0845328497935185,2.480031011477873,0.9509543102034768,normalized_void>0.946161
npt_pressure,5,,P-5GPa,Ti-potential/fcc-restart/04-npt-round-2/md/P-5GPa/multi_nnap_md.xyz,1958,2.127907603,17.35257107,7.9297818,7.740926214,1068,1.6511124183252832,2.3961857391615022,0.9255485439180419,min_distance_A<1.77527
npt_pressure,5,,P-5GPa,Ti-potential/fcc-restart/04-npt-round-2/md/P-5GPa/multi_nnap_md.xyz,1959,0.3122092555,17.42352653,5.046865773,4.967361643,1069,1.747206631231227,2.414843532799769,0.9314873814837824,min_distance_A<1.77527
npt_pressure,5,,P-5GPa,Ti-potential/fcc-restart/04-npt-round-2/md/P-5GPa/multi_nnap_md.xyz,1971,0.4949995931,18.10588964,5.063809518,4.976521508,1079,1.8206835255230758,2.517580014876746,0.958760189833664,normalized_void>0.946161
npt_pressure,5,,P-5GPa,Ti-potential/fcc-restart/04-npt-round-2/md/P-5GPa/multi_nnap_md.xyz,1972,0.5521237638,18.0991048,5.569346076,5.455398679,1080,1.784442958659851,2.534839901766197,0.9654538156697963,normalized_void>0.946161
npt_pressure,5,,P-5GPa,Ti-potential/fcc-restart/04-npt-round-2/md/P-5GPa/multi_nnap_md.xyz,1973,0.262775079,18.09235091,3.83424026,3.86472282,1081,1.8919866519710982,2.52524522961484,0.9619191228213235,normalized_void>0.946161
npt_pressure,5,,P-5GPa,Ti-potential/fcc-restart/04-npt-round-2/md/P-5GPa/multi_nnap_md.xyz,2025,0.1504592485,18.38319752,2.971481508,3.098569757,1116,1.9974972225813317,2.5046835093801585,0.9490283189026385,normalized_void>0.946161
npt_pressure,5,,P-5GPa,Ti-potential/fcc-restart/04-npt-round-2/md/P-5GPa/multi_nnap_md.xyz,2026,0.1577666821,18.43005945,2.495246893,2.640437648,1117,2.0430996405460484,2.5161063554393586,0.9525477364096644,normalized_void>0.946161
npt_pressure,5,,P-5GPa,Ti-potential/fcc-restart/04-npt-round-2/md/P-5GPa/multi_nnap_md.xyz,2035,0.9227627743,17.87183776,8.720758638,9.686432514,1124,1.6958051425968268,2.502682630418587,0.9572294280938626,min_distance_A<1.77527;normalized_void>0.946161
npt_pressure,5,,P-5GPa,Ti-potential/fcc-restart/04-npt-round-2/md/P-5GPa/multi_nnap_md.xyz,2036,0.1816061507,17.78020656,5.306045023,5.301341639,1125,1.8540944462322455,2.4989628972235582,0.9574458199107351,normalized_void>0.946161
npt_pressure,5,,P-5GPa,Ti-potential/fcc-restart/04-npt-round-2/md/P-5GPa/multi_nnap_md.xyz,2037,0.2405063761,17.70687118,3.860965209,3.866916515,1126,1.9903139724307375,2.482008811304188,0.9522610985861567,normalized_void>0.946161
npt_pressure,5,,P-5GPa,Ti-potential/fcc-restart/04-npt-round-2/md/P-5GPa/multi_nnap_md.xyz,2040,0.5111006471,17.58963303,7.935328897,7.877629303,1129,1.7301502958435262,2.343385659659149,0.9010692620020517,min_distance_A<1.77527
npt_pressure,5,,P-5GPa,Ti-potential/fcc-restart/04-npt-round-2/md/P-5GPa/multi_nnap_md.xyz,2089,0.1328754597,18.07616742,2.976231733,2.939471022,1161,1.9942989728425369,2.5057231772241777,0.9547675244058367,normalized_void>0.946161
npt_pressure,5,,P-5GPa,Ti-potential/fcc-restart/04-npt-round-2/md/P-5GPa/multi_nnap_md.xyz,2119,0.4517064376,18.30205114,5.827705185,5.621948387,1187,1.7722872901359885,2.383177403340843,0.9043220441171181,min_distance_A<1.77527
npt_pressure,5,,P-5GPa,Ti-potential/fcc-restart/04-npt-round-2/md/P-5GPa/multi_nnap_md.xyz,2120,0.7936919352,18.32795786,8.094298801,8.396531925,1188,1.719108900051165,2.3523941722359276,0.8922202357875162,min_distance_A<1.77527
npt_pressure,5,,P-5GPa,Ti-potential/fcc-restart/04-npt-round-2/md/P-5GPa/multi_nnap_md.xyz,2155,0.347750974,17.41993989,5.521990794,5.670152706,1215,1.7599362622040562,2.283750656529461,0.8809808493205951,min_distance_A<1.77527
npt_pressure,5,,P-5GPa,Ti-potential/fcc-restart/04-npt-round-2/md/P-5GPa/multi_nnap_md.xyz,2178,0.1304851054,18.1606215,3.227378751,3.441976181,1238,2.1097485604220068,2.4918079146675396,0.9479912422130625,normalized_void>0.946161
npt_pressure,5,,P-5GPa,Ti-potential/fcc-restart/04-npt-round-2/md/P-5GPa/multi_nnap_md.xyz,2210,0.2735992542,17.60011308,3.383353074,3.403860018,1266,1.8287706890970905,2.48833170681964,0.9566133867920363,normalized_void>0.946161
npt_pressure,5,,P-5GPa,Ti-potential/fcc-restart/04-npt-round-2/md/P-5GPa/multi_nnap_md.xyz,2214,0.5244870959,17.42401102,5.353006254,5.647136305,1269,1.7628257960006368,2.3843606701507856,0.9197205786250819,min_distance_A<1.77527
npt_pressure,5,,P-5GPa,Ti-potential/fcc-restart/04-npt-round-2/md/P-5GPa/multi_nnap_md.xyz,2260,0.1440465276,18.07562732,2.849829072,2.821359506,1303,2.0643596028493936,2.4988766181802116,0.9521682310120928,normalized_void>0.946161
npt_pressure,5,,P-5GPa,Ti-potential/fcc-restart/04-npt-round-2/md/P-5GPa/multi_nnap_md.xyz,2305,1.364803487,17.83199584,9.112450353,7.993823157,1334,1.6506675107165005,2.3013020019631485,0.8808601518063055,min_distance_A<1.77527
npt_pressure,5,,P-5GPa,Ti-potential/fcc-restart/04-npt-round-2/md/P-5GPa/multi_nnap_md.xyz,2345,0.1315147727,18.20335749,3.33634778,3.366985663,1363,2.064392299695024,2.490662119189874,0.9468132265907664,normalized_void>0.946161
npt_pressure,5,,P-5GPa,Ti-potential/fcc-restart/04-npt-round-2/md/P-5GPa/multi_nnap_md.xyz,2354,0.1796701211,17.14350109,4.033533843,4.08444467,1372,1.9613621730661273,2.4692396852861744,0.9576277926068111,normalized_void>0.946161
npt_pressure,5,,P-5GPa,Ti-potential/fcc-restart/04-npt-round-2/md/P-5GPa/multi_nnap_md.xyz,2355,0.1848021743,17.17882683,4.244270988,4.290931964,1373,1.9229110325765093,2.476353949334096,0.9597281173808212,normalized_void>0.946161
npt_pressure,5,,P-5GPa,Ti-potential/fcc-restart/04-npt-round-2/md/P-5GPa/multi_nnap_md.xyz,2356,0.2525098034,17.26433214,3.97124713,3.971855196,1374,1.9910582184911676,2.469133212398613,0.9553472556345138,normalized_void>0.946161
npt_pressure,5,,P-5GPa,Ti-potential/fcc-restart/04-npt-round-2/md/P-5GPa/multi_nnap_md.xyz,2425,0.1682055878,17.83453142,3.182110823,3.197844846,1419,2.0251347189764473,2.560165158759255,0.9798977230724317,normalized_void>0.946161
npt_pressure,5,,P-5GPa,Ti-potential/fcc-restart/04-npt-round-2/md/P-5GPa/multi_nnap_md.xyz,2426,0.1756078359,17.68615677,2.731899398,2.706203067,1420,1.9165578297143147,2.5754650295966393,0.9885026407246018,normalized_void>0.946161
npt_pressure,5,,P-5GPa,Ti-potential/fcc-restart/04-npt-round-2/md/P-5GPa/multi_nnap_md.xyz,2427,0.2011966619,17.53899108,2.890283718,2.861606759,1421,1.8776331982963481,2.5655258133833825,0.9874342483823305,normalized_void>0.946161
npt_pressure,5,,P-5GPa,Ti-potential/fcc-restart/04-npt-round-2/md/P-5GPa/multi_nnap_md.xyz,2428,0.1859714072,17.40358381,3.14518628,3.072306505,1422,1.9143294996266933,2.539222358967526,0.9798385091183853,normalized_void>0.946161
npt_pressure,5,,P-5GPa,Ti-potential/fcc-restart/04-npt-round-2/md/P-5GPa/multi_nnap_md.xyz,2429,0.1884120232,17.29050762,4.222851876,4.182271427,1423,1.9149180720702863,2.515301093705754,0.9727189987979898,normalized_void>0.946161
npt_pressure,5,,P-5GPa,Ti-potential/fcc-restart/04-npt-round-2/md/P-5GPa/multi_nnap_md.xyz,2430,0.1706080876,17.20833445,4.107253351,4.116461564,1424,1.9212394720429988,2.4801999530488215,0.9606689387028445,normalized_void>0.946161
npt_pressure,5,,P-5GPa,Ti-potential/fcc-restart/04-npt-round-2/md/P-5GPa/multi_nnap_md.xyz,2440,0.497719807,17.85755594,4.05168068,3.72784528,1434,1.8259647150553628,2.495258514056182,0.954644203117108,normalized_void>0.946161
npt_pressure,5,,P-5GPa,Ti-potential/fcc-restart/04-npt-round-2/md/P-5GPa/multi_nnap_md.xyz,2441,0.3680293333,17.99404337,4.255849139,4.230704215,1435,1.9135519484575694,2.5513683894880637,0.9736366562009486,normalized_void>0.946161
npt_pressure,5,,P-5GPa,Ti-potential/fcc-restart/04-npt-round-2/md/P-5GPa/multi_nnap_md.xyz,2442,0.1862671615,18.14167586,3.547812377,3.64705137,1436,2.0701009800534043,2.5726270376605958,0.9790789090431308,normalized_void>0.946161
npt_pressure,5,,P-5GPa,Ti-potential/fcc-restart/04-npt-round-2/md/P-5GPa/multi_nnap_md.xyz,2443,0.1414916114,18.29445583,3.172576542,3.149483141,1437,2.095724536612264,2.5547688868055407,0.969568401270396,normalized_void>0.946161
npt_pressure,5,,P-5GPa,Ti-potential/fcc-restart/04-npt-round-2/md/P-5GPa/multi_nnap_md.xyz,2444,0.1373387478,18.440215,3.020788992,3.075280864,1438,1.966818399178386,2.523461784496642,0.9551569468930199,normalized_void>0.946161
npt_pressure,5,,P-5GPa,Ti-potential/fcc-restart/04-npt-round-2/md/P-5GPa/multi_nnap_md.xyz,2457,0.2166489977,17.25765633,3.417589494,3.296554164,1447,1.9076268344967988,2.458037102223902,0.951176609443388,normalized_void>0.946161
npt_pressure,5,,P-5GPa,Ti-potential/fcc-restart/04-npt-round-2/md/P-5GPa/multi_nnap_md.xyz,2458,0.2744961923,17.10099117,3.751791697,3.650657565,1448,1.8552824734461526,2.450290427760239,0.9510655904494429,normalized_void>0.946161
npt_pressure,5,,P-5GPa,Ti-potential/fcc-restart/04-npt-round-2/md/P-5GPa/multi_nnap_md.xyz,2459,0.2230823944,16.97414612,3.021771883,3.078707225,1449,1.9176700375490636,2.437492482670212,0.9484489778914748,normalized_void>0.946161
npt_pressure,5,,P-5GPa,Ti-potential/fcc-restart/04-npt-round-2/md/P-5GPa/multi_nnap_md.xyz,2513,0.4079675928,17.96312533,6.856107911,6.856556423,1484,1.7281319375703927,2.3799245055308376,0.9087321240638132,min_distance_A<1.77527
npt_pressure,5,,P-5GPa,Ti-potential/fcc-restart/04-npt-round-2/md/P-5GPa/multi_nnap_md.xyz,2523,0.1475244191,17.27894167,2.967390897,2.965802714,1494,1.98355855334537,2.4782765573775944,0.9586146371434455,normalized_void>0.946161
npt_pressure,5,,P-5GPa,Ti-potential/fcc-restart/04-npt-round-2/md/P-5GPa/multi_nnap_md.xyz,2524,0.1480026669,17.35622541,2.659527301,2.666403259,1495,2.075727256171314,2.52216388919489,0.9741403727806667,normalized_void>0.946161
npt_pressure,5,,P-5GPa,Ti-potential/fcc-restart/04-npt-round-2/md/P-5GPa/multi_nnap_md.xyz,2525,0.1849002025,17.44667899,2.991404154,3.023718261,1496,2.0275955404833645,2.563322010653831,0.9883230174856756,normalized_void>0.946161
npt_pressure,5,,P-5GPa,Ti-potential/fcc-restart/04-npt-round-2/md/P-5GPa/multi_nnap_md.xyz,2526,0.294322383,17.54537078,3.733537846,3.825067388,1497,1.929761556984081,2.6008896867100195,1.0009239530628986,normalized_void>0.946161
npt_pressure,5,,P-5GPa,Ti-potential/fcc-restart/04-npt-round-2/md/P-5GPa/multi_nnap_md.xyz,2527,0.2663870096,17.64850323,3.913228843,4.112532254,1498,1.9030889177028676,2.567048867399379,0.9859725933621074,normalized_void>0.946161
npt_pressure,5,,P-5GPa,Ti-potential/fcc-restart/04-npt-round-2/md/P-5GPa/multi_nnap_md.xyz,2528,0.1983593772,17.75059207,3.453494001,3.644078713,1499,1.952122026353993,2.491572363784687,0.9551448181670894,normalized_void>0.946161
npt_pressure,5,,P-5GPa,Ti-potential/fcc-restart/04-npt-round-2/md/P-5GPa/multi_nnap_md.xyz,2613,0.1369561806,18.47862289,3.001543982,2.973897784,1551,2.00634845058696,2.556807723022796,0.9671077612369139,normalized_void>0.946161
npt_pressure,5,,P-5GPa,Ti-potential/fcc-restart/04-npt-round-2/md/P-5GPa/multi_nnap_md.xyz,2614,0.2270455448,18.60978217,3.583358666,3.524533735,1552,1.9383660522140935,2.5505954067429704,0.9624861231178002,normalized_void>0.946161
npt_pressure,5,,P-5GPa,Ti-potential/fcc-restart/04-npt-round-2/md/P-5GPa/multi_nnap_md.xyz,2615,0.2054094924,18.72801792,3.731194438,3.753408675,1553,1.9606658087792062,2.5395785382800886,0.9563078252351844,normalized_void>0.946161
npt_pressure,5,,P-5GPa,Ti-potential/fcc-restart/04-npt-round-2/md/P-5GPa/multi_nnap_md.xyz,2616,0.1712584599,18.82679006,3.509688976,3.556816204,1554,2.057049240507128,2.5280567030941965,0.9503014330418367,normalized_void>0.946161
npt_pressure,5,,P-5GPa,Ti-potential/fcc-restart/04-npt-round-2/md/P-5GPa/multi_nnap_md.xyz,2617,0.1620330654,18.89646516,3.906977918,3.872927004,1555,1.990725262869409,2.5251001761781886,0.9480220132660845,normalized_void>0.946161
npt_pressure,5,,P-5GPa,Ti-potential/fcc-restart/04-npt-round-2/md/P-5GPa/multi_nnap_md.xyz,2618,0.1890928827,18.9255946,3.799145284,3.888300811,1556,1.8996725556994136,2.526943811716039,0.9482271970190432,normalized_void>0.946161
npt_pressure,5,,P-5GPa,Ti-potential/fcc-restart/04-npt-round-2/md/P-5GPa/multi_nnap_md.xyz,2619,0.221947935,18.90365472,2.905992083,2.949930315,1557,1.9197479286620065,2.5312690621698333,0.9502175610496449,normalized_void>0.946161
npt_pressure,5,,P-5GPa,Ti-potential/fcc-restart/04-npt-round-2/md/P-5GPa/multi_nnap_md.xyz,2620,0.253469261,18.82392793,2.779946198,3.047964615,1558,2.0465738650734377,2.5277952431346,0.9502513058365774,normalized_void>0.946161
npt_pressure,5,,P-5GPa,Ti-potential/fcc-restart/04-npt-round-2/md/P-5GPa/multi_nnap_md.xyz,2621,0.2164991386,18.68764848,2.680908886,2.893970617,1559,2.079684934005418,2.5391970956417516,0.9568522018501,normalized_void>0.946161
npt_pressure,5,,P-5GPa,Ti-potential/fcc-restart/04-npt-round-2/md/P-5GPa/multi_nnap_md.xyz,2622,0.1805237394,18.5049401,3.213289599,3.204894159,1560,2.0204179045127937,2.550373285514082,0.9642164194093883,normalized_void>0.946161
npt_pressure,5,,P-5GPa,Ti-potential/fcc-restart/04-npt-round-2/md/P-5GPa/multi_nnap_md.xyz,2623,0.1845305716,18.29134593,3.346223903,3.349330458,1561,2.0193616459057826,2.5613283140051295,0.9721128769992463,normalized_void>0.946161
npt_pressure,5,,P-5GPa,Ti-potential/fcc-restart/04-npt-round-2/md/P-5GPa/multi_nnap_md.xyz,2624,0.1756731798,18.0636656,3.023074367,3.052801243,1562,2.067332539909935,2.580487539573784,0.9834821259243414,normalized_void>0.946161
npt_pressure,5,,P-5GPa,Ti-potential/fcc-restart/04-npt-round-2/md/P-5GPa/multi_nnap_md.xyz,2625,0.1802887863,17.83708114,2.815311127,2.766440631,1563,1.9788477129674935,2.5789674399715934,0.9870472204165402,normalized_void>0.946161
npt_pressure,5,,P-5GPa,Ti-potential/fcc-restart/04-npt-round-2/md/P-5GPa/multi_nnap_md.xyz,2626,0.1720611253,17.62387379,3.225599382,3.152607684,1564,1.9710811392657983,2.5573363562612275,0.9826994842086753,normalized_void>0.946161
npt_pressure,5,,P-5GPa,Ti-potential/fcc-restart/04-npt-round-2/md/P-5GPa/multi_nnap_md.xyz,2627,0.193074672,17.43238026,3.415793578,3.350406466,1565,2.011300732847523,2.523607234956244,0.9732764167349791,normalized_void>0.946161
npt_pressure,5,,P-5GPa,Ti-potential/fcc-restart/04-npt-round-2/md/P-5GPa/multi_nnap_md.xyz,2628,0.2156150612,17.26724698,3.087254075,3.182747049,1566,1.9486744916757606,2.476017215831896,0.9579568775728349,normalized_void>0.946161
npt_pressure,5,,P-5GPa,Ti-potential/fcc-restart/04-npt-round-2/md/P-5GPa/multi_nnap_md.xyz,2716,0.4466379429,17.38712872,5.278639397,5.763567523,1627,1.8020742319970813,2.4658743135015047,0.9518349488077003,normalized_void>0.946161
npt_pressure,5,,P-5GPa,Ti-potential/fcc-restart/04-npt-round-2/md/P-5GPa/multi_nnap_md.xyz,2717,0.4062680953,17.44411381,6.01464536,6.482293016,1628,1.771130035397343,2.50885666187862,0.9673705882999403,min_distance_A<1.77527;normalized_void>0.946161
npt_pressure,5,,P-5GPa,Ti-potential/fcc-restart/04-npt-round-2/md/P-5GPa/multi_nnap_md.xyz,2718,0.1493839506,17.51775718,3.676377689,3.807268826,1629,1.8927896464421237,2.486146286338426,0.9572686696260722,normalized_void>0.946161
npt_pressure,5,,P-5GPa,Ti-potential/fcc-restart/04-npt-round-2/md/P-5GPa/multi_nnap_md.xyz,2728,1.577107165,18.10010482,10.0531438,10.43347674,1636,1.6587907615956659,2.3262960004560913,0.8860086136644255,min_distance_A<1.77527
npt_pressure,5,,P-5GPa,Ti-potential/fcc-restart/04-npt-round-2/md/P-5GPa/multi_nnap_md.xyz,2729,0.5941804933,18.03252818,6.755111408,6.829125638,1637,1.7690789276082253,2.3155408464654315,0.883012611973865,min_distance_A<1.77527
npt_pressure,5,,P-5GPa,Ti-potential/fcc-restart/04-npt-round-2/md/P-5GPa/multi_nnap_md.xyz,2757,0.1567511509,18.09384105,3.238049669,3.16208444,1647,2.065594579784862,2.51430492283049,0.9577254363837884,normalized_void>0.946161
npt_pressure,5,,P-5GPa,Ti-potential/fcc-restart/04-npt-round-2/md/P-5GPa/multi_nnap_md.xyz,2759,0.1528029318,18.04975443,3.419675085,3.336676336,1648,1.9311385339362876,2.526579108473483,0.9631837232102922,normalized_void>0.946161
npt_pressure,5,,P-5GPa,Ti-potential/fcc-restart/04-npt-round-2/md/P-5GPa/multi_nnap_md.xyz,2760,0.1546273033,18.01862362,3.364316817,3.338713021,1649,1.9035822287728712,2.487663987279701,0.9488943219550493,normalized_void>0.946161
npt_pressure,5,,P-5GPa,Ti-potential/fcc-restart/04-npt-round-2/md/P-5GPa/multi_nnap_md.xyz,2808,1.300762389,17.72547699,8.301465975,8.453019656,1694,1.6780302661550226,2.355425167054521,0.9033790209401883,min_distance_A<1.77527
npt_pressure,5,,P-5GPa,Ti-potential/fcc-restart/04-npt-round-2/md/P-5GPa/multi_nnap_md.xyz,2809,0.3666779637,17.79814911,5.970489892,5.872076646,1695,1.7623427076544247,2.363204296908034,0.905127279064846,min_distance_A<1.77527
npt_pressure,5,,P-5GPa,Ti-potential/fcc-restart/04-npt-round-2/md/P-5GPa/multi_nnap_md.xyz,2814,0.6047321912,18.10698985,4.776683693,5.076161539,1699,1.7689033994452892,2.4183086163623995,0.9209363967101337,min_distance_A<1.77527
npt_pressure,5,,P-5GPa,Ti-potential/fcc-restart/04-npt-round-2/md/P-5GPa/multi_nnap_md.xyz,2815,2.186067809,18.12482479,8.670020915,6.305888461,1700,1.635667201769436,2.42039880413368,0.9214299492930552,min_distance_A<1.77527
npt_pressure,5,,P-5GPa,Ti-potential/fcc-restart/04-npt-round-2/md/P-5GPa/multi_nnap_md.xyz,2816,0.6887768889,18.12649824,5.631314588,5.939501095,1701,1.7389543033622366,2.5118709457270234,0.9562233652834992,min_distance_A<1.77527;normalized_void>0.946161
npt_pressure,5,,P-5GPa,Ti-potential/fcc-restart/04-npt-round-2/md/P-5GPa/multi_nnap_md.xyz,2817,0.1970420958,18.11105148,2.690436903,2.749724178,1702,1.99793380921096,2.541883880534155,0.9679237628426156,normalized_void>0.946161
npt_pressure,5,,P-5GPa,Ti-potential/fcc-restart/04-npt-round-2/md/P-5GPa/multi_nnap_md.xyz,2818,0.2138257002,18.07683159,3.599647617,3.594652935,1703,1.92975450042485,2.5259509659306216,0.9624632264415773,normalized_void>0.946161
npt_pressure,5,,P-5GPa,Ti-potential/fcc-restart/04-npt-round-2/md/P-5GPa/multi_nnap_md.xyz,2833,0.2152761934,17.59284192,2.815999664,2.828882865,1718,1.87620162178268,2.4629745345313228,0.9469955134258997,normalized_void>0.946161
npt_pressure,5,,P-5GPa,Ti-potential/fcc-restart/04-npt-round-2/md/P-5GPa/multi_nnap_md.xyz,2864,0.346220962,17.40274497,6.51515102,6.270755758,1743,1.7484955221510758,2.2591314802033695,0.8717706739368705,min_distance_A<1.77527
npt_pressure,5,,P-5GPa,Ti-potential/fcc-restart/04-npt-round-2/md/P-5GPa/multi_nnap_md.xyz,2914,0.1559159431,18.19142212,3.131042756,3.211367465,1777,2.08015420604979,2.504486050662961,0.9522764990747979,normalized_void>0.946161
npt_pressure,5,,P-5GPa,Ti-potential/fcc-restart/04-npt-round-2/md/P-5GPa/multi_nnap_md.xyz,2915,0.1637757759,18.21604467,2.957050507,2.892602498,1778,2.131811575590147,2.5171246685381723,0.9566506369551481,normalized_void>0.946161
npt_pressure,5,,P-5GPa,Ti-potential/fcc-restart/04-npt-round-2/md/P-5GPa/multi_nnap_md.xyz,2916,0.1446175919,18.20416544,2.649107531,2.686549164,1779,2.134343078595823,2.5042445888632567,0.9519624531296452,normalized_void>0.946161
npt_pressure,5,,P-5GPa,Ti-potential/fcc-restart/04-npt-round-2/md/P-5GPa/multi_nnap_md.xyz,2927,0.7678690759,17.01391095,7.034274237,6.733271497,1790,1.7471747178796695,2.2623168253364723,0.8796003097956107,min_distance_A<1.77527
npt_pressure,5,,P-5GPa,Ti-potential/fcc-restart/04-npt-round-2/md/P-5GPa/multi_nnap_md.xyz,2932,0.1399905238,17.41367064,2.833888734,2.862407826,1795,2.0312531993723866,2.463085716516914,0.9502752475694838,normalized_void>0.946161
npt_pressure,5,,P-5GPa,Ti-potential/fcc-restart/04-npt-round-2/md/P-5GPa/multi_nnap_md.xyz,2933,0.1496525541,17.59622729,3.312687458,3.251712392,1796,1.9330564966819652,2.490192250261894,0.9573991176347224,normalized_void>0.946161
npt_pressure,5,,P-5GPa,Ti-potential/fcc-restart/04-npt-round-2/md/P-5GPa/multi_nnap_md.xyz,2934,0.1865679637,17.7919514,3.978014847,3.821595697,1797,1.926532807338224,2.4953521526408373,0.9558519904583512,normalized_void>0.946161
npt_pressure,5,,P-5GPa,Ti-potential/fcc-restart/04-npt-round-2/md/P-5GPa/multi_nnap_md.xyz,2963,0.1401811225,18.31449249,3.758654897,3.626280284,1821,2.0836499977071243,2.5337649160538667,0.9612463171429678,normalized_void>0.946161
npt_pressure,5,,P-5GPa,Ti-potential/fcc-restart/04-npt-round-2/md/P-5GPa/multi_nnap_md.xyz,2977,1.529827426,17.42421946,7.002909524,5.793301336,1831,1.6929434165978345,2.4788644334849304,0.9561697474229953,min_distance_A<1.77527;normalized_void>0.946161
npt_pressure,5,,P-5GPa,Ti-potential/fcc-restart/04-npt-round-2/md/P-5GPa/multi_nnap_md.xyz,2978,1.394873688,17.3456584,7.168296613,5.9891562,1832,1.6952137570504586,2.5009299127588975,0.9661352427785086,min_distance_A<1.77527;normalized_void>0.946161
npt_pressure,5,,P-5GPa,Ti-potential/fcc-restart/04-npt-round-2/md/P-5GPa/multi_nnap_md.xyz,2979,0.3450139206,17.30691087,3.495132882,3.540214911,1833,1.8932698377741812,2.454584679878334,0.9489387182834702,normalized_void>0.946161
npt_pressure,5,,P-5GPa,Ti-potential/fcc-restart/04-npt-round-2/md/P-5GPa/multi_nnap_md.xyz,3049,0.2266366522,18.57111108,3.92323472,3.886161427,1882,1.858671341818609,2.5117297241762677,0.9484773026611527,normalized_void>0.946161
npt_pressure,5,,P-5GPa,Ti-potential/fcc-restart/04-npt-round-2/md/P-5GPa/multi_nnap_md.xyz,3050,0.2231232609,18.51465201,3.718878138,3.65565389,1883,1.8611345219221955,2.5436809247004426,0.9615180658748189,normalized_void>0.946161
npt_pressure,5,,P-5GPa,Ti-potential/fcc-restart/04-npt-round-2/md/P-5GPa/multi_nnap_md.xyz,3051,0.1369210631,18.43195476,3.000494277,3.092074721,1884,1.976170273556064,2.5575579790108742,0.9682073068710817,normalized_void>0.946161
npt_pressure,5,,P-5GPa,Ti-potential/fcc-restart/04-npt-round-2/md/P-5GPa/multi_nnap_md.xyz,3052,0.1426267018,18.32501722,3.130680926,3.125810733,1885,2.0361820681427028,2.5556906697171113,0.9693787390540541,normalized_void>0.946161
npt_pressure,5,,P-5GPa,Ti-potential/fcc-restart/04-npt-round-2/md/P-5GPa/multi_nnap_md.xyz,3053,0.20116484,18.19729836,3.615572796,3.515256729,1886,1.9405940875491396,2.553039717161514,0.9706334766687931,normalized_void>0.946161
npt_pressure,5,,P-5GPa,Ti-potential/fcc-restart/04-npt-round-2/md/P-5GPa/multi_nnap_md.xyz,3054,0.1934344565,18.05722651,4.111913184,3.839074221,1887,1.9041001752084468,2.550743665449009,0.9722616032310257,normalized_void>0.946161
npt_pressure,5,,P-5GPa,Ti-potential/fcc-restart/04-npt-round-2/md/P-5GPa/multi_nnap_md.xyz,3055,0.1976781289,17.91585078,3.229159405,3.132269069,1888,1.9806887949515306,2.5425599931367313,0.9716847726592323,normalized_void>0.946161
npt_pressure,5,,P-5GPa,Ti-potential/fcc-restart/04-npt-round-2/md/P-5GPa/multi_nnap_md.xyz,3056,0.2499324202,17.78320463,2.867873136,2.965425522,1889,1.9211944046749139,2.5221716352252708,0.9662836443220576,normalized_void>0.946161
npt_pressure,5,,P-5GPa,Ti-potential/fcc-restart/04-npt-round-2/md/P-5GPa/multi_nnap_md.xyz,3074,0.1335638709,17.83421295,2.569708396,2.607604082,1905,2.0003498665979613,2.5001144213318627,0.956919128176382,normalized_void>0.946161
npt_pressure,5,,P-5GPa,Ti-potential/fcc-restart/04-npt-round-2/md/P-5GPa/multi_nnap_md.xyz,3075,0.1872990422,17.90836889,3.838057842,3.798870157,1906,1.9030194399784084,2.5325092724041594,0.9679784756128339,normalized_void>0.946161
npt_pressure,5,,P-5GPa,Ti-potential/fcc-restart/04-npt-round-2/md/P-5GPa/multi_nnap_md.xyz,3076,0.1914450082,17.97215826,4.223965547,4.059980574,1907,1.9331649975018266,2.563645006518914,0.9787185263772871,normalized_void>0.946161
npt_pressure,5,,P-5GPa,Ti-potential/fcc-restart/04-npt-round-2/md/P-5GPa/multi_nnap_md.xyz,3077,0.275758609,18.02200858,4.446921886,4.202848144,1908,2.0430300470783433,2.579523837766192,0.9838717290691149,normalized_void>0.946161
npt_pressure,5,,P-5GPa,Ti-potential/fcc-restart/04-npt-round-2/md/P-5GPa/multi_nnap_md.xyz,3078,0.1962191554,18.05550141,3.953659184,3.747752003,1909,2.109224564960163,2.5353285363020523,0.9664166273388526,normalized_void>0.946161
npt_pressure,5,,P-5GPa,Ti-potential/fcc-restart/04-npt-round-2/md/P-5GPa/multi_nnap_md.xyz,3091,0.1546172503,17.31010812,3.187709105,3.039014668,1919,2.036838516546779,2.458501417993027,0.9503944021766987,normalized_void>0.946161
npt_pressure,5,,P-5GPa,Ti-potential/fcc-restart/04-npt-round-2/md/P-5GPa/multi_nnap_md.xyz,3092,0.186695147,17.27645936,3.705406661,3.601908761,1920,2.004006975234242,2.4770250400660747,0.9581764278570619,normalized_void>0.946161
npt_pressure,5,,P-5GPa,Ti-potential/fcc-restart/04-npt-round-2/md/P-5GPa/multi_nnap_md.xyz,3093,0.1952992197,17.26812191,3.781429293,3.720385934,1921,1.9103092343705037,2.4906961492859967,0.9636197975822551,normalized_void>0.946161
npt_pressure,5,,P-5GPa,Ti-potential/fcc-restart/04-npt-round-2/md/P-5GPa/multi_nnap_md.xyz,3094,0.2368683611,17.28752447,3.892922187,3.871084971,1922,1.8970674725799992,2.499543503119153,0.9666808096877578,normalized_void>0.946161
npt_pressure,5,,P-5GPa,Ti-potential/fcc-restart/04-npt-round-2/md/P-5GPa/multi_nnap_md.xyz,3095,0.2356757009,17.3339319,4.016637658,3.936295803,1923,1.9625123183872273,2.4811372235815234,0.9587052132164767,normalized_void>0.946161
npt_pressure,5,,P-5GPa,Ti-potential/fcc-restart/04-npt-round-2/md/P-5GPa/multi_nnap_md.xyz,3101,0.3133379922,18.03043812,3.967843917,3.956422756,1929,1.8299641722061026,2.4879066354088724,0.9487795568498865,normalized_void>0.946161
npt_pressure,5,,P-5GPa,Ti-potential/fcc-restart/04-npt-round-2/md/P-5GPa/multi_nnap_md.xyz,3102,0.2374641959,18.16720969,3.309011799,3.192565935,1930,1.8803577057471899,2.5014449371773946,0.9515425305815033,normalized_void>0.946161
npt_pressure,5,,P-5GPa,Ti-potential/fcc-restart/04-npt-round-2/md/P-5GPa/multi_nnap_md.xyz,3105,0.2156196495,18.483254,3.849580926,3.867373315,1933,2.1230653908268984,2.5571448158894885,0.9671544767840687,normalized_void>0.946161
npt_pressure,5,,P-5GPa,Ti-potential/fcc-restart/04-npt-round-2/md/P-5GPa/multi_nnap_md.xyz,3106,0.2554214338,18.54280223,3.635745466,3.602250417,1934,2.0203202462477376,2.596947476968469,0.9811559549724498,normalized_void>0.946161
npt_pressure,5,,P-5GPa,Ti-potential/fcc-restart/04-npt-round-2/md/P-5GPa/multi_nnap_md.xyz,3107,0.2845486087,18.57589783,2.769795333,2.711559321,1935,1.9826984775057186,2.509772657221101,0.9476568633592417,normalized_void>0.946161
npt_pressure,5,,P-5GPa,Ti-potential/fcc-restart/04-npt-round-2/md/P-5GPa/multi_nnap_md.xyz,3117,0.1384725463,17.37666371,2.872341053,2.8212347,1941,2.0820482702806546,2.454561153224616,0.9476581992704093,normalized_void>0.946161
npt_pressure,5,,P-5GPa,Ti-potential/fcc-restart/04-npt-round-2/md/P-5GPa/multi_nnap_md.xyz,3119,0.1572762778,17.11845852,2.975524448,2.967267695,1942,1.9577644031131716,2.4677796528918066,0.957528025906482,normalized_void>0.946161
npt_pressure,5,,P-5GPa,Ti-potential/fcc-restart/04-npt-round-2/md/P-5GPa/multi_nnap_md.xyz,3120,0.146209745,17.02437449,2.807527477,2.772197954,1943,1.9645735866607013,2.43651975821476,0.9471371748175967,normalized_void>0.946161
npt_pressure,5,,P-5GPa,Ti-potential/fcc-restart/04-npt-round-2/md/P-5GPa/multi_nnap_md.xyz,3125,0.1419795961,16.95589965,3.632723083,3.751195883,1945,2.1083327891958312,2.4511979086116065,0.9541238783890247,normalized_void>0.946161
npt_pressure,5,,P-5GPa,Ti-potential/fcc-restart/04-npt-round-2/md/P-5GPa/multi_nnap_md.xyz,3127,0.1558768151,17.12802455,3.205356913,3.136910368,1946,2.036886045346902,2.4530111761473425,0.9516204537317858,normalized_void>0.946161
npt_pressure,5,,P-5GPa,Ti-potential/fcc-restart/04-npt-round-2/md/P-5GPa/multi_nnap_md.xyz,3128,0.1532068245,17.25123954,3.26061605,3.168157412,1947,1.937630284186379,2.448345205918739,0.9475436296672919,normalized_void>0.946161
npt_pressure,5,,P-5GPa,Ti-potential/fcc-restart/04-npt-round-2/md/P-5GPa/multi_nnap_md.xyz,3156,0.2033311142,17.63502084,4.165573064,4.030412327,1966,1.9489868966985882,2.4739976041115,0.9504748191380603,normalized_void>0.946161
npt_pressure,5,,P-5GPa,Ti-potential/fcc-restart/04-npt-round-2/md/P-5GPa/multi_nnap_md.xyz,3157,0.2211721688,17.69576461,3.808596019,3.761549538,1967,1.981486073870934,2.4816421416040386,0.9523195745875708,normalized_void>0.946161
npt_pressure,5,,P-5GPa,Ti-potential/fcc-restart/04-npt-round-2/md/P-5GPa/multi_nnap_md.xyz,3158,0.2419751716,17.77170382,3.493319773,3.359795137,1968,1.9520089517374537,2.498698619879425,0.9574972192514057,normalized_void>0.946161
npt_pressure,5,,P-5GPa,Ti-potential/fcc-restart/04-npt-round-2/md/P-5GPa/multi_nnap_md.xyz,3159,0.3477610185,17.85925122,4.443496269,4.438645741,1969,1.844414592016401,2.5238614927596115,0.9655566710309562,normalized_void>0.946161
npt_pressure,5,,P-5GPa,Ti-potential/fcc-restart/04-npt-round-2/md/P-5GPa/multi_nnap_md.xyz,3160,0.2597728499,17.95084894,3.908222483,3.877696903,1970,1.8876455974370392,2.557139431775086,0.9766210447417022,normalized_void>0.946161
npt_pressure,5,,P-5GPa,Ti-potential/fcc-restart/04-npt-round-2/md/P-5GPa/multi_nnap_md.xyz,3161,0.1881621182,18.03679082,3.547747755,3.395949643,1971,1.8725555320675291,2.5822794140743555,0.9846536086344772,normalized_void>0.946161
npt_pressure,5,,P-5GPa,Ti-potential/fcc-restart/04-npt-round-2/md/P-5GPa/multi_nnap_md.xyz,3162,0.1540669742,18.10740403,2.591997989,2.565718199,1972,1.9436303802715356,2.595940147155088,0.9885742129455771,normalized_void>0.946161
npt_pressure,5,,P-5GPa,Ti-potential/fcc-restart/04-npt-round-2/md/P-5GPa/multi_nnap_md.xyz,3163,0.161055611,18.15292479,3.034408369,3.073003847,1973,2.0654238974372325,2.580938082249718,0.9820389568865078,normalized_void>0.946161
npt_pressure,5,,P-5GPa,Ti-potential/fcc-restart/04-npt-round-2/md/P-5GPa/multi_nnap_md.xyz,3237,0.1540025084,17.41825518,3.563505244,3.584481758,2030,2.0428275489241203,2.51670693473725,0.970877484478741,normalized_void>0.946161
npt_pressure,5,,P-5GPa,Ti-potential/fcc-restart/04-npt-round-2/md/P-5GPa/multi_nnap_md.xyz,3238,0.1541303428,17.47623336,3.492741706,3.487625355,2031,2.0119464277493764,2.5886947155908664,0.9975428469035055,normalized_void>0.946161
npt_pressure,5,,P-5GPa,Ti-potential/fcc-restart/04-npt-round-2/md/P-5GPa/multi_nnap_md.xyz,3239,0.1523398596,17.56062124,3.452529242,3.511547138,2032,1.9974527932462476,2.591460655498823,0.9970065106033033,normalized_void>0.946161
npt_pressure,5,,P-5GPa,Ti-potential/fcc-restart/04-npt-round-2/md/P-5GPa/multi_nnap_md.xyz,3240,0.1541879044,17.66701598,3.730493858,3.698490778,2033,1.9863421448596699,2.5665756279522727,0.9854463802579969,normalized_void>0.946161
npt_pressure,5,,P-5GPa,Ti-potential/fcc-restart/04-npt-round-2/md/P-5GPa/multi_nnap_md.xyz,3241,0.1770869558,17.78893065,3.661366313,3.723245016,2034,1.9038193865033894,2.51523853066174,0.9635240589408017,normalized_void>0.946161
npt_pressure,5,,P-5GPa,Ti-potential/fcc-restart/04-npt-round-2/md/P-5GPa/multi_nnap_md.xyz,3257,0.210365472,17.58123936,3.609677807,3.62933577,2049,1.887616005011149,2.4611283446353935,0.9464937850815178,normalized_void>0.946161
npt_pressure,5,,P-5GPa,Ti-potential/fcc-restart/04-npt-round-2/md/P-5GPa/multi_nnap_md.xyz,3258,0.1862193622,17.51878185,2.932873116,2.979294935,2050,1.9032240640396652,2.4799323656770276,0.9548574370967525,normalized_void>0.946161
npt_pressure,5,,P-5GPa,Ti-potential/fcc-restart/04-npt-round-2/md/P-5GPa/multi_nnap_md.xyz,3259,0.1331070864,17.4810893,3.21785015,3.237916449,2051,2.045638794537703,2.4657903141713335,0.9500941525859627,normalized_void>0.946161
npt_pressure,5,,P-5GPa,Ti-potential/fcc-restart/04-npt-round-2/md/P-5GPa/multi_nnap_md.xyz,3321,0.1444690843,17.5295651,4.384092912,4.326818053,2098,2.1019099874212843,2.492138788328948,0.9593605242899202,normalized_void>0.946161
npt_pressure,5,,P-5GPa,Ti-potential/fcc-restart/04-npt-round-2/md/P-5GPa/multi_nnap_md.xyz,3347,0.3082629275,17.14322192,5.818656224,6.144344404,2109,1.7741605898201172,2.2137246500956174,0.8585378608837737,min_distance_A<1.77527
npt_pressure,5,,P-5GPa,Ti-potential/fcc-restart/04-npt-round-2/md/P-5GPa/multi_nnap_md.xyz,3354,0.2316831618,17.64496082,4.137702014,4.286713815,2114,1.9443894097614596,2.506829024627393,0.9629073054128282,normalized_void>0.946161
npt_pressure,5,,P-5GPa,Ti-potential/fcc-restart/04-npt-round-2/md/P-5GPa/multi_nnap_md.xyz,3355,0.2135889503,17.75711499,3.971161154,4.061284607,2115,1.9755396545132167,2.542529613504811,0.9745599298779397,normalized_void>0.946161
npt_pressure,5,,P-5GPa,Ti-potential/fcc-restart/04-npt-round-2/md/P-5GPa/multi_nnap_md.xyz,3368,0.3221049415,17.60178214,3.910242804,3.966431067,2119,1.8594942505524346,2.525312313177967,0.9707995116765041,normalized_void>0.946161
npt_pressure,5,,P-5GPa,Ti-potential/fcc-restart/04-npt-round-2/md/P-5GPa/multi_nnap_md.xyz,3369,0.3924420742,17.52754495,4.371753722,4.613383377,2120,1.8084052812212177,2.569957310365616,0.9893551363957335,normalized_void>0.946161
npt_pressure,5,,P-5GPa,Ti-potential/fcc-restart/04-npt-round-2/md/P-5GPa/multi_nnap_md.xyz,3370,0.1671144254,17.47614867,2.902137158,2.927002884,2121,1.9141453381076734,2.544107016382601,0.9803627442353507,normalized_void>0.946161
npt_pressure,5,,P-5GPa,Ti-potential/fcc-restart/04-npt-round-2/md/P-5GPa/multi_nnap_md.xyz,3371,0.2317045228,17.44464447,2.911511657,2.725976599,2122,1.908749076784479,2.5317436886589295,0.9761855208882744,normalized_void>0.946161
npt_pressure,5,,P-5GPa,Ti-potential/fcc-restart/04-npt-round-2/md/P-5GPa/multi_nnap_md.xyz,3372,0.1858215296,17.43001822,3.059868432,3.05010591,2123,1.967105104421481,2.5110382160244717,0.9684726828520037,normalized_void>0.946161
npt_pressure,5,,P-5GPa,Ti-potential/fcc-restart/04-npt-round-2/md/P-5GPa/multi_nnap_md.xyz,3375,0.1803170409,17.48100764,2.803074534,2.904583521,2125,1.919249668746278,2.5760443798182,0.9925777138129463,normalized_void>0.946161
npt_pressure,5,,P-5GPa,Ti-potential/fcc-restart/04-npt-round-2/md/P-5GPa/multi_nnap_md.xyz,3376,0.3314116757,17.53477921,3.74246335,3.686092927,2126,1.855004936805725,2.572157374793591,0.9900659005447606,normalized_void>0.946161
npt_pressure,5,,P-5GPa,Ti-potential/fcc-restart/04-npt-round-2/md/P-5GPa/multi_nnap_md.xyz,3377,0.3010502577,17.60701595,3.415376108,3.63610552,2127,1.9014808480065515,2.5517505039256725,0.9808658702396373,normalized_void>0.946161
npt_pressure,5,,P-5GPa,Ti-potential/fcc-restart/04-npt-round-2/md/P-5GPa/multi_nnap_md.xyz,3378,0.2296869947,17.69458891,3.435353413,3.514187081,2128,1.9664758616768276,2.516124192935032,0.9655732990986722,normalized_void>0.946161
npt_pressure,5,,P-5GPa,Ti-potential/fcc-restart/04-npt-round-2/md/P-5GPa/multi_nnap_md.xyz,3591,0.4669671363,17.11434854,5.475672847,5.557357794,2288,1.7558790818185255,2.342434624031325,0.9089654057667962,min_distance_A<1.77527
npt_pressure,5,,P-5GPa,Ti-potential/fcc-restart/04-npt-round-2/md/P-5GPa/multi_nnap_md.xyz,3593,0.1877758533,17.10895101,3.765458079,3.688410228,2290,1.8547461889835601,2.4802398013723317,0.9625409423875982,normalized_void>0.946161
npt_pressure,5,,P-5GPa,Ti-potential/fcc-restart/04-npt-round-2/md/P-5GPa/multi_nnap_md.xyz,3594,0.1846431988,17.16630931,3.140108097,3.109600412,2291,1.9126926762298213,2.470940117295047,0.9578626578188588,normalized_void>0.946161
npt_pressure,5,,P-5GPa,Ti-potential/fcc-restart/04-npt-round-2/md/P-5GPa/multi_nnap_md.xyz,3600,0.3814660672,18.04092903,6.009553646,5.88017498,2296,1.741137761275915,2.343602358413195,0.893574898297145,min_distance_A<1.77527
npt_pressure,5,,P-5GPa,Ti-potential/fcc-restart/04-npt-round-2/md/P-5GPa/multi_nnap_md.xyz,3601,0.4829293969,18.18624917,5.764286281,5.92726023,2297,1.7356097605178555,2.3477751343199347,0.892775203964649,min_distance_A<1.77527
npt_pressure,5,,P-5GPa,Ti-potential/fcc-restart/04-npt-round-2/md/P-5GPa/multi_nnap_md.xyz,3609,0.2611466418,18.26282327,3.275910498,3.410254001,2303,1.9653702538439146,2.500080963429576,0.9493611040744987,normalized_void>0.946161
npt_pressure,5,,P-5GPa,Ti-potential/fcc-restart/04-npt-round-2/md/P-5GPa/multi_nnap_md.xyz,3610,0.2416728263,18.1310829,3.150008574,3.233736425,2304,1.8970415724503797,2.5289850995715732,0.9626572575304787,normalized_void>0.946161
npt_pressure,5,,P-5GPa,Ti-potential/fcc-restart/04-npt-round-2/md/P-5GPa/multi_nnap_md.xyz,3611,0.1935823928,17.98349205,2.878265264,2.85020348,2305,1.902410041301807,2.5554323925149696,0.97537821896425,normalized_void>0.946161
npt_pressure,5,,P-5GPa,Ti-potential/fcc-restart/04-npt-round-2/md/P-5GPa/multi_nnap_md.xyz,3612,0.1496140996,17.83179659,3.093073385,3.164814605,2306,1.9932279142198837,2.5752990811929184,0.9857405881054987,normalized_void>0.946161
npt_pressure,5,,P-5GPa,Ti-potential/fcc-restart/04-npt-round-2/md/P-5GPa/multi_nnap_md.xyz,3613,0.1302828539,17.68725628,3.715423892,3.741895733,2307,2.0034017722257706,2.5496569492118883,0.978576828774448,normalized_void>0.946161
npt_pressure,5,,P-5GPa,Ti-potential/fcc-restart/04-npt-round-2/md/P-5GPa/multi_nnap_md.xyz,3614,0.1295258738,17.56076444,3.081863009,3.029187576,2308,2.0763817231247517,2.5039295928957648,0.9633282739933428,normalized_void>0.946161
npt_pressure,5,,P-5GPa,Ti-potential/fcc-restart/04-npt-round-2/md/P-5GPa/multi_nnap_md.xyz,3650,0.6353476724,17.19028732,7.58428194,8.010851789,2326,1.7207814292521229,2.302002180047283,0.8919585757654961,min_distance_A<1.77527
npt_pressure,5,,P-5GPa,Ti-potential/fcc-restart/04-npt-round-2/md/P-5GPa/multi_nnap_md.xyz,3651,0.7092328495,17.30085316,6.953586062,7.574296145,2327,1.7296622758210085,2.343635829873261,0.9061517959768894,min_distance_A<1.77527
npt_pressure,5,,P-5GPa,Ti-potential/fcc-restart/04-npt-round-2/md/P-5GPa/multi_nnap_md.xyz,3663,0.1372109473,18.20600446,2.960789632,2.978532031,2336,2.074479999742832,2.4890696026545154,0.9461619803406637,normalized_void>0.946161
npt_pressure,5,,P-5GPa,Ti-potential/fcc-restart/04-npt-round-2/md/P-5GPa/multi_nnap_md.xyz,3680,0.6652301986,17.57561829,6.996620036,7.220329115,2347,1.7190903778607438,2.3336803051350437,0.8975758458597592,min_distance_A<1.77527
npt_pressure,5,,P-5GPa,Ti-potential/fcc-restart/04-npt-round-2/md/P-5GPa/multi_nnap_md.xyz,3690,0.1778085308,18.46337975,4.601447443,4.684170053,2357,2.0062541730360595,2.538104373355393,0.9602973786951501,normalized_void>0.946161
npt_pressure,5,,P-5GPa,Ti-potential/fcc-restart/04-npt-round-2/md/P-5GPa/multi_nnap_md.xyz,3691,0.1316344282,18.37362827,3.569230108,3.612538011,2358,1.9860459131133323,2.558459999113853,0.9695725750828917,normalized_void>0.946161
npt_pressure,5,,P-5GPa,Ti-potential/fcc-restart/04-npt-round-2/md/P-5GPa/multi_nnap_md.xyz,3699,0.3654221762,17.2222594,4.882656171,5.115952969,2364,1.7839825843976644,2.4640056725514112,0.9541390295478511,normalized_void>0.946161
npt_pressure,5,,P-5GPa,Ti-potential/fcc-restart/04-npt-round-2/md/P-5GPa/multi_nnap_md.xyz,3700,0.3285385942,17.13088241,4.36862074,4.510799111,2365,1.8226247231068506,2.449462744855226,0.9501910317918879,normalized_void>0.946161
npt_pressure,5,,P-5GPa,Ti-potential/fcc-restart/04-npt-round-2/md/P-5GPa/multi_nnap_md.xyz,3701,0.1793942741,17.07276732,4.275642807,4.211112749,2366,1.9084389020556785,2.4497592236104486,0.9513830894861077,normalized_void>0.946161
npt_pressure,5,,P-5GPa,Ti-potential/fcc-restart/04-npt-round-2/md/P-5GPa/multi_nnap_md.xyz,3740,0.1747241612,18.4476039,3.499589964,3.519935446,2392,1.9613205218466494,2.5038476038908066,0.9476062222963919,normalized_void>0.946161
npt_pressure,5,,P-5GPa,Ti-potential/fcc-restart/04-npt-round-2/md/P-5GPa/multi_nnap_md.xyz,3744,0.1365882717,18.567924,3.222987309,3.251619424,2393,2.1115306261234816,2.6656577181897276,1.0066610539519687,normalized_void>0.946161
npt_pressure,5,,P-5GPa,Ti-potential/fcc-restart/04-npt-round-2/md/P-5GPa/multi_nnap_md.xyz,3745,0.1452246344,18.53630138,2.776829671,2.866990053,2394,2.0358659708380253,2.6806702380136347,1.0129057394115226,normalized_void>0.946161
npt_pressure,5,,P-5GPa,Ti-potential/fcc-restart/04-npt-round-2/md/P-5GPa/multi_nnap_md.xyz,3746,0.160857416,18.47449448,2.564342414,2.562306333,2395,1.9997007927626254,2.6602484451848754,1.0063089691007898,normalized_void>0.946161
npt_pressure,5,,P-5GPa,Ti-potential/fcc-restart/04-npt-round-2/md/P-5GPa/multi_nnap_md.xyz,3750,0.143252015,17.98734412,3.127884474,3.077774651,2397,1.9777876948029134,2.4873198451581904,0.9493126917426041,normalized_void>0.946161
npt_pressure,5,,P-5GPa,Ti-potential/fcc-restart/04-npt-round-2/md/P-5GPa/multi_nnap_md.xyz,3751,0.130717343,17.83974301,3.237236875,3.126862128,2398,1.9586920187199564,2.4921252545703485,0.9537627021911821,normalized_void>0.946161
npt_pressure,5,,P-5GPa,Ti-potential/fcc-restart/04-npt-round-2/md/P-5GPa/multi_nnap_md.xyz,3752,0.1572653767,17.69778064,3.129199239,3.133097592,2399,2.053944100032321,2.492335124839651,0.9563866431617782,normalized_void>0.946161
npt_pressure,5,,P-5GPa,Ti-potential/fcc-restart/04-npt-round-2/md/P-5GPa/multi_nnap_md.xyz,3753,0.1840065012,17.56784542,3.82065032,3.843816209,2400,2.0631974639594937,2.494472838062968,0.9595610526459648,normalized_void>0.946161
npt_pressure,5,,P-5GPa,Ti-potential/fcc-restart/04-npt-round-2/md/P-5GPa/multi_nnap_md.xyz,3754,0.264989009,17.45595837,3.807426043,3.858412835,2401,2.0130284664752436,2.5037184223233733,0.9651709732699796,normalized_void>0.946161
npt_pressure,5,,P-5GPa,Ti-potential/fcc-restart/04-npt-round-2/md/P-5GPa/multi_nnap_md.xyz,3755,0.316093561,17.36698141,3.559537954,3.557794719,2402,1.9795089264934633,2.516919001867656,0.9719138994089517,normalized_void>0.946161
npt_pressure,5,,P-5GPa,Ti-potential/fcc-restart/04-npt-round-2/md/P-5GPa/multi_nnap_md.xyz,3756,0.2647907304,17.30448565,3.524414969,3.565510692,2403,2.004490929368602,2.5269342267665893,0.976954579078486,normalized_void>0.946161
npt_pressure,5,,P-5GPa,Ti-potential/fcc-restart/04-npt-round-2/md/P-5GPa/multi_nnap_md.xyz,3757,0.1932328758,17.27279288,3.312446034,3.274265472,2404,2.034181764546884,2.5441609136892236,0.9842159248377238,normalized_void>0.946161
npt_pressure,5,,P-5GPa,Ti-potential/fcc-restart/04-npt-round-2/md/P-5GPa/multi_nnap_md.xyz,3758,0.1777578986,17.27590194,3.605516235,3.486649323,2405,2.011178080142408,2.565028412263092,0.9922290470637123,normalized_void>0.946161
npt_pressure,5,,P-5GPa,Ti-potential/fcc-restart/04-npt-round-2/md/P-5GPa/multi_nnap_md.xyz,3759,0.172740824,17.31355433,3.531102511,3.437421741,2406,1.9450199726456894,2.528633855782772,0.9774409659764675,normalized_void>0.946161
npt_pressure,5,,P-5GPa,Ti-potential/fcc-restart/04-npt-round-2/md/P-5GPa/multi_nnap_md.xyz,3760,0.1538848903,17.3796352,3.441878923,3.431159716,2407,1.9396725876403764,2.4697049160664846,0.953450565820179,normalized_void>0.946161
npt_pressure,5,,P-5GPa,Ti-potential/fcc-restart/04-npt-round-2/md/P-5GPa/multi_nnap_md.xyz,3775,0.1543486289,17.94227399,4.218510317,4.205261216,2414,2.215355314242692,2.47907237895302,0.9469565342695344,normalized_void>0.946161
npt_pressure,5,,P-5GPa,Ti-potential/fcc-restart/04-npt-round-2/md/P-5GPa/multi_nnap_md.xyz,3801,0.1286211131,17.76779544,2.553546419,2.537946494,2419,2.1351231541510765,2.4916441994873253,0.9548639803468087,normalized_void>0.946161
npt_pressure,5,,P-5GPa,Ti-potential/fcc-restart/04-npt-round-2/md/P-5GPa/multi_nnap_md.xyz,3807,0.1936272819,17.83987262,2.576496601,2.524578255,2424,2.0171286226366707,2.4880330665742636,0.9521942726716294,normalized_void>0.946161
npt_pressure,5,,P-5GPa,Ti-potential/fcc-restart/04-npt-round-2/md/P-5GPa/multi_nnap_md.xyz,3814,0.1342108145,17.71553445,3.005415932,3.008825936,2429,1.9378810945527574,2.488474585998325,0.9545861380322801,normalized_void>0.946161
npt_pressure,5,,P-5GPa,Ti-potential/fcc-restart/04-npt-round-2/md/P-5GPa/multi_nnap_md.xyz,3829,0.1472103499,17.39569585,3.109838862,3.077681111,2442,2.069861858492333,2.4592098018301356,0.9491065689022338,normalized_void>0.946161
npt_pressure,5,,P-5GPa,Ti-potential/fcc-restart/04-npt-round-2/md/P-5GPa/multi_nnap_md.xyz,3830,0.1487649367,17.35347322,3.292137882,3.183541202,2443,2.048460295901195,2.506413829032737,0.9681083697004486,normalized_void>0.946161
npt_pressure,5,,P-5GPa,Ti-potential/fcc-restart/04-npt-round-2/md/P-5GPa/multi_nnap_md.xyz,3831,0.1644263257,17.31585041,3.536224804,3.430602896,2444,2.064366198957455,2.5598955983340606,0.9894814233569508,normalized_void>0.946161
npt_pressure,5,,P-5GPa,Ti-potential/fcc-restart/04-npt-round-2/md/P-5GPa/multi_nnap_md.xyz,3832,0.1586666068,17.29015606,3.615838839,3.620191023,2445,2.0145843395897116,2.6101325277138763,1.0093991186375453,normalized_void>0.946161
npt_pressure,5,,P-5GPa,Ti-potential/fcc-restart/04-npt-round-2/md/P-5GPa/multi_nnap_md.xyz,3833,0.1523824947,17.28277768,3.129395231,3.175523582,2446,2.0178552478773986,2.6514946266538906,1.0255407069760927,normalized_void>0.946161
npt_pressure,5,,P-5GPa,Ti-potential/fcc-restart/04-npt-round-2/md/P-5GPa/multi_nnap_md.xyz,3834,0.1570130422,17.29531513,3.09754547,3.019356753,2447,2.1064001612529424,2.6458272286645723,1.0231013437323728,normalized_void>0.946161
npt_pressure,5,,P-5GPa,Ti-potential/fcc-restart/04-npt-round-2/md/P-5GPa/multi_nnap_md.xyz,3836,0.1643838746,17.36695492,2.725925365,2.782022321,2448,2.0077157089306237,2.5056400253061017,0.9675589894887086,normalized_void>0.946161
npt_pressure,5,,P-5GPa,Ti-potential/fcc-restart/04-npt-round-2/md/P-5GPa/multi_nnap_md.xyz,3872,0.1796749608,17.74875421,4.06068988,3.864943448,2470,2.0315381634568404,2.4981207289760774,0.9576881890238522,normalized_void>0.946161
npt_pressure,5,,P-5GPa,Ti-potential/fcc-restart/04-npt-round-2/md/P-5GPa/multi_nnap_md.xyz,3906,0.1431244552,18.03889246,3.138043723,3.16400056,2490,1.9991096246137166,2.5191805816200104,0.9605559728105553,normalized_void>0.946161
npt_pressure,5,,P-5GPa,Ti-potential/fcc-restart/04-npt-round-2/md/P-5GPa/multi_nnap_md.xyz,3908,0.134629469,17.99846407,4.1451561,4.10233826,2491,2.1851177198315983,2.509859759986391,0.9577179793675048,normalized_void>0.946161
npt_pressure,5,,P-5GPa,Ti-potential/fcc-restart/04-npt-round-2/md/P-5GPa/multi_nnap_md.xyz,3909,0.1508421872,17.96341079,3.632729107,3.645500658,2492,2.0518172871438694,2.4910471472578832,0.9511573031016795,normalized_void>0.946161
npt_pressure,5,,P-5GPa,Ti-potential/fcc-restart/04-npt-round-2/md/P-5GPa/multi_nnap_md.xyz,3966,0.4980913497,17.82472322,6.595215351,7.105376828,2542,1.7369017339948392,2.396816699893607,0.9175446846975454,min_distance_A<1.77527
npt_pressure,5,,P-5GPa,Ti-potential/fcc-restart/04-npt-round-2/md/P-5GPa/multi_nnap_md.xyz,3979,0.1521852348,17.84547397,4.00405287,3.975560704,2553,2.0039514679164396,2.4773263626808903,0.9479975069604224,normalized_void>0.946161
npt_pressure,5,,P-5GPa,Ti-potential/fcc-restart/04-npt-round-2/md/P-5GPa/multi_nnap_md.xyz,3980,0.16855403,17.87582728,4.145881774,4.163690957,2554,2.05688793581991,2.50103799903026,0.9565292174702481,normalized_void>0.946161
npt_pressure,5,,P-5GPa,Ti-potential/fcc-restart/04-npt-round-2/md/P-5GPa/multi_nnap_md.xyz,3981,0.1819652048,17.9069164,3.605701293,3.641421236,2555,2.113386027152603,2.525392996797733,0.965284582688982,normalized_void>0.946161
npt_pressure,5,,P-5GPa,Ti-potential/fcc-restart/04-npt-round-2/md/P-5GPa/multi_nnap_md.xyz,3982,0.1472917477,17.93890961,3.526042349,3.357502468,2556,2.1608278727833605,2.5470967573956105,0.9730013193182532,normalized_void>0.946161
npt_pressure,5,,P-5GPa,Ti-potential/fcc-restart/04-npt-round-2/md/P-5GPa/multi_nnap_md.xyz,3986,0.1347822849,18.0123895,3.047285025,3.106701056,2557,1.9798401768538803,2.590121560317578,0.9880896961857256,normalized_void>0.946161
npt_pressure,5,,P-5GPa,Ti-potential/fcc-restart/04-npt-round-2/md/P-5GPa/multi_nnap_md.xyz,3987,0.2017812162,18.01389853,3.394172748,3.219540196,2558,1.9026905763488073,2.555800044075987,0.9749693640279078,normalized_void>0.946161
npt_pressure,5,,P-5GPa,Ti-potential/fcc-restart/04-npt-round-2/md/P-5GPa/multi_nnap_md.xyz,3988,0.1378783376,18.01027993,2.860623265,2.795828298,2559,1.9435601283847121,2.5258998069958696,0.9636277513923487,normalized_void>0.946161
npt_pressure,5,,P-5GPa,Ti-potential/fcc-restart/04-npt-round-2/md/P-5GPa/multi_nnap_md.xyz,4000,0.24189983,17.3835596,3.601484292,3.585194552,2565,2.0009294770933237,2.4630041145046095,0.9507921054279985,normalized_void>0.946161
npt_pressure,5,,P-5GPa,Ti-potential/fcc-restart/04-npt-round-2/md/P-5GPa/multi_nnap_md.xyz,4001,0.2131359123,17.4010102,3.723747937,3.740922437,2566,2.0143735637271765,2.4611066106164126,0.949741917778656,normalized_void>0.946161
npt_pressure,5,,P-5GPa,Ti-potential/fcc-restart/04-npt-round-2/md/P-5GPa/multi_nnap_md.xyz,4004,1.136004928,17.55843269,7.865304676,7.726342188,2569,1.7141649213085723,2.2973032345644726,0.8838727438680094,min_distance_A<1.77527
npt_pressure,5,,P-5GPa,Ti-potential/fcc-restart/04-npt-round-2/md/P-5GPa/multi_nnap_md.xyz,4005,0.9639411202,17.6516188,7.428190613,7.396457152,2570,1.7378751444903184,2.293277684475772,0.8807685492587789,min_distance_A<1.77527
npt_pressure,5,,P-5GPa,Ti-potential/fcc-restart/04-npt-round-2/md/P-5GPa/multi_nnap_md.xyz,4012,0.1931033664,18.21576497,2.929239596,2.994817563,2575,2.0847206703784007,2.5413022098220233,0.9658444222385634,normalized_void>0.946161
npt_pressure,5,,P-5GPa,Ti-potential/fcc-restart/04-npt-round-2/md/P-5GPa/multi_nnap_md.xyz,4013,0.1663880891,18.24109799,2.96408381,2.925589913,2576,2.0463351403337695,2.5328541409704464,0.9621878208407041,normalized_void>0.946161
npt_pressure,5,,P-5GPa,Ti-potential/fcc-restart/04-npt-round-2/md/P-5GPa/multi_nnap_md.xyz,4014,0.1330618565,18.25143482,3.443693974,3.368685406,2577,1.8536537134649889,2.5123589304630634,0.9542218306400749,normalized_void>0.946161
npt_pressure,5,,P-5GPa,Ti-potential/fcc-restart/04-npt-round-2/md/P-5GPa/multi_nnap_md.xyz,4041,0.1504139764,18.39473503,3.463502108,3.466505055,2589,2.0013365925484834,2.4986601003585203,0.9465480600172544,normalized_void>0.946161
npt_pressure,5,,P-5GPa,Ti-potential/fcc-restart/04-npt-round-2/md/P-5GPa/multi_nnap_md.xyz,4042,0.1820328893,18.42831019,3.880111032,3.73823594,2590,1.9067567265535412,2.5661145784751866,0.9715105907733267,normalized_void>0.946161
npt_pressure,5,,P-5GPa,Ti-potential/fcc-restart/04-npt-round-2/md/P-5GPa/multi_nnap_md.xyz,4043,0.1542930008,18.41724191,3.885712319,3.717308611,2591,1.9287482547133252,2.617030126419276,0.9909852519492451,normalized_void>0.946161
npt_pressure,5,,P-5GPa,Ti-potential/fcc-restart/04-npt-round-2/md/P-5GPa/multi_nnap_md.xyz,4045,0.1289022288,18.27790154,2.974979517,2.859565803,2592,2.021844457982313,2.611084674792977,0.991240058338238,normalized_void>0.946161
npt_pressure,5,,P-5GPa,Ti-potential/fcc-restart/04-npt-round-2/md/P-5GPa/multi_nnap_md.xyz,4046,0.1423542587,18.16594483,3.049000316,2.948239155,2593,2.0052731514200928,2.5738241804674282,0.9790981118418949,normalized_void>0.946161
npt_pressure,5,,P-5GPa,Ti-potential/fcc-restart/04-npt-round-2/md/P-5GPa/multi_nnap_md.xyz,4048,0.1297679412,17.90561751,3.472573621,3.58346125,2594,1.9029823210218384,2.505039263274988,0.9575278981837919,normalized_void>0.946161
npt_pressure,5,,P-5GPa,Ti-potential/fcc-restart/04-npt-round-2/md/P-5GPa/multi_nnap_md.xyz,4054,2.950217505,17.33401103,10.29264556,8.236451527,2599,1.5898669225546054,2.288378025468612,0.8842221960065394,min_distance_A<1.77527
npt_pressure,5,,P-5GPa,Ti-potential/fcc-restart/04-npt-round-2/md/P-5GPa/multi_nnap_md.xyz,4055,1.864531509,17.31760493,9.796777655,7.470138194,2600,1.6221943401686583,2.276626491499393,0.8799591451880086,min_distance_A<1.77527
npt_pressure,5,,P-5GPa,Ti-potential/fcc-restart/04-npt-round-2/md/P-5GPa/multi_nnap_md.xyz,4074,0.3461018944,17.5272529,3.458978358,3.47682939,2618,1.8854351610352857,2.4658702646344066,0.9492900726748537,normalized_void>0.946161
npt_pressure,5,,P-5GPa,Ti-potential/fcc-restart/04-npt-round-2/md/P-5GPa/multi_nnap_md.xyz,4075,0.2223450546,17.3587359,3.032063485,3.001215775,2619,1.9672718287167856,2.5008225140976985,0.9658510847810816,normalized_void>0.946161
npt_pressure,5,,P-5GPa,Ti-potential/fcc-restart/04-npt-round-2/md/P-5GPa/multi_nnap_md.xyz,4076,0.1404884497,17.20648172,3.767540625,3.695161017,2620,2.0856517799844156,2.470806746952501,0.9570649671627924,normalized_void>0.946161
npt_pressure,5,,P-5GPa,Ti-potential/fcc-restart/04-npt-round-2/md/P-5GPa/multi_nnap_md.xyz,4097,0.1360791495,18.26971111,3.358621736,3.465737745,2633,1.9492822043442675,2.5198849689957075,0.9567610556217642,normalized_void>0.946161
npt_pressure,5,,P-5GPa,Ti-potential/fcc-restart/04-npt-round-2/md/P-5GPa/multi_nnap_md.xyz,4098,0.1769060513,18.11325273,4.200597936,4.263966867,2634,1.9117515173949293,2.5437108540299533,0.9685802164642696,normalized_void>0.946161
npt_pressure,5,,P-5GPa,Ti-potential/fcc-restart/04-npt-round-2/md/P-5GPa/multi_nnap_md.xyz,4115,0.8152393945,17.68545342,8.997557253,9.345718741,2646,1.693264830624864,2.276240834529928,0.8736674262937921,min_distance_A<1.77527
npt_pressure,5,,P-5GPa,Ti-potential/fcc-restart/04-npt-round-2/md/P-5GPa/multi_nnap_md.xyz,4116,0.5159482536,17.84290968,6.968061486,7.2389601,2647,1.7551655845870564,2.316253910003794,0.8864024335941831,min_distance_A<1.77527
npt_pressure,5,,P-5GPa,Ti-potential/fcc-restart/04-npt-round-2/md/P-5GPa/multi_nnap_md.xyz,4166,0.3754188073,16.75168166,4.309224696,4.275497538,2697,1.8213944084055091,2.4238231816758624,0.9472867534801636,normalized_void>0.946161
npt_pressure,5,,P-5GPa,Ti-potential/fcc-restart/04-npt-round-2/md/P-5GPa/multi_nnap_md.xyz,4185,0.1397358255,18.04049991,2.767208211,2.769047661,2715,2.1276313027190934,2.4890378734731415,0.9490344602676075,normalized_void>0.946161
npt_pressure,5,,P-5GPa,Ti-potential/fcc-restart/04-npt-round-2/md/P-5GPa/multi_nnap_md.xyz,4198,0.3726843291,17.57717128,6.83714469,6.937286704,2727,1.7589618834650005,2.3196163869786037,0.8921403315714435,min_distance_A<1.77527
npt_pressure,5,,P-5GPa,Ti-potential/fcc-restart/04-npt-round-2/md/P-5GPa/multi_nnap_md.xyz,4210,0.1308544674,17.71475353,2.949882005,2.946886717,2731,2.150500447703991,2.566085781433699,0.9843724841498828,normalized_void>0.946161
npt_pressure,5,,P-5GPa,Ti-potential/fcc-restart/04-npt-round-2/md/P-5GPa/multi_nnap_md.xyz,4211,0.1360790434,17.49024259,2.73816069,2.764178573,2732,2.129228296268915,2.5567701953424558,0.9849777434583973,normalized_void>0.946161
npt_pressure,5,,P-5GPa,Ti-potential/fcc-restart/04-npt-round-2/md/P-5GPa/multi_nnap_md.xyz,4212,0.1667818151,17.27294156,2.940454777,2.894436823,2733,2.1443949621604146,2.540261310601364,0.982704532721072,normalized_void>0.946161
npt_pressure,5,,P-5GPa,Ti-potential/fcc-restart/04-npt-round-2/md/P-5GPa/multi_nnap_md.xyz,4213,0.1483047436,17.07784976,3.201708103,3.186562412,2734,2.06638286373714,2.504326479003282,0.9724782180645462,normalized_void>0.946161
npt_pressure,5,,P-5GPa,Ti-potential/fcc-restart/04-npt-round-2/md/P-5GPa/multi_nnap_md.xyz,4214,0.1687006033,16.915812,3.329921227,3.425004327,2735,2.035746541396293,2.4654272109368485,0.9604200877925867,normalized_void>0.946161
npt_pressure,5,,P-5GPa,Ti-potential/fcc-restart/04-npt-round-2/md/P-5GPa/multi_nnap_md.xyz,4215,0.1715326683,16.7935333,3.154820995,3.219325531,2736,2.0535163094422217,2.4837647530984523,0.9699062691841223,normalized_void>0.946161
npt_pressure,5,,P-5GPa,Ti-potential/fcc-restart/04-npt-round-2/md/P-5GPa/multi_nnap_md.xyz,4216,0.1697534285,16.71428503,2.722505024,2.693007013,2737,2.046117602172313,2.453197747662531,0.9594815379772748,normalized_void>0.946161
npt_pressure,5,,P-5GPa,Ti-potential/fcc-restart/04-npt-round-2/md/P-5GPa/multi_nnap_md.xyz,4217,0.136975268,16.68021318,3.032534151,3.022592783,2738,2.0846715991300573,2.424700083942302,0.9489809517481433,normalized_void>0.946161
npt_pressure,5,,P-5GPa,Ti-potential/fcc-restart/04-npt-round-2/md/P-5GPa/multi_nnap_md.xyz,4243,0.3845179872,17.62329161,3.90916384,3.817592779,2761,1.8852787358123866,2.484994883943803,0.9549115723211775,normalized_void>0.946161
npt_pressure,5,,P-5GPa,Ti-potential/fcc-restart/04-npt-round-2/md/P-5GPa/multi_nnap_md.xyz,4244,0.3037402727,17.4760538,3.619134601,3.493796472,2762,1.9644647089110465,2.502777549772683,0.9644383239311486,normalized_void>0.946161
npt_pressure,5,,P-5GPa,Ti-potential/fcc-restart/04-npt-round-2/md/P-5GPa/multi_nnap_md.xyz,4245,0.1944819151,17.35258651,3.18932806,3.171547172,2763,2.088654824242904,2.494519256085814,0.9635304736239971,normalized_void>0.946161
npt_pressure,5,,P-5GPa,Ti-potential/fcc-restart/04-npt-round-2/md/P-5GPa/multi_nnap_md.xyz,4274,0.3437642747,17.04501175,5.47816414,5.266602543,2779,1.7724239178477044,2.204148232514352,0.8564625214999863,min_distance_A<1.77527
npt_pressure,5,,P-5GPa,Ti-potential/fcc-restart/04-npt-round-2/md/P-5GPa/multi_nnap_md.xyz,4336,0.1469452687,17.85280837,3.064063797,3.078432711,2828,2.067868393706018,2.480604876628338,0.9491220842962085,normalized_void>0.946161
npt_pressure,5,,P-5GPa,Ti-potential/fcc-restart/04-npt-round-2/md/P-5GPa/multi_nnap_md.xyz,4337,0.206688226,17.98333262,3.671677643,3.640410052,2829,2.1095849635199015,2.540002735148131,0.9694917667136994,normalized_void>0.946161
npt_pressure,5,,P-5GPa,Ti-potential/fcc-restart/04-npt-round-2/md/P-5GPa/multi_nnap_md.xyz,4338,0.2225516661,18.10919703,3.965807569,3.901846404,2830,2.009482754473274,2.5766149826752227,0.9811825064216599,normalized_void>0.946161
npt_pressure,5,,P-5GPa,Ti-potential/fcc-restart/04-npt-round-2/md/P-5GPa/multi_nnap_md.xyz,4339,0.1870864008,18.23093429,3.695755387,3.684753796,2831,1.9726188661063135,2.5902461710394946,0.9841728915181669,normalized_void>0.946161
npt_pressure,5,,P-5GPa,Ti-potential/fcc-restart/04-npt-round-2/md/P-5GPa/multi_nnap_md.xyz,4340,0.1554999458,18.34458436,3.547519922,3.421139588,2832,2.008372200807812,2.578391363732845,0.9776413133041932,normalized_void>0.946161
npt_pressure,5,,P-5GPa,Ti-potential/fcc-restart/04-npt-round-2/md/P-5GPa/multi_nnap_md.xyz,4341,0.1513658724,18.44107358,3.629752095,3.464857655,2833,2.0111222895443213,2.521197362929882,0.9542850291951239,normalized_void>0.946161
npt_pressure,5,,P-5GPa,Ti-potential/fcc-restart/04-npt-round-2/md/P-5GPa/multi_nnap_md.xyz,4348,0.1407318506,18.17535786,3.736468738,3.784462691,2840,1.9527128506436155,2.4946348384859824,0.9488101593950498,normalized_void>0.946161
npt_pressure,5,,P-5GPa,Ti-potential/fcc-restart/04-npt-round-2/md/P-5GPa/multi_nnap_md.xyz,4349,0.152845496,18.0258403,3.700883185,3.751068359,2841,1.9878254949880936,2.57122898620607,0.9806384457332792,normalized_void>0.946161
npt_pressure,5,,P-5GPa,Ti-potential/fcc-restart/04-npt-round-2/md/P-5GPa/multi_nnap_md.xyz,4351,0.1600473208,17.70757411,3.174601819,3.22319469,2842,2.026257704451433,2.6004969057697838,0.9977076877501537,normalized_void>0.946161
npt_pressure,5,,P-5GPa,Ti-potential/fcc-restart/04-npt-round-2/md/P-5GPa/multi_nnap_md.xyz,4352,0.187989976,17.55175311,3.325498796,3.374386918,2843,1.9155646863491966,2.557898395847586,0.984259894053165,normalized_void>0.946161
npt_pressure,5,,P-5GPa,Ti-potential/fcc-restart/04-npt-round-2/md/P-5GPa/multi_nnap_md.xyz,4353,0.2807851558,17.40808292,3.939476097,3.968947918,2844,1.8651360454600525,2.504316183980564,0.9662856080801482,normalized_void>0.946161
npt_pressure,5,,P-5GPa,Ti-potential/fcc-restart/04-npt-round-2/md/P-5GPa/multi_nnap_md.xyz,4354,0.2088933623,17.28400961,4.056772668,4.01063777,2845,1.840662361131886,2.4602470392653504,0.9515476728399839,normalized_void>0.946161
npt_pressure,5,,P-5GPa,Ti-potential/fcc-restart/04-npt-round-2/md/P-5GPa/multi_nnap_md.xyz,4363,0.1991624152,17.46054198,4.067245915,4.191841191,2852,1.9447899318093191,2.482637604931472,0.9569606704799111,normalized_void>0.946161
npt_pressure,5,,P-5GPa,Ti-potential/fcc-restart/04-npt-round-2/md/P-5GPa/multi_nnap_md.xyz,4364,0.2311842917,17.5795446,3.596065726,3.683851885,2853,2.0304820344437577,2.4638017969010795,0.947552381541772,normalized_void>0.946161
npt_pressure,5,,P-5GPa,Ti-potential/fcc-restart/04-npt-round-2/md/P-5GPa/multi_nnap_md.xyz,4402,0.1764562691,17.75709927,2.421528863,2.458040337,2882,1.9325020675451259,2.483754356885767,0.9520314625468029,normalized_void>0.946161
npt_pressure,5,,P-5GPa,Ti-potential/fcc-restart/04-npt-round-2/md/P-5GPa/multi_nnap_md.xyz,4403,0.3168242051,17.79202922,4.464827133,4.550990422,2883,1.8083574848687527,2.492084723194806,0.9545990002104775,normalized_void>0.946161
npt_pressure,5,,P-5GPa,Ti-potential/fcc-restart/04-npt-round-2/md/P-5GPa/multi_nnap_md.xyz,4404,0.2671612775,17.81319476,4.067311849,4.143006197,2884,1.8190504535515957,2.5015573357688274,0.9578478364060262,normalized_void>0.946161
npt_pressure,5,,P-5GPa,Ti-potential/fcc-restart/04-npt-round-2/md/P-5GPa/multi_nnap_md.xyz,4405,0.1316358882,17.82209119,2.965598631,3.026002203,2885,1.9694652297543722,2.49903014234008,0.9567209276213877,normalized_void>0.946161
npt_pressure,5,,P-5GPa,Ti-potential/fcc-restart/04-npt-round-2/md/P-5GPa/multi_nnap_md.xyz,4406,0.2528665636,17.81998107,3.857069581,3.797548221,2886,1.8754442047614925,2.482229880193745,0.9503266749135596,normalized_void>0.946161
npt_pressure,5,,P-5GPa,Ti-potential/fcc-restart/04-npt-round-2/md/P-5GPa/multi_nnap_md.xyz,4448,0.3598911237,17.63410782,6.196839194,6.449858848,2923,1.7488044572243164,2.364424016468239,0.9083938767694786,min_distance_A<1.77527
npt_pressure,5,,P-5GPa,Ti-potential/fcc-restart/04-npt-round-2/md/P-5GPa/multi_nnap_md.xyz,4474,0.3285192973,17.37103735,4.589966875,4.525084416,2947,1.9227423078754406,2.4523479774767134,0.9469059453334572,normalized_void>0.946161
npt_pressure,5,,P-5GPa,Ti-potential/fcc-restart/04-npt-round-2/md/P-5GPa/multi_nnap_md.xyz,4487,0.2058288864,17.93685396,3.932535429,3.842097177,2954,2.022342232846121,2.4812637634095625,0.9478890558812065,normalized_void>0.946161
npt_pressure,5,,P-5GPa,Ti-potential/fcc-restart/04-npt-round-2/md/P-5GPa/multi_nnap_md.xyz,4488,0.2109350522,17.87420643,3.999908876,3.811951387,2955,2.015690075511363,2.4936079859528033,0.953716413707014,normalized_void>0.946161
npt_pressure,5,,P-5GPa,Ti-potential/fcc-restart/04-npt-round-2/md/P-5GPa/multi_nnap_md.xyz,4489,0.2405015872,17.80301619,3.749750756,3.539833466,2956,1.9946614230622555,2.4940826551661877,0.9551677409743369,normalized_void>0.946161
npt_pressure,5,,P-5GPa,Ti-potential/fcc-restart/04-npt-round-2/md/P-5GPa/multi_nnap_md.xyz,4505,0.1334964831,17.8571227,2.965342627,2.962293735,2972,2.091937895599335,2.5115707196568517,0.9608927510938864,normalized_void>0.946161
npt_pressure,5,,P-5GPa,Ti-potential/fcc-restart/04-npt-round-2/md/P-5GPa/multi_nnap_md.xyz,4509,0.1532512099,18.14448667,3.170519741,3.236719759,2973,1.9510410010462764,2.6024542513067246,0.9903792708846894,normalized_void>0.946161
npt_pressure,5,,P-5GPa,Ti-potential/fcc-restart/04-npt-round-2/md/P-5GPa/multi_nnap_md.xyz,4510,0.2152939872,18.18856929,3.358814153,3.625780507,2974,1.8920705427880258,2.5639285754873966,0.9749291961361647,normalized_void>0.946161
npt_pressure,5,,P-5GPa,Ti-potential/fcc-restart/04-npt-round-2/md/P-5GPa/multi_nnap_md.xyz,4511,0.2628587975,18.21810113,4.73638256,4.613432248,2975,1.8299486987139775,2.505782631263729,0.952304182476669,normalized_void>0.946161
npt_pressure,5,,P-5GPa,Ti-potential/fcc-restart/04-npt-round-2/md/P-5GPa/multi_nnap_md.xyz,4524,0.1300559693,17.60501506,3.469297901,3.421013616,2986,1.937167429206708,2.510017465381747,0.9648606830681008,normalized_void>0.946161
npt_pressure,5,,P-5GPa,Ti-potential/fcc-restart/04-npt-round-2/md/P-5GPa/multi_nnap_md.xyz,4525,0.2079873493,17.53663234,4.052423641,4.026816643,2987,1.9592941981243313,2.565305972059926,0.987393899913437,normalized_void>0.946161
npt_pressure,5,,P-5GPa,Ti-potential/fcc-restart/04-npt-round-2/md/P-5GPa/multi_nnap_md.xyz,4526,0.2512851572,17.48542405,4.369341517,4.280554886,2988,2.055583162004732,2.5553140151582063,0.9845071786725803,normalized_void>0.946161
npt_pressure,5,,P-5GPa,Ti-potential/fcc-restart/04-npt-round-2/md/P-5GPa/multi_nnap_md.xyz,4527,0.1335507556,17.45629135,3.795400664,3.692447113,2989,2.2006563727145014,2.5490566435613364,0.9826423835563977,normalized_void>0.946161
npt_pressure,5,,P-5GPa,Ti-potential/fcc-restart/04-npt-round-2/md/P-5GPa/multi_nnap_md.xyz,4528,0.146843332,17.44980497,3.249260069,3.221825465,2990,2.022125370680934,2.551143101710864,0.9835685370006504,normalized_void>0.946161
npt_pressure,5,,P-5GPa,Ti-potential/fcc-restart/04-npt-round-2/md/P-5GPa/multi_nnap_md.xyz,4529,0.2020323522,17.46353937,3.517791465,3.496890381,2991,1.94407518554458,2.547940416574433,0.982076182646117,normalized_void>0.946161
npt_pressure,5,,P-5GPa,Ti-potential/fcc-restart/04-npt-round-2/md/P-5GPa/multi_nnap_md.xyz,4530,0.1850652701,17.49449914,3.308641392,3.33828918,2992,1.9935439490321583,2.5105716610306326,0.9671016356985619,normalized_void>0.946161
npt_pressure,5,,P-5GPa,Ti-potential/fcc-restart/04-npt-round-2/md/P-5GPa/multi_nnap_md.xyz,4531,0.1298030576,17.54110756,2.851528361,2.791625916,2993,2.0653367498130595,2.4671840333936923,0.9495457084774499,normalized_void>0.946161
npt_pressure,5,,P-5GPa,Ti-potential/fcc-restart/04-npt-round-2/md/P-5GPa/multi_nnap_md.xyz,4546,0.1297877074,17.27650724,3.920586868,4.014487473,3001,2.1398163594375514,2.4479897096490806,0.9469439470741652,normalized_void>0.946161
npt_pressure,5,,P-5GPa,Ti-potential/fcc-restart/04-npt-round-2/md/P-5GPa/multi_nnap_md.xyz,4549,0.1327736502,17.11895528,3.570612516,3.599592187,3002,2.0612764953351657,2.464319410435687,0.9561761614507228,normalized_void>0.946161
npt_pressure,5,,P-5GPa,Ti-potential/fcc-restart/04-npt-round-2/md/P-5GPa/multi_nnap_md.xyz,4550,0.134929254,17.12417271,3.088840227,3.079387484,3003,2.0755745915091217,2.446241668760034,0.9490654418680209,normalized_void>0.946161
npt_pressure,5,,P-5GPa,Ti-potential/fcc-restart/04-npt-round-2/md/P-5GPa/multi_nnap_md.xyz,4557,0.5609849981,17.72705502,6.487899328,6.209781708,3010,1.7197964387299987,2.365048141968424,0.9070428160543872,min_distance_A<1.77527
npt_pressure,5,,P-5GPa,Ti-potential/fcc-restart/04-npt-round-2/md/P-5GPa/multi_nnap_md.xyz,4558,0.3634207043,17.86895681,4.896743754,4.587136697,3011,1.7649825294296106,2.375786260034692,0.9087427657689853,min_distance_A<1.77527
npt_pressure,5,,P-5GPa,Ti-potential/fcc-restart/04-npt-round-2/md/P-5GPa/multi_nnap_md.xyz,4615,0.5895836923,17.26450745,6.305799272,6.643185491,3049,1.7446695918265007,2.379385226380174,0.9206192037230049,min_distance_A<1.77527
npt_pressure,5,,P-5GPa,Ti-potential/fcc-restart/04-npt-round-2/md/P-5GPa/multi_nnap_md.xyz,4620,0.1340523236,17.9939931,3.526338223,3.539317209,3054,2.050728596985962,2.490569817536014,0.9504359845337208,normalized_void>0.946161
npt_pressure,5,,P-5GPa,Ti-potential/fcc-restart/04-npt-round-2/md/P-5GPa/multi_nnap_md.xyz,4621,0.1452333508,18.14348295,3.644747199,3.628689696,3055,2.1193998129170124,2.539477769699416,0.9664310210619983,normalized_void>0.946161
npt_pressure,5,,P-5GPa,Ti-potential/fcc-restart/04-npt-round-2/md/P-5GPa/multi_nnap_md.xyz,4622,0.1427627616,18.28155509,3.142992492,3.127954029,3056,2.1983371207729654,2.5294589799562197,0.960188711161504,normalized_void>0.946161
npt_pressure,5,,P-5GPa,Ti-potential/fcc-restart/04-npt-round-2/md/P-5GPa/multi_nnap_md.xyz,4651,0.27322863,18.17633758,6.000488257,5.647884261,3082,1.7529386953114539,2.3519208043730586,0.894514188747781,min_distance_A<1.77527
npt_pressure,5,,P-5GPa,Ti-potential/fcc-restart/04-npt-round-2/md/P-5GPa/multi_nnap_md.xyz,4704,0.2127003095,18.00839861,3.64284954,3.755476367,3131,2.0499811447474263,2.488143559236926,0.9492568417948202,normalized_void>0.946161
npt_pressure,5,,P-5GPa,Ti-potential/fcc-restart/04-npt-round-2/md/P-5GPa/multi_nnap_md.xyz,4705,0.2827051721,18.0651418,3.999229868,4.222489455,3132,1.9958059559468597,2.5019181784725553,0.953511592958919,normalized_void>0.946161
npt_pressure,5,,P-5GPa,Ti-potential/fcc-restart/04-npt-round-2/md/P-5GPa/multi_nnap_md.xyz,4706,0.2731931782,18.11488087,3.880333192,4.105728462,3133,2.039755093981232,2.506513291018788,0.9543877384743842,normalized_void>0.946161
npt_pressure,5,,P-5GPa,Ti-potential/fcc-restart/04-npt-round-2/md/P-5GPa/multi_nnap_md.xyz,4717,0.2450124611,17.59174463,4.697148723,4.341087337,3144,1.8700307693494642,2.483101620315036,0.9547540794192672,normalized_void>0.946161
npt_pressure,5,,P-5GPa,Ti-potential/fcc-restart/04-npt-round-2/md/P-5GPa/multi_nnap_md.xyz,4718,0.2958726614,17.48506679,5.426519203,5.117230715,3145,1.8301371203652335,2.5129302511734664,0.9681842259549494,normalized_void>0.946161
npt_pressure,5,,P-5GPa,Ti-potential/fcc-restart/04-npt-round-2/md/P-5GPa/multi_nnap_md.xyz,4719,0.2676910688,17.39081461,3.992628301,3.755112372,3146,1.9489406614276372,2.5286680616315733,0.9760045629946823,normalized_void>0.946161
npt_pressure,5,,P-5GPa,Ti-potential/fcc-restart/04-npt-round-2/md/P-5GPa/multi_nnap_md.xyz,4720,0.2552225432,17.31686134,3.7258427,3.575419822,3147,1.870236446188096,2.500727165272036,0.9665921238450492,normalized_void>0.946161
npt_pressure,5,,P-5GPa,Ti-potential/fcc-restart/04-npt-round-2/md/P-5GPa/multi_nnap_md.xyz,4721,0.2736219139,17.27185041,3.759011922,3.71242937,3148,1.865721075605995,2.4580017429005285,0.9509022984606308,normalized_void>0.946161
npt_pressure,5,,P-5GPa,Ti-potential/fcc-restart/04-npt-round-2/md/P-5GPa/multi_nnap_md.xyz,4764,0.13033409,18.30728415,3.259854543,3.207298428,3177,2.1141385444294047,2.494038583663384,0.9462993180693723,normalized_void>0.946161
npt_pressure,5,,P-5GPa,Ti-potential/fcc-restart/04-npt-round-2/md/P-5GPa/multi_nnap_md.xyz,4767,0.1794745036,18.28647304,3.735975635,3.758217778,3179,2.0543546551856893,2.5358811593471753,0.9625402820802412,normalized_void>0.946161
npt_pressure,5,,P-5GPa,Ti-potential/fcc-restart/04-npt-round-2/md/P-5GPa/multi_nnap_md.xyz,4768,0.1292623819,18.25717821,3.520218137,3.362420839,3180,2.0476791537064667,2.568362355007135,0.9753902516279706,normalized_void>0.946161
npt_pressure,5,,P-5GPa,Ti-potential/fcc-restart/04-npt-round-2/md/P-5GPa/multi_nnap_md.xyz,4771,0.1384282828,18.12214018,3.282498548,3.233443285,3181,1.9923996943247662,2.5887616089750907,0.9855732274902285,normalized_void>0.946161
npt_pressure,5,,P-5GPa,Ti-potential/fcc-restart/04-npt-round-2/md/P-5GPa/multi_nnap_md.xyz,4772,0.2568683692,18.06429411,4.383502916,4.404298223,3182,1.8728997425737812,2.5856807172207157,0.9854499341910574,normalized_void>0.946161
npt_pressure,5,,P-5GPa,Ti-potential/fcc-restart/04-npt-round-2/md/P-5GPa/multi_nnap_md.xyz,4773,0.2422540994,18.00088059,4.458016361,4.250755701,3183,1.8873306122060411,2.573766401820486,0.9820596712614627,normalized_void>0.946161
npt_pressure,5,,P-5GPa,Ti-potential/fcc-restart/04-npt-round-2/md/P-5GPa/multi_nnap_md.xyz,4774,0.2456566303,17.93133898,5.064939854,4.918286167,3184,1.9239257681442499,2.556128652442198,0.9765889401278864,normalized_void>0.946161
npt_pressure,5,,P-5GPa,Ti-potential/fcc-restart/04-npt-round-2/md/P-5GPa/multi_nnap_md.xyz,4775,0.207986908,17.8565319,5.08952325,4.964531652,3185,1.9297484524311068,2.5415439206778925,0.9723708132406258,normalized_void>0.946161
npt_pressure,5,,P-5GPa,Ti-potential/fcc-restart/04-npt-round-2/md/P-5GPa/multi_nnap_md.xyz,4776,0.1971483928,17.7771432,3.560925471,3.423685776,3186,2.0530800361990575,2.5288856533017627,0.9689659940644021,normalized_void>0.946161
npt_pressure,5,,P-5GPa,Ti-potential/fcc-restart/04-npt-round-2/md/P-5GPa/multi_nnap_md.xyz,4777,0.2060846226,17.69325661,3.506853317,3.52978925,3187,1.9171790840765899,2.4980172061688455,0.9586487271854055,normalized_void>0.946161
npt_pressure,5,,P-5GPa,Ti-potential/fcc-restart/04-npt-round-2/md/P-5GPa/multi_nnap_md.xyz,4778,0.7095161652,17.60850541,7.731081992,8.402810618,3188,1.722506547968447,2.4030438968097707,0.923678579953231,min_distance_A<1.77527
npt_pressure,5,,P-5GPa,Ti-potential/fcc-restart/04-npt-round-2/md/P-5GPa/multi_nnap_md.xyz,4779,0.494689729,17.53021184,6.836778844,7.222642221,3189,1.760222960778547,2.306165175469885,0.8877581915786928,min_distance_A<1.77527
npt_pressure,5,,P-5GPa,Ti-potential/fcc-restart/04-npt-round-2/md/P-5GPa/multi_nnap_md.xyz,4805,0.1375657517,17.48095699,3.840887159,3.825945788,3209,1.9705734224126743,2.516973308959009,0.9698179291500961,normalized_void>0.946161
npt_pressure,5,,P-5GPa,Ti-potential/fcc-restart/04-npt-round-2/md/P-5GPa/multi_nnap_md.xyz,4806,0.1324619421,17.38264618,3.204114408,3.185845904,3210,2.0122936023409426,2.530519146192313,0.9768720056355517,normalized_void>0.946161
npt_pressure,5,,P-5GPa,Ti-potential/fcc-restart/04-npt-round-2/md/P-5GPa/multi_nnap_md.xyz,4807,0.1912918631,17.29572424,4.025023658,4.071571627,3211,2.061989161633454,2.4989343898236935,0.9662924873068466,normalized_void>0.946161
npt_pressure,5,,P-5GPa,Ti-potential/fcc-restart/04-npt-round-2/md/P-5GPa/multi_nnap_md.xyz,4875,0.1403067888,17.99415377,2.609387348,2.655880593,3267,2.0789287591644197,2.4835123058112476,0.9477399194888715,normalized_void>0.946161
npt_pressure,5,,P-5GPa,Ti-potential/fcc-restart/04-npt-round-2/md/P-5GPa/multi_nnap_md.xyz,4876,0.1442670143,18.04204112,2.996916026,3.112674533,3268,2.03042763432339,2.5036388195105106,0.9545744091258671,normalized_void>0.946161
npt_pressure,5,,P-5GPa,Ti-potential/fcc-restart/04-npt-round-2/md/P-5GPa/multi_nnap_md.xyz,4877,0.184410477,18.07375417,3.931645405,3.817784208,3269,1.9553788924664832,2.5027069627661036,0.9536606830832565,normalized_void>0.946161
npt_pressure,5,,P-5GPa,Ti-potential/fcc-restart/04-npt-round-2/md/P-5GPa/multi_nnap_md.xyz,4897,0.1301578643,17.56601698,4.113640639,4.000962157,3286,2.0674268328790073,2.4963476208533817,0.9603155517805659,normalized_void>0.946161
npt_pressure,5,,P-5GPa,Ti-potential/fcc-restart/04-npt-round-2/md/P-5GPa/multi_nnap_md.xyz,4898,0.163409763,17.69506903,4.08582286,3.945009026,3287,2.0308945639183924,2.4934213628317683,0.9568523378741081,normalized_void>0.946161
npt_pressure,5,,P-5GPa,Ti-potential/fcc-restart/04-npt-round-2/md/P-5GPa/multi_nnap_md.xyz,4899,0.1511043493,17.8324404,3.558307706,3.453591792,3288,1.9955965518296737,2.477198843158705,0.9481796019458751,normalized_void>0.946161
npt_pressure,5,,P-5GPa,Ti-potential/fcc-restart/04-npt-round-2/md/P-5GPa/multi_nnap_md.xyz,4911,0.1374008949,17.47845454,3.277102269,3.210363802,3293,2.0817091168738777,2.5346511209291713,0.9766759944363799,normalized_void>0.946161
npt_pressure,5,,P-5GPa,Ti-potential/fcc-restart/04-npt-round-2/md/P-5GPa/multi_nnap_md.xyz,4912,0.1380398937,17.36343708,3.386022624,3.242790318,3294,2.0372707332979627,2.5403174386376812,0.9810159993917323,normalized_void>0.946161
npt_pressure,5,,P-5GPa,Ti-potential/fcc-restart/04-npt-round-2/md/P-5GPa/multi_nnap_md.xyz,4913,0.1549143078,17.27649049,3.133369232,3.167095901,3295,2.029086948192705,2.5138804846772116,0.9724324692142923,normalized_void>0.946161
npt_pressure,5,,P-5GPa,Ti-potential/fcc-restart/04-npt-round-2/md/P-5GPa/multi_nnap_md.xyz,4914,0.2115269986,17.21739342,3.082895878,3.097428448,3296,2.0357264250319616,2.452642183290333,0.9498281991294203,normalized_void>0.946161
npt_pressure,5,,P-5GPa,Ti-potential/fcc-restart/04-npt-round-2/md/P-5GPa/multi_nnap_md.xyz,4922,0.535334567,17.39148888,5.824302347,6.506295605,3301,1.7417210887475063,2.3653815050789735,0.9129681122356249,min_distance_A<1.77527
npt_pressure,5,,P-5GPa,Ti-potential/fcc-restart/04-npt-round-2/md/P-5GPa/multi_nnap_md.xyz,4923,0.3332128635,17.4851358,4.783916352,5.191233342,3302,1.7741109318098105,2.3829783547704313,0.9181150241551508,min_distance_A<1.77527
npt_pressure,5,,P-5GPa,Ti-potential/fcc-restart/04-npt-round-2/md/P-5GPa/multi_nnap_md.xyz,4980,1.360174567,17.69117011,8.11062146,8.293903303,3345,1.6990223977375742,2.4382238751457104,0.9357389919244453,min_distance_A<1.77527
npt_pressure,5,,P-5GPa,Ti-potential/fcc-restart/04-npt-round-2/md/P-5GPa/multi_nnap_md.xyz,4981,0.7829279837,17.64793249,5.775167284,5.961470679,3346,1.7548358186210709,2.419523058895013,0.9293197228008566,min_distance_A<1.77527
npt_pressure,5,,P-5GPa,Ti-potential/fcc-restart/04-npt-round-2/md/P-5GPa/multi_nnap_md.xyz,4987,0.5283508842,17.48525648,6.497853958,6.826263861,3349,1.738357402700396,2.284814828509409,0.8802925093055756,min_distance_A<1.77527
npt_pressure,5,,P-5GPa,Ti-potential/fcc-restart/04-npt-round-2/md/P-5GPa/multi_nnap_md.xyz,4988,0.4234796842,17.48505008,6.136476228,6.477265272,3350,1.753225911453118,2.2946179334867907,0.8840729241445955,min_distance_A<1.77527
npt_pressure,10,,P-10GPa,Ti-potential/fcc-restart/04-npt-round-2/md/P-10GPa/multi_nnap_md.xyz,598,0.6381960776,17.1889926,7.474571778,7.490483806,73,1.7561358597635566,2.3402344607396794,0.9067952335503303,min_distance_A<1.77527
npt_pressure,10,,P-10GPa,Ti-potential/fcc-restart/04-npt-round-2/md/P-10GPa/multi_nnap_md.xyz,600,0.2126855703,17.16327873,3.571288271,3.277208443,75,1.8559173111379315,2.44701069470419,0.9486422192652785,normalized_void>0.946161
npt_pressure,10,,P-10GPa,Ti-potential/fcc-restart/04-npt-round-2/md/P-10GPa/multi_nnap_md.xyz,601,0.1337513246,17.12539464,3.176142625,3.257467313,76,2.017120961140248,2.4747755098404984,0.9601128455187932,normalized_void>0.946161
npt_pressure,10,,P-10GPa,Ti-potential/fcc-restart/04-npt-round-2/md/P-10GPa/multi_nnap_md.xyz,602,0.1612910274,17.07516719,4.143075276,4.061496762,77,2.0775372727035752,2.487826078787184,0.9661213831817909,normalized_void>0.946161
npt_pressure,10,,P-10GPa,Ti-potential/fcc-restart/04-npt-round-2/md/P-10GPa/multi_nnap_md.xyz,603,0.1748402546,17.01787198,4.584508404,4.603158885,78,2.063660012013011,2.4832317857773734,0.9654182578799071,normalized_void>0.946161
npt_pressure,10,,P-10GPa,Ti-potential/fcc-restart/04-npt-round-2/md/P-10GPa/multi_nnap_md.xyz,604,0.1868388707,16.958466,4.067175333,4.038710613,79,2.01963472365336,2.482323257569228,0.966190614900127,normalized_void>0.946161
npt_pressure,10,,P-10GPa,Ti-potential/fcc-restart/04-npt-round-2/md/P-10GPa/multi_nnap_md.xyz,605,0.1578220343,16.90105477,3.765473903,3.644983432,80,2.0356658000141707,2.460462692594685,0.9587650213859896,normalized_void>0.946161
npt_pressure,10,,P-10GPa,Ti-potential/fcc-restart/04-npt-round-2/md/P-10GPa/multi_nnap_md.xyz,634,0.9570392948,16.21459391,8.418719891,7.930924231,102,1.6785526472878647,2.213367738401221,0.8744833601596514,min_distance_A<1.77527
npt_pressure,10,,P-10GPa,Ti-potential/fcc-restart/04-npt-round-2/md/P-10GPa/multi_nnap_md.xyz,635,0.4691195077,16.17693645,6.431908384,6.345485282,103,1.7425146100439692,2.250227226100765,0.8897355605118308,min_distance_A<1.77527
npt_pressure,10,,P-10GPa,Ti-potential/fcc-restart/04-npt-round-2/md/P-10GPa/multi_nnap_md.xyz,651,0.1298467116,17.33932457,2.595869936,2.608328506,109,2.1045165725569217,2.483822498259271,0.9596432905552291,normalized_void>0.946161
npt_pressure,10,,P-10GPa,Ti-potential/fcc-restart/04-npt-round-2/md/P-10GPa/multi_nnap_md.xyz,652,0.1698319456,17.33376759,2.811484837,2.77182912,110,2.025997970767105,2.48550496346335,0.9603959315805328,normalized_void>0.946161
npt_pressure,10,,P-10GPa,Ti-potential/fcc-restart/04-npt-round-2/md/P-10GPa/multi_nnap_md.xyz,653,0.2392528289,17.29205176,3.586095651,3.547051513,111,1.9077768063949838,2.4553889888420324,0.9495214827172511,normalized_void>0.946161
npt_pressure,10,,P-10GPa,Ti-potential/fcc-restart/04-npt-round-2/md/P-10GPa/multi_nnap_md.xyz,658,0.5782009486,16.74530442,5.427340266,5.516834757,116,1.7476274160629672,2.3127797346268304,0.9040031091961804,min_distance_A<1.77527
npt_pressure,10,,P-10GPa,Ti-potential/fcc-restart/04-npt-round-2/md/P-10GPa/multi_nnap_md.xyz,663,0.6948296171,16.44925684,6.759094186,6.908117072,121,1.746056104653172,2.2878551139971974,0.8995937385804195,min_distance_A<1.77527
npt_pressure,10,,P-10GPa,Ti-potential/fcc-restart/04-npt-round-2/md/P-10GPa/multi_nnap_md.xyz,686,0.4673773292,16.25049424,5.108459292,5.164344455,141,1.7689808148864734,2.35665514235121,0.9304088740963851,min_distance_A<1.77527
npt_pressure,10,,P-10GPa,Ti-potential/fcc-restart/04-npt-round-2/md/P-10GPa/multi_nnap_md.xyz,706,0.1519029897,16.93829735,2.974440415,2.949870564,157,2.0537195931366994,2.4733945378541313,0.9630972582593943,normalized_void>0.946161
npt_pressure,10,,P-10GPa,Ti-potential/fcc-restart/04-npt-round-2/md/P-10GPa/multi_nnap_md.xyz,707,0.2029489058,16.82163064,3.134732052,3.153752507,158,2.002594482741111,2.5372460879637373,0.9902386972789983,normalized_void>0.946161
npt_pressure,10,,P-10GPa,Ti-potential/fcc-restart/04-npt-round-2/md/P-10GPa/multi_nnap_md.xyz,708,0.1856653299,16.71327258,3.20208167,3.245381004,159,1.9533764902476216,2.5665226595339825,1.003824838328566,normalized_void>0.946161
npt_pressure,10,,P-10GPa,Ti-potential/fcc-restart/04-npt-round-2/md/P-10GPa/multi_nnap_md.xyz,709,0.1700634473,16.62128037,3.321870249,3.400217726,160,2.00617826158902,2.581821187046153,1.0116679741575234,normalized_void>0.946161
npt_pressure,10,,P-10GPa,Ti-potential/fcc-restart/04-npt-round-2/md/P-10GPa/multi_nnap_md.xyz,710,0.2157031424,16.55117109,2.930662169,3.064563725,161,2.0142103605905075,2.546856473178629,0.9993744188868849,normalized_void>0.946161
npt_pressure,10,,P-10GPa,Ti-potential/fcc-restart/04-npt-round-2/md/P-10GPa/multi_nnap_md.xyz,711,0.3359526061,16.50662923,4.575110832,4.672488504,162,1.8158176308054894,2.4883490902335166,0.9772938713362266,normalized_void>0.946161
npt_pressure,10,,P-10GPa,Ti-potential/fcc-restart/04-npt-round-2/md/P-10GPa/multi_nnap_md.xyz,712,0.5222735093,16.49073707,6.476364033,6.311333825,163,1.7438131725738868,2.4236357813626093,0.9521835329487699,min_distance_A<1.77527;normalized_void>0.946161
npt_pressure,10,,P-10GPa,Ti-potential/fcc-restart/04-npt-round-2/md/P-10GPa/multi_nnap_md.xyz,844,0.1762927599,16.60623573,3.194485896,3.245030339,266,2.050818069092856,2.4269525667146405,0.9512709232276362,normalized_void>0.946161
npt_pressure,10,,P-10GPa,Ti-potential/fcc-restart/04-npt-round-2/md/P-10GPa/multi_nnap_md.xyz,845,0.2950453493,16.53179596,4.998979994,5.102813938,267,1.8364052431985096,2.4251396963938148,0.9519849479161682,normalized_void>0.946161
npt_pressure,10,,P-10GPa,Ti-potential/fcc-restart/04-npt-round-2/md/P-10GPa/multi_nnap_md.xyz,846,0.7372468101,16.48070561,7.464900488,7.533052316,268,1.7327923757803299,2.3831841962190157,0.9364810843722118,min_distance_A<1.77527
npt_pressure,10,,P-10GPa,Ti-potential/fcc-restart/04-npt-round-2/md/P-10GPa/multi_nnap_md.xyz,867,0.1605611734,17.14695614,2.910107607,2.881485715,285,2.1370600704203135,2.4431189781574365,0.9474339397150517,normalized_void>0.946161
npt_pressure,10,,P-10GPa,Ti-potential/fcc-restart/04-npt-round-2/md/P-10GPa/multi_nnap_md.xyz,1005,1.370249757,16.97580082,7.709967043,8.147237747,384,1.7072494309899953,2.302563224692411,0.8959177489444776,min_distance_A<1.77527
npt_pressure,10,,P-10GPa,Ti-potential/fcc-restart/04-npt-round-2/md/P-10GPa/multi_nnap_md.xyz,1006,0.9323958604,16.92142125,7.788192352,7.930345429,385,1.742370522240971,2.2866759244727284,0.8906881483917427,min_distance_A<1.77527
npt_pressure,10,,P-10GPa,Ti-potential/fcc-restart/04-npt-round-2/md/P-10GPa/multi_nnap_md.xyz,1009,0.4526789252,16.85646005,5.706937939,5.730706289,388,1.7726264590259735,2.1937650743120956,0.8555945172064827,min_distance_A<1.77527
npt_pressure,10,,P-10GPa,Ti-potential/fcc-restart/04-npt-round-2/md/P-10GPa/multi_nnap_md.xyz,1041,0.8501269738,16.87042496,7.614914502,7.805880231,411,1.6989385219781328,2.260278524406297,0.8812922503659878,min_distance_A<1.77527
npt_pressure,10,,P-10GPa,Ti-potential/fcc-restart/04-npt-round-2/md/P-10GPa/multi_nnap_md.xyz,1051,1.157761499,17.24069792,9.074815139,9.238907947,421,1.7073099944224677,2.3006788334009096,0.8905761275887141,min_distance_A<1.77527
npt_pressure,10,,P-10GPa,Ti-potential/fcc-restart/04-npt-round-2/md/P-10GPa/multi_nnap_md.xyz,1101,0.1659696097,17.25762655,3.482472738,3.595791064,453,2.0443583217286254,2.4749118348003774,0.9577071068813077,normalized_void>0.946161
npt_pressure,10,,P-10GPa,Ti-potential/fcc-restart/04-npt-round-2/md/P-10GPa/multi_nnap_md.xyz,1102,0.1485543148,17.36867766,3.627579994,3.752587481,454,2.0273935361877697,2.4817733891859803,0.9583111438772379,normalized_void>0.946161
npt_pressure,10,,P-10GPa,Ti-potential/fcc-restart/04-npt-round-2/md/P-10GPa/multi_nnap_md.xyz,1103,0.2280184171,17.46594627,3.738180354,3.700926068,455,2.035502571681981,2.4648932121284712,0.9500228889568958,normalized_void>0.946161
npt_pressure,10,,P-10GPa,Ti-potential/fcc-restart/04-npt-round-2/md/P-10GPa/multi_nnap_md.xyz,1111,0.5541729821,17.1602013,5.677048899,5.433813003,463,1.774880157731972,2.269383931634774,0.8798335451219186,min_distance_A<1.77527
npt_pressure,10,,P-10GPa,Ti-potential/fcc-restart/04-npt-round-2/md/P-10GPa/multi_nnap_md.xyz,1121,0.6025529649,16.23544794,8.468320958,9.259001481,473,1.6901516297625419,2.2413546578135852,0.8851614472549811,min_distance_A<1.77527
npt_pressure,10,,P-10GPa,Ti-potential/fcc-restart/04-npt-round-2/md/P-10GPa/multi_nnap_md.xyz,1247,0.448903541,16.25736018,6.661904576,6.999697399,570,1.7380042485303067,2.1600905425278643,0.8526849799719484,min_distance_A<1.77527
npt_pressure,10,,P-10GPa,Ti-potential/fcc-restart/04-npt-round-2/md/P-10GPa/multi_nnap_md.xyz,1343,0.1663563426,17.17685307,3.493241091,3.475492046,645,1.9768828497354096,2.4462160059386675,0.9480842600785868,normalized_void>0.946161
npt_pressure,10,,P-10GPa,Ti-potential/fcc-restart/04-npt-round-2/md/P-10GPa/multi_nnap_md.xyz,1344,0.170240515,17.15355294,3.321052483,3.270310406,646,2.032398189845478,2.5030335946176123,0.9705441945903709,normalized_void>0.946161
npt_pressure,10,,P-10GPa,Ti-potential/fcc-restart/04-npt-round-2/md/P-10GPa/multi_nnap_md.xyz,1400,0.536239933,17.14157359,6.830761137,7.683057174,687,1.7132543307569121,2.3004710718103354,0.892208892086664,min_distance_A<1.77527
npt_pressure,10,,P-10GPa,Ti-potential/fcc-restart/04-npt-round-2/md/P-10GPa/multi_nnap_md.xyz,1401,0.3147102286,17.02837827,5.22702146,5.778050934,688,1.7680569858564,2.302154727482484,0.8948359278776146,min_distance_A<1.77527
npt_pressure,10,,P-10GPa,Ti-potential/fcc-restart/04-npt-round-2/md/P-10GPa/multi_nnap_md.xyz,1482,0.1529067115,16.81431104,3.442862745,3.506956043,762,2.1047977477826283,2.445004914219661,0.9543771746750637,normalized_void>0.946161
npt_pressure,10,,P-10GPa,Ti-potential/fcc-restart/04-npt-round-2/md/P-10GPa/multi_nnap_md.xyz,1483,0.1512410127,16.69015532,3.657310914,3.577766167,763,2.167476321234599,2.4548122848869047,0.960575477213705,normalized_void>0.946161
npt_pressure,10,,P-10GPa,Ti-potential/fcc-restart/04-npt-round-2/md/P-10GPa/multi_nnap_md.xyz,1484,0.1421779891,16.57920934,3.59428979,3.495030033,764,2.0886287277728135,2.4350135256721277,0.9549488414551038,normalized_void>0.946161
npt_pressure,10,,P-10GPa,Ti-potential/fcc-restart/04-npt-round-2/md/P-10GPa/multi_nnap_md.xyz,1519,0.1603679144,16.31012357,3.676771815,3.617592015,788,1.98018650493011,2.40063407734525,0.9466153652316011,normalized_void>0.946161
npt_pressure,10,,P-10GPa,Ti-potential/fcc-restart/04-npt-round-2/md/P-10GPa/multi_nnap_md.xyz,1520,0.2005882606,16.35860368,2.953884184,2.921141308,789,1.9065716371165164,2.42211996573707,0.9541432288766485,normalized_void>0.946161
npt_pressure,10,,P-10GPa,Ti-potential/fcc-restart/04-npt-round-2/md/P-10GPa/multi_nnap_md.xyz,1521,0.1700990314,16.42900344,2.815315764,2.816106111,790,1.924672363307103,2.4243251367799297,0.9536458525062005,normalized_void>0.946161
npt_pressure,10,,P-10GPa,Ti-potential/fcc-restart/04-npt-round-2/md/P-10GPa/multi_nnap_md.xyz,1545,0.3535471466,16.79827012,4.917510794,4.898488432,803,1.7692325178657167,2.3206736491642026,0.9061342597098353,min_distance_A<1.77527
npt_pressure,10,,P-10GPa,Ti-potential/fcc-restart/04-npt-round-2/md/P-10GPa/multi_nnap_md.xyz,1588,0.2423866136,16.50838884,3.868489159,3.92691897,841,1.8970405285950926,2.412742135435116,0.9475657299192303,normalized_void>0.946161
npt_pressure,10,,P-10GPa,Ti-potential/fcc-restart/04-npt-round-2/md/P-10GPa/multi_nnap_md.xyz,1600,0.1283176615,17.0154341,3.355091687,3.360240412,851,2.1179602487244824,2.452280461008029,0.9534306885659408,normalized_void>0.946161
npt_pressure,10,,P-10GPa,Ti-potential/fcc-restart/04-npt-round-2/md/P-10GPa/multi_nnap_md.xyz,1601,0.1486914177,17.08041365,3.789867951,3.799409526,852,2.002168965505355,2.4749064461402517,0.9610057631287081,normalized_void>0.946161
npt_pressure,10,,P-10GPa,Ti-potential/fcc-restart/04-npt-round-2/md/P-10GPa/multi_nnap_md.xyz,1602,0.1749871971,17.1306364,4.442251877,4.477274373,853,1.904902425843153,2.485647141522603,0.9642322313854922,normalized_void>0.946161
npt_pressure,10,,P-10GPa,Ti-potential/fcc-restart/04-npt-round-2/md/P-10GPa/multi_nnap_md.xyz,1604,0.1380317991,17.18568421,2.508384454,2.508605318,854,2.113258477045204,2.4769373432856803,0.9598265192944029,normalized_void>0.946161
npt_pressure,10,,P-10GPa,Ti-potential/fcc-restart/04-npt-round-2/md/P-10GPa/multi_nnap_md.xyz,1605,0.1766601338,17.18530798,2.699956411,2.737898236,855,2.009852460107537,2.4676551234338207,0.9562365873314955,normalized_void>0.946161
npt_pressure,10,,P-10GPa,Ti-potential/fcc-restart/04-npt-round-2/md/P-10GPa/multi_nnap_md.xyz,1606,0.2455484211,17.16109623,3.483661916,3.787630014,856,1.9021584672676193,2.458996061942007,0.9533290439924846,normalized_void>0.946161
npt_pressure,10,,P-10GPa,Ti-potential/fcc-restart/04-npt-round-2/md/P-10GPa/multi_nnap_md.xyz,1607,0.237091912,17.11164593,3.367551542,3.659110869,857,1.9093787548513488,2.449947156662404,0.9507349412061097,normalized_void>0.946161
npt_pressure,10,,P-10GPa,Ti-potential/fcc-restart/04-npt-round-2/md/P-10GPa/multi_nnap_md.xyz,1619,0.9684779938,16.65214111,10.28323081,10.56313783,869,1.6430738142679921,2.203516146336478,0.8628981601447893,min_distance_A<1.77527
npt_pressure,10,,P-10GPa,Ti-potential/fcc-restart/04-npt-round-2/md/P-10GPa/multi_nnap_md.xyz,1632,0.142084142,17.07149455,3.664187493,3.578153228,882,1.9630852276048627,2.448427847594748,0.9508896693506809,normalized_void>0.946161
npt_pressure,10,,P-10GPa,Ti-potential/fcc-restart/04-npt-round-2/md/P-10GPa/multi_nnap_md.xyz,1633,0.1427769152,16.96645236,3.312075846,3.366239025,883,1.9419811877137108,2.4406724828154127,0.9498298723670076,normalized_void>0.946161
npt_pressure,10,,P-10GPa,Ti-potential/fcc-restart/04-npt-round-2/md/P-10GPa/multi_nnap_md.xyz,1689,0.2221414327,16.32795043,3.99511182,3.971436376,934,1.884454395978613,2.400707083703448,0.9462995121251623,normalized_void>0.946161
npt_pressure,10,,P-10GPa,Ti-potential/fcc-restart/04-npt-round-2/md/P-10GPa/multi_nnap_md.xyz,1690,0.1858789364,16.34685382,3.968311154,3.992833634,935,1.9432926377435744,2.405396716977089,0.947782431617579,normalized_void>0.946161
npt_pressure,10,,P-10GPa,Ti-potential/fcc-restart/04-npt-round-2/md/P-10GPa/multi_nnap_md.xyz,1738,0.170296567,16.2958945,3.608977727,3.552868355,975,2.013416763442058,2.424683868646321,0.9563768498473494,normalized_void>0.946161
npt_pressure,10,,P-10GPa,Ti-potential/fcc-restart/04-npt-round-2/md/P-10GPa/multi_nnap_md.xyz,1751,0.3343297003,17.22319106,4.384623359,4.123648872,985,1.880844319285707,2.4442431033543617,0.9464692864409464,normalized_void>0.946161
npt_pressure,10,,P-10GPa,Ti-potential/fcc-restart/04-npt-round-2/md/P-10GPa/multi_nnap_md.xyz,1759,0.6226883967,16.46627034,6.507861011,5.931943391,993,1.7461118214248168,2.2318467687957027,0.877268684828189,min_distance_A<1.77527
npt_pressure,10,,P-10GPa,Ti-potential/fcc-restart/04-npt-round-2/md/P-10GPa/multi_nnap_md.xyz,1760,0.9073448337,16.34441793,7.173721535,6.412357715,994,1.720397093592645,2.2323851321714843,0.8796555258355596,min_distance_A<1.77527
npt_pressure,10,,P-10GPa,Ti-potential/fcc-restart/04-npt-round-2/md/P-10GPa/multi_nnap_md.xyz,1865,0.26695098,16.14333957,4.900050354,5.026450121,1083,1.7746856617200781,2.168922547329121,0.858182359080661,min_distance_A<1.77527
npt_pressure,10,,P-10GPa,Ti-potential/fcc-restart/04-npt-round-2/md/P-10GPa/multi_nnap_md.xyz,1915,0.1386481117,16.18357711,3.367159078,3.297549127,1127,2.0013328933054115,2.419688609101914,0.9566093899681604,normalized_void>0.946161
npt_pressure,10,,P-10GPa,Ti-potential/fcc-restart/04-npt-round-2/md/P-10GPa/multi_nnap_md.xyz,1916,0.1487642177,15.9299209,3.106204738,2.973990589,1128,2.0399155491066665,2.401555560524194,0.9544534793382323,normalized_void>0.946161
npt_pressure,10,,P-10GPa,Ti-potential/fcc-restart/04-npt-round-2/md/P-10GPa/multi_nnap_md.xyz,1917,0.2667327859,15.72348728,5.68161472,5.877749846,1129,1.7668799203657912,2.3605716264458056,0.9422530634996318,min_distance_A<1.77527
npt_pressure,10,,P-10GPa,Ti-potential/fcc-restart/04-npt-round-2/md/P-10GPa/multi_nnap_md.xyz,1918,0.9150242554,15.57515011,8.027651454,8.716250999,1130,1.691188998600653,2.3058599796137944,0.9233269631393468,min_distance_A<1.77527
npt_pressure,10,,P-10GPa,Ti-potential/fcc-restart/04-npt-round-2/md/P-10GPa/multi_nnap_md.xyz,1944,0.157240391,16.06390028,4.788812649,4.772187316,1150,1.9936875218008006,2.4364514938256625,0.9656226327815077,normalized_void>0.946161
npt_pressure,10,,P-10GPa,Ti-potential/fcc-restart/04-npt-round-2/md/P-10GPa/multi_nnap_md.xyz,1945,0.1646761382,15.96692787,4.050618257,4.09542851,1151,2.0306990027107346,2.4578448446197885,0.9760693513754515,normalized_void>0.946161
npt_pressure,10,,P-10GPa,Ti-potential/fcc-restart/04-npt-round-2/md/P-10GPa/multi_nnap_md.xyz,1946,0.2294349023,15.92373728,4.502569402,4.37177186,1152,1.8518817897195834,2.3882838822232757,0.9493017463643847,normalized_void>0.946161
npt_pressure,10,,P-10GPa,Ti-potential/fcc-restart/04-npt-round-2/md/P-10GPa/multi_nnap_md.xyz,1947,0.4827600523,15.93416104,6.410672733,6.882792794,1153,1.7491332864521785,2.296981740947938,0.9128115827875627,min_distance_A<1.77527
npt_pressure,10,,P-10GPa,Ti-potential/fcc-restart/04-npt-round-2/md/P-10GPa/multi_nnap_md.xyz,1949,0.1528813939,16.09694922,3.229621118,3.235853591,1155,1.9881438859846774,2.4269953245207896,0.9612162000030927,normalized_void>0.946161
npt_pressure,10,,P-10GPa,Ti-potential/fcc-restart/04-npt-round-2/md/P-10GPa/multi_nnap_md.xyz,1950,0.1450932749,16.23519493,3.168556344,3.175381783,1156,2.0130107397321395,2.468915089362005,0.9750352529849563,normalized_void>0.946161
npt_pressure,10,,P-10GPa,Ti-potential/fcc-restart/04-npt-round-2/md/P-10GPa/multi_nnap_md.xyz,1951,0.1618463603,16.40385444,3.217232383,3.325043799,1157,2.076882926491463,2.441607876253396,0.9609348591884448,normalized_void>0.946161
npt_pressure,10,,P-10GPa,Ti-potential/fcc-restart/04-npt-round-2/md/P-10GPa/multi_nnap_md.xyz,1966,0.1333760277,16.67695158,3.352833817,3.277734457,1169,2.0457990112187368,2.508925518128396,0.9820091765066117,normalized_void>0.946161
npt_pressure,10,,P-10GPa,Ti-potential/fcc-restart/04-npt-round-2/md/P-10GPa/multi_nnap_md.xyz,1967,0.1380842534,16.4942244,3.133137868,3.162079961,1170,2.0162694658380698,2.4736302212739596,0.9717565545050745,normalized_void>0.946161
npt_pressure,10,,P-10GPa,Ti-potential/fcc-restart/04-npt-round-2/md/P-10GPa/multi_nnap_md.xyz,1968,0.2168581387,16.33480271,4.344570212,4.483903138,1171,1.8748834200632591,2.4099595833689014,0.9498137697646211,normalized_void>0.946161
npt_pressure,10,,P-10GPa,Ti-potential/fcc-restart/04-npt-round-2/md/P-10GPa/multi_nnap_md.xyz,1971,0.4894842464,16.03121365,6.010162182,6.387416965,1174,1.7318593311109451,2.133228648486495,0.8460225523173113,min_distance_A<1.77527
npt_pressure,10,,P-10GPa,Ti-potential/fcc-restart/04-npt-round-2/md/P-10GPa/multi_nnap_md.xyz,1972,2.795617334,15.99229435,10.42714489,10.51021103,1175,1.5986747099947662,2.1705170372078793,0.8615085809182611,min_distance_A<1.77527
npt_pressure,10,,P-10GPa,Ti-potential/fcc-restart/04-npt-round-2/md/P-10GPa/multi_nnap_md.xyz,1973,0.3706335475,15.99326656,5.737521542,5.942289292,1176,1.7663915677719257,2.1729296646957557,0.8624487101513765,min_distance_A<1.77527
npt_pressure,10,,P-10GPa,Ti-potential/fcc-restart/04-npt-round-2/md/P-10GPa/multi_nnap_md.xyz,2017,0.1770847013,16.96891524,4.100119756,3.997712546,1214,2.0245541537484257,2.441216594612661,0.949995657406144,normalized_void>0.946161
npt_pressure,10,,P-10GPa,Ti-potential/fcc-restart/04-npt-round-2/md/P-10GPa/multi_nnap_md.xyz,2018,0.1363462833,16.8244382,2.888731525,2.835038115,1215,2.0711467042379312,2.4727653756882346,0.9650194217688115,normalized_void>0.946161
npt_pressure,10,,P-10GPa,Ti-potential/fcc-restart/04-npt-round-2/md/P-10GPa/multi_nnap_md.xyz,2019,0.1318316893,16.68926307,3.270976993,3.202429527,1216,2.0956222372704647,2.4860627342470196,0.9728212084991208,normalized_void>0.946161
npt_pressure,10,,P-10GPa,Ti-potential/fcc-restart/04-npt-round-2/md/P-10GPa/multi_nnap_md.xyz,2020,0.1641073248,16.56852887,3.419263249,3.56964313,1217,2.022212749161096,2.4432418971025376,0.9583816377126547,normalized_void>0.946161
npt_pressure,10,,P-10GPa,Ti-potential/fcc-restart/04-npt-round-2/md/P-10GPa/multi_nnap_md.xyz,2131,0.3917280428,16.08900474,6.042444252,6.32111205,1299,1.7353096053684325,2.2869280398974907,0.9058913361652488,min_distance_A<1.77527
npt_pressure,10,,P-10GPa,Ti-potential/fcc-restart/04-npt-round-2/md/P-10GPa/multi_nnap_md.xyz,2175,0.1351841922,16.66833971,4.03895482,4.020934781,1330,2.064618424687127,2.430101571727436,0.9513207698452759,normalized_void>0.946161
npt_pressure,10,,P-10GPa,Ti-potential/fcc-restart/04-npt-round-2/md/P-10GPa/multi_nnap_md.xyz,2176,0.1474691465,16.5218686,4.520570393,4.489079739,1331,1.9862948179974396,2.411773674609561,0.9469277176685242,normalized_void>0.946161
npt_pressure,10,,P-10GPa,Ti-potential/fcc-restart/04-npt-round-2/md/P-10GPa/multi_nnap_md.xyz,2209,0.7376140582,16.02974921,6.369882395,6.550222797,1364,1.7626443098428484,2.2012141456078615,0.873011676602929,min_distance_A<1.77527
npt_pressure,10,,P-10GPa,Ti-potential/fcc-restart/04-npt-round-2/md/P-10GPa/multi_nnap_md.xyz,2230,0.3581836644,16.3794305,5.808433304,5.807454655,1377,1.7752402730073946,2.2889581889896973,0.9013046131347567,min_distance_A<1.77527
npt_pressure,10,,P-10GPa,Ti-potential/fcc-restart/04-npt-round-2/md/P-10GPa/multi_nnap_md.xyz,2295,0.1631280641,16.92668884,3.915266876,3.940332244,1440,1.871997175957332,2.4430798600469408,0.9515106640366657,normalized_void>0.946161
npt_pressure,10,,P-10GPa,Ti-potential/fcc-restart/04-npt-round-2/md/P-10GPa/multi_nnap_md.xyz,2322,0.6023323143,17.1611762,6.730415661,6.203493286,1466,1.7499365905152744,2.2894877901647397,0.8876109440241609,min_distance_A<1.77527
npt_pressure,10,,P-10GPa,Ti-potential/fcc-restart/04-npt-round-2/md/P-10GPa/multi_nnap_md.xyz,2344,0.136980714,16.55860885,3.396335211,3.325357382,1485,2.0160571139061583,2.4257837531581887,0.951723516477057,normalized_void>0.946161
npt_pressure,10,,P-10GPa,Ti-potential/fcc-restart/04-npt-round-2/md/P-10GPa/multi_nnap_md.xyz,2345,0.2221306224,16.67061192,3.564152174,3.379750528,1486,1.957428201387533,2.457480840595,0.9619953218676652,normalized_void>0.946161
npt_pressure,10,,P-10GPa,Ti-potential/fcc-restart/04-npt-round-2/md/P-10GPa/multi_nnap_md.xyz,2346,0.1803332463,16.7937052,4.051947654,3.856391771,1487,1.9700269559698598,2.463588995938418,0.9620243849675476,normalized_void>0.946161
npt_pressure,10,,P-10GPa,Ti-potential/fcc-restart/04-npt-round-2/md/P-10GPa/multi_nnap_md.xyz,2347,0.1331935565,16.919513,3.831758342,3.703268273,1488,2.0551209320709143,2.465543532202506,0.9603953650346051,normalized_void>0.946161
npt_pressure,10,,P-10GPa,Ti-potential/fcc-restart/04-npt-round-2/md/P-10GPa/multi_nnap_md.xyz,2348,0.1954648868,17.03716435,2.748717471,2.768097117,1489,1.9817584693208206,2.4595855385387693,0.9558641200293242,normalized_void>0.946161
npt_pressure,10,,P-10GPa,Ti-potential/fcc-restart/04-npt-round-2/md/P-10GPa/multi_nnap_md.xyz,2349,0.2660250436,17.13468407,3.076655625,3.097109288,1490,1.902263707331444,2.4470160848131046,0.9491717201769291,normalized_void>0.946161
npt_pressure,10,,P-10GPa,Ti-potential/fcc-restart/04-npt-round-2/md/P-10GPa/multi_nnap_md.xyz,2355,0.409380472,17.0201374,5.967095892,6.07763024,1495,1.7729418897614169,2.265016619338818,0.8805426014401706,min_distance_A<1.77527
npt_pressure,10,,P-10GPa,Ti-potential/fcc-restart/04-npt-round-2/md/P-10GPa/multi_nnap_md.xyz,2388,0.1741518992,16.56192428,3.415319629,3.437271266,1522,2.034279840573778,2.4233716664763274,0.9507137191625994,normalized_void>0.946161
npt_pressure,10,,P-10GPa,Ti-potential/fcc-restart/04-npt-round-2/md/P-10GPa/multi_nnap_md.xyz,2389,0.2203259365,16.5336612,3.312766274,3.318255748,1523,1.9812737195444798,2.4741604040815766,0.9711914287911152,normalized_void>0.946161
npt_pressure,10,,P-10GPa,Ti-potential/fcc-restart/04-npt-round-2/md/P-10GPa/multi_nnap_md.xyz,2390,0.2036378938,16.53447518,3.261070151,3.255509654,1524,1.9789548466313927,2.4813018869764276,0.9739787185651988,normalized_void>0.946161
npt_pressure,10,,P-10GPa,Ti-potential/fcc-restart/04-npt-round-2/md/P-10GPa/multi_nnap_md.xyz,2391,0.1763142317,16.56192531,2.98769699,2.993085656,1525,2.024439766092483,2.471059314635938,0.969422055661962,normalized_void>0.946161
npt_pressure,10,,P-10GPa,Ti-potential/fcc-restart/04-npt-round-2/md/P-10GPa/multi_nnap_md.xyz,2392,0.2057431286,16.61020607,2.57748834,2.527031415,1526,2.0421743691330008,2.471935504591564,0.9688252785310718,normalized_void>0.946161
npt_pressure,10,,P-10GPa,Ti-potential/fcc-restart/04-npt-round-2/md/P-10GPa/multi_nnap_md.xyz,2394,0.2273472136,16.74842483,2.826636233,2.748495241,1528,2.0233087470541484,2.4617371780220116,0.9621667877781775,normalized_void>0.946161
npt_pressure,10,,P-10GPa,Ti-potential/fcc-restart/04-npt-round-2/md/P-10GPa/multi_nnap_md.xyz,2395,0.1696124273,16.83411891,3.466944177,3.409675692,1529,2.003731227209178,2.4807528709232085,0.9679509990429028,normalized_void>0.946161
npt_pressure,10,,P-10GPa,Ti-potential/fcc-restart/04-npt-round-2/md/P-10GPa/multi_nnap_md.xyz,2396,0.1587085373,16.9281685,3.962186197,3.896349085,1530,1.931904139802718,2.4993497599759866,0.9733978395120856,normalized_void>0.946161
npt_pressure,10,,P-10GPa,Ti-potential/fcc-restart/04-npt-round-2/md/P-10GPa/multi_nnap_md.xyz,2397,0.3795044553,17.02716093,6.194680572,6.210084075,1531,1.7564718842428761,2.4942142802550706,0.9695116106473138,min_distance_A<1.77527;normalized_void>0.946161
npt_pressure,10,,P-10GPa,Ti-potential/fcc-restart/04-npt-round-2/md/P-10GPa/multi_nnap_md.xyz,2398,0.3468996274,17.12944071,5.219747698,5.033006742,1532,1.785099531996555,2.4960737432003217,0.968299447662022,normalized_void>0.946161
npt_pressure,10,,P-10GPa,Ti-potential/fcc-restart/04-npt-round-2/md/P-10GPa/multi_nnap_md.xyz,2399,0.1443770476,17.22928819,2.812383841,2.803219769,1533,1.9780527200635056,2.481500017419933,0.9607826918466713,normalized_void>0.946161
npt_pressure,10,,P-10GPa,Ti-potential/fcc-restart/04-npt-round-2/md/P-10GPa/multi_nnap_md.xyz,2401,0.1502527843,17.38589229,3.657830592,3.556685666,1534,1.9017453929483092,2.472223042008061,0.9543081986454934,normalized_void>0.946161
npt_pressure,10,,P-10GPa,Ti-potential/fcc-restart/04-npt-round-2/md/P-10GPa/multi_nnap_md.xyz,2407,0.1504999925,17.22955559,4.024668079,3.860329494,1538,1.980296555657829,2.472050225850484,0.9571189871413427,normalized_void>0.946161
npt_pressure,10,,P-10GPa,Ti-potential/fcc-restart/04-npt-round-2/md/P-10GPa/multi_nnap_md.xyz,2408,0.1338236385,17.10948632,3.824225229,3.743206802,1539,2.0941046921853546,2.457491844338819,0.9537028816777638,normalized_void>0.946161
npt_pressure,10,,P-10GPa,Ti-potential/fcc-restart/04-npt-round-2/md/P-10GPa/multi_nnap_md.xyz,2443,0.4464251033,16.54932968,5.376528831,5.623502164,1566,1.7644830905470297,2.2530870962949163,0.8841334959809971,min_distance_A<1.77527
npt_pressure,10,,P-10GPa,Ti-potential/fcc-restart/04-npt-round-2/md/P-10GPa/multi_nnap_md.xyz,2458,1.157579885,16.87387001,6.265182574,6.922138686,1578,1.698343872356903,2.2133242204767924,0.8629258324874175,min_distance_A<1.77527
npt_pressure,10,,P-10GPa,Ti-potential/fcc-restart/04-npt-round-2/md/P-10GPa/multi_nnap_md.xyz,2459,1.40203667,16.8080585,6.47134749,6.803600961,1579,1.6947066644205246,2.1923638409840827,0.8558679830371573,min_distance_A<1.77527
npt_pressure,10,,P-10GPa,Ti-potential/fcc-restart/04-npt-round-2/md/P-10GPa/multi_nnap_md.xyz,2529,0.6465256653,16.48231818,6.100921964,6.13350819,1634,1.734089011190313,2.2537649685436794,0.8855964349183628,min_distance_A<1.77527
npt_pressure,10,,P-10GPa,Ti-potential/fcc-restart/04-npt-round-2/md/P-10GPa/multi_nnap_md.xyz,2534,0.4539876266,16.76976169,5.181475445,4.948596224,1639,1.7693719965084875,2.2326988551695686,0.8722771970212335,min_distance_A<1.77527
npt_pressure,10,,P-10GPa,Ti-potential/fcc-restart/04-npt-round-2/md/P-10GPa/multi_nnap_md.xyz,2535,0.4861766812,16.81969272,5.855049143,5.695337778,1640,1.7519950120240768,2.3130998385892134,0.902793366261856,min_distance_A<1.77527
npt_pressure,10,,P-10GPa,Ti-potential/fcc-restart/04-npt-round-2/md/P-10GPa/multi_nnap_md.xyz,2537,0.1782651412,16.89039266,3.024228207,3.0795053,1642,1.889462928604791,2.459036494063385,0.9584108583507936,normalized_void>0.946161
npt_pressure,10,,P-10GPa,Ti-potential/fcc-restart/04-npt-round-2/md/P-10GPa/multi_nnap_md.xyz,2538,0.1512216072,16.90642752,3.494096325,3.402126496,1643,1.9299258042155267,2.471315559191646,0.962892020678024,normalized_void>0.946161
npt_pressure,10,,P-10GPa,Ti-potential/fcc-restart/04-npt-round-2/md/P-10GPa/multi_nnap_md.xyz,2539,0.1686290685,16.90915736,4.334446015,4.271713535,1644,1.9787842438856869,2.4493321382615654,0.9542753209807143,normalized_void>0.946161
npt_pressure,10,,P-10GPa,Ti-potential/fcc-restart/04-npt-round-2/md/P-10GPa/multi_nnap_md.xyz,2562,0.2511567075,16.89124427,5.36406187,4.974772999,1665,1.7755200967477058,2.427703257467386,0.9461828099186235,normalized_void>0.946161
npt_pressure,10,,P-10GPa,Ti-potential/fcc-restart/04-npt-round-2/md/P-10GPa/multi_nnap_md.xyz,2563,0.131958135,16.98633121,3.839003689,3.751532978,1666,1.8841789630215493,2.5006952497878614,0.9728089849260081,normalized_void>0.946161
npt_pressure,10,,P-10GPa,Ti-potential/fcc-restart/04-npt-round-2/md/P-10GPa/multi_nnap_md.xyz,2564,0.1608332485,17.06901087,3.130273102,3.131738362,1667,1.9615068342933373,2.560346079204638,0.9944032936217192,normalized_void>0.946161
npt_pressure,10,,P-10GPa,Ti-potential/fcc-restart/04-npt-round-2/md/P-10GPa/multi_nnap_md.xyz,2565,0.1828031231,17.13703013,3.809726292,3.632236611,1668,1.9089490417305506,2.578986264089954,1.000315908492729,normalized_void>0.946161
npt_pressure,10,,P-10GPa,Ti-potential/fcc-restart/04-npt-round-2/md/P-10GPa/multi_nnap_md.xyz,2566,0.2132479372,17.18875411,3.666125173,3.437440585,1669,1.9457220219038867,2.5736433045356364,0.9972412226875648,normalized_void>0.946161
npt_pressure,10,,P-10GPa,Ti-potential/fcc-restart/04-npt-round-2/md/P-10GPa/multi_nnap_md.xyz,2567,0.2043738382,17.22097985,4.008251337,4.031853931,1670,2.073595305187167,2.5578001178385263,0.9904836633228594,normalized_void>0.946161
npt_pressure,10,,P-10GPa,Ti-potential/fcc-restart/04-npt-round-2/md/P-10GPa/multi_nnap_md.xyz,2568,0.2982229723,17.23049442,4.022943577,4.061579167,1671,1.9873659220459399,2.531044883997627,0.9799425154304365,normalized_void>0.946161
npt_pressure,10,,P-10GPa,Ti-potential/fcc-restart/04-npt-round-2/md/P-10GPa/multi_nnap_md.xyz,2569,0.2351165043,17.21734883,3.555000248,3.582341289,1672,1.9531155393144564,2.4628330620185386,0.953775617004423,normalized_void>0.946161
npt_pressure,10,,P-10GPa,Ti-potential/fcc-restart/04-npt-round-2/md/P-10GPa/multi_nnap_md.xyz,2600,0.1285956767,16.24378807,2.961630529,3.019872748,1694,2.0696812313339925,2.401094884754654,0.9480841459372926,normalized_void>0.946161
npt_pressure,10,,P-10GPa,Ti-potential/fcc-restart/04-npt-round-2/md/P-10GPa/multi_nnap_md.xyz,2601,0.1323990136,16.1903154,3.177982666,3.149231502,1695,2.0289235156712575,2.4456788767020674,0.966750331086272,normalized_void>0.946161
npt_pressure,10,,P-10GPa,Ti-potential/fcc-restart/04-npt-round-2/md/P-10GPa/multi_nnap_md.xyz,2602,0.1446248361,16.16509875,3.379095672,3.464917722,1696,2.082723307172687,2.4810112574139245,0.9812265275549071,normalized_void>0.946161
npt_pressure,10,,P-10GPa,Ti-potential/fcc-restart/04-npt-round-2/md/P-10GPa/multi_nnap_md.xyz,2603,0.1416248725,16.17248001,4.064968768,3.925260048,1697,2.105577274159857,2.4927877692089995,0.9857340626257689,normalized_void>0.946161
npt_pressure,10,,P-10GPa,Ti-potential/fcc-restart/04-npt-round-2/md/P-10GPa/multi_nnap_md.xyz,2604,0.1845449248,16.21532542,4.673527611,4.33708363,1698,2.060189456227066,2.4908594089850515,0.9841032344519339,normalized_void>0.946161
npt_pressure,10,,P-10GPa,Ti-potential/fcc-restart/04-npt-round-2/md/P-10GPa/multi_nnap_md.xyz,2605,0.1324824662,16.29113432,3.954515564,3.733677198,1699,2.067583598461485,2.4718847102200243,0.975089402278813,normalized_void>0.946161
npt_pressure,10,,P-10GPa,Ti-potential/fcc-restart/04-npt-round-2/md/P-10GPa/multi_nnap_md.xyz,2606,0.1371570142,16.39195397,3.270884683,3.318993686,1700,2.1251380596108542,2.4241585176706675,0.9542982043313653,normalized_void>0.946161
npt_pressure,10,,P-10GPa,Ti-potential/fcc-restart/04-npt-round-2/md/P-10GPa/multi_nnap_md.xyz,2661,0.1707034149,16.52326231,3.274239475,3.229860728,1746,1.9433480097089544,2.4257045270448074,0.9523705695534874,normalized_void>0.946161
npt_pressure,10,,P-10GPa,Ti-potential/fcc-restart/04-npt-round-2/md/P-10GPa/multi_nnap_md.xyz,2662,0.1783254157,16.64038173,3.488028648,3.478915946,1747,1.9024252593283066,2.485451642036831,0.9735334753975593,normalized_void>0.946161
npt_pressure,10,,P-10GPa,Ti-potential/fcc-restart/04-npt-round-2/md/P-10GPa/multi_nnap_md.xyz,2663,0.1575062621,16.76655441,3.296573144,3.26626523,1748,1.9235178681727516,2.5369952789965686,0.9912237930098519,normalized_void>0.946161
npt_pressure,10,,P-10GPa,Ti-potential/fcc-restart/04-npt-round-2/md/P-10GPa/multi_nnap_md.xyz,2664,0.1575988052,16.8949708,2.89914156,2.903730068,1749,2.001265760063579,2.5734067835633154,1.0028961395096185,normalized_void>0.946161
npt_pressure,10,,P-10GPa,Ti-potential/fcc-restart/04-npt-round-2/md/P-10GPa/multi_nnap_md.xyz,2683,0.2989463191,16.33829202,3.569276461,3.539715643,1762,1.9523356503398155,2.414791055203311,0.9516501939482798,normalized_void>0.946161
npt_pressure,10,,P-10GPa,Ti-potential/fcc-restart/04-npt-round-2/md/P-10GPa/multi_nnap_md.xyz,2684,0.1843263737,16.37447283,4.172436496,4.048497249,1763,1.9931727222309568,2.445298210179424,0.9629625280218989,normalized_void>0.946161
npt_pressure,10,,P-10GPa,Ti-potential/fcc-restart/04-npt-round-2/md/P-10GPa/multi_nnap_md.xyz,2685,0.2859038881,16.44617301,5.291859903,4.885961875,1764,2.04224969919581,2.4359461386068832,0.9578835825179994,normalized_void>0.946161
npt_pressure,10,,P-10GPa,Ti-potential/fcc-restart/04-npt-round-2/md/P-10GPa/multi_nnap_md.xyz,2686,0.3485272376,16.55624269,5.861085959,5.34060268,1765,1.9009180520699815,2.4177633970978976,0.9486220249681035,normalized_void>0.946161
npt_pressure,10,,P-10GPa,Ti-potential/fcc-restart/04-npt-round-2/md/P-10GPa/multi_nnap_md.xyz,2710,0.7905449254,16.08983782,7.327655247,7.956733537,1787,1.7250437434280315,2.203533503812077,0.8728422684137788,min_distance_A<1.77527
npt_pressure,10,,P-10GPa,Ti-potential/fcc-restart/04-npt-round-2/md/P-10GPa/multi_nnap_md.xyz,2753,0.1558747851,16.77165397,3.727198088,3.706250913,1824,1.9194892620445778,2.4318244543234018,0.9500364252443482,normalized_void>0.946161
npt_pressure,10,,P-10GPa,Ti-potential/fcc-restart/04-npt-round-2/md/P-10GPa/multi_nnap_md.xyz,2754,0.287779629,16.67419831,4.41493501,4.537099413,1825,1.8356134937881434,2.462538666329445,0.9639061199113024,normalized_void>0.946161
npt_pressure,10,,P-10GPa,Ti-potential/fcc-restart/04-npt-round-2/md/P-10GPa/multi_nnap_md.xyz,2755,0.2773515792,16.58173182,3.401738762,3.183718298,1826,1.9085655830838446,2.433108595008481,0.9541533891178424,normalized_void>0.946161
npt_pressure,10,,P-10GPa,Ti-potential/fcc-restart/04-npt-round-2/md/P-10GPa/multi_nnap_md.xyz,2816,0.3257739627,15.93742807,3.535658965,3.684669008,1878,1.8543738164162311,2.4130259923613253,0.9588615872234721,normalized_void>0.946161
npt_pressure,10,,P-10GPa,Ti-potential/fcc-restart/04-npt-round-2/md/P-10GPa/multi_nnap_md.xyz,2817,0.3188823282,15.98829126,3.087144544,3.193349701,1879,1.858161950401913,2.4290245727760884,0.9641942958265769,normalized_void>0.946161
npt_pressure,10,,P-10GPa,Ti-potential/fcc-restart/04-npt-round-2/md/P-10GPa/multi_nnap_md.xyz,2818,0.2650217444,16.08787048,3.121977011,3.199327642,1880,1.9277570445590295,2.429210899699175,0.9622746257668727,normalized_void>0.946161
npt_pressure,10,,P-10GPa,Ti-potential/fcc-restart/04-npt-round-2/md/P-10GPa/multi_nnap_md.xyz,2819,0.2215313806,16.23007495,3.320114235,3.424513345,1881,1.9448962155167764,2.4173024383234916,0.9547525236521077,normalized_void>0.946161
npt_pressure,10,,P-10GPa,Ti-potential/fcc-restart/04-npt-round-2/md/P-10GPa/multi_nnap_md.xyz,2832,0.1956635589,17.51963798,4.101242457,3.896915764,1894,2.0308298743868454,2.4650195864385576,0.9491000547665812,normalized_void>0.946161
npt_pressure,10,,P-10GPa,Ti-potential/fcc-restart/04-npt-round-2/md/P-10GPa/multi_nnap_md.xyz,2833,0.204432641,17.34997437,3.529284075,3.380227658,1895,2.0466841283177097,2.4574327754640004,0.9492531211465336,normalized_void>0.946161
npt_pressure,10,,P-10GPa,Ti-potential/fcc-restart/04-npt-round-2/md/P-10GPa/multi_nnap_md.xyz,2870,1.369188997,16.28660822,8.764709923,7.999098111,1929,1.6778337798855532,2.165718693482186,0.8543946011242003,min_distance_A<1.77527
npt_pressure,10,,P-10GPa,Ti-potential/fcc-restart/04-npt-round-2/md/P-10GPa/multi_nnap_md.xyz,2871,0.6432049274,16.43331589,6.079476546,6.202947979,1930,1.742750545201809,2.1623819468757115,0.8505320282726367,min_distance_A<1.77527
npt_pressure,10,,P-10GPa,Ti-potential/fcc-restart/04-npt-round-2/md/P-10GPa/multi_nnap_md.xyz,2973,0.6341115089,16.08378786,5.661748013,5.5040113,2017,1.740903603947358,2.3210363438380277,0.9195016131693624,min_distance_A<1.77527
npt_pressure,10,,P-10GPa,Ti-potential/fcc-restart/04-npt-round-2/md/P-10GPa/multi_nnap_md.xyz,3034,0.5781628757,17.2209037,7.234055535,6.972406639,2065,1.7302168925551875,2.205364026909733,0.8540074124489201,min_distance_A<1.77527
npt_pressure,10,,P-10GPa,Ti-potential/fcc-restart/04-npt-round-2/md/P-10GPa/multi_nnap_md.xyz,3039,0.1869390372,17.49021997,3.684292811,3.57089564,2070,1.9207804094911443,2.460077739386091,0.9477280632045052,normalized_void>0.946161
npt_pressure,10,,P-10GPa,Ti-potential/fcc-restart/04-npt-round-2/md/P-10GPa/multi_nnap_md.xyz,3044,0.2317127644,17.04538753,3.570398979,3.562328036,2075,1.983703532300735,2.442061249128789,0.9489010468346065,normalized_void>0.946161
npt_pressure,10,,P-10GPa,Ti-potential/fcc-restart/04-npt-round-2/md/P-10GPa/multi_nnap_md.xyz,3045,0.2370694929,16.90747817,3.900453011,3.580607887,2076,1.987546049659132,2.4395346519279277,0.9504896224733442,normalized_void>0.946161
npt_pressure,10,,P-10GPa,Ti-potential/fcc-restart/04-npt-round-2/md/P-10GPa/multi_nnap_md.xyz,3046,0.1560079677,16.76995121,3.722906521,3.592100508,2077,2.006952917726787,2.438333220744042,0.9526114325850149,normalized_void>0.946161
npt_pressure,10,,P-10GPa,Ti-potential/fcc-restart/04-npt-round-2/md/P-10GPa/multi_nnap_md.xyz,3047,0.1328905434,16.6409937,3.469814782,3.500063405,2078,2.061443528747056,2.434248599404257,0.9534659247858441,normalized_void>0.946161
npt_pressure,10,,P-10GPa,Ti-potential/fcc-restart/04-npt-round-2/md/P-10GPa/multi_nnap_md.xyz,3074,0.5641032735,16.34747543,5.97598182,5.785334898,2095,1.7468322007580366,2.3517440430759615,0.926630280910366,min_distance_A<1.77527
npt_pressure,10,,P-10GPa,Ti-potential/fcc-restart/04-npt-round-2/md/P-10GPa/multi_nnap_md.xyz,3075,0.3787248311,16.27410097,5.310836547,5.346437138,2096,1.7597144740203767,2.3447774906846557,0.9252717462736914,min_distance_A<1.77527
npt_pressure,10,,P-10GPa,Ti-potential/fcc-restart/04-npt-round-2/md/P-10GPa/multi_nnap_md.xyz,3090,0.2315167899,17.36484618,3.69102555,3.661240334,2111,2.0051046488947275,2.4721722073488905,0.954673951283972,normalized_void>0.946161
npt_pressure,10,,P-10GPa,Ti-potential/fcc-restart/04-npt-round-2/md/P-10GPa/multi_nnap_md.xyz,3091,0.2397337981,17.38278723,3.94482051,3.844968689,2112,1.9592039963463828,2.4897509646101583,0.9611314118555359,normalized_void>0.946161
npt_pressure,10,,P-10GPa,Ti-potential/fcc-restart/04-npt-round-2/md/P-10GPa/multi_nnap_md.xyz,3092,0.2521457248,17.37500845,3.388006066,3.336601145,2113,1.9583933474008952,2.4961749505794413,0.9637550776516621,normalized_void>0.946161
npt_pressure,10,,P-10GPa,Ti-potential/fcc-restart/04-npt-round-2/md/P-10GPa/multi_nnap_md.xyz,3093,0.2400137075,17.34008568,3.054560684,3.007965287,2114,2.007425069868711,2.4874729840254104,0.9610396212933372,normalized_void>0.946161
npt_pressure,10,,P-10GPa,Ti-potential/fcc-restart/04-npt-round-2/md/P-10GPa/multi_nnap_md.xyz,3101,1.778672141,16.3768815,9.857226845,9.13893744,2122,1.6333876622470123,2.232651048977814,0.8791786133484192,min_distance_A<1.77527
npt_pressure,10,,P-10GPa,Ti-potential/fcc-restart/04-npt-round-2/md/P-10GPa/multi_nnap_md.xyz,3102,0.5426158955,16.2659702,6.490907178,6.339688656,2123,1.7399922094453182,2.207743431369764,0.8713419243999555,min_distance_A<1.77527
npt_pressure,10,,P-10GPa,Ti-potential/fcc-restart/04-npt-round-2/md/P-10GPa/multi_nnap_md.xyz,3121,0.3454520738,16.90673894,6.261591953,6.601169041,2133,1.7630649438683619,2.2925388437659535,0.8932302464905146,min_distance_A<1.77527
npt_pressure,10,,P-10GPa,Ti-potential/fcc-restart/04-npt-round-2/md/P-10GPa/multi_nnap_md.xyz,3267,0.5088577313,16.77000907,6.943197466,7.305789847,2247,1.709851679126204,2.2966546353157553,0.897259212839051,min_distance_A<1.77527
npt_pressure,10,,P-10GPa,Ti-potential/fcc-restart/04-npt-round-2/md/P-10GPa/multi_nnap_md.xyz,3268,0.7107592122,16.79514396,6.930317369,7.557804591,2248,1.706300494801281,2.2845319675891007,0.8920776579994673,min_distance_A<1.77527
npt_pressure,10,,P-10GPa,Ti-potential/fcc-restart/04-npt-round-2/md/P-10GPa/multi_nnap_md.xyz,3293,0.7464722081,16.13073384,5.893383366,6.477234997,2273,1.7517344683319263,2.2264797199402633,0.8811855536303782,min_distance_A<1.77527
npt_pressure,10,,P-10GPa,Ti-potential/fcc-restart/04-npt-round-2/md/P-10GPa/multi_nnap_md.xyz,3294,0.6931451818,16.07192324,5.93055143,6.44233649,2274,1.7557463351763967,2.2430161064534815,0.8888117261286633,min_distance_A<1.77527
npt_pressure,10,,P-10GPa,Ti-potential/fcc-restart/04-npt-round-2/md/P-10GPa/multi_nnap_md.xyz,3304,0.1422746841,17.11355901,3.6057668,3.600846757,2279,1.982649841382165,2.4865743014837136,0.9649126395810774,normalized_void>0.946161
npt_pressure,10,,P-10GPa,Ti-potential/fcc-restart/04-npt-round-2/md/P-10GPa/multi_nnap_md.xyz,3305,0.1826327854,17.2677022,3.506607116,3.48283871,2280,1.8930276773202899,2.4979524627882705,0.9664350060853031,normalized_void>0.946161
npt_pressure,10,,P-10GPa,Ti-potential/fcc-restart/04-npt-round-2/md/P-10GPa/multi_nnap_md.xyz,3357,0.1763960429,17.52472435,3.369804195,3.44180428,2325,1.9689342070263736,2.4895810129298495,0.9584641306516211,normalized_void>0.946161
npt_pressure,10,,P-10GPa,Ti-potential/fcc-restart/04-npt-round-2/md/P-10GPa/multi_nnap_md.xyz,3358,0.217892273,17.61686736,2.741229574,2.940648728,2326,1.8905501970328915,2.5402585431634406,0.9762664372639189,normalized_void>0.946161
npt_pressure,10,,P-10GPa,Ti-potential/fcc-restart/04-npt-round-2/md/P-10GPa/multi_nnap_md.xyz,3359,0.2165553173,17.6590626,4.035507199,4.167136792,2327,1.8264900681108003,2.546940907416556,0.9780543451102413,normalized_void>0.946161
npt_pressure,10,,P-10GPa,Ti-potential/fcc-restart/04-npt-round-2/md/P-10GPa/multi_nnap_md.xyz,3360,0.1823314038,17.64961619,3.473172332,3.429048773,2328,1.8732985318265567,2.5187943447760857,0.967418276049149,normalized_void>0.946161
npt_pressure,10,,P-10GPa,Ti-potential/fcc-restart/04-npt-round-2/md/P-10GPa/multi_nnap_md.xyz,3369,0.1559482426,16.41550739,4.204191344,4.279433076,2335,1.9642744747319332,2.48332346185986,0.977121391955248,normalized_void>0.946161
npt_pressure,10,,P-10GPa,Ti-potential/fcc-restart/04-npt-round-2/md/P-10GPa/multi_nnap_md.xyz,3370,0.1733340135,16.33098749,3.896043289,3.966969452,2336,1.964845109344474,2.4515467193580696,0.9662793356576556,normalized_void>0.946161
npt_pressure,10,,P-10GPa,Ti-potential/fcc-restart/04-npt-round-2/md/P-10GPa/multi_nnap_md.xyz,3371,0.2142490098,16.28545643,4.099846455,4.098288945,2337,1.9156665071014833,2.424535199766678,0.9565224818357717,normalized_void>0.946161
npt_pressure,10,,P-10GPa,Ti-potential/fcc-restart/04-npt-round-2/md/P-10GPa/multi_nnap_md.xyz,3452,0.2110773547,16.82950504,2.889504237,2.845446159,2395,1.9859990867580368,2.4758377859709535,0.9661214822865545,normalized_void>0.946161
npt_pressure,10,,P-10GPa,Ti-potential/fcc-restart/04-npt-round-2/md/P-10GPa/multi_nnap_md.xyz,3453,0.1931721771,16.72508356,2.96367388,3.126444022,2396,1.9400001431667666,2.449172647470609,0.9577010607987041,normalized_void>0.946161
npt_pressure,10,,P-10GPa,Ti-potential/fcc-restart/04-npt-round-2/md/P-10GPa/multi_nnap_md.xyz,3483,0.7180509108,16.5022458,6.422825538,6.683952163,2422,1.7629027624342752,2.3196961723013354,0.9111364521740491,min_distance_A<1.77527
npt_pressure,10,,P-10GPa,Ti-potential/fcc-restart/04-npt-round-2/md/P-10GPa/multi_nnap_md.xyz,3486,0.1838604008,16.59717505,4.369437986,4.206241623,2425,2.025722825451475,2.4259730226377574,0.9510599838015593,normalized_void>0.946161
npt_pressure,10,,P-10GPa,Ti-potential/fcc-restart/04-npt-round-2/md/P-10GPa/multi_nnap_md.xyz,3487,0.2145311709,16.65497977,5.022109502,4.924721464,2426,1.928613565036867,2.4488405720266364,0.9589128581786901,normalized_void>0.946161
npt_pressure,10,,P-10GPa,Ti-potential/fcc-restart/04-npt-round-2/md/P-10GPa/multi_nnap_md.xyz,3488,0.2078421091,16.72108399,4.611452682,4.56555721,2427,1.8852812030173867,2.4634819933591574,0.9633732492682082,normalized_void>0.946161
npt_pressure,10,,P-10GPa,Ti-potential/fcc-restart/04-npt-round-2/md/P-10GPa/multi_nnap_md.xyz,3489,0.1623936718,16.79283751,4.207510787,4.125601558,2428,1.9302985084344064,2.4585306830143954,0.9600656635299114,normalized_void>0.946161
npt_pressure,10,,P-10GPa,Ti-potential/fcc-restart/04-npt-round-2/md/P-10GPa/multi_nnap_md.xyz,3490,0.1543850393,16.86327678,3.723215441,3.63879946,2429,2.0474330876852065,2.4390913062249475,0.9511464737344394,normalized_void>0.946161
npt_pressure,10,,P-10GPa,Ti-potential/fcc-restart/04-npt-round-2/md/P-10GPa/multi_nnap_md.xyz,3495,0.3857310332,16.984244,6.422350417,6.551733741,2433,1.7704237041652664,2.400621699523302,0.933917085366698,min_distance_A<1.77527
npt_pressure,10,,P-10GPa,Ti-potential/fcc-restart/04-npt-round-2/md/P-10GPa/multi_nnap_md.xyz,3496,0.1557776951,16.95129614,4.129419001,4.077411635,2434,1.926018703967964,2.4383908263667444,0.9492246595502768,normalized_void>0.946161
npt_pressure,10,,P-10GPa,Ti-potential/fcc-restart/04-npt-round-2/md/P-10GPa/multi_nnap_md.xyz,3498,0.1417242103,16.83428385,2.957383315,2.907672059,2435,2.0033333219944387,2.430992093667671,0.9485320236210514,normalized_void>0.946161
npt_pressure,10,,P-10GPa,Ti-potential/fcc-restart/04-npt-round-2/md/P-10GPa/multi_nnap_md.xyz,3515,0.1618445448,16.75846253,3.568383653,3.527916653,2450,2.0436044315613953,2.442108253558728,0.9543042408609687,normalized_void>0.946161
npt_pressure,10,,P-10GPa,Ti-potential/fcc-restart/04-npt-round-2/md/P-10GPa/multi_nnap_md.xyz,3516,0.1636504759,16.87231871,3.012703205,3.064800776,2451,2.1120142580372963,2.494102797578757,0.9724249488818497,normalized_void>0.946161
npt_pressure,10,,P-10GPa,Ti-potential/fcc-restart/04-npt-round-2/md/P-10GPa/multi_nnap_md.xyz,3518,0.1973363874,17.07352104,4.14210497,4.046000472,2452,1.8844449030565205,2.516910513799945,0.9774474325607388,normalized_void>0.946161
npt_pressure,10,,P-10GPa,Ti-potential/fcc-restart/04-npt-round-2/md/P-10GPa/multi_nnap_md.xyz,3519,0.2680277476,17.15720677,5.58888539,5.70972041,2453,1.8205933691837215,2.50351397425275,0.9706615460611502,normalized_void>0.946161
npt_pressure,10,,P-10GPa,Ti-potential/fcc-restart/04-npt-round-2/md/P-10GPa/multi_nnap_md.xyz,3520,0.1543655741,17.23135532,3.08196608,3.06079557,2454,1.9658736528418257,2.4802075150759277,0.9602438619392838,normalized_void>0.946161
npt_pressure,10,,P-10GPa,Ti-potential/fcc-restart/04-npt-round-2/md/P-10GPa/multi_nnap_md.xyz,3521,0.1496186309,17.29482084,2.760045712,2.757695111,2455,2.0708560725250056,2.4620212215349393,0.9520354122879993,normalized_void>0.946161
npt_pressure,10,,P-10GPa,Ti-potential/fcc-restart/04-npt-round-2/md/P-10GPa/multi_nnap_md.xyz,3533,0.412135041,16.67109547,5.119097407,5.376874494,2465,1.7583650811691494,2.2858516666377846,0.894801421208349,min_distance_A<1.77527
npt_pressure,10,,P-10GPa,Ti-potential/fcc-restart/04-npt-round-2/md/P-10GPa/multi_nnap_md.xyz,3534,1.268171366,16.56035134,7.741948755,7.72949534,2466,1.684078281179068,2.3280917681749385,0.9133633476038326,min_distance_A<1.77527
npt_pressure,10,,P-10GPa,Ti-potential/fcc-restart/04-npt-round-2/md/P-10GPa/multi_nnap_md.xyz,3542,0.4406344543,16.57047878,5.206483903,5.588775065,2474,1.7624502739453525,2.210651954114002,0.8671123135606276,min_distance_A<1.77527
npt_pressure,10,,P-10GPa,Ti-potential/fcc-restart/04-npt-round-2/md/P-10GPa/multi_nnap_md.xyz,3567,0.1683061534,16.50439726,3.251077416,3.263839542,2493,2.186191394356531,2.451917119289325,0.9630286992605329,normalized_void>0.946161
npt_pressure,10,,P-10GPa,Ti-potential/fcc-restart/04-npt-round-2/md/P-10GPa/multi_nnap_md.xyz,3568,0.153107987,16.48979711,3.507691286,3.39242621,2494,2.1170085366619067,2.521326665640025,0.9905825644364286,normalized_void>0.946161
npt_pressure,10,,P-10GPa,Ti-potential/fcc-restart/04-npt-round-2/md/P-10GPa/multi_nnap_md.xyz,3569,0.1563686614,16.4858397,3.777248108,3.581870167,2495,2.0539112422928114,2.5438419754601966,0.9995083769815778,normalized_void>0.946161
npt_pressure,10,,P-10GPa,Ti-potential/fcc-restart/04-npt-round-2/md/P-10GPa/multi_nnap_md.xyz,3570,0.1404384532,16.50045703,3.767002159,3.789367254,2496,2.0776642550003466,2.5195387281383965,0.9896669043666767,normalized_void>0.946161
npt_pressure,10,,P-10GPa,Ti-potential/fcc-restart/04-npt-round-2/md/P-10GPa/multi_nnap_md.xyz,3571,0.1390741712,16.53918761,3.92048425,3.930713819,2497,1.995531591954076,2.467714459768731,0.9685532765669905,normalized_void>0.946161
npt_pressure,10,,P-10GPa,Ti-potential/fcc-restart/04-npt-round-2/md/P-10GPa/multi_nnap_md.xyz,3578,1.679499911,16.99496267,9.672461903,9.801384747,2504,1.650191781396327,2.2648179890734053,0.8808999138923002,min_distance_A<1.77527
npt_pressure,10,,P-10GPa,Ti-potential/fcc-restart/04-npt-round-2/md/P-10GPa/multi_nnap_md.xyz,3579,1.788464703,17.01811228,8.29882595,8.230030804,2505,1.6824301262181505,2.2545656583158205,0.8765144751354647,min_distance_A<1.77527
npt_pressure,10,,P-10GPa,Ti-potential/fcc-restart/04-npt-round-2/md/P-10GPa/multi_nnap_md.xyz,3676,0.40994512,16.43483769,5.305274554,5.382710051,2579,1.7716783695062777,2.212949819248946,0.8703950775237921,min_distance_A<1.77527
npt_pressure,10,,P-10GPa,Ti-potential/fcc-restart/04-npt-round-2/md/P-10GPa/multi_nnap_md.xyz,3677,0.4239246531,16.60665045,5.341267229,5.523899304,2580,1.7613197784207608,2.242590419047202,0.8790008215405428,min_distance_A<1.77527
npt_pressure,10,,P-10GPa,Ti-potential/fcc-restart/04-npt-round-2/md/P-10GPa/multi_nnap_md.xyz,3681,0.3293174617,17.2594772,3.402396771,3.387447398,2584,1.831001584670879,2.456211967802245,0.9504369185505227,normalized_void>0.946161
npt_pressure,10,,P-10GPa,Ti-potential/fcc-restart/04-npt-round-2/md/P-10GPa/multi_nnap_md.xyz,3682,0.211165981,17.36979226,3.357838083,3.4670447,2585,1.8567915354338578,2.4698939132786992,0.9537036067712442,normalized_void>0.946161
npt_pressure,10,,P-10GPa,Ti-potential/fcc-restart/04-npt-round-2/md/P-10GPa/multi_nnap_md.xyz,3683,0.1687126267,17.44602462,3.268535981,3.217978886,2586,1.9524515044452824,2.4778560889720813,0.9553824352061885,normalized_void>0.946161
npt_pressure,10,,P-10GPa,Ti-potential/fcc-restart/04-npt-round-2/md/P-10GPa/multi_nnap_md.xyz,3684,0.1710916084,17.47902313,2.892908789,2.919652436,2587,2.0429192269703913,2.488504172617112,0.9588838135882238,normalized_void>0.946161
npt_pressure,10,,P-10GPa,Ti-potential/fcc-restart/04-npt-round-2/md/P-10GPa/multi_nnap_md.xyz,3695,0.5412260017,16.09545826,6.453282555,6.545026407,2594,1.7746937714865927,2.2524940855838094,0.8921321914188964,min_distance_A<1.77527
npt_pressure,10,,P-10GPa,Ti-potential/fcc-restart/04-npt-round-2/md/P-10GPa/multi_nnap_md.xyz,3737,0.336882809,17.58283257,5.098190987,5.499861392,2621,1.8466867817013073,2.465039576405307,0.947969321437023,normalized_void>0.946161
npt_pressure,10,,P-10GPa,Ti-potential/fcc-restart/04-npt-round-2/md/P-10GPa/multi_nnap_md.xyz,3738,0.2019445069,17.56952987,3.335096621,3.412329738,2622,1.9186848617426224,2.535338046803205,0.9752497033875122,normalized_void>0.946161
npt_pressure,10,,P-10GPa,Ti-potential/fcc-restart/04-npt-round-2/md/P-10GPa/multi_nnap_md.xyz,3739,0.1661254677,17.52952147,3.103249578,3.159119473,2623,2.077841156469543,2.5798175244184245,0.9931136893063526,normalized_void>0.946161
npt_pressure,10,,P-10GPa,Ti-potential/fcc-restart/04-npt-round-2/md/P-10GPa/multi_nnap_md.xyz,3740,0.1411580593,17.46797088,3.013353631,2.970696009,2624,2.00013754354471,2.5963960694845847,1.0006682566840284,normalized_void>0.946161
npt_pressure,10,,P-10GPa,Ti-potential/fcc-restart/04-npt-round-2/md/P-10GPa/multi_nnap_md.xyz,3741,0.1283639304,17.39111259,3.080828006,3.136215775,2625,2.0221310264321772,2.5856822689708356,0.9980049647281943,normalized_void>0.946161
npt_pressure,10,,P-10GPa,Ti-potential/fcc-restart/04-npt-round-2/md/P-10GPa/multi_nnap_md.xyz,3742,0.1416833335,17.30466788,3.315543829,3.292890042,2626,2.061902645898795,2.5495800035861906,0.9857063511447453,normalized_void>0.946161
npt_pressure,10,,P-10GPa,Ti-potential/fcc-restart/04-npt-round-2/md/P-10GPa/multi_nnap_md.xyz,3743,0.1782070841,17.21473983,3.615032856,3.545778297,2627,2.029616188118541,2.473485209884975,0.9579492389305752,normalized_void>0.946161
npt_pressure,10,,P-10GPa,Ti-potential/fcc-restart/04-npt-round-2/md/P-10GPa/multi_nnap_md.xyz,3745,2.068098009,17.04554894,10.82226981,10.8524961,2629,1.5861518906868644,2.4101661668496814,0.9365047584450934,min_distance_A<1.77527
npt_pressure,10,,P-10GPa,Ti-potential/fcc-restart/04-npt-round-2/md/P-10GPa/multi_nnap_md.xyz,3746,1.117440773,16.9784419,8.317777069,9.977379907,2630,1.6818449453922806,2.374708815447713,0.923941384536259,min_distance_A<1.77527
npt_pressure,10,,P-10GPa,Ti-potential/fcc-restart/04-npt-round-2/md/P-10GPa/multi_nnap_md.xyz,3751,0.843902799,16.78053759,8.247094946,9.032992127,2635,1.7066543653443902,2.3471850899418008,0.9168086758456008,min_distance_A<1.77527
npt_pressure,10,,P-10GPa,Ti-potential/fcc-restart/04-npt-round-2/md/P-10GPa/multi_nnap_md.xyz,3808,0.2960650536,16.98997402,5.968361717,5.806506043,2683,1.7476012992130057,2.3365486097742676,0.9088884453804609,min_distance_A<1.77527
npt_pressure,10,,P-10GPa,Ti-potential/fcc-restart/04-npt-round-2/md/P-10GPa/multi_nnap_md.xyz,3809,0.355802224,16.85908419,6.334221201,5.973253529,2684,1.7393499377459256,2.3559770334342325,0.9188114374933117,min_distance_A<1.77527
npt_pressure,10,,P-10GPa,Ti-potential/fcc-restart/04-npt-round-2/md/P-10GPa/multi_nnap_md.xyz,3810,0.5506565068,16.72431358,5.760663964,6.032315747,2685,1.7506161607311825,2.3229413905700387,0.908354736347793,min_distance_A<1.77527
npt_pressure,10,,P-10GPa,Ti-potential/fcc-restart/04-npt-round-2/md/P-10GPa/multi_nnap_md.xyz,3811,1.069312594,16.59176985,7.028593653,7.267318705,2686,1.71089584896977,2.2716605389659073,0.8906611908888638,min_distance_A<1.77527
npt_pressure,10,,P-10GPa,Ti-potential/fcc-restart/04-npt-round-2/md/P-10GPa/multi_nnap_md.xyz,3856,0.493129898,17.533335,5.400711838,4.938639379,2726,1.767007910598553,2.4677712411388923,0.949912031587656,min_distance_A<1.77527;normalized_void>0.946161
npt_pressure,10,,P-10GPa,Ti-potential/fcc-restart/04-npt-round-2/md/P-10GPa/multi_nnap_md.xyz,3872,0.3286836849,16.23400081,5.742798838,5.890449722,2739,1.771107912693724,2.2454047719420296,0.886787276898473,min_distance_A<1.77527
npt_pressure,10,,P-10GPa,Ti-potential/fcc-restart/04-npt-round-2/md/P-10GPa/multi_nnap_md.xyz,3914,0.1700399559,17.11530611,4.14687253,3.911939808,2774,1.9534376534481857,2.485945747230593,0.9646359047724337,normalized_void>0.946161
npt_pressure,10,,P-10GPa,Ti-potential/fcc-restart/04-npt-round-2/md/P-10GPa/multi_nnap_md.xyz,3915,0.1764705634,17.00327396,4.009381851,3.838467521,2775,1.9489817954203,2.510938260508857,0.9764691272805449,normalized_void>0.946161
npt_pressure,10,,P-10GPa,Ti-potential/fcc-restart/04-npt-round-2/md/P-10GPa/multi_nnap_md.xyz,3916,0.1651596219,16.8869289,3.258871907,3.18606926,2776,2.02536768415329,2.48277547163394,0.9677292943538843,normalized_void>0.946161
npt_pressure,10,,P-10GPa,Ti-potential/fcc-restart/04-npt-round-2/md/P-10GPa/multi_nnap_md.xyz,3917,0.191166544,16.77380528,3.371388137,3.372785092,2777,1.981172649102811,2.4262899659933135,0.9478337522158431,normalized_void>0.946161
npt_pressure,10,,P-10GPa,Ti-potential/fcc-restart/04-npt-round-2/md/P-10GPa/multi_nnap_md.xyz,3921,1.481882996,16.45426217,6.879533472,6.577166337,2781,1.6855213583606374,2.240738956218014,0.8809781294460407,min_distance_A<1.77527
npt_pressure,10,,P-10GPa,Ti-potential/fcc-restart/04-npt-round-2/md/P-10GPa/multi_nnap_md.xyz,3922,1.306566625,16.42554284,6.204231364,6.293289846,2782,1.7024920233457763,2.2390363265070574,0.8808214779771305,min_distance_A<1.77527
npt_pressure,10,,P-10GPa,Ti-potential/fcc-restart/04-npt-round-2/md/P-10GPa/multi_nnap_md.xyz,3925,0.6430521454,16.50248956,6.521256918,7.049398616,2785,1.7652689800029693,2.2767224606348564,0.8942527199763064,min_distance_A<1.77527
npt_pressure,10,,P-10GPa,Ti-potential/fcc-restart/04-npt-round-2/md/P-10GPa/multi_nnap_md.xyz,3935,0.1525876264,17.63351943,2.804444991,2.882548428,2795,1.8941404293735338,2.48921433552194,0.9563480130013967,normalized_void>0.946161
npt_pressure,10,,P-10GPa,Ti-potential/fcc-restart/04-npt-round-2/md/P-10GPa/multi_nnap_md.xyz,3936,0.1329485613,17.62967663,2.403422725,2.421750188,2796,1.9398764805265645,2.543758525661002,0.9773747162383913,normalized_void>0.946161
npt_pressure,10,,P-10GPa,Ti-potential/fcc-restart/04-npt-round-2/md/P-10GPa/multi_nnap_md.xyz,3937,0.1458463514,17.57946836,2.783262652,2.58535142,2797,2.0635467135581,2.580876689535795,0.9925795946905938,normalized_void>0.946161
npt_pressure,10,,P-10GPa,Ti-potential/fcc-restart/04-npt-round-2/md/P-10GPa/multi_nnap_md.xyz,3938,0.1459965449,17.48753133,3.372887473,3.42066428,2798,2.1251805633595624,2.6092099888622258,1.0052317500508017,normalized_void>0.946161
npt_pressure,10,,P-10GPa,Ti-potential/fcc-restart/04-npt-round-2/md/P-10GPa/multi_nnap_md.xyz,3939,0.1431356571,17.36337763,3.287775257,3.323644216,2799,2.11309228715962,2.620338944303176,1.0119197398996866,normalized_void>0.946161
npt_pressure,10,,P-10GPa,Ti-potential/fcc-restart/04-npt-round-2/md/P-10GPa/multi_nnap_md.xyz,3943,0.1555921576,16.72680158,3.558660221,3.405869851,2800,1.9859178804240192,2.506649146190434,0.980142562222774,normalized_void>0.946161
npt_pressure,10,,P-10GPa,Ti-potential/fcc-restart/04-npt-round-2/md/P-10GPa/multi_nnap_md.xyz,3944,0.1977750579,16.57232667,4.19590556,3.905361399,2801,1.9970005259736276,2.4569817628310537,0.9636975858880398,normalized_void>0.946161
npt_pressure,10,,P-10GPa,Ti-potential/fcc-restart/04-npt-round-2/md/P-10GPa/multi_nnap_md.xyz,4000,0.4872192183,15.97581349,6.501402126,7.143569581,2845,1.7375993670253282,2.175735325817271,0.8638766508127599,min_distance_A<1.77527
npt_pressure,10,,P-10GPa,Ti-potential/fcc-restart/04-npt-round-2/md/P-10GPa/multi_nnap_md.xyz,4001,0.4538967773,15.98235006,5.524073432,5.852130723,2846,1.758330674433383,2.15628587439657,0.8560375031334777,min_distance_A<1.77527
npt_pressure,10,,P-10GPa,Ti-potential/fcc-restart/04-npt-round-2/md/P-10GPa/multi_nnap_md.xyz,4002,0.4397214592,16.02523083,5.169288066,5.308122627,2847,1.7446698376293537,2.146325381559814,0.8513225359930389,min_distance_A<1.77527
npt_pressure,10,,P-10GPa,Ti-potential/fcc-restart/04-npt-round-2/md/P-10GPa/multi_nnap_md.xyz,4003,0.505941601,16.09842109,4.615886637,4.575631768,2848,1.7539900863344327,2.1386948556772327,0.8470084254884153,min_distance_A<1.77527
npt_pressure,10,,P-10GPa,Ti-potential/fcc-restart/04-npt-round-2/md/P-10GPa/multi_nnap_md.xyz,4023,0.3355746752,16.28199806,5.538953724,5.93264225,2866,1.7588777036193886,2.156623282892982,0.8508866763988343,min_distance_A<1.77527
npt_pressure,10,,P-10GPa,Ti-potential/fcc-restart/04-npt-round-2/md/P-10GPa/multi_nnap_md.xyz,4059,0.2285882313,16.54135529,3.421928074,3.379071419,2891,1.9134678439668338,2.421075865832157,0.9502065838415992,normalized_void>0.946161
npt_pressure,10,,P-10GPa,Ti-potential/fcc-restart/04-npt-round-2/md/P-10GPa/multi_nnap_md.xyz,4060,0.2087175867,16.76919106,3.630704538,3.504854275,2892,1.9289763196587106,2.5102293394246704,0.980714726998125,normalized_void>0.946161
npt_pressure,10,,P-10GPa,Ti-potential/fcc-restart/04-npt-round-2/md/P-10GPa/multi_nnap_md.xyz,4061,0.1404351499,16.99728857,2.988656208,2.914730849,2893,2.023984394603176,2.544563687508801,0.9896617287550934,normalized_void>0.946161
npt_pressure,10,,P-10GPa,Ti-potential/fcc-restart/04-npt-round-2/md/P-10GPa/multi_nnap_md.xyz,4064,0.1562964111,17.58909169,2.681765391,2.764873631,2894,2.067203510342836,2.536729834102325,0.9754231958091133,normalized_void>0.946161
npt_pressure,10,,P-10GPa,Ti-potential/fcc-restart/04-npt-round-2/md/P-10GPa/multi_nnap_md.xyz,4065,0.1829647906,17.72449566,2.802755241,2.727346648,2895,2.036769883760733,2.4946147390061175,0.9567802203354507,normalized_void>0.946161
npt_pressure,10,,P-10GPa,Ti-potential/fcc-restart/04-npt-round-2/md/P-10GPa/multi_nnap_md.xyz,4076,0.1866578151,16.23480842,4.138219751,3.994699264,2901,2.033592411233596,2.40219245699537,0.9486923740294328,normalized_void>0.946161
npt_pressure,10,,P-10GPa,Ti-potential/fcc-restart/04-npt-round-2/md/P-10GPa/multi_nnap_md.xyz,4091,0.4923428648,17.54002268,6.179831129,6.288740013,2916,1.7696948044297944,2.270034844994344,0.8736868653463146,min_distance_A<1.77527
npt_pressure,10,,P-10GPa,Ti-potential/fcc-restart/04-npt-round-2/md/P-10GPa/multi_nnap_md.xyz,4124,0.8315139181,16.89536895,7.860792749,8.244150547,2943,1.7058847489982056,2.20896041541704,0.8608590313074462,min_distance_A<1.77527
npt_pressure,10,,P-10GPa,Ti-potential/fcc-restart/04-npt-round-2/md/P-10GPa/multi_nnap_md.xyz,4125,0.5153187535,16.76668091,5.791017483,5.793345253,2944,1.7645646463762887,2.2524336086710575,0.8800411214674789,min_distance_A<1.77527
npt_pressure,10,,P-10GPa,Ti-potential/fcc-restart/04-npt-round-2/md/P-10GPa/multi_nnap_md.xyz,4148,0.7044386409,17.54004504,6.138481192,6.40247682,2964,1.728899444138738,2.285623902732036,0.8796863796348584,min_distance_A<1.77527
npt_pressure,10,,P-10GPa,Ti-potential/fcc-restart/04-npt-round-2/md/P-10GPa/multi_nnap_md.xyz,4155,0.5374571354,16.33796987,6.866118423,7.314211191,2969,1.723847909462121,2.2029727186318935,0.8681799567937771,min_distance_A<1.77527
npt_pressure,10,,P-10GPa,Ti-potential/fcc-restart/04-npt-round-2/md/P-10GPa/multi_nnap_md.xyz,4513,0.206548846,17.25899983,3.44472101,3.398407151,3239,1.8829525475121562,2.4807992733196067,0.9599598839311179,normalized_void>0.946161
npt_pressure,10,,P-10GPa,Ti-potential/fcc-restart/04-npt-round-2/md/P-10GPa/multi_nnap_md.xyz,4514,0.2262096613,17.29569779,4.900644143,5.035815917,3240,1.8095585863158166,2.507928318254599,0.9697707700947105,normalized_void>0.946161
npt_pressure,10,,P-10GPa,Ti-potential/fcc-restart/04-npt-round-2/md/P-10GPa/multi_nnap_md.xyz,4515,0.2032765839,17.32425153,3.652985317,3.62380754,3241,1.896034786470119,2.5203681719222666,0.974045310202944,normalized_void>0.946161
npt_pressure,10,,P-10GPa,Ti-potential/fcc-restart/04-npt-round-2/md/P-10GPa/multi_nnap_md.xyz,4516,0.1662719707,17.34214625,2.939497884,2.881873926,3242,2.012272122675464,2.5128718317460823,0.9708140582457897,normalized_void>0.946161
npt_pressure,10,,P-10GPa,Ti-potential/fcc-restart/04-npt-round-2/md/P-10GPa/multi_nnap_md.xyz,4517,0.1402842603,17.34663782,3.117816056,3.114998441,3243,2.043342763271889,2.4818784264736973,0.9587574102809666,normalized_void>0.946161
npt_pressure,10,,P-10GPa,Ti-potential/fcc-restart/04-npt-round-2/md/P-10GPa/multi_nnap_md.xyz,4559,0.1650450198,16.68838385,3.447937588,3.469848347,3276,2.0715288651850585,2.46450488109263,0.9644023408134733,normalized_void>0.946161
npt_pressure,10,,P-10GPa,Ti-potential/fcc-restart/04-npt-round-2/md/P-10GPa/multi_nnap_md.xyz,4560,0.1684524283,16.71903156,3.892457376,3.907631541,3277,2.1280863369925624,2.5040624818067396,0.979282789605214,normalized_void>0.946161
npt_pressure,10,,P-10GPa,Ti-potential/fcc-restart/04-npt-round-2/md/P-10GPa/multi_nnap_md.xyz,4561,0.1698031946,16.7782016,3.970408127,3.973747183,3278,2.0270996950320423,2.5308639325850115,0.9885993652449527,normalized_void>0.946161
npt_pressure,10,,P-10GPa,Ti-potential/fcc-restart/04-npt-round-2/md/P-10GPa/multi_nnap_md.xyz,4562,0.1957842817,16.86708932,3.791962243,3.822542972,3279,2.052886496499618,2.5364099560534594,0.9890222628494976,normalized_void>0.946161
npt_pressure,10,,P-10GPa,Ti-potential/fcc-restart/04-npt-round-2/md/P-10GPa/multi_nnap_md.xyz,4563,0.2413083342,16.97865094,3.15994754,3.22317846,3280,2.041632270717966,2.517042861953228,0.9793160775557146,normalized_void>0.946161
npt_pressure,10,,P-10GPa,Ti-potential/fcc-restart/04-npt-round-2/md/P-10GPa/multi_nnap_md.xyz,4564,0.2414621104,17.09754538,2.750992448,2.641928427,3281,1.997984278618956,2.4852367679568155,0.9646946022324632,normalized_void>0.946161
npt_pressure,10,,P-10GPa,Ti-potential/fcc-restart/04-npt-round-2/md/P-10GPa/multi_nnap_md.xyz,4575,0.3891124195,16.74504408,4.780405762,4.70841648,3291,1.771199267292778,2.27661132487673,0.8898704666632397,min_distance_A<1.77527
npt_pressure,10,,P-10GPa,Ti-potential/fcc-restart/04-npt-round-2/md/P-10GPa/multi_nnap_md.xyz,4619,0.2118299616,17.7271214,3.001075103,2.991438237,3332,2.0233613902460132,2.5245516137531143,0.9682143488231321,normalized_void>0.946161
npt_pressure,10,,P-10GPa,Ti-potential/fcc-restart/04-npt-round-2/md/P-10GPa/multi_nnap_md.xyz,4620,0.2225194226,17.68715211,2.910599978,2.992403852,3333,1.9766695146495885,2.5790703893861076,0.9898678638155565,normalized_void>0.946161
npt_pressure,10,,P-10GPa,Ti-potential/fcc-restart/04-npt-round-2/md/P-10GPa/multi_nnap_md.xyz,4621,0.5637876115,17.61324654,4.56632065,4.453115036,3334,1.815650583824314,2.6087608203623502,1.0026617755556189,normalized_void>0.946161
npt_pressure,10,,P-10GPa,Ti-potential/fcc-restart/04-npt-round-2/md/P-10GPa/multi_nnap_md.xyz,4622,0.6903263809,17.51189272,4.779627434,4.87338809,3335,1.7869622894656398,2.589847820154501,0.9973093323251453,normalized_void>0.946161
npt_pressure,10,,P-10GPa,Ti-potential/fcc-restart/04-npt-round-2/md/P-10GPa/multi_nnap_md.xyz,4623,0.4151131454,17.38971282,3.225319544,3.129580258,3336,1.8712752345568664,2.571939683968869,0.9927273250973416,normalized_void>0.946161
npt_pressure,10,,P-10GPa,Ti-potential/fcc-restart/04-npt-round-2/md/P-10GPa/multi_nnap_md.xyz,4624,0.3363906551,17.25264384,3.514272175,3.563319057,3337,1.9247174981401134,2.532778420083431,0.9801938611870226,normalized_void>0.946161
npt_pressure,10,,P-10GPa,Ti-potential/fcc-restart/04-npt-round-2/md/P-10GPa/multi_nnap_md.xyz,4625,0.2778600829,17.10795352,3.760061716,3.877733644,3338,1.864505274729128,2.4444929927709635,0.9486866213727494,normalized_void>0.946161
npt_pressure,10,,P-10GPa,Ti-potential/fcc-restart/04-npt-round-2/md/P-10GPa/multi_nnap_md.xyz,4815,0.1833236659,16.36730599,4.3909737,4.454605435,3493,1.9931532564316068,2.4176544758935075,0.9522153225478486,normalized_void>0.946161
npt_pressure,10,,P-10GPa,Ti-potential/fcc-restart/04-npt-round-2/md/P-10GPa/multi_nnap_md.xyz,4816,0.1780283303,16.55639887,4.350187195,4.494560363,3494,1.998897190022661,2.447149433249315,0.9601487697195452,normalized_void>0.946161
npt_pressure,10,,P-10GPa,Ti-potential/fcc-restart/04-npt-round-2/md/P-10GPa/multi_nnap_md.xyz,4817,0.1359084518,16.76016094,3.546435835,3.526374356,3495,1.9457656898081095,2.4466327091573663,0.9560399693841516,normalized_void>0.946161
npt_pressure,10,,P-10GPa,Ti-potential/fcc-restart/04-npt-round-2/md/P-10GPa/multi_nnap_md.xyz,4828,0.149646705,17.3529429,3.644253425,3.642549575,3506,2.1047189160615334,2.4594447445468326,0.949976124968705,normalized_void>0.946161
npt_pressure,10,,P-10GPa,Ti-potential/fcc-restart/04-npt-round-2/md/P-10GPa/multi_nnap_md.xyz,4829,0.1785539979,17.24197449,3.611415656,3.606971339,3507,1.9952996622705579,2.4477343261831095,0.9474768602376452,normalized_void>0.946161
npt_pressure,10,,P-10GPa,Ti-potential/fcc-restart/04-npt-round-2/md/P-10GPa/multi_nnap_md.xyz,4861,0.4363289424,16.55884628,6.731129052,7.16856227,3536,1.7214075034539396,2.282010218976077,0.8953116315201023,min_distance_A<1.77527
npt_pressure,10,,P-10GPa,Ti-potential/fcc-restart/04-npt-round-2/md/P-10GPa/multi_nnap_md.xyz,4862,0.4325964402,16.46506942,6.630232048,7.363804212,3537,1.7204665531234138,2.2762181139676443,0.8947314154670825,min_distance_A<1.77527
npt_pressure,10,,P-10GPa,Ti-potential/fcc-restart/04-npt-round-2/md/P-10GPa/multi_nnap_md.xyz,4874,0.2252009785,17.2063136,4.191937181,4.066110331,3549,1.9133317407208712,2.476638922760098,0.9593271801240131,normalized_void>0.946161
npt_pressure,10,,P-10GPa,Ti-potential/fcc-restart/04-npt-round-2/md/P-10GPa/multi_nnap_md.xyz,4875,0.1983367525,17.3282882,3.653608528,3.508486191,3550,1.8952863487768608,2.5111857071214634,0.9704212023209016,normalized_void>0.946161
npt_pressure,10,,P-10GPa,Ti-potential/fcc-restart/04-npt-round-2/md/P-10GPa/multi_nnap_md.xyz,4876,0.1636845403,17.41964174,3.654152413,3.503847405,3551,1.9399076619795765,2.516107605363984,0.9706205251882025,normalized_void>0.946161
npt_pressure,10,,P-10GPa,Ti-potential/fcc-restart/04-npt-round-2/md/P-10GPa/multi_nnap_md.xyz,4877,0.176164687,17.4728324,3.144976242,3.086853799,3552,1.9709088267032269,2.496871986951868,0.9622217583704126,normalized_void>0.946161
npt_pressure,10,,P-10GPa,Ti-potential/fcc-restart/04-npt-round-2/md/P-10GPa/multi_nnap_md.xyz,4878,0.204339912,17.48572461,4.357990552,4.512251802,3553,1.9017197863138229,2.4680563511512665,0.9508832413492674,normalized_void>0.946161
npt_pressure,10,,P-10GPa,Ti-potential/fcc-restart/04-npt-round-2/md/P-10GPa/multi_nnap_md.xyz,4900,0.2688291216,17.04762373,4.216367669,3.91338959,3574,1.885464851132226,2.44071231937711,0.9483354299565275,normalized_void>0.946161
npt_pressure,10,,P-10GPa,Ti-potential/fcc-restart/04-npt-round-2/md/P-10GPa/multi_nnap_md.xyz,4924,0.2170867816,17.04963417,4.1770674,4.206078522,3593,1.940984777825026,2.455497712724233,0.9540427720312464,normalized_void>0.946161
npt_pressure,10,,P-10GPa,Ti-potential/fcc-restart/04-npt-round-2/md/P-10GPa/multi_nnap_md.xyz,4925,0.5878920759,17.20217342,6.157915074,6.487453428,3594,1.7856094316166173,2.486162204459213,0.9630932802729525,normalized_void>0.946161
npt_pressure,10,,P-10GPa,Ti-potential/fcc-restart/04-npt-round-2/md/P-10GPa/multi_nnap_md.xyz,4926,0.4572528816,17.34780424,5.693864672,5.848411409,3595,1.7929797964817213,2.4588342997311177,0.949834103017464,normalized_void>0.946161
npt_pressure,10,,P-10GPa,Ti-potential/fcc-restart/04-npt-round-2/md/P-10GPa/multi_nnap_md.xyz,4929,0.1531207161,17.67416907,2.66850285,2.615132123,3598,1.955371598918819,2.482460482462555,0.9530214496912401,normalized_void>0.946161
npt_pressure,10,,P-10GPa,Ti-potential/fcc-restart/04-npt-round-2/md/P-10GPa/multi_nnap_md.xyz,4931,0.2127449838,17.71796043,4.576634647,4.428161824,3599,1.96255767396279,2.5163538979055295,0.9652366655840252,normalized_void>0.946161
npt_pressure,10,,P-10GPa,Ti-potential/fcc-restart/04-npt-round-2/md/P-10GPa/multi_nnap_md.xyz,4932,0.3067132237,17.67474296,4.999088525,4.878909109,3600,2.0524396785578323,2.533962436257678,0.9727826220972969,normalized_void>0.946161
npt_pressure,10,,P-10GPa,Ti-potential/fcc-restart/04-npt-round-2/md/P-10GPa/multi_nnap_md.xyz,4933,0.2701857421,17.59548729,4.84877359,4.662565857,3601,1.9510006549140375,2.5358658551256603,0.9749728225099267,normalized_void>0.946161
npt_pressure,10,,P-10GPa,Ti-potential/fcc-restart/04-npt-round-2/md/P-10GPa/multi_nnap_md.xyz,4934,0.1774055572,17.49180141,3.903633515,3.842238704,3602,1.9896614095920655,2.5112581961520646,0.9674158261429848,normalized_void>0.946161
npt_pressure,10,,P-10GPa,Ti-potential/fcc-restart/04-npt-round-2/md/P-10GPa/multi_nnap_md.xyz,4935,0.1288388379,17.37312646,3.370636827,3.338250974,3603,2.084699285237968,2.4922601373733007,0.9622783411769971,normalized_void>0.946161
npt_pressure,10,,P-10GPa,Ti-potential/fcc-restart/04-npt-round-2/md/P-10GPa/multi_nnap_md.xyz,4936,0.1344819781,17.24415393,3.199257475,3.123992472,3604,2.0363257871265854,2.462211594392047,0.9530406135830131,normalized_void>0.946161
npt_pressure,10,,P-10GPa,Ti-potential/fcc-restart/04-npt-round-2/md/P-10GPa/multi_nnap_md.xyz,4939,0.1634866279,16.81990265,2.938003743,2.899498646,3607,1.9256224091955678,2.435952420825248,0.9507382689373194,normalized_void>0.946161
npt_pressure,10,,P-10GPa,Ti-potential/fcc-restart/04-npt-round-2/md/P-10GPa/multi_nnap_md.xyz,4940,0.1574386966,16.68472098,3.401094434,3.372191377,3608,1.9435026308635488,2.504699031115689,0.9802027088067332,normalized_void>0.946161
npt_pressure,10,,P-10GPa,Ti-potential/fcc-restart/04-npt-round-2/md/P-10GPa/multi_nnap_md.xyz,4941,0.2133277545,16.56829328,4.278783031,4.264061961,3609,1.9406088397328543,2.5500203559611774,1.000271103531152,normalized_void>0.946161
npt_pressure,10,,P-10GPa,Ti-potential/fcc-restart/04-npt-round-2/md/P-10GPa/multi_nnap_md.xyz,4942,0.2322624061,16.48076098,4.398147025,4.380094368,3610,1.9354641860998254,2.567736076440207,1.0090003014765532,normalized_void>0.946161
npt_pressure,10,,P-10GPa,Ti-potential/fcc-restart/04-npt-round-2/md/P-10GPa/multi_nnap_md.xyz,4943,0.1644508432,16.42644642,3.682870716,3.68755829,3611,2.0309442329528165,2.565557378335441,1.0092541059638773,normalized_void>0.946161
npt_pressure,10,,P-10GPa,Ti-potential/fcc-restart/04-npt-round-2/md/P-10GPa/multi_nnap_md.xyz,4944,0.1760132129,16.40303474,2.659807492,2.653142544,3612,2.058161770971361,2.546754755801211,1.0023338353555584,normalized_void>0.946161
npt_pressure,10,,P-10GPa,Ti-potential/fcc-restart/04-npt-round-2/md/P-10GPa/multi_nnap_md.xyz,4945,0.1748837661,16.40549841,2.679708907,2.697787956,3613,2.007525794640732,2.515028434262178,0.9897976607172749,normalized_void>0.946161
npt_pressure,10,,P-10GPa,Ti-potential/fcc-restart/04-npt-round-2/md/P-10GPa/multi_nnap_md.xyz,4946,0.1516714908,16.43071494,2.8950725,2.874573578,3614,1.9905954174366354,2.4730438965781745,0.9727763528637082,normalized_void>0.946161
npt_pressure,10,,P-10GPa,Ti-potential/fcc-restart/04-npt-round-2/md/P-10GPa/multi_nnap_md.xyz,4947,0.1593743003,16.47866913,4.295360939,4.208683237,3615,2.0281824645768856,2.4194121624237863,0.9507561607402428,normalized_void>0.946161
npt_pressure,10,,P-10GPa,Ti-potential/fcc-restart/04-npt-round-2/md/P-10GPa/multi_nnap_md.xyz,4957,0.1334717191,17.07859294,2.896925276,2.970176488,3624,2.021887578906701,2.455400229703723,0.953465382335323,normalized_void>0.946161
npt_pressure,10,,P-10GPa,Ti-potential/fcc-restart/04-npt-round-2/md/P-10GPa/multi_nnap_md.xyz,4960,0.1482857187,16.82162984,3.704142811,3.624814057,3625,2.062931491588019,2.4595618536641695,0.9599200392642743,normalized_void>0.946161
npt_pressure,10,,P-10GPa,Ti-potential/fcc-restart/04-npt-round-2/md/P-10GPa/multi_nnap_md.xyz,4996,0.4013182891,16.15909691,4.014211509,3.882330686,3655,1.769339829719903,2.195946622440537,0.8685925182951072,min_distance_A<1.77527
npt_pressure,20,,P-20GPa,Ti-potential/fcc-restart/04-npt-round-2/md/P-20GPa/multi_nnap_md.xyz,506,0.16133627,15.04201428,4.097908085,3.996929626,7,2.01181980516282,2.3469902581512914,0.9507710615059727,normalized_void>0.946161
npt_pressure,20,,P-20GPa,Ti-potential/fcc-restart/04-npt-round-2/md/P-20GPa/multi_nnap_md.xyz,535,1.886739856,15.545134,11.00426402,9.549488198,36,1.5894298190618241,2.164974658277747,0.8674703918035578,min_distance_A<1.77527
npt_pressure,20,,P-20GPa,Ti-potential/fcc-restart/04-npt-round-2/md/P-20GPa/multi_nnap_md.xyz,536,1.554741138,15.58480703,9.899704206,9.149300433,37,1.636209391790933,2.1835471639417787,0.8741690654969139,min_distance_A<1.77527
npt_pressure,20,,P-20GPa,Ti-potential/fcc-restart/04-npt-round-2/md/P-20GPa/multi_nnap_md.xyz,545,0.677069044,15.40817676,8.117524325,7.19067513,46,1.7123755829490306,2.1722524656750544,0.8729577297051778,min_distance_A<1.77527
npt_pressure,20,,P-20GPa,Ti-potential/fcc-restart/04-npt-round-2/md/P-20GPa/multi_nnap_md.xyz,546,0.5682184263,15.35767603,5.754938757,5.04526577,47,1.753851818256159,2.1945952848263657,0.8829022179515389,min_distance_A<1.77527
npt_pressure,20,,P-20GPa,Ti-potential/fcc-restart/04-npt-round-2/md/P-20GPa/multi_nnap_md.xyz,564,0.4171474414,15.90112414,5.920304059,5.994602227,64,1.7597315504266497,2.203871486334265,0.8764160521267306,min_distance_A<1.77527
npt_pressure,20,,P-20GPa,Ti-potential/fcc-restart/04-npt-round-2/md/P-20GPa/multi_nnap_md.xyz,575,0.5248389024,14.902402,6.871656544,7.251939401,75,1.767312700447764,2.118557058503376,0.8609040292133099,min_distance_A<1.77527
npt_pressure,20,,P-20GPa,Ti-potential/fcc-restart/04-npt-round-2/md/P-20GPa/multi_nnap_md.xyz,612,0.2584565133,15.67284538,6.107412489,6.172367612,112,1.7751150140895897,2.189883254730542,0.8750610360164566,min_distance_A<1.77527
npt_pressure,20,,P-20GPa,Ti-potential/fcc-restart/04-npt-round-2/md/P-20GPa/multi_nnap_md.xyz,629,0.9827185764,15.5202875,8.992511721,8.576742035,129,1.6557890293021649,2.1795587913144847,0.8737798007692101,min_distance_A<1.77527
npt_pressure,20,,P-20GPa,Ti-potential/fcc-restart/04-npt-round-2/md/P-20GPa/multi_nnap_md.xyz,630,0.3682755747,15.57133496,6.453394117,6.700003059,130,1.7513385728562563,2.231697992405535,0.8937035308366316,min_distance_A<1.77527
npt_pressure,20,,P-20GPa,Ti-potential/fcc-restart/04-npt-round-2/md/P-20GPa/multi_nnap_md.xyz,683,0.4749754596,15.63071014,5.295369217,5.585825565,178,1.7547181489193946,2.2557455639444446,0.9021883377763625,min_distance_A<1.77527
npt_pressure,20,,P-20GPa,Ti-potential/fcc-restart/04-npt-round-2/md/P-20GPa/multi_nnap_md.xyz,700,0.2042211955,15.59368897,3.193667456,3.154578103,195,1.9882381884091145,2.4049995232172336,0.9626432547331275,normalized_void>0.946161
npt_pressure,20,,P-20GPa,Ti-potential/fcc-restart/04-npt-round-2/md/P-20GPa/multi_nnap_md.xyz,701,0.1756839383,15.70085825,3.300991043,3.296793784,196,2.030946984004235,2.4604816145249675,0.9826050532889264,normalized_void>0.946161
npt_pressure,20,,P-20GPa,Ti-potential/fcc-restart/04-npt-round-2/md/P-20GPa/multi_nnap_md.xyz,702,0.2739854875,15.79513872,3.619545392,3.553459616,197,1.9522450081124392,2.5048656905015445,0.9983357640819928,normalized_void>0.946161
npt_pressure,20,,P-20GPa,Ti-potential/fcc-restart/04-npt-round-2/md/P-20GPa/multi_nnap_md.xyz,703,0.2978098651,15.86955056,3.53463335,3.499786872,198,1.8889379584766424,2.5075620415594098,0.997845901770087,normalized_void>0.946161
npt_pressure,20,,P-20GPa,Ti-potential/fcc-restart/04-npt-round-2/md/P-20GPa/multi_nnap_md.xyz,704,0.2357704092,15.91954285,3.346142377,3.316661755,199,1.9266569626816665,2.44486313794806,0.9718763676026266,normalized_void>0.946161
npt_pressure,20,,P-20GPa,Ti-potential/fcc-restart/04-npt-round-2/md/P-20GPa/multi_nnap_md.xyz,706,0.4610446736,15.92663007,5.880281822,6.264473597,201,1.760923585709907,2.3108956680762747,0.9184856473389743,min_distance_A<1.77527
npt_pressure,20,,P-20GPa,Ti-potential/fcc-restart/04-npt-round-2/md/P-20GPa/multi_nnap_md.xyz,720,0.2177891892,15.14327402,4.820076225,4.719609407,213,1.7715445214334946,2.2173937015602294,0.896264543371805,min_distance_A<1.77527
npt_pressure,20,,P-20GPa,Ti-potential/fcc-restart/04-npt-round-2/md/P-20GPa/multi_nnap_md.xyz,810,0.4316897378,14.96288151,6.367383535,6.232327165,299,1.7671827812908318,2.105453919292418,0.8544250945639058,min_distance_A<1.77527
npt_pressure,20,,P-20GPa,Ti-potential/fcc-restart/04-npt-round-2/md/P-20GPa/multi_nnap_md.xyz,811,0.5321789773,14.92169988,6.262072343,6.040212864,300,1.7539414533746513,2.1298918711950168,0.8651368065330476,min_distance_A<1.77527
npt_pressure,20,,P-20GPa,Ti-potential/fcc-restart/04-npt-round-2/md/P-20GPa/multi_nnap_md.xyz,870,0.369462558,15.90264433,5.334063256,5.534129297,353,1.768110974069724,2.3660130045970065,0.940865069936398,min_distance_A<1.77527
npt_pressure,20,,P-20GPa,Ti-potential/fcc-restart/04-npt-round-2/md/P-20GPa/multi_nnap_md.xyz,871,0.1748309116,15.84727396,3.845960289,3.714269681,354,1.8337311269281185,2.393086127608938,0.9527379704623026,normalized_void>0.946161
npt_pressure,20,,P-20GPa,Ti-potential/fcc-restart/04-npt-round-2/md/P-20GPa/multi_nnap_md.xyz,889,0.1429213729,15.59600514,3.112093582,3.088950773,371,2.0430041206648952,2.3690538647655837,0.9482084301258829,normalized_void>0.946161
npt_pressure,20,,P-20GPa,Ti-potential/fcc-restart/04-npt-round-2/md/P-20GPa/multi_nnap_md.xyz,890,0.1360714373,15.67414508,3.725516391,3.683002586,372,2.0571833462318314,2.4052248412062207,0.9610833639075831,normalized_void>0.946161
npt_pressure,20,,P-20GPa,Ti-potential/fcc-restart/04-npt-round-2/md/P-20GPa/multi_nnap_md.xyz,891,0.1602968013,15.73921247,3.395437766,3.368283872,373,1.9939865821775087,2.3805175868950545,0.949898193150794,normalized_void>0.946161
npt_pressure,20,,P-20GPa,Ti-potential/fcc-restart/04-npt-round-2/md/P-20GPa/multi_nnap_md.xyz,912,0.6021171049,15.45769198,5.126188069,5.917714649,393,1.7421052806744357,2.178602088682558,0.8745736048978016,min_distance_A<1.77527
npt_pressure,20,,P-20GPa,Ti-potential/fcc-restart/04-npt-round-2/md/P-20GPa/multi_nnap_md.xyz,926,0.2452953364,15.45152037,3.624107465,3.614294432,407,1.942910868080991,2.3684328176816503,0.9509054369954137,normalized_void>0.946161
npt_pressure,20,,P-20GPa,Ti-potential/fcc-restart/04-npt-round-2/md/P-20GPa/multi_nnap_md.xyz,927,0.1752479688,15.40384646,3.679708344,3.782508701,408,1.9092827079417944,2.4009823368462904,0.9649672440190229,normalized_void>0.946161
npt_pressure,20,,P-20GPa,Ti-potential/fcc-restart/04-npt-round-2/md/P-20GPa/multi_nnap_md.xyz,928,0.1423096608,15.36215161,3.359395419,3.378824518,409,1.9876943615434375,2.408592707144441,0.9689008822734018,normalized_void>0.946161
npt_pressure,20,,P-20GPa,Ti-potential/fcc-restart/04-npt-round-2/md/P-20GPa/multi_nnap_md.xyz,929,0.1534893797,15.3328064,4.583072902,4.448123504,410,2.083231951131246,2.3830249632745635,0.9592269554912384,normalized_void>0.946161
npt_pressure,20,,P-20GPa,Ti-potential/fcc-restart/04-npt-round-2/md/P-20GPa/multi_nnap_md.xyz,1067,0.871414061,15.09288193,7.12151732,6.532349444,540,1.7240793516367208,2.2241110027837814,0.8999790508767717,min_distance_A<1.77527
npt_pressure,20,,P-20GPa,Ti-potential/fcc-restart/04-npt-round-2/md/P-20GPa/multi_nnap_md.xyz,1068,0.5043076097,15.1665267,5.22625877,4.970900443,541,1.7641646869763299,2.183135151387137,0.8819661377466882,min_distance_A<1.77527
npt_pressure,20,,P-20GPa,Ti-potential/fcc-restart/04-npt-round-2/md/P-20GPa/multi_nnap_md.xyz,1111,0.2522617646,15.52602219,3.839832976,3.688894082,580,1.941622554449978,2.3737264120718806,0.9515039480049743,normalized_void>0.946161
npt_pressure,20,,P-20GPa,Ti-potential/fcc-restart/04-npt-round-2/md/P-20GPa/multi_nnap_md.xyz,1112,0.4572902297,15.49832636,5.002780868,5.339845972,581,1.8006663512936494,2.4328610039034566,0.975788502432329,normalized_void>0.946161
npt_pressure,20,,P-20GPa,Ti-potential/fcc-restart/04-npt-round-2/md/P-20GPa/multi_nnap_md.xyz,1113,0.5741867755,15.46760564,5.175225055,5.462929849,582,1.7867272613400411,2.473470951213539,0.9927329816953485,normalized_void>0.946161
npt_pressure,20,,P-20GPa,Ti-potential/fcc-restart/04-npt-round-2/md/P-20GPa/multi_nnap_md.xyz,1114,0.2981780247,15.43596115,3.889761625,3.955642554,583,1.8776827165177932,2.4211819199465223,0.9724102541547212,normalized_void>0.946161
npt_pressure,20,,P-20GPa,Ti-potential/fcc-restart/04-npt-round-2/md/P-20GPa/multi_nnap_md.xyz,1119,0.3776915305,15.3168937,5.367064337,5.830001867,588,1.7694760288816975,2.1792341117232317,0.8774997246417716,min_distance_A<1.77527
npt_pressure,20,,P-20GPa,Ti-potential/fcc-restart/04-npt-round-2/md/P-20GPa/multi_nnap_md.xyz,1151,0.1400024373,15.27133081,3.05624368,2.948481626,620,2.031464102303673,2.3640347850025734,0.9528581089307326,normalized_void>0.946161
npt_pressure,20,,P-20GPa,Ti-potential/fcc-restart/04-npt-round-2/md/P-20GPa/multi_nnap_md.xyz,1152,0.150609867,15.27896853,3.879243745,3.808634007,621,2.0101555282245194,2.382797365664416,0.9602605762335377,normalized_void>0.946161
npt_pressure,20,,P-20GPa,Ti-potential/fcc-restart/04-npt-round-2/md/P-20GPa/multi_nnap_md.xyz,1153,0.3021671203,15.29402777,5.351953534,5.646290541,622,1.8329041646709783,2.3777260996670657,0.9579022649986073,normalized_void>0.946161
npt_pressure,20,,P-20GPa,Ti-potential/fcc-restart/04-npt-round-2/md/P-20GPa/multi_nnap_md.xyz,1193,0.8336604108,15.56614358,6.606212245,5.524561965,662,1.7192397446749041,2.2961877005820956,0.9196312254207324,min_distance_A<1.77527
npt_pressure,20,,P-20GPa,Ti-potential/fcc-restart/04-npt-round-2/md/P-20GPa/multi_nnap_md.xyz,1236,0.5079637554,15.15451107,7.487436808,7.671417549,702,1.7709755064509296,2.148503986269043,0.8682048094957778,min_distance_A<1.77527
npt_pressure,20,,P-20GPa,Ti-potential/fcc-restart/04-npt-round-2/md/P-20GPa/multi_nnap_md.xyz,1237,0.6036699787,15.2301628,8.413086966,8.464705727,703,1.7310359510657038,2.1510347742667912,0.8677858870823228,min_distance_A<1.77527
npt_pressure,20,,P-20GPa,Ti-potential/fcc-restart/04-npt-round-2/md/P-20GPa/multi_nnap_md.xyz,1246,0.3710248003,15.83364735,5.956061892,6.067462996,712,1.756352971238572,2.1629669760722923,0.8613696510994292,min_distance_A<1.77527
npt_pressure,20,,P-20GPa,Ti-potential/fcc-restart/04-npt-round-2/md/P-20GPa/multi_nnap_md.xyz,1301,1.017324381,15.32428769,7.19812448,7.329128088,764,1.7223319310747487,2.179443285969834,0.8774427837401954,min_distance_A<1.77527
npt_pressure,20,,P-20GPa,Ti-potential/fcc-restart/04-npt-round-2/md/P-20GPa/multi_nnap_md.xyz,1321,0.5313041422,15.56450834,4.213457745,4.209317684,784,1.759139921485451,2.1887386074750816,0.876628184864967,min_distance_A<1.77527
npt_pressure,20,,P-20GPa,Ti-potential/fcc-restart/04-npt-round-2/md/P-20GPa/multi_nnap_md.xyz,1322,0.5796491422,15.44699852,4.419189176,4.199697552,785,1.7470148973016613,2.199355934008227,0.8831086751139268,min_distance_A<1.77527
npt_pressure,20,,P-20GPa,Ti-potential/fcc-restart/04-npt-round-2/md/P-20GPa/multi_nnap_md.xyz,1330,0.4326699853,14.85350847,5.830786931,5.675791529,793,1.739559626487133,2.1159911322610463,0.8608037704060525,min_distance_A<1.77527
npt_pressure,20,,P-20GPa,Ti-potential/fcc-restart/04-npt-round-2/md/P-20GPa/multi_nnap_md.xyz,1331,0.591816657,14.92060441,5.984667866,6.168826742,794,1.7271447649353608,2.104784644506288,0.8549594717254345,min_distance_A<1.77527
npt_pressure,20,,P-20GPa,Ti-potential/fcc-restart/04-npt-round-2/md/P-20GPa/multi_nnap_md.xyz,1333,0.8750956216,15.16478112,6.653603956,7.011344216,796,1.7084076448515855,2.1352606369441425,0.8626583794602811,min_distance_A<1.77527
npt_pressure,20,,P-20GPa,Ti-potential/fcc-restart/04-npt-round-2/md/P-20GPa/multi_nnap_md.xyz,1334,0.685338032,15.32342729,5.569125733,6.089236591,797,1.7393783819801887,2.142875963577312,0.8627369447297707,min_distance_A<1.77527
npt_pressure,20,,P-20GPa,Ti-potential/fcc-restart/04-npt-round-2/md/P-20GPa/multi_nnap_md.xyz,1335,0.2788888426,15.49065067,5.568956764,5.642890372,798,1.7656719963834377,2.1301276829241336,0.8545072458613336,min_distance_A<1.77527
npt_pressure,20,,P-20GPa,Ti-potential/fcc-restart/04-npt-round-2/md/P-20GPa/multi_nnap_md.xyz,1341,0.7897716214,16.07475625,5.463844158,5.114206285,804,1.7525191967222011,2.357072935499621,0.9339527155277377,min_distance_A<1.77527
npt_pressure,20,,P-20GPa,Ti-potential/fcc-restart/04-npt-round-2/md/P-20GPa/multi_nnap_md.xyz,1342,1.535682847,16.07402011,9.515839581,9.013474915,805,1.6138539754732948,2.39490959686878,0.9489593776396875,min_distance_A<1.77527;normalized_void>0.946161
npt_pressure,20,,P-20GPa,Ti-potential/fcc-restart/04-npt-round-2/md/P-20GPa/multi_nnap_md.xyz,1343,0.7135246797,16.04686231,5.113967706,5.010021737,806,1.7635278758899193,2.4039943314080423,0.9530961836522782,min_distance_A<1.77527;normalized_void>0.946161
npt_pressure,20,,P-20GPa,Ti-potential/fcc-restart/04-npt-round-2/md/P-20GPa/multi_nnap_md.xyz,1344,0.3251837605,15.99227273,3.428165247,3.443441337,807,1.8474193179713905,2.4025339956087097,0.9535997877984708,normalized_void>0.946161
npt_pressure,20,,P-20GPa,Ti-potential/fcc-restart/04-npt-round-2/md/P-20GPa/multi_nnap_md.xyz,1345,0.4828429562,15.91025836,4.449926369,4.39450434,808,1.7700574461949936,2.3818882311911365,0.9470268696119177,min_distance_A<1.77527;normalized_void>0.946161
npt_pressure,20,,P-20GPa,Ti-potential/fcc-restart/04-npt-round-2/md/P-20GPa/multi_nnap_md.xyz,1351,0.5874938394,15.17407925,6.492326839,6.483511028,814,1.748502057071736,2.3061066973938456,0.9314908955646775,min_distance_A<1.77527
npt_pressure,20,,P-20GPa,Ti-potential/fcc-restart/04-npt-round-2/md/P-20GPa/multi_nnap_md.xyz,1373,0.8099150556,15.05948686,7.525354305,7.923231655,836,1.7126832244351602,2.0792599705052877,0.8419870294711486,min_distance_A<1.77527
npt_pressure,20,,P-20GPa,Ti-potential/fcc-restart/04-npt-round-2/md/P-20GPa/multi_nnap_md.xyz,1374,0.3591821062,14.94188233,6.406541387,6.72740392,837,1.7690214527903985,2.096012115729415,0.850991753071832,min_distance_A<1.77527
npt_pressure,20,,P-20GPa,Ti-potential/fcc-restart/04-npt-round-2/md/P-20GPa/multi_nnap_md.xyz,1396,0.3257999474,15.4669231,5.728709533,5.888341437,859,1.766197144974704,2.1377451252189754,0.8580013068138915,min_distance_A<1.77527
npt_pressure,20,,P-20GPa,Ti-potential/fcc-restart/04-npt-round-2/md/P-20GPa/multi_nnap_md.xyz,1441,0.3842596132,15.3369916,5.085603151,5.122068899,903,1.7746211826813714,2.2504420553760562,0.9057766244461091,min_distance_A<1.77527
npt_pressure,20,,P-20GPa,Ti-potential/fcc-restart/04-npt-round-2/md/P-20GPa/multi_nnap_md.xyz,1442,1.056465351,15.21080791,8.145827179,7.233749772,904,1.6828320315420247,2.2037695699195505,0.8894374699270565,min_distance_A<1.77527
npt_pressure,20,,P-20GPa,Ti-potential/fcc-restart/04-npt-round-2/md/P-20GPa/multi_nnap_md.xyz,1446,0.6707338563,14.95137635,6.326797414,6.748605193,908,1.7331202275182371,2.2349311836571624,0.9072015092340624,min_distance_A<1.77527
npt_pressure,20,,P-20GPa,Ti-potential/fcc-restart/04-npt-round-2/md/P-20GPa/multi_nnap_md.xyz,1447,0.398745633,14.97082229,5.566634805,5.842110554,909,1.7657225152443494,2.240912442207296,0.9092354003026581,min_distance_A<1.77527
npt_pressure,20,,P-20GPa,Ti-potential/fcc-restart/04-npt-round-2/md/P-20GPa/multi_nnap_md.xyz,1451,0.5258697315,15.34526043,6.935271704,7.243119357,913,1.7096237614834169,2.2543695266685484,0.9071943793111417,min_distance_A<1.77527
npt_pressure,20,,P-20GPa,Ti-potential/fcc-restart/04-npt-round-2/md/P-20GPa/multi_nnap_md.xyz,1452,0.3023461816,15.46351979,6.272673481,6.738987394,914,1.745388934268178,2.2523676985039454,0.9040723193239656,min_distance_A<1.77527
npt_pressure,20,,P-20GPa,Ti-potential/fcc-restart/04-npt-round-2/md/P-20GPa/multi_nnap_md.xyz,1461,0.1604202598,15.6568076,3.841640743,3.778801501,923,1.9422513769433443,2.403247511258697,0.9606475873476276,normalized_void>0.946161
npt_pressure,20,,P-20GPa,Ti-potential/fcc-restart/04-npt-round-2/md/P-20GPa/multi_nnap_md.xyz,1462,0.1708496285,15.59356894,3.910639662,3.774740488,924,1.983027865229889,2.441378731367811,0.9772071784319732,normalized_void>0.946161
npt_pressure,20,,P-20GPa,Ti-potential/fcc-restart/04-npt-round-2/md/P-20GPa/multi_nnap_md.xyz,1463,0.1692642597,15.52979654,4.008097216,3.783949899,925,1.8879445370029497,2.4617903852492984,0.9867242823049297,normalized_void>0.946161
npt_pressure,20,,P-20GPa,Ti-potential/fcc-restart/04-npt-round-2/md/P-20GPa/multi_nnap_md.xyz,1464,0.1803448705,15.47061714,3.7015473,3.589743921,926,1.9379644994020944,2.472410361133251,0.992242919948673,normalized_void>0.946161
npt_pressure,20,,P-20GPa,Ti-potential/fcc-restart/04-npt-round-2/md/P-20GPa/multi_nnap_md.xyz,1465,0.1678667612,15.41971294,3.618720932,3.608174213,927,1.9816648818315241,2.4868807803989315,0.999147339724466,normalized_void>0.946161
npt_pressure,20,,P-20GPa,Ti-potential/fcc-restart/04-npt-round-2/md/P-20GPa/multi_nnap_md.xyz,1466,0.2069038319,15.38082199,3.711264619,3.78728867,928,1.9921127942255847,2.445853203246543,0.9834913377182369,normalized_void>0.946161
npt_pressure,20,,P-20GPa,Ti-potential/fcc-restart/04-npt-round-2/md/P-20GPa/multi_nnap_md.xyz,1467,0.1949861085,15.35574232,3.628505675,3.663603532,929,2.0111246675301997,2.3739164072900256,0.9550845437394035,normalized_void>0.946161
npt_pressure,20,,P-20GPa,Ti-potential/fcc-restart/04-npt-round-2/md/P-20GPa/multi_nnap_md.xyz,1468,0.2073270735,15.3428084,3.377420793,3.334880357,930,2.050702049918078,2.357339534109291,0.9486816911351864,normalized_void>0.946161
npt_pressure,20,,P-20GPa,Ti-potential/fcc-restart/04-npt-round-2/md/P-20GPa/multi_nnap_md.xyz,1469,0.2007891279,15.33920239,3.691331229,3.439430073,931,1.963091950536886,2.3636369162403486,0.9512905264177135,normalized_void>0.946161
npt_pressure,20,,P-20GPa,Ti-potential/fcc-restart/04-npt-round-2/md/P-20GPa/multi_nnap_md.xyz,1470,0.1875884287,15.34420646,3.949258273,3.791273802,932,1.95249861422671,2.352621506201835,0.946754224368586,normalized_void>0.946161
npt_pressure,20,,P-20GPa,Ti-potential/fcc-restart/04-npt-round-2/md/P-20GPa/multi_nnap_md.xyz,1504,0.1633520052,15.48503543,3.404591859,3.321829226,966,2.029903935675215,2.364917324281301,0.9488084887944672,normalized_void>0.946161
npt_pressure,20,,P-20GPa,Ti-potential/fcc-restart/04-npt-round-2/md/P-20GPa/multi_nnap_md.xyz,1505,0.1425761354,15.47162316,3.177768381,3.193294546,967,2.0643615578635175,2.3783728086896443,0.9544825027694936,normalized_void>0.946161
npt_pressure,20,,P-20GPa,Ti-potential/fcc-restart/04-npt-round-2/md/P-20GPa/multi_nnap_md.xyz,1506,0.1693981414,15.4652872,4.10234674,4.156276317,968,2.1106686483049772,2.3749654161400304,0.9532451991591597,normalized_void>0.946161
npt_pressure,20,,P-20GPa,Ti-potential/fcc-restart/04-npt-round-2/md/P-20GPa/multi_nnap_md.xyz,1522,0.9290273487,15.31957752,7.92363422,7.705044737,984,1.6873025711524785,2.2245910786019496,0.895711042514432,min_distance_A<1.77527
npt_pressure,20,,P-20GPa,Ti-potential/fcc-restart/04-npt-round-2/md/P-20GPa/multi_nnap_md.xyz,1523,0.4412171849,15.36108556,5.424516273,5.211768895,985,1.7613939171138404,2.237453247282303,0.9000776957938226,min_distance_A<1.77527
npt_pressure,20,,P-20GPa,Ti-potential/fcc-restart/04-npt-round-2/md/P-20GPa/multi_nnap_md.xyz,1544,0.7625489198,15.16456042,7.865375062,8.588746288,1006,1.707055859177696,2.152366203026553,0.8695733514380489,min_distance_A<1.77527
npt_pressure,20,,P-20GPa,Ti-potential/fcc-restart/04-npt-round-2/md/P-20GPa/multi_nnap_md.xyz,1595,0.6340400696,15.49844686,6.510468356,6.165672841,1057,1.7446152167549895,2.238117998930202,0.8976773216987053,min_distance_A<1.77527
npt_pressure,20,,P-20GPa,Ti-potential/fcc-restart/04-npt-round-2/md/P-20GPa/multi_nnap_md.xyz,1596,0.9181958529,15.52408158,6.830896473,5.998602494,1058,1.7404105011324724,2.2481722447077237,0.9012133360801254,min_distance_A<1.77527
npt_pressure,20,,P-20GPa,Ti-potential/fcc-restart/04-npt-round-2/md/P-20GPa/multi_nnap_md.xyz,1601,0.6988658266,15.57083462,6.882810457,7.007295958,1063,1.7406970236007426,2.3402782795580945,0.9371955214403028,min_distance_A<1.77527
npt_pressure,20,,P-20GPa,Ti-potential/fcc-restart/04-npt-round-2/md/P-20GPa/multi_nnap_md.xyz,1602,0.4515308853,15.54481514,5.65202354,5.581194509,1064,1.7889141410631502,2.363272204198164,0.9469314912766756,normalized_void>0.946161
npt_pressure,20,,P-20GPa,Ti-potential/fcc-restart/04-npt-round-2/md/P-20GPa/multi_nnap_md.xyz,1618,0.3723577536,15.23376563,5.471979434,5.636854381,1080,1.75491019937045,2.160206168482123,0.8714171683243023,min_distance_A<1.77527
npt_pressure,20,,P-20GPa,Ti-potential/fcc-restart/04-npt-round-2/md/P-20GPa/multi_nnap_md.xyz,1619,0.5328459476,15.26000777,5.863290769,6.04459982,1081,1.736260117190763,2.170668157619207,0.875135263230702,min_distance_A<1.77527
npt_pressure,20,,P-20GPa,Ti-potential/fcc-restart/04-npt-round-2/md/P-20GPa/multi_nnap_md.xyz,1625,0.3759851889,15.39013857,6.783650487,7.293713254,1087,1.7391083178325824,2.248510985991936,0.9039564413920861,min_distance_A<1.77527
npt_pressure,20,,P-20GPa,Ti-potential/fcc-restart/04-npt-round-2/md/P-20GPa/multi_nnap_md.xyz,1632,0.7203469769,15.53267258,7.280351403,7.035463917,1093,1.717490300806458,2.1781407521592664,0.872979163638724,min_distance_A<1.77527
npt_pressure,20,,P-20GPa,Ti-potential/fcc-restart/04-npt-round-2/md/P-20GPa/multi_nnap_md.xyz,1638,0.7337267738,15.54617041,6.057354093,6.853843416,1099,1.7268887082062054,2.3238220874835105,0.9310972999955253,min_distance_A<1.77527
npt_pressure,20,,P-20GPa,Ti-potential/fcc-restart/04-npt-round-2/md/P-20GPa/multi_nnap_md.xyz,1639,0.9358738397,15.53941243,5.946266943,6.930318267,1100,1.7216774266592607,2.319729950234079,0.9295924018089998,min_distance_A<1.77527
npt_pressure,20,,P-20GPa,Ti-potential/fcc-restart/04-npt-round-2/md/P-20GPa/multi_nnap_md.xyz,1648,0.5766188099,15.43071747,5.833814753,6.355516498,1109,1.7358053469356856,2.1656056526696985,0.8698626224051799,min_distance_A<1.77527
npt_pressure,20,,P-20GPa,Ti-potential/fcc-restart/04-npt-round-2/md/P-20GPa/multi_nnap_md.xyz,1651,0.1656821137,15.38868148,3.852903278,3.746433147,1112,1.9737559074578268,2.354833676245304,0.9467306434956873,normalized_void>0.946161
npt_pressure,20,,P-20GPa,Ti-potential/fcc-restart/04-npt-round-2/md/P-20GPa/multi_nnap_md.xyz,1652,0.1337765581,15.37285394,3.893377305,3.795119878,1113,2.105294820379562,2.3660358560941064,0.9515606804403324,normalized_void>0.946161
npt_pressure,20,,P-20GPa,Ti-potential/fcc-restart/04-npt-round-2/md/P-20GPa/multi_nnap_md.xyz,1684,0.7698583863,15.31231672,9.338525847,9.933354372,1141,1.6887276638385023,2.1373792890679133,0.8607320257982869,min_distance_A<1.77527
npt_pressure,20,,P-20GPa,Ti-potential/fcc-restart/04-npt-round-2/md/P-20GPa/multi_nnap_md.xyz,1685,0.9206743008,15.30473336,7.553186208,8.251670774,1142,1.68193186737973,2.1367487925517548,0.8606202184549488,min_distance_A<1.77527
npt_pressure,20,,P-20GPa,Ti-potential/fcc-restart/04-npt-round-2/md/P-20GPa/multi_nnap_md.xyz,1692,0.9758984476,15.65402904,6.932612837,8.036142139,1149,1.7677673609978697,2.3088726568347915,0.9229778289348424,min_distance_A<1.77527
npt_pressure,20,,P-20GPa,Ti-potential/fcc-restart/04-npt-round-2/md/P-20GPa/multi_nnap_md.xyz,1735,1.031147522,15.13428253,8.078286178,8.66463012,1189,1.7066638125812577,2.131323718966388,0.861645860164983,min_distance_A<1.77527
npt_pressure,20,,P-20GPa,Ti-potential/fcc-restart/04-npt-round-2/md/P-20GPa/multi_nnap_md.xyz,1736,0.4645912286,15.18650705,5.901761032,6.079378189,1190,1.7684350861197855,2.1625915982379236,0.8732834157933336,min_distance_A<1.77527
npt_pressure,20,,P-20GPa,Ti-potential/fcc-restart/04-npt-round-2/md/P-20GPa/multi_nnap_md.xyz,1739,0.4152114681,15.43475806,6.674824114,6.917406725,1193,1.7721471623515355,2.280780656023459,0.9160452184784941,min_distance_A<1.77527
npt_pressure,20,,P-20GPa,Ti-potential/fcc-restart/04-npt-round-2/md/P-20GPa/multi_nnap_md.xyz,1742,0.4588871486,15.69849214,5.497672435,5.578380966,1196,1.7504283195835906,2.221804096731746,0.8873326253605941,min_distance_A<1.77527
npt_pressure,20,,P-20GPa,Ti-potential/fcc-restart/04-npt-round-2/md/P-20GPa/multi_nnap_md.xyz,1743,2.609911969,15.76241939,10.10281044,7.91085843,1197,1.5945527572129752,2.252303976377582,0.8982958171261383,min_distance_A<1.77527
npt_pressure,20,,P-20GPa,Ti-potential/fcc-restart/04-npt-round-2/md/P-20GPa/multi_nnap_md.xyz,1744,1.227296964,15.80853264,7.438397347,6.410317777,1198,1.7012731236537368,2.2371384613769774,0.8913788890190917,min_distance_A<1.77527
npt_pressure,20,,P-20GPa,Ti-potential/fcc-restart/04-npt-round-2/md/P-20GPa/multi_nnap_md.xyz,1780,0.314703845,15.1131641,5.210950219,5.375943856,1230,1.7695325538153854,2.133064787226487,0.8627512166792768,min_distance_A<1.77527
npt_pressure,20,,P-20GPa,Ti-potential/fcc-restart/04-npt-round-2/md/P-20GPa/multi_nnap_md.xyz,1790,0.6237660425,15.79473338,5.728021873,5.979247051,1240,1.7589124787303776,2.2627666318026582,0.90185281650566,min_distance_A<1.77527
npt_pressure,20,,P-20GPa,Ti-potential/fcc-restart/04-npt-round-2/md/P-20GPa/multi_nnap_md.xyz,1849,0.5230103658,15.50833287,5.144975406,5.193525563,1297,1.7709590991442783,2.098206875061755,0.8413820986858183,min_distance_A<1.77527
npt_pressure,20,,P-20GPa,Ti-potential/fcc-restart/04-npt-round-2/md/P-20GPa/multi_nnap_md.xyz,1856,1.521992539,14.80670808,9.97672469,9.841001421,1304,1.6261740895109413,2.149972256008162,0.8755481154328318,min_distance_A<1.77527
npt_pressure,20,,P-20GPa,Ti-potential/fcc-restart/04-npt-round-2/md/P-20GPa/multi_nnap_md.xyz,1857,0.9514952642,14.8702555,7.310783953,8.30243859,1305,1.7195255113452446,2.1948116561379827,0.8925333397445246,min_distance_A<1.77527
npt_pressure,20,,P-20GPa,Ti-potential/fcc-restart/04-npt-round-2/md/P-20GPa/multi_nnap_md.xyz,1860,0.5755220728,15.27840734,6.46109666,6.474952463,1308,1.7475324090467421,2.2904871726541307,0.9230711318320711,min_distance_A<1.77527
npt_pressure,20,,P-20GPa,Ti-potential/fcc-restart/04-npt-round-2/md/P-20GPa/multi_nnap_md.xyz,1884,0.3845469708,15.24448216,6.188073664,6.435896328,1328,1.7731207867792342,2.175662971675282,0.8774466661725256,min_distance_A<1.77527
npt_pressure,20,,P-20GPa,Ti-potential/fcc-restart/04-npt-round-2/md/P-20GPa/multi_nnap_md.xyz,1902,0.5041749974,14.93824036,5.002998319,5.012469846,1344,1.7711086438604087,2.109517719976105,0.8565446960296862,min_distance_A<1.77527
npt_pressure,20,,P-20GPa,Ti-potential/fcc-restart/04-npt-round-2/md/P-20GPa/multi_nnap_md.xyz,1910,0.439096247,15.50633738,6.762918059,6.227470582,1352,1.7385797096959241,2.2308475716557052,0.8946094623470677,min_distance_A<1.77527
npt_pressure,20,,P-20GPa,Ti-potential/fcc-restart/04-npt-round-2/md/P-20GPa/multi_nnap_md.xyz,1951,0.765004185,15.02212882,6.087277891,6.172626215,1393,1.7264881137811068,2.3222570889436915,0.9411665207011748,min_distance_A<1.77527
npt_pressure,20,,P-20GPa,Ti-potential/fcc-restart/04-npt-round-2/md/P-20GPa/multi_nnap_md.xyz,2031,1.282758366,15.3281339,9.378408131,8.616057075,1470,1.6283466808429303,2.14056316195078,0.8617175776832497,min_distance_A<1.77527
npt_pressure,20,,P-20GPa,Ti-potential/fcc-restart/04-npt-round-2/md/P-20GPa/multi_nnap_md.xyz,2032,1.149149254,15.40495999,7.621737387,7.497361769,1471,1.7044376512059065,2.120482499102483,0.8522123708324805,min_distance_A<1.77527
npt_pressure,20,,P-20GPa,Ti-potential/fcc-restart/04-npt-round-2/md/P-20GPa/multi_nnap_md.xyz,2148,0.2043828503,15.19793905,3.290045288,3.469776267,1576,1.8755160853077284,2.3480151766294632,0.947922139922186,normalized_void>0.946161
npt_pressure,20,,P-20GPa,Ti-potential/fcc-restart/04-npt-round-2/md/P-20GPa/multi_nnap_md.xyz,2149,0.2706524096,15.22449037,3.385950541,3.374663784,1577,1.9080138567291014,2.364726615251211,0.9541134501331571,normalized_void>0.946161
npt_pressure,20,,P-20GPa,Ti-potential/fcc-restart/04-npt-round-2/md/P-20GPa/multi_nnap_md.xyz,2161,0.191121679,15.67649073,3.121049824,3.141250626,1589,1.9569466221918022,2.3913829501154185,0.9555047386564517,normalized_void>0.946161
npt_pressure,20,,P-20GPa,Ti-potential/fcc-restart/04-npt-round-2/md/P-20GPa/multi_nnap_md.xyz,2162,0.2044324448,15.62910825,3.151892206,3.155929278,1590,1.944125519229941,2.3849059695022303,0.9538787947388291,normalized_void>0.946161
npt_pressure,20,,P-20GPa,Ti-potential/fcc-restart/04-npt-round-2/md/P-20GPa/multi_nnap_md.xyz,2166,0.5208249226,15.35611103,6.436083038,6.047792959,1594,1.7465816117950121,2.1518984648623145,0.8657543743251755,min_distance_A<1.77527
npt_pressure,20,,P-20GPa,Ti-potential/fcc-restart/04-npt-round-2/md/P-20GPa/multi_nnap_md.xyz,2167,1.194302179,15.29966555,8.209714263,6.77138916,1595,1.6953752604136723,2.1234869936789624,0.8553731745889309,min_distance_A<1.77527
npt_pressure,20,,P-20GPa,Ti-potential/fcc-restart/04-npt-round-2/md/P-20GPa/multi_nnap_md.xyz,2174,0.2750570467,15.14288081,4.406668789,4.483030503,1602,1.774211661046082,2.1193160722308817,0.8566292450830886,min_distance_A<1.77527
npt_pressure,20,,P-20GPa,Ti-potential/fcc-restart/04-npt-round-2/md/P-20GPa/multi_nnap_md.xyz,2240,0.2799407846,15.06104405,3.935618012,3.806289644,1665,1.9626144257010258,2.3642085056069853,0.9573426687028201,normalized_void>0.946161
npt_pressure,20,,P-20GPa,Ti-potential/fcc-restart/04-npt-round-2/md/P-20GPa/multi_nnap_md.xyz,2241,0.2782674996,15.11224342,3.384854073,3.306908952,1666,1.9132393762041828,2.389884627605555,0.9666456233178451,normalized_void>0.946161
npt_pressure,20,,P-20GPa,Ti-potential/fcc-restart/04-npt-round-2/md/P-20GPa/multi_nnap_md.xyz,2242,0.2311622865,15.1863042,2.986920728,3.047229794,1667,1.990262048601847,2.398326657620332,0.96848069816927,normalized_void>0.946161
npt_pressure,20,,P-20GPa,Ti-potential/fcc-restart/04-npt-round-2/md/P-20GPa/multi_nnap_md.xyz,2243,0.2216848134,15.27709232,3.474681659,3.530015734,1668,1.9479628767050394,2.397432737566943,0.9661981400122622,normalized_void>0.946161
npt_pressure,20,,P-20GPa,Ti-potential/fcc-restart/04-npt-round-2/md/P-20GPa/multi_nnap_md.xyz,2244,0.1734909519,15.37839294,3.636568408,3.762006623,1669,1.9546627791234001,2.3706836029577425,0.9533154058200247,normalized_void>0.946161
npt_pressure,20,,P-20GPa,Ti-potential/fcc-restart/04-npt-round-2/md/P-20GPa/multi_nnap_md.xyz,2290,0.7255876714,15.36938743,8.192576852,8.610502758,1715,1.6966636209324923,2.2996093123510746,0.9249151060522192,min_distance_A<1.77527
npt_pressure,20,,P-20GPa,Ti-potential/fcc-restart/04-npt-round-2/md/P-20GPa/multi_nnap_md.xyz,2293,0.2970331311,15.81771983,5.612828904,5.984434564,1718,1.7734470124176485,2.231689695318487,0.8890356611158879,min_distance_A<1.77527
npt_pressure,20,,P-20GPa,Ti-potential/fcc-restart/04-npt-round-2/md/P-20GPa/multi_nnap_md.xyz,2294,0.2977727331,15.93209012,6.072369123,6.364388479,1719,1.7563143718740162,2.1939176851953066,0.871892103109588,min_distance_A<1.77527
npt_pressure,20,,P-20GPa,Ti-potential/fcc-restart/04-npt-round-2/md/P-20GPa/multi_nnap_md.xyz,2304,0.7870963779,15.14190011,7.254858751,7.641943535,1729,1.7215148160757487,2.144693155379033,0.8669053972907821,min_distance_A<1.77527
npt_pressure,20,,P-20GPa,Ti-potential/fcc-restart/04-npt-round-2/md/P-20GPa/multi_nnap_md.xyz,2306,0.6998215414,14.85755253,6.507067653,7.037021605,1731,1.7574874633912299,2.176813486461634,0.885466485474559,min_distance_A<1.77527
npt_pressure,20,,P-20GPa,Ti-potential/fcc-restart/04-npt-round-2/md/P-20GPa/multi_nnap_md.xyz,2307,0.355501364,14.76284101,4.313113133,4.4274966,1732,1.7683054905847937,2.1860301910870046,0.8911131273678468,min_distance_A<1.77527
npt_pressure,20,,P-20GPa,Ti-potential/fcc-restart/04-npt-round-2/md/P-20GPa/multi_nnap_md.xyz,2308,1.015558174,14.70908451,6.882504679,6.952561246,1733,1.698883492470743,2.1833736895691693,0.8911131616574045,min_distance_A<1.77527
npt_pressure,20,,P-20GPa,Ti-potential/fcc-restart/04-npt-round-2/md/P-20GPa/multi_nnap_md.xyz,2309,0.6023000318,14.70187595,6.006718031,5.792489278,1734,1.7454990306777958,2.1775938204715217,0.8888994226866025,min_distance_A<1.77527
npt_pressure,20,,P-20GPa,Ti-potential/fcc-restart/04-npt-round-2/md/P-20GPa/multi_nnap_md.xyz,2312,2.386202206,14.93649585,8.380755556,6.645527462,1737,1.627610352868649,2.1954244494721125,0.8914608099241369,min_distance_A<1.77527
npt_pressure,20,,P-20GPa,Ti-potential/fcc-restart/04-npt-round-2/md/P-20GPa/multi_nnap_md.xyz,2313,2.239077641,15.08142229,8.392367503,5.95701563,1738,1.6263830893903666,2.1916024800701117,0.8870491478970887,min_distance_A<1.77527
npt_pressure,20,,P-20GPa,Ti-potential/fcc-restart/04-npt-round-2/md/P-20GPa/multi_nnap_md.xyz,2400,0.4307755155,15.00799121,5.75013991,5.681984133,1822,1.7585506698288957,2.1041812374413715,0.8530522278925035,min_distance_A<1.77527
npt_pressure,20,,P-20GPa,Ti-potential/fcc-restart/04-npt-round-2/md/P-20GPa/multi_nnap_md.xyz,2413,0.3047125048,15.96635013,5.015254933,5.67244179,1835,1.769474358369498,2.1606156973715978,0.858042851380519,min_distance_A<1.77527
npt_pressure,20,,P-20GPa,Ti-potential/fcc-restart/04-npt-round-2/md/P-20GPa/multi_nnap_md.xyz,2414,0.6100143514,15.95963135,6.233607932,6.639216286,1836,1.720727371728882,2.1600183094472496,0.8579259692651574,min_distance_A<1.77527
npt_pressure,20,,P-20GPa,Ti-potential/fcc-restart/04-npt-round-2/md/P-20GPa/multi_nnap_md.xyz,2422,0.768094946,15.10140314,6.553369644,6.498038605,1844,1.733896269877775,2.186485538512874,0.8845875895876661,min_distance_A<1.77527
npt_pressure,20,,P-20GPa,Ti-potential/fcc-restart/04-npt-round-2/md/P-20GPa/multi_nnap_md.xyz,2451,0.5933339265,15.06702181,6.383683235,6.617292214,1873,1.7166301577311698,2.125114251750021,0.8604120384566227,min_distance_A<1.77527
npt_pressure,20,,P-20GPa,Ti-potential/fcc-restart/04-npt-round-2/md/P-20GPa/multi_nnap_md.xyz,2452,0.4422155329,15.0103391,5.595931786,5.751292308,1874,1.7377416941564796,2.180770346930545,0.8840559783706479,min_distance_A<1.77527
npt_pressure,20,,P-20GPa,Ti-potential/fcc-restart/04-npt-round-2/md/P-20GPa/multi_nnap_md.xyz,2521,0.4363187808,15.36932122,6.416492397,6.249375592,1943,1.7600639047273339,2.114931215240965,0.8506378138869372,min_distance_A<1.77527
npt_pressure,20,,P-20GPa,Ti-potential/fcc-restart/04-npt-round-2/md/P-20GPa/multi_nnap_md.xyz,2569,0.7080919691,15.3252922,6.333810549,6.500814789,1990,1.7382347060039582,2.0733615063388413,0.8347160737841703,min_distance_A<1.77527
npt_pressure,20,,P-20GPa,Ti-potential/fcc-restart/04-npt-round-2/md/P-20GPa/multi_nnap_md.xyz,2570,0.544854259,15.37100162,5.288408462,5.553631381,1991,1.7660608207333637,2.099101694224248,0.8442403200039312,min_distance_A<1.77527
npt_pressure,20,,P-20GPa,Ti-potential/fcc-restart/04-npt-round-2/md/P-20GPa/multi_nnap_md.xyz,2638,1.213594047,15.01412848,9.238753994,9.898938217,2057,1.6517830647303036,2.096460505991177,0.8498063580276093,min_distance_A<1.77527
npt_pressure,20,,P-20GPa,Ti-potential/fcc-restart/04-npt-round-2/md/P-20GPa/multi_nnap_md.xyz,2675,0.1530613919,15.71652451,4.533226985,4.356148038,2092,2.0839859855013794,2.393460285955518,0.9555220666264876,normalized_void>0.946161
npt_pressure,20,,P-20GPa,Ti-potential/fcc-restart/04-npt-round-2/md/P-20GPa/multi_nnap_md.xyz,2756,0.5541255859,15.24886248,5.259962447,5.651312326,2171,1.7474609238567025,2.1820436717263805,0.8799357363057706,min_distance_A<1.77527
npt_pressure,20,,P-20GPa,Ti-potential/fcc-restart/04-npt-round-2/md/P-20GPa/multi_nnap_md.xyz,2758,0.7446260591,15.21025416,8.247257189,8.836832825,2173,1.7089994048988202,2.186405168518849,0.8824399369698007,min_distance_A<1.77527
npt_pressure,20,,P-20GPa,Ti-potential/fcc-restart/04-npt-round-2/md/P-20GPa/multi_nnap_md.xyz,2814,0.5363257165,15.6094216,6.053833461,6.598909444,2227,1.7588167743210863,2.2604259715776474,0.9044710797489142,min_distance_A<1.77527
npt_pressure,20,,P-20GPa,Ti-potential/fcc-restart/04-npt-round-2/md/P-20GPa/multi_nnap_md.xyz,2815,0.3965259274,15.7940351,5.555279937,6.189251121,2228,1.7703507390731903,2.2559159799167596,0.8991356573046146,min_distance_A<1.77527
npt_pressure,20,,P-20GPa,Ti-potential/fcc-restart/04-npt-round-2/md/P-20GPa/multi_nnap_md.xyz,2846,0.3764937909,15.71814584,4.767720788,4.552011275,2253,1.754302777292116,2.1036772022412857,0.8398053992954562,min_distance_A<1.77527
npt_pressure,20,,P-20GPa,Ti-potential/fcc-restart/04-npt-round-2/md/P-20GPa/multi_nnap_md.xyz,2859,0.183955203,15.19536635,3.583498381,3.562620932,2266,1.983466685736307,2.392564417762832,0.9659617166095151,normalized_void>0.946161
npt_pressure,20,,P-20GPa,Ti-potential/fcc-restart/04-npt-round-2/md/P-20GPa/multi_nnap_md.xyz,2860,0.1480246146,15.44676632,4.266614277,4.186133696,2267,1.8722087772084637,2.4471629591437662,0.9826156984770772,normalized_void>0.946161
npt_pressure,20,,P-20GPa,Ti-potential/fcc-restart/04-npt-round-2/md/P-20GPa/multi_nnap_md.xyz,2861,0.1480408438,15.69979388,3.799380917,3.630632125,2268,1.9277316903361665,2.4823710886364756,0.9913691214991098,normalized_void>0.946161
npt_pressure,20,,P-20GPa,Ti-potential/fcc-restart/04-npt-round-2/md/P-20GPa/multi_nnap_md.xyz,2862,0.1425820593,15.93892882,2.769982771,2.751523749,2269,2.056429989552181,2.5073066499164405,0.9962945213906806,normalized_void>0.946161
npt_pressure,20,,P-20GPa,Ti-potential/fcc-restart/04-npt-round-2/md/P-20GPa/multi_nnap_md.xyz,2865,0.1400325565,16.4209069,2.74821522,2.819229739,2270,1.955967204144489,2.5118746033939563,0.9882471610063855,normalized_void>0.946161
npt_pressure,20,,P-20GPa,Ti-potential/fcc-restart/04-npt-round-2/md/P-20GPa/multi_nnap_md.xyz,2866,0.1894875102,16.46624625,3.376918776,3.423667625,2271,1.999144615566651,2.4770048927335346,0.9736330982679894,normalized_void>0.946161
npt_pressure,20,,P-20GPa,Ti-potential/fcc-restart/04-npt-round-2/md/P-20GPa/multi_nnap_md.xyz,2867,0.1543819366,16.44476784,3.648699491,3.674315847,2272,2.0919113567525858,2.4199509949314253,0.951620938395965,normalized_void>0.946161
npt_pressure,20,,P-20GPa,Ti-potential/fcc-restart/04-npt-round-2/md/P-20GPa/multi_nnap_md.xyz,2877,0.4816856447,14.57756539,6.921935311,7.323688308,2282,1.7748058014688388,2.2028177699013747,0.9017446448598533,min_distance_A<1.77527
npt_pressure,20,,P-20GPa,Ti-potential/fcc-restart/04-npt-round-2/md/P-20GPa/multi_nnap_md.xyz,2913,0.407002563,16.1673736,6.488358903,6.222292351,2318,1.7572208934785736,2.3600753037447078,0.9333532319047758,min_distance_A<1.77527
npt_pressure,20,,P-20GPa,Ti-potential/fcc-restart/04-npt-round-2/md/P-20GPa/multi_nnap_md.xyz,2914,0.770551688,16.21909012,7.602190064,6.892656122,2319,1.7196998121077058,2.315550247961002,0.9147702822693491,min_distance_A<1.77527
npt_pressure,20,,P-20GPa,Ti-potential/fcc-restart/04-npt-round-2/md/P-20GPa/multi_nnap_md.xyz,2923,0.371986099,14.91423121,6.995032192,7.555961483,2327,1.7341112102943144,2.1040604220648604,0.8547870159882688,min_distance_A<1.77527
npt_pressure,20,,P-20GPa,Ti-potential/fcc-restart/04-npt-round-2/md/P-20GPa/multi_nnap_md.xyz,2946,0.6609198132,15.0655093,6.681782774,6.647202891,2346,1.7530216651641353,2.1053368308205114,0.8524331204236758,min_distance_A<1.77527
npt_pressure,20,,P-20GPa,Ti-potential/fcc-restart/04-npt-round-2/md/P-20GPa/multi_nnap_md.xyz,2991,0.282154893,15.50535236,4.567328251,4.638981358,2388,1.7711027031153217,2.1020956486662294,0.8429955069800668,min_distance_A<1.77527
npt_pressure,20,,P-20GPa,Ti-potential/fcc-restart/04-npt-round-2/md/P-20GPa/multi_nnap_md.xyz,3041,0.4915362655,15.0710816,5.310907023,5.559050978,2438,1.7745318197818374,2.0742467617492584,0.8397414944163533,min_distance_A<1.77527
npt_pressure,20,,P-20GPa,Ti-potential/fcc-restart/04-npt-round-2/md/P-20GPa/multi_nnap_md.xyz,3042,0.696313208,14.85823832,6.969497595,6.866024225,2439,1.706126786831642,2.0762751334621945,0.8445573179040798,min_distance_A<1.77527
npt_pressure,20,,P-20GPa,Ti-potential/fcc-restart/04-npt-round-2/md/P-20GPa/multi_nnap_md.xyz,3064,0.7584013108,15.16635936,8.498860929,9.491522764,2461,1.6843427059980447,2.155714516797486,0.870891661346524,min_distance_A<1.77527
npt_pressure,20,,P-20GPa,Ti-potential/fcc-restart/04-npt-round-2/md/P-20GPa/multi_nnap_md.xyz,3065,0.9045245826,14.9441463,8.951949906,9.545164019,2462,1.6596628193356517,2.146510650716871,0.8714504078898752,min_distance_A<1.77527
npt_pressure,20,,P-20GPa,Ti-potential/fcc-restart/04-npt-round-2/md/P-20GPa/multi_nnap_md.xyz,3086,0.5403056241,15.3350314,6.951288516,6.959810004,2481,1.7402357827757537,2.113287742543869,0.8506098565113849,min_distance_A<1.77527
npt_pressure,20,,P-20GPa,Ti-potential/fcc-restart/04-npt-round-2/md/P-20GPa/multi_nnap_md.xyz,3112,0.6739342479,14.89389257,7.834832281,7.55608527,2507,1.7010429913754765,2.190759212498694,0.8904138521255015,min_distance_A<1.77527
npt_pressure,20,,P-20GPa,Ti-potential/fcc-restart/04-npt-round-2/md/P-20GPa/multi_nnap_md.xyz,3113,0.8578919752,14.7912873,8.223427756,7.992032364,2508,1.6902805659180284,2.1555998171209563,0.8781448267270697,min_distance_A<1.77527
npt_pressure,20,,P-20GPa,Ti-potential/fcc-restart/04-npt-round-2/md/P-20GPa/multi_nnap_md.xyz,3119,0.7774950823,15.19349808,7.900637714,7.780475873,2514,1.677225565268198,2.14086028278494,0.864375403333959,min_distance_A<1.77527
npt_pressure,20,,P-20GPa,Ti-potential/fcc-restart/04-npt-round-2/md/P-20GPa/multi_nnap_md.xyz,3120,0.7912438095,15.3880188,8.199802232,8.00151653,2515,1.6653454320472132,2.148532934018684,0.863802478429675,min_distance_A<1.77527
npt_pressure,20,,P-20GPa,Ti-potential/fcc-restart/04-npt-round-2/md/P-20GPa/multi_nnap_md.xyz,3173,0.2947326316,15.89234953,6.019175387,6.030837763,2568,1.7517202504772182,2.3106187363145407,0.9190354305351285,min_distance_A<1.77527
npt_pressure,20,,P-20GPa,Ti-potential/fcc-restart/04-npt-round-2/md/P-20GPa/multi_nnap_md.xyz,3204,0.4021173089,15.35054088,6.59726863,6.784480546,2597,1.7521318660345846,2.2118147366769043,0.889967580298551,min_distance_A<1.77527
npt_pressure,20,,P-20GPa,Ti-potential/fcc-restart/04-npt-round-2/md/P-20GPa/multi_nnap_md.xyz,3213,0.6704315329,15.67351032,7.416286217,7.819057687,2606,1.7333935253355865,2.209225143632017,0.8827774265062746,min_distance_A<1.77527
npt_pressure,20,,P-20GPa,Ti-potential/fcc-restart/04-npt-round-2/md/P-20GPa/multi_nnap_md.xyz,3232,0.4767118409,15.11353924,7.052629724,7.614251316,2625,1.7438497985771437,2.2456442312501346,0.9082782079835399,min_distance_A<1.77527
npt_pressure,20,,P-20GPa,Ti-potential/fcc-restart/04-npt-round-2/md/P-20GPa/multi_nnap_md.xyz,3293,0.7245057008,15.40556116,6.759555606,7.073451163,2685,1.7504606400942953,2.2701786673169133,0.9123627190887741,min_distance_A<1.77527
npt_pressure,20,,P-20GPa,Ti-potential/fcc-restart/04-npt-round-2/md/P-20GPa/multi_nnap_md.xyz,3297,0.5033347016,15.18756393,5.73268111,5.822185652,2689,1.739824066457238,2.199477816607003,0.8881579613410306,min_distance_A<1.77527
npt_pressure,20,,P-20GPa,Ti-potential/fcc-restart/04-npt-round-2/md/P-20GPa/multi_nnap_md.xyz,3298,1.670887303,15.17988331,8.522824368,7.651778586,2690,1.6546550749937938,2.1621608680358086,0.8732364564304509,min_distance_A<1.77527
npt_pressure,20,,P-20GPa,Ti-potential/fcc-restart/04-npt-round-2/md/P-20GPa/multi_nnap_md.xyz,3311,0.7011992042,15.95881537,8.142243846,7.817423234,2703,1.7634166576313557,2.173112599219266,0.8631415297027439,min_distance_A<1.77527
npt_pressure,20,,P-20GPa,Ti-potential/fcc-restart/04-npt-round-2/md/P-20GPa/multi_nnap_md.xyz,3347,0.1851514879,15.19238219,4.253411011,4.155699396,2736,2.0367394899230558,2.379981345233087,0.9609444007431045,normalized_void>0.946161
npt_pressure,20,,P-20GPa,Ti-potential/fcc-restart/04-npt-round-2/md/P-20GPa/multi_nnap_md.xyz,3348,0.2826222714,15.22516206,4.293184013,4.282350781,2737,1.969892721378506,2.4545194462574726,0.9903282530569812,normalized_void>0.946161
npt_pressure,20,,P-20GPa,Ti-potential/fcc-restart/04-npt-round-2/md/P-20GPa/multi_nnap_md.xyz,3349,0.2295886319,15.29102262,3.98231238,4.000824975,2738,1.9183134114518068,2.464788662274804,0.9930417567266256,normalized_void>0.946161
npt_pressure,20,,P-20GPa,Ti-potential/fcc-restart/04-npt-round-2/md/P-20GPa/multi_nnap_md.xyz,3350,0.1684996605,15.38614964,3.162759465,3.179310949,2739,1.9516963590344758,2.478195060058843,0.9963811505162548,normalized_void>0.946161
npt_pressure,20,,P-20GPa,Ti-potential/fcc-restart/04-npt-round-2/md/P-20GPa/multi_nnap_md.xyz,3351,0.1709137871,15.50281053,3.477449647,3.465636132,2740,1.9871367647830025,2.4814982866875743,0.995200303863376,normalized_void>0.946161
npt_pressure,20,,P-20GPa,Ti-potential/fcc-restart/04-npt-round-2/md/P-20GPa/multi_nnap_md.xyz,3352,0.2156995983,15.63139938,3.933779585,4.024502477,2741,1.9844378590067988,2.474013116353406,0.9894701823254909,normalized_void>0.946161
npt_pressure,20,,P-20GPa,Ti-potential/fcc-restart/04-npt-round-2/md/P-20GPa/multi_nnap_md.xyz,3353,0.2029359951,15.76385657,3.736259418,3.878997422,2742,1.976095609151048,2.3912146823010043,0.9536691714643667,normalized_void>0.946161
npt_pressure,20,,P-20GPa,Ti-potential/fcc-restart/04-npt-round-2/md/P-20GPa/multi_nnap_md.xyz,3355,1.117004771,16.01028751,8.134044359,8.101163216,2744,1.6707271510789923,2.243063528705319,0.8899696510267056,min_distance_A<1.77527
npt_pressure,20,,P-20GPa,Ti-potential/fcc-restart/04-npt-round-2/md/P-20GPa/multi_nnap_md.xyz,3356,1.470813633,16.10804859,8.950863863,8.385998757,2745,1.6472748414508995,2.2881040209289676,0.905999839243866,min_distance_A<1.77527
npt_pressure,20,,P-20GPa,Ti-potential/fcc-restart/04-npt-round-2/md/P-20GPa/multi_nnap_md.xyz,3358,0.24794566,16.19498313,3.286812333,3.365315835,2747,1.9281222226665442,2.394207518419913,0.9463133283176343,normalized_void>0.946161
npt_pressure,20,,P-20GPa,Ti-potential/fcc-restart/04-npt-round-2/md/P-20GPa/multi_nnap_md.xyz,3359,0.5347536696,16.17293553,5.752020226,5.682284817,2748,1.7768138929473896,2.432753583369931,0.9619854480082344,normalized_void>0.946161
npt_pressure,20,,P-20GPa,Ti-potential/fcc-restart/04-npt-round-2/md/P-20GPa/multi_nnap_md.xyz,3360,0.4240589691,16.11453305,5.352106728,5.305452452,2749,1.8022450739454678,2.42871645258667,0.9615478615441782,normalized_void>0.946161
npt_pressure,20,,P-20GPa,Ti-potential/fcc-restart/04-npt-round-2/md/P-20GPa/multi_nnap_md.xyz,3361,0.1410962674,16.02711683,4.088948722,4.107641855,2750,1.9885789090882848,2.422677484410448,0.960897659441085,normalized_void>0.946161
npt_pressure,20,,P-20GPa,Ti-potential/fcc-restart/04-npt-round-2/md/P-20GPa/multi_nnap_md.xyz,3362,0.2209984873,15.91383935,3.666008454,3.750432233,2751,1.9139658810238345,2.391177223901002,0.9506488098400542,normalized_void>0.946161
npt_pressure,20,,P-20GPa,Ti-potential/fcc-restart/04-npt-round-2/md/P-20GPa/multi_nnap_md.xyz,3388,0.1864369227,15.19674881,4.402268341,4.234412234,2774,2.0006319742475434,2.4158454540176852,0.9753315055692238,normalized_void>0.946161
npt_pressure,20,,P-20GPa,Ti-potential/fcc-restart/04-npt-round-2/md/P-20GPa/multi_nnap_md.xyz,3389,0.2024792364,15.10588278,3.952071961,4.019005568,2775,1.9875541702573483,2.4080551414803493,0.9741318071092023,normalized_void>0.946161
npt_pressure,20,,P-20GPa,Ti-potential/fcc-restart/04-npt-round-2/md/P-20GPa/multi_nnap_md.xyz,3390,0.2048991172,15.03498001,4.004601975,3.92888446,2776,1.940294717957582,2.37207286244208,0.9610819186359174,normalized_void>0.946161
npt_pressure,20,,P-20GPa,Ti-potential/fcc-restart/04-npt-round-2/md/P-20GPa/multi_nnap_md.xyz,3397,0.1820883007,15.34438609,4.223457848,4.212797721,2783,2.005035334590585,2.3815745823728136,0.9584019326142557,normalized_void>0.946161
npt_pressure,20,,P-20GPa,Ti-potential/fcc-restart/04-npt-round-2/md/P-20GPa/multi_nnap_md.xyz,3398,0.3329127665,15.49682447,4.695104594,4.632574429,2784,1.9347401296036533,2.3840020351088285,0.9562227027057825,normalized_void>0.946161
npt_pressure,20,,P-20GPa,Ti-potential/fcc-restart/04-npt-round-2/md/P-20GPa/multi_nnap_md.xyz,3405,0.6005630122,16.28263359,6.00007425,5.949658932,2790,1.7638184189104593,2.236696220975818,0.8824676369843021,min_distance_A<1.77527
npt_pressure,20,,P-20GPa,Ti-potential/fcc-restart/04-npt-round-2/md/P-20GPa/multi_nnap_md.xyz,3411,0.3585828841,15.31393453,4.41375007,4.577349008,2796,1.7712889387910071,2.28191873575668,0.9189063347906433,min_distance_A<1.77527
npt_pressure,20,,P-20GPa,Ti-potential/fcc-restart/04-npt-round-2/md/P-20GPa/multi_nnap_md.xyz,3412,0.4043154809,15.09251781,4.673055843,4.849465543,2797,1.7688663706834853,2.2692965208783797,0.9182706037909137,min_distance_A<1.77527
npt_pressure,20,,P-20GPa,Ti-potential/fcc-restart/04-npt-round-2/md/P-20GPa/multi_nnap_md.xyz,3441,0.4213433391,14.73765487,5.735480067,5.614750186,2825,1.7627085304332761,2.1855297061154486,0.8914163317935776,min_distance_A<1.77527
npt_pressure,20,,P-20GPa,Ti-potential/fcc-restart/04-npt-round-2/md/P-20GPa/multi_nnap_md.xyz,3485,0.441630313,15.57181139,6.242402548,6.356724349,2866,1.7681832482868407,2.2138687469229974,0.8865546073441345,min_distance_A<1.77527
npt_pressure,20,,P-20GPa,Ti-potential/fcc-restart/04-npt-round-2/md/P-20GPa/multi_nnap_md.xyz,3493,0.5634680605,15.43460668,7.025932319,7.462321433,2874,1.7441027776271831,2.223817548384272,0.8931696638947622,min_distance_A<1.77527
npt_pressure,20,,P-20GPa,Ti-potential/fcc-restart/04-npt-round-2/md/P-20GPa/multi_nnap_md.xyz,3501,0.3812397288,15.41945652,5.067173868,5.200526571,2882,1.7667246081893269,2.175660995127839,0.8741142567906531,min_distance_A<1.77527
npt_pressure,20,,P-20GPa,Ti-potential/fcc-restart/04-npt-round-2/md/P-20GPa/multi_nnap_md.xyz,3502,0.3768355294,15.39395103,4.803204577,4.776414191,2883,1.762051203647279,2.1771509566619582,0.8751957010246165,min_distance_A<1.77527
npt_pressure,20,,P-20GPa,Ti-potential/fcc-restart/04-npt-round-2/md/P-20GPa/multi_nnap_md.xyz,3515,1.311982514,15.24964689,6.659605383,6.022933881,2896,1.6955436791765996,2.1435134655244275,0.8643831391683994,min_distance_A<1.77527
npt_pressure,20,,P-20GPa,Ti-potential/fcc-restart/04-npt-round-2/md/P-20GPa/multi_nnap_md.xyz,3516,0.9000565895,15.28704405,5.940911313,6.184916585,2897,1.7202108304949815,2.1926336826815938,0.8834695300056927,min_distance_A<1.77527
npt_pressure,20,,P-20GPa,Ti-potential/fcc-restart/04-npt-round-2/md/P-20GPa/multi_nnap_md.xyz,3527,0.5683122028,15.76226638,5.975609861,5.885341712,2908,1.7399276363006306,2.27679781478249,0.908067735366851,min_distance_A<1.77527
npt_pressure,20,,P-20GPa,Ti-potential/fcc-restart/04-npt-round-2/md/P-20GPa/multi_nnap_md.xyz,3528,1.075626194,15.76728848,6.759315191,6.721581995,2909,1.7150155125190163,2.2596086206148205,0.9011163818961779,min_distance_A<1.77527
npt_pressure,20,,P-20GPa,Ti-potential/fcc-restart/04-npt-round-2/md/P-20GPa/multi_nnap_md.xyz,3531,0.6967321283,15.74153395,6.466459344,6.500306442,2912,1.7475217988830367,2.1892777362088847,0.8735447884993903,min_distance_A<1.77527
npt_pressure,20,,P-20GPa,Ti-potential/fcc-restart/04-npt-round-2/md/P-20GPa/multi_nnap_md.xyz,3533,0.7793833291,15.69785881,7.79939621,8.155746963,2914,1.728923415192651,2.161217755129332,0.8631475733709881,min_distance_A<1.77527
npt_pressure,20,,P-20GPa,Ti-potential/fcc-restart/04-npt-round-2/md/P-20GPa/multi_nnap_md.xyz,3534,0.7137174887,15.67092462,7.364484409,7.65613331,2915,1.7387345851874638,2.1535692872170418,0.8605854023824714,min_distance_A<1.77527
npt_pressure,20,,P-20GPa,Ti-potential/fcc-restart/04-npt-round-2/md/P-20GPa/multi_nnap_md.xyz,3595,0.2699229565,15.57500577,5.4386012,5.675781459,2971,1.7654639346867633,2.2176502595364953,0.8880082151630995,min_distance_A<1.77527
npt_pressure,20,,P-20GPa,Ti-potential/fcc-restart/04-npt-round-2/md/P-20GPa/multi_nnap_md.xyz,3641,0.5665130533,15.05016351,4.811249106,5.126627834,3017,1.7531181573684969,2.201954540048336,0.8918557347315276,min_distance_A<1.77527
npt_pressure,20,,P-20GPa,Ti-potential/fcc-restart/04-npt-round-2/md/P-20GPa/multi_nnap_md.xyz,3642,0.5440104765,14.95921492,4.529518081,4.71814353,3018,1.7596119768273562,2.180822839887971,0.8850832453385936,min_distance_A<1.77527
npt_pressure,20,,P-20GPa,Ti-potential/fcc-restart/04-npt-round-2/md/P-20GPa/multi_nnap_md.xyz,3677,0.6367866574,15.62336398,6.174208033,6.481731879,3051,1.7374170507339342,2.109332380478456,0.8437624019842961,min_distance_A<1.77527
npt_pressure,20,,P-20GPa,Ti-potential/fcc-restart/04-npt-round-2/md/P-20GPa/multi_nnap_md.xyz,3735,0.2488423584,15.86279141,4.195699854,4.123328947,3107,1.8123627688371113,2.4097071745489975,0.9590422339527951,normalized_void>0.946161
npt_pressure,20,,P-20GPa,Ti-potential/fcc-restart/04-npt-round-2/md/P-20GPa/multi_nnap_md.xyz,3736,0.2007062267,15.7283732,4.227557108,3.989426114,3108,1.9121703599217021,2.4413159963190365,0.974382319474317,normalized_void>0.946161
npt_pressure,20,,P-20GPa,Ti-potential/fcc-restart/04-npt-round-2/md/P-20GPa/multi_nnap_md.xyz,3737,0.177142519,15.58486564,3.947714349,3.83866526,3109,2.0285208844770195,2.468154661262274,0.9881086081905279,normalized_void>0.946161
npt_pressure,20,,P-20GPa,Ti-potential/fcc-restart/04-npt-round-2/md/P-20GPa/multi_nnap_md.xyz,3738,0.2236791677,15.44259208,4.047791146,4.124283293,3110,1.9746726219068722,2.474612602822787,0.9937271462982317,normalized_void>0.946161
npt_pressure,20,,P-20GPa,Ti-potential/fcc-restart/04-npt-round-2/md/P-20GPa/multi_nnap_md.xyz,3739,0.2541172794,15.31262002,5.240707466,5.324922973,3111,1.9088245664947998,2.452848015459486,0.9877661456360278,normalized_void>0.946161
npt_pressure,20,,P-20GPa,Ti-potential/fcc-restart/04-npt-round-2/md/P-20GPa/multi_nnap_md.xyz,3740,0.2593550387,15.20414071,4.156631896,4.19887224,3112,1.9094132565503246,2.417013875705505,0.9756450607069596,normalized_void>0.946161
npt_pressure,20,,P-20GPa,Ti-potential/fcc-restart/04-npt-round-2/md/P-20GPa/multi_nnap_md.xyz,3741,0.4338610662,15.1235436,4.336449736,4.021104675,3113,1.8417063472948871,2.367338350551768,0.9572877013986048,normalized_void>0.946161
npt_pressure,20,,P-20GPa,Ti-potential/fcc-restart/04-npt-round-2/md/P-20GPa/multi_nnap_md.xyz,3802,0.4641063182,15.94213132,4.784157879,4.674059251,3170,1.763997660545235,2.2226126373408492,0.8831103714746571,min_distance_A<1.77527
npt_pressure,20,,P-20GPa,Ti-potential/fcc-restart/04-npt-round-2/md/P-20GPa/multi_nnap_md.xyz,3803,0.4125624664,15.90668262,4.683521194,4.534034503,3171,1.768508164185963,2.2359857658407774,0.8890833883480321,min_distance_A<1.77527
npt_pressure,20,,P-20GPa,Ti-potential/fcc-restart/04-npt-round-2/md/P-20GPa/multi_nnap_md.xyz,3886,1.390506634,15.16659069,8.664028142,7.974860075,3250,1.6735658536390468,2.1177628641457478,0.8555551431409173,min_distance_A<1.77527
npt_pressure,20,,P-20GPa,Ti-potential/fcc-restart/04-npt-round-2/md/P-20GPa/multi_nnap_md.xyz,3955,0.4261787795,15.6036394,6.440672204,6.498496195,3316,1.8668309034761483,2.3769881581952577,0.9512289291470513,normalized_void>0.946161
npt_pressure,20,,P-20GPa,Ti-potential/fcc-restart/04-npt-round-2/md/P-20GPa/multi_nnap_md.xyz,3961,0.4733754172,15.03971398,5.017971136,5.303852895,3322,1.7731367474242157,2.3345625940773695,0.9457848005983929,min_distance_A<1.77527
npt_pressure,20,,P-20GPa,Ti-potential/fcc-restart/04-npt-round-2/md/P-20GPa/multi_nnap_md.xyz,3966,1.180925499,15.28858394,6.574042707,6.871335999,3327,1.6952551777348146,2.264893751345332,0.9125543637839731,min_distance_A<1.77527
npt_pressure,20,,P-20GPa,Ti-potential/fcc-restart/04-npt-round-2/md/P-20GPa/multi_nnap_md.xyz,3967,0.4509965899,15.40664543,4.482714528,5.09350126,3328,1.7638611947105662,2.2893009693744375,0.9200262023925775,min_distance_A<1.77527
npt_pressure,20,,P-20GPa,Ti-potential/fcc-restart/04-npt-round-2/md/P-20GPa/multi_nnap_md.xyz,3970,0.5723994014,15.75696728,5.288914317,5.668251768,3331,1.7693533633034189,2.302599197589496,0.9184611792327486,min_distance_A<1.77527
npt_pressure,20,,P-20GPa,Ti-potential/fcc-restart/04-npt-round-2/md/P-20GPa/multi_nnap_md.xyz,3993,0.3027434859,15.40387517,5.482249607,5.351274439,3354,1.770095909655363,2.143703408802118,0.8615649742427095,min_distance_A<1.77527
npt_pressure,20,,P-20GPa,Ti-potential/fcc-restart/04-npt-round-2/md/P-20GPa/multi_nnap_md.xyz,4000,0.6227245759,15.89869563,7.301809874,7.132156393,3361,1.710972938545165,2.179138750652614,0.8666246781040295,min_distance_A<1.77527
npt_pressure,20,,P-20GPa,Ti-potential/fcc-restart/04-npt-round-2/md/P-20GPa/multi_nnap_md.xyz,4001,0.3776861441,15.85416911,5.720397356,5.496469542,3362,1.750893258083369,2.2081824019222234,0.8789964391057061,min_distance_A<1.77527
npt_pressure,20,,P-20GPa,Ti-potential/fcc-restart/04-npt-round-2/md/P-20GPa/multi_nnap_md.xyz,4011,1.093163997,15.12370112,6.656189755,8.186222839,3372,1.7119773602410662,2.198897507223574,0.8891716858828157,min_distance_A<1.77527
npt_pressure,20,,P-20GPa,Ti-potential/fcc-restart/04-npt-round-2/md/P-20GPa/multi_nnap_md.xyz,4057,1.163189777,15.33899354,7.356243508,6.461041519,3416,1.6817637626825308,2.2265351483538782,0.8961153854942,min_distance_A<1.77527
npt_pressure,20,,P-20GPa,Ti-potential/fcc-restart/04-npt-round-2/md/P-20GPa/multi_nnap_md.xyz,4069,0.7007206419,15.60475781,7.244235131,7.230303063,3428,1.7417901738462467,2.2089738347937473,0.8839714273460865,min_distance_A<1.77527
npt_pressure,20,,P-20GPa,Ti-potential/fcc-restart/04-npt-round-2/md/P-20GPa/multi_nnap_md.xyz,4071,0.743959249,15.64670058,7.236799054,6.953779902,3430,1.7284241635933641,2.152891553202357,0.8607583211739557,min_distance_A<1.77527
npt_pressure,20,,P-20GPa,Ti-potential/fcc-restart/04-npt-round-2/md/P-20GPa/multi_nnap_md.xyz,4084,0.4993700156,15.18431015,4.876239407,4.499789847,3443,1.7654520086469456,2.12987399973851,0.8601130888534403,min_distance_A<1.77527
npt_pressure,20,,P-20GPa,Ti-potential/fcc-restart/04-npt-round-2/md/P-20GPa/multi_nnap_md.xyz,4085,1.241591457,15.17861262,6.858906588,6.30145444,3444,1.6897503184807334,2.146682168523916,0.8670092342433479,min_distance_A<1.77527
npt_pressure,20,,P-20GPa,Ti-potential/fcc-restart/04-npt-round-2/md/P-20GPa/multi_nnap_md.xyz,4086,0.5159260956,15.18729186,4.926300196,4.471135689,3445,1.7627706061421944,2.1462659235894717,0.8666759608821668,min_distance_A<1.77527
npt_pressure,20,,P-20GPa,Ti-potential/fcc-restart/04-npt-round-2/md/P-20GPa/multi_nnap_md.xyz,4135,0.7280445253,15.13398422,5.44721735,4.736377956,3494,1.7559684624903538,2.2092441213071323,0.893153180565811,min_distance_A<1.77527
npt_pressure,20,,P-20GPa,Ti-potential/fcc-restart/04-npt-round-2/md/P-20GPa/multi_nnap_md.xyz,4159,0.6136627519,15.08324621,5.888045405,5.214381807,3516,1.7428389549046055,2.1900135215663163,0.8863702877289864,min_distance_A<1.77527
npt_pressure,20,,P-20GPa,Ti-potential/fcc-restart/04-npt-round-2/md/P-20GPa/multi_nnap_md.xyz,4185,0.4668312461,15.52188688,5.953940241,5.986664647,3540,1.7704679205938365,2.2037328247147627,0.8834407663397152,min_distance_A<1.77527
npt_pressure,20,,P-20GPa,Ti-potential/fcc-restart/04-npt-round-2/md/P-20GPa/multi_nnap_md.xyz,4186,0.5568550211,15.45638853,7.361255931,7.128475834,3541,1.730901332763997,2.179504471608149,0.8749604497202049,min_distance_A<1.77527
npt_pressure,20,,P-20GPa,Ti-potential/fcc-restart/04-npt-round-2/md/P-20GPa/multi_nnap_md.xyz,4192,0.7130894842,15.163238,7.693929434,7.852590085,3547,1.7254079015946124,2.117351246937293,0.8554518932365989,min_distance_A<1.77527
npt_pressure,20,,P-20GPa,Ti-potential/fcc-restart/04-npt-round-2/md/P-20GPa/multi_nnap_md.xyz,4220,0.1325084659,15.39920051,3.177064711,3.145545909,3574,1.9666555069208849,2.4056172426275615,0.9669272580325571,normalized_void>0.946161
npt_pressure,20,,P-20GPa,Ti-potential/fcc-restart/04-npt-round-2/md/P-20GPa/multi_nnap_md.xyz,4221,0.1850180185,15.45748726,3.675131887,3.577383841,3575,1.9530036586035409,2.42906216230377,0.9751220939607913,normalized_void>0.946161
npt_pressure,20,,P-20GPa,Ti-potential/fcc-restart/04-npt-round-2/md/P-20GPa/multi_nnap_md.xyz,4222,0.1807626845,15.51437967,4.037365969,4.028344472,3576,1.996212180022551,2.4113432434826976,0.966824312029682,normalized_void>0.946161
npt_pressure,20,,P-20GPa,Ti-potential/fcc-restart/04-npt-round-2/md/P-20GPa/multi_nnap_md.xyz,4228,0.5617218216,15.41782674,6.803306163,7.212070807,3582,1.716896099181423,2.085750989891149,0.8380206840982477,min_distance_A<1.77527
npt_pressure,20,,P-20GPa,Ti-potential/fcc-restart/04-npt-round-2/md/P-20GPa/multi_nnap_md.xyz,4229,0.4701737108,15.32174572,5.361147201,5.762820342,3583,1.7651139920811556,2.1042105624617533,0.8472009734630973,min_distance_A<1.77527
npt_pressure,20,,P-20GPa,Ti-potential/fcc-restart/04-npt-round-2/md/P-20GPa/multi_nnap_md.xyz,4252,0.2053754349,15.60560366,4.341012713,4.411208469,3606,2.0467541153785924,2.367809679246154,0.9475161053981995,normalized_void>0.946161
npt_pressure,20,,P-20GPa,Ti-potential/fcc-restart/04-npt-round-2/md/P-20GPa/multi_nnap_md.xyz,4267,0.3117393906,15.42958403,4.199900349,4.152960922,3619,1.9533396560364618,2.3623663323043607,0.9489190642913972,normalized_void>0.946161
npt_pressure,20,,P-20GPa,Ti-potential/fcc-restart/04-npt-round-2/md/P-20GPa/multi_nnap_md.xyz,4268,0.1867539625,15.48806095,4.193188694,4.086248781,3620,1.9680595385934592,2.367759147671733,0.9498867727977504,normalized_void>0.946161
npt_pressure,20,,P-20GPa,Ti-potential/fcc-restart/04-npt-round-2/md/P-20GPa/multi_nnap_md.xyz,4297,1.049406922,16.21601542,8.34306469,7.60370043,3649,1.6756762591985765,2.187415990162331,0.8642047843223207,min_distance_A<1.77527
npt_pressure,20,,P-20GPa,Ti-potential/fcc-restart/04-npt-round-2/md/P-20GPa/multi_nnap_md.xyz,4298,0.4254030082,16.1177822,6.486184319,6.978725419,3650,1.7711448526752784,2.1591327534565368,0.8547601199275636,min_distance_A<1.77527
npt_pressure,20,,P-20GPa,Ti-potential/fcc-restart/04-npt-round-2/md/P-20GPa/multi_nnap_md.xyz,4399,0.5293003131,14.9526324,6.703076681,6.237321255,3749,1.728379036943275,2.1541232393557,0.874375527448402,min_distance_A<1.77527
npt_pressure,20,,P-20GPa,Ti-potential/fcc-restart/04-npt-round-2/md/P-20GPa/multi_nnap_md.xyz,4400,0.429691455,14.80727334,5.672712316,5.214873385,3750,1.7633284806613079,2.107941599835207,0.8584207563533972,min_distance_A<1.77527
npt_pressure,20,,P-20GPa,Ti-potential/fcc-restart/04-npt-round-2/md/P-20GPa/multi_nnap_md.xyz,4411,0.541858491,15.76460873,5.260631512,5.394513381,3761,1.7616394817580796,2.196600972175542,0.8760389972342961,min_distance_A<1.77527
npt_pressure,20,,P-20GPa,Ti-potential/fcc-restart/04-npt-round-2/md/P-20GPa/multi_nnap_md.xyz,4422,0.2541504474,15.19332075,4.585911136,4.521415674,3770,1.97200401386115,2.357722797340863,0.9519376575493395,normalized_void>0.946161
npt_pressure,20,,P-20GPa,Ti-potential/fcc-restart/04-npt-round-2/md/P-20GPa/multi_nnap_md.xyz,4423,0.1665194087,15.14241702,3.898589189,3.958534624,3771,2.0324024986198475,2.352835475221419,0.9510276831484934,normalized_void>0.946161
npt_pressure,20,,P-20GPa,Ti-potential/fcc-restart/04-npt-round-2/md/P-20GPa/multi_nnap_md.xyz,4426,0.8841153558,15.17331926,8.420596626,7.998969098,3774,1.6913475304651633,2.2080267156656053,0.8918889675518137,min_distance_A<1.77527
npt_pressure,20,,P-20GPa,Ti-potential/fcc-restart/04-npt-round-2/md/P-20GPa/multi_nnap_md.xyz,4427,0.7898456732,15.22947513,7.788208137,7.647493608,3775,1.6955353277639873,2.1533688880906974,0.8687406071675452,min_distance_A<1.77527
npt_pressure,20,,P-20GPa,Ti-potential/fcc-restart/04-npt-round-2/md/P-20GPa/multi_nnap_md.xyz,4509,1.408424893,15.75701347,7.862952696,5.954224086,3853,1.6755993254148718,2.2525011681011855,0.8984771902279933,min_distance_A<1.77527
npt_pressure,20,,P-20GPa,Ti-potential/fcc-restart/04-npt-round-2/md/P-20GPa/multi_nnap_md.xyz,4510,1.340130051,15.75484142,7.986423534,6.241590397,3854,1.6808657828005793,2.2120117933409866,0.8823673426999316,min_distance_A<1.77527
npt_pressure,20,,P-20GPa,Ti-potential/fcc-restart/04-npt-round-2/md/P-20GPa/multi_nnap_md.xyz,4525,0.4097021771,15.42165644,5.371681406,5.194832508,3869,1.774480244181689,2.2127449630829905,0.8889711895626397,min_distance_A<1.77527
npt_pressure,20,,P-20GPa,Ti-potential/fcc-restart/04-npt-round-2/md/P-20GPa/multi_nnap_md.xyz,4565,0.492821765,15.73208314,6.014055857,6.550214155,3907,1.7507668200791444,2.3031256233915007,0.9191552724910101,min_distance_A<1.77527
npt_pressure,20,,P-20GPa,Ti-potential/fcc-restart/04-npt-round-2/md/P-20GPa/multi_nnap_md.xyz,4571,0.7167554856,15.43855873,7.048006329,7.016066794,3913,1.7299270689312602,2.104215443223879,0.845060791719127,min_distance_A<1.77527
npt_pressure,20,,P-20GPa,Ti-potential/fcc-restart/04-npt-round-2/md/P-20GPa/multi_nnap_md.xyz,4632,0.7661990028,15.07359233,6.125685893,5.575441084,3973,1.720900217394936,2.100728342809765,0.8504151198445584,min_distance_A<1.77527
npt_pressure,20,,P-20GPa,Ti-potential/fcc-restart/04-npt-round-2/md/P-20GPa/multi_nnap_md.xyz,4648,1.077501496,15.12122859,10.37614243,10.38987298,3989,1.654455326460133,2.1595179518983105,0.873295305778718,min_distance_A<1.77527
npt_pressure,20,,P-20GPa,Ti-potential/fcc-restart/04-npt-round-2/md/P-20GPa/multi_nnap_md.xyz,4655,0.4192634134,15.22162559,5.051148189,5.046704853,3993,1.7585249775984464,2.2618064037388477,0.9126447311105362,min_distance_A<1.77527
npt_pressure,20,,P-20GPa,Ti-potential/fcc-restart/04-npt-round-2/md/P-20GPa/multi_nnap_md.xyz,4670,0.7097170777,15.37358534,7.497817355,6.99261956,4008,1.7033018722341746,2.2341958759325826,0.8985236752048585,min_distance_A<1.77527
npt_pressure,20,,P-20GPa,Ti-potential/fcc-restart/04-npt-round-2/md/P-20GPa/multi_nnap_md.xyz,4671,0.8826483268,15.30291288,7.739268327,7.301692126,4009,1.695333582542132,2.2805504178303946,0.9185757499122407,min_distance_A<1.77527
npt_pressure,20,,P-20GPa,Ti-potential/fcc-restart/04-npt-round-2/md/P-20GPa/multi_nnap_md.xyz,4697,0.4099723363,15.27351706,5.912964842,6.249558388,4035,1.7706272803360599,2.1156101113047217,0.8526862946742142,min_distance_A<1.77527
npt_pressure,20,,P-20GPa,Ti-potential/fcc-restart/04-npt-round-2/md/P-20GPa/multi_nnap_md.xyz,4698,2.003994219,15.27683002,9.784783885,8.434553088,4036,1.605959660537153,2.1274881784854167,0.8574117026186849,min_distance_A<1.77527
npt_pressure,20,,P-20GPa,Ti-potential/fcc-restart/04-npt-round-2/md/P-20GPa/multi_nnap_md.xyz,4699,0.8667791045,15.28821424,7.040674705,7.683696433,4037,1.7029863686870497,2.1161019146273903,0.852611121782342,min_distance_A<1.77527
npt_pressure,20,,P-20GPa,Ti-potential/fcc-restart/04-npt-round-2/md/P-20GPa/multi_nnap_md.xyz,4704,0.9557951987,15.43399718,8.998581338,9.219736884,4042,1.712261808926529,2.1941729667187406,0.8812748734094249,min_distance_A<1.77527
npt_pressure,20,,P-20GPa,Ti-potential/fcc-restart/04-npt-round-2/md/P-20GPa/multi_nnap_md.xyz,4718,0.2420190309,15.20772689,5.305797706,5.317221397,4056,1.7446104855891948,2.22102589520599,0.8964626236261789,min_distance_A<1.77527
npt_pressure,20,,P-20GPa,Ti-potential/fcc-restart/04-npt-round-2/md/P-20GPa/multi_nnap_md.xyz,4719,1.163538172,15.15836824,7.533100536,6.981321993,4057,1.6851626530520583,2.2499119124159317,0.9091063629246487,min_distance_A<1.77527
npt_pressure,20,,P-20GPa,Ti-potential/fcc-restart/04-npt-round-2/md/P-20GPa/multi_nnap_md.xyz,4771,0.6362310063,15.25584019,6.199504897,6.213207891,4107,1.7668946105272698,2.1045491079563505,0.8485556975594057,min_distance_A<1.77527
npt_pressure,20,,P-20GPa,Ti-potential/fcc-restart/04-npt-round-2/md/P-20GPa/multi_nnap_md.xyz,4783,0.2082422092,15.50093392,3.915281085,3.786615988,4117,2.08093319258814,2.3594361013510317,0.9462856739673375,normalized_void>0.946161
npt_pressure,20,,P-20GPa,Ti-potential/fcc-restart/04-npt-round-2/md/P-20GPa/multi_nnap_md.xyz,4784,0.2672196782,15.50223409,4.54450522,4.223751826,4118,1.9994844180839202,2.370694541329664,0.950774450833637,normalized_void>0.946161
npt_pressure,20,,P-20GPa,Ti-potential/fcc-restart/04-npt-round-2/md/P-20GPa/multi_nnap_md.xyz,4818,0.8012086702,15.2681517,6.677712933,7.198763288,4146,1.7519003377913933,2.152055244217174,0.8674769161317951,min_distance_A<1.77527
npt_pressure,20,,P-20GPa,Ti-potential/fcc-restart/04-npt-round-2/md/P-20GPa/multi_nnap_md.xyz,4819,0.9089749764,15.25972566,7.990186541,8.564489803,4147,1.7135746094679385,2.1877956324222705,0.8820458798792126,min_distance_A<1.77527
npt_pressure,20,,P-20GPa,Ti-potential/fcc-restart/04-npt-round-2/md/P-20GPa/multi_nnap_md.xyz,4882,0.4311164065,15.69483968,5.814925649,5.824929259,4209,1.7541561413120061,2.1810901366776023,0.8711400606516208,min_distance_A<1.77527
npt_pressure,20,,P-20GPa,Ti-potential/fcc-restart/04-npt-round-2/md/P-20GPa/multi_nnap_md.xyz,4889,0.461752362,15.15450432,5.263522807,5.529096642,4216,1.7475397355581659,2.200908660156374,0.8893815324617383,min_distance_A<1.77527
npt_pressure,20,,P-20GPa,Ti-potential/fcc-restart/04-npt-round-2/md/P-20GPa/multi_nnap_md.xyz,4890,0.4026000635,15.11268056,4.880800773,4.955934558,4217,1.7730316638742503,2.1426527637805046,0.8666384656208147,min_distance_A<1.77527
npt_pressure,20,,P-20GPa,Ti-potential/fcc-restart/04-npt-round-2/md/P-20GPa/multi_nnap_md.xyz,4904,0.5496134756,15.6705995,6.083374758,6.320516931,4231,1.7487771679853656,2.1949774511864857,0.8771385381084003,min_distance_A<1.77527
npt_pressure,20,,P-20GPa,Ti-potential/fcc-restart/04-npt-round-2/md/P-20GPa/multi_nnap_md.xyz,4961,0.3648775573,15.37508002,5.815812911,6.046784243,4288,1.7747696157805914,2.1394808196628836,0.8604043601533061,min_distance_A<1.77527
npt_pressure,20,,P-20GPa,Ti-potential/fcc-restart/04-npt-round-2/md/P-20GPa/multi_nnap_md.xyz,4979,0.5186740798,15.52112589,5.779513918,5.350493361,4306,1.7694283026781268,2.2200987525221763,0.890016146653712,min_distance_A<1.77527
npt_pressure,20,,P-20GPa,Ti-potential/fcc-restart/04-npt-round-2/md/P-20GPa/multi_nnap_md.xyz,4982,0.4458598669,15.50766041,5.394134039,5.133262038,4309,1.7539893157226312,2.231954393867647,0.8950278631150873,min_distance_A<1.77527
npt_pressure,20,,P-20GPa,Ti-potential/fcc-restart/04-npt-round-2/md/P-20GPa/multi_nnap_md.xyz,4983,1.033868,15.50314757,7.668917733,6.761257476,4310,1.6859517068954624,2.220807723694203,0.8906443808413823,min_distance_A<1.77527
npt_pressure,20,,P-20GPa,Ti-potential/fcc-restart/04-npt-round-2/md/P-20GPa/multi_nnap_md.xyz,4988,1.033506968,15.48403964,7.563247073,7.297061869,4315,1.681225320849335,2.242528708582888,0.8997252735057623,min_distance_A<1.77527
npt_pressure,20,,P-20GPa,Ti-potential/fcc-restart/04-npt-round-2/md/P-20GPa/multi_nnap_md.xyz,4989,1.006639488,15.48373576,6.965893822,6.321292821,4316,1.6954296473735506,2.2914103083322823,0.9193430813831759,min_distance_A<1.77527
npt_pressure,20,,P-20GPa,Ti-potential/fcc-restart/04-npt-round-2/md/P-20GPa/multi_nnap_md.xyz,4990,0.6724637375,15.48967674,5.771456592,5.947815521,4317,1.7457854245067654,2.3163842474176244,0.9292441122903599,min_distance_A<1.77527
npt_pressure,20,,P-20GPa,Ti-potential/fcc-restart/04-npt-round-2/md/P-20GPa/multi_nnap_md.xyz,4991,0.5343235788,15.50107266,4.974487089,5.177042555,4318,1.773517055859728,2.3158934870381076,0.9288195130342748,min_distance_A<1.77527
npt_pressure,30,,P-30GPa,Ti-potential/fcc-restart/04-npt-round-2/md/P-30GPa/multi_nnap_md.xyz,526,1.075216449,14.30517078,8.881322519,9.450296288,27,1.706817169416242,2.0601431177411,0.8486586511837623,min_distance_A<1.77527
npt_pressure,30,,P-30GPa,Ti-potential/fcc-restart/04-npt-round-2/md/P-30GPa/multi_nnap_md.xyz,527,0.8091273712,14.15858893,7.375702614,8.165239698,28,1.758424939611348,2.0754969356326796,0.8579239111836945,min_distance_A<1.77527
npt_pressure,30,,P-30GPa,Ti-potential/fcc-restart/04-npt-round-2/md/P-30GPa/multi_nnap_md.xyz,531,0.6924005717,13.81102927,7.862356674,9.004732889,32,1.7070063595221074,2.1155178734688396,0.8817416392270757,min_distance_A<1.77527
npt_pressure,30,,P-30GPa,Ti-potential/fcc-restart/04-npt-round-2/md/P-30GPa/multi_nnap_md.xyz,655,0.1764325979,14.93657098,3.70117412,3.623488684,151,2.024940623751436,2.3540327092783264,0.9558627204630457,normalized_void>0.946161
npt_pressure,30,,P-30GPa,Ti-potential/fcc-restart/04-npt-round-2/md/P-30GPa/multi_nnap_md.xyz,656,0.2717940022,14.93097535,4.62410021,4.531855335,152,1.941875573133668,2.355929098848491,0.9567522453768291,normalized_void>0.946161
npt_pressure,30,,P-30GPa,Ti-potential/fcc-restart/04-npt-round-2/md/P-30GPa/multi_nnap_md.xyz,664,0.3194761759,13.992953,5.966806865,5.877283432,160,1.7426318726575185,2.0608720608294684,0.8552266779119058,min_distance_A<1.77527
npt_pressure,30,,P-30GPa,Ti-potential/fcc-restart/04-npt-round-2/md/P-30GPa/multi_nnap_md.xyz,666,0.4882556914,13.85516141,6.184534256,6.49717578,162,1.7533083433112095,2.0288146890064005,0.8447052317632261,min_distance_A<1.77527
npt_pressure,30,,P-30GPa,Ti-potential/fcc-restart/04-npt-round-2/md/P-30GPa/multi_nnap_md.xyz,685,1.726650254,14.20456744,7.350519763,6.281598445,181,1.6766104446138235,2.1315967923386365,0.880161539123073,min_distance_A<1.77527
npt_pressure,30,,P-30GPa,Ti-potential/fcc-restart/04-npt-round-2/md/P-30GPa/multi_nnap_md.xyz,686,0.3955774093,14.06855143,4.943495861,4.865060564,182,1.7567945759749712,2.1483706796000903,0.8899373259717861,min_distance_A<1.77527
npt_pressure,30,,P-30GPa,Ti-potential/fcc-restart/04-npt-round-2/md/P-30GPa/multi_nnap_md.xyz,695,0.4175412759,14.21905188,6.659231751,6.356104907,191,1.7154764853726672,2.1314294645064202,0.8797935062845974,min_distance_A<1.77527
npt_pressure,30,,P-30GPa,Ti-potential/fcc-restart/04-npt-round-2/md/P-30GPa/multi_nnap_md.xyz,724,0.5264925508,14.92701368,6.506912303,6.750062117,220,1.731507188971377,2.0708270776821425,0.8410455644623344,min_distance_A<1.77527
npt_pressure,30,,P-30GPa,Ti-potential/fcc-restart/04-npt-round-2/md/P-30GPa/multi_nnap_md.xyz,728,0.660572881,14.46731169,7.622350423,8.587641789,223,1.7368560733574587,2.172545889947801,0.8916060620450057,min_distance_A<1.77527
npt_pressure,30,,P-30GPa,Ti-potential/fcc-restart/04-npt-round-2/md/P-30GPa/multi_nnap_md.xyz,738,0.2014516727,14.21955824,3.848028078,3.818851664,233,1.9199020955271024,2.3132297703386175,0.9548241717156432,normalized_void>0.946161
npt_pressure,30,,P-30GPa,Ti-potential/fcc-restart/04-npt-round-2/md/P-30GPa/multi_nnap_md.xyz,739,0.2064741066,14.34095124,4.232294171,4.307249868,234,1.9426283857233808,2.3199594001382877,0.9548923152693026,normalized_void>0.946161
npt_pressure,30,,P-30GPa,Ti-potential/fcc-restart/04-npt-round-2/md/P-30GPa/multi_nnap_md.xyz,746,0.4462538786,14.75082721,5.770159923,5.885682869,241,1.748482738690417,2.106598613028595,0.8589667152048351,min_distance_A<1.77527
npt_pressure,30,,P-30GPa,Ti-potential/fcc-restart/04-npt-round-2/md/P-30GPa/multi_nnap_md.xyz,749,0.6441767178,14.50474497,6.454216908,6.209065426,244,1.723895123590285,2.1294710923221407,0.8731758517432139,min_distance_A<1.77527
npt_pressure,30,,P-30GPa,Ti-potential/fcc-restart/04-npt-round-2/md/P-30GPa/multi_nnap_md.xyz,750,0.7395025775,14.40067039,6.532201647,6.56341647,245,1.7310147205031396,2.1511993828784304,0.8842052609312041,min_distance_A<1.77527
npt_pressure,30,,P-30GPa,Ti-potential/fcc-restart/04-npt-round-2/md/P-30GPa/multi_nnap_md.xyz,754,0.4338244235,14.10257091,5.619991927,5.541430315,249,1.7595183083004216,2.1005896911790716,0.8694443689827777,min_distance_A<1.77527
npt_pressure,30,,P-30GPa,Ti-potential/fcc-restart/04-npt-round-2/md/P-30GPa/multi_nnap_md.xyz,755,0.7006875401,14.07536066,6.105160093,5.846082517,250,1.7352602109445965,2.0732495092806027,0.858680750832643,min_distance_A<1.77527
npt_pressure,30,,P-30GPa,Ti-potential/fcc-restart/04-npt-round-2/md/P-30GPa/multi_nnap_md.xyz,760,0.5872459766,14.26369003,6.030734365,5.913001622,255,1.7361511428930065,2.067919506281052,0.8526870468764572,min_distance_A<1.77527
npt_pressure,30,,P-30GPa,Ti-potential/fcc-restart/04-npt-round-2/md/P-30GPa/multi_nnap_md.xyz,762,0.6437091321,14.47440789,5.914930224,6.162803668,257,1.7629271401674156,2.136413952618006,0.8766343216687443,min_distance_A<1.77527
npt_pressure,30,,P-30GPa,Ti-potential/fcc-restart/04-npt-round-2/md/P-30GPa/multi_nnap_md.xyz,763,1.332673476,14.58839012,8.201035408,8.313789635,258,1.677637101614197,2.172333781048155,0.8890457281894771,min_distance_A<1.77527
npt_pressure,30,,P-30GPa,Ti-potential/fcc-restart/04-npt-round-2/md/P-30GPa/multi_nnap_md.xyz,768,0.7201499635,14.88055497,7.377051549,7.353348733,263,1.7209228970594277,2.0516924466667574,0.8341405169148254,min_distance_A<1.77527
npt_pressure,30,,P-30GPa,Ti-potential/fcc-restart/04-npt-round-2/md/P-30GPa/multi_nnap_md.xyz,803,0.3980947972,14.2298402,5.903878219,6.604707694,298,1.759823056034688,2.109801596974205,0.8706459998328271,min_distance_A<1.77527
npt_pressure,30,,P-30GPa,Ti-potential/fcc-restart/04-npt-round-2/md/P-30GPa/multi_nnap_md.xyz,804,0.5015795618,14.23344766,5.649604139,6.310041915,299,1.771717742248148,2.1152148234365153,0.8728061111645959,min_distance_A<1.77527
npt_pressure,30,,P-30GPa,Ti-potential/fcc-restart/04-npt-round-2/md/P-30GPa/multi_nnap_md.xyz,811,0.8192049722,14.45994833,5.639447039,4.667576503,306,1.7186973306954694,2.1754983570138724,0.892969267929282,min_distance_A<1.77527
npt_pressure,30,,P-30GPa,Ti-potential/fcc-restart/04-npt-round-2/md/P-30GPa/multi_nnap_md.xyz,812,1.558327073,14.52094285,7.184794122,5.915082178,307,1.6600871442736214,2.1520429843305404,0.8821030753499247,min_distance_A<1.77527
npt_pressure,30,,P-30GPa,Ti-potential/fcc-restart/04-npt-round-2/md/P-30GPa/multi_nnap_md.xyz,813,0.4731015145,14.58305513,4.484171466,4.455379458,308,1.7614581668532525,2.1937892103959142,0.8979360137717616,min_distance_A<1.77527
npt_pressure,30,,P-30GPa,Ti-potential/fcc-restart/04-npt-round-2/md/P-30GPa/multi_nnap_md.xyz,842,0.5593948897,14.40036323,6.266062642,5.924247559,337,1.7551849374536264,2.1365591838660025,0.8781939589386124,min_distance_A<1.77527
npt_pressure,30,,P-30GPa,Ti-potential/fcc-restart/04-npt-round-2/md/P-30GPa/multi_nnap_md.xyz,843,0.6842050737,14.37256656,7.666577517,7.197116735,338,1.7150313383057896,2.1133409083269497,0.8692101392606898,min_distance_A<1.77527
npt_pressure,30,,P-30GPa,Ti-potential/fcc-restart/04-npt-round-2/md/P-30GPa/multi_nnap_md.xyz,855,0.3850077953,14.68581417,5.992010092,5.898254317,350,1.748288571885844,2.119080341635148,0.8653293079584305,min_distance_A<1.77527
npt_pressure,30,,P-30GPa,Ti-potential/fcc-restart/04-npt-round-2/md/P-30GPa/multi_nnap_md.xyz,857,0.3346770431,14.75018556,7.035283021,7.002228738,352,1.7517786040362577,2.0906720713914844,0.8524850202836206,min_distance_A<1.77527
npt_pressure,30,,P-30GPa,Ti-potential/fcc-restart/04-npt-round-2/md/P-30GPa/multi_nnap_md.xyz,868,0.4697548727,14.1314386,4.295021371,4.267146739,363,1.7633293333231155,2.080967470934334,0.8607357330909263,min_distance_A<1.77527
npt_pressure,30,,P-30GPa,Ti-potential/fcc-restart/04-npt-round-2/md/P-30GPa/multi_nnap_md.xyz,869,0.6500110679,14.09923239,4.622644492,4.812637462,364,1.728081152252273,2.064334463490343,0.8545055872923965,min_distance_A<1.77527
npt_pressure,30,,P-30GPa,Ti-potential/fcc-restart/04-npt-round-2/md/P-30GPa/multi_nnap_md.xyz,878,0.4174573116,14.44292068,5.890793614,5.980933423,373,1.7631009088313803,2.1883307003021963,0.8985893721522886,min_distance_A<1.77527
npt_pressure,30,,P-30GPa,Ti-potential/fcc-restart/04-npt-round-2/md/P-30GPa/multi_nnap_md.xyz,889,0.466777602,14.42136224,5.403440955,5.954027305,384,1.7581371838615052,2.083178888122906,0.8558371552991069,min_distance_A<1.77527
npt_pressure,30,,P-30GPa,Ti-potential/fcc-restart/04-npt-round-2/md/P-30GPa/multi_nnap_md.xyz,890,1.449735294,14.36984129,8.064465714,8.200714222,385,1.653917870057476,2.1028662486793097,0.8649566196385864,min_distance_A<1.77527
npt_pressure,30,,P-30GPa,Ti-potential/fcc-restart/04-npt-round-2/md/P-30GPa/multi_nnap_md.xyz,891,0.4260124934,14.32559375,5.207770418,5.888252615,386,1.7505093225817552,2.1253355161114955,0.875097861747589,min_distance_A<1.77527
npt_pressure,30,,P-30GPa,Ti-potential/fcc-restart/04-npt-round-2/md/P-30GPa/multi_nnap_md.xyz,896,0.3750176654,14.2581855,5.367888963,6.010836158,391,1.7641626016044678,2.2434732026486324,0.9251939827284069,min_distance_A<1.77527
npt_pressure,30,,P-30GPa,Ti-potential/fcc-restart/04-npt-round-2/md/P-30GPa/multi_nnap_md.xyz,900,0.9808161584,14.36863776,6.945007516,6.601105638,395,1.6884769631461858,2.1827477634586177,0.8978387663036292,min_distance_A<1.77527
npt_pressure,30,,P-30GPa,Ti-potential/fcc-restart/04-npt-round-2/md/P-30GPa/multi_nnap_md.xyz,901,1.091427412,14.41587799,6.312057013,5.598574624,396,1.698815692913207,2.18749761887556,0.8988086077900797,min_distance_A<1.77527
npt_pressure,30,,P-30GPa,Ti-potential/fcc-restart/04-npt-round-2/md/P-30GPa/multi_nnap_md.xyz,949,0.4557779444,14.81689304,5.829180612,5.772282764,444,1.7682659694171377,2.11885218016389,0.8626771157534456,min_distance_A<1.77527
npt_pressure,30,,P-30GPa,Ti-potential/fcc-restart/04-npt-round-2/md/P-30GPa/multi_nnap_md.xyz,993,0.4627025543,14.43543339,4.785623122,5.028375146,488,1.7650303981802176,2.144416225758401,0.8807090835454627,min_distance_A<1.77527
npt_pressure,30,,P-30GPa,Ti-potential/fcc-restart/04-npt-round-2/md/P-30GPa/multi_nnap_md.xyz,1004,0.50965151,14.270978,4.903965643,5.219394634,499,1.7476296294087952,2.223724042141635,0.9167754591818562,min_distance_A<1.77527
npt_pressure,30,,P-30GPa,Ti-potential/fcc-restart/04-npt-round-2/md/P-30GPa/multi_nnap_md.xyz,1007,0.4825353781,14.41875222,6.341504169,6.409986118,502,1.7569357463522108,2.0547533110472505,0.8442099424926155,min_distance_A<1.77527
npt_pressure,30,,P-30GPa,Ti-potential/fcc-restart/04-npt-round-2/md/P-30GPa/multi_nnap_md.xyz,1008,0.5141633652,14.47902929,6.102816325,6.303364507,503,1.7388428757015593,2.081039891981359,0.8538218342547793,min_distance_A<1.77527
npt_pressure,30,,P-30GPa,Ti-potential/fcc-restart/04-npt-round-2/md/P-30GPa/multi_nnap_md.xyz,1015,0.4129126735,14.52613632,6.590821938,7.362876128,510,1.7459508036549451,2.0821650605920228,0.8533590189945497,min_distance_A<1.77527
npt_pressure,30,,P-30GPa,Ti-potential/fcc-restart/04-npt-round-2/md/P-30GPa/multi_nnap_md.xyz,1019,0.5455268624,14.37999164,5.849161602,5.905362471,514,1.7383546389523494,2.0605589508446625,0.8473552006863451,min_distance_A<1.77527
npt_pressure,30,,P-30GPa,Ti-potential/fcc-restart/04-npt-round-2/md/P-30GPa/multi_nnap_md.xyz,1023,0.5449028009,14.31012929,6.225777401,5.998086705,518,1.7463683071438632,2.043085833767535,0.841534825762216,min_distance_A<1.77527
npt_pressure,30,,P-30GPa,Ti-potential/fcc-restart/04-npt-round-2/md/P-30GPa/multi_nnap_md.xyz,1030,0.6828669009,14.39228832,7.698099658,8.30243845,525,1.7539703629297516,2.0366779659617236,0.8372961251191555,min_distance_A<1.77527
npt_pressure,30,,P-30GPa,Ti-potential/fcc-restart/04-npt-round-2/md/P-30GPa/multi_nnap_md.xyz,1057,0.8770899074,14.30957472,7.512153169,7.635588942,552,1.740765260768093,2.0228963335402907,0.8332296551684933,min_distance_A<1.77527
npt_pressure,30,,P-30GPa,Ti-potential/fcc-restart/04-npt-round-2/md/P-30GPa/multi_nnap_md.xyz,1058,0.8530827068,14.29748884,7.488014459,7.641451641,553,1.7379989377666722,2.0566204846051135,0.8473592378170186,min_distance_A<1.77527
npt_pressure,30,,P-30GPa,Ti-potential/fcc-restart/04-npt-round-2/md/P-30GPa/multi_nnap_md.xyz,1064,0.7080391336,14.2530111,4.160518305,4.216064913,559,1.7527259142940317,2.104475784924184,0.8679773489928094,min_distance_A<1.77527
npt_pressure,30,,P-30GPa,Ti-potential/fcc-restart/04-npt-round-2/md/P-30GPa/multi_nnap_md.xyz,1065,1.241709973,14.26143394,6.352491109,5.047739371,560,1.6912992068307757,2.1211627073724317,0.8746874961854716,min_distance_A<1.77527
npt_pressure,30,,P-30GPa,Ti-potential/fcc-restart/04-npt-round-2/md/P-30GPa/multi_nnap_md.xyz,1077,0.5932343991,14.79699016,6.074175254,5.688957585,572,1.7731380607355833,2.174338343935671,0.8856646883471572,min_distance_A<1.77527
npt_pressure,30,,P-30GPa,Ti-potential/fcc-restart/04-npt-round-2/md/P-30GPa/multi_nnap_md.xyz,1089,0.5145973689,14.143948,5.908912268,6.465929447,584,1.7499037005327684,2.0539240015009015,0.8492994046072391,min_distance_A<1.77527
npt_pressure,30,,P-30GPa,Ti-potential/fcc-restart/04-npt-round-2/md/P-30GPa/multi_nnap_md.xyz,1090,0.525710778,14.16166079,6.081265605,6.267592338,585,1.7537755981130074,2.0410434479725286,0.8436212691129239,min_distance_A<1.77527
npt_pressure,30,,P-30GPa,Ti-potential/fcc-restart/04-npt-round-2/md/P-30GPa/multi_nnap_md.xyz,1104,0.6997575614,14.48858143,6.744408461,7.595373073,599,1.7346496586667248,2.182365599411912,0.8951975506131908,min_distance_A<1.77527
npt_pressure,30,,P-30GPa,Ti-potential/fcc-restart/04-npt-round-2/md/P-30GPa/multi_nnap_md.xyz,1105,0.5877185008,14.43545107,5.56749785,6.184536819,600,1.7684617922507144,2.1884235703509898,0.8987824783951122,min_distance_A<1.77527
npt_pressure,30,,P-30GPa,Ti-potential/fcc-restart/04-npt-round-2/md/P-30GPa/multi_nnap_md.xyz,1106,0.9983110159,14.38486056,7.395223943,7.993217588,601,1.7051440604380468,2.2060186017014467,0.907069612651285,min_distance_A<1.77527
npt_pressure,30,,P-30GPa,Ti-potential/fcc-restart/04-npt-round-2/md/P-30GPa/multi_nnap_md.xyz,1107,0.3296515604,14.33927602,5.266225503,5.687762434,602,1.7636934384165865,2.21815793295872,0.9130265147077712,min_distance_A<1.77527
npt_pressure,30,,P-30GPa,Ti-potential/fcc-restart/04-npt-round-2/md/P-30GPa/multi_nnap_md.xyz,1110,0.7524448163,14.22878889,6.607989769,6.655443243,605,1.7214965598427476,2.1755569774893684,0.8978032019980771,min_distance_A<1.77527
npt_pressure,30,,P-30GPa,Ti-potential/fcc-restart/04-npt-round-2/md/P-30GPa/multi_nnap_md.xyz,1111,0.5204384633,14.2063952,5.436152529,5.41411115,606,1.7450086609543203,2.120811424073009,0.875670575719641,min_distance_A<1.77527
npt_pressure,30,,P-30GPa,Ti-potential/fcc-restart/04-npt-round-2/md/P-30GPa/multi_nnap_md.xyz,1131,1.371676747,14.40451792,8.5996818,7.87584749,626,1.674291843330028,2.119143695289151,0.8709518854970111,min_distance_A<1.77527
npt_pressure,30,,P-30GPa,Ti-potential/fcc-restart/04-npt-round-2/md/P-30GPa/multi_nnap_md.xyz,1133,0.3626683769,14.3368445,5.352915576,5.270680426,628,1.7618205450926756,2.0716293101750205,0.8527613766547437,min_distance_A<1.77527
npt_pressure,30,,P-30GPa,Ti-potential/fcc-restart/04-npt-round-2/md/P-30GPa/multi_nnap_md.xyz,1161,0.5434108026,14.43596512,5.971086403,6.625125996,656,1.7534798306245842,2.1027810135949627,0.8635989500522425,min_distance_A<1.77527
npt_pressure,30,,P-30GPa,Ti-potential/fcc-restart/04-npt-round-2/md/P-30GPa/multi_nnap_md.xyz,1167,0.5465479101,14.51356841,4.776938439,4.666451811,662,1.7542734578423638,2.2530383570205266,0.9236565563378888,min_distance_A<1.77527
npt_pressure,30,,P-30GPa,Ti-potential/fcc-restart/04-npt-round-2/md/P-30GPa/multi_nnap_md.xyz,1177,0.3561671083,14.59485616,5.086224888,5.360805576,672,1.74918370749405,2.1824655657758942,0.8930603209215014,min_distance_A<1.77527
npt_pressure,30,,P-30GPa,Ti-potential/fcc-restart/04-npt-round-2/md/P-30GPa/multi_nnap_md.xyz,1194,0.7077053919,14.22786801,6.931087226,7.942377429,689,1.7375914845405427,2.121170899686835,0.8753781816777008,min_distance_A<1.77527
npt_pressure,30,,P-30GPa,Ti-potential/fcc-restart/04-npt-round-2/md/P-30GPa/multi_nnap_md.xyz,1210,0.4480849607,14.53917474,5.59634438,5.923219817,705,1.7730541659946673,2.2047649617156844,0.9033354345871796,min_distance_A<1.77527
npt_pressure,30,,P-30GPa,Ti-potential/fcc-restart/04-npt-round-2/md/P-30GPa/multi_nnap_md.xyz,1211,1.227725879,14.5105185,9.146886899,8.424266883,706,1.6452538301259099,2.2167624751581188,0.9088485475004171,min_distance_A<1.77527
npt_pressure,30,,P-30GPa,Ti-potential/fcc-restart/04-npt-round-2/md/P-30GPa/multi_nnap_md.xyz,1215,1.426825066,14.43550152,11.05030144,10.41090912,710,1.643869654456066,2.1535266643109643,0.884449337839026,min_distance_A<1.77527
npt_pressure,30,,P-30GPa,Ti-potential/fcc-restart/04-npt-round-2/md/P-30GPa/multi_nnap_md.xyz,1216,1.299576677,14.42462247,10.47179164,10.46803773,711,1.6597639308223648,2.108798431481009,0.8662972147545674,min_distance_A<1.77527
npt_pressure,30,,P-30GPa,Ti-potential/fcc-restart/04-npt-round-2/md/P-30GPa/multi_nnap_md.xyz,1222,0.4081310696,14.37300037,5.643236951,5.772389619,717,1.7575627262959654,2.016631923405331,0.8294257081810145,min_distance_A<1.77527
npt_pressure,30,,P-30GPa,Ti-potential/fcc-restart/04-npt-round-2/md/P-30GPa/multi_nnap_md.xyz,1237,0.5086922328,14.34434401,4.301968395,4.414610612,732,1.774583052829837,2.0704708758947277,0.8521359646687582,min_distance_A<1.77527
npt_pressure,30,,P-30GPa,Ti-potential/fcc-restart/04-npt-round-2/md/P-30GPa/multi_nnap_md.xyz,1238,0.6326827175,14.3626254,4.050446936,4.339228614,733,1.7668432823227251,2.0818551243960397,0.8564576494176162,min_distance_A<1.77527
npt_pressure,30,,P-30GPa,Ti-potential/fcc-restart/04-npt-round-2/md/P-30GPa/multi_nnap_md.xyz,1239,0.7055629895,14.37729876,7.065935955,7.954661444,734,1.7350249650697356,2.114904413187264,0.8697577574360638,min_distance_A<1.77527
npt_pressure,30,,P-30GPa,Ti-potential/fcc-restart/04-npt-round-2/md/P-30GPa/multi_nnap_md.xyz,1240,0.821417491,14.39062819,7.378787028,7.741605311,735,1.7189429591065075,2.1143523598884255,0.869262171825712,min_distance_A<1.77527
npt_pressure,30,,P-30GPa,Ti-potential/fcc-restart/04-npt-round-2/md/P-30GPa/multi_nnap_md.xyz,1252,0.4341449458,14.3535763,3.804554392,4.157775864,747,1.827773434014506,2.3400828747065225,0.9628926336962629,normalized_void>0.946161
npt_pressure,30,,P-30GPa,Ti-potential/fcc-restart/04-npt-round-2/md/P-30GPa/multi_nnap_md.xyz,1253,0.4894931927,14.38015838,3.954103039,3.972579442,748,1.883339410965231,2.326892116082059,0.95687459673504,normalized_void>0.946161
npt_pressure,30,,P-30GPa,Ti-potential/fcc-restart/04-npt-round-2/md/P-30GPa/multi_nnap_md.xyz,1275,0.4093713058,14.37482549,4.550439762,4.766175493,770,1.7554962443600624,2.161805944154178,0.8890970712431107,min_distance_A<1.77527
npt_pressure,30,,P-30GPa,Ti-potential/fcc-restart/04-npt-round-2/md/P-30GPa/multi_nnap_md.xyz,1276,0.3328476423,14.4631709,4.353975904,4.47239714,771,1.771224599537778,2.1480151028418932,0.8816228233140491,min_distance_A<1.77527
npt_pressure,30,,P-30GPa,Ti-potential/fcc-restart/04-npt-round-2/md/P-30GPa/multi_nnap_md.xyz,1284,0.432633089,14.53990214,6.094847302,5.961637858,779,1.762829184505627,2.1690265237129123,0.8886778758676765,min_distance_A<1.77527
npt_pressure,30,,P-30GPa,Ti-potential/fcc-restart/04-npt-round-2/md/P-30GPa/multi_nnap_md.xyz,1285,0.4160270317,14.47084725,5.778891191,5.722018195,780,1.7584645310045102,2.145544121845694,0.8804529039102892,min_distance_A<1.77527
npt_pressure,30,,P-30GPa,Ti-potential/fcc-restart/04-npt-round-2/md/P-30GPa/multi_nnap_md.xyz,1309,0.3407274226,14.47883727,5.405942328,5.557660959,804,1.7683266395580692,2.1556598102800484,0.8844412626594963,min_distance_A<1.77527
npt_pressure,30,,P-30GPa,Ti-potential/fcc-restart/04-npt-round-2/md/P-30GPa/multi_nnap_md.xyz,1323,0.5075331309,14.52340399,6.760393458,7.118455319,818,1.7306909638213503,2.091938074808613,0.8574181749616098,min_distance_A<1.77527
npt_pressure,30,,P-30GPa,Ti-potential/fcc-restart/04-npt-round-2/md/P-30GPa/multi_nnap_md.xyz,1352,0.3483533089,14.57082988,6.076937697,6.294761881,847,1.7733999774976184,2.1189556959081273,0.8675485345211152,min_distance_A<1.77527
npt_pressure,30,,P-30GPa,Ti-potential/fcc-restart/04-npt-round-2/md/P-30GPa/multi_nnap_md.xyz,1358,0.8762752131,14.23883131,6.661613951,7.569347267,853,1.7227061356180517,2.119855548595466,0.8746107678024305,min_distance_A<1.77527
npt_pressure,30,,P-30GPa,Ti-potential/fcc-restart/04-npt-round-2/md/P-30GPa/multi_nnap_md.xyz,1359,0.4498355506,14.20677571,5.449359088,6.100161361,854,1.7682214152343112,2.1103808861427718,0.8713560883515367,min_distance_A<1.77527
npt_pressure,30,,P-30GPa,Ti-potential/fcc-restart/04-npt-round-2/md/P-30GPa/multi_nnap_md.xyz,1362,0.3716913042,14.2286298,4.670356855,4.538868649,857,1.7669992141656807,2.12142620405404,0.8754679178223875,min_distance_A<1.77527
npt_pressure,30,,P-30GPa,Ti-potential/fcc-restart/04-npt-round-2/md/P-30GPa/multi_nnap_md.xyz,1400,0.7049348771,14.59449807,3.827287446,3.987192383,895,1.7594978105882222,2.103874536827029,0.8609080781559928,min_distance_A<1.77527
npt_pressure,30,,P-30GPa,Ti-potential/fcc-restart/04-npt-round-2/md/P-30GPa/multi_nnap_md.xyz,1403,0.7268328152,14.233314,5.137822255,5.56380952,898,1.768211472393874,2.158224688425543,0.8905561615561662,min_distance_A<1.77527
npt_pressure,30,,P-30GPa,Ti-potential/fcc-restart/04-npt-round-2/md/P-30GPa/multi_nnap_md.xyz,1405,1.018542595,14.03455864,4.693224944,4.245310912,900,1.7273934883868793,2.133380988801561,0.8844409331261649,min_distance_A<1.77527
npt_pressure,30,,P-30GPa,Ti-potential/fcc-restart/04-npt-round-2/md/P-30GPa/multi_nnap_md.xyz,1406,0.8338483963,13.97351748,4.74453114,4.578908213,901,1.7453310278486538,2.1588851385433427,0.8963156014193652,min_distance_A<1.77527
npt_pressure,30,,P-30GPa,Ti-potential/fcc-restart/04-npt-round-2/md/P-30GPa/multi_nnap_md.xyz,1416,0.5156515314,14.99020152,5.084070634,5.087683659,911,1.7675271853225443,2.1658279919492345,0.8783915283919007,min_distance_A<1.77527
npt_pressure,30,,P-30GPa,Ti-potential/fcc-restart/04-npt-round-2/md/P-30GPa/multi_nnap_md.xyz,1417,0.4423295839,15.06995071,5.81101169,5.656687732,912,1.7662029041220417,2.1866301678928832,0.8852611216808985,min_distance_A<1.77527
npt_pressure,30,,P-30GPa,Ti-potential/fcc-restart/04-npt-round-2/md/P-30GPa/multi_nnap_md.xyz,1431,0.3849268541,13.72798097,6.256581162,6.238458883,926,1.7695074623786173,2.0231894722057424,0.8449564658728312,min_distance_A<1.77527
npt_pressure,30,,P-30GPa,Ti-potential/fcc-restart/04-npt-round-2/md/P-30GPa/multi_nnap_md.xyz,1448,0.2945807805,14.35689524,5.17751126,5.418754293,943,1.7541226879332923,2.093774170231837,0.8614756254530215,min_distance_A<1.77527
npt_pressure,30,,P-30GPa,Ti-potential/fcc-restart/04-npt-round-2/md/P-30GPa/multi_nnap_md.xyz,1450,0.4796403008,14.18596078,7.043369941,7.692121917,945,1.7623951829881226,2.1420462707178296,0.8848627837987462,min_distance_A<1.77527
npt_pressure,30,,P-30GPa,Ti-potential/fcc-restart/04-npt-round-2/md/P-30GPa/multi_nnap_md.xyz,1464,0.4549102287,14.72347145,6.973926774,7.488377631,959,1.7448614590729739,2.1019492090666723,0.8576013936985373,min_distance_A<1.77527
npt_pressure,30,,P-30GPa,Ti-potential/fcc-restart/04-npt-round-2/md/P-30GPa/multi_nnap_md.xyz,1501,0.7556227795,14.61698435,5.034987702,5.836357007,996,1.746211483818525,2.319804998688503,0.948780068327574,min_distance_A<1.77527;normalized_void>0.946161
npt_pressure,30,,P-30GPa,Ti-potential/fcc-restart/04-npt-round-2/md/P-30GPa/multi_nnap_md.xyz,1502,0.9448369703,14.75503989,5.298157164,6.222634317,997,1.7187693234242978,2.3131826111402236,0.9431116789969739,min_distance_A<1.77527
npt_pressure,30,,P-30GPa,Ti-potential/fcc-restart/04-npt-round-2/md/P-30GPa/multi_nnap_md.xyz,1507,0.5033056045,15.0288423,5.129646365,5.060112954,1002,1.7549804181641,2.1236677875549836,0.8605538867945994,min_distance_A<1.77527
npt_pressure,30,,P-30GPa,Ti-potential/fcc-restart/04-npt-round-2/md/P-30GPa/multi_nnap_md.xyz,1515,0.5812210749,14.35481378,6.532125135,6.27307782,1010,1.7432352209725337,2.211616031351371,0.910005202278389,min_distance_A<1.77527
npt_pressure,30,,P-30GPa,Ti-potential/fcc-restart/04-npt-round-2/md/P-30GPa/multi_nnap_md.xyz,1531,0.3991489226,14.50286629,5.466318222,6.199799463,1026,1.7563530586336282,2.097841093839179,0.8602433170477269,min_distance_A<1.77527
npt_pressure,30,,P-30GPa,Ti-potential/fcc-restart/04-npt-round-2/md/P-30GPa/multi_nnap_md.xyz,1532,0.3141083469,14.46420653,4.701520658,5.276647081,1027,1.7717383254523746,2.1066570857252813,0.864627365768834,min_distance_A<1.77527
npt_pressure,30,,P-30GPa,Ti-potential/fcc-restart/04-npt-round-2/md/P-30GPa/multi_nnap_md.xyz,1555,0.4425404834,14.71982546,6.781656351,6.720454148,1049,1.7569702866297077,2.1428286583321543,0.8743525062678721,min_distance_A<1.77527
npt_pressure,30,,P-30GPa,Ti-potential/fcc-restart/04-npt-round-2/md/P-30GPa/multi_nnap_md.xyz,1556,0.3225048995,14.65220883,5.67699495,5.556559933,1050,1.769307577178677,2.0590612323200204,0.8414627499166145,min_distance_A<1.77527
npt_pressure,30,,P-30GPa,Ti-potential/fcc-restart/04-npt-round-2/md/P-30GPa/multi_nnap_md.xyz,1569,0.3130547351,14.29466235,6.220272579,6.556878588,1063,1.7377099775003575,2.154656987625823,0.8878102914286822,min_distance_A<1.77527
npt_pressure,30,,P-30GPa,Ti-potential/fcc-restart/04-npt-round-2/md/P-30GPa/multi_nnap_md.xyz,1570,1.454928074,14.36041272,8.890408708,7.983332582,1064,1.6526236546617932,2.1709288221302248,0.8931476858078992,min_distance_A<1.77527
npt_pressure,30,,P-30GPa,Ti-potential/fcc-restart/04-npt-round-2/md/P-30GPa/multi_nnap_md.xyz,1571,0.4261456204,14.43218901,6.643269611,6.788355056,1065,1.7276177951871976,2.192952562606625,0.9007103805667886,min_distance_A<1.77527
npt_pressure,30,,P-30GPa,Ti-potential/fcc-restart/04-npt-round-2/md/P-30GPa/multi_nnap_md.xyz,1572,0.3054625643,14.50037152,5.238723943,5.154122295,1066,1.7701388985668949,2.201853623679981,0.9029466015229071,min_distance_A<1.77527
npt_pressure,30,,P-30GPa,Ti-potential/fcc-restart/04-npt-round-2/md/P-30GPa/multi_nnap_md.xyz,1604,1.10326595,14.54440835,6.511847428,5.860710479,1098,1.6912839833804003,2.138816191601905,0.8762098077716458,min_distance_A<1.77527
npt_pressure,30,,P-30GPa,Ti-potential/fcc-restart/04-npt-round-2/md/P-30GPa/multi_nnap_md.xyz,1606,0.4918654861,14.51800902,5.93995891,6.205723986,1100,1.7445988644200698,2.0371162480067944,0.8350518812874923,min_distance_A<1.77527
npt_pressure,30,,P-30GPa,Ti-potential/fcc-restart/04-npt-round-2/md/P-30GPa/multi_nnap_md.xyz,1607,0.8675144801,14.48890988,7.041894872,6.893639575,1101,1.712594439830128,2.0154260586357955,0.8267133786483857,min_distance_A<1.77527
npt_pressure,30,,P-30GPa,Ti-potential/fcc-restart/04-npt-round-2/md/P-30GPa/multi_nnap_md.xyz,1638,0.4184063693,14.23001506,5.096814446,4.72767818,1132,1.7737416392643341,2.0457059988712283,0.8441923885635525,min_distance_A<1.77527
npt_pressure,30,,P-30GPa,Ti-potential/fcc-restart/04-npt-round-2/md/P-30GPa/multi_nnap_md.xyz,1639,0.7003728767,14.26220903,6.078629467,5.83928563,1133,1.7267594043146415,2.0655116261448687,0.8517236595000298,min_distance_A<1.77527
npt_pressure,30,,P-30GPa,Ti-potential/fcc-restart/04-npt-round-2/md/P-30GPa/multi_nnap_md.xyz,1643,0.2613009525,14.45239182,6.312310391,6.13991203,1137,1.7647001086017555,2.064693685232156,0.8476353370827677,min_distance_A<1.77527
npt_pressure,30,,P-30GPa,Ti-potential/fcc-restart/04-npt-round-2/md/P-30GPa/multi_nnap_md.xyz,1698,0.883541437,14.2613527,6.794367881,6.173896792,1192,1.7144432011316892,2.096052444375484,0.8643346120759007,min_distance_A<1.77527
npt_pressure,30,,P-30GPa,Ti-potential/fcc-restart/04-npt-round-2/md/P-30GPa/multi_nnap_md.xyz,1699,0.7976505175,14.2827112,6.271720604,5.816066235,1193,1.7223050068501775,2.1147953680307996,0.8716285872669669,min_distance_A<1.77527
npt_pressure,30,,P-30GPa,Ti-potential/fcc-restart/04-npt-round-2/md/P-30GPa/multi_nnap_md.xyz,1700,0.6044306556,14.32242042,7.203776895,7.097545292,1194,1.7050099167639656,2.1065841286419826,0.8674411126714395,min_distance_A<1.77527
npt_pressure,30,,P-30GPa,Ti-potential/fcc-restart/04-npt-round-2/md/P-30GPa/multi_nnap_md.xyz,1739,0.7148602726,14.34489476,4.481415258,3.838517368,1233,1.737438019944303,2.111191692222811,0.8688841588676068,min_distance_A<1.77527
npt_pressure,30,,P-30GPa,Ti-potential/fcc-restart/04-npt-round-2/md/P-30GPa/multi_nnap_md.xyz,1749,0.5010155225,14.33525684,6.538577077,6.684547259,1243,1.7459253384481657,2.1142608002770293,0.8703422470240176,min_distance_A<1.77527
npt_pressure,30,,P-30GPa,Ti-potential/fcc-restart/04-npt-round-2/md/P-30GPa/multi_nnap_md.xyz,1750,1.14262008,14.46176264,8.539797805,8.226497974,1244,1.6784610788509169,2.1194738101070687,0.869936683709166,min_distance_A<1.77527
npt_pressure,30,,P-30GPa,Ti-potential/fcc-restart/04-npt-round-2/md/P-30GPa/multi_nnap_md.xyz,1762,1.100608402,14.43353446,6.567747416,7.116490958,1256,1.7034713687315828,2.072761544518131,0.8513179257824157,min_distance_A<1.77527
npt_pressure,30,,P-30GPa,Ti-potential/fcc-restart/04-npt-round-2/md/P-30GPa/multi_nnap_md.xyz,1763,0.4303782867,14.32314671,5.694543985,6.063968706,1257,1.75287290789969,2.083990302826206,0.8581230091611127,min_distance_A<1.77527
npt_pressure,30,,P-30GPa,Ti-potential/fcc-restart/04-npt-round-2/md/P-30GPa/multi_nnap_md.xyz,1766,0.3532796496,14.09558875,5.200015247,5.204188032,1260,1.7752229862992976,2.025837506807848,0.8386424999701032,min_distance_A<1.77527
npt_pressure,30,,P-30GPa,Ti-potential/fcc-restart/04-npt-round-2/md/P-30GPa/multi_nnap_md.xyz,1770,0.8532057797,14.18947299,6.488286939,6.401844163,1264,1.6902303872582893,2.052160710802294,0.8476618026392378,min_distance_A<1.77527
npt_pressure,30,,P-30GPa,Ti-potential/fcc-restart/04-npt-round-2/md/P-30GPa/multi_nnap_md.xyz,1771,2.601769124,14.27044606,9.606436602,8.630790267,1265,1.5934363156697988,2.058647901462034,0.8487300085232998,min_distance_A<1.77527
npt_pressure,30,,P-30GPa,Ti-potential/fcc-restart/04-npt-round-2/md/P-30GPa/multi_nnap_md.xyz,1772,0.8318493195,14.36709062,4.801936568,5.3192662,1266,1.756623139431449,2.069079838931524,0.8511138124175138,min_distance_A<1.77527
npt_pressure,30,,P-30GPa,Ti-potential/fcc-restart/04-npt-round-2/md/P-30GPa/multi_nnap_md.xyz,1773,0.6853637806,14.470472,5.264819853,5.344974219,1267,1.7476878685271513,2.070825799726209,0.8497985805091893,min_distance_A<1.77527
npt_pressure,30,,P-30GPa,Ti-potential/fcc-restart/04-npt-round-2/md/P-30GPa/multi_nnap_md.xyz,1776,0.8042886823,14.70376845,6.181262159,6.853797669,1270,1.7408737759524116,2.082428149473377,0.8500160786413636,min_distance_A<1.77527
npt_pressure,30,,P-30GPa,Ti-potential/fcc-restart/04-npt-round-2/md/P-30GPa/multi_nnap_md.xyz,1777,1.137241472,14.73042133,7.15838468,7.684575832,1271,1.7006938672723089,2.13052307556262,0.8691228860684278,min_distance_A<1.77527
npt_pressure,30,,P-30GPa,Ti-potential/fcc-restart/04-npt-round-2/md/P-30GPa/multi_nnap_md.xyz,1781,0.398526731,14.56536419,5.479856732,6.112211615,1275,1.7372590319876178,2.1136194264759838,0.8654719744152138,min_distance_A<1.77527
npt_pressure,30,,P-30GPa,Ti-potential/fcc-restart/04-npt-round-2/md/P-30GPa/multi_nnap_md.xyz,1786,0.5309149595,14.1008397,5.90701287,5.727041674,1280,1.7577398853055153,2.066214823046753,0.8552514404713553,min_distance_A<1.77527
npt_pressure,30,,P-30GPa,Ti-potential/fcc-restart/04-npt-round-2/md/P-30GPa/multi_nnap_md.xyz,1794,0.5547335703,14.32132356,5.694751821,5.329760723,1288,1.7332043075087702,2.069937871328749,0.8523728176366234,min_distance_A<1.77527
npt_pressure,30,,P-30GPa,Ti-potential/fcc-restart/04-npt-round-2/md/P-30GPa/multi_nnap_md.xyz,1795,0.8614105841,14.44086351,5.326811554,4.860679993,1289,1.72029344416427,2.079910762392553,0.8541096875707646,min_distance_A<1.77527
npt_pressure,30,,P-30GPa,Ti-potential/fcc-restart/04-npt-round-2/md/P-30GPa/multi_nnap_md.xyz,1810,0.4968911271,14.07480588,5.484385809,5.633139947,1304,1.771900118227329,2.100641525903806,0.8700371728278666,min_distance_A<1.77527
npt_pressure,30,,P-30GPa,Ti-potential/fcc-restart/04-npt-round-2/md/P-30GPa/multi_nnap_md.xyz,1819,0.9971636606,14.56719825,6.020211819,5.74252501,1313,1.7186300219423012,2.086324719895342,0.8542596503178924,min_distance_A<1.77527
npt_pressure,30,,P-30GPa,Ti-potential/fcc-restart/04-npt-round-2/md/P-30GPa/multi_nnap_md.xyz,1820,1.21558055,14.61860424,6.467319133,5.733244461,1314,1.7027719982545657,2.0872433404912805,0.8536328400823976,min_distance_A<1.77527
npt_pressure,30,,P-30GPa,Ti-potential/fcc-restart/04-npt-round-2/md/P-30GPa/multi_nnap_md.xyz,1831,0.4051932555,14.18855597,6.038145347,5.923280917,1324,1.7696772659878222,2.076563693400891,0.8577601331998771,min_distance_A<1.77527
npt_pressure,30,,P-30GPa,Ti-potential/fcc-restart/04-npt-round-2/md/P-30GPa/multi_nnap_md.xyz,1840,0.6933114483,14.52142221,7.10385381,7.953311473,1333,1.7139367265032597,2.113147687395501,0.8661507117003966,min_distance_A<1.77527
npt_pressure,30,,P-30GPa,Ti-potential/fcc-restart/04-npt-round-2/md/P-30GPa/multi_nnap_md.xyz,1841,0.6134378293,14.62191576,5.334479016,6.165131924,1334,1.7582377685802064,2.1050705831764978,0.8608587599587554,min_distance_A<1.77527
npt_pressure,30,,P-30GPa,Ti-potential/fcc-restart/04-npt-round-2/md/P-30GPa/multi_nnap_md.xyz,1864,0.3957512632,14.60350525,6.029656287,6.254508257,1357,1.7688183906659323,2.1364560026080026,0.8740606788203484,min_distance_A<1.77527
npt_pressure,30,,P-30GPa,Ti-potential/fcc-restart/04-npt-round-2/md/P-30GPa/multi_nnap_md.xyz,1865,0.9466309651,14.65057993,8.287137136,8.952204805,1358,1.6979551667249062,2.1645290968506488,0.8845963766256423,min_distance_A<1.77527
npt_pressure,30,,P-30GPa,Ti-potential/fcc-restart/04-npt-round-2/md/P-30GPa/multi_nnap_md.xyz,1877,0.7176646673,14.2523552,6.854286877,6.228291861,1370,1.7238703960079096,2.17901012510415,0.8987323388861632,min_distance_A<1.77527
npt_pressure,30,,P-30GPa,Ti-potential/fcc-restart/04-npt-round-2/md/P-30GPa/multi_nnap_md.xyz,1878,1.747360006,14.24919338,9.436483205,8.594896209,1371,1.6147069058026324,2.190542213646601,0.9035555684034505,min_distance_A<1.77527
npt_pressure,30,,P-30GPa,Ti-potential/fcc-restart/04-npt-round-2/md/P-30GPa/multi_nnap_md.xyz,1879,1.617537447,14.26997418,9.587877056,9.110979344,1372,1.6215976093906737,2.175115722149479,0.8967567171552372,min_distance_A<1.77527
npt_pressure,30,,P-30GPa,Ti-potential/fcc-restart/04-npt-round-2/md/P-30GPa/multi_nnap_md.xyz,1885,0.4619102374,14.70972781,6.880622483,6.895383691,1378,1.7666620488003626,2.213352328554506,0.903335351155498,min_distance_A<1.77527
npt_pressure,30,,P-30GPa,Ti-potential/fcc-restart/04-npt-round-2/md/P-30GPa/multi_nnap_md.xyz,1886,0.4363053361,14.78039525,6.96831644,7.05801623,1379,1.763328357863855,2.2415694300515736,0.9133912478642122,min_distance_A<1.77527
npt_pressure,30,,P-30GPa,Ti-potential/fcc-restart/04-npt-round-2/md/P-30GPa/multi_nnap_md.xyz,1915,0.3687689619,14.48990822,4.047949196,4.111794867,1408,1.8752965909312453,2.3226670619989624,0.9527195629039306,normalized_void>0.946161
npt_pressure,30,,P-30GPa,Ti-potential/fcc-restart/04-npt-round-2/md/P-30GPa/multi_nnap_md.xyz,1951,0.4832206277,14.59341531,6.574328822,6.583178009,1444,1.7985396144321295,2.320125515983235,0.9494217274483956,normalized_void>0.946161
npt_pressure,30,,P-30GPa,Ti-potential/fcc-restart/04-npt-round-2/md/P-30GPa/multi_nnap_md.xyz,1959,0.240950279,14.65575632,4.009543975,4.037430784,1452,1.9417107806117653,2.335840459525096,0.9544952355031175,normalized_void>0.946161
npt_pressure,30,,P-30GPa,Ti-potential/fcc-restart/04-npt-round-2/md/P-30GPa/multi_nnap_md.xyz,1960,0.2525897006,14.58451115,4.465504823,4.449825704,1453,1.9180862955214806,2.362426467937571,0.9669284546343612,normalized_void>0.946161
npt_pressure,30,,P-30GPa,Ti-potential/fcc-restart/04-npt-round-2/md/P-30GPa/multi_nnap_md.xyz,1961,0.4883765421,14.50783532,6.142619132,5.946448536,1454,1.8065199650835786,2.3649230136503236,0.9696525304198519,normalized_void>0.946161
npt_pressure,30,,P-30GPa,Ti-potential/fcc-restart/04-npt-round-2/md/P-30GPa/multi_nnap_md.xyz,1962,0.6870343834,14.43234005,6.846664388,7.479733764,1455,1.7015647184906366,2.3228499421409285,0.9540597422126227,min_distance_A<1.77527;normalized_void>0.946161
npt_pressure,30,,P-30GPa,Ti-potential/fcc-restart/04-npt-round-2/md/P-30GPa/multi_nnap_md.xyz,1963,0.4698705407,14.36489031,4.606603992,5.212139225,1456,1.7636241386057092,2.196199032250909,0.9034502819862192,min_distance_A<1.77527
npt_pressure,30,,P-30GPa,Ti-potential/fcc-restart/04-npt-round-2/md/P-30GPa/multi_nnap_md.xyz,1968,0.3051446616,14.27110954,5.995168447,6.259104099,1461,1.7739700701947059,2.2237622167737783,0.9167883806514457,min_distance_A<1.77527
npt_pressure,30,,P-30GPa,Ti-potential/fcc-restart/04-npt-round-2/md/P-30GPa/multi_nnap_md.xyz,1976,0.9441404336,14.63328271,6.097264305,6.299523888,1469,1.7156318773728227,2.100037702235152,0.8585781608082453,min_distance_A<1.77527
npt_pressure,30,,P-30GPa,Ti-potential/fcc-restart/04-npt-round-2/md/P-30GPa/multi_nnap_md.xyz,1977,0.4125850546,14.61283272,5.109241027,4.898568673,1470,1.7698585031572738,2.1418973013051374,0.8761003208699292,min_distance_A<1.77527
npt_pressure,30,,P-30GPa,Ti-potential/fcc-restart/04-npt-round-2/md/P-30GPa/multi_nnap_md.xyz,1981,0.1919978504,14.41118619,3.76434835,3.709478074,1474,1.9839395076548954,2.3360591176260073,0.9599543611178855,normalized_void>0.946161
npt_pressure,30,,P-30GPa,Ti-potential/fcc-restart/04-npt-round-2/md/P-30GPa/multi_nnap_md.xyz,1989,0.4928797826,14.27415979,6.636835839,7.054425088,1482,1.7322357118702516,2.05704220835234,0.8479944665291667,min_distance_A<1.77527
npt_pressure,30,,P-30GPa,Ti-potential/fcc-restart/04-npt-round-2/md/P-30GPa/multi_nnap_md.xyz,2013,0.4533571984,14.52672035,6.661763937,6.653922016,1506,1.7736459750730575,2.1839486088425204,0.8950622125297856,min_distance_A<1.77527
npt_pressure,30,,P-30GPa,Ti-potential/fcc-restart/04-npt-round-2/md/P-30GPa/multi_nnap_md.xyz,2078,2.210801515,14.4122626,10.11991798,8.141708426,1571,1.6115860190313451,2.1834560149974886,0.8972229877499969,min_distance_A<1.77527
npt_pressure,30,,P-30GPa,Ti-potential/fcc-restart/04-npt-round-2/md/P-30GPa/multi_nnap_md.xyz,2079,1.343233504,14.45878872,8.338242358,7.351199029,1572,1.669861949475344,2.185109091901141,0.8969381300416897,min_distance_A<1.77527
npt_pressure,30,,P-30GPa,Ti-potential/fcc-restart/04-npt-round-2/md/P-30GPa/multi_nnap_md.xyz,2156,0.5492965022,14.49121888,6.366432373,6.874938962,1648,1.7506969730322477,2.1413500838507713,0.8783198597581438,min_distance_A<1.77527
npt_pressure,30,,P-30GPa,Ti-potential/fcc-restart/04-npt-round-2/md/P-30GPa/multi_nnap_md.xyz,2160,0.3791441176,14.60869015,5.232658472,5.818489278,1652,1.7573928684256945,2.1849184065172893,0.8937817117561488,min_distance_A<1.77527
npt_pressure,30,,P-30GPa,Ti-potential/fcc-restart/04-npt-round-2/md/P-30GPa/multi_nnap_md.xyz,2165,0.5609808219,14.48902997,5.341421649,5.791721857,1657,1.7338843526307006,2.226497215419903,0.913290736796644,min_distance_A<1.77527
npt_pressure,30,,P-30GPa,Ti-potential/fcc-restart/04-npt-round-2/md/P-30GPa/multi_nnap_md.xyz,2167,0.4049507064,14.37725667,6.234141109,6.327651912,1659,1.7655577526963635,2.3229495887143066,0.9553175945882943,min_distance_A<1.77527;normalized_void>0.946161
npt_pressure,30,,P-30GPa,Ti-potential/fcc-restart/04-npt-round-2/md/P-30GPa/multi_nnap_md.xyz,2168,0.8747106244,14.32663005,7.875822239,7.727632853,1660,1.6878480103484725,2.3346588881657855,0.9612626918334606,min_distance_A<1.77527;normalized_void>0.946161
npt_pressure,30,,P-30GPa,Ti-potential/fcc-restart/04-npt-round-2/md/P-30GPa/multi_nnap_md.xyz,2169,0.3253058615,14.28551421,4.437392813,4.344037567,1661,1.8299562464593704,2.317437742383612,0.9550866689382251,normalized_void>0.946161
npt_pressure,30,,P-30GPa,Ti-potential/fcc-restart/04-npt-round-2/md/P-30GPa/multi_nnap_md.xyz,2172,0.4844530536,14.23154378,6.665920686,6.92983694,1664,1.7352638875329234,2.0976720924674703,0.8656060090305725,min_distance_A<1.77527
npt_pressure,30,,P-30GPa,Ti-potential/fcc-restart/04-npt-round-2/md/P-30GPa/multi_nnap_md.xyz,2177,0.7677346371,14.31543997,4.73798657,3.854849606,1669,1.7555352004970635,2.055091471651778,0.846375188586377,min_distance_A<1.77527
npt_pressure,30,,P-30GPa,Ti-potential/fcc-restart/04-npt-round-2/md/P-30GPa/multi_nnap_md.xyz,2178,1.04817751,14.34673503,6.056296607,4.832235751,1670,1.7182736232777047,2.0765575313330173,0.8545935460500762,min_distance_A<1.77527
npt_pressure,30,,P-30GPa,Ti-potential/fcc-restart/04-npt-round-2/md/P-30GPa/multi_nnap_md.xyz,2210,0.4459778623,14.46936298,5.823865737,5.92456314,1702,1.7643308989492335,2.159331156591259,0.8861408973470953,min_distance_A<1.77527
npt_pressure,30,,P-30GPa,Ti-potential/fcc-restart/04-npt-round-2/md/P-30GPa/multi_nnap_md.xyz,2211,1.013408311,14.44735847,8.249151715,9.396814349,1703,1.746327501756003,2.2215724767827747,0.9121459552845177,min_distance_A<1.77527
npt_pressure,30,,P-30GPa,Ti-potential/fcc-restart/04-npt-round-2/md/P-30GPa/multi_nnap_md.xyz,2217,2.01151905,14.4212276,8.540929258,8.926978135,1709,1.6713985090375405,2.1429667161166663,0.880402665495515,min_distance_A<1.77527
npt_pressure,30,,P-30GPa,Ti-potential/fcc-restart/04-npt-round-2/md/P-30GPa/multi_nnap_md.xyz,2218,1.055182411,14.42557203,6.312616066,6.885586365,1710,1.7366743445049417,2.191115304208686,0.9000933458811305,min_distance_A<1.77527
npt_pressure,30,,P-30GPa,Ti-potential/fcc-restart/04-npt-round-2/md/P-30GPa/multi_nnap_md.xyz,2221,0.553375478,14.45433829,5.450255139,5.646859591,1713,1.7749287530043762,2.1447353037907986,0.8804559425691164,min_distance_A<1.77527
npt_pressure,30,,P-30GPa,Ti-potential/fcc-restart/04-npt-round-2/md/P-30GPa/multi_nnap_md.xyz,2222,0.8911356311,14.46352368,7.822110953,8.332158893,1714,1.6735319369226456,2.108625244556562,0.8654487692634615,min_distance_A<1.77527
npt_pressure,30,,P-30GPa,Ti-potential/fcc-restart/04-npt-round-2/md/P-30GPa/multi_nnap_md.xyz,2223,0.475300458,14.47530373,5.68796661,5.907035362,1715,1.7535754409832247,2.117336224145027,0.868788238015162,min_distance_A<1.77527
npt_pressure,30,,P-30GPa,Ti-potential/fcc-restart/04-npt-round-2/md/P-30GPa/multi_nnap_md.xyz,2271,1.15407199,14.62185291,10.07727781,8.651714781,1763,1.6305275023387482,2.1368359059494613,0.8738502922059611,min_distance_A<1.77527
npt_pressure,30,,P-30GPa,Ti-potential/fcc-restart/04-npt-round-2/md/P-30GPa/multi_nnap_md.xyz,2272,0.6029825615,14.67335481,6.412773148,5.917474356,1764,1.7398626849916266,2.11305319091587,0.863112268444645,min_distance_A<1.77527
npt_pressure,30,,P-30GPa,Ti-potential/fcc-restart/04-npt-round-2/md/P-30GPa/multi_nnap_md.xyz,2349,0.4808903427,14.22054329,4.575123814,5.006157585,1841,1.7510591795103758,2.0811575425770736,0.8590126532979928,min_distance_A<1.77527
npt_pressure,30,,P-30GPa,Ti-potential/fcc-restart/04-npt-round-2/md/P-30GPa/multi_nnap_md.xyz,2353,0.635295349,14.26742968,6.640442368,6.70524465,1845,1.7328253060274832,2.1770768303282053,0.8976185979104078,min_distance_A<1.77527
npt_pressure,30,,P-30GPa,Ti-potential/fcc-restart/04-npt-round-2/md/P-30GPa/multi_nnap_md.xyz,2354,0.7954518666,14.31681919,7.876925294,8.010311401,1846,1.6873041807423257,2.1976782932680474,0.9050695182363792,min_distance_A<1.77527
npt_pressure,30,,P-30GPa,Ti-potential/fcc-restart/04-npt-round-2/md/P-30GPa/multi_nnap_md.xyz,2389,0.8372537838,14.61040301,8.225831357,8.648102959,1881,1.7033473782913127,2.1178585325927153,0.8663157600502959,min_distance_A<1.77527
npt_pressure,30,,P-30GPa,Ti-potential/fcc-restart/04-npt-round-2/md/P-30GPa/multi_nnap_md.xyz,2390,0.9774170348,14.5972991,8.38271408,8.825651155,1882,1.692663783159935,2.1162345809111662,0.8659104307283587,min_distance_A<1.77527
npt_pressure,30,,P-30GPa,Ti-potential/fcc-restart/04-npt-round-2/md/P-30GPa/multi_nnap_md.xyz,2394,0.2473997925,14.50288843,5.719204196,5.772405667,1886,2.039398569051724,2.32787725159129,0.9545717429000252,normalized_void>0.946161
npt_pressure,30,,P-30GPa,Ti-potential/fcc-restart/04-npt-round-2/md/P-30GPa/multi_nnap_md.xyz,2395,0.2109802978,14.4946845,5.017317534,5.161476598,1887,2.0151057620548025,2.32508245976628,0.9536055522777888,normalized_void>0.946161
npt_pressure,30,,P-30GPa,Ti-potential/fcc-restart/04-npt-round-2/md/P-30GPa/multi_nnap_md.xyz,2396,0.1693938505,14.49816135,4.142913608,4.145895907,1888,2.01612104494086,2.3102606351100654,0.9474508037817098,normalized_void>0.946161
npt_pressure,30,,P-30GPa,Ti-potential/fcc-restart/04-npt-round-2/md/P-30GPa/multi_nnap_md.xyz,2400,0.5444508707,14.53512817,5.920067947,6.269060552,1892,1.7685590747921307,2.149926836966913,0.8809489163991844,min_distance_A<1.77527
npt_pressure,30,,P-30GPa,Ti-potential/fcc-restart/04-npt-round-2/md/P-30GPa/multi_nnap_md.xyz,2410,0.8044009854,14.38310185,6.881058669,7.212948562,1902,1.7570675847488104,2.071572926202108,0.8518230241327971,min_distance_A<1.77527
npt_pressure,30,,P-30GPa,Ti-potential/fcc-restart/04-npt-round-2/md/P-30GPa/multi_nnap_md.xyz,2411,0.6122148048,14.42662087,6.632402502,6.810635447,1903,1.768148725036223,2.1120433841382638,0.867590181988217,min_distance_A<1.77527
npt_pressure,30,,P-30GPa,Ti-potential/fcc-restart/04-npt-round-2/md/P-30GPa/multi_nnap_md.xyz,2416,0.4649912732,14.66637965,5.239531444,4.946229416,1908,1.7593208165931205,2.2056588444508343,0.9010814145165029,min_distance_A<1.77527
npt_pressure,30,,P-30GPa,Ti-potential/fcc-restart/04-npt-round-2/md/P-30GPa/multi_nnap_md.xyz,2417,0.7838344555,14.70165453,7.159085503,6.640662631,1909,1.7123265250882809,2.1595301610775626,0.8815302157610223,min_distance_A<1.77527
npt_pressure,30,,P-30GPa,Ti-potential/fcc-restart/04-npt-round-2/md/P-30GPa/multi_nnap_md.xyz,2422,0.3105866632,14.61615985,6.069503691,6.663495076,1914,1.7673986578394099,2.0716188592043365,0.8472900270871373,min_distance_A<1.77527
npt_pressure,30,,P-30GPa,Ti-potential/fcc-restart/04-npt-round-2/md/P-30GPa/multi_nnap_md.xyz,2453,0.4295393754,14.13004877,4.661741801,4.84591859,1945,1.7678816707395877,2.125572184785486,0.8792140872691635,min_distance_A<1.77527
npt_pressure,30,,P-30GPa,Ti-potential/fcc-restart/04-npt-round-2/md/P-30GPa/multi_nnap_md.xyz,2454,0.4611404406,14.28363332,5.518118739,5.800088991,1946,1.7487314414607948,2.0977658612402155,0.8645911436377911,min_distance_A<1.77527
npt_pressure,30,,P-30GPa,Ti-potential/fcc-restart/04-npt-round-2/md/P-30GPa/multi_nnap_md.xyz,2470,0.7515504072,14.13721174,5.638533183,6.161812321,1962,1.7193329163232403,2.127643217679003,0.8799220803395855,min_distance_A<1.77527
npt_pressure,30,,P-30GPa,Ti-potential/fcc-restart/04-npt-round-2/md/P-30GPa/multi_nnap_md.xyz,2471,0.5206876098,14.04421659,4.351274625,4.674673629,1963,1.7514322775855864,2.162233601790493,0.896196904116966,min_distance_A<1.77527
npt_pressure,30,,P-30GPa,Ti-potential/fcc-restart/04-npt-round-2/md/P-30GPa/multi_nnap_md.xyz,2523,0.9830479458,13.99710499,6.713209436,6.691359843,2015,1.7405928772675243,2.0589851162096906,0.8543591346313855,min_distance_A<1.77527
npt_pressure,30,,P-30GPa,Ti-potential/fcc-restart/04-npt-round-2/md/P-30GPa/multi_nnap_md.xyz,2524,1.351190632,14.1461729,7.756841198,7.258865027,2016,1.707568122728005,2.016267998828372,0.8336849022054623,min_distance_A<1.77527
npt_pressure,30,,P-30GPa,Ti-potential/fcc-restart/04-npt-round-2/md/P-30GPa/multi_nnap_md.xyz,2535,1.03116924,14.66660516,7.264727851,7.717469891,2027,1.7169445439807522,2.2213140964562847,0.9074724290373792,min_distance_A<1.77527
npt_pressure,30,,P-30GPa,Ti-potential/fcc-restart/04-npt-round-2/md/P-30GPa/multi_nnap_md.xyz,2536,0.9436713135,14.50106343,7.373975215,7.645743297,2028,1.7099771292541863,2.2269456869509745,0.9132219489129444,min_distance_A<1.77527
npt_pressure,30,,P-30GPa,Ti-potential/fcc-restart/04-npt-round-2/md/P-30GPa/multi_nnap_md.xyz,2586,0.5498713343,13.93118407,6.630457574,7.226924267,2077,1.7529506180993395,2.2655108302084788,0.9415357161237392,min_distance_A<1.77527
npt_pressure,30,,P-30GPa,Ti-potential/fcc-restart/04-npt-round-2/md/P-30GPa/multi_nnap_md.xyz,2587,0.6914248361,13.95174708,6.898774172,7.500641646,2078,1.746095984514774,2.249832066313606,0.9345601046259723,min_distance_A<1.77527
npt_pressure,30,,P-30GPa,Ti-potential/fcc-restart/04-npt-round-2/md/P-30GPa/multi_nnap_md.xyz,2589,0.3096081891,14.15779804,4.652784692,4.837171349,2080,1.7651155230642697,2.222369352851265,0.9186519510024572,min_distance_A<1.77527
npt_pressure,30,,P-30GPa,Ti-potential/fcc-restart/04-npt-round-2/md/P-30GPa/multi_nnap_md.xyz,2590,1.750848874,14.32784025,9.093580337,7.748151217,2081,1.616360742260872,2.2303505785644386,0.9182893685011001,min_distance_A<1.77527
npt_pressure,30,,P-30GPa,Ti-potential/fcc-restart/04-npt-round-2/md/P-30GPa/multi_nnap_md.xyz,2591,0.8339070714,14.52823356,5.733902701,6.20645797,2082,1.7068622253851913,2.2558543882587805,0.9244997374159588,min_distance_A<1.77527
npt_pressure,30,,P-30GPa,Ti-potential/fcc-restart/04-npt-round-2/md/P-30GPa/multi_nnap_md.xyz,2593,1.027850274,14.95891133,7.265161877,7.470684276,2084,1.694703707988833,2.298927587037013,0.9330221683344101,min_distance_A<1.77527
npt_pressure,30,,P-30GPa,Ti-potential/fcc-restart/04-npt-round-2/md/P-30GPa/multi_nnap_md.xyz,2594,1.683769912,15.15703173,7.871117859,8.347270929,2085,1.6676353118619582,2.3311609937534414,0.94196380296321,min_distance_A<1.77527
npt_pressure,30,,P-30GPa,Ti-potential/fcc-restart/04-npt-round-2/md/P-30GPa/multi_nnap_md.xyz,2595,0.2741000533,15.32033508,3.375023302,3.213200242,2086,1.8525427291968937,2.36596130207234,0.9526167547088221,normalized_void>0.946161
npt_pressure,30,,P-30GPa,Ti-potential/fcc-restart/04-npt-round-2/md/P-30GPa/multi_nnap_md.xyz,2596,0.3290284541,15.4278504,4.743753125,4.7038403,2087,1.8289780992148321,2.3757121536223216,0.95431557794024,normalized_void>0.946161
npt_pressure,30,,P-30GPa,Ti-potential/fcc-restart/04-npt-round-2/md/P-30GPa/multi_nnap_md.xyz,2597,0.3869349285,15.46584582,5.685634731,5.905150998,2088,1.7626961126294014,2.375702758332529,0.9535296672794379,min_distance_A<1.77527;normalized_void>0.946161
npt_pressure,30,,P-30GPa,Ti-potential/fcc-restart/04-npt-round-2/md/P-30GPa/multi_nnap_md.xyz,2602,1.118638721,14.70233283,8.890815529,9.368806708,2093,1.6933841235788112,2.091175923272577,0.8536145713771163,min_distance_A<1.77527
npt_pressure,30,,P-30GPa,Ti-potential/fcc-restart/04-npt-round-2/md/P-30GPa/multi_nnap_md.xyz,2603,1.419976559,14.46534253,9.422271975,9.773349411,2094,1.6672435767225173,2.092980128444494,0.8589914960596868,min_distance_A<1.77527
npt_pressure,30,,P-30GPa,Ti-potential/fcc-restart/04-npt-round-2/md/P-30GPa/multi_nnap_md.xyz,2632,0.8833351589,13.79343539,6.102579503,6.367526864,2123,1.71004039155792,1.9716126852153673,0.8221116239200015,min_distance_A<1.77527
npt_pressure,30,,P-30GPa,Ti-potential/fcc-restart/04-npt-round-2/md/P-30GPa/multi_nnap_md.xyz,2633,0.3591575099,13.83400626,4.14322066,4.278347449,2124,1.7708598412481462,1.953815645449512,0.8138935255219458,min_distance_A<1.77527
npt_pressure,30,,P-30GPa,Ti-potential/fcc-restart/04-npt-round-2/md/P-30GPa/multi_nnap_md.xyz,2691,0.4563721451,15.0427492,5.788608653,6.124812843,2182,1.737204029911451,2.224959145313795,0.9013213031167094,min_distance_A<1.77527
npt_pressure,30,,P-30GPa,Ti-potential/fcc-restart/04-npt-round-2/md/P-30GPa/multi_nnap_md.xyz,2694,0.3168793584,14.764352,5.31365019,5.129918904,2185,1.7743286381876588,2.217671080285637,0.9039803761601864,min_distance_A<1.77527
npt_pressure,30,,P-30GPa,Ti-potential/fcc-restart/04-npt-round-2/md/P-30GPa/multi_nnap_md.xyz,2701,0.6018351004,13.81531201,5.48722356,6.260173319,2192,1.746129854094896,2.0710994694729594,0.8631389696816752,min_distance_A<1.77527
npt_pressure,30,,P-30GPa,Ti-potential/fcc-restart/04-npt-round-2/md/P-30GPa/multi_nnap_md.xyz,2702,0.595528533,13.79261173,5.189261173,6.072341885,2193,1.7520652166652493,2.0961308458039114,0.8740498822305777,min_distance_A<1.77527
npt_pressure,30,,P-30GPa,Ti-potential/fcc-restart/04-npt-round-2/md/P-30GPa/multi_nnap_md.xyz,2708,0.4499689315,14.56760132,6.821274622,6.79245158,2199,1.7710200449180078,2.168847463906392,0.8880409508297699,min_distance_A<1.77527
npt_pressure,30,,P-30GPa,Ti-potential/fcc-restart/04-npt-round-2/md/P-30GPa/multi_nnap_md.xyz,2720,0.6557376108,14.14406244,6.555881912,7.139411824,2211,1.7330919019993718,2.0652106867067306,0.8539641557617519,min_distance_A<1.77527
npt_pressure,30,,P-30GPa,Ti-potential/fcc-restart/04-npt-round-2/md/P-30GPa/multi_nnap_md.xyz,2721,1.045570821,13.98481361,7.64877417,6.774016552,2212,1.6952124373495947,2.0557186358783386,0.8532535661916321,min_distance_A<1.77527
npt_pressure,30,,P-30GPa,Ti-potential/fcc-restart/04-npt-round-2/md/P-30GPa/multi_nnap_md.xyz,2730,0.3134481517,14.53893307,5.260062216,5.675559444,2221,1.7683836657848675,2.1120374633526176,0.8653479549457426,min_distance_A<1.77527
npt_pressure,30,,P-30GPa,Ti-potential/fcc-restart/04-npt-round-2/md/P-30GPa/multi_nnap_md.xyz,2753,0.3974237576,14.3087967,4.681882379,4.656560382,2244,1.7722764124175567,2.2024063083346297,0.9071861361514352,min_distance_A<1.77527
npt_pressure,30,,P-30GPa,Ti-potential/fcc-restart/04-npt-round-2/md/P-30GPa/multi_nnap_md.xyz,2763,0.6067200591,14.66167846,5.178275589,5.344821909,2254,1.7545221109742886,2.1576751268325483,0.8815727515492596,min_distance_A<1.77527
npt_pressure,30,,P-30GPa,Ti-potential/fcc-restart/04-npt-round-2/md/P-30GPa/multi_nnap_md.xyz,2773,1.102191443,14.0728749,7.930172548,7.560583441,2264,1.6869442808569461,2.1692409256842144,0.89849055001146,min_distance_A<1.77527
npt_pressure,30,,P-30GPa,Ti-potential/fcc-restart/04-npt-round-2/md/P-30GPa/multi_nnap_md.xyz,2774,0.6224919382,14.20532959,6.754442995,6.976405574,2265,1.716809510263017,2.182597084406008,0.9012040453936845,min_distance_A<1.77527
npt_pressure,30,,P-30GPa,Ti-potential/fcc-restart/04-npt-round-2/md/P-30GPa/multi_nnap_md.xyz,2842,0.3208347731,14.12311921,5.379557898,5.30780386,2333,1.7518025623478755,2.1649325776023933,0.8956414148714446,min_distance_A<1.77527
npt_pressure,30,,P-30GPa,Ti-potential/fcc-restart/04-npt-round-2/md/P-30GPa/multi_nnap_md.xyz,2843,0.5231204847,14.2682655,6.833108935,6.52080892,2334,1.7234166417843684,2.168948375121634,0.8942497370271919,min_distance_A<1.77527
npt_pressure,30,,P-30GPa,Ti-potential/fcc-restart/04-npt-round-2/md/P-30GPa/multi_nnap_md.xyz,2865,0.5439630517,13.96432426,6.467470524,6.662828679,2356,1.7348162508490679,2.008483890231247,0.8340556801484127,min_distance_A<1.77527
npt_pressure,30,,P-30GPa,Ti-potential/fcc-restart/04-npt-round-2/md/P-30GPa/multi_nnap_md.xyz,2887,0.3790594345,14.03952902,5.935307574,6.222141723,2377,1.7975280466801848,2.2834629256255456,0.9465490380775508,normalized_void>0.946161
npt_pressure,30,,P-30GPa,Ti-potential/fcc-restart/04-npt-round-2/md/P-30GPa/multi_nnap_md.xyz,2893,0.637878791,14.92840887,7.827064415,8.002708497,2383,1.7089844762649538,2.225320951047852,0.9037635388053353,min_distance_A<1.77527
npt_pressure,30,,P-30GPa,Ti-potential/fcc-restart/04-npt-round-2/md/P-30GPa/multi_nnap_md.xyz,2894,0.37713289,15.0524856,6.018591761,6.06469604,2384,1.7536674340747558,2.189358018731647,0.8867081754542909,min_distance_A<1.77527
npt_pressure,30,,P-30GPa,Ti-potential/fcc-restart/04-npt-round-2/md/P-30GPa/multi_nnap_md.xyz,2898,0.8038408587,15.17741541,7.057089237,7.966353734,2388,1.7084752401890941,2.2047929762893257,0.8905026365937431,min_distance_A<1.77527
npt_pressure,30,,P-30GPa,Ti-potential/fcc-restart/04-npt-round-2/md/P-30GPa/multi_nnap_md.xyz,2953,0.6657426399,14.00823247,5.346100692,6.104078613,2443,1.7443126480463422,2.1172540024961575,0.8783046507048876,min_distance_A<1.77527
npt_pressure,30,,P-30GPa,Ti-potential/fcc-restart/04-npt-round-2/md/P-30GPa/multi_nnap_md.xyz,2960,0.3439665045,14.44467657,5.254521724,5.651833598,2450,1.7621228921673513,2.1636354052431774,0.8884127967949638,min_distance_A<1.77527
npt_pressure,30,,P-30GPa,Ti-potential/fcc-restart/04-npt-round-2/md/P-30GPa/multi_nnap_md.xyz,2991,0.5004733442,14.74216047,5.980935069,6.160110581,2481,1.7551026785566668,2.0672076463646376,0.843070173052282,min_distance_A<1.77527
npt_pressure,30,,P-30GPa,Ti-potential/fcc-restart/04-npt-round-2/md/P-30GPa/multi_nnap_md.xyz,2992,1.251545132,14.60594455,8.412547839,7.856202901,2482,1.680502116212011,2.08698677762815,0.8537744389364683,min_distance_A<1.77527
npt_pressure,30,,P-30GPa,Ti-potential/fcc-restart/04-npt-round-2/md/P-30GPa/multi_nnap_md.xyz,2994,0.4774960666,14.32246511,6.534954697,6.946376835,2484,1.7645349278787292,2.0999185796603066,0.8646954992581148,min_distance_A<1.77527
npt_pressure,30,,P-30GPa,Ti-potential/fcc-restart/04-npt-round-2/md/P-30GPa/multi_nnap_md.xyz,3012,0.4377459458,14.96447262,5.212946954,5.379320985,2502,1.7653665602728867,2.2363137420496395,0.9074978270585176,min_distance_A<1.77527
npt_pressure,30,,P-30GPa,Ti-potential/fcc-restart/04-npt-round-2/md/P-30GPa/multi_nnap_md.xyz,3013,0.4344542767,14.85359467,4.961172983,5.064648714,2503,1.7674396808539554,2.17125352634772,0.8832832888981852,min_distance_A<1.77527
npt_pressure,30,,P-30GPa,Ti-potential/fcc-restart/04-npt-round-2/md/P-30GPa/multi_nnap_md.xyz,3029,1.261512015,14.70810347,8.355830844,8.544262595,2519,1.7106700916569655,2.124181058583045,0.866973799721021,min_distance_A<1.77527
npt_pressure,30,,P-30GPa,Ti-potential/fcc-restart/04-npt-round-2/md/P-30GPa/multi_nnap_md.xyz,3064,0.4263160895,14.02046041,6.050253167,6.665846009,2553,1.7651605219937647,2.1070815367621494,0.8738306019935101,min_distance_A<1.77527
npt_pressure,30,,P-30GPa,Ti-potential/fcc-restart/04-npt-round-2/md/P-30GPa/multi_nnap_md.xyz,3065,0.5135808162,13.91062997,6.166530778,6.923327803,2554,1.7484212226731193,2.0880035309063265,0.8681916993601477,min_distance_A<1.77527
npt_pressure,30,,P-30GPa,Ti-potential/fcc-restart/04-npt-round-2/md/P-30GPa/multi_nnap_md.xyz,3071,0.4009110112,14.0834243,4.631827819,4.476860603,2560,1.7662427085241466,2.0487190629014864,0.8483589655502844,min_distance_A<1.77527
npt_pressure,30,,P-30GPa,Ti-potential/fcc-restart/04-npt-round-2/md/P-30GPa/multi_nnap_md.xyz,3072,0.3904188962,14.24434198,4.542286569,4.612980039,2561,1.764313485569779,2.0389404852005186,0.8411183068013957,min_distance_A<1.77527
npt_pressure,30,,P-30GPa,Ti-potential/fcc-restart/04-npt-round-2/md/P-30GPa/multi_nnap_md.xyz,3088,0.9143953019,14.08327616,4.209945836,4.158762752,2577,1.7686428432071413,2.0835128764898148,0.862769844057274,min_distance_A<1.77527
npt_pressure,30,,P-30GPa,Ti-potential/fcc-restart/04-npt-round-2/md/P-30GPa/multi_nnap_md.xyz,3089,2.823607173,14.02423936,8.589895943,5.02300317,2578,1.5902763799059774,2.0284893261605315,0.8411619548814134,min_distance_A<1.77527
npt_pressure,30,,P-30GPa,Ti-potential/fcc-restart/04-npt-round-2/md/P-30GPa/multi_nnap_md.xyz,3090,1.746662082,14.00341818,6.690889692,5.201532472,2579,1.62639356790646,2.0078942028244344,0.8330341517357708,min_distance_A<1.77527
npt_pressure,30,,P-30GPa,Ti-potential/fcc-restart/04-npt-round-2/md/P-30GPa/multi_nnap_md.xyz,3104,0.4935830484,14.76738966,7.042633074,7.489535163,2593,1.714903253970133,2.129575053950733,0.8680106210427985,min_distance_A<1.77527
npt_pressure,30,,P-30GPa,Ti-potential/fcc-restart/04-npt-round-2/md/P-30GPa/multi_nnap_md.xyz,3105,0.4005403132,14.64827005,6.618421323,7.188229056,2594,1.7510533953519303,2.0801599026013,0.8501611884646122,min_distance_A<1.77527
npt_pressure,30,,P-30GPa,Ti-potential/fcc-restart/04-npt-round-2/md/P-30GPa/multi_nnap_md.xyz,3153,0.4607777753,14.23046842,6.103081859,6.451551435,2642,1.7367546706492403,2.2462452292512647,0.9269381763650651,min_distance_A<1.77527
npt_pressure,30,,P-30GPa,Ti-potential/fcc-restart/04-npt-round-2/md/P-30GPa/multi_nnap_md.xyz,3180,0.903124036,14.03238625,7.929894553,8.180018882,2668,1.728886977145101,2.109030976057835,0.8743912069934318,min_distance_A<1.77527
npt_pressure,30,,P-30GPa,Ti-potential/fcc-restart/04-npt-round-2/md/P-30GPa/multi_nnap_md.xyz,3199,0.4196424614,14.26144279,4.38708313,4.507322243,2687,1.7717724533437098,2.071970706349158,0.8544023935782421,min_distance_A<1.77527
npt_pressure,30,,P-30GPa,Ti-potential/fcc-restart/04-npt-round-2/md/P-30GPa/multi_nnap_md.xyz,3200,0.4427317417,14.17066935,4.753474611,5.173406162,2688,1.7483586902837371,2.093132562796045,0.8649678108587711,min_distance_A<1.77527
npt_pressure,30,,P-30GPa,Ti-potential/fcc-restart/04-npt-round-2/md/P-30GPa/multi_nnap_md.xyz,3224,0.5718451982,14.35769654,5.602192428,5.91765103,2712,1.7629628345136819,2.095028024273434,0.8619754828507141,min_distance_A<1.77527
npt_pressure,30,,P-30GPa,Ti-potential/fcc-restart/04-npt-round-2/md/P-30GPa/multi_nnap_md.xyz,3225,0.7879132928,14.35218432,8.277608583,8.238999634,2713,1.6921543445503753,2.114724344636972,0.8701906858253552,min_distance_A<1.77527
npt_pressure,30,,P-30GPa,Ti-potential/fcc-restart/04-npt-round-2/md/P-30GPa/multi_nnap_md.xyz,3230,0.3772447002,14.49088162,5.693422903,6.131881956,2718,1.7676366926100224,2.022983792136481,0.829775868269505,min_distance_A<1.77527
npt_pressure,30,,P-30GPa,Ti-potential/fcc-restart/04-npt-round-2/md/P-30GPa/multi_nnap_md.xyz,3243,0.3023877397,14.46264972,5.829657762,6.516165669,2731,1.7415141778592325,2.0883032594927387,0.8571252261971193,min_distance_A<1.77527
npt_pressure,30,,P-30GPa,Ti-potential/fcc-restart/04-npt-round-2/md/P-30GPa/multi_nnap_md.xyz,3273,0.6000979032,14.43709246,5.562157143,5.624827664,2760,1.7491788315347738,2.1102645032376066,0.8666498132669374,min_distance_A<1.77527
npt_pressure,30,,P-30GPa,Ti-potential/fcc-restart/04-npt-round-2/md/P-30GPa/multi_nnap_md.xyz,3329,0.5670297476,14.64330494,5.710286646,6.222097372,2816,1.7554113092986563,2.083206248953011,0.8515024478804372,min_distance_A<1.77527
npt_pressure,30,,P-30GPa,Ti-potential/fcc-restart/04-npt-round-2/md/P-30GPa/multi_nnap_md.xyz,3358,0.3927277455,14.01886005,5.361351312,5.605120149,2845,1.7581795527323303,2.0096537006442805,0.8334578865740271,min_distance_A<1.77527
npt_pressure,30,,P-30GPa,Ti-potential/fcc-restart/04-npt-round-2/md/P-30GPa/multi_nnap_md.xyz,3359,0.4341517195,14.04875779,5.892556901,5.991723018,2846,1.746924121117709,2.0108289395743495,0.8333532853898761,min_distance_A<1.77527
npt_pressure,30,,P-30GPa,Ti-potential/fcc-restart/04-npt-round-2/md/P-30GPa/multi_nnap_md.xyz,3370,0.9926786308,14.76963705,5.425295577,5.373400894,2857,1.7254945538693762,2.1232181962478602,0.865375681257128,min_distance_A<1.77527
npt_pressure,30,,P-30GPa,Ti-potential/fcc-restart/04-npt-round-2/md/P-30GPa/multi_nnap_md.xyz,3388,0.3508946931,14.55621767,5.778123778,5.839910641,2875,1.7554987313371861,2.0696128541596224,0.8476298961103239,min_distance_A<1.77527
npt_pressure,30,,P-30GPa,Ti-potential/fcc-restart/04-npt-round-2/md/P-30GPa/multi_nnap_md.xyz,3413,0.2596148776,14.29554218,6.088255544,6.208908583,2900,1.7510539573475767,2.19538840464228,0.904574808611027,min_distance_A<1.77527
npt_pressure,30,,P-30GPa,Ti-potential/fcc-restart/04-npt-round-2/md/P-30GPa/multi_nnap_md.xyz,3414,0.292650993,14.33508513,5.639755275,5.684035918,2901,1.7696628282749605,2.1922872332818915,0.9024656820327156,min_distance_A<1.77527
npt_pressure,30,,P-30GPa,Ti-potential/fcc-restart/04-npt-round-2/md/P-30GPa/multi_nnap_md.xyz,3417,0.4827730298,14.46215979,6.075530891,6.021639679,2904,1.7617365501173048,2.162962416538909,0.8877784280825166,min_distance_A<1.77527
npt_pressure,30,,P-30GPa,Ti-potential/fcc-restart/04-npt-round-2/md/P-30GPa/multi_nnap_md.xyz,3425,0.4794521479,14.6117573,6.547528904,6.932548859,2912,1.7747062282041015,2.1591836410449416,0.8831926194480886,min_distance_A<1.77527
npt_pressure,30,,P-30GPa,Ti-potential/fcc-restart/04-npt-round-2/md/P-30GPa/multi_nnap_md.xyz,3468,0.9077211134,14.46637162,6.61760273,7.04211663,2955,1.6676387652217968,2.1070390366349807,0.8647409839814584,min_distance_A<1.77527
npt_pressure,30,,P-30GPa,Ti-potential/fcc-restart/04-npt-round-2/md/P-30GPa/multi_nnap_md.xyz,3469,1.03522485,14.47786747,7.193219365,6.894976008,2956,1.6566920173524933,2.1415290427361198,0.8786631969674482,min_distance_A<1.77527
npt_pressure,30,,P-30GPa,Ti-potential/fcc-restart/04-npt-round-2/md/P-30GPa/multi_nnap_md.xyz,3473,0.7594083963,14.54585441,6.10484167,6.222217992,2960,1.7376310551117629,2.2320936914863405,0.9143925406259265,min_distance_A<1.77527
npt_pressure,30,,P-30GPa,Ti-potential/fcc-restart/04-npt-round-2/md/P-30GPa/multi_nnap_md.xyz,3474,0.4796799314,14.56045743,5.758171414,5.816131641,2961,1.737111316074889,2.278446562178086,0.9330691722236393,min_distance_A<1.77527
npt_pressure,30,,P-30GPa,Ti-potential/fcc-restart/04-npt-round-2/md/P-30GPa/multi_nnap_md.xyz,3475,0.8235236242,14.56895274,7.632668285,7.444116707,2962,1.7064170480594476,2.3046954317139448,0.943635120307834,min_distance_A<1.77527
npt_pressure,30,,P-30GPa,Ti-potential/fcc-restart/04-npt-round-2/md/P-30GPa/multi_nnap_md.xyz,3535,0.4315022477,14.0371938,5.095283315,4.664049118,3022,1.762290304387586,2.047788367792311,0.848903465331053,min_distance_A<1.77527
npt_pressure,30,,P-30GPa,Ti-potential/fcc-restart/04-npt-round-2/md/P-30GPa/multi_nnap_md.xyz,3598,0.53859221,14.23856379,6.395606778,6.128114752,3082,1.7567856889957725,2.067259145778941,0.8529158664940573,min_distance_A<1.77527
npt_pressure,30,,P-30GPa,Ti-potential/fcc-restart/04-npt-round-2/md/P-30GPa/multi_nnap_md.xyz,3609,0.3211539253,14.34433008,4.826511781,5.092223332,3093,1.762646503230719,2.081999925044496,0.8568812098031577,min_distance_A<1.77527
npt_pressure,30,,P-30GPa,Ti-potential/fcc-restart/04-npt-round-2/md/P-30GPa/multi_nnap_md.xyz,3629,0.9959368792,14.32292123,3.946500349,3.938562761,3113,1.7348598777797042,2.0666601056418537,0.8509914333423219,min_distance_A<1.77527
npt_pressure,30,,P-30GPa,Ti-potential/fcc-restart/04-npt-round-2/md/P-30GPa/multi_nnap_md.xyz,3630,3.133685437,14.33487993,5.26567208,5.07210281,3114,1.6515222929301796,2.095976249441227,0.8628229148923484,min_distance_A<1.77527
npt_pressure,30,,P-30GPa,Ti-potential/fcc-restart/04-npt-round-2/md/P-30GPa/multi_nnap_md.xyz,3631,3.018293784,14.34770856,6.381508879,7.011981844,3115,1.6661462256123287,2.136008594775353,0.8790403561301304,min_distance_A<1.77527
npt_pressure,30,,P-30GPa,Ti-potential/fcc-restart/04-npt-round-2/md/P-30GPa/multi_nnap_md.xyz,3632,1.928839938,14.35980748,6.58692283,7.234364644,3116,1.6653062224821924,2.0907977396645925,0.8601928257857392,min_distance_A<1.77527
npt_pressure,30,,P-30GPa,Ti-potential/fcc-restart/04-npt-round-2/md/P-30GPa/multi_nnap_md.xyz,3633,0.8105350684,14.36869,3.875492555,3.749504135,3117,1.7638594626844102,2.0976848125258565,0.8628484213598501,min_distance_A<1.77527
npt_pressure,30,,P-30GPa,Ti-potential/fcc-restart/04-npt-round-2/md/P-30GPa/multi_nnap_md.xyz,3634,0.6429634778,14.37387736,6.58165516,6.76701373,3118,1.7749900541789816,2.1272843708253757,0.8749184420722068,min_distance_A<1.77527
npt_pressure,30,,P-30GPa,Ti-potential/fcc-restart/04-npt-round-2/md/P-30GPa/multi_nnap_md.xyz,3658,0.5895246824,14.29052046,6.670491771,6.413797636,3142,1.7652707321639742,2.153984934375257,0.8876191145608178,min_distance_A<1.77527
npt_pressure,30,,P-30GPa,Ti-potential/fcc-restart/04-npt-round-2/md/P-30GPa/multi_nnap_md.xyz,3682,0.7181119044,14.23138247,5.993119284,6.786199408,3166,1.747581248666786,2.146264543240556,0.8856610676574179,min_distance_A<1.77527
npt_pressure,30,,P-30GPa,Ti-potential/fcc-restart/04-npt-round-2/md/P-30GPa/multi_nnap_md.xyz,3683,1.222198543,14.28261518,7.618573505,8.025330565,3167,1.6830285256100574,2.196217884473802,0.9051895094183373,min_distance_A<1.77527
npt_pressure,30,,P-30GPa,Ti-potential/fcc-restart/04-npt-round-2/md/P-30GPa/multi_nnap_md.xyz,3686,0.524542227,14.51751426,6.215283098,5.945211598,3170,1.7410362108448028,2.170882143914497,0.8898951217201696,min_distance_A<1.77527
npt_pressure,30,,P-30GPa,Ti-potential/fcc-restart/04-npt-round-2/md/P-30GPa/multi_nnap_md.xyz,3755,0.3263605613,14.58603349,5.386281582,5.907712155,3238,1.759656754311743,2.178242924877826,0.8915121026147336,min_distance_A<1.77527
npt_pressure,30,,P-30GPa,Ti-potential/fcc-restart/04-npt-round-2/md/P-30GPa/multi_nnap_md.xyz,3765,0.4481933167,14.50788269,6.454732472,6.764722664,3248,1.7455728334175438,2.16281549070529,0.8867845670253897,min_distance_A<1.77527
npt_pressure,30,,P-30GPa,Ti-potential/fcc-restart/04-npt-round-2/md/P-30GPa/multi_nnap_md.xyz,3784,0.5050712072,14.74772118,3.954128362,4.113393518,3267,1.8500293872201008,2.3252359599077024,0.9481827672745464,normalized_void>0.946161
npt_pressure,30,,P-30GPa,Ti-potential/fcc-restart/04-npt-round-2/md/P-30GPa/multi_nnap_md.xyz,3785,0.635447009,14.65756391,4.094458701,4.345538732,3268,1.8397620269265123,2.318693756096598,0.9474496224682828,normalized_void>0.946161
npt_pressure,30,,P-30GPa,Ti-potential/fcc-restart/04-npt-round-2/md/P-30GPa/multi_nnap_md.xyz,3788,0.4630925425,14.3361077,6.343618236,6.350720869,3271,1.7656186214971052,2.1923263857333493,0.9024603413095591,min_distance_A<1.77527
npt_pressure,30,,P-30GPa,Ti-potential/fcc-restart/04-npt-round-2/md/P-30GPa/multi_nnap_md.xyz,3789,0.4415518112,14.24576931,6.052283535,6.255570529,3272,1.750239176256945,2.137075142844654,0.8815720727557336,min_distance_A<1.77527
npt_pressure,30,,P-30GPa,Ti-potential/fcc-restart/04-npt-round-2/md/P-30GPa/multi_nnap_md.xyz,3811,0.5151145808,14.5432398,6.411998963,7.063327127,3294,1.755663184059254,2.0980984512262646,0.8595519728040971,min_distance_A<1.77527
npt_pressure,30,,P-30GPa,Ti-potential/fcc-restart/04-npt-round-2/md/P-30GPa/multi_nnap_md.xyz,3852,0.3469943156,14.47915396,5.385515259,5.605705075,3335,1.7528444626586719,2.1983567943277724,0.901952744988878,min_distance_A<1.77527
npt_pressure,30,,P-30GPa,Ti-potential/fcc-restart/04-npt-round-2/md/P-30GPa/multi_nnap_md.xyz,3853,0.3619344696,14.44629624,5.69165955,5.876497615,3336,1.7741632681053185,2.222307500593201,0.9124701090060332,min_distance_A<1.77527
npt_pressure,30,,P-30GPa,Ti-potential/fcc-restart/04-npt-round-2/md/P-30GPa/multi_nnap_md.xyz,3864,1.511950844,14.50012038,10.16552349,9.741574335,3347,1.6444854997722533,2.2179210391668867,0.9095408546551125,min_distance_A<1.77527
npt_pressure,30,,P-30GPa,Ti-potential/fcc-restart/04-npt-round-2/md/P-30GPa/multi_nnap_md.xyz,3865,0.9782037811,14.53542653,6.137129045,6.874465823,3348,1.7098310559424978,2.218703260712599,0.9091243600177911,min_distance_A<1.77527
npt_pressure,30,,P-30GPa,Ti-potential/fcc-restart/04-npt-round-2/md/P-30GPa/multi_nnap_md.xyz,3866,0.9152779534,14.57263235,6.220802678,6.326522686,3349,1.7112451567533136,2.200236501854788,0.9007895982614675,min_distance_A<1.77527
npt_pressure,30,,P-30GPa,Ti-potential/fcc-restart/04-npt-round-2/md/P-30GPa/multi_nnap_md.xyz,3875,0.7819529918,14.27875587,6.694824507,6.389461335,3358,1.71976015664582,2.123451208442986,0.8752769608157815,min_distance_A<1.77527
npt_pressure,30,,P-30GPa,Ti-potential/fcc-restart/04-npt-round-2/md/P-30GPa/multi_nnap_md.xyz,3894,0.3150188672,14.48031468,5.14141299,5.43552591,3377,1.7606736853509468,2.0585092725075462,0.8445528419359744,min_distance_A<1.77527
npt_pressure,30,,P-30GPa,Ti-potential/fcc-restart/04-npt-round-2/md/P-30GPa/multi_nnap_md.xyz,3898,0.5773018785,14.60091394,7.185376604,7.712103679,3381,1.7483649073350782,2.106051301933045,0.8616725653158105,min_distance_A<1.77527
npt_pressure,30,,P-30GPa,Ti-potential/fcc-restart/04-npt-round-2/md/P-30GPa/multi_nnap_md.xyz,3907,0.2039465121,14.5753353,4.513444042,4.439849628,3390,1.847900171459728,2.3527938955912595,0.9631879335721011,normalized_void>0.946161
npt_pressure,30,,P-30GPa,Ti-potential/fcc-restart/04-npt-round-2/md/P-30GPa/multi_nnap_md.xyz,3908,0.3103333199,14.57460795,4.504643279,4.21604906,3391,1.826573319005472,2.405837793087164,0.9849194543100368,normalized_void>0.946161
npt_pressure,30,,P-30GPa,Ti-potential/fcc-restart/04-npt-round-2/md/P-30GPa/multi_nnap_md.xyz,3909,0.3158462095,14.57867316,5.150236589,4.900470918,3392,1.871411059020073,2.4354113849861365,0.9969338264511421,normalized_void>0.946161
npt_pressure,30,,P-30GPa,Ti-potential/fcc-restart/04-npt-round-2/md/P-30GPa/multi_nnap_md.xyz,3910,0.3492849343,14.58758991,4.330901327,4.248371369,3393,1.8475627704168776,2.437224702216515,0.9974727865319917,normalized_void>0.946161
npt_pressure,30,,P-30GPa,Ti-potential/fcc-restart/04-npt-round-2/md/P-30GPa/multi_nnap_md.xyz,3911,0.2763534545,14.5987384,3.403268232,3.383017027,3394,1.8524477194554463,2.41972620993116,0.990059100104526,normalized_void>0.946161
npt_pressure,30,,P-30GPa,Ti-potential/fcc-restart/04-npt-round-2/md/P-30GPa/multi_nnap_md.xyz,3912,0.1724318551,14.60732886,3.738690712,3.833146841,3395,1.9482930738980095,2.383001079365815,0.9748414121844841,normalized_void>0.946161
npt_pressure,30,,P-30GPa,Ti-potential/fcc-restart/04-npt-round-2/md/P-30GPa/multi_nnap_md.xyz,3913,0.191171122,14.61137882,3.975751494,3.939597046,3396,1.962062368150534,2.3230869615570233,0.9502438491424985,normalized_void>0.946161
npt_pressure,30,,P-30GPa,Ti-potential/fcc-restart/04-npt-round-2/md/P-30GPa/multi_nnap_md.xyz,3931,0.7214225425,14.37437798,4.775973713,4.153867667,3414,1.771034611935856,2.180640679328514,0.896852636687316,min_distance_A<1.77527
npt_pressure,30,,P-30GPa,Ti-potential/fcc-restart/04-npt-round-2/md/P-30GPa/multi_nnap_md.xyz,3947,0.7776731299,14.46261772,7.315998072,6.419916574,3430,1.6949686855342239,2.14094493380897,0.878732174408145,min_distance_A<1.77527
npt_pressure,30,,P-30GPa,Ti-potential/fcc-restart/04-npt-round-2/md/P-30GPa/multi_nnap_md.xyz,3950,0.6346601839,14.47714146,4.288881199,4.868501044,3433,1.7463252215205558,2.12460018673714,0.8717319077535102,min_distance_A<1.77527
npt_pressure,30,,P-30GPa,Ti-potential/fcc-restart/04-npt-round-2/md/P-30GPa/multi_nnap_md.xyz,3951,0.5391921944,14.46777176,4.121425991,4.658219601,3434,1.7697762462076683,2.1277250270311745,0.8732024635216802,min_distance_A<1.77527
npt_pressure,30,,P-30GPa,Ti-potential/fcc-restart/04-npt-round-2/md/P-30GPa/multi_nnap_md.xyz,3989,0.6250416421,14.71466125,6.323537079,7.017038383,3472,1.7677568578271745,2.2340898143370844,0.9116970279884806,min_distance_A<1.77527
npt_pressure,30,,P-30GPa,Ti-potential/fcc-restart/04-npt-round-2/md/P-30GPa/multi_nnap_md.xyz,3997,0.7643188311,14.55229145,7.905257755,8.986188325,3480,1.6999199979657884,2.1168566120998378,0.867056996224657,min_distance_A<1.77527
npt_pressure,30,,P-30GPa,Ti-potential/fcc-restart/04-npt-round-2/md/P-30GPa/multi_nnap_md.xyz,4021,0.6448281928,14.38120822,4.92555508,4.196222215,3504,1.7548264856484828,2.075307780673227,0.8533962357277993,min_distance_A<1.77527
npt_pressure,30,,P-30GPa,Ti-potential/fcc-restart/04-npt-round-2/md/P-30GPa/multi_nnap_md.xyz,4022,0.8963875369,14.29600141,6.601459814,5.392157021,3505,1.7234763969172295,2.0735033795775912,0.8543448779783316,min_distance_A<1.77527
npt_pressure,30,,P-30GPa,Ti-potential/fcc-restart/04-npt-round-2/md/P-30GPa/multi_nnap_md.xyz,4023,0.6320552218,14.22187863,6.051722487,5.596882434,3506,1.7490091800325072,2.061950432732607,0.8510581434565662,min_distance_A<1.77527
npt_pressure,30,,P-30GPa,Ti-potential/fcc-restart/04-npt-round-2/md/P-30GPa/multi_nnap_md.xyz,4024,1.263898028,14.16316644,8.353012961,8.306597601,3507,1.6739746104325295,2.05884297518752,0.8509481633890886,min_distance_A<1.77527
npt_pressure,30,,P-30GPa,Ti-potential/fcc-restart/04-npt-round-2/md/P-30GPa/multi_nnap_md.xyz,4026,0.4040009091,14.09612949,4.568090447,4.178987768,3509,1.7547788329936624,2.026229735040107,0.8387941459868584,min_distance_A<1.77527
npt_pressure,30,,P-30GPa,Ti-potential/fcc-restart/04-npt-round-2/md/P-30GPa/multi_nnap_md.xyz,4027,1.475320064,14.09257234,6.812456427,6.476188678,3510,1.6830651671543901,2.038033965934296,0.8437516984674531,min_distance_A<1.77527
npt_pressure,30,,P-30GPa,Ti-potential/fcc-restart/04-npt-round-2/md/P-30GPa/multi_nnap_md.xyz,4038,1.020062067,14.75452182,5.578343821,5.761186773,3521,1.7055788145974182,2.074436371786297,0.8457819361833274,min_distance_A<1.77527
npt_pressure,30,,P-30GPa,Ti-potential/fcc-restart/04-npt-round-2/md/P-30GPa/multi_nnap_md.xyz,4046,0.538040126,14.4412573,4.916757586,5.013164658,3529,1.7527809876958904,2.101699711124869,0.8630494150642478,min_distance_A<1.77527
npt_pressure,30,,P-30GPa,Ti-potential/fcc-restart/04-npt-round-2/md/P-30GPa/multi_nnap_md.xyz,4047,0.8929725534,14.38013897,6.147703041,6.113323637,3530,1.703658249400443,2.1760126715014354,0.8948297043645241,min_distance_A<1.77527
npt_pressure,30,,P-30GPa,Ti-potential/fcc-restart/04-npt-round-2/md/P-30GPa/multi_nnap_md.xyz,4071,0.3746385382,14.10593366,4.370945212,4.06919621,3554,1.7748660289540097,2.052315920996536,0.849396111638026,min_distance_A<1.77527
npt_pressure,30,,P-30GPa,Ti-potential/fcc-restart/04-npt-round-2/md/P-30GPa/multi_nnap_md.xyz,4077,0.4813301368,14.19740306,5.969931816,5.963920436,3560,1.7649934259191544,2.061913275616323,0.8515315772948956,min_distance_A<1.77527
npt_pressure,30,,P-30GPa,Ti-potential/fcc-restart/04-npt-round-2/md/P-30GPa/multi_nnap_md.xyz,4089,0.5400913475,14.47593396,6.672069908,6.947572822,3572,1.7471651425221775,2.100632959965925,0.8619220234409428,min_distance_A<1.77527
npt_pressure,30,,P-30GPa,Ti-potential/fcc-restart/04-npt-round-2/md/P-30GPa/multi_nnap_md.xyz,4094,0.982063858,14.29821356,6.991849218,7.606571014,3577,1.702241145423061,2.1063142522440197,0.8678191710063307,min_distance_A<1.77527
npt_pressure,30,,P-30GPa,Ti-potential/fcc-restart/04-npt-round-2/md/P-30GPa/multi_nnap_md.xyz,4095,0.9617274178,14.27523609,6.326621119,6.558743363,3578,1.736684232093668,2.1400618615590963,0.8821962910512426,min_distance_A<1.77527
npt_pressure,30,,P-30GPa,Ti-potential/fcc-restart/04-npt-round-2/md/P-30GPa/multi_nnap_md.xyz,4096,0.5243331013,14.26474512,6.428544892,6.154357199,3579,1.7623958932292885,2.1443971030089997,0.8842000594200404,min_distance_A<1.77527
npt_pressure,30,,P-30GPa,Ti-potential/fcc-restart/04-npt-round-2/md/P-30GPa/multi_nnap_md.xyz,4097,0.5281723056,14.26533757,6.028351801,6.694747973,3580,1.7528308371189567,2.131854517648216,0.8790162014969778,min_distance_A<1.77527
npt_pressure,30,,P-30GPa,Ti-potential/fcc-restart/04-npt-round-2/md/P-30GPa/multi_nnap_md.xyz,4174,0.6310306004,14.95200512,7.943881906,7.939629359,3656,1.6978569538673878,2.189097545459519,0.8885842987041384,min_distance_A<1.77527
npt_pressure,30,,P-30GPa,Ti-potential/fcc-restart/04-npt-round-2/md/P-30GPa/multi_nnap_md.xyz,4175,0.5967062256,14.99638524,8.173431276,7.965040499,3657,1.7081382786159733,2.187099832501885,0.8868967794115845,min_distance_A<1.77527
npt_pressure,30,,P-30GPa,Ti-potential/fcc-restart/04-npt-round-2/md/P-30GPa/multi_nnap_md.xyz,4187,0.2449090679,14.02113379,6.03222231,6.281460803,3669,1.7733565177838784,2.0372982102110924,0.844877139347916,min_distance_A<1.77527
npt_pressure,30,,P-30GPa,Ti-potential/fcc-restart/04-npt-round-2/md/P-30GPa/multi_nnap_md.xyz,4206,0.2558600135,14.09581255,5.35512473,5.201895067,3688,1.7577179296314653,2.181418142534345,0.9030439393110536,min_distance_A<1.77527
npt_pressure,30,,P-30GPa,Ti-potential/fcc-restart/04-npt-round-2/md/P-30GPa/multi_nnap_md.xyz,4207,1.262616511,14.07660778,9.296889516,8.863379623,3689,1.6389958472290898,2.181697216667574,0.9035700091796708,min_distance_A<1.77527
npt_pressure,30,,P-30GPa,Ti-potential/fcc-restart/04-npt-round-2/md/P-30GPa/multi_nnap_md.xyz,4209,0.5141633103,14.12973891,6.554376753,6.210651261,3691,1.7283742391867125,2.074416943222501,0.858060688009538,min_distance_A<1.77527
npt_pressure,30,,P-30GPa,Ti-potential/fcc-restart/04-npt-round-2/md/P-30GPa/multi_nnap_md.xyz,4210,0.7350389929,14.19172303,4.511234222,4.381997643,3692,1.771153284491441,2.078969334339285,0.8586899389643257,min_distance_A<1.77527
npt_pressure,30,,P-30GPa,Ti-potential/fcc-restart/04-npt-round-2/md/P-30GPa/multi_nnap_md.xyz,4211,1.112633751,14.27343957,7.538918725,6.589547759,3693,1.665659060775206,2.1087109278715643,0.8693089849328239,min_distance_A<1.77527
npt_pressure,30,,P-30GPa,Ti-potential/fcc-restart/04-npt-round-2/md/P-30GPa/multi_nnap_md.xyz,4212,0.4102929662,14.37499423,5.987423917,5.623492185,3694,1.7659310764231377,2.1225458922942275,0.8729469716127574,min_distance_A<1.77527
npt_pressure,30,,P-30GPa,Ti-potential/fcc-restart/04-npt-round-2/md/P-30GPa/multi_nnap_md.xyz,4228,0.5486058938,14.17632637,4.977380098,4.704486102,3710,1.7748666909377036,2.192506742857245,0.9059127456234567,min_distance_A<1.77527
npt_pressure,30,,P-30GPa,Ti-potential/fcc-restart/04-npt-round-2/md/P-30GPa/multi_nnap_md.xyz,4229,0.8960705789,14.16843147,6.522699936,6.014771809,3711,1.7065259333510254,2.146887039239682,0.8872280618219468,min_distance_A<1.77527
npt_pressure,30,,P-30GPa,Ti-potential/fcc-restart/04-npt-round-2/md/P-30GPa/multi_nnap_md.xyz,4231,0.3017191769,14.21059734,5.639075458,6.064413909,3713,1.7611418248664559,2.0635179331626667,0.8519304401415022,min_distance_A<1.77527
npt_pressure,30,,P-30GPa,Ti-potential/fcc-restart/04-npt-round-2/md/P-30GPa/multi_nnap_md.xyz,4278,0.7800606645,14.5875781,6.615588038,7.44644643,3760,1.7458934239086263,2.210986750819743,0.9048815682429772,min_distance_A<1.77527
npt_pressure,30,,P-30GPa,Ti-potential/fcc-restart/04-npt-round-2/md/P-30GPa/multi_nnap_md.xyz,4279,1.725686863,14.63080362,10.34234482,10.40890944,3761,1.6032223755442452,2.242639129262037,0.9169310266017071,min_distance_A<1.77527
npt_pressure,30,,P-30GPa,Ti-potential/fcc-restart/04-npt-round-2/md/P-30GPa/multi_nnap_md.xyz,4280,0.4933178753,14.665396,6.863459785,7.27720528,3762,1.7469245977218126,2.2576256339590306,0.922332112223411,min_distance_A<1.77527
npt_pressure,30,,P-30GPa,Ti-potential/fcc-restart/04-npt-round-2/md/P-30GPa/multi_nnap_md.xyz,4294,0.6027448183,14.31759851,6.374249229,6.620184628,3776,1.758516818603486,2.0799891102624537,0.8565860575982039,min_distance_A<1.77527
npt_pressure,30,,P-30GPa,Ti-potential/fcc-restart/04-npt-round-2/md/P-30GPa/multi_nnap_md.xyz,4315,0.8965807167,14.22250024,6.733723003,6.633554713,3797,1.7161389549110369,2.1794941586946455,0.8995605323681938,min_distance_A<1.77527
npt_pressure,30,,P-30GPa,Ti-potential/fcc-restart/04-npt-round-2/md/P-30GPa/multi_nnap_md.xyz,4325,0.7890341611,14.64368166,7.197513816,7.156564689,3807,1.724891373855621,2.1607395410153103,0.8831863055999688,min_distance_A<1.77527
npt_pressure,30,,P-30GPa,Ti-potential/fcc-restart/04-npt-round-2/md/P-30GPa/multi_nnap_md.xyz,4328,1.731364855,14.72922556,7.343569311,5.532642214,3810,1.6531399931873019,2.1436263373005158,0.8744918774738417,min_distance_A<1.77527
npt_pressure,30,,P-30GPa,Ti-potential/fcc-restart/04-npt-round-2/md/P-30GPa/multi_nnap_md.xyz,4329,1.359218678,14.72484187,6.943629164,5.879480458,3811,1.6697273039715894,2.100383710360165,0.8569360793930176,min_distance_A<1.77527
npt_pressure,30,,P-30GPa,Ti-potential/fcc-restart/04-npt-round-2/md/P-30GPa/multi_nnap_md.xyz,4361,0.4675996296,14.24512034,8.217524947,8.373473773,3842,1.713965773616117,2.0825176013664546,0.8590794029503914,min_distance_A<1.77527
npt_pressure,30,,P-30GPa,Ti-potential/fcc-restart/04-npt-round-2/md/P-30GPa/multi_nnap_md.xyz,4366,0.4880600838,14.21974579,6.327185695,6.76444222,3847,1.7286886196716398,2.1836815407786596,0.9013470161813437,min_distance_A<1.77527
npt_pressure,30,,P-30GPa,Ti-potential/fcc-restart/04-npt-round-2/md/P-30GPa/multi_nnap_md.xyz,4370,0.9610085657,14.40518359,7.277637112,7.851999494,3851,1.7017447730351376,2.2038972675400905,0.9057710043289584,min_distance_A<1.77527
npt_pressure,30,,P-30GPa,Ti-potential/fcc-restart/04-npt-round-2/md/P-30GPa/multi_nnap_md.xyz,4371,0.6677982426,14.45196542,6.262126342,7.202866612,3852,1.7263286984891444,2.2050029542902134,0.9052465349131342,min_distance_A<1.77527
npt_pressure,30,,P-30GPa,Ti-potential/fcc-restart/04-npt-round-2/md/P-30GPa/multi_nnap_md.xyz,4382,0.5101228546,14.76342764,5.955618688,6.260333976,3863,1.7734641338343116,2.1098552487318107,0.8600497896394808,min_distance_A<1.77527
npt_pressure,30,,P-30GPa,Ti-potential/fcc-restart/04-npt-round-2/md/P-30GPa/multi_nnap_md.xyz,4406,0.6767224224,14.28824241,6.298768299,6.697936566,3887,1.735369458639432,2.099609275691643,0.8652578461230288,min_distance_A<1.77527
npt_pressure,30,,P-30GPa,Ti-potential/fcc-restart/04-npt-round-2/md/P-30GPa/multi_nnap_md.xyz,4407,0.4339092168,14.18018536,5.237160334,5.605468695,3888,1.7745269366627288,2.059808405600825,0.8510064599592738,min_distance_A<1.77527
npt_pressure,30,,P-30GPa,Ti-potential/fcc-restart/04-npt-round-2/md/P-30GPa/multi_nnap_md.xyz,4468,0.4332150581,15.17154139,5.984347294,6.206848809,3949,1.742389717882086,2.169316249874538,0.8762868626090443,min_distance_A<1.77527
npt_pressure,30,,P-30GPa,Ti-potential/fcc-restart/04-npt-round-2/md/P-30GPa/multi_nnap_md.xyz,4473,0.6225442423,14.67761765,7.462403354,7.818191506,3954,1.7712032220888874,2.1859177562976524,0.8927885829742492,min_distance_A<1.77527
npt_pressure,30,,P-30GPa,Ti-potential/fcc-restart/04-npt-round-2/md/P-30GPa/multi_nnap_md.xyz,4511,0.5719704161,15.10588913,6.755370744,6.837045464,3992,1.7568995408617711,2.120149911335212,0.8576652334086496,min_distance_A<1.77527
npt_pressure,30,,P-30GPa,Ti-potential/fcc-restart/04-npt-round-2/md/P-30GPa/multi_nnap_md.xyz,4527,0.7295050814,13.7804995,5.197046981,5.197124246,4008,1.7552171581246871,2.038324963590635,0.8501947852089616,min_distance_A<1.77527
npt_pressure,30,,P-30GPa,Ti-potential/fcc-restart/04-npt-round-2/md/P-30GPa/multi_nnap_md.xyz,4529,0.5669796177,13.9870508,5.517349739,5.645236012,4010,1.7713390349325282,2.0987743579385585,0.8710779735238007,min_distance_A<1.77527
npt_pressure,30,,P-30GPa,Ti-potential/fcc-restart/04-npt-round-2/md/P-30GPa/multi_nnap_md.xyz,4548,0.5265340472,13.89840039,7.027095126,7.542201603,4029,1.7118852444567667,2.1497193452100785,0.894115228249692,min_distance_A<1.77527
npt_pressure,30,,P-30GPa,Ti-potential/fcc-restart/04-npt-round-2/md/P-30GPa/multi_nnap_md.xyz,4554,0.6181080286,14.34424911,6.499894062,6.529191804,4035,1.7249353538363559,2.077345925389493,0.8549673884888522,min_distance_A<1.77527
npt_pressure,30,,P-30GPa,Ti-potential/fcc-restart/04-npt-round-2/md/P-30GPa/multi_nnap_md.xyz,4555,0.3204435633,14.49065046,4.986406167,5.12603087,4036,1.7748060286004317,2.0722130878640344,0.849972977489352,min_distance_A<1.77527
npt_pressure,30,,P-30GPa,Ti-potential/fcc-restart/04-npt-round-2/md/P-30GPa/multi_nnap_md.xyz,4597,0.4577163747,13.85114491,4.937696364,4.76161318,4078,1.764262939126809,2.0501904799795416,0.8536876294263727,min_distance_A<1.77527
npt_pressure,30,,P-30GPa,Ti-potential/fcc-restart/04-npt-round-2/md/P-30GPa/multi_nnap_md.xyz,4598,0.484133284,13.95586065,5.468937826,5.118418398,4079,1.7619300873053618,2.062596623042401,0.8566999882883498,min_distance_A<1.77527
npt_pressure,30,,P-30GPa,Ti-potential/fcc-restart/04-npt-round-2/md/P-30GPa/multi_nnap_md.xyz,4681,0.507123578,14.18510917,6.02267364,6.467701998,4160,1.763221654107005,2.1022675263287742,0.8684478699590477,min_distance_A<1.77527
npt_pressure,30,,P-30GPa,Ti-potential/fcc-restart/04-npt-round-2/md/P-30GPa/multi_nnap_md.xyz,4682,0.5207490572,14.12071631,6.602557003,7.178423121,4161,1.7499433727728015,2.0983808887058335,0.8681579493637569,min_distance_A<1.77527
npt_pressure,30,,P-30GPa,Ti-potential/fcc-restart/04-npt-round-2/md/P-30GPa/multi_nnap_md.xyz,4685,0.6133107136,14.05475552,6.731931341,6.862257536,4164,1.7252620253965323,2.064224631372338,0.8553604997202288,min_distance_A<1.77527
npt_pressure,30,,P-30GPa,Ti-potential/fcc-restart/04-npt-round-2/md/P-30GPa/multi_nnap_md.xyz,4686,1.068024603,14.0735268,8.27462843,7.60817632,4165,1.685158333308214,2.039506979573977,0.8447422467521801,min_distance_A<1.77527
npt_pressure,30,,P-30GPa,Ti-potential/fcc-restart/04-npt-round-2/md/P-30GPa/multi_nnap_md.xyz,4703,0.4493119788,14.08508157,5.192997551,5.110012435,4182,1.772180023447652,2.101763137745485,0.8702899771868408,min_distance_A<1.77527
npt_pressure,30,,P-30GPa,Ti-potential/fcc-restart/04-npt-round-2/md/P-30GPa/multi_nnap_md.xyz,4704,0.8693755257,14.03045611,6.330248037,5.493411198,4183,1.7153292614553473,2.084570832524956,0.8642898118176249,min_distance_A<1.77527
npt_pressure,30,,P-30GPa,Ti-potential/fcc-restart/04-npt-round-2/md/P-30GPa/multi_nnap_md.xyz,4714,0.4053233085,14.49445379,6.888042343,7.130636892,4193,1.7215148856993798,2.21430276036761,0.9081753643215827,min_distance_A<1.77527
npt_pressure,30,,P-30GPa,Ti-potential/fcc-restart/04-npt-round-2/md/P-30GPa/multi_nnap_md.xyz,4734,0.756088031,14.19041791,5.762841117,5.781889159,4213,1.747655816851216,2.104943455037076,0.8694448486215363,min_distance_A<1.77527
npt_pressure,30,,P-30GPa,Ti-potential/fcc-restart/04-npt-round-2/md/P-30GPa/multi_nnap_md.xyz,4766,1.624170503,14.61996708,7.700790061,6.404055051,4245,1.6415121349075328,2.1144051805295887,0.8647145155080203,min_distance_A<1.77527
npt_pressure,30,,P-30GPa,Ti-potential/fcc-restart/04-npt-round-2/md/P-30GPa/multi_nnap_md.xyz,4767,0.701065099,14.46569312,5.083496984,5.557418926,4246,1.7221500193350598,2.0856112196889174,0.8559602664618258,min_distance_A<1.77527
npt_pressure,30,,P-30GPa,Ti-potential/fcc-restart/04-npt-round-2/md/P-30GPa/multi_nnap_md.xyz,4795,0.4865776381,14.06314587,5.094229511,5.215500258,4274,1.7739838688409113,2.1092460683554988,0.8738423482902038,min_distance_A<1.77527
npt_pressure,30,,P-30GPa,Ti-potential/fcc-restart/04-npt-round-2/md/P-30GPa/multi_nnap_md.xyz,4796,0.415421629,14.09066096,5.315629114,5.555670834,4275,1.7671547919977506,2.0740148747873777,0.8586867174454926,min_distance_A<1.77527
npt_pressure,30,,P-30GPa,Ti-potential/fcc-restart/04-npt-round-2/md/P-30GPa/multi_nnap_md.xyz,4842,0.6826949384,14.13439193,5.448489112,5.503973774,4321,1.736520482435655,2.159585401828033,0.8931916887126751,min_distance_A<1.77527
npt_pressure,30,,P-30GPa,Ti-potential/fcc-restart/04-npt-round-2/md/P-30GPa/multi_nnap_md.xyz,4843,0.4966779837,14.1355764,4.604666927,4.373007834,4322,1.7553010429073062,2.216496992396788,0.9167043782450057,min_distance_A<1.77527
npt_pressure,30,,P-30GPa,Ti-potential/fcc-restart/04-npt-round-2/md/P-30GPa/multi_nnap_md.xyz,4860,0.3097524052,14.35248121,5.436739713,5.42831541,4339,1.8362016512581085,2.3044058978443824,0.9482364578558078,normalized_void>0.946161
npt_pressure,30,,P-30GPa,Ti-potential/fcc-restart/04-npt-round-2/md/P-30GPa/multi_nnap_md.xyz,4861,0.2195572916,14.32451038,4.769944606,4.733230815,4340,1.9545146251282801,2.3072974340434618,0.9500438572304634,normalized_void>0.946161
npt_pressure,30,,P-30GPa,Ti-potential/fcc-restart/04-npt-round-2/md/P-30GPa/multi_nnap_md.xyz,4871,0.6478130961,14.72083184,6.574226196,6.504622384,4350,1.7674776437710982,2.186825023902364,0.8922842989141382,min_distance_A<1.77527
npt_pressure,30,,P-30GPa,Ti-potential/fcc-restart/04-npt-round-2/md/P-30GPa/multi_nnap_md.xyz,4878,0.3935561641,14.27482617,5.010437695,4.965464647,4357,1.7749373586786172,2.1834851034995064,0.9001052413254123,min_distance_A<1.77527
npt_pressure,30,,P-30GPa,Ti-potential/fcc-restart/04-npt-round-2/md/P-30GPa/multi_nnap_md.xyz,4886,0.5219743258,14.40174098,6.387227944,6.740584537,4365,1.770640458401475,2.161711234526089,0.8885039189779698,min_distance_A<1.77527
npt_pressure,30,,P-30GPa,Ti-potential/fcc-restart/04-npt-round-2/md/P-30GPa/multi_nnap_md.xyz,4894,0.6888810603,14.7123357,5.961607114,5.532813719,4373,1.7312409499185615,2.1872926895076703,0.8926468829259995,min_distance_A<1.77527
npt_pressure,30,,P-30GPa,Ti-potential/fcc-restart/04-npt-round-2/md/P-30GPa/multi_nnap_md.xyz,4915,1.131007657,14.64120695,7.186433756,7.693463352,4394,1.6863690870111896,2.068852069930071,0.8456756225590241,min_distance_A<1.77527
npt_pressure,30,,P-30GPa,Ti-potential/fcc-restart/04-npt-round-2/md/P-30GPa/multi_nnap_md.xyz,4916,0.3870542838,14.6051542,4.843674794,5.32016697,4395,1.7551354916444517,2.055169308492194,0.8407732584580969,min_distance_A<1.77527
npt_pressure,30,,P-30GPa,Ti-potential/fcc-restart/04-npt-round-2/md/P-30GPa/multi_nnap_md.xyz,4925,0.5608113443,14.12862014,5.641453414,6.067067159,4404,1.7506269042666687,2.039846759155517,0.8437833664542039,min_distance_A<1.77527
npt_pressure,30,,P-30GPa,Ti-potential/fcc-restart/04-npt-round-2/md/P-30GPa/multi_nnap_md.xyz,4941,0.7336819441,14.51026959,6.645584495,6.966192151,4420,1.71367529132836,2.119948351314233,0.8691607775547735,min_distance_A<1.77527
npt_pressure,30,,P-30GPa,Ti-potential/fcc-restart/04-npt-round-2/md/P-30GPa/multi_nnap_md.xyz,4973,0.7270834977,14.23667127,8.794237103,8.73205595,4452,1.7129194127822784,2.049456759135663,0.8456083719233156,min_distance_A<1.77527
npt_pressure,30,,P-30GPa,Ti-potential/fcc-restart/04-npt-round-2/md/P-30GPa/multi_nnap_md.xyz,4974,0.6205004554,14.36015241,7.218013187,7.448683969,4453,1.7273495609926364,2.041782532271284,0.8400203379264403,min_distance_A<1.77527
npt_pressure,30,,P-30GPa,Ti-potential/fcc-restart/04-npt-round-2/md/P-30GPa/multi_nnap_md.xyz,4985,0.3070208123,14.60480074,5.10369817,5.093598145,4464,1.758034609975627,2.1950000353696653,0.8979854906447298,min_distance_A<1.77527
npt_pressure,30,,P-30GPa,Ti-potential/fcc-restart/04-npt-round-2/md/P-30GPa/multi_nnap_md.xyz,4986,0.3862007209,14.49515559,4.975008953,4.94040778,4465,1.7550188017897559,2.2114349477416213,0.9069845198527396,min_distance_A<1.77527
npt_pressure,40,,P-40GPa,Ti-potential/fcc-restart/04-npt-round-2/md/P-40GPa/multi_nnap_md.xyz,511,2.045512568,13.23922356,8.2351798,6.193063123,12,1.6441422902974334,1.9974095236356142,0.8443314071388381,min_distance_A<1.77527
npt_pressure,40,,P-40GPa,Ti-potential/fcc-restart/04-npt-round-2/md/P-40GPa/multi_nnap_md.xyz,512,3.122910481,13.21364019,10.78090758,7.248357789,13,1.5804856165264143,2.0531756622144175,0.8684642561967552,min_distance_A<1.77527
npt_pressure,40,,P-40GPa,Ti-potential/fcc-restart/04-npt-round-2/md/P-40GPa/multi_nnap_md.xyz,517,0.7453890511,13.5141956,7.385514806,7.722410996,18,1.723633792240446,2.068179282164831,0.8682766390703379,min_distance_A<1.77527
npt_pressure,40,,P-40GPa,Ti-potential/fcc-restart/04-npt-round-2/md/P-40GPa/multi_nnap_md.xyz,581,0.4634444168,13.25580836,4.304473887,5.182973142,82,1.7700654609904212,2.017455707694019,0.852449387715201,min_distance_A<1.77527
npt_pressure,40,,P-40GPa,Ti-potential/fcc-restart/04-npt-round-2/md/P-40GPa/multi_nnap_md.xyz,597,0.5956585589,13.49674977,6.057573427,5.411325409,98,1.7180519276723325,1.9963509289978474,0.8384821485978787,min_distance_A<1.77527
npt_pressure,40,,P-40GPa,Ti-potential/fcc-restart/04-npt-round-2/md/P-40GPa/multi_nnap_md.xyz,598,0.3628245959,13.38632723,4.386288054,4.27438349,99,1.7737829029656325,1.99667921719302,0.8409196195906571,min_distance_A<1.77527
npt_pressure,40,,P-40GPa,Ti-potential/fcc-restart/04-npt-round-2/md/P-40GPa/multi_nnap_md.xyz,602,0.9908260799,13.28685795,7.020980041,7.500020048,103,1.7109350954368074,2.0803213113733565,0.8783271770515606,min_distance_A<1.77527
npt_pressure,40,,P-40GPa,Ti-potential/fcc-restart/04-npt-round-2/md/P-40GPa/multi_nnap_md.xyz,603,0.7625062429,13.35943121,6.266015155,6.519250272,104,1.7024407841979494,2.0900039801271424,0.8808145036252282,min_distance_A<1.77527
npt_pressure,40,,P-40GPa,Ti-potential/fcc-restart/04-npt-round-2/md/P-40GPa/multi_nnap_md.xyz,604,0.5731414061,13.46442828,5.726824897,6.383182171,105,1.7527269887160135,2.12737323428632,0.8942268758857767,min_distance_A<1.77527
npt_pressure,40,,P-40GPa,Ti-potential/fcc-restart/04-npt-round-2/md/P-40GPa/multi_nnap_md.xyz,605,1.32153785,13.59121536,6.830414291,6.731500721,106,1.7078178834146334,2.116135071399832,0.8867284041235193,min_distance_A<1.77527
npt_pressure,40,,P-40GPa,Ti-potential/fcc-restart/04-npt-round-2/md/P-40GPa/multi_nnap_md.xyz,606,0.8224368423,13.7306736,7.943057426,8.342463775,107,1.7409209938924863,2.0385979761636825,0.8513359522874818,min_distance_A<1.77527
npt_pressure,40,,P-40GPa,Ti-potential/fcc-restart/04-npt-round-2/md/P-40GPa/multi_nnap_md.xyz,620,0.6882103653,13.19339541,6.395554489,6.507667716,121,1.758640918009009,1.9948505167024826,0.8442249143085734,min_distance_A<1.77527
npt_pressure,40,,P-40GPa,Ti-potential/fcc-restart/04-npt-round-2/md/P-40GPa/multi_nnap_md.xyz,621,0.5863023073,13.12617479,5.432430461,5.649332138,122,1.7740135782876254,2.018346646944195,0.8556241417205527,min_distance_A<1.77527
npt_pressure,40,,P-40GPa,Ti-potential/fcc-restart/04-npt-round-2/md/P-40GPa/multi_nnap_md.xyz,663,0.8288990687,13.26784052,7.956615398,6.776954363,164,1.6811181282596181,2.0312288804662173,0.8580095371445753,min_distance_A<1.77527
npt_pressure,40,,P-40GPa,Ti-potential/fcc-restart/04-npt-round-2/md/P-40GPa/multi_nnap_md.xyz,664,0.4983322149,13.20391448,6.416270717,6.304753908,165,1.730847446204059,1.9900069849474726,0.8419514189882075,min_distance_A<1.77527
npt_pressure,40,,P-40GPa,Ti-potential/fcc-restart/04-npt-round-2/md/P-40GPa/multi_nnap_md.xyz,668,0.5527864241,13.29194837,5.882874092,5.773646864,169,1.76943559827188,1.9705323126779615,0.8318672221310902,min_distance_A<1.77527
npt_pressure,40,,P-40GPa,Ti-potential/fcc-restart/04-npt-round-2/md/P-40GPa/multi_nnap_md.xyz,692,0.864163464,13.46410463,7.974955809,7.80730308,192,1.7212407877287923,1.9703088010631775,0.8282125453388465,min_distance_A<1.77527
npt_pressure,40,,P-40GPa,Ti-potential/fcc-restart/04-npt-round-2/md/P-40GPa/multi_nnap_md.xyz,696,0.4923885166,13.95569972,4.889903139,5.12872653,196,1.7606129892338667,2.016134199818856,0.8374050286474216,min_distance_A<1.77527
npt_pressure,40,,P-40GPa,Ti-potential/fcc-restart/04-npt-round-2/md/P-40GPa/multi_nnap_md.xyz,710,0.979137793,13.2118388,8.077111595,8.147145864,210,1.6685568886952094,1.9858962701286815,0.8400442008979888,min_distance_A<1.77527
npt_pressure,40,,P-40GPa,Ti-potential/fcc-restart/04-npt-round-2/md/P-40GPa/multi_nnap_md.xyz,713,0.8353254506,13.3788551,5.753389975,5.593305448,213,1.7204824036653785,2.0372864896581118,0.8581814480509619,min_distance_A<1.77527
npt_pressure,40,,P-40GPa,Ti-potential/fcc-restart/04-npt-round-2/md/P-40GPa/multi_nnap_md.xyz,714,0.5892754223,13.49135549,5.627864229,5.514664344,214,1.7506368401154726,2.06546406155054,0.8676257793654326,min_distance_A<1.77527
npt_pressure,40,,P-40GPa,Ti-potential/fcc-restart/04-npt-round-2/md/P-40GPa/multi_nnap_md.xyz,724,0.602826013,13.86914289,5.495081492,5.227401079,224,1.738305363032931,2.037567484504216,0.8480643242481725,min_distance_A<1.77527
npt_pressure,40,,P-40GPa,Ti-potential/fcc-restart/04-npt-round-2/md/P-40GPa/multi_nnap_md.xyz,725,0.6405902087,13.7543457,4.723296281,4.475074942,225,1.747371128099394,2.0457638931550957,0.8538381013626223,min_distance_A<1.77527
npt_pressure,40,,P-40GPa,Ti-potential/fcc-restart/04-npt-round-2/md/P-40GPa/multi_nnap_md.xyz,732,0.6078750105,13.24778901,5.510659478,5.94984331,232,1.7182182097855123,2.1428876294000925,0.9056316605021327,min_distance_A<1.77527
npt_pressure,40,,P-40GPa,Ti-potential/fcc-restart/04-npt-round-2/md/P-40GPa/multi_nnap_md.xyz,734,0.7964445142,13.39359509,7.725436237,8.158330226,234,1.677607999509074,2.1488230751702133,0.9048326650975264,min_distance_A<1.77527
npt_pressure,40,,P-40GPa,Ti-potential/fcc-restart/04-npt-round-2/md/P-40GPa/multi_nnap_md.xyz,735,0.736964704,13.50843335,6.402921643,6.775169642,235,1.7153847993504603,2.112307548872047,0.886928934057661,min_distance_A<1.77527
npt_pressure,40,,P-40GPa,Ti-potential/fcc-restart/04-npt-round-2/md/P-40GPa/multi_nnap_md.xyz,750,0.6271099876,13.10701096,5.971686856,6.211277659,250,1.7507383578635232,1.9770193368516735,0.8385127992928306,min_distance_A<1.77527
npt_pressure,40,,P-40GPa,Ti-potential/fcc-restart/04-npt-round-2/md/P-40GPa/multi_nnap_md.xyz,751,1.037025447,13.07320216,7.303747474,7.062877381,251,1.7127484618486337,1.9650878401657803,0.8341701454406149,min_distance_A<1.77527
npt_pressure,40,,P-40GPa,Ti-potential/fcc-restart/04-npt-round-2/md/P-40GPa/multi_nnap_md.xyz,752,0.6020949881,13.09119527,6.290231013,6.024787074,252,1.742840340114778,2.0459628038342217,0.8681030863740945,min_distance_A<1.77527
npt_pressure,40,,P-40GPa,Ti-potential/fcc-restart/04-npt-round-2/md/P-40GPa/multi_nnap_md.xyz,753,1.449281448,13.15903836,8.516754039,7.025895961,253,1.6431655323664918,2.009203971806551,0.8510387015880667,min_distance_A<1.77527
npt_pressure,40,,P-40GPa,Ti-potential/fcc-restart/04-npt-round-2/md/P-40GPa/multi_nnap_md.xyz,754,0.5933636594,13.27226945,4.521343066,4.189457074,254,1.7605650884284496,2.0092868491776867,0.8486466055135197,min_distance_A<1.77527
npt_pressure,40,,P-40GPa,Ti-potential/fcc-restart/04-npt-round-2/md/P-40GPa/multi_nnap_md.xyz,782,0.4941599054,14.14094007,5.027951527,4.972729149,282,1.7574852064431696,2.127461497837792,0.8797695948882978,min_distance_A<1.77527
npt_pressure,40,,P-40GPa,Ti-potential/fcc-restart/04-npt-round-2/md/P-40GPa/multi_nnap_md.xyz,790,0.4276955963,13.69479286,5.698685165,5.846586084,290,1.7531904428402547,2.1054664609776204,0.8800280299361974,min_distance_A<1.77527
npt_pressure,40,,P-40GPa,Ti-potential/fcc-restart/04-npt-round-2/md/P-40GPa/multi_nnap_md.xyz,792,1.245029718,13.31466058,7.459268449,5.665063287,292,1.6379365708571276,2.003517836392723,0.8453109858262777,min_distance_A<1.77527
npt_pressure,40,,P-40GPa,Ti-potential/fcc-restart/04-npt-round-2/md/P-40GPa/multi_nnap_md.xyz,793,0.8684520696,13.15160336,6.447984951,5.405794057,293,1.66793770716406,2.0141410666667565,0.8532906437767849,min_distance_A<1.77527
npt_pressure,40,,P-40GPa,Ti-potential/fcc-restart/04-npt-round-2/md/P-40GPa/multi_nnap_md.xyz,813,0.586360669,13.51004853,5.819738726,6.346996159,313,1.7579381503583271,2.07168139839657,0.8698359045171644,min_distance_A<1.77527
npt_pressure,40,,P-40GPa,Ti-potential/fcc-restart/04-npt-round-2/md/P-40GPa/multi_nnap_md.xyz,814,0.8962944086,13.34788561,7.668363833,7.274192709,314,1.6853229281176023,2.054947969579791,0.8662900738147324,min_distance_A<1.77527
npt_pressure,40,,P-40GPa,Ti-potential/fcc-restart/04-npt-round-2/md/P-40GPa/multi_nnap_md.xyz,817,0.6136166474,13.09025839,5.510400872,5.766660433,317,1.7321548303354184,2.099250656254662,0.8907343991523156,min_distance_A<1.77527
npt_pressure,40,,P-40GPa,Ti-potential/fcc-restart/04-npt-round-2/md/P-40GPa/multi_nnap_md.xyz,822,1.967602099,13.56367208,6.681912457,4.51792869,322,1.6531562529934036,2.001260441484798,0.8391595027495783,min_distance_A<1.77527
npt_pressure,40,,P-40GPa,Ti-potential/fcc-restart/04-npt-round-2/md/P-40GPa/multi_nnap_md.xyz,823,3.271403584,13.74057583,9.213089325,5.252231596,323,1.5805239017411024,1.996168612446277,0.8334167886560766,min_distance_A<1.77527
npt_pressure,40,,P-40GPa,Ti-potential/fcc-restart/04-npt-round-2/md/P-40GPa/multi_nnap_md.xyz,824,0.34868765,13.91538202,5.734843126,6.149865871,324,1.7310466283463783,2.09466050133891,0.8708605126673946,min_distance_A<1.77527
npt_pressure,40,,P-40GPa,Ti-potential/fcc-restart/04-npt-round-2/md/P-40GPa/multi_nnap_md.xyz,825,0.3785903096,14.0741596,6.25293758,6.431857811,325,1.7303236919618548,2.1664785438817225,0.8973190786471272,min_distance_A<1.77527
npt_pressure,40,,P-40GPa,Ti-potential/fcc-restart/04-npt-round-2/md/P-40GPa/multi_nnap_md.xyz,828,0.5162585132,14.31909638,7.334674464,7.227232727,328,1.7115838299745463,2.224834573369424,0.9162047112776105,min_distance_A<1.77527
npt_pressure,40,,P-40GPa,Ti-potential/fcc-restart/04-npt-round-2/md/P-40GPa/multi_nnap_md.xyz,838,0.5992743485,12.92981852,6.858174822,7.012417921,338,1.7503400035038994,1.9559684086973588,0.8333568821399411,min_distance_A<1.77527
npt_pressure,40,,P-40GPa,Ti-potential/fcc-restart/04-npt-round-2/md/P-40GPa/multi_nnap_md.xyz,858,0.5142279886,13.1223688,6.042668774,5.954946725,358,1.7287145886071857,2.040801507599977,0.8652269135108562,min_distance_A<1.77527
npt_pressure,40,,P-40GPa,Ti-potential/fcc-restart/04-npt-round-2/md/P-40GPa/multi_nnap_md.xyz,859,1.166797308,13.03299127,6.821790125,6.36407278,359,1.6817512093045544,2.053871216526135,0.8727539850773955,min_distance_A<1.77527
npt_pressure,40,,P-40GPa,Ti-potential/fcc-restart/04-npt-round-2/md/P-40GPa/multi_nnap_md.xyz,862,0.3392404323,13.07161936,4.132068213,4.088608933,362,1.7682626678484836,1.935053824678934,0.8214540063862968,min_distance_A<1.77527
npt_pressure,40,,P-40GPa,Ti-potential/fcc-restart/04-npt-round-2/md/P-40GPa/multi_nnap_md.xyz,878,0.4531619038,13.44324087,4.738176233,4.811714742,378,1.7594954923477986,2.0739754016097143,0.8722392139839368,min_distance_A<1.77527
npt_pressure,40,,P-40GPa,Ti-potential/fcc-restart/04-npt-round-2/md/P-40GPa/multi_nnap_md.xyz,881,0.6779895868,13.08997723,4.654155852,4.751444315,381,1.773507092163286,2.0380960766177862,0.8647920515932966,min_distance_A<1.77527
npt_pressure,40,,P-40GPa,Ti-potential/fcc-restart/04-npt-round-2/md/P-40GPa/multi_nnap_md.xyz,897,0.7001891799,13.77862122,8.39814151,8.255552863,397,1.6985461767366132,2.076647226791883,0.866218535642205,min_distance_A<1.77527
npt_pressure,40,,P-40GPa,Ti-potential/fcc-restart/04-npt-round-2/md/P-40GPa/multi_nnap_md.xyz,900,0.5147347973,13.2806174,6.16042839,6.557868486,400,1.758440921638931,2.0373674670729485,0.8603264568112415,min_distance_A<1.77527
npt_pressure,40,,P-40GPa,Ti-potential/fcc-restart/04-npt-round-2/md/P-40GPa/multi_nnap_md.xyz,901,0.4836605077,13.16101311,6.677743104,7.102354712,401,1.7289165844821788,1.9894415501261897,0.8426257826511614,min_distance_A<1.77527
npt_pressure,40,,P-40GPa,Ti-potential/fcc-restart/04-npt-round-2/md/P-40GPa/multi_nnap_md.xyz,902,0.4410794559,13.07989605,6.784438038,7.216220675,402,1.7414407765816502,1.9769669951590825,0.8390696028492926,min_distance_A<1.77527
npt_pressure,40,,P-40GPa,Ti-potential/fcc-restart/04-npt-round-2/md/P-40GPa/multi_nnap_md.xyz,924,0.4484217007,13.34961206,5.877466458,5.631679448,424,1.7571257151339785,2.038127873393476,0.8591623027552672,min_distance_A<1.77527
npt_pressure,40,,P-40GPa,Ti-potential/fcc-restart/04-npt-round-2/md/P-40GPa/multi_nnap_md.xyz,925,0.5898594898,13.31065938,7.198840032,7.245024096,425,1.7099220614424144,2.059450161883806,0.8689966386598055,min_distance_A<1.77527
npt_pressure,40,,P-40GPa,Ti-potential/fcc-restart/04-npt-round-2/md/P-40GPa/multi_nnap_md.xyz,928,2.150648877,13.35915108,8.679083221,6.611258593,428,1.6211046838796475,2.0901546680796166,0.880884166807614,min_distance_A<1.77527
npt_pressure,40,,P-40GPa,Ti-potential/fcc-restart/04-npt-round-2/md/P-40GPa/multi_nnap_md.xyz,929,1.380413762,13.41344621,7.439527785,6.173384856,429,1.6617076368174197,2.078462068140713,0.8747728838566189,min_distance_A<1.77527
npt_pressure,40,,P-40GPa,Ti-potential/fcc-restart/04-npt-round-2/md/P-40GPa/multi_nnap_md.xyz,941,0.4259119264,13.70833779,6.515414512,6.408915373,441,1.7497204494034375,2.0226554424473715,0.8451367265564851,min_distance_A<1.77527
npt_pressure,40,,P-40GPa,Ti-potential/fcc-restart/04-npt-round-2/md/P-40GPa/multi_nnap_md.xyz,943,0.5425357206,13.60770596,6.3121356,6.159878397,443,1.7630560419791814,2.0191118271003474,0.8457306445331779,min_distance_A<1.77527
npt_pressure,40,,P-40GPa,Ti-potential/fcc-restart/04-npt-round-2/md/P-40GPa/multi_nnap_md.xyz,951,0.7555136477,13.57263985,6.172123814,5.719443412,451,1.7601418468750725,2.069008217213312,0.8673760782403626,min_distance_A<1.77527
npt_pressure,40,,P-40GPa,Ti-potential/fcc-restart/04-npt-round-2/md/P-40GPa/multi_nnap_md.xyz,952,0.6885035026,13.61486997,6.010899749,5.621567215,452,1.7627011689357683,2.063016882527874,0.8639692443689507,min_distance_A<1.77527
npt_pressure,40,,P-40GPa,Ti-potential/fcc-restart/04-npt-round-2/md/P-40GPa/multi_nnap_md.xyz,1003,0.4726862933,13.86026202,4.710741662,4.617456579,503,1.7457945632396892,2.1133758202544772,0.8798046522781174,min_distance_A<1.77527
npt_pressure,40,,P-40GPa,Ti-potential/fcc-restart/04-npt-round-2/md/P-40GPa/multi_nnap_md.xyz,1011,0.5593450824,13.35256256,5.158790496,4.837560014,511,1.7484762997428631,2.031426170403563,0.8562741550270924,min_distance_A<1.77527
npt_pressure,40,,P-40GPa,Ti-potential/fcc-restart/04-npt-round-2/md/P-40GPa/multi_nnap_md.xyz,1012,0.8701935919,13.38631917,8.199328667,8.603339759,512,1.7046489809917547,2.028286800414512,0.854231612304154,min_distance_A<1.77527
npt_pressure,40,,P-40GPa,Ti-potential/fcc-restart/04-npt-round-2/md/P-40GPa/multi_nnap_md.xyz,1013,0.6278704992,13.43877217,6.575406656,7.170829968,513,1.737172327701139,2.0260403933759776,0.8521739140571917,min_distance_A<1.77527
npt_pressure,40,,P-40GPa,Ti-potential/fcc-restart/04-npt-round-2/md/P-40GPa/multi_nnap_md.xyz,1014,0.4503198679,13.50306917,5.454037827,5.497489523,514,1.7653546063421903,2.071192518893164,0.8697804423987139,min_distance_A<1.77527
npt_pressure,40,,P-40GPa,Ti-potential/fcc-restart/04-npt-round-2/md/P-40GPa/multi_nnap_md.xyz,1026,0.6547914428,13.8102762,6.946722481,6.667121266,526,1.7179850072694365,2.04978005577296,0.8543578386556464,min_distance_A<1.77527
npt_pressure,40,,P-40GPa,Ti-potential/fcc-restart/04-npt-round-2/md/P-40GPa/multi_nnap_md.xyz,1040,0.661058394,13.6529898,5.228613588,5.727219865,540,1.7476623964647195,2.038797094372969,0.8530308754346447,min_distance_A<1.77527
npt_pressure,40,,P-40GPa,Ti-potential/fcc-restart/04-npt-round-2/md/P-40GPa/multi_nnap_md.xyz,1048,0.6959399352,13.69582964,6.580768924,6.60696142,548,1.7481403241247437,2.08184837085469,0.8701343493565884,min_distance_A<1.77527
npt_pressure,40,,P-40GPa,Ti-potential/fcc-restart/04-npt-round-2/md/P-40GPa/multi_nnap_md.xyz,1072,0.7677512726,13.74386432,6.564588866,6.257720919,572,1.7289473758534792,2.138672131647249,0.8928419567513659,min_distance_A<1.77527
npt_pressure,40,,P-40GPa,Ti-potential/fcc-restart/04-npt-round-2/md/P-40GPa/multi_nnap_md.xyz,1081,0.3968436017,13.62877388,5.58992117,5.694523126,581,1.7717969039077912,2.0353766579780337,0.8521038502163419,min_distance_A<1.77527
npt_pressure,40,,P-40GPa,Ti-potential/fcc-restart/04-npt-round-2/md/P-40GPa/multi_nnap_md.xyz,1119,0.8211068542,13.44056335,5.481819573,5.63053624,619,1.748245021536976,2.1297985956433525,0.895775910231876,min_distance_A<1.77527
npt_pressure,40,,P-40GPa,Ti-potential/fcc-restart/04-npt-round-2/md/P-40GPa/multi_nnap_md.xyz,1162,1.127879754,13.6031679,5.876328757,5.84191303,662,1.7198270237262503,2.0393157633351073,0.8542882964956838,min_distance_A<1.77527
npt_pressure,40,,P-40GPa,Ti-potential/fcc-restart/04-npt-round-2/md/P-40GPa/multi_nnap_md.xyz,1163,0.6328925147,13.54672563,5.534120196,5.244715695,663,1.743147467616263,2.0544450575183255,0.861819704988174,min_distance_A<1.77527
npt_pressure,40,,P-40GPa,Ti-potential/fcc-restart/04-npt-round-2/md/P-40GPa/multi_nnap_md.xyz,1166,0.3958648208,13.44057116,4.544975351,4.531976307,666,1.7498044182685046,2.152842592180286,0.9054678517012592,min_distance_A<1.77527
npt_pressure,40,,P-40GPa,Ti-potential/fcc-restart/04-npt-round-2/md/P-40GPa/multi_nnap_md.xyz,1167,0.5546946817,13.44624826,4.153586389,4.149338103,667,1.7587537348622222,2.173499129924195,0.9140271489015481,min_distance_A<1.77527
npt_pressure,40,,P-40GPa,Ti-potential/fcc-restart/04-npt-round-2/md/P-40GPa/multi_nnap_md.xyz,1177,0.8163435998,13.81044216,5.424796245,4.867048961,677,1.7238303181955514,2.0541128278092327,0.856160328655215,min_distance_A<1.77527
npt_pressure,40,,P-40GPa,Ti-potential/fcc-restart/04-npt-round-2/md/P-40GPa/multi_nnap_md.xyz,1178,0.5521704783,13.80921747,4.118781245,3.951767725,678,1.765509888971319,2.060452057579881,0.8588279257059437,min_distance_A<1.77527
npt_pressure,40,,P-40GPa,Ti-potential/fcc-restart/04-npt-round-2/md/P-40GPa/multi_nnap_md.xyz,1190,0.4997791502,13.3451223,4.721436767,4.612017577,690,1.7709931057957786,1.985204619152572,0.8369466157764764,min_distance_A<1.77527
npt_pressure,40,,P-40GPa,Ti-potential/fcc-restart/04-npt-round-2/md/P-40GPa/multi_nnap_md.xyz,1194,0.4310661261,13.48141725,4.770876697,5.27626322,694,1.7455018409347258,2.0690290034358387,0.8693367953798813,min_distance_A<1.77527
npt_pressure,40,,P-40GPa,Ti-potential/fcc-restart/04-npt-round-2/md/P-40GPa/multi_nnap_md.xyz,1200,0.7645412928,13.86945938,6.577417068,6.758639151,700,1.752777565479554,2.0082803285605215,0.8358682388590886,min_distance_A<1.77527
npt_pressure,40,,P-40GPa,Ti-potential/fcc-restart/04-npt-round-2/md/P-40GPa/multi_nnap_md.xyz,1203,0.6308592046,13.89468082,6.747983303,6.395713317,703,1.703646895594657,2.0831744447829004,0.8665150582584167,min_distance_A<1.77527
npt_pressure,40,,P-40GPa,Ti-potential/fcc-restart/04-npt-round-2/md/P-40GPa/multi_nnap_md.xyz,1215,0.5073802669,13.49655258,5.402536103,5.505094947,715,1.7541612566878848,2.0206053419593437,0.8486733144877775,min_distance_A<1.77527
npt_pressure,40,,P-40GPa,Ti-potential/fcc-restart/04-npt-round-2/md/P-40GPa/multi_nnap_md.xyz,1225,0.7802676693,13.84075011,5.991415682,5.578651417,725,1.7216168674048395,1.9881050828691693,0.8280428149974526,min_distance_A<1.77527
npt_pressure,40,,P-40GPa,Ti-potential/fcc-restart/04-npt-round-2/md/P-40GPa/multi_nnap_md.xyz,1231,0.7328430811,13.66805601,5.933277307,6.517573938,731,1.7105623916641401,2.114977368411019,0.8845793726575808,min_distance_A<1.77527
npt_pressure,40,,P-40GPa,Ti-potential/fcc-restart/04-npt-round-2/md/P-40GPa/multi_nnap_md.xyz,1232,0.7085390958,13.61769413,6.071534288,6.652459001,732,1.749932739741314,2.1221348811995147,0.8886657835667576,min_distance_A<1.77527
npt_pressure,40,,P-40GPa,Ti-potential/fcc-restart/04-npt-round-2/md/P-40GPa/multi_nnap_md.xyz,1243,0.5245660803,13.5708057,6.291658503,6.55127501,743,1.7075939389048933,2.113915119036833,0.8862420125241866,min_distance_A<1.77527
npt_pressure,40,,P-40GPa,Ti-potential/fcc-restart/04-npt-round-2/md/P-40GPa/multi_nnap_md.xyz,1244,0.3487055057,13.61497976,5.309866455,5.234666547,744,1.7520366668210337,2.078833165880908,0.8705905932225501,min_distance_A<1.77527
npt_pressure,40,,P-40GPa,Ti-potential/fcc-restart/04-npt-round-2/md/P-40GPa/multi_nnap_md.xyz,1256,0.645898314,13.5037099,6.174039855,5.907723433,756,1.721763010079562,2.0312250977460953,0.8529829576170063,min_distance_A<1.77527
npt_pressure,40,,P-40GPa,Ti-potential/fcc-restart/04-npt-round-2/md/P-40GPa/multi_nnap_md.xyz,1257,0.3905137851,13.4976548,4.931782265,5.143738108,757,1.7720858437734341,2.038542066134406,0.8561836012758582,min_distance_A<1.77527
npt_pressure,40,,P-40GPa,Ti-potential/fcc-restart/04-npt-round-2/md/P-40GPa/multi_nnap_md.xyz,1270,0.5523322614,13.9493248,4.22056807,4.186058522,770,1.7605732037456157,2.110901942948911,0.8769005264170647,min_distance_A<1.77527
npt_pressure,40,,P-40GPa,Ti-potential/fcc-restart/04-npt-round-2/md/P-40GPa/multi_nnap_md.xyz,1277,0.9137527408,13.62162813,6.540809306,6.573931102,777,1.7222611101505931,2.106952731243713,0.882223155752446,min_distance_A<1.77527
npt_pressure,40,,P-40GPa,Ti-potential/fcc-restart/04-npt-round-2/md/P-40GPa/multi_nnap_md.xyz,1280,0.7952681272,13.51278947,5.862063451,5.570030091,780,1.694347095303425,2.011775904679155,0.8446262967823207,min_distance_A<1.77527
npt_pressure,40,,P-40GPa,Ti-potential/fcc-restart/04-npt-round-2/md/P-40GPa/multi_nnap_md.xyz,1281,0.4475985287,13.50732537,4.318773214,4.382802678,781,1.7564207055974894,1.9903393566189003,0.8357390149459382,min_distance_A<1.77527
npt_pressure,40,,P-40GPa,Ti-potential/fcc-restart/04-npt-round-2/md/P-40GPa/multi_nnap_md.xyz,1287,0.650750877,13.6258825,5.771380653,5.289240333,787,1.7688626298376735,2.0904331041939717,0.8752149505809699,min_distance_A<1.77527
npt_pressure,40,,P-40GPa,Ti-potential/fcc-restart/04-npt-round-2/md/P-40GPa/multi_nnap_md.xyz,1306,0.326941237,13.61771972,6.550624237,6.81686768,806,1.7333771308984856,2.0724915346378654,0.8678765785047816,min_distance_A<1.77527
npt_pressure,40,,P-40GPa,Ti-potential/fcc-restart/04-npt-round-2/md/P-40GPa/multi_nnap_md.xyz,1312,0.4293901718,13.74978862,4.94039246,4.935469796,812,1.7487651909074011,2.1053458431556367,0.8788028162339183,min_distance_A<1.77527
npt_pressure,40,,P-40GPa,Ti-potential/fcc-restart/04-npt-round-2/md/P-40GPa/multi_nnap_md.xyz,1316,0.7856596543,13.8483424,5.726245207,5.57650114,816,1.710001269879672,2.0105947528053285,0.8372566658489837,min_distance_A<1.77527
npt_pressure,40,,P-40GPa,Ti-potential/fcc-restart/04-npt-round-2/md/P-40GPa/multi_nnap_md.xyz,1317,0.7033671409,13.84260986,4.919137898,5.204491416,817,1.7263923420877052,2.0218827245939006,0.8420734384812492,min_distance_A<1.77527
npt_pressure,40,,P-40GPa,Ti-potential/fcc-restart/04-npt-round-2/md/P-40GPa/multi_nnap_md.xyz,1318,0.5598455416,13.8240544,3.946146259,3.846274209,818,1.769899251586952,2.036164954782845,0.848400951631279,min_distance_A<1.77527
npt_pressure,40,,P-40GPa,Ti-potential/fcc-restart/04-npt-round-2/md/P-40GPa/multi_nnap_md.xyz,1319,0.8300212872,13.7959384,5.594547607,4.930585114,819,1.7158200528079803,2.0452328206670405,0.8527577426153099,min_distance_A<1.77527
npt_pressure,40,,P-40GPa,Ti-potential/fcc-restart/04-npt-round-2/md/P-40GPa/multi_nnap_md.xyz,1338,0.5056594927,13.65591535,5.195117321,5.075169912,838,1.7530325725201747,2.0466599049353,0.856259513213867,min_distance_A<1.77527
npt_pressure,40,,P-40GPa,Ti-potential/fcc-restart/04-npt-round-2/md/P-40GPa/multi_nnap_md.xyz,1364,0.566167934,13.67878803,4.593544093,3.903714102,864,1.7674847045794,2.217099147481924,0.9270487550619195,min_distance_A<1.77527
npt_pressure,40,,P-40GPa,Ti-potential/fcc-restart/04-npt-round-2/md/P-40GPa/multi_nnap_md.xyz,1377,0.9913910415,13.51955812,8.029942264,7.82369652,877,1.6835528046383814,2.0610565784440755,0.8651719185933516,min_distance_A<1.77527
npt_pressure,40,,P-40GPa,Ti-potential/fcc-restart/04-npt-round-2/md/P-40GPa/multi_nnap_md.xyz,1381,0.5504035913,13.26408871,6.510606522,7.053416262,881,1.7563090346093215,2.0617073868962623,0.8709660388232041,min_distance_A<1.77527
npt_pressure,40,,P-40GPa,Ti-potential/fcc-restart/04-npt-round-2/md/P-40GPa/multi_nnap_md.xyz,1383,0.5604049419,13.30757436,5.900815351,4.942342371,883,1.7235552270990402,2.1656148229348084,0.9138640254837902,min_distance_A<1.77527
npt_pressure,40,,P-40GPa,Ti-potential/fcc-restart/04-npt-round-2/md/P-40GPa/multi_nnap_md.xyz,1384,0.4966090555,13.37507108,6.669189776,6.091212519,884,1.7157917717515414,2.1778657749172945,0.9174852205628519,min_distance_A<1.77527
npt_pressure,40,,P-40GPa,Ti-potential/fcc-restart/04-npt-round-2/md/P-40GPa/multi_nnap_md.xyz,1387,0.565134216,13.6583035,4.749615063,4.917999421,887,1.765261523850345,2.0587998050186527,0.8612882691072256,min_distance_A<1.77527
npt_pressure,40,,P-40GPa,Ti-potential/fcc-restart/04-npt-round-2/md/P-40GPa/multi_nnap_md.xyz,1437,0.4233783178,13.97590595,6.034529338,6.400478729,937,1.7515361337802995,2.0998577769134656,0.8717592372338345,min_distance_A<1.77527
npt_pressure,40,,P-40GPa,Ti-potential/fcc-restart/04-npt-round-2/md/P-40GPa/multi_nnap_md.xyz,1442,0.4921279758,13.84416591,4.468369959,4.530796832,942,1.7636239073322568,2.147744548454493,0.8944588392196526,min_distance_A<1.77527
npt_pressure,40,,P-40GPa,Ti-potential/fcc-restart/04-npt-round-2/md/P-40GPa/multi_nnap_md.xyz,1443,0.50566382,13.7619259,5.970965641,5.765877084,943,1.7168151794740767,2.130245051427421,0.8889346332121094,min_distance_A<1.77527
npt_pressure,40,,P-40GPa,Ti-potential/fcc-restart/04-npt-round-2/md/P-40GPa/multi_nnap_md.xyz,1451,0.3201186967,13.39059956,5.129248367,5.50705462,951,1.7696823837288829,2.0063273050946746,0.8448931246819338,min_distance_A<1.77527
npt_pressure,40,,P-40GPa,Ti-potential/fcc-restart/04-npt-round-2/md/P-40GPa/multi_nnap_md.xyz,1458,1.113337308,13.82930115,6.609123538,5.730472877,958,1.6919451562620251,2.1409584758849687,0.8919520325435714,min_distance_A<1.77527
npt_pressure,40,,P-40GPa,Ti-potential/fcc-restart/04-npt-round-2/md/P-40GPa/multi_nnap_md.xyz,1459,0.4579218007,13.87480339,4.689359937,4.523580999,959,1.7424575494329302,2.1092442655079346,0.8777778100350627,min_distance_A<1.77527
npt_pressure,40,,P-40GPa,Ti-potential/fcc-restart/04-npt-round-2/md/P-40GPa/multi_nnap_md.xyz,1467,0.6744307479,13.53068219,8.193204143,8.121593833,967,1.686302456882561,2.1136441676033555,0.8870034542539319,min_distance_A<1.77527
npt_pressure,40,,P-40GPa,Ti-potential/fcc-restart/04-npt-round-2/md/P-40GPa/multi_nnap_md.xyz,1468,0.5429637408,13.48149208,7.517854805,7.164015188,968,1.7024235807078933,2.1603685780734616,0.9077129506398427,min_distance_A<1.77527
npt_pressure,40,,P-40GPa,Ti-potential/fcc-restart/04-npt-round-2/md/P-40GPa/multi_nnap_md.xyz,1474,0.4988635833,13.60478279,5.769377903,5.881177884,974,1.7463962898544307,2.08515355983086,0.8734556123116267,min_distance_A<1.77527
npt_pressure,40,,P-40GPa,Ti-potential/fcc-restart/04-npt-round-2/md/P-40GPa/multi_nnap_md.xyz,1492,0.6190929552,13.55231662,4.840272735,4.938962211,992,1.7519922980789187,2.055262704734838,0.8620441223709361,min_distance_A<1.77527
npt_pressure,40,,P-40GPa,Ti-potential/fcc-restart/04-npt-round-2/md/P-40GPa/multi_nnap_md.xyz,1493,0.5974965996,13.52367983,6.13774249,6.127960811,993,1.7470920861747667,2.047487811445199,0.859388817669741,min_distance_A<1.77527
npt_pressure,40,,P-40GPa,Ti-potential/fcc-restart/04-npt-round-2/md/P-40GPa/multi_nnap_md.xyz,1494,0.4957463679,13.50219085,6.497972877,6.48471888,994,1.7276404926301079,2.040929994720942,0.8570905252743282,min_distance_A<1.77527
npt_pressure,40,,P-40GPa,Ti-potential/fcc-restart/04-npt-round-2/md/P-40GPa/multi_nnap_md.xyz,1503,1.019843583,13.64032778,7.121413277,7.522807848,1003,1.724306374122462,2.106940986944705,0.8818149067870891,min_distance_A<1.77527
npt_pressure,40,,P-40GPa,Ti-potential/fcc-restart/04-npt-round-2/md/P-40GPa/multi_nnap_md.xyz,1504,1.31402989,13.68017921,7.785536468,7.321935551,1004,1.690837858722365,2.140153425919929,0.8948446511379013,min_distance_A<1.77527
npt_pressure,40,,P-40GPa,Ti-potential/fcc-restart/04-npt-round-2/md/P-40GPa/multi_nnap_md.xyz,1506,0.4974943718,13.74197474,4.752764521,4.521625375,1006,1.7448275161442872,2.1202534617121267,0.8851931931071653,min_distance_A<1.77527
npt_pressure,40,,P-40GPa,Ti-potential/fcc-restart/04-npt-round-2/md/P-40GPa/multi_nnap_md.xyz,1507,0.3878926455,13.75559908,4.86049208,4.782294976,1007,1.7656881401926252,2.090334523762531,0.8724139946945402,min_distance_A<1.77527
npt_pressure,40,,P-40GPa,Ti-potential/fcc-restart/04-npt-round-2/md/P-40GPa/multi_nnap_md.xyz,1531,0.4328258089,13.6918194,6.570954702,7.177829941,1031,1.7600856518751047,2.029231648395221,0.8482253345465849,min_distance_A<1.77527
npt_pressure,40,,P-40GPa,Ti-potential/fcc-restart/04-npt-round-2/md/P-40GPa/multi_nnap_md.xyz,1532,0.9873879437,13.68907986,9.010750651,9.306686848,1032,1.6952307990296245,2.014229054812562,0.8420103643149612,min_distance_A<1.77527
npt_pressure,40,,P-40GPa,Ti-potential/fcc-restart/04-npt-round-2/md/P-40GPa/multi_nnap_md.xyz,1574,0.6802225061,13.56543759,8.085523442,7.591413003,1074,1.6824355053887512,2.0081250583652572,0.8420014116192192,min_distance_A<1.77527
npt_pressure,40,,P-40GPa,Ti-potential/fcc-restart/04-npt-round-2/md/P-40GPa/multi_nnap_md.xyz,1575,0.640685001,13.53622878,7.301325716,7.214931618,1075,1.709243788437675,2.0406594460381844,0.8562579929059966,min_distance_A<1.77527
npt_pressure,40,,P-40GPa,Ti-potential/fcc-restart/04-npt-round-2/md/P-40GPa/multi_nnap_md.xyz,1597,0.7775109339,13.43226628,7.182518267,6.995980714,1097,1.7003027625408706,1.980628995371075,0.8332078795980872,min_distance_A<1.77527
npt_pressure,40,,P-40GPa,Ti-potential/fcc-restart/04-npt-round-2/md/P-40GPa/multi_nnap_md.xyz,1598,0.306505139,13.4438949,4.976604002,5.294370911,1098,1.7725231020247807,2.021772948843539,0.850270957388245,min_distance_A<1.77527
npt_pressure,40,,P-40GPa,Ti-potential/fcc-restart/04-npt-round-2/md/P-40GPa/multi_nnap_md.xyz,1617,0.2654522891,13.56423806,4.901765138,5.312579616,1117,1.7718697327914708,2.0428152619196345,0.856572168723606,min_distance_A<1.77527
npt_pressure,40,,P-40GPa,Ti-potential/fcc-restart/04-npt-round-2/md/P-40GPa/multi_nnap_md.xyz,1625,0.7765048411,13.54592794,4.40755795,4.524566916,1125,1.7292790931275568,2.0671331046981707,0.8671592382591304,min_distance_A<1.77527
npt_pressure,40,,P-40GPa,Ti-potential/fcc-restart/04-npt-round-2/md/P-40GPa/multi_nnap_md.xyz,1626,0.8109704782,13.60282014,5.412972209,5.452950442,1126,1.7178468700658187,2.086718854106895,0.8741533404028934,min_distance_A<1.77527
npt_pressure,40,,P-40GPa,Ti-potential/fcc-restart/04-npt-round-2/md/P-40GPa/multi_nnap_md.xyz,1645,0.3549046791,13.24912796,4.419230254,4.447686895,1145,1.7344857054199554,2.0921703303397137,0.8841676225809366,min_distance_A<1.77527
npt_pressure,40,,P-40GPa,Ti-potential/fcc-restart/04-npt-round-2/md/P-40GPa/multi_nnap_md.xyz,1650,0.6589982943,13.78703854,6.6229069,6.802282911,1150,1.7478363891071906,2.0417810883271237,0.851501689015654,min_distance_A<1.77527
npt_pressure,40,,P-40GPa,Ti-potential/fcc-restart/04-npt-round-2/md/P-40GPa/multi_nnap_md.xyz,1656,0.8020249169,13.94635375,6.547434034,7.410335546,1156,1.735272929758006,2.0953313474457396,0.8704940722332571,min_distance_A<1.77527
npt_pressure,40,,P-40GPa,Ti-potential/fcc-restart/04-npt-round-2/md/P-40GPa/multi_nnap_md.xyz,1657,0.510479212,13.86735156,5.988546101,6.17043263,1157,1.7655582645123515,2.090078409475967,0.8699575678401927,min_distance_A<1.77527
npt_pressure,40,,P-40GPa,Ti-potential/fcc-restart/04-npt-round-2/md/P-40GPa/multi_nnap_md.xyz,1660,0.8102047005,13.57155062,8.332279433,8.579895712,1160,1.6874024564183547,2.0848713917690533,0.8740496699145603,min_distance_A<1.77527
npt_pressure,40,,P-40GPa,Ti-potential/fcc-restart/04-npt-round-2/md/P-40GPa/multi_nnap_md.xyz,1661,0.676381517,13.48683497,7.091743122,7.354153042,1161,1.734300789878993,2.1281250580214697,0.8940472347962255,min_distance_A<1.77527
npt_pressure,40,,P-40GPa,Ti-potential/fcc-restart/04-npt-round-2/md/P-40GPa/multi_nnap_md.xyz,1671,0.3783729533,13.78590235,5.149667159,5.40920507,1171,1.7592980670058125,2.124407536891417,0.8859844526972408,min_distance_A<1.77527
npt_pressure,40,,P-40GPa,Ti-potential/fcc-restart/04-npt-round-2/md/P-40GPa/multi_nnap_md.xyz,1672,0.4475575064,13.84285997,4.48345365,5.167731599,1172,1.762185285912986,2.1221801111182943,0.8838399570991761,min_distance_A<1.77527
npt_pressure,40,,P-40GPa,Ti-potential/fcc-restart/04-npt-round-2/md/P-40GPa/multi_nnap_md.xyz,1685,1.252570593,13.506227,7.39196858,6.501415485,1185,1.7084749907569439,2.099100248973396,0.8814313611479807,min_distance_A<1.77527
npt_pressure,40,,P-40GPa,Ti-potential/fcc-restart/04-npt-round-2/md/P-40GPa/multi_nnap_md.xyz,1686,0.7171572989,13.51255187,6.226664175,5.583003519,1186,1.755504971253529,2.06501858987136,0.8669848481979016,min_distance_A<1.77527
npt_pressure,40,,P-40GPa,Ti-potential/fcc-restart/04-npt-round-2/md/P-40GPa/multi_nnap_md.xyz,1710,0.4880370048,13.57522924,4.756253835,5.006738356,1210,1.7721230623302862,2.1602858122873676,0.905584170897714,min_distance_A<1.77527
npt_pressure,40,,P-40GPa,Ti-potential/fcc-restart/04-npt-round-2/md/P-40GPa/multi_nnap_md.xyz,1722,0.8021207896,13.57899722,7.211691294,8.065740183,1222,1.7113276815110192,2.135455691154115,0.8950926648468227,min_distance_A<1.77527
npt_pressure,40,,P-40GPa,Ti-potential/fcc-restart/04-npt-round-2/md/P-40GPa/multi_nnap_md.xyz,1723,0.5980137009,13.54363185,5.650802937,5.929791854,1223,1.7656426594695371,2.1720381503695885,0.9112182356410995,min_distance_A<1.77527
npt_pressure,40,,P-40GPa,Ti-potential/fcc-restart/04-npt-round-2/md/P-40GPa/multi_nnap_md.xyz,1727,0.4451464666,13.57418445,5.292677658,5.779478214,1227,1.7658745632745783,2.10840497515019,0.8838585829717537,min_distance_A<1.77527
npt_pressure,40,,P-40GPa,Ti-potential/fcc-restart/04-npt-round-2/md/P-40GPa/multi_nnap_md.xyz,1740,0.4403269838,13.52727681,4.864602454,5.130716471,1240,1.763472313900075,2.016710316871661,0.846395594726501,min_distance_A<1.77527
npt_pressure,40,,P-40GPa,Ti-potential/fcc-restart/04-npt-round-2/md/P-40GPa/multi_nnap_md.xyz,1763,0.9895151929,13.67969145,8.920155365,9.573777398,1263,1.704604138425818,2.0553094338694815,0.8593797481472869,min_distance_A<1.77527
npt_pressure,40,,P-40GPa,Ti-potential/fcc-restart/04-npt-round-2/md/P-40GPa/multi_nnap_md.xyz,1765,0.4608996557,13.78349037,5.966512026,6.033852551,1265,1.7404252920382264,2.0758041166323453,0.8657648839136163,min_distance_A<1.77527
npt_pressure,40,,P-40GPa,Ti-potential/fcc-restart/04-npt-round-2/md/P-40GPa/multi_nnap_md.xyz,1766,0.5944680612,13.838096,5.514127964,5.57431333,1266,1.7333645357667027,2.104066352413081,0.8763965346297661,min_distance_A<1.77527
npt_pressure,40,,P-40GPa,Ti-potential/fcc-restart/04-npt-round-2/md/P-40GPa/multi_nnap_md.xyz,1768,0.6791159401,13.93141386,6.889799897,6.999606592,1268,1.7318181846765075,2.1107237563314993,0.8772021083966886,min_distance_A<1.77527
npt_pressure,40,,P-40GPa,Ti-potential/fcc-restart/04-npt-round-2/md/P-40GPa/multi_nnap_md.xyz,1769,1.475613845,13.95690395,9.305059755,7.658400578,1269,1.6217449169743485,2.11495571032202,0.8784254583035567,min_distance_A<1.77527
npt_pressure,40,,P-40GPa,Ti-potential/fcc-restart/04-npt-round-2/md/P-40GPa/multi_nnap_md.xyz,1772,0.7081975559,13.92810468,5.355199596,5.281990399,1272,1.7515028405865487,2.0781417477515287,0.863729645958304,min_distance_A<1.77527
npt_pressure,40,,P-40GPa,Ti-potential/fcc-restart/04-npt-round-2/md/P-40GPa/multi_nnap_md.xyz,1773,1.926411969,13.89718206,9.070149663,8.003397847,1273,1.625773894492108,2.106481841562319,0.8761574081721127,min_distance_A<1.77527
npt_pressure,40,,P-40GPa,Ti-potential/fcc-restart/04-npt-round-2/md/P-40GPa/multi_nnap_md.xyz,1774,0.7348436278,13.86174247,6.087011189,6.455729176,1274,1.7419187987540021,2.136686794230041,0.8894774120474517,min_distance_A<1.77527
npt_pressure,40,,P-40GPa,Ti-potential/fcc-restart/04-npt-round-2/md/P-40GPa/multi_nnap_md.xyz,1778,0.7438756961,13.5902541,7.579956941,7.91304914,1278,1.7559704654184864,2.041698344623359,0.8555572009956098,min_distance_A<1.77527
npt_pressure,40,,P-40GPa,Ti-potential/fcc-restart/04-npt-round-2/md/P-40GPa/multi_nnap_md.xyz,1785,0.5161772324,13.2744825,4.578491035,4.446587204,1285,1.7517858628950647,2.091132526204743,0.8831660329696014,min_distance_A<1.77527
npt_pressure,40,,P-40GPa,Ti-potential/fcc-restart/04-npt-round-2/md/P-40GPa/multi_nnap_md.xyz,1802,0.7452710642,13.22066311,5.250151831,5.676866913,1302,1.7234011292643692,2.0504849490799177,0.8671725185352692,min_distance_A<1.77527
npt_pressure,40,,P-40GPa,Ti-potential/fcc-restart/04-npt-round-2/md/P-40GPa/multi_nnap_md.xyz,1803,0.7859881092,13.17615204,4.944841401,5.583464528,1303,1.7524335115289413,2.0008488116450316,0.8471326251516027,min_distance_A<1.77527
npt_pressure,40,,P-40GPa,Ti-potential/fcc-restart/04-npt-round-2/md/P-40GPa/multi_nnap_md.xyz,1806,0.4213686962,13.22023608,5.579658623,6.136819034,1306,1.7704967300195786,2.091175117399952,0.8843903581219443,min_distance_A<1.77527
npt_pressure,40,,P-40GPa,Ti-potential/fcc-restart/04-npt-round-2/md/P-40GPa/multi_nnap_md.xyz,1870,0.588896626,13.04746986,6.218943402,6.834963509,1370,1.766483238851853,2.108315593691924,0.8955575925006556,min_distance_A<1.77527
npt_pressure,40,,P-40GPa,Ti-potential/fcc-restart/04-npt-round-2/md/P-40GPa/multi_nnap_md.xyz,1874,0.7207895056,13.67712212,5.576004894,5.242466781,1374,1.7250383900781279,2.0805653701817604,0.8699944004823623,min_distance_A<1.77527
npt_pressure,40,,P-40GPa,Ti-potential/fcc-restart/04-npt-round-2/md/P-40GPa/multi_nnap_md.xyz,1875,1.048685183,13.84690319,5.523050817,6.062103727,1375,1.6951658001633783,2.138794732495097,0.8906728631899954,min_distance_A<1.77527
npt_pressure,40,,P-40GPa,Ti-potential/fcc-restart/04-npt-round-2/md/P-40GPa/multi_nnap_md.xyz,1886,0.6436878679,13.42036025,4.061247136,4.244781243,1386,1.7591953367598425,2.0446960052102456,0.860413779913705,min_distance_A<1.77527
npt_pressure,40,,P-40GPa,Ti-potential/fcc-restart/04-npt-round-2/md/P-40GPa/multi_nnap_md.xyz,1887,0.6463210189,13.25080336,4.176589057,4.345014495,1387,1.7614177709372039,2.124166987677602,0.8976518259417751,min_distance_A<1.77527
npt_pressure,40,,P-40GPa,Ti-potential/fcc-restart/04-npt-round-2/md/P-40GPa/multi_nnap_md.xyz,1890,0.7418313779,12.95199294,5.43618082,5.215350402,1390,1.7550923111474328,2.1732043872918214,0.9253834045195185,min_distance_A<1.77527
npt_pressure,40,,P-40GPa,Ti-potential/fcc-restart/04-npt-round-2/md/P-40GPa/multi_nnap_md.xyz,1891,0.757776745,12.94634522,5.541847834,5.599610707,1391,1.7649088940145417,2.138192611611356,0.9106072354101973,min_distance_A<1.77527
npt_pressure,40,,P-40GPa,Ti-potential/fcc-restart/04-npt-round-2/md/P-40GPa/multi_nnap_md.xyz,1910,0.5354104569,13.1571279,4.711078651,4.658224274,1410,1.739926938910424,2.0266058315244972,0.8584511548733953,min_distance_A<1.77527
npt_pressure,40,,P-40GPa,Ti-potential/fcc-restart/04-npt-round-2/md/P-40GPa/multi_nnap_md.xyz,1911,0.3416336685,13.03323042,5.256755284,5.136133229,1411,1.7648130831758169,1.999254543534327,0.8495404598680818,min_distance_A<1.77527
npt_pressure,40,,P-40GPa,Ti-potential/fcc-restart/04-npt-round-2/md/P-40GPa/multi_nnap_md.xyz,1932,0.5361241166,13.30233831,7.181718193,7.69253207,1432,1.7358424590387764,2.0779602918448155,0.8769898790660415,min_distance_A<1.77527
npt_pressure,40,,P-40GPa,Ti-potential/fcc-restart/04-npt-round-2/md/P-40GPa/multi_nnap_md.xyz,1941,0.2745476253,13.60915365,3.947293813,3.98122155,1441,1.7600975449110665,1.9810315840387174,0.8297508268171044,min_distance_A<1.77527
npt_pressure,40,,P-40GPa,Ti-potential/fcc-restart/04-npt-round-2/md/P-40GPa/multi_nnap_md.xyz,1958,0.3927096947,13.13418982,5.039719468,5.216609532,1458,1.761371941506377,2.0862632422112433,0.8842356287615706,min_distance_A<1.77527
npt_pressure,40,,P-40GPa,Ti-potential/fcc-restart/04-npt-round-2/md/P-40GPa/multi_nnap_md.xyz,1959,1.05859424,13.19652856,7.282580921,7.215518945,1459,1.6856462289796719,2.0154551587509677,0.852877334085713,min_distance_A<1.77527
npt_pressure,40,,P-40GPa,Ti-potential/fcc-restart/04-npt-round-2/md/P-40GPa/multi_nnap_md.xyz,1961,0.5626774422,13.41923241,7.397092748,7.838532929,1461,1.7114506059656602,2.0541354667898184,0.8644101470768943,min_distance_A<1.77527
npt_pressure,40,,P-40GPa,Ti-potential/fcc-restart/04-npt-round-2/md/P-40GPa/multi_nnap_md.xyz,1970,0.8135577726,14.07119899,6.022193289,7.112512268,1470,1.7613606058056082,2.119095721123748,0.8777554599991072,min_distance_A<1.77527
npt_pressure,40,,P-40GPa,Ti-potential/fcc-restart/04-npt-round-2/md/P-40GPa/multi_nnap_md.xyz,1976,0.5946910302,13.36312603,3.89237057,3.863427851,1476,1.7599398770419084,2.079028883535296,0.8761083809683275,min_distance_A<1.77527
npt_pressure,40,,P-40GPa,Ti-potential/fcc-restart/04-npt-round-2/md/P-40GPa/multi_nnap_md.xyz,1977,0.7475508933,13.26690045,5.225195712,5.07754177,1477,1.695486849367181,2.042047558489997,0.8625998182759013,min_distance_A<1.77527
npt_pressure,40,,P-40GPa,Ti-potential/fcc-restart/04-npt-round-2/md/P-40GPa/multi_nnap_md.xyz,1978,0.4632405348,13.20754485,4.802242956,4.993633226,1478,1.7586919424426994,1.9739014175686134,0.8350607943554766,min_distance_A<1.77527
npt_pressure,40,,P-40GPa,Ti-potential/fcc-restart/04-npt-round-2/md/P-40GPa/multi_nnap_md.xyz,1982,1.527484911,13.33483682,9.042480219,7.594641609,1482,1.658909158682252,1.9904406580269427,0.8393697863580382,min_distance_A<1.77527
npt_pressure,40,,P-40GPa,Ti-potential/fcc-restart/04-npt-round-2/md/P-40GPa/multi_nnap_md.xyz,1983,0.9979567782,13.44380012,7.711202549,6.973252546,1483,1.7093308706896102,2.0363507303452013,0.8564037594118581,min_distance_A<1.77527
npt_pressure,40,,P-40GPa,Ti-potential/fcc-restart/04-npt-round-2/md/P-40GPa/multi_nnap_md.xyz,2000,0.4981271652,13.20416475,4.872604774,5.346898111,1500,1.7638084689243696,2.0227775926057463,0.855810917759353,min_distance_A<1.77527
npt_pressure,40,,P-40GPa,Ti-potential/fcc-restart/04-npt-round-2/md/P-40GPa/multi_nnap_md.xyz,2022,0.598614571,13.28928383,5.232970458,6.366346229,1522,1.7724385166723589,2.1414851542072926,0.9040959885436067,min_distance_A<1.77527
npt_pressure,40,,P-40GPa,Ti-potential/fcc-restart/04-npt-round-2/md/P-40GPa/multi_nnap_md.xyz,2027,0.4566243218,13.54024585,4.49541033,4.744796123,1527,1.7604738408630292,2.0491420987700555,0.8597322652787608,min_distance_A<1.77527
npt_pressure,40,,P-40GPa,Ti-potential/fcc-restart/04-npt-round-2/md/P-40GPa/multi_nnap_md.xyz,2040,1.261591603,13.4141112,6.433284008,4.938116536,1540,1.684064618855762,2.0564958296536986,0.8655135387725063,min_distance_A<1.77527
npt_pressure,40,,P-40GPa,Ti-potential/fcc-restart/04-npt-round-2/md/P-40GPa/multi_nnap_md.xyz,2041,0.8223334407,13.28781097,5.809221579,4.852763927,1541,1.7133390569047109,2.0419339922842044,0.8620991531304634,min_distance_A<1.77527
npt_pressure,40,,P-40GPa,Ti-potential/fcc-restart/04-npt-round-2/md/P-40GPa/multi_nnap_md.xyz,2044,0.5481182466,13.05716681,7.120300413,7.423168875,1544,1.7327964279990953,2.0821955708120883,0.8842434826112658,min_distance_A<1.77527
npt_pressure,40,,P-40GPa,Ti-potential/fcc-restart/04-npt-round-2/md/P-40GPa/multi_nnap_md.xyz,2059,0.7657186863,13.99437907,6.320443087,6.892870836,1559,1.7526210395975381,2.0914389132915514,0.8678819171202788,min_distance_A<1.77527
npt_pressure,40,,P-40GPa,Ti-potential/fcc-restart/04-npt-round-2/md/P-40GPa/multi_nnap_md.xyz,2083,0.6883883199,13.52839013,5.166292244,5.207888073,1583,1.7410136624005457,2.2581173389028977,0.9476860019338806,min_distance_A<1.77527;normalized_void>0.946161
npt_pressure,40,,P-40GPa,Ti-potential/fcc-restart/04-npt-round-2/md/P-40GPa/multi_nnap_md.xyz,2084,0.3795277866,13.38936632,4.289031639,4.475475549,1584,1.8009126229482402,2.259896362219732,0.9517038988895491,normalized_void>0.946161
npt_pressure,40,,P-40GPa,Ti-potential/fcc-restart/04-npt-round-2/md/P-40GPa/multi_nnap_md.xyz,2093,0.2333734485,13.48211918,3.72242884,3.770259852,1593,1.8314470182982832,2.2687391008761715,0.9532317560049112,normalized_void>0.946161
npt_pressure,40,,P-40GPa,Ti-potential/fcc-restart/04-npt-round-2/md/P-40GPa/multi_nnap_md.xyz,2094,0.1605593735,13.64216547,3.149702373,3.132664988,1594,1.9513713564215218,2.2684671139504493,0.9493755658229677,normalized_void>0.946161
npt_pressure,40,,P-40GPa,Ti-potential/fcc-restart/04-npt-round-2/md/P-40GPa/multi_nnap_md.xyz,2097,0.6510618526,14.12268793,6.788117488,6.853414283,1597,1.7294184128146681,2.213110292171729,0.9155820514090265,min_distance_A<1.77527
npt_pressure,40,,P-40GPa,Ti-potential/fcc-restart/04-npt-round-2/md/P-40GPa/multi_nnap_md.xyz,2110,1.555157419,12.96627021,8.822901736,6.910001449,1610,1.6585444414790675,2.0098767105209987,0.8555217632560541,min_distance_A<1.77527
npt_pressure,40,,P-40GPa,Ti-potential/fcc-restart/04-npt-round-2/md/P-40GPa/multi_nnap_md.xyz,2111,1.022821853,12.98839033,6.258248455,5.723008822,1611,1.7022378565481304,2.005592268853824,0.8532131420049797,min_distance_A<1.77527
npt_pressure,40,,P-40GPa,Ti-potential/fcc-restart/04-npt-round-2/md/P-40GPa/multi_nnap_md.xyz,2112,0.9358077934,13.06157613,6.901607953,7.364227392,1612,1.6893541862838588,2.0154695606835094,0.8558107052957782,min_distance_A<1.77527
npt_pressure,40,,P-40GPa,Ti-potential/fcc-restart/04-npt-round-2/md/P-40GPa/multi_nnap_md.xyz,2131,0.5746323662,13.20422143,4.660980248,4.631100063,1631,1.7727790106373065,2.048817522619666,0.8668268335505913,min_distance_A<1.77527
npt_pressure,40,,P-40GPa,Ti-potential/fcc-restart/04-npt-round-2/md/P-40GPa/multi_nnap_md.xyz,2132,1.172508957,13.20440187,4.621763334,4.725878253,1632,1.7058408642220126,2.042625206209464,0.8642030121861146,min_distance_A<1.77527
npt_pressure,40,,P-40GPa,Ti-potential/fcc-restart/04-npt-round-2/md/P-40GPa/multi_nnap_md.xyz,2133,2.083652691,13.24187617,6.934358712,5.38431868,1633,1.6411161620277115,2.025615255246056,0.8561971640400535,min_distance_A<1.77527
npt_pressure,40,,P-40GPa,Ti-potential/fcc-restart/04-npt-round-2/md/P-40GPa/multi_nnap_md.xyz,2134,0.7687232439,13.31324044,6.407475428,6.422304892,1634,1.7477766061144457,2.053419552212678,0.8663959918841357,min_distance_A<1.77527
npt_pressure,40,,P-40GPa,Ti-potential/fcc-restart/04-npt-round-2/md/P-40GPa/multi_nnap_md.xyz,2135,0.8760595235,13.41195686,7.09694257,6.542279944,1635,1.7107957228534931,2.091557908298029,0.880317179557574,min_distance_A<1.77527
npt_pressure,40,,P-40GPa,Ti-potential/fcc-restart/04-npt-round-2/md/P-40GPa/multi_nnap_md.xyz,2144,0.6368345772,14.12900138,4.365928824,3.716679552,1644,1.7628686453869749,2.1446537987814196,0.8871288579824844,min_distance_A<1.77527
npt_pressure,40,,P-40GPa,Ti-potential/fcc-restart/04-npt-round-2/md/P-40GPa/multi_nnap_md.xyz,2145,0.8004420264,14.05862065,4.85549558,4.282030214,1645,1.7436391731270504,2.1234935403752537,0.8798393336352726,min_distance_A<1.77527
npt_pressure,40,,P-40GPa,Ti-potential/fcc-restart/04-npt-round-2/md/P-40GPa/multi_nnap_md.xyz,2156,0.4055006134,13.41149096,5.128236661,4.890405826,1656,1.7700111190029622,2.0124531591384884,0.8470325379159487,min_distance_A<1.77527
npt_pressure,40,,P-40GPa,Ti-potential/fcc-restart/04-npt-round-2/md/P-40GPa/multi_nnap_md.xyz,2157,0.7572175141,13.51262432,5.30051514,4.99779878,1657,1.725164964284182,2.019547291616896,0.8478924990711355,min_distance_A<1.77527
npt_pressure,40,,P-40GPa,Ti-potential/fcc-restart/04-npt-round-2/md/P-40GPa/multi_nnap_md.xyz,2158,2.153320822,13.62128261,8.931369898,6.24966911,1658,1.6195045133962476,2.0165468044011936,0.8443755293042458,min_distance_A<1.77527
npt_pressure,40,,P-40GPa,Ti-potential/fcc-restart/04-npt-round-2/md/P-40GPa/multi_nnap_md.xyz,2159,0.552896263,13.72946704,5.221533376,5.191940085,1659,1.7546336749739366,2.040096900558603,0.8519868724090265,min_distance_A<1.77527
npt_pressure,40,,P-40GPa,Ti-potential/fcc-restart/04-npt-round-2/md/P-40GPa/multi_nnap_md.xyz,2162,0.7187256875,13.95940517,5.807842588,5.263409847,1662,1.7416989149268562,2.020720862242678,0.8392358373389677,min_distance_A<1.77527
npt_pressure,40,,P-40GPa,Ti-potential/fcc-restart/04-npt-round-2/md/P-40GPa/multi_nnap_md.xyz,2176,0.35338828,13.38466258,5.304456478,5.132501972,1676,1.7682968820940277,2.025091170775075,0.8529209286374687,min_distance_A<1.77527
npt_pressure,40,,P-40GPa,Ti-potential/fcc-restart/04-npt-round-2/md/P-40GPa/multi_nnap_md.xyz,2213,0.8148257952,13.70540906,4.824443142,4.043478749,1713,1.7407298644804325,2.029935880520273,0.8482391620457703,min_distance_A<1.77527
npt_pressure,40,,P-40GPa,Ti-potential/fcc-restart/04-npt-round-2/md/P-40GPa/multi_nnap_md.xyz,2223,0.5906740284,13.44173256,5.081121369,4.513594808,1723,1.7425987993746688,2.0563103914676493,0.8648422941307787,min_distance_A<1.77527
npt_pressure,40,,P-40GPa,Ti-potential/fcc-restart/04-npt-round-2/md/P-40GPa/multi_nnap_md.xyz,2233,0.4510264965,14.03416128,5.711527266,5.643768051,1733,1.7565130743376767,2.1313725449521552,0.8836166270310554,min_distance_A<1.77527
npt_pressure,40,,P-40GPa,Ti-potential/fcc-restart/04-npt-round-2/md/P-40GPa/multi_nnap_md.xyz,2234,0.4824455244,13.94366608,6.121972755,5.808372432,1734,1.7456573314528476,2.105553103212752,0.8747968443023075,min_distance_A<1.77527
npt_pressure,40,,P-40GPa,Ti-potential/fcc-restart/04-npt-round-2/md/P-40GPa/multi_nnap_md.xyz,2240,0.9257882449,13.25643325,4.401374025,4.615188939,1740,1.7220364494996114,2.0514367256104147,0.8667939998778517,min_distance_A<1.77527
npt_pressure,40,,P-40GPa,Ti-potential/fcc-restart/04-npt-round-2/md/P-40GPa/multi_nnap_md.xyz,2241,1.569148056,13.16684025,5.684554128,6.030102884,1741,1.6668702519051914,2.1004427308995215,0.8895089510566097,min_distance_A<1.77527
npt_pressure,40,,P-40GPa,Ti-potential/fcc-restart/04-npt-round-2/md/P-40GPa/multi_nnap_md.xyz,2242,0.785326113,13.10929519,5.704239899,6.183895705,1742,1.7414627689529207,2.148173824384949,0.9110515948808842,min_distance_A<1.77527
npt_pressure,40,,P-40GPa,Ti-potential/fcc-restart/04-npt-round-2/md/P-40GPa/multi_nnap_md.xyz,2246,0.6059308128,13.24506284,7.013348626,6.955774361,1746,1.7349044652711172,2.0077683421949932,0.8485854761885149,min_distance_A<1.77527
npt_pressure,40,,P-40GPa,Ti-potential/fcc-restart/04-npt-round-2/md/P-40GPa/multi_nnap_md.xyz,2251,0.3681815454,13.89444347,6.584127357,6.488802335,1751,1.7226658937914312,2.0186746384195047,0.8396905677192633,min_distance_A<1.77527
npt_pressure,40,,P-40GPa,Ti-potential/fcc-restart/04-npt-round-2/md/P-40GPa/multi_nnap_md.xyz,2258,0.4934407207,13.98448748,6.086505726,6.990598302,1758,1.7607064449822967,2.0267338002234614,0.8412295611376325,min_distance_A<1.77527
npt_pressure,40,,P-40GPa,Ti-potential/fcc-restart/04-npt-round-2/md/P-40GPa/multi_nnap_md.xyz,2290,0.5074894892,13.29886097,7.911205463,7.580121198,1790,1.6628161589422583,2.0101798399020674,0.848457509405309,min_distance_A<1.77527
npt_pressure,40,,P-40GPa,Ti-potential/fcc-restart/04-npt-round-2/md/P-40GPa/multi_nnap_md.xyz,2291,0.5786101628,13.47273078,7.518287737,7.561961123,1791,1.6869019947445898,2.0404390098900165,0.8575084483038555,min_distance_A<1.77527
npt_pressure,40,,P-40GPa,Ti-potential/fcc-restart/04-npt-round-2/md/P-40GPa/multi_nnap_md.xyz,2306,0.3782047763,13.01346817,4.366188326,3.914918393,1806,1.768330587433397,2.0053792165187216,0.85257414521145,min_distance_A<1.77527
npt_pressure,40,,P-40GPa,Ti-potential/fcc-restart/04-npt-round-2/md/P-40GPa/multi_nnap_md.xyz,2309,0.8365892876,12.86722509,7.189181465,6.527774993,1809,1.6915285354883298,2.0297643004423502,0.866198266874705,min_distance_A<1.77527
npt_pressure,40,,P-40GPa,Ti-potential/fcc-restart/04-npt-round-2/md/P-40GPa/multi_nnap_md.xyz,2310,1.121127762,12.93088022,8.297318911,7.904895045,1810,1.6647359650899973,2.0575867888670816,0.8766282590550991,min_distance_A<1.77527
npt_pressure,40,,P-40GPa,Ti-potential/fcc-restart/04-npt-round-2/md/P-40GPa/multi_nnap_md.xyz,2329,0.9855688377,13.10472122,7.986267327,7.579650598,1829,1.665429900270608,2.055349432714764,0.871785695441649,min_distance_A<1.77527
npt_pressure,40,,P-40GPa,Ti-potential/fcc-restart/04-npt-round-2/md/P-40GPa/multi_nnap_md.xyz,2330,0.4912343051,13.07122003,5.728382154,5.596337885,1830,1.7375656982630583,2.0631261167273176,0.8758311787679907,min_distance_A<1.77527
npt_pressure,40,,P-40GPa,Ti-potential/fcc-restart/04-npt-round-2/md/P-40GPa/multi_nnap_md.xyz,2339,0.3917682069,14.12721204,4.188444909,4.107115798,1839,1.7738834943006618,2.1699259938230244,0.8976205108020859,min_distance_A<1.77527
npt_pressure,40,,P-40GPa,Ti-potential/fcc-restart/04-npt-round-2/md/P-40GPa/multi_nnap_md.xyz,2349,0.6004248519,13.51466045,5.108077379,5.5254406,1849,1.7424953963321974,2.140658457749991,0.8986950195501034,min_distance_A<1.77527
npt_pressure,40,,P-40GPa,Ti-potential/fcc-restart/04-npt-round-2/md/P-40GPa/multi_nnap_md.xyz,2350,0.6039191858,13.41087395,4.410390502,4.80480267,1850,1.7516479257906368,2.1083461093058036,0.8874070609875552,min_distance_A<1.77527
npt_pressure,40,,P-40GPa,Ti-potential/fcc-restart/04-npt-round-2/md/P-40GPa/multi_nnap_md.xyz,2356,0.640529749,13.48482726,5.298783273,4.770297842,1856,1.7441980839785405,2.0020581873263232,0.8411269852770972,min_distance_A<1.77527
npt_pressure,40,,P-40GPa,Ti-potential/fcc-restart/04-npt-round-2/md/P-40GPa/multi_nnap_md.xyz,2358,0.7529433257,13.71513063,6.391226874,6.008568306,1858,1.730965406220456,2.09607237902862,0.8756682949184914,min_distance_A<1.77527
npt_pressure,40,,P-40GPa,Ti-potential/fcc-restart/04-npt-round-2/md/P-40GPa/multi_nnap_md.xyz,2359,0.6197756424,13.82650824,5.858991419,5.117960939,1859,1.7730699202218594,2.113936972849608,0.8807538070404276,min_distance_A<1.77527
npt_pressure,40,,P-40GPa,Ti-potential/fcc-restart/04-npt-round-2/md/P-40GPa/multi_nnap_md.xyz,2361,0.454542012,13.99398815,5.627277784,5.802526108,1861,1.7459942716594627,2.074300235271701,0.8607779155580074,min_distance_A<1.77527
npt_pressure,40,,P-40GPa,Ti-potential/fcc-restart/04-npt-round-2/md/P-40GPa/multi_nnap_md.xyz,2387,0.4720849124,14.0151115,5.169802464,5.471803229,1887,1.7663372867575249,2.1182742785314446,0.878584101786136,min_distance_A<1.77527
npt_pressure,40,,P-40GPa,Ti-potential/fcc-restart/04-npt-round-2/md/P-40GPa/multi_nnap_md.xyz,2418,0.7560298027,13.27343397,5.904286618,5.369093061,1918,1.7358029820235017,2.1876469197427353,0.9239521167575606,min_distance_A<1.77527
npt_pressure,40,,P-40GPa,Ti-potential/fcc-restart/04-npt-round-2/md/P-40GPa/multi_nnap_md.xyz,2434,0.504887374,13.56715601,5.721722867,5.988863571,1934,1.714522830822932,2.0849007838986875,0.8741563559633572,min_distance_A<1.77527
npt_pressure,40,,P-40GPa,Ti-potential/fcc-restart/04-npt-round-2/md/P-40GPa/multi_nnap_md.xyz,2440,0.5883274183,13.39030115,7.211381639,6.946359092,1940,1.7067180274724778,2.127908384878544,0.8960993130729856,min_distance_A<1.77527
npt_pressure,40,,P-40GPa,Ti-potential/fcc-restart/04-npt-round-2/md/P-40GPa/multi_nnap_md.xyz,2459,0.4396330538,12.98576352,5.357361291,5.64753107,1959,1.7626672716840803,2.0556676948648356,0.8745750448179221,min_distance_A<1.77527
npt_pressure,40,,P-40GPa,Ti-potential/fcc-restart/04-npt-round-2/md/P-40GPa/multi_nnap_md.xyz,2464,1.535656538,13.46208028,5.912782192,6.06089344,1964,1.690341271664928,1.9801014557058039,0.8323705721225979,min_distance_A<1.77527
npt_pressure,40,,P-40GPa,Ti-potential/fcc-restart/04-npt-round-2/md/P-40GPa/multi_nnap_md.xyz,2465,1.140569645,13.62226685,6.05297122,6.754213524,1965,1.7114309948331792,2.000487306540096,0.8376308657778705,min_distance_A<1.77527
npt_pressure,40,,P-40GPa,Ti-potential/fcc-restart/04-npt-round-2/md/P-40GPa/multi_nnap_md.xyz,2488,0.3747052557,13.89025649,5.952633821,5.713554797,1988,1.7198778782970916,2.1011818061518452,0.8740981678720242,min_distance_A<1.77527
npt_pressure,40,,P-40GPa,Ti-potential/fcc-restart/04-npt-round-2/md/P-40GPa/multi_nnap_md.xyz,2489,0.4219007941,13.98532509,5.331697654,5.277237464,1989,1.7336532440020016,2.0675544820208716,0.8581557308115101,min_distance_A<1.77527
npt_pressure,40,,P-40GPa,Ti-potential/fcc-restart/04-npt-round-2/md/P-40GPa/multi_nnap_md.xyz,2495,0.3836796642,13.86912984,6.068194412,6.096123091,1995,1.7446997271803681,2.081112654801962,0.866188709956002,min_distance_A<1.77527
npt_pressure,40,,P-40GPa,Ti-potential/fcc-restart/04-npt-round-2/md/P-40GPa/multi_nnap_md.xyz,2497,0.6872590462,13.63989554,6.237376823,6.401187209,1997,1.7144001647356064,2.1188023502013724,0.8867885927529843,min_distance_A<1.77527
npt_pressure,40,,P-40GPa,Ti-potential/fcc-restart/04-npt-round-2/md/P-40GPa/multi_nnap_md.xyz,2498,1.467624825,13.52369821,7.001679959,7.115799147,1998,1.6861491383462566,2.062711461428948,0.8657782237989373,min_distance_A<1.77527
npt_pressure,40,,P-40GPa,Ti-potential/fcc-restart/04-npt-round-2/md/P-40GPa/multi_nnap_md.xyz,2503,0.5146698436,13.2449068,5.526572676,5.854376247,2003,1.7682847876623253,2.0222825484597076,0.8547232777498328,min_distance_A<1.77527
npt_pressure,40,,P-40GPa,Ti-potential/fcc-restart/04-npt-round-2/md/P-40GPa/multi_nnap_md.xyz,2512,0.4782061342,14.07092081,5.535651191,5.876507739,2012,1.7287032878579127,2.1427821658596757,0.8875725250867224,min_distance_A<1.77527
npt_pressure,40,,P-40GPa,Ti-potential/fcc-restart/04-npt-round-2/md/P-40GPa/multi_nnap_md.xyz,2539,0.9614944814,13.73607657,8.908722965,9.375761708,2039,1.6971216973090566,2.097873033413157,0.8759748407098364,min_distance_A<1.77527
npt_pressure,40,,P-40GPa,Ti-potential/fcc-restart/04-npt-round-2/md/P-40GPa/multi_nnap_md.xyz,2540,0.9500989953,13.63777591,8.379782492,8.600783756,2040,1.711799219399831,2.089002507934107,0.87436167089196,min_distance_A<1.77527
npt_pressure,40,,P-40GPa,Ti-potential/fcc-restart/04-npt-round-2/md/P-40GPa/multi_nnap_md.xyz,2543,1.8181832,13.43796529,8.549067871,7.282511004,2043,1.636997354809089,2.0364253310032083,0.856559071503216,min_distance_A<1.77527
npt_pressure,40,,P-40GPa,Ti-potential/fcc-restart/04-npt-round-2/md/P-40GPa/multi_nnap_md.xyz,2544,1.506369364,13.41739227,7.737761372,7.215166382,2044,1.662505299165666,2.029138217845046,0.8539299743906127,min_distance_A<1.77527
npt_pressure,40,,P-40GPa,Ti-potential/fcc-restart/04-npt-round-2/md/P-40GPa/multi_nnap_md.xyz,2567,0.4548722763,13.15790123,5.020016049,5.606331996,2067,1.7421971017950741,2.0395992802008376,0.8639381311930697,min_distance_A<1.77527
npt_pressure,40,,P-40GPa,Ti-potential/fcc-restart/04-npt-round-2/md/P-40GPa/multi_nnap_md.xyz,2570,0.8518488612,13.31654217,7.421421766,7.396923343,2070,1.6971861325359328,2.1097518771310844,0.8900906227266856,min_distance_A<1.77527
npt_pressure,40,,P-40GPa,Ti-potential/fcc-restart/04-npt-round-2/md/P-40GPa/multi_nnap_md.xyz,2607,0.6584002448,13.38148849,5.733240298,4.875473039,2107,1.7431330837857109,2.01788233279832,0.8499519273089201,min_distance_A<1.77527
npt_pressure,40,,P-40GPa,Ti-potential/fcc-restart/04-npt-round-2/md/P-40GPa/multi_nnap_md.xyz,2609,0.3763701108,13.27543747,4.811468795,4.669649826,2109,1.7723979572480844,2.0675886441096307,0.8732016031363155,min_distance_A<1.77527
npt_pressure,40,,P-40GPa,Ti-potential/fcc-restart/04-npt-round-2/md/P-40GPa/multi_nnap_md.xyz,2612,0.5878916741,13.31991089,6.354668785,7.24631021,2112,1.7524650272879307,2.148529400808384,0.9063741855349785,min_distance_A<1.77527
npt_pressure,40,,P-40GPa,Ti-potential/fcc-restart/04-npt-round-2/md/P-40GPa/multi_nnap_md.xyz,2613,0.6745345962,13.38567404,7.22701799,8.005630002,2113,1.7289177710829584,2.133567093499411,0.8985858099970657,min_distance_A<1.77527
npt_pressure,40,,P-40GPa,Ti-potential/fcc-restart/04-npt-round-2/md/P-40GPa/multi_nnap_md.xyz,2614,0.5797235923,13.47478708,4.771422267,4.413037941,2114,1.7709156766868746,2.103385538335215,0.883917189766954,min_distance_A<1.77527
npt_pressure,40,,P-40GPa,Ti-potential/fcc-restart/04-npt-round-2/md/P-40GPa/multi_nnap_md.xyz,2631,0.6714763183,13.34620364,6.350751079,7.262963134,2130,1.7568063679866908,2.077985866449881,0.876038797254505,min_distance_A<1.77527
npt_pressure,40,,P-40GPa,Ti-potential/fcc-restart/04-npt-round-2/md/P-40GPa/multi_nnap_md.xyz,2632,1.911952575,13.26577975,9.447714631,9.512308771,2131,1.6492870361742344,2.0831159925669143,0.8799726865045155,min_distance_A<1.77527
npt_pressure,40,,P-40GPa,Ti-potential/fcc-restart/04-npt-round-2/md/P-40GPa/multi_nnap_md.xyz,2636,0.743247766,13.22503306,6.174364686,6.281966847,2135,1.7238346720308226,1.9848039176496834,0.8393028277273948,min_distance_A<1.77527
npt_pressure,40,,P-40GPa,Ti-potential/fcc-restart/04-npt-round-2/md/P-40GPa/multi_nnap_md.xyz,2637,1.094541262,13.27735704,7.800468511,7.034162215,2136,1.6722912338125329,2.010231279876071,0.8489370381392548,min_distance_A<1.77527
npt_pressure,40,,P-40GPa,Ti-potential/fcc-restart/04-npt-round-2/md/P-40GPa/multi_nnap_md.xyz,2641,0.3946788148,13.62545848,4.925964229,5.268070455,2140,1.7719821028236507,2.0114386926445667,0.8421505925544067,min_distance_A<1.77527
npt_pressure,40,,P-40GPa,Ti-potential/fcc-restart/04-npt-round-2/md/P-40GPa/multi_nnap_md.xyz,2642,0.3562835532,13.7177647,4.524622674,4.101186608,2141,1.7482015014727648,2.0270106163967743,0.8467624163793618,min_distance_A<1.77527
npt_pressure,40,,P-40GPa,Ti-potential/fcc-restart/04-npt-round-2/md/P-40GPa/multi_nnap_md.xyz,2652,0.8771881152,13.64703558,6.239853291,5.66016243,2151,1.6742692233490082,2.025379691534827,0.8475402713225934,min_distance_A<1.77527
npt_pressure,40,,P-40GPa,Ti-potential/fcc-restart/04-npt-round-2/md/P-40GPa/multi_nnap_md.xyz,2653,1.093127515,13.58252944,6.668008333,5.781632845,2152,1.663508685896539,1.990387617618826,0.8342139402277192,min_distance_A<1.77527
npt_pressure,40,,P-40GPa,Ti-potential/fcc-restart/04-npt-round-2/md/P-40GPa/multi_nnap_md.xyz,2656,0.5564921269,13.46412375,3.915207237,4.009664626,2155,1.7722157244946544,2.0256240812022646,0.8514637304374235,min_distance_A<1.77527
npt_pressure,40,,P-40GPa,Ti-potential/fcc-restart/04-npt-round-2/md/P-40GPa/multi_nnap_md.xyz,2658,0.7192068946,13.46146131,6.15587939,6.169429082,2157,1.763071072605401,2.0342202384524106,0.8551334633457264,min_distance_A<1.77527
npt_pressure,40,,P-40GPa,Ti-potential/fcc-restart/04-npt-round-2/md/P-40GPa/multi_nnap_md.xyz,2674,0.7959240349,13.70224017,5.056770351,5.341613417,2173,1.729930384289794,2.176643750066153,0.909613356996556,min_distance_A<1.77527
npt_pressure,40,,P-40GPa,Ti-potential/fcc-restart/04-npt-round-2/md/P-40GPa/multi_nnap_md.xyz,2682,0.5258258122,13.44337625,6.930329857,6.81933901,2181,1.7693120027739904,2.032858554395699,0.8549440819906678,min_distance_A<1.77527
npt_pressure,40,,P-40GPa,Ti-potential/fcc-restart/04-npt-round-2/md/P-40GPa/multi_nnap_md.xyz,2697,0.2389189009,13.72720487,3.837097316,3.85460373,2196,1.9089795331831971,2.282505754352474,0.9532742077332846,normalized_void>0.946161
npt_pressure,40,,P-40GPa,Ti-potential/fcc-restart/04-npt-round-2/md/P-40GPa/multi_nnap_md.xyz,2698,0.1986478491,13.68800355,3.236046617,3.159628531,2197,1.9491566438702375,2.2724389118839925,0.949975009848586,normalized_void>0.946161
npt_pressure,40,,P-40GPa,Ti-potential/fcc-restart/04-npt-round-2/md/P-40GPa/multi_nnap_md.xyz,2699,0.3390846777,13.64550441,4.94915985,4.877355641,2198,1.7585949179035045,2.1934941970475648,0.9179237886866982,min_distance_A<1.77527
npt_pressure,40,,P-40GPa,Ti-potential/fcc-restart/04-npt-round-2/md/P-40GPa/multi_nnap_md.xyz,2700,1.390672467,13.6037991,8.36385765,7.085507111,2199,1.6454312529052553,2.116258072376717,0.8865064324670102,min_distance_A<1.77527
npt_pressure,40,,P-40GPa,Ti-potential/fcc-restart/04-npt-round-2/md/P-40GPa/multi_nnap_md.xyz,2705,0.528491473,13.46490809,4.972046571,4.173281095,2204,1.7640320757030261,2.0627216553017536,0.8670407251471661,min_distance_A<1.77527
npt_pressure,40,,P-40GPa,Ti-potential/fcc-restart/04-npt-round-2/md/P-40GPa/multi_nnap_md.xyz,2706,1.191411092,13.45365318,6.863025293,6.326021496,2205,1.6856621289520335,2.0627501648763418,0.8672944245295979,min_distance_A<1.77527
npt_pressure,40,,P-40GPa,Ti-potential/fcc-restart/04-npt-round-2/md/P-40GPa/multi_nnap_md.xyz,2712,0.4761745436,13.58855372,5.765772099,5.789365165,2211,1.7463665979171483,2.032622203784389,0.8517894436580231,min_distance_A<1.77527
npt_pressure,40,,P-40GPa,Ti-potential/fcc-restart/04-npt-round-2/md/P-40GPa/multi_nnap_md.xyz,2717,0.9603399986,13.80384802,6.613680455,5.725096692,2216,1.7299439216720056,2.0425527632476994,0.8514776006865385,min_distance_A<1.77527
npt_pressure,40,,P-40GPa,Ti-potential/fcc-restart/04-npt-round-2/md/P-40GPa/multi_nnap_md.xyz,2722,0.4956269167,13.81841876,6.411956464,7.068782789,2221,1.7641202354113987,2.1023314288997916,0.8760893473165632,min_distance_A<1.77527
npt_pressure,40,,P-40GPa,Ti-potential/fcc-restart/04-npt-round-2/md/P-40GPa/multi_nnap_md.xyz,2723,0.5877885114,13.80146178,4.710157398,5.180133921,2222,1.7747704691423087,2.09447967096116,0.8731746533464941,min_distance_A<1.77527
npt_pressure,40,,P-40GPa,Ti-potential/fcc-restart/04-npt-round-2/md/P-40GPa/multi_nnap_md.xyz,2724,0.5559018983,13.77559889,5.105940146,5.712065354,2223,1.7679935753991776,2.0712571195762743,0.8640333744447527,min_distance_A<1.77527
npt_pressure,40,,P-40GPa,Ti-potential/fcc-restart/04-npt-round-2/md/P-40GPa/multi_nnap_md.xyz,2728,0.3426325379,13.64095152,6.137751844,6.331139773,2227,1.7657265857009823,2.133594884216729,0.8929567123596305,min_distance_A<1.77527
npt_pressure,40,,P-40GPa,Ti-potential/fcc-restart/04-npt-round-2/md/P-40GPa/multi_nnap_md.xyz,2730,0.5222414901,13.61506178,5.885074923,5.579128073,2229,1.7740391346085003,2.044943784769422,0.8563964039308755,min_distance_A<1.77527
npt_pressure,40,,P-40GPa,Ti-potential/fcc-restart/04-npt-round-2/md/P-40GPa/multi_nnap_md.xyz,2759,0.6762387195,13.66969898,4.714117841,4.994486308,2257,1.7631612430419004,2.168725375227427,0.907022883056336,min_distance_A<1.77527
npt_pressure,40,,P-40GPa,Ti-potential/fcc-restart/04-npt-round-2/md/P-40GPa/multi_nnap_md.xyz,2779,0.9665085245,13.84302365,6.068030175,6.137000016,2277,1.740502147065255,2.061833911153966,0.8587037469537339,min_distance_A<1.77527
npt_pressure,40,,P-40GPa,Ti-potential/fcc-restart/04-npt-round-2/md/P-40GPa/multi_nnap_md.xyz,2780,0.9486795613,13.86082401,5.52197009,5.053770135,2278,1.7341755045227691,2.0731420293365894,0.8630435406896485,min_distance_A<1.77527
npt_pressure,40,,P-40GPa,Ti-potential/fcc-restart/04-npt-round-2/md/P-40GPa/multi_nnap_md.xyz,2805,1.063405335,13.84058124,8.568174892,7.962671435,2303,1.6496222665193179,2.0182152894981864,0.8405870899516862,min_distance_A<1.77527
npt_pressure,40,,P-40GPa,Ti-potential/fcc-restart/04-npt-round-2/md/P-40GPa/multi_nnap_md.xyz,2806,0.8415837976,13.82002489,6.803015956,7.574868624,2304,1.7225732308273727,2.0002813572030123,0.8335304674247004,min_distance_A<1.77527
npt_pressure,40,,P-40GPa,Ti-potential/fcc-restart/04-npt-round-2/md/P-40GPa/multi_nnap_md.xyz,2815,0.6193343957,13.48883489,4.204770848,4.288367309,2313,1.7591506489141353,2.0671275470809496,0.8683786319989096,min_distance_A<1.77527
npt_pressure,40,,P-40GPa,Ti-potential/fcc-restart/04-npt-round-2/md/P-40GPa/multi_nnap_md.xyz,2820,0.960934144,13.5099525,7.216938985,7.96516729,2318,1.7402902579383566,2.026668076240592,0.8509381979408591,min_distance_A<1.77527
npt_pressure,40,,P-40GPa,Ti-potential/fcc-restart/04-npt-round-2/md/P-40GPa/multi_nnap_md.xyz,2821,1.146759734,13.54261542,8.403920627,9.445291819,2319,1.6983207147222301,2.0582307095604437,0.863495088923522,min_distance_A<1.77527
npt_pressure,40,,P-40GPa,Ti-potential/fcc-restart/04-npt-round-2/md/P-40GPa/multi_nnap_md.xyz,2823,1.075915292,13.61076763,7.521545708,6.970659026,2321,1.6855011714612327,2.092946482417776,0.876591490033872,min_distance_A<1.77527
npt_pressure,40,,P-40GPa,Ti-potential/fcc-restart/04-npt-round-2/md/P-40GPa/multi_nnap_md.xyz,2824,0.8753346273,13.63774904,6.63651321,6.097381777,2322,1.7039204492402877,2.0823717404467663,0.8715869050272004,min_distance_A<1.77527
npt_pressure,40,,P-40GPa,Ti-potential/fcc-restart/04-npt-round-2/md/P-40GPa/multi_nnap_md.xyz,2840,0.2756745266,13.64250642,4.98395389,4.893185693,2338,1.7640339264528466,2.0697699534872784,0.8662116541021129,min_distance_A<1.77527
npt_pressure,40,,P-40GPa,Ti-potential/fcc-restart/04-npt-round-2/md/P-40GPa/multi_nnap_md.xyz,2887,0.5889325914,13.55238044,6.104922181,7.096453655,2385,1.7458901503440667,2.11156523172924,0.8856578457902624,min_distance_A<1.77527
npt_pressure,40,,P-40GPa,Ti-potential/fcc-restart/04-npt-round-2/md/P-40GPa/multi_nnap_md.xyz,2912,0.5904071232,13.48756828,4.642048692,5.099218312,2410,1.7480603731301918,1.9564632980435492,0.8219154668906384,min_distance_A<1.77527
npt_pressure,40,,P-40GPa,Ti-potential/fcc-restart/04-npt-round-2/md/P-40GPa/multi_nnap_md.xyz,2913,1.593114203,13.50751954,6.369521763,6.342934828,2411,1.682379197956668,1.991883315781983,0.8363833122271446,min_distance_A<1.77527
npt_pressure,40,,P-40GPa,Ti-potential/fcc-restart/04-npt-round-2/md/P-40GPa/multi_nnap_md.xyz,2915,0.4228869049,13.57766486,4.610058665,4.542920702,2413,1.7641745628759986,2.0496881263190634,0.859170632263221,min_distance_A<1.77527
npt_pressure,40,,P-40GPa,Ti-potential/fcc-restart/04-npt-round-2/md/P-40GPa/multi_nnap_md.xyz,2923,0.5723981896,13.71347057,5.130758188,5.250188337,2421,1.772420613924175,2.04094557731718,0.8526725812835781,min_distance_A<1.77527
npt_pressure,40,,P-40GPa,Ti-potential/fcc-restart/04-npt-round-2/md/P-40GPa/multi_nnap_md.xyz,2933,0.9367132074,13.5551388,7.154448784,7.590694921,2431,1.713777361257447,2.016314743377052,0.8456493824314344,min_distance_A<1.77527
npt_pressure,40,,P-40GPa,Ti-potential/fcc-restart/04-npt-round-2/md/P-40GPa/multi_nnap_md.xyz,2934,0.9421585488,13.58273895,7.265831669,7.698131783,2432,1.7140499696881435,2.077346261415401,0.8706556875318779,min_distance_A<1.77527
npt_pressure,40,,P-40GPa,Ti-potential/fcc-restart/04-npt-round-2/md/P-40GPa/multi_nnap_md.xyz,2965,0.4354713053,13.57416401,5.966722543,6.418960066,2463,1.7304718014808729,2.0847797479400816,0.8739551557961887,min_distance_A<1.77527
npt_pressure,40,,P-40GPa,Ti-potential/fcc-restart/04-npt-round-2/md/P-40GPa/multi_nnap_md.xyz,2966,0.6788387415,13.51669665,5.242663648,4.640902633,2464,1.7632906402113975,2.108214123707116,0.8850297359522694,min_distance_A<1.77527
npt_pressure,40,,P-40GPa,Ti-potential/fcc-restart/04-npt-round-2/md/P-40GPa/multi_nnap_md.xyz,2967,0.979241089,13.46695188,8.189954948,6.280673279,2465,1.6541248393430823,2.1035709785748926,0.8841665238896628,min_distance_A<1.77527
npt_pressure,40,,P-40GPa,Ti-potential/fcc-restart/04-npt-round-2/md/P-40GPa/multi_nnap_md.xyz,2990,0.3097117708,13.34769571,4.467187941,4.318359226,2488,1.7634884245417157,1.9707382896388534,0.8307943265845978,min_distance_A<1.77527
npt_pressure,40,,P-40GPa,Ti-potential/fcc-restart/04-npt-round-2/md/P-40GPa/multi_nnap_md.xyz,2991,0.3599135042,13.33582787,5.403242533,4.98192776,2489,1.7556770502472419,1.9483981936468429,0.8216201048431279,min_distance_A<1.77527
npt_pressure,40,,P-40GPa,Ti-potential/fcc-restart/04-npt-round-2/md/P-40GPa/multi_nnap_md.xyz,2993,2.306219846,13.39331779,8.717642608,4.976260107,2491,1.592143793595348,1.9804353982796172,0.8339332480942332,min_distance_A<1.77527
npt_pressure,40,,P-40GPa,Ti-potential/fcc-restart/04-npt-round-2/md/P-40GPa/multi_nnap_md.xyz,2994,2.474846497,13.4605731,7.917023674,5.266017815,2492,1.6102113898469,1.9852111356641853,0.8345496621039517,min_distance_A<1.77527
npt_pressure,40,,P-40GPa,Ti-potential/fcc-restart/04-npt-round-2/md/P-40GPa/multi_nnap_md.xyz,3013,0.6149974372,13.38698134,5.460530503,6.103690117,2511,1.7422124074195608,2.185038865902529,0.9202340109660243,min_distance_A<1.77527
npt_pressure,40,,P-40GPa,Ti-potential/fcc-restart/04-npt-round-2/md/P-40GPa/multi_nnap_md.xyz,3023,0.5535193376,14.09974098,5.624067228,5.839143187,2521,1.7534122087222057,2.136537638457538,0.8843825603307758,min_distance_A<1.77527
npt_pressure,40,,P-40GPa,Ti-potential/fcc-restart/04-npt-round-2/md/P-40GPa/multi_nnap_md.xyz,3024,0.6409372108,14.07733638,6.054014935,6.837278588,2522,1.738915026559223,2.1023628414801117,0.8706979243407181,min_distance_A<1.77527
npt_pressure,40,,P-40GPa,Ti-potential/fcc-restart/04-npt-round-2/md/P-40GPa/multi_nnap_md.xyz,3032,0.3785187427,13.35823816,5.657762278,5.830569714,2530,1.7697874277559091,2.0909839902287946,0.8812537545564192,min_distance_A<1.77527
npt_pressure,40,,P-40GPa,Ti-potential/fcc-restart/04-npt-round-2/md/P-40GPa/multi_nnap_md.xyz,3040,1.308414901,13.6954368,9.101987781,8.221163626,2538,1.6450181460755837,2.0675545332644334,0.8641683251399696,min_distance_A<1.77527
npt_pressure,40,,P-40GPa,Ti-potential/fcc-restart/04-npt-round-2/md/P-40GPa/multi_nnap_md.xyz,3041,1.8678653,13.77297844,10.27828312,9.070979352,2539,1.6063759873584906,2.0393252429767514,0.850766810419417,min_distance_A<1.77527
npt_pressure,40,,P-40GPa,Ti-potential/fcc-restart/04-npt-round-2/md/P-40GPa/multi_nnap_md.xyz,3047,0.3310358447,13.86805497,4.410886995,4.389454201,2545,1.7618875674475212,2.0359974890326833,0.8474330285677801,min_distance_A<1.77527
npt_pressure,40,,P-40GPa,Ti-potential/fcc-restart/04-npt-round-2/md/P-40GPa/multi_nnap_md.xyz,3053,0.554224314,13.38483757,5.774964068,5.49278725,2551,1.7358979145282163,2.0331643568696744,0.85631743347107,min_distance_A<1.77527
npt_pressure,40,,P-40GPa,Ti-potential/fcc-restart/04-npt-round-2/md/P-40GPa/multi_nnap_md.xyz,3054,1.086946538,13.32845706,6.901650334,6.297643879,2552,1.6706563589367065,2.0690605057900706,0.8726630049806073,min_distance_A<1.77527
npt_pressure,40,,P-40GPa,Ti-potential/fcc-restart/04-npt-round-2/md/P-40GPa/multi_nnap_md.xyz,3056,1.17219908,13.28506999,6.996595749,7.108439024,2554,1.69065777428029,2.143177418154541,0.9049060858222601,min_distance_A<1.77527
npt_pressure,40,,P-40GPa,Ti-potential/fcc-restart/04-npt-round-2/md/P-40GPa/multi_nnap_md.xyz,3058,0.4295310301,13.36015582,4.845399183,4.511950652,2556,1.767513803995109,2.086661415634394,0.87938990903265,min_distance_A<1.77527
npt_pressure,40,,P-40GPa,Ti-potential/fcc-restart/04-npt-round-2/md/P-40GPa/multi_nnap_md.xyz,3072,1.43022947,13.6257804,8.188231355,6.636363124,2570,1.6516903161032908,2.105442640333907,0.8815012903900997,min_distance_A<1.77527
npt_pressure,40,,P-40GPa,Ti-potential/fcc-restart/04-npt-round-2/md/P-40GPa/multi_nnap_md.xyz,3073,0.3011226108,13.50310073,5.140879667,5.3451232,2571,1.7572072005749286,2.118258400038907,0.8895446831001892,min_distance_A<1.77527
npt_pressure,40,,P-40GPa,Ti-potential/fcc-restart/04-npt-round-2/md/P-40GPa/multi_nnap_md.xyz,3076,0.5350392876,13.30258237,6.588927788,6.451561929,2574,1.7618276182351875,2.0479602426723686,0.8643232636773596,min_distance_A<1.77527
npt_pressure,40,,P-40GPa,Ti-potential/fcc-restart/04-npt-round-2/md/P-40GPa/multi_nnap_md.xyz,3079,1.809619718,13.45925103,5.744218845,6.700696726,2577,1.7443783040117053,2.030735595067102,0.8537153368976212,min_distance_A<1.77527
npt_pressure,40,,P-40GPa,Ti-potential/fcc-restart/04-npt-round-2/md/P-40GPa/multi_nnap_md.xyz,3080,1.538441109,13.56054964,6.508852565,7.375269167,2578,1.6996979008380815,2.001681894837267,0.8394006414637287,min_distance_A<1.77527
npt_pressure,40,,P-40GPa,Ti-potential/fcc-restart/04-npt-round-2/md/P-40GPa/multi_nnap_md.xyz,3086,0.9691892366,14.09128759,7.761947917,6.935702401,2584,1.7008318164381475,2.0488108299111603,0.848239127347672,min_distance_A<1.77527
npt_pressure,40,,P-40GPa,Ti-potential/fcc-restart/04-npt-round-2/md/P-40GPa/multi_nnap_md.xyz,3102,0.6834668484,13.43375275,7.016797679,7.243973955,2600,1.7262994387515156,2.100948538524362,0.8837911149058828,min_distance_A<1.77527
npt_pressure,40,,P-40GPa,Ti-potential/fcc-restart/04-npt-round-2/md/P-40GPa/multi_nnap_md.xyz,3114,0.2882263402,13.77162752,4.492786145,4.44415245,2612,1.748996001288294,1.9922815668271916,0.8311682799482073,min_distance_A<1.77527
npt_pressure,40,,P-40GPa,Ti-potential/fcc-restart/04-npt-round-2/md/P-40GPa/multi_nnap_md.xyz,3121,0.4947939479,13.16062578,4.033506423,3.879736292,2619,1.7557729971171763,2.0691746563951954,0.8764052498860391,min_distance_A<1.77527
npt_pressure,40,,P-40GPa,Ti-potential/fcc-restart/04-npt-round-2/md/P-40GPa/multi_nnap_md.xyz,3122,0.8559116548,13.15717303,5.158156464,4.514400266,2620,1.7234489862096922,2.1061452842472796,0.8921422982788548,min_distance_A<1.77527
npt_pressure,40,,P-40GPa,Ti-potential/fcc-restart/04-npt-round-2/md/P-40GPa/multi_nnap_md.xyz,3125,0.6425734872,13.35829157,6.358037619,6.494226869,2623,1.7516611507715045,2.008366924982103,0.846433326230888,min_distance_A<1.77527
npt_pressure,40,,P-40GPa,Ti-potential/fcc-restart/04-npt-round-2/md/P-40GPa/multi_nnap_md.xyz,3144,0.3144287607,13.26686695,5.439253155,5.626683734,2642,1.765151052239259,2.067696856945896,0.8734353060250636,min_distance_A<1.77527
npt_pressure,40,,P-40GPa,Ti-potential/fcc-restart/04-npt-round-2/md/P-40GPa/multi_nnap_md.xyz,3160,0.6187283566,13.51760486,5.046753723,4.804493979,2658,1.7734858912376725,2.1438037779795382,0.8999501414938642,min_distance_A<1.77527
npt_pressure,40,,P-40GPa,Ti-potential/fcc-restart/04-npt-round-2/md/P-40GPa/multi_nnap_md.xyz,3164,0.2986511051,13.15630666,4.351948831,4.541148387,2662,1.7626654969971127,2.021642432808725,0.8563665237619992,min_distance_A<1.77527
npt_pressure,40,,P-40GPa,Ti-potential/fcc-restart/04-npt-round-2/md/P-40GPa/multi_nnap_md.xyz,3165,0.6674419279,13.14245819,6.261299583,6.213481931,2663,1.6861516843011188,2.023431197622186,0.8574251940426565,min_distance_A<1.77527
npt_pressure,40,,P-40GPa,Ti-potential/fcc-restart/04-npt-round-2/md/P-40GPa/multi_nnap_md.xyz,3170,0.6720703947,13.55242905,6.181024825,6.773895578,2668,1.7601427497533555,2.126319454718544,0.8918451715261212,min_distance_A<1.77527
npt_pressure,40,,P-40GPa,Ti-potential/fcc-restart/04-npt-round-2/md/P-40GPa/multi_nnap_md.xyz,3183,0.676062615,13.53667339,5.021619296,4.643494722,2681,1.7287743326931302,2.0490976472684554,0.8597892376291876,min_distance_A<1.77527
npt_pressure,40,,P-40GPa,Ti-potential/fcc-restart/04-npt-round-2/md/P-40GPa/multi_nnap_md.xyz,3184,0.5527253535,13.45380538,4.478774455,4.100334703,2682,1.7718573037393888,2.044710383282629,0.8597062593996366,min_distance_A<1.77527
npt_pressure,40,,P-40GPa,Ti-potential/fcc-restart/04-npt-round-2/md/P-40GPa/multi_nnap_md.xyz,3225,0.741708276,13.37768208,6.412653149,6.437531015,2723,1.7206494939192578,2.10741574650388,0.8877484660587031,min_distance_A<1.77527
npt_pressure,40,,P-40GPa,Ti-potential/fcc-restart/04-npt-round-2/md/P-40GPa/multi_nnap_md.xyz,3246,0.4075412581,13.47217337,4.758136426,4.531495244,2744,1.7718911475450867,1.9919080359920083,0.8371245195888188,min_distance_A<1.77527
npt_pressure,40,,P-40GPa,Ti-potential/fcc-restart/04-npt-round-2/md/P-40GPa/multi_nnap_md.xyz,3247,0.4412024193,13.33674119,4.985068475,4.756273867,2745,1.7551163175190438,2.0111726078413485,0.8480720899028179,min_distance_A<1.77527
npt_pressure,40,,P-40GPa,Ti-potential/fcc-restart/04-npt-round-2/md/P-40GPa/multi_nnap_md.xyz,3250,0.6664482774,13.11281582,5.850799081,6.202117183,2748,1.7338045655309697,2.040920328423695,0.8654873628778836,min_distance_A<1.77527
npt_pressure,40,,P-40GPa,Ti-potential/fcc-restart/04-npt-round-2/md/P-40GPa/multi_nnap_md.xyz,3272,0.6666607223,13.12015578,5.619699305,5.74566358,2770,1.7040904707347826,1.9688334087088188,0.8347619399901974,min_distance_A<1.77527
npt_pressure,40,,P-40GPa,Ti-potential/fcc-restart/04-npt-round-2/md/P-40GPa/multi_nnap_md.xyz,3273,0.7039713187,13.11048141,4.944191547,4.981925078,2771,1.7360003537630375,1.9854626329806977,0.8420195431532504,min_distance_A<1.77527
npt_pressure,40,,P-40GPa,Ti-potential/fcc-restart/04-npt-round-2/md/P-40GPa/multi_nnap_md.xyz,3274,1.157515991,13.14368687,6.206187076,5.379263414,2772,1.6775601209241298,1.9976504973121292,0.8464742923040786,min_distance_A<1.77527
npt_pressure,40,,P-40GPa,Ti-potential/fcc-restart/04-npt-round-2/md/P-40GPa/multi_nnap_md.xyz,3275,1.053157434,13.21803752,4.698084344,4.545930622,2773,1.719235552462761,2.0028586833837454,0.8470869299252333,min_distance_A<1.77527
npt_pressure,40,,P-40GPa,Ti-potential/fcc-restart/04-npt-round-2/md/P-40GPa/multi_nnap_md.xyz,3277,0.3778120537,13.4579762,4.230140927,4.194244498,2775,1.7585027837841822,2.006558650255653,0.843578054341699,min_distance_A<1.77527
npt_pressure,40,,P-40GPa,Ti-potential/fcc-restart/04-npt-round-2/md/P-40GPa/multi_nnap_md.xyz,3278,0.4690573804,13.60794482,6.941936084,7.078677015,2776,1.7727834584667261,2.0275144463783525,0.8492452194172002,min_distance_A<1.77527
npt_pressure,40,,P-40GPa,Ti-potential/fcc-restart/04-npt-round-2/md/P-40GPa/multi_nnap_md.xyz,3281,0.3933200848,14.07622363,5.070873033,5.29439994,2779,1.7625781672552954,2.099326422469855,0.8694632948898732,min_distance_A<1.77527
npt_pressure,40,,P-40GPa,Ti-potential/fcc-restart/04-npt-round-2/md/P-40GPa/multi_nnap_md.xyz,3287,0.7300966282,14.05941192,6.841935111,7.485897388,2785,1.7317503581416287,2.0629280532311167,0.8547288503196276,min_distance_A<1.77527
npt_pressure,40,,P-40GPa,Ti-potential/fcc-restart/04-npt-round-2/md/P-40GPa/multi_nnap_md.xyz,3325,0.5827559819,14.01982326,5.68302664,5.833960366,2823,1.7434262344091063,1.9701337613377161,0.8170491838133115,min_distance_A<1.77527
npt_pressure,40,,P-40GPa,Ti-potential/fcc-restart/04-npt-round-2/md/P-40GPa/multi_nnap_md.xyz,3345,0.5597564366,13.98223556,5.472926208,5.793858752,2843,1.7651099098894538,2.12634361630426,0.882621650039193,min_distance_A<1.77527
npt_pressure,40,,P-40GPa,Ti-potential/fcc-restart/04-npt-round-2/md/P-40GPa/multi_nnap_md.xyz,3346,0.8000309182,14.07253498,6.556816496,7.048391398,2844,1.7167291215833447,2.090046932943539,0.8656956985122357,min_distance_A<1.77527
npt_pressure,40,,P-40GPa,Ti-potential/fcc-restart/04-npt-round-2/md/P-40GPa/multi_nnap_md.xyz,3365,0.3307961801,13.8031906,4.898233734,5.435190887,2863,1.7704875187775753,2.1570807590643146,0.8992350853267065,min_distance_A<1.77527
npt_pressure,40,,P-40GPa,Ti-potential/fcc-restart/04-npt-round-2/md/P-40GPa/multi_nnap_md.xyz,3366,0.3800865879,13.92206732,5.969374996,6.445341886,2864,1.7366968390231585,2.07979064578944,0.8645399050651974,min_distance_A<1.77527
npt_pressure,40,,P-40GPa,Ti-potential/fcc-restart/04-npt-round-2/md/P-40GPa/multi_nnap_md.xyz,3368,0.9050638354,14.08855765,7.415288928,8.343203128,2866,1.7152829601016693,2.1132987992717904,0.8749946449210324,min_distance_A<1.77527
npt_pressure,40,,P-40GPa,Ti-potential/fcc-restart/04-npt-round-2/md/P-40GPa/multi_nnap_md.xyz,3369,0.5628404508,14.12035783,6.423875964,7.159282603,2867,1.754005306132537,2.109678702164287,0.872839551958877,min_distance_A<1.77527
npt_pressure,40,,P-40GPa,Ti-potential/fcc-restart/04-npt-round-2/md/P-40GPa/multi_nnap_md.xyz,3370,0.7803893663,14.11338289,7.503994355,7.71559195,2868,1.7362567957995048,2.079856164274808,0.860642774568351,min_distance_A<1.77527
npt_pressure,40,,P-40GPa,Ti-potential/fcc-restart/04-npt-round-2/md/P-40GPa/multi_nnap_md.xyz,3395,0.801834022,13.74608706,6.895953603,6.88999729,2893,1.6959006458053185,2.1489918936367562,0.8971018396055512,min_distance_A<1.77527
npt_pressure,40,,P-40GPa,Ti-potential/fcc-restart/04-npt-round-2/md/P-40GPa/multi_nnap_md.xyz,3396,0.8396091677,13.63418372,6.512667253,6.760613,2894,1.7004104248308907,2.1507627551888358,0.9002907608018833,min_distance_A<1.77527
npt_pressure,40,,P-40GPa,Ti-potential/fcc-restart/04-npt-round-2/md/P-40GPa/multi_nnap_md.xyz,3401,0.531462497,13.27732298,5.8732287,5.73247615,2899,1.7541803134131915,1.9996687312433055,0.844477110106457,min_distance_A<1.77527
npt_pressure,40,,P-40GPa,Ti-potential/fcc-restart/04-npt-round-2/md/P-40GPa/multi_nnap_md.xyz,3406,1.228670351,13.44947713,7.084624791,7.748629357,2904,1.6982320327862384,2.0261279479505006,0.8519845779909238,min_distance_A<1.77527
npt_pressure,40,,P-40GPa,Ti-potential/fcc-restart/04-npt-round-2/md/P-40GPa/multi_nnap_md.xyz,3407,1.058901315,13.534426,6.064492022,7.142104081,2905,1.718467564999076,2.0793385611047768,0.8725264349633413,min_distance_A<1.77527
npt_pressure,40,,P-40GPa,Ti-potential/fcc-restart/04-npt-round-2/md/P-40GPa/multi_nnap_md.xyz,3414,0.4727720314,13.78036879,5.39467789,5.305614072,2912,1.77492300395541,2.167731475587473,0.9041736995827455,min_distance_A<1.77527
npt_pressure,40,,P-40GPa,Ti-potential/fcc-restart/04-npt-round-2/md/P-40GPa/multi_nnap_md.xyz,3415,0.626882713,13.72895039,6.616657277,6.644020809,2913,1.7327118268599608,2.1849986128111967,0.9125122858073496,min_distance_A<1.77527
npt_pressure,40,,P-40GPa,Ti-potential/fcc-restart/04-npt-round-2/md/P-40GPa/multi_nnap_md.xyz,3417,0.9148577427,13.63132002,7.187601493,7.778649176,2915,1.7166564015094592,2.138321768478427,0.8951457468777804,min_distance_A<1.77527
npt_pressure,40,,P-40GPa,Ti-potential/fcc-restart/04-npt-round-2/md/P-40GPa/multi_nnap_md.xyz,3424,0.4688023221,13.72072698,3.834192022,4.015379429,2922,1.8332223528407383,2.2656907053293405,0.9464004005987482,normalized_void>0.946161
npt_pressure,40,,P-40GPa,Ti-potential/fcc-restart/04-npt-round-2/md/P-40GPa/multi_nnap_md.xyz,3425,0.3587693381,13.76293263,3.477597508,3.616337087,2923,1.835099996540467,2.3108050831243774,0.964257412825815,normalized_void>0.946161
npt_pressure,40,,P-40GPa,Ti-potential/fcc-restart/04-npt-round-2/md/P-40GPa/multi_nnap_md.xyz,3426,0.3453646654,13.8058038,5.581738061,5.58665199,2924,1.8270575395473088,2.287130607605388,0.9533895781825565,normalized_void>0.946161
npt_pressure,40,,P-40GPa,Ti-potential/fcc-restart/04-npt-round-2/md/P-40GPa/multi_nnap_md.xyz,3433,0.5687223343,13.78162734,5.223667206,5.125659918,2931,1.7609422380319535,2.049399169047182,0.8547905686569041,min_distance_A<1.77527
npt_pressure,40,,P-40GPa,Ti-potential/fcc-restart/04-npt-round-2/md/P-40GPa/multi_nnap_md.xyz,3434,0.9891451765,13.72633645,5.884296382,5.392958181,2932,1.7089507557671197,2.030777577108442,0.8481593998581114,min_distance_A<1.77527
npt_pressure,40,,P-40GPa,Ti-potential/fcc-restart/04-npt-round-2/md/P-40GPa/multi_nnap_md.xyz,3435,0.7237225199,13.66582125,5.262790671,5.771059249,2933,1.7642350448885098,2.0354110760160204,0.8513475454706181,min_distance_A<1.77527
npt_pressure,40,,P-40GPa,Ti-potential/fcc-restart/04-npt-round-2/md/P-40GPa/multi_nnap_md.xyz,3484,0.3626080317,13.35273805,6.271702336,6.546405175,2982,1.7489124428776397,2.113888323450681,0.8910291867805336,min_distance_A<1.77527
npt_pressure,40,,P-40GPa,Ti-potential/fcc-restart/04-npt-round-2/md/P-40GPa/multi_nnap_md.xyz,3501,0.3262975652,13.40987044,5.176873871,5.297878002,2999,1.7674517414150814,2.1406708611387604,0.9010350879379394,min_distance_A<1.77527
npt_pressure,40,,P-40GPa,Ti-potential/fcc-restart/04-npt-round-2/md/P-40GPa/multi_nnap_md.xyz,3523,1.042223333,13.50355389,7.014596678,6.579317953,3021,1.6954987938128148,2.0278539241495994,0.851570562665622,min_distance_A<1.77527
npt_pressure,40,,P-40GPa,Ti-potential/fcc-restart/04-npt-round-2/md/P-40GPa/multi_nnap_md.xyz,3524,1.704444433,13.46922599,8.606994693,7.508351617,3022,1.6284273207635656,2.036113201108308,0.8557647099856389,min_distance_A<1.77527
npt_pressure,40,,P-40GPa,Ti-potential/fcc-restart/04-npt-round-2/md/P-40GPa/multi_nnap_md.xyz,3560,0.6310460404,13.86229911,6.458381326,6.103365994,3058,1.7395712719914582,2.003618876340491,0.8340716491180707,min_distance_A<1.77527
npt_pressure,40,,P-40GPa,Ti-potential/fcc-restart/04-npt-round-2/md/P-40GPa/multi_nnap_md.xyz,3576,0.7055482783,13.89007133,7.045131047,6.552054554,3074,1.6991024637635512,2.087300191961845,0.8683272314973356,min_distance_A<1.77527
npt_pressure,40,,P-40GPa,Ti-potential/fcc-restart/04-npt-round-2/md/P-40GPa/multi_nnap_md.xyz,3577,0.8015765628,13.9190665,5.80918508,5.802269064,3075,1.761279819408933,2.1138014948722774,0.8787408800960289,min_distance_A<1.77527
npt_pressure,40,,P-40GPa,Ti-potential/fcc-restart/04-npt-round-2/md/P-40GPa/multi_nnap_md.xyz,3579,0.6840319061,13.92435686,6.79320492,6.542970892,3077,1.7104488419075483,2.22012988285067,0.9228263798909,min_distance_A<1.77527
npt_pressure,40,,P-40GPa,Ti-potential/fcc-restart/04-npt-round-2/md/P-40GPa/multi_nnap_md.xyz,3593,1.260701506,13.45649581,6.582806281,6.96620918,3091,1.6761173371464126,2.0079227932683623,0.8441825089355482,min_distance_A<1.77527
npt_pressure,40,,P-40GPa,Ti-potential/fcc-restart/04-npt-round-2/md/P-40GPa/multi_nnap_md.xyz,3594,1.342890969,13.49130828,7.183972138,7.311563059,3092,1.65439955601516,2.0268669744388172,0.8514135503135932,min_distance_A<1.77527
npt_pressure,40,,P-40GPa,Ti-potential/fcc-restart/04-npt-round-2/md/P-40GPa/multi_nnap_md.xyz,3614,0.5525114511,13.34529483,5.753654872,6.01952221,3112,1.7517910051932528,2.031030564823248,0.8562627833014789,min_distance_A<1.77527
npt_pressure,40,,P-40GPa,Ti-potential/fcc-restart/04-npt-round-2/md/P-40GPa/multi_nnap_md.xyz,3619,0.3642210121,13.62883385,6.063788438,6.501603171,3117,1.7526353673553767,2.1020628537182677,0.8800205193312919,min_distance_A<1.77527
npt_pressure,40,,P-40GPa,Ti-potential/fcc-restart/04-npt-round-2/md/P-40GPa/multi_nnap_md.xyz,3629,1.299245902,13.7949146,7.801984274,7.80289631,3127,1.6811064134106435,2.081877597925715,0.8680582186393309,min_distance_A<1.77527
npt_pressure,40,,P-40GPa,Ti-potential/fcc-restart/04-npt-round-2/md/P-40GPa/multi_nnap_md.xyz,3630,0.4514443661,13.73387086,4.824829538,5.069385829,3128,1.7738778211389934,2.126777163611873,0.8880914083260965,min_distance_A<1.77527
npt_pressure,40,,P-40GPa,Ti-potential/fcc-restart/04-npt-round-2/md/P-40GPa/multi_nnap_md.xyz,3637,0.4027908622,13.39181458,5.995233758,6.393961498,3135,1.7605144762638154,2.037699799762268,0.8580785787180645,min_distance_A<1.77527
npt_pressure,40,,P-40GPa,Ti-potential/fcc-restart/04-npt-round-2/md/P-40GPa/multi_nnap_md.xyz,3638,0.7411086649,13.40126966,6.485885785,6.409145091,3136,1.7213295249839782,2.0547397290809046,0.8650505824485741,min_distance_A<1.77527
npt_pressure,40,,P-40GPa,Ti-potential/fcc-restart/04-npt-round-2/md/P-40GPa/multi_nnap_md.xyz,3639,0.5555322311,13.43715898,6.01815122,5.928756031,3137,1.7583798721435613,2.110904889985953,0.8879043440039092,min_distance_A<1.77527
npt_pressure,40,,P-40GPa,Ti-potential/fcc-restart/04-npt-round-2/md/P-40GPa/multi_nnap_md.xyz,3640,0.4690230102,13.49747406,5.623093063,5.641853275,3138,1.7573060388957242,2.159830496321748,0.9071285489745797,min_distance_A<1.77527
npt_pressure,40,,P-40GPa,Ti-potential/fcc-restart/04-npt-round-2/md/P-40GPa/multi_nnap_md.xyz,3666,1.046566378,13.81155664,6.456238805,5.674958289,3164,1.6935931358943284,2.1204713700283597,0.8837949931522242,min_distance_A<1.77527
npt_pressure,40,,P-40GPa,Ti-potential/fcc-restart/04-npt-round-2/md/P-40GPa/multi_nnap_md.xyz,3667,1.959172487,13.92600783,9.216336363,7.525650476,3165,1.6183295531390436,2.062293599736487,0.8571857624752702,min_distance_A<1.77527
npt_pressure,40,,P-40GPa,Ti-potential/fcc-restart/04-npt-round-2/md/P-40GPa/multi_nnap_md.xyz,3723,0.8136713585,13.22444444,5.593634416,5.775417674,3221,1.7415406456656533,2.018757042166742,0.8536730591114214,min_distance_A<1.77527
npt_pressure,40,,P-40GPa,Ti-potential/fcc-restart/04-npt-round-2/md/P-40GPa/multi_nnap_md.xyz,3728,0.4118239957,13.6058903,5.257888517,5.415616775,3226,1.7631596123257396,2.1304739111035143,0.8924157614531034,min_distance_A<1.77527
npt_pressure,40,,P-40GPa,Ti-potential/fcc-restart/04-npt-round-2/md/P-40GPa/multi_nnap_md.xyz,3743,0.6820820647,13.17707711,3.212587318,3.330521675,3241,1.7634139700947031,1.973947444798752,0.8357233885712755,min_distance_A<1.77527
npt_pressure,40,,P-40GPa,Ti-potential/fcc-restart/04-npt-round-2/md/P-40GPa/multi_nnap_md.xyz,3744,0.8688024388,13.10997129,4.376287499,3.763871014,3242,1.7429209584946235,1.9656166921778278,0.8336138432944583,min_distance_A<1.77527
npt_pressure,40,,P-40GPa,Ti-potential/fcc-restart/04-npt-round-2/md/P-40GPa/multi_nnap_md.xyz,3749,0.7295770937,13.32290951,5.409193961,5.300461031,3247,1.723518495203579,2.0222643755458845,0.8530442736240221,min_distance_A<1.77527
npt_pressure,40,,P-40GPa,Ti-potential/fcc-restart/04-npt-round-2/md/P-40GPa/multi_nnap_md.xyz,3750,0.6210423876,13.45609116,7.244718618,7.462112491,3248,1.7331333881530424,2.057802632943292,0.8651619516781172,min_distance_A<1.77527
npt_pressure,40,,P-40GPa,Ti-potential/fcc-restart/04-npt-round-2/md/P-40GPa/multi_nnap_md.xyz,3751,0.5937208822,13.60385815,7.293411616,7.390992148,3249,1.7375712685260039,2.0744999400781716,0.8690125765198872,min_distance_A<1.77527
npt_pressure,40,,P-40GPa,Ti-potential/fcc-restart/04-npt-round-2/md/P-40GPa/multi_nnap_md.xyz,3767,0.9174923002,13.40443219,5.117669382,4.707844067,3265,1.7232660392112018,2.0623010506893333,0.8681656310597546,min_distance_A<1.77527
npt_pressure,40,,P-40GPa,Ti-potential/fcc-restart/04-npt-round-2/md/P-40GPa/multi_nnap_md.xyz,3768,0.8291515452,13.40378874,4.680575538,4.959977821,3266,1.7700877125426484,2.06854190373113,0.8708067732375744,min_distance_A<1.77527
npt_pressure,40,,P-40GPa,Ti-potential/fcc-restart/04-npt-round-2/md/P-40GPa/multi_nnap_md.xyz,3778,1.009351062,13.98684247,6.872292123,5.977071808,3276,1.6833381866893586,2.072900445821689,0.8603435036275983,min_distance_A<1.77527
npt_pressure,40,,P-40GPa,Ti-potential/fcc-restart/04-npt-round-2/md/P-40GPa/multi_nnap_md.xyz,3779,1.694368245,14.00122143,8.344981226,6.502149219,3277,1.6450337429193937,2.070391968838227,0.8590081144488579,min_distance_A<1.77527
npt_pressure,40,,P-40GPa,Ti-potential/fcc-restart/04-npt-round-2/md/P-40GPa/multi_nnap_md.xyz,3787,0.3964850228,13.52873548,5.204413795,5.509085499,3285,1.756900648222132,2.0615287937832982,0.865174418962087,min_distance_A<1.77527
npt_pressure,40,,P-40GPa,Ti-potential/fcc-restart/04-npt-round-2/md/P-40GPa/multi_nnap_md.xyz,3825,0.4201195355,13.84393284,5.546092707,6.285940456,3323,1.735429657259105,2.050795868625666,0.8540879722230568,min_distance_A<1.77527
npt_pressure,40,,P-40GPa,Ti-potential/fcc-restart/04-npt-round-2/md/P-40GPa/multi_nnap_md.xyz,3855,0.4405111709,13.36442061,4.930780972,4.894428575,3353,1.7751688884839503,2.152708063274456,0.907127693687607,min_distance_A<1.77527
npt_pressure,40,,P-40GPa,Ti-potential/fcc-restart/04-npt-round-2/md/P-40GPa/multi_nnap_md.xyz,3863,0.4983129713,14.24560329,6.521471146,7.41644605,3361,1.7375440388497898,2.1719966020491905,0.8959811222421197,min_distance_A<1.77527
npt_pressure,40,,P-40GPa,Ti-potential/fcc-restart/04-npt-round-2/md/P-40GPa/multi_nnap_md.xyz,3867,0.5717349403,13.92793764,5.000740338,5.242384488,3365,1.7751405237853548,2.2100910515665864,0.9185748734348783,min_distance_A<1.77527
npt_pressure,40,,P-40GPa,Ti-potential/fcc-restart/04-npt-round-2/md/P-40GPa/multi_nnap_md.xyz,3872,1.036620834,13.30259909,5.062144166,5.044903557,3370,1.6980631415662482,2.012116699553229,0.8491954619574611,min_distance_A<1.77527
npt_pressure,40,,P-40GPa,Ti-potential/fcc-restart/04-npt-round-2/md/P-40GPa/multi_nnap_md.xyz,3873,1.394527002,13.23234788,6.038834416,6.206693617,3371,1.6710701003363324,2.02684180799858,0.8569211933447443,min_distance_A<1.77527
npt_pressure,40,,P-40GPa,Ti-potential/fcc-restart/04-npt-round-2/md/P-40GPa/multi_nnap_md.xyz,3875,0.683197723,13.19776802,4.511211771,4.332746857,3373,1.768142088215049,2.0655866622123846,0.8740640479748686,min_distance_A<1.77527
npt_pressure,40,,P-40GPa,Ti-potential/fcc-restart/04-npt-round-2/md/P-40GPa/multi_nnap_md.xyz,3883,0.5032987591,13.94963903,5.827681955,6.30377065,3381,1.7538117437025236,2.0275682329276217,0.8422761210316865,min_distance_A<1.77527
npt_pressure,40,,P-40GPa,Ti-potential/fcc-restart/04-npt-round-2/md/P-40GPa/multi_nnap_md.xyz,3897,1.076523357,13.21957828,7.766003109,8.067360612,3395,1.7289014581961217,2.088284486311304,0.883182513944995,min_distance_A<1.77527
npt_pressure,40,,P-40GPa,Ti-potential/fcc-restart/04-npt-round-2/md/P-40GPa/multi_nnap_md.xyz,3908,0.3804363897,14.20909326,5.902170989,6.340379014,3406,1.7725194509364461,2.157210086875296,0.8906429901686471,min_distance_A<1.77527
npt_pressure,40,,P-40GPa,Ti-potential/fcc-restart/04-npt-round-2/md/P-40GPa/multi_nnap_md.xyz,3926,0.4399960827,13.89700833,6.120881919,6.421134072,3424,1.7432585092713564,2.127777168381366,0.8850185465550277,min_distance_A<1.77527
npt_pressure,40,,P-40GPa,Ti-potential/fcc-restart/04-npt-round-2/md/P-40GPa/multi_nnap_md.xyz,3927,0.5424881665,13.941928,6.761972943,7.154821471,3425,1.731318269952289,2.093070888804785,0.8696469781234587,min_distance_A<1.77527
npt_pressure,40,,P-40GPa,Ti-potential/fcc-restart/04-npt-round-2/md/P-40GPa/multi_nnap_md.xyz,3991,0.5324347895,13.77193518,5.935112392,5.627731306,3489,1.7287788912567983,2.144478111697301,0.8946571308599203,min_distance_A<1.77527
npt_pressure,40,,P-40GPa,Ti-potential/fcc-restart/04-npt-round-2/md/P-40GPa/multi_nnap_md.xyz,3994,1.088387325,13.81221531,8.434914531,9.0115851,3492,1.6833894415686474,2.127060941452728,0.8865273796919482,min_distance_A<1.77527
npt_pressure,40,,P-40GPa,Ti-potential/fcc-restart/04-npt-round-2/md/P-40GPa/multi_nnap_md.xyz,3995,1.060517528,13.78984577,8.083141109,8.497481483,3493,1.6852731466752031,2.105686945938547,0.8780933101651893,min_distance_A<1.77527
npt_pressure,40,,P-40GPa,Ti-potential/fcc-restart/04-npt-round-2/md/P-40GPa/multi_nnap_md.xyz,3998,0.4492400127,13.68194349,4.452624826,4.598018973,3496,1.7667880721868003,2.019086772895396,0.8441877637557393,min_distance_A<1.77527
npt_pressure,40,,P-40GPa,Ti-potential/fcc-restart/04-npt-round-2/md/P-40GPa/multi_nnap_md.xyz,4000,0.48351511,13.6235072,6.303988962,6.539092461,3498,1.756525192075313,2.0255725678380574,0.8481086608142901,min_distance_A<1.77527
npt_pressure,40,,P-40GPa,Ti-potential/fcc-restart/04-npt-round-2/md/P-40GPa/multi_nnap_md.xyz,4045,0.7690196928,13.91089427,5.84970645,5.557451965,3543,1.7305072469433378,2.061952234857939,0.8573541427064373,min_distance_A<1.77527
npt_pressure,40,,P-40GPa,Ti-potential/fcc-restart/04-npt-round-2/md/P-40GPa/multi_nnap_md.xyz,4077,0.5635804395,13.42173228,8.814813185,8.777428607,3575,1.6870515668423494,2.1955973839115446,0.9238820173588178,min_distance_A<1.77527
npt_pressure,40,,P-40GPa,Ti-potential/fcc-restart/04-npt-round-2/md/P-40GPa/multi_nnap_md.xyz,4078,0.8434374775,13.4585144,8.708163249,8.733788912,3576,1.680866203771526,2.1561152155167633,0.9064411014220178,min_distance_A<1.77527
npt_pressure,40,,P-40GPa,Ti-potential/fcc-restart/04-npt-round-2/md/P-40GPa/multi_nnap_md.xyz,4098,0.7954532091,13.52629585,6.881993844,6.733788644,3596,1.6988029687142154,2.0771600076985077,0.8717868723541109,min_distance_A<1.77527
npt_pressure,40,,P-40GPa,Ti-potential/fcc-restart/04-npt-round-2/md/P-40GPa/multi_nnap_md.xyz,4099,1.892608074,13.53274646,9.716330611,8.468740478,3597,1.626162060563802,2.0853040896455086,0.8750658722048422,min_distance_A<1.77527
npt_pressure,40,,P-40GPa,Ti-potential/fcc-restart/04-npt-round-2/md/P-40GPa/multi_nnap_md.xyz,4103,0.5322471628,13.63989054,7.042031409,6.904165877,3601,1.7671073785716447,2.067339048217368,0.8652496108871596,min_distance_A<1.77527
npt_pressure,40,,P-40GPa,Ti-potential/fcc-restart/04-npt-round-2/md/P-40GPa/multi_nnap_md.xyz,4128,0.4494705303,13.5396391,5.927499626,6.313190467,3626,1.7535299113144485,2.1989593640249883,0.9226029545301715,min_distance_A<1.77527
npt_pressure,40,,P-40GPa,Ti-potential/fcc-restart/04-npt-round-2/md/P-40GPa/multi_nnap_md.xyz,4135,1.596240734,13.75016792,8.737251693,7.852303027,3633,1.6422366280312686,2.0635598015530765,0.8613527776357441,min_distance_A<1.77527
npt_pressure,40,,P-40GPa,Ti-potential/fcc-restart/04-npt-round-2/md/P-40GPa/multi_nnap_md.xyz,4136,1.005086241,13.75192357,7.472899917,7.434581052,3634,1.680952089235573,2.1068934508745754,0.8794032975917574,min_distance_A<1.77527
npt_pressure,40,,P-40GPa,Ti-potential/fcc-restart/04-npt-round-2/md/P-40GPa/multi_nnap_md.xyz,4142,0.5027134175,13.57383357,5.505479204,5.967425889,3640,1.7491999447817692,2.199767122734906,0.9221662004234419,min_distance_A<1.77527
npt_pressure,40,,P-40GPa,Ti-potential/fcc-restart/04-npt-round-2/md/P-40GPa/multi_nnap_md.xyz,4160,1.099502367,13.93264586,6.412787905,6.846122041,3658,1.7085891065258383,2.112568137653132,0.8779427415223924,min_distance_A<1.77527
npt_pressure,40,,P-40GPa,Ti-potential/fcc-restart/04-npt-round-2/md/P-40GPa/multi_nnap_md.xyz,4161,1.474121545,13.87812887,7.054493372,7.469759291,3659,1.6804554620836825,2.1009911561890275,0.8742733742802806,min_distance_A<1.77527
npt_pressure,40,,P-40GPa,Ti-potential/fcc-restart/04-npt-round-2/md/P-40GPa/multi_nnap_md.xyz,4165,1.312178439,13.55387642,8.193537223,7.336981278,3663,1.6647703481783211,2.0766882852759743,0.8709972942416077,min_distance_A<1.77527
npt_pressure,40,,P-40GPa,Ti-potential/fcc-restart/04-npt-round-2/md/P-40GPa/multi_nnap_md.xyz,4166,0.4842276356,13.48232951,5.460387323,5.697153817,3664,1.7611048945166532,2.115859521715275,0.8889933613389384,min_distance_A<1.77527
npt_pressure,40,,P-40GPa,Ti-potential/fcc-restart/04-npt-round-2/md/P-40GPa/multi_nnap_md.xyz,4196,0.7732651291,13.59288253,8.20798693,8.377099758,3694,1.7050576174194123,2.0023606769762416,0.8390189823179173,min_distance_A<1.77527
npt_pressure,40,,P-40GPa,Ti-potential/fcc-restart/04-npt-round-2/md/P-40GPa/multi_nnap_md.xyz,4197,1.010504385,13.68424113,9.470758644,9.15745815,3695,1.6729235066962675,2.020960313769666,0.8449238042619336,min_distance_A<1.77527
npt_pressure,40,,P-40GPa,Ti-potential/fcc-restart/04-npt-round-2/md/P-40GPa/multi_nnap_md.xyz,4215,0.5764362579,13.31226059,4.548514422,4.848906515,3713,1.7615792238215027,2.0511264176163215,0.8654496860574343,min_distance_A<1.77527
npt_pressure,40,,P-40GPa,Ti-potential/fcc-restart/04-npt-round-2/md/P-40GPa/multi_nnap_md.xyz,4227,0.9345269165,13.78837906,9.313690937,9.932511682,3725,1.6595544791618178,2.0906257163286233,0.8718435324392043,min_distance_A<1.77527
npt_pressure,40,,P-40GPa,Ti-potential/fcc-restart/04-npt-round-2/md/P-40GPa/multi_nnap_md.xyz,4228,0.7415208852,13.70187375,8.829244566,9.378107641,3726,1.6771727365649454,2.104572771660447,0.8795029357482345,min_distance_A<1.77527
npt_pressure,40,,P-40GPa,Ti-potential/fcc-restart/04-npt-round-2/md/P-40GPa/multi_nnap_md.xyz,4237,0.489087472,13.44734157,5.893815854,5.754069095,3735,1.7714823596462808,2.1284937846200163,0.8950766770257188,min_distance_A<1.77527
npt_pressure,40,,P-40GPa,Ti-potential/fcc-restart/04-npt-round-2/md/P-40GPa/multi_nnap_md.xyz,4238,0.5328836385,13.52133252,5.776381581,5.72367264,3736,1.7667183921075564,2.1482763723293052,0.9017448158027381,min_distance_A<1.77527
npt_pressure,40,,P-40GPa,Ti-potential/fcc-restart/04-npt-round-2/md/P-40GPa/multi_nnap_md.xyz,4256,0.4786911517,13.45500878,4.99960509,4.828637848,3754,1.7496141910082597,2.1065017174909073,0.8856602551097398,min_distance_A<1.77527
npt_pressure,40,,P-40GPa,Ti-potential/fcc-restart/04-npt-round-2/md/P-40GPa/multi_nnap_md.xyz,4257,0.5760233684,13.47765728,5.399102928,5.17140437,3755,1.7228125085581942,2.0929212752484654,0.8794572966672566,min_distance_A<1.77527
npt_pressure,40,,P-40GPa,Ti-potential/fcc-restart/04-npt-round-2/md/P-40GPa/multi_nnap_md.xyz,4266,0.4184419758,13.81404675,5.169636888,4.893814962,3764,1.7652738460046418,2.199325953170356,0.9166058514888081,min_distance_A<1.77527
npt_pressure,40,,P-40GPa,Ti-potential/fcc-restart/04-npt-round-2/md/P-40GPa/multi_nnap_md.xyz,4267,0.4951377133,13.81233384,4.904172017,4.265769771,3765,1.7526834450660789,2.161611986793615,0.9009251645158256,min_distance_A<1.77527
npt_pressure,40,,P-40GPa,Ti-potential/fcc-restart/04-npt-round-2/md/P-40GPa/multi_nnap_md.xyz,4274,0.4499447132,13.56027503,5.340703777,5.567050443,3772,1.7610045514001154,2.0829763069210587,0.873497160177735,min_distance_A<1.77527
npt_pressure,40,,P-40GPa,Ti-potential/fcc-restart/04-npt-round-2/md/P-40GPa/multi_nnap_md.xyz,4277,0.4553727685,13.47404086,4.947456897,5.018105595,3775,1.7673153065099714,2.0894738054176685,0.8780871957016227,min_distance_A<1.77527
npt_pressure,40,,P-40GPa,Ti-potential/fcc-restart/04-npt-round-2/md/P-40GPa/multi_nnap_md.xyz,4278,0.8313435369,13.48093889,6.662327533,5.624378658,3776,1.7533569442982533,2.1124335196310673,0.8875844196320875,min_distance_A<1.77527
npt_pressure,40,,P-40GPa,Ti-potential/fcc-restart/04-npt-round-2/md/P-40GPa/multi_nnap_md.xyz,4295,0.5387588023,13.52945864,5.430389255,5.416616323,3793,1.7334997902525822,2.0628029704673136,0.8656937358334756,min_distance_A<1.77527
npt_pressure,40,,P-40GPa,Ti-potential/fcc-restart/04-npt-round-2/md/P-40GPa/multi_nnap_md.xyz,4296,0.3511047379,13.47920353,5.23088801,5.328159536,3794,1.7594116378564124,2.051340853057593,0.8619520077138813,min_distance_A<1.77527
npt_pressure,40,,P-40GPa,Ti-potential/fcc-restart/04-npt-round-2/md/P-40GPa/multi_nnap_md.xyz,4318,1.083555987,13.6262613,7.681448328,6.903947588,3816,1.697983722545677,2.0957902766995753,0.8774497410771367,min_distance_A<1.77527
npt_pressure,40,,P-40GPa,Ti-potential/fcc-restart/04-npt-round-2/md/P-40GPa/multi_nnap_md.xyz,4319,0.2887316642,13.68408936,5.526628937,5.343532683,3817,1.774576796249848,2.10194145764091,0.8787836784970209,min_distance_A<1.77527
npt_pressure,40,,P-40GPa,Ti-potential/fcc-restart/04-npt-round-2/md/P-40GPa/multi_nnap_md.xyz,4326,0.546844156,13.9678784,6.36019183,6.179708369,3824,1.7519822045192772,2.0820045511420635,0.8645129954952325,min_distance_A<1.77527
npt_pressure,40,,P-40GPa,Ti-potential/fcc-restart/04-npt-round-2/md/P-40GPa/multi_nnap_md.xyz,4328,0.8379550185,13.91836663,6.987901372,6.420957117,3826,1.7225765520489908,2.0845184875351386,0.8665819930576707,min_distance_A<1.77527
npt_pressure,40,,P-40GPa,Ti-potential/fcc-restart/04-npt-round-2/md/P-40GPa/multi_nnap_md.xyz,4334,0.8211884261,13.64602755,7.719264786,8.485168153,3832,1.717999223577715,2.028595773535651,0.8489069746774026,min_distance_A<1.77527
npt_pressure,40,,P-40GPa,Ti-potential/fcc-restart/04-npt-round-2/md/P-40GPa/multi_nnap_md.xyz,4335,0.923365977,13.61278606,7.688025711,8.708619881,3833,1.711392660082277,1.992350532809102,0.8344175129093068,min_distance_A<1.77527
npt_pressure,40,,P-40GPa,Ti-potential/fcc-restart/04-npt-round-2/md/P-40GPa/multi_nnap_md.xyz,4358,0.8017092649,13.32132838,6.03814331,6.196467172,3856,1.7132500730082039,2.0636415975317215,0.8705327124552729,min_distance_A<1.77527
npt_pressure,40,,P-40GPa,Ti-potential/fcc-restart/04-npt-round-2/md/P-40GPa/multi_nnap_md.xyz,4359,0.8620130154,13.32972457,6.637132862,5.698586618,3857,1.67491739408272,2.080911464898581,0.8776335379316499,min_distance_A<1.77527
npt_pressure,40,,P-40GPa,Ti-potential/fcc-restart/04-npt-round-2/md/P-40GPa/multi_nnap_md.xyz,4417,0.4838032559,13.73947282,5.173696258,5.005638277,3915,1.7704502110159968,2.0513944817144765,0.8564969612582706,min_distance_A<1.77527
npt_pressure,40,,P-40GPa,Ti-potential/fcc-restart/04-npt-round-2/md/P-40GPa/multi_nnap_md.xyz,4421,1.814866527,13.4595544,11.01701215,9.723190549,3919,1.6314458942498675,2.0774828484328256,0.8733611843828643,min_distance_A<1.77527
npt_pressure,40,,P-40GPa,Ti-potential/fcc-restart/04-npt-round-2/md/P-40GPa/multi_nnap_md.xyz,4431,1.293330424,13.860789,7.551089522,7.835870541,3929,1.6823156088056836,2.068521290784498,0.8611206645457525,min_distance_A<1.77527
npt_pressure,40,,P-40GPa,Ti-potential/fcc-restart/04-npt-round-2/md/P-40GPa/multi_nnap_md.xyz,4432,0.8431393205,13.92242566,6.243610214,6.241720572,3930,1.737463213120287,2.0294020134592015,0.8435868171531357,min_distance_A<1.77527
npt_pressure,40,,P-40GPa,Ti-potential/fcc-restart/04-npt-round-2/md/P-40GPa/multi_nnap_md.xyz,4451,0.2126025692,13.83279121,3.606565453,3.588805632,3949,1.8491865413610689,2.3272921030929568,0.9694995724450918,normalized_void>0.946161
npt_pressure,40,,P-40GPa,Ti-potential/fcc-restart/04-npt-round-2/md/P-40GPa/multi_nnap_md.xyz,4452,0.2597329879,13.92585786,4.625454054,4.795620855,3950,1.8063631413268029,2.32721500588863,0.9673029728512841,normalized_void>0.946161
npt_pressure,40,,P-40GPa,Ti-potential/fcc-restart/04-npt-round-2/md/P-40GPa/multi_nnap_md.xyz,4453,0.2558109016,13.99301579,3.49025869,3.576905364,3951,1.8953569331678284,2.2839240861961856,0.9477880380552567,normalized_void>0.946161
npt_pressure,40,,P-40GPa,Ti-potential/fcc-restart/04-npt-round-2/md/P-40GPa/multi_nnap_md.xyz,4468,0.400417677,13.38941239,6.09218802,5.994107949,3966,1.7630619228894864,2.1711412992150576,0.9143256763724655,min_distance_A<1.77527
npt_pressure,40,,P-40GPa,Ti-potential/fcc-restart/04-npt-round-2/md/P-40GPa/multi_nnap_md.xyz,4469,0.5433839807,13.47621585,7.133362687,7.457819406,3967,1.7271088780979558,2.1655984704702123,0.9100291068302482,min_distance_A<1.77527
npt_pressure,40,,P-40GPa,Ti-potential/fcc-restart/04-npt-round-2/md/P-40GPa/multi_nnap_md.xyz,4484,0.5127248985,13.43506122,5.077717431,5.739698906,3982,1.7674393909005346,2.0715886048452137,0.8714121886831869,min_distance_A<1.77527
npt_pressure,40,,P-40GPa,Ti-potential/fcc-restart/04-npt-round-2/md/P-40GPa/multi_nnap_md.xyz,4485,1.780376454,13.35702117,9.666950843,8.549736038,3983,1.6061781266330748,2.106510008575501,0.8878242207525792,min_distance_A<1.77527
npt_pressure,40,,P-40GPa,Ti-potential/fcc-restart/04-npt-round-2/md/P-40GPa/multi_nnap_md.xyz,4486,0.8872816475,13.3154529,6.629640773,6.5182089,3984,1.6912515701379696,2.1084865326956383,0.8895810382073615,min_distance_A<1.77527
npt_pressure,40,,P-40GPa,Ti-potential/fcc-restart/04-npt-round-2/md/P-40GPa/multi_nnap_md.xyz,4491,0.6384511966,13.66167922,5.227948609,4.337775743,3989,1.7615185239850504,2.028217434506261,0.8484244006421716,min_distance_A<1.77527
npt_pressure,40,,P-40GPa,Ti-potential/fcc-restart/04-npt-round-2/md/P-40GPa/multi_nnap_md.xyz,4492,0.8701332807,13.80036362,6.080891167,4.931824671,3990,1.7270031800403687,2.151064417206401,0.8967882438741204,min_distance_A<1.77527
npt_pressure,40,,P-40GPa,Ti-potential/fcc-restart/04-npt-round-2/md/P-40GPa/multi_nnap_md.xyz,4512,0.5089833405,13.40116807,6.510709744,6.681335141,4010,1.7221961781690418,2.0117868332749627,0.8469694455996065,min_distance_A<1.77527
npt_pressure,40,,P-40GPa,Ti-potential/fcc-restart/04-npt-round-2/md/P-40GPa/multi_nnap_md.xyz,4513,0.4113554882,13.54176596,6.133179133,6.368277179,4011,1.7377600266497664,2.0169738138091557,0.8462041649607188,min_distance_A<1.77527
npt_pressure,40,,P-40GPa,Ti-potential/fcc-restart/04-npt-round-2/md/P-40GPa/multi_nnap_md.xyz,4520,0.524914822,14.18522273,5.550640698,6.122910575,4018,1.771887971369524,2.098548084191848,0.8669090530334338,min_distance_A<1.77527
npt_pressure,40,,P-40GPa,Ti-potential/fcc-restart/04-npt-round-2/md/P-40GPa/multi_nnap_md.xyz,4534,1.001454552,13.42801762,5.766609275,6.552200836,4032,1.7482128280608245,2.086367113412669,0.8777821823002457,min_distance_A<1.77527
npt_pressure,40,,P-40GPa,Ti-potential/fcc-restart/04-npt-round-2/md/P-40GPa/multi_nnap_md.xyz,4546,0.7754689097,13.77729532,6.443857671,6.640128171,4044,1.7583531579097833,2.1399644988792854,0.8926582971241853,min_distance_A<1.77527
npt_pressure,40,,P-40GPa,Ti-potential/fcc-restart/04-npt-round-2/md/P-40GPa/multi_nnap_md.xyz,4547,1.270927021,13.70576175,7.605716727,7.525990838,4045,1.6827352384575598,2.0765814186277924,0.8677232567886638,min_distance_A<1.77527
npt_pressure,40,,P-40GPa,Ti-potential/fcc-restart/04-npt-round-2/md/P-40GPa/multi_nnap_md.xyz,4548,0.7102414492,13.63122008,4.655860069,4.728653061,4046,1.7636045451053242,2.0197018929024173,0.8454910784062712,min_distance_A<1.77527
npt_pressure,40,,P-40GPa,Ti-potential/fcc-restart/04-npt-round-2/md/P-40GPa/multi_nnap_md.xyz,4549,0.9922494815,13.55793555,6.63752192,6.356874455,4047,1.71693221449147,2.010967214139472,0.8433486131473001,min_distance_A<1.77527
npt_pressure,40,,P-40GPa,Ti-potential/fcc-restart/04-npt-round-2/md/P-40GPa/multi_nnap_md.xyz,4550,1.183002746,13.48957223,7.445661584,7.529571767,4048,1.706753703081928,1.9983929904291826,0.8394886685264558,min_distance_A<1.77527
npt_pressure,40,,P-40GPa,Ti-potential/fcc-restart/04-npt-round-2/md/P-40GPa/multi_nnap_md.xyz,4551,0.8103235757,13.43268639,6.454441208,6.106051865,4049,1.7283421826619376,1.9679829250766707,0.8278793199047655,min_distance_A<1.77527
npt_pressure,40,,P-40GPa,Ti-potential/fcc-restart/04-npt-round-2/md/P-40GPa/multi_nnap_md.xyz,4565,0.2750651026,13.93159224,5.427616837,5.504846916,4063,1.7589650466340685,2.088854975372652,0.8681098900955923,min_distance_A<1.77527
npt_pressure,40,,P-40GPa,Ti-potential/fcc-restart/04-npt-round-2/md/P-40GPa/multi_nnap_md.xyz,4602,0.4685443733,13.41734918,4.953457705,4.981315185,4100,1.7665416034158279,2.020477943789602,0.8502863484710572,min_distance_A<1.77527
npt_pressure,40,,P-40GPa,Ti-potential/fcc-restart/04-npt-round-2/md/P-40GPa/multi_nnap_md.xyz,4624,0.5622776089,13.73196054,6.846049274,7.1236451,4122,1.7701626509190467,2.064701001624893,0.8622098624531409,min_distance_A<1.77527
npt_pressure,40,,P-40GPa,Ti-potential/fcc-restart/04-npt-round-2/md/P-40GPa/multi_nnap_md.xyz,4627,0.8795200398,13.84231017,7.266416617,5.962044879,4125,1.7095946335551209,2.07652970791821,0.8648390476938564,min_distance_A<1.77527
npt_pressure,40,,P-40GPa,Ti-potential/fcc-restart/04-npt-round-2/md/P-40GPa/multi_nnap_md.xyz,4640,0.4266037376,13.44862374,6.217471163,6.874999981,4138,1.7732504728219736,2.0915256936878643,0.8795028606200346,min_distance_A<1.77527
npt_pressure,40,,P-40GPa,Ti-potential/fcc-restart/04-npt-round-2/md/P-40GPa/multi_nnap_md.xyz,4641,0.5172709797,13.417916,6.982477741,7.710236939,4139,1.737143291201155,2.093645563746756,0.881065383391128,min_distance_A<1.77527
npt_pressure,40,,P-40GPa,Ti-potential/fcc-restart/04-npt-round-2/md/P-40GPa/multi_nnap_md.xyz,4666,0.7588123547,13.62049585,4.789711512,4.913155535,4164,1.7248905633633922,2.1157486385912505,0.8859307256549069,min_distance_A<1.77527
npt_pressure,40,,P-40GPa,Ti-potential/fcc-restart/04-npt-round-2/md/P-40GPa/multi_nnap_md.xyz,4667,0.5959465835,13.69548036,6.643972802,6.767970283,4165,1.759174244220562,2.1112967036324126,0.8824501469782796,min_distance_A<1.77527
npt_pressure,40,,P-40GPa,Ti-potential/fcc-restart/04-npt-round-2/md/P-40GPa/multi_nnap_md.xyz,4671,0.9652300143,13.88854709,7.756103799,8.312141649,4169,1.6795210192858079,2.1240720563857605,0.8836568335264658,min_distance_A<1.77527
npt_pressure,40,,P-40GPa,Ti-potential/fcc-restart/04-npt-round-2/md/P-40GPa/multi_nnap_md.xyz,4675,0.7018015325,13.80536718,7.828842853,8.43484034,4173,1.706032254742593,2.135483108789121,0.8901847566778394,min_distance_A<1.77527
npt_pressure,40,,P-40GPa,Ti-potential/fcc-restart/04-npt-round-2/md/P-40GPa/multi_nnap_md.xyz,4705,0.6731079916,13.40865243,3.788345147,3.317145646,4203,1.7715075781545067,2.0482468756527257,0.8621587826493223,min_distance_A<1.77527
npt_pressure,40,,P-40GPa,Ti-potential/fcc-restart/04-npt-round-2/md/P-40GPa/multi_nnap_md.xyz,4708,0.4831396106,13.48141427,5.046101707,5.40263604,4206,1.7735234780995615,2.09555877849769,0.8804837845419353,min_distance_A<1.77527
npt_pressure,40,,P-40GPa,Ti-potential/fcc-restart/04-npt-round-2/md/P-40GPa/multi_nnap_md.xyz,4713,0.2506255929,13.72476357,3.977157843,4.040615395,4211,1.7707377449706996,2.052576935458682,0.8572967038234296,min_distance_A<1.77527
npt_pressure,40,,P-40GPa,Ti-potential/fcc-restart/04-npt-round-2/md/P-40GPa/multi_nnap_md.xyz,4717,0.6077118415,13.71362966,5.968282014,5.485981364,4215,1.71073649919009,2.0497100995927418,0.8563309391379365,min_distance_A<1.77527
npt_pressure,40,,P-40GPa,Ti-potential/fcc-restart/04-npt-round-2/md/P-40GPa/multi_nnap_md.xyz,4737,0.5956911258,13.5858462,4.396230091,4.406429219,4235,1.7515580660117835,2.066456978832099,0.8660257467013737,min_distance_A<1.77527
npt_pressure,40,,P-40GPa,Ti-potential/fcc-restart/04-npt-round-2/md/P-40GPa/multi_nnap_md.xyz,4738,0.9456253175,13.59007813,5.643797079,5.162299046,4236,1.7062204603574136,1.9996794079482918,0.8379531217009387,min_distance_A<1.77527
npt_pressure,40,,P-40GPa,Ti-potential/fcc-restart/04-npt-round-2/md/P-40GPa/multi_nnap_md.xyz,4754,0.4677558447,13.68285108,6.965719797,6.639344527,4252,1.7230000217098096,2.0937835540645797,0.8753994125384249,min_distance_A<1.77527
npt_pressure,40,,P-40GPa,Ti-potential/fcc-restart/04-npt-round-2/md/P-40GPa/multi_nnap_md.xyz,4809,1.214761841,13.41444251,7.671362504,6.622766373,4307,1.7076791933908382,2.040559415582169,0.8587993397950647,min_distance_A<1.77527
npt_pressure,40,,P-40GPa,Ti-potential/fcc-restart/04-npt-round-2/md/P-40GPa/multi_nnap_md.xyz,4810,1.89678223,13.41456006,8.907531965,7.156713667,4308,1.6672127158921712,2.048978957941228,0.8623403087151393,min_distance_A<1.77527
npt_pressure,40,,P-40GPa,Ti-potential/fcc-restart/04-npt-round-2/md/P-40GPa/multi_nnap_md.xyz,4821,0.8890535374,13.9902414,7.689392436,8.935419959,4319,1.7272122818386841,2.0604703952446712,0.8551152327842215,min_distance_A<1.77527
npt_pressure,40,,P-40GPa,Ti-potential/fcc-restart/04-npt-round-2/md/P-40GPa/multi_nnap_md.xyz,4822,0.507601017,13.94818712,6.173293276,6.807530612,4320,1.7651925750083213,2.057401261445705,0.8546987723244327,min_distance_A<1.77527
npt_pressure,40,,P-40GPa,Ti-potential/fcc-restart/04-npt-round-2/md/P-40GPa/multi_nnap_md.xyz,4826,0.4684315218,13.62111143,6.578790897,6.391418976,4324,1.7359153053402954,2.0661804691762047,0.8651619353223283,min_distance_A<1.77527
npt_pressure,40,,P-40GPa,Ti-potential/fcc-restart/04-npt-round-2/md/P-40GPa/multi_nnap_md.xyz,4827,0.3781175618,13.53868609,5.1250008,4.844059039,4325,1.7700438506023786,2.0548536034565656,0.8621616747124782,min_distance_A<1.77527
npt_pressure,40,,P-40GPa,Ti-potential/fcc-restart/04-npt-round-2/md/P-40GPa/multi_nnap_md.xyz,4843,0.6855569511,14.07849741,5.778597028,5.865566774,4341,1.7423903382772885,2.0404272120885882,0.8450239247208966,min_distance_A<1.77527
npt_pressure,40,,P-40GPa,Ti-potential/fcc-restart/04-npt-round-2/md/P-40GPa/multi_nnap_md.xyz,4844,0.7241895833,14.05935007,7.310450398,7.307827803,4342,1.700438677410102,2.08465889435683,0.8637338129180223,min_distance_A<1.77527
npt_pressure,40,,P-40GPa,Ti-potential/fcc-restart/04-npt-round-2/md/P-40GPa/multi_nnap_md.xyz,4845,0.5810184783,14.01560628,6.211350186,6.302764163,4343,1.7648094807499815,2.1519084093470866,0.8925238284780358,min_distance_A<1.77527
npt_pressure,40,,P-40GPa,Ti-potential/fcc-restart/04-npt-round-2/md/P-40GPa/multi_nnap_md.xyz,4848,1.060952638,13.77971995,8.735321883,9.140329482,4346,1.6809579751289407,2.206681637890914,0.9204344904194312,min_distance_A<1.77527
npt_pressure,40,,P-40GPa,Ti-potential/fcc-restart/04-npt-round-2/md/P-40GPa/multi_nnap_md.xyz,4849,0.5984451556,13.69574767,9.125297644,9.319577005,4347,1.7367135798701245,2.252820283939568,0.941596059801082,min_distance_A<1.77527
npt_pressure,40,,P-40GPa,Ti-potential/fcc-restart/04-npt-round-2/md/P-40GPa/multi_nnap_md.xyz,4859,0.7282474806,13.61742935,5.236688406,5.628310312,4357,1.7234124973208873,2.003049892302922,0.8388031576665356,min_distance_A<1.77527
npt_pressure,40,,P-40GPa,Ti-potential/fcc-restart/04-npt-round-2/md/P-40GPa/multi_nnap_md.xyz,4860,0.9864054783,13.62582165,6.124864673,6.447318579,4358,1.6873324926607716,2.034108013806062,0.8516342337325215,min_distance_A<1.77527
npt_pressure,40,,P-40GPa,Ti-potential/fcc-restart/04-npt-round-2/md/P-40GPa/multi_nnap_md.xyz,4869,0.7420502985,13.57147647,4.993434038,5.14805896,4367,1.7323293896014047,1.961003537391038,0.8221215096110946,min_distance_A<1.77527
npt_pressure,40,,P-40GPa,Ti-potential/fcc-restart/04-npt-round-2/md/P-40GPa/multi_nnap_md.xyz,4870,0.9541141695,13.56789172,5.603329589,4.822127463,4368,1.7028798929548403,1.9840152090752614,0.8318420569477216,min_distance_A<1.77527
npt_pressure,40,,P-40GPa,Ti-potential/fcc-restart/04-npt-round-2/md/P-40GPa/multi_nnap_md.xyz,4886,0.5329005462,13.6218396,5.586075584,6.169525673,4384,1.7591542878742297,2.050838311718205,0.8587224845885131,min_distance_A<1.77527
npt_pressure,40,,P-40GPa,Ti-potential/fcc-restart/04-npt-round-2/md/P-40GPa/multi_nnap_md.xyz,4887,1.274389589,13.62629766,8.771878892,8.27231941,4385,1.6746495422282666,2.0344200896029068,0.8517549743911501,min_distance_A<1.77527
npt_pressure,40,,P-40GPa,Ti-potential/fcc-restart/04-npt-round-2/md/P-40GPa/multi_nnap_md.xyz,4895,0.5287601609,13.84776095,5.259285898,5.350796462,4393,1.771148434540808,2.1137763513309,0.8802361130154166,min_distance_A<1.77527
npt_pressure,40,,P-40GPa,Ti-potential/fcc-restart/04-npt-round-2/md/P-40GPa/multi_nnap_md.xyz,4903,0.5278574526,13.72476308,5.988779078,6.599301425,4401,1.7349348639065914,2.0771197344856875,0.8675474678838292,min_distance_A<1.77527
npt_pressure,40,,P-40GPa,Ti-potential/fcc-restart/04-npt-round-2/md/P-40GPa/multi_nnap_md.xyz,4907,1.244446823,13.58093799,6.263392862,6.279182763,4405,1.7066753979781435,2.0251445582006915,0.8488144688403773,min_distance_A<1.77527
npt_pressure,40,,P-40GPa,Ti-potential/fcc-restart/04-npt-round-2/md/P-40GPa/multi_nnap_md.xyz,4908,0.5761533728,13.53439856,4.796147778,4.900448604,4406,1.7729857410671899,2.041634048587596,0.8567055480668953,min_distance_A<1.77527
npt_pressure,40,,P-40GPa,Ti-potential/fcc-restart/04-npt-round-2/md/P-40GPa/multi_nnap_md.xyz,4921,0.5936880526,13.92618307,7.136603183,7.570820844,4419,1.7258642074633903,2.039553897518,0.847730521838116,min_distance_A<1.77527
npt_pressure,40,,P-40GPa,Ti-potential/fcc-restart/04-npt-round-2/md/P-40GPa/multi_nnap_md.xyz,4987,0.9917778135,13.97903983,7.748626071,7.764998491,4485,1.7402839139161486,2.0865110030422858,0.8661535674453197,min_distance_A<1.77527
npt_pressure,50,,P-50GPa,Ti-potential/fcc-restart/04-npt-round-2/md/P-50GPa/multi_nnap_md.xyz,509,0.523378252,13.33147487,5.427181323,4.961128228,10,1.7246975026798739,2.090243590729993,0.881530820757646,min_distance_A<1.77527
npt_pressure,50,,P-50GPa,Ti-potential/fcc-restart/04-npt-round-2/md/P-50GPa/multi_nnap_md.xyz,515,0.6025953146,12.14765579,4.845435819,4.415156883,16,1.7639917716556879,2.070438977729228,0.9006684348703695,min_distance_A<1.77527
npt_pressure,50,,P-50GPa,Ti-potential/fcc-restart/04-npt-round-2/md/P-50GPa/multi_nnap_md.xyz,521,0.339842744,13.04676652,5.46410027,5.652132568,22,1.771462435529498,2.054503077189082,0.8727151179495126,min_distance_A<1.77527
npt_pressure,50,,P-50GPa,Ti-potential/fcc-restart/04-npt-round-2/md/P-50GPa/multi_nnap_md.xyz,534,1.817342244,12.3103956,10.09464172,8.683372518,35,1.5981094080307259,2.000484979736846,0.8663857323911646,min_distance_A<1.77527
npt_pressure,50,,P-50GPa,Ti-potential/fcc-restart/04-npt-round-2/md/P-50GPa/multi_nnap_md.xyz,535,1.494331948,12.17864648,9.188495409,8.88301303,36,1.6289514882088105,1.9303834816334284,0.8390295397362277,min_distance_A<1.77527
npt_pressure,50,,P-50GPa,Ti-potential/fcc-restart/04-npt-round-2/md/P-50GPa/multi_nnap_md.xyz,536,1.065021407,12.12140401,6.925944623,6.678712442,37,1.680561032073239,1.9681413561237504,0.8567852442100793,min_distance_A<1.77527
npt_pressure,50,,P-50GPa,Ti-potential/fcc-restart/04-npt-round-2/md/P-50GPa/multi_nnap_md.xyz,538,0.5791653591,12.23513549,4.705187951,4.954099981,39,1.7683670952712094,2.041356411403836,0.8858956641944201,min_distance_A<1.77527
npt_pressure,50,,P-50GPa,Ti-potential/fcc-restart/04-npt-round-2/md/P-50GPa/multi_nnap_md.xyz,539,0.6683046673,12.39601969,4.278184948,4.312643042,40,1.774518283125976,2.0763410859037426,0.8971628431085452,min_distance_A<1.77527
npt_pressure,50,,P-50GPa,Ti-potential/fcc-restart/04-npt-round-2/md/P-50GPa/multi_nnap_md.xyz,554,1.193781644,12.53690116,4.797327022,4.969722577,55,1.7686885911954804,2.0472225375693083,0.8812551201693799,min_distance_A<1.77527
npt_pressure,50,,P-50GPa,Ti-potential/fcc-restart/04-npt-round-2/md/P-50GPa/multi_nnap_md.xyz,556,1.865742737,12.33398838,7.465736044,6.60481353,57,1.6732957458506657,1.9271445310232338,0.8340903728754162,min_distance_A<1.77527
npt_pressure,50,,P-50GPa,Ti-potential/fcc-restart/04-npt-round-2/md/P-50GPa/multi_nnap_md.xyz,557,1.433618363,12.31270209,6.474486125,5.572216275,58,1.6853669356159822,1.9062129108965606,0.8255060924311171,min_distance_A<1.77527
npt_pressure,50,,P-50GPa,Ti-potential/fcc-restart/04-npt-round-2/md/P-50GPa/multi_nnap_md.xyz,559,0.7211763121,12.43232555,5.67207711,5.848647637,60,1.7426510247201892,1.9584271313052295,0.8453890646313191,min_distance_A<1.77527
npt_pressure,50,,P-50GPa,Ti-potential/fcc-restart/04-npt-round-2/md/P-50GPa/multi_nnap_md.xyz,579,0.6219022249,12.38875508,5.253421483,4.502962027,80,1.7663210111915877,2.032909294281507,0.8785681308535964,min_distance_A<1.77527
npt_pressure,50,,P-50GPa,Ti-potential/fcc-restart/04-npt-round-2/md/P-50GPa/multi_nnap_md.xyz,580,0.8398828184,12.49940575,6.071164,6.157863672,81,1.747665056237543,2.0659767003363645,0.8902164815919221,min_distance_A<1.77527
npt_pressure,50,,P-50GPa,Ti-potential/fcc-restart/04-npt-round-2/md/P-50GPa/multi_nnap_md.xyz,587,0.9578174247,13.70886303,3.976556156,3.951193401,88,1.767623739617567,2.09694461018133,0.8761661688752224,min_distance_A<1.77527
npt_pressure,50,,P-50GPa,Ti-potential/fcc-restart/04-npt-round-2/md/P-50GPa/multi_nnap_md.xyz,588,1.376036296,13.74860212,4.801249626,4.378841052,89,1.706707818572852,2.0810784433646474,0.8686982288677603,min_distance_A<1.77527
npt_pressure,50,,P-50GPa,Ti-potential/fcc-restart/04-npt-round-2/md/P-50GPa/multi_nnap_md.xyz,589,1.207417641,13.72088751,4.554311973,4.406729501,90,1.7087152977162874,2.0489325631412845,0.8558551401435596,min_distance_A<1.77527
npt_pressure,50,,P-50GPa,Ti-potential/fcc-restart/04-npt-round-2/md/P-50GPa/multi_nnap_md.xyz,590,0.7199003853,13.62686656,3.654316158,3.600837582,91,1.7724660590579269,2.0737199745683976,0.8681966581915664,min_distance_A<1.77527
npt_pressure,50,,P-50GPa,Ti-potential/fcc-restart/04-npt-round-2/md/P-50GPa/multi_nnap_md.xyz,598,0.761044005,12.38188866,7.053260321,7.160612067,99,1.7376735687711387,1.978080083853658,0.8550304316433351,min_distance_A<1.77527
npt_pressure,50,,P-50GPa,Ti-potential/fcc-restart/04-npt-round-2/md/P-50GPa/multi_nnap_md.xyz,599,0.7613967017,12.36896007,4.73174708,4.924765907,100,1.7289285334199551,1.9796058210529661,0.8559879670430066,min_distance_A<1.77527
npt_pressure,50,,P-50GPa,Ti-potential/fcc-restart/04-npt-round-2/md/P-50GPa/multi_nnap_md.xyz,600,0.8115854678,12.40912849,5.337313745,5.713785464,101,1.720239423497865,1.979738972754267,0.8551208690444807,min_distance_A<1.77527
npt_pressure,50,,P-50GPa,Ti-potential/fcc-restart/04-npt-round-2/md/P-50GPa/multi_nnap_md.xyz,617,0.8331209051,12.60106914,6.931358289,7.353484366,118,1.7147126263893266,2.007845981247032,0.8628353524243351,min_distance_A<1.77527
npt_pressure,50,,P-50GPa,Ti-potential/fcc-restart/04-npt-round-2/md/P-50GPa/multi_nnap_md.xyz,618,4.451889929,12.5192079,9.695925513,7.586929076,119,1.5558232809141919,2.0243646123451358,0.8718259393257471,min_distance_A<1.77527
npt_pressure,50,,P-50GPa,Ti-potential/fcc-restart/04-npt-round-2/md/P-50GPa/multi_nnap_md.xyz,619,1.329040827,12.47872718,4.865601344,5.684862183,120,1.6678924404012463,2.0245614933061558,0.8728525314140065,min_distance_A<1.77527
npt_pressure,50,,P-50GPa,Ti-potential/fcc-restart/04-npt-round-2/md/P-50GPa/multi_nnap_md.xyz,620,1.588751922,12.48291216,5.819703773,5.277145079,121,1.6848893668593101,1.9794570216866245,0.853311185521432,min_distance_A<1.77527
npt_pressure,50,,P-50GPa,Ti-potential/fcc-restart/04-npt-round-2/md/P-50GPa/multi_nnap_md.xyz,621,0.8498653409,12.53344197,5.880223561,5.945757824,122,1.7486110266236246,2.0057092138540398,0.8634645618138099,min_distance_A<1.77527
npt_pressure,50,,P-50GPa,Ti-potential/fcc-restart/04-npt-round-2/md/P-50GPa/multi_nnap_md.xyz,630,0.7441159362,13.37882887,4.8120859,4.777490761,131,1.7446170588241252,1.978860630700773,0.8335708305002502,min_distance_A<1.77527
npt_pressure,50,,P-50GPa,Ti-potential/fcc-restart/04-npt-round-2/md/P-50GPa/multi_nnap_md.xyz,640,0.4566632278,12.70665738,4.400931066,4.34583404,141,1.769618462657938,1.9862138104666016,0.8511685283046866,min_distance_A<1.77527
npt_pressure,50,,P-50GPa,Ti-potential/fcc-restart/04-npt-round-2/md/P-50GPa/multi_nnap_md.xyz,652,0.5638282711,13.26754657,4.631443317,4.697846845,153,1.7511489759971113,2.110979241288821,0.8917033994741729,min_distance_A<1.77527
npt_pressure,50,,P-50GPa,Ti-potential/fcc-restart/04-npt-round-2/md/P-50GPa/multi_nnap_md.xyz,664,1.176692614,12.90604731,8.020145457,7.537463141,165,1.6756594659641204,2.0321767117216045,0.8663573266497954,min_distance_A<1.77527
npt_pressure,50,,P-50GPa,Ti-potential/fcc-restart/04-npt-round-2/md/P-50GPa/multi_nnap_md.xyz,665,1.237518217,12.96984149,8.419284048,7.820629055,166,1.6673956649584025,2.0635287291565505,0.8782785918322485,min_distance_A<1.77527
npt_pressure,50,,P-50GPa,Ti-potential/fcc-restart/04-npt-round-2/md/P-50GPa/multi_nnap_md.xyz,670,0.4131149055,13.37493978,5.112486293,5.047581423,171,1.7329878718137897,2.0680676176938966,0.8712326100629555,min_distance_A<1.77527
npt_pressure,50,,P-50GPa,Ti-potential/fcc-restart/04-npt-round-2/md/P-50GPa/multi_nnap_md.xyz,675,0.6624709588,13.13889267,4.455572875,4.291963543,176,1.731122221965346,1.9788476976878537,0.8386088635423504,min_distance_A<1.77527
npt_pressure,50,,P-50GPa,Ti-potential/fcc-restart/04-npt-round-2/md/P-50GPa/multi_nnap_md.xyz,680,0.5774501734,12.59054404,6.440520396,6.432259562,181,1.7660206083954495,2.0422745750218345,0.8778748999403335,min_distance_A<1.77527
npt_pressure,50,,P-50GPa,Ti-potential/fcc-restart/04-npt-round-2/md/P-50GPa/multi_nnap_md.xyz,682,0.6551954213,12.55807488,6.857421947,7.180301517,183,1.723495810841129,2.0210246833777012,0.8694886721144457,min_distance_A<1.77527
npt_pressure,50,,P-50GPa,Ti-potential/fcc-restart/04-npt-round-2/md/P-50GPa/multi_nnap_md.xyz,696,0.4072992209,13.11438292,7.443314959,7.876982169,197,1.7570438163411102,2.1181787040539333,0.898214325562131,min_distance_A<1.77527
npt_pressure,50,,P-50GPa,Ti-potential/fcc-restart/04-npt-round-2/md/P-50GPa/multi_nnap_md.xyz,697,0.6140442991,13.00588224,7.999066879,8.65261953,198,1.7197006776437707,2.094114928614288,0.8904726267144821,min_distance_A<1.77527
npt_pressure,50,,P-50GPa,Ti-potential/fcc-restart/04-npt-round-2/md/P-50GPa/multi_nnap_md.xyz,700,1.077210922,12.71960964,6.95184966,7.006827295,201,1.7055715085518877,1.9798209378130713,0.8481408577192644,min_distance_A<1.77527
npt_pressure,50,,P-50GPa,Ti-potential/fcc-restart/04-npt-round-2/md/P-50GPa/multi_nnap_md.xyz,706,0.6534482715,12.88381838,6.470789246,6.903297006,207,1.7215522762911788,1.9863273506296495,0.8472975642373851,min_distance_A<1.77527
npt_pressure,50,,P-50GPa,Ti-potential/fcc-restart/04-npt-round-2/md/P-50GPa/multi_nnap_md.xyz,707,2.000143209,12.98664956,9.396765766,6.990718616,208,1.6122275139855116,2.0119627000444615,0.8559614738914187,min_distance_A<1.77527
npt_pressure,50,,P-50GPa,Ti-potential/fcc-restart/04-npt-round-2/md/P-50GPa/multi_nnap_md.xyz,708,0.6837783183,13.09807538,6.085630623,5.6493523,209,1.7391294270550837,2.0474192633341826,0.8685689298245663,min_distance_A<1.77527
npt_pressure,50,,P-50GPa,Ti-potential/fcc-restart/04-npt-round-2/md/P-50GPa/multi_nnap_md.xyz,718,0.909413359,13.02108534,6.406681754,6.11149519,219,1.726829960211387,2.0683485224486695,0.8791736408213902,min_distance_A<1.77527
npt_pressure,50,,P-50GPa,Ti-potential/fcc-restart/04-npt-round-2/md/P-50GPa/multi_nnap_md.xyz,723,0.8217532282,12.6911772,5.188242307,4.156784757,224,1.7316891511561,2.129671117879973,0.9130163857165107,min_distance_A<1.77527
npt_pressure,50,,P-50GPa,Ti-potential/fcc-restart/04-npt-round-2/md/P-50GPa/multi_nnap_md.xyz,724,1.776485924,12.72728306,9.125809677,7.334739231,225,1.6286636111263844,2.130663599946772,0.9125772800574724,min_distance_A<1.77527
npt_pressure,50,,P-50GPa,Ti-potential/fcc-restart/04-npt-round-2/md/P-50GPa/multi_nnap_md.xyz,760,0.2811980184,12.93423368,4.246720434,4.324541695,261,1.8863215227022125,2.227882282272322,0.9491000697352566,normalized_void>0.946161
npt_pressure,50,,P-50GPa,Ti-potential/fcc-restart/04-npt-round-2/md/P-50GPa/multi_nnap_md.xyz,764,0.6914214865,12.86205233,5.306601626,5.68209995,265,1.7500786399378894,2.1014188327289767,0.8968969131911917,min_distance_A<1.77527
npt_pressure,50,,P-50GPa,Ti-potential/fcc-restart/04-npt-round-2/md/P-50GPa/multi_nnap_md.xyz,765,0.8284334383,12.88703709,5.49181085,6.053512593,266,1.7490103512097748,2.101672414078295,0.8964250781659034,min_distance_A<1.77527
npt_pressure,50,,P-50GPa,Ti-potential/fcc-restart/04-npt-round-2/md/P-50GPa/multi_nnap_md.xyz,766,0.7823124278,12.92074179,6.051292239,6.416265229,267,1.7406652408429002,2.074389592849979,0.8840181379177852,min_distance_A<1.77527
npt_pressure,50,,P-50GPa,Ti-potential/fcc-restart/04-npt-round-2/md/P-50GPa/multi_nnap_md.xyz,771,0.6137207431,13.15643191,4.149268627,4.111934244,272,1.752243989523957,2.070385495061362,0.8770112725311708,min_distance_A<1.77527
npt_pressure,50,,P-50GPa,Ti-potential/fcc-restart/04-npt-round-2/md/P-50GPa/multi_nnap_md.xyz,772,0.6489814517,13.18397511,6.33649211,7.341931276,273,1.7239905220155654,2.0342841656185056,0.8611183168973634,min_distance_A<1.77527
npt_pressure,50,,P-50GPa,Ti-potential/fcc-restart/04-npt-round-2/md/P-50GPa/multi_nnap_md.xyz,773,0.5797856632,13.19487165,6.14215014,6.596009015,274,1.7437238550221605,2.0338176276598836,0.8606837771250946,min_distance_A<1.77527
npt_pressure,50,,P-50GPa,Ti-potential/fcc-restart/04-npt-round-2/md/P-50GPa/multi_nnap_md.xyz,775,1.436901299,13.17025608,6.834125106,5.264068669,276,1.6436734785708127,2.0420811693021474,0.8647188523413131,min_distance_A<1.77527
npt_pressure,50,,P-50GPa,Ti-potential/fcc-restart/04-npt-round-2/md/P-50GPa/multi_nnap_md.xyz,776,0.6664231908,13.13811599,4.473730389,4.18736035,277,1.7142072379908688,2.0622652548574654,0.873977316389337,min_distance_A<1.77527
npt_pressure,50,,P-50GPa,Ti-potential/fcc-restart/04-npt-round-2/md/P-50GPa/multi_nnap_md.xyz,786,1.366887959,12.7109197,6.082380138,5.072215192,287,1.6869658738429147,1.9849014997866534,0.8505110651145171,min_distance_A<1.77527
npt_pressure,50,,P-50GPa,Ti-potential/fcc-restart/04-npt-round-2/md/P-50GPa/multi_nnap_md.xyz,787,0.9804157237,12.72608004,5.355308833,4.532575706,288,1.7145142646459923,1.9994558034297334,0.856407099062104,min_distance_A<1.77527
npt_pressure,50,,P-50GPa,Ti-potential/fcc-restart/04-npt-round-2/md/P-50GPa/multi_nnap_md.xyz,802,0.4778431493,12.94047137,4.348910908,4.65185748,303,1.7652205594283417,1.9941300080130033,0.8493827500953384,min_distance_A<1.77527
npt_pressure,50,,P-50GPa,Ti-potential/fcc-restart/04-npt-round-2/md/P-50GPa/multi_nnap_md.xyz,808,0.5739490657,12.6394508,5.145193461,4.619565233,309,1.7617830612952918,2.0117946033255207,0.8636562181896429,min_distance_A<1.77527
npt_pressure,50,,P-50GPa,Ti-potential/fcc-restart/04-npt-round-2/md/P-50GPa/multi_nnap_md.xyz,823,0.5110576646,13.13755402,6.05732807,6.218175193,324,1.7433774501293442,2.1312622206716823,0.9032307509525114,min_distance_A<1.77527
npt_pressure,50,,P-50GPa,Ti-potential/fcc-restart/04-npt-round-2/md/P-50GPa/multi_nnap_md.xyz,831,0.6557387854,12.64098742,5.095793098,5.317526674,332,1.7351149692678238,2.070834426175411,0.8889657792796771,min_distance_A<1.77527
npt_pressure,50,,P-50GPa,Ti-potential/fcc-restart/04-npt-round-2/md/P-50GPa/multi_nnap_md.xyz,832,0.6576777237,12.67075202,5.321244758,4.399519183,333,1.7354532295263458,2.0858076756434145,0.894691814802527,min_distance_A<1.77527
npt_pressure,50,,P-50GPa,Ti-potential/fcc-restart/04-npt-round-2/md/P-50GPa/multi_nnap_md.xyz,839,0.4800411946,13.17787527,5.534412766,5.728389003,340,1.7475354056770853,2.0981666461320114,0.8882969713932207,min_distance_A<1.77527
npt_pressure,50,,P-50GPa,Ti-potential/fcc-restart/04-npt-round-2/md/P-50GPa/multi_nnap_md.xyz,847,0.4693375427,12.89493681,5.639191234,5.662471996,348,1.7507698823965323,2.0501572120004337,0.8742737237502344,min_distance_A<1.77527
npt_pressure,50,,P-50GPa,Ti-potential/fcc-restart/04-npt-round-2/md/P-50GPa/multi_nnap_md.xyz,848,0.5509863593,12.81272206,5.215665272,5.117406151,349,1.7573606703675704,1.9902696290059478,0.850546602371664,min_distance_A<1.77527
npt_pressure,50,,P-50GPa,Ti-potential/fcc-restart/04-npt-round-2/md/P-50GPa/multi_nnap_md.xyz,866,0.8772124519,13.15179119,5.022504797,4.703973913,367,1.729054499527499,2.121383907896649,0.8987197831364953,min_distance_A<1.77527
npt_pressure,50,,P-50GPa,Ti-potential/fcc-restart/04-npt-round-2/md/P-50GPa/multi_nnap_md.xyz,867,0.7730949577,13.06673997,6.540168684,6.140166845,368,1.7203520175943783,2.177613537274882,0.9245386217442411,min_distance_A<1.77527
npt_pressure,50,,P-50GPa,Ti-potential/fcc-restart/04-npt-round-2/md/P-50GPa/multi_nnap_md.xyz,870,0.7364133537,12.8762412,5.414046049,5.209696263,371,1.7495185961932953,2.106882459967037,0.8988983980952575,min_distance_A<1.77527
npt_pressure,50,,P-50GPa,Ti-potential/fcc-restart/04-npt-round-2/md/P-50GPa/multi_nnap_md.xyz,871,0.7514478534,12.85105385,5.246000387,5.325249722,372,1.7528164467183571,2.0583142276392574,0.8787501825437131,min_distance_A<1.77527
npt_pressure,50,,P-50GPa,Ti-potential/fcc-restart/04-npt-round-2/md/P-50GPa/multi_nnap_md.xyz,879,1.636166182,13.1177151,7.471017758,5.66061944,380,1.6341496261788337,2.022977984230216,0.8577717882132558,min_distance_A<1.77527
npt_pressure,50,,P-50GPa,Ti-potential/fcc-restart/04-npt-round-2/md/P-50GPa/multi_nnap_md.xyz,880,1.652411513,13.13534769,7.913271334,6.2099049,381,1.6309624845989625,2.039044034735916,0.8641969856557348,min_distance_A<1.77527
npt_pressure,50,,P-50GPa,Ti-potential/fcc-restart/04-npt-round-2/md/P-50GPa/multi_nnap_md.xyz,893,0.5172578079,12.8840885,4.536838838,4.551983154,394,1.768700143302921,2.0543038056974563,0.876287811352773,min_distance_A<1.77527
npt_pressure,50,,P-50GPa,Ti-potential/fcc-restart/04-npt-round-2/md/P-50GPa/multi_nnap_md.xyz,905,0.4761139893,12.98483948,7.260013949,7.126094596,406,1.7611305974468703,2.0161668510703867,0.8577899262232598,min_distance_A<1.77527
npt_pressure,50,,P-50GPa,Ti-potential/fcc-restart/04-npt-round-2/md/P-50GPa/multi_nnap_md.xyz,906,0.4981452567,12.94484472,6.902017511,7.249156891,407,1.704076694956878,2.0469747431991783,0.8717933174585354,min_distance_A<1.77527
npt_pressure,50,,P-50GPa,Ti-potential/fcc-restart/04-npt-round-2/md/P-50GPa/multi_nnap_md.xyz,911,1.41616048,12.92250442,8.059238714,6.673701086,412,1.6580951381970837,1.9578072294457505,0.8342976712885827,min_distance_A<1.77527
npt_pressure,50,,P-50GPa,Ti-potential/fcc-restart/04-npt-round-2/md/P-50GPa/multi_nnap_md.xyz,912,0.4673956537,12.96031975,5.396809043,5.449902228,413,1.7657894203923616,1.9619824009861413,0.8352629198408885,min_distance_A<1.77527
npt_pressure,50,,P-50GPa,Ti-potential/fcc-restart/04-npt-round-2/md/P-50GPa/multi_nnap_md.xyz,915,0.5765396654,13.09162065,6.617078959,7.174551648,416,1.7327334584049567,2.0398586510751624,0.8655037167060265,min_distance_A<1.77527
npt_pressure,50,,P-50GPa,Ti-potential/fcc-restart/04-npt-round-2/md/P-50GPa/multi_nnap_md.xyz,917,0.3177316603,13.1583175,5.008234631,5.13559,418,1.773397964608359,1.9944389836674719,0.8448001207863015,min_distance_A<1.77527
npt_pressure,50,,P-50GPa,Ti-potential/fcc-restart/04-npt-round-2/md/P-50GPa/multi_nnap_md.xyz,920,0.7644377685,13.14862572,6.220844952,5.684968432,421,1.7280738942802556,2.0332118792639915,0.8614350085639761,min_distance_A<1.77527
npt_pressure,50,,P-50GPa,Ti-potential/fcc-restart/04-npt-round-2/md/P-50GPa/multi_nnap_md.xyz,921,0.4971567342,13.10201848,5.306073816,4.723546171,422,1.749843907309235,2.05074309318595,0.8698917024608479,min_distance_A<1.77527
npt_pressure,50,,P-50GPa,Ti-potential/fcc-restart/04-npt-round-2/md/P-50GPa/multi_nnap_md.xyz,923,0.7450405773,12.95640299,5.252637507,5.338401471,424,1.7550623893231783,2.0102200178121237,0.8558850573578606,min_distance_A<1.77527
npt_pressure,50,,P-50GPa,Ti-potential/fcc-restart/04-npt-round-2/md/P-50GPa/multi_nnap_md.xyz,924,0.6653639259,12.87518087,6.563343802,6.670488022,425,1.726368219488087,2.029857330278413,0.8660595096612689,min_distance_A<1.77527
npt_pressure,50,,P-50GPa,Ti-potential/fcc-restart/04-npt-round-2/md/P-50GPa/multi_nnap_md.xyz,926,0.6852280585,12.7329262,4.279272294,3.984594739,427,1.74063731699539,2.0032838612303108,0.8578929224413383,min_distance_A<1.77527
npt_pressure,50,,P-50GPa,Ti-potential/fcc-restart/04-npt-round-2/md/P-50GPa/multi_nnap_md.xyz,927,0.4887825218,12.68455966,3.611566985,3.596300587,428,1.7716744965962703,1.9760703919126301,0.84731314875295,min_distance_A<1.77527
npt_pressure,50,,P-50GPa,Ti-potential/fcc-restart/04-npt-round-2/md/P-50GPa/multi_nnap_md.xyz,944,2.994173238,13.06326675,10.86875511,9.147224741,445,1.5696007594751458,1.9501515200237232,0.8280395692518776,min_distance_A<1.77527
npt_pressure,50,,P-50GPa,Ti-potential/fcc-restart/04-npt-round-2/md/P-50GPa/multi_nnap_md.xyz,945,3.840907654,12.97851051,10.79252454,8.085352725,446,1.5626337463373972,1.9722191059137986,0.8392284744042166,min_distance_A<1.77527
npt_pressure,50,,P-50GPa,Ti-potential/fcc-restart/04-npt-round-2/md/P-50GPa/multi_nnap_md.xyz,962,0.947082161,13.16918259,7.193099269,6.757284011,463,1.7380450435160593,2.1029134303913226,0.89050245613714,min_distance_A<1.77527
npt_pressure,50,,P-50GPa,Ti-potential/fcc-restart/04-npt-round-2/md/P-50GPa/multi_nnap_md.xyz,970,0.7682983094,12.86150959,5.891136396,5.968113084,471,1.719896938234331,1.9996313616955854,0.8534654751344833,min_distance_A<1.77527
npt_pressure,50,,P-50GPa,Ti-potential/fcc-restart/04-npt-round-2/md/P-50GPa/multi_nnap_md.xyz,972,0.5453933143,12.9739422,5.881271593,6.216931891,473,1.7340383112307631,1.957395605300444,0.8330184543807058,min_distance_A<1.77527
npt_pressure,50,,P-50GPa,Ti-potential/fcc-restart/04-npt-round-2/md/P-50GPa/multi_nnap_md.xyz,973,0.8328256585,13.03930699,7.339777339,7.632937339,474,1.6972665404961498,1.9541242012594644,0.8302342776420958,min_distance_A<1.77527
npt_pressure,50,,P-50GPa,Ti-potential/fcc-restart/04-npt-round-2/md/P-50GPa/multi_nnap_md.xyz,977,0.6059264059,13.23651395,6.05760357,5.961115107,478,1.7413076664118745,1.9921606555740445,0.8421700995793533,min_distance_A<1.77527
npt_pressure,50,,P-50GPa,Ti-potential/fcc-restart/04-npt-round-2/md/P-50GPa/multi_nnap_md.xyz,992,0.6353287308,12.94497874,6.889172288,7.050558734,493,1.7265377708607603,1.967755671422674,0.8380515343818028,min_distance_A<1.77527
npt_pressure,50,,P-50GPa,Ti-potential/fcc-restart/04-npt-round-2/md/P-50GPa/multi_nnap_md.xyz,993,1.178041555,13.02005499,6.378411972,5.500119451,494,1.700355225851409,1.9546412033086227,0.8308630455643369,min_distance_A<1.77527
npt_pressure,50,,P-50GPa,Ti-potential/fcc-restart/04-npt-round-2/md/P-50GPa/multi_nnap_md.xyz,994,1.742662955,13.09580727,8.164085751,6.366433552,495,1.6593031427803975,2.019420075839368,0.8567403954703177,min_distance_A<1.77527
npt_pressure,50,,P-50GPa,Ti-potential/fcc-restart/04-npt-round-2/md/P-50GPa/multi_nnap_md.xyz,1004,0.5464179558,13.06998556,4.756364643,4.51297858,505,1.7562166801401184,1.9758948067921815,0.8388264518024129,min_distance_A<1.77527
npt_pressure,50,,P-50GPa,Ti-potential/fcc-restart/04-npt-round-2/md/P-50GPa/multi_nnap_md.xyz,1005,0.5917259493,12.9817251,5.08787636,4.942898409,506,1.7581871049533455,2.010022068964219,0.8552439743844272,min_distance_A<1.77527
npt_pressure,50,,P-50GPa,Ti-potential/fcc-restart/04-npt-round-2/md/P-50GPa/multi_nnap_md.xyz,1026,0.5623938949,12.80401497,5.391983736,5.494630131,527,1.7721374521230326,1.9294059655133184,0.8247232268736826,min_distance_A<1.77527
npt_pressure,50,,P-50GPa,Ti-potential/fcc-restart/04-npt-round-2/md/P-50GPa/multi_nnap_md.xyz,1028,0.6062220658,12.70393096,5.517900561,5.332518163,529,1.7466787875502627,1.9843035149202635,0.8504107211750749,min_distance_A<1.77527
npt_pressure,50,,P-50GPa,Ti-potential/fcc-restart/04-npt-round-2/md/P-50GPa/multi_nnap_md.xyz,1034,1.345670238,12.88104354,7.29799198,6.710815218,535,1.6616104033236787,2.0192805679005024,0.8614160975041343,min_distance_A<1.77527
npt_pressure,50,,P-50GPa,Ti-potential/fcc-restart/04-npt-round-2/md/P-50GPa/multi_nnap_md.xyz,1035,2.207298293,13.00659654,9.979724084,8.011506577,536,1.5910146174809325,2.03321150724519,0.8645590662485559,min_distance_A<1.77527
npt_pressure,50,,P-50GPa,Ti-potential/fcc-restart/04-npt-round-2/md/P-50GPa/multi_nnap_md.xyz,1045,0.5531654255,13.26127461,4.68383373,4.485021246,546,1.7695208919553709,2.0072946275302224,0.8480394052697163,min_distance_A<1.77527
npt_pressure,50,,P-50GPa,Ti-potential/fcc-restart/04-npt-round-2/md/P-50GPa/multi_nnap_md.xyz,1048,0.737010046,12.77238839,8.521680589,8.360875166,549,1.7444327890875793,2.052268622170484,0.8779642518484958,min_distance_A<1.77527
npt_pressure,50,,P-50GPa,Ti-potential/fcc-restart/04-npt-round-2/md/P-50GPa/multi_nnap_md.xyz,1049,2.112669471,12.64792962,5.928929375,5.949920799,550,1.7059149402165041,2.085242507356815,0.894987059532179,min_distance_A<1.77527
npt_pressure,50,,P-50GPa,Ti-potential/fcc-restart/04-npt-round-2/md/P-50GPa/multi_nnap_md.xyz,1050,1.995180607,12.55765839,4.778901819,5.426161764,551,1.722302136644566,2.119423481780498,0.9118320507994966,min_distance_A<1.77527
npt_pressure,50,,P-50GPa,Ti-potential/fcc-restart/04-npt-round-2/md/P-50GPa/multi_nnap_md.xyz,1051,1.318448716,12.50678947,5.009118352,5.763993409,552,1.7008938501949828,2.0816525739233915,0.8967945661437648,min_distance_A<1.77527
npt_pressure,50,,P-50GPa,Ti-potential/fcc-restart/04-npt-round-2/md/P-50GPa/multi_nnap_md.xyz,1052,0.832326932,12.49956055,4.911260526,5.195781102,553,1.7279261918279778,2.0649794846136444,0.889783114425653,min_distance_A<1.77527
npt_pressure,50,,P-50GPa,Ti-potential/fcc-restart/04-npt-round-2/md/P-50GPa/multi_nnap_md.xyz,1054,0.3743717137,12.61076342,4.195223931,4.271540225,555,1.7703880124082363,2.0687638176746974,0.8887858239649927,min_distance_A<1.77527
npt_pressure,50,,P-50GPa,Ti-potential/fcc-restart/04-npt-round-2/md/P-50GPa/multi_nnap_md.xyz,1063,1.072418477,13.61420512,6.377588776,5.887199524,564,1.701510885160046,2.085715781391246,0.8734895171474533,min_distance_A<1.77527
npt_pressure,50,,P-50GPa,Ti-potential/fcc-restart/04-npt-round-2/md/P-50GPa/multi_nnap_md.xyz,1067,0.4726103422,13.15297341,5.77394894,5.723050562,568,1.7717017538727042,2.037164507869086,0.8630145553558499,min_distance_A<1.77527
npt_pressure,50,,P-50GPa,Ti-potential/fcc-restart/04-npt-round-2/md/P-50GPa/multi_nnap_md.xyz,1068,0.6696685355,12.98197762,6.764263879,6.448738488,569,1.7536489613937605,2.0676579842695015,0.879761766397872,min_distance_A<1.77527
npt_pressure,50,,P-50GPa,Ti-potential/fcc-restart/04-npt-round-2/md/P-50GPa/multi_nnap_md.xyz,1075,0.4143638465,12.58996556,5.404570914,5.574644224,576,1.7673828752064302,1.916739736472481,0.8239261731848889,min_distance_A<1.77527
npt_pressure,50,,P-50GPa,Ti-potential/fcc-restart/04-npt-round-2/md/P-50GPa/multi_nnap_md.xyz,1078,0.3668987723,12.96483959,5.096291971,5.129641078,579,1.7494487617416383,2.041602534127642,0.8690581035338673,min_distance_A<1.77527
npt_pressure,50,,P-50GPa,Ti-potential/fcc-restart/04-npt-round-2/md/P-50GPa/multi_nnap_md.xyz,1084,0.4323730952,13.51747336,5.283769209,5.195611153,585,1.766624298182706,2.0116792687441585,0.8444881623293224,min_distance_A<1.77527
npt_pressure,50,,P-50GPa,Ti-potential/fcc-restart/04-npt-round-2/md/P-50GPa/multi_nnap_md.xyz,1089,0.3982947185,13.02027791,6.349476989,6.148703136,590,1.7644670280765993,2.007109118751658,0.8531608128899716,min_distance_A<1.77527
npt_pressure,50,,P-50GPa,Ti-potential/fcc-restart/04-npt-round-2/md/P-50GPa/multi_nnap_md.xyz,1090,0.5017241346,12.86502673,5.365481547,5.134977514,591,1.764629928996715,1.9938224273741985,0.8509085990697584,min_distance_A<1.77527
npt_pressure,50,,P-50GPa,Ti-potential/fcc-restart/04-npt-round-2/md/P-50GPa/multi_nnap_md.xyz,1095,0.8722061364,12.42873929,7.740549716,8.282566114,596,1.7083417180596818,1.9325177535737057,0.8342850595470745,min_distance_A<1.77527
npt_pressure,50,,P-50GPa,Ti-potential/fcc-restart/04-npt-round-2/md/P-50GPa/multi_nnap_md.xyz,1097,0.6564173901,12.56168844,6.400688369,6.512324199,598,1.724860685479389,2.082115886105619,0.8956855308482436,min_distance_A<1.77527
npt_pressure,50,,P-50GPa,Ti-potential/fcc-restart/04-npt-round-2/md/P-50GPa/multi_nnap_md.xyz,1103,0.5461080433,13.63380765,5.984554027,6.338870406,604,1.7511576181565531,2.1049434002818397,0.8811192748388419,min_distance_A<1.77527
npt_pressure,50,,P-50GPa,Ti-potential/fcc-restart/04-npt-round-2/md/P-50GPa/multi_nnap_md.xyz,1109,0.376454159,13.2921592,5.042688497,5.285228584,610,1.7507194291776964,1.9493232089492931,0.8229093727645609,min_distance_A<1.77527
npt_pressure,50,,P-50GPa,Ti-potential/fcc-restart/04-npt-round-2/md/P-50GPa/multi_nnap_md.xyz,1115,0.652253609,12.13148132,6.533544577,7.380154317,616,1.738877486361766,1.9840839584745051,0.863486266202198,min_distance_A<1.77527
npt_pressure,50,,P-50GPa,Ti-potential/fcc-restart/04-npt-round-2/md/P-50GPa/multi_nnap_md.xyz,1116,0.6862953554,12.13980332,5.989159911,7.20208811,617,1.7542472610396558,1.9295706355083782,0.8395697797331756,min_distance_A<1.77527
npt_pressure,50,,P-50GPa,Ti-potential/fcc-restart/04-npt-round-2/md/P-50GPa/multi_nnap_md.xyz,1117,0.7324456896,12.22399604,5.492969018,4.944957583,618,1.7394797266531645,1.962310189880353,0.85185025726837,min_distance_A<1.77527
npt_pressure,50,,P-50GPa,Ti-potential/fcc-restart/04-npt-round-2/md/P-50GPa/multi_nnap_md.xyz,1133,0.7179287798,12.44142702,3.902812363,4.022884795,634,1.755454439299204,1.9906927419023488,0.8591074811092367,min_distance_A<1.77527
npt_pressure,50,,P-50GPa,Ti-potential/fcc-restart/04-npt-round-2/md/P-50GPa/multi_nnap_md.xyz,1134,1.352133178,12.24590175,6.406244487,4.961030482,635,1.6320763163602072,1.9697899855892145,0.8545871039997001,min_distance_A<1.77527
npt_pressure,50,,P-50GPa,Ti-potential/fcc-restart/04-npt-round-2/md/P-50GPa/multi_nnap_md.xyz,1135,0.8714043909,12.11943481,5.01199968,4.15275296,636,1.688882648258382,1.9535802433165703,0.8504924558356123,min_distance_A<1.77527
npt_pressure,50,,P-50GPa,Ti-potential/fcc-restart/04-npt-round-2/md/P-50GPa/multi_nnap_md.xyz,1145,1.23131841,13.80192065,8.223601232,8.886626595,646,1.6815780980584227,2.026671751437149,0.8448966186642617,min_distance_A<1.77527
npt_pressure,50,,P-50GPa,Ti-potential/fcc-restart/04-npt-round-2/md/P-50GPa/multi_nnap_md.xyz,1146,0.8582145369,13.87575549,6.393203405,7.192590993,647,1.7231462621993536,2.040177640668366,0.849015796829491,min_distance_A<1.77527
npt_pressure,50,,P-50GPa,Ti-potential/fcc-restart/04-npt-round-2/md/P-50GPa/multi_nnap_md.xyz,1154,0.5343894685,12.4332012,4.587237049,4.668904538,655,1.7582326553209535,1.9503208722394156,0.8418700922332586,min_distance_A<1.77527
npt_pressure,50,,P-50GPa,Ti-potential/fcc-restart/04-npt-round-2/md/P-50GPa/multi_nnap_md.xyz,1161,1.589755069,12.61126767,8.010927497,7.393253701,662,1.658061915020681,1.9630111039546492,0.8433409233375789,min_distance_A<1.77527
npt_pressure,50,,P-50GPa,Ti-potential/fcc-restart/04-npt-round-2/md/P-50GPa/multi_nnap_md.xyz,1162,1.474102239,12.83819669,7.099631379,6.30817367,663,1.6780036119357649,1.9767578624488322,0.8442131897803071,min_distance_A<1.77527
npt_pressure,50,,P-50GPa,Ti-potential/fcc-restart/04-npt-round-2/md/P-50GPa/multi_nnap_md.xyz,1176,0.5865356462,12.46034875,5.766885284,5.569880865,677,1.7678016432251806,1.9457888659016265,0.8393033978246887,min_distance_A<1.77527
npt_pressure,50,,P-50GPa,Ti-potential/fcc-restart/04-npt-round-2/md/P-50GPa/multi_nnap_md.xyz,1177,1.243370033,12.33342311,6.726506945,6.487698558,678,1.7000615143843558,1.9786857780916778,0.8564111022389528,min_distance_A<1.77527
npt_pressure,50,,P-50GPa,Ti-potential/fcc-restart/04-npt-round-2/md/P-50GPa/multi_nnap_md.xyz,1180,0.4330403184,12.28156492,4.719233976,4.837163686,681,1.7702901666455115,1.9773079063998615,0.8570175854653495,min_distance_A<1.77527
npt_pressure,50,,P-50GPa,Ti-potential/fcc-restart/04-npt-round-2/md/P-50GPa/multi_nnap_md.xyz,1181,0.4815357659,12.37999028,5.555053372,5.707382942,682,1.7600976716911492,1.9907551607004346,0.8605532496656128,min_distance_A<1.77527
npt_pressure,50,,P-50GPa,Ti-potential/fcc-restart/04-npt-round-2/md/P-50GPa/multi_nnap_md.xyz,1203,0.9667372595,12.71010945,7.53207055,7.035561831,704,1.720438675310286,2.043281685299214,0.8755450133455585,min_distance_A<1.77527
npt_pressure,50,,P-50GPa,Ti-potential/fcc-restart/04-npt-round-2/md/P-50GPa/multi_nnap_md.xyz,1214,0.723303676,13.28638769,4.59508402,4.428971463,715,1.7336042477914801,2.0425497553974474,0.8623899185896368,min_distance_A<1.77527
npt_pressure,50,,P-50GPa,Ti-potential/fcc-restart/04-npt-round-2/md/P-50GPa/multi_nnap_md.xyz,1215,0.6254179758,13.13107019,5.291821032,5.127284718,716,1.7630480727120978,2.008765274851382,0.8514565379852025,min_distance_A<1.77527
npt_pressure,50,,P-50GPa,Ti-potential/fcc-restart/04-npt-round-2/md/P-50GPa/multi_nnap_md.xyz,1222,0.5020046116,12.52084288,4.76476233,5.714921061,723,1.7715485303799734,2.0518907034944336,0.8836420378903201,min_distance_A<1.77527
npt_pressure,50,,P-50GPa,Ti-potential/fcc-restart/04-npt-round-2/md/P-50GPa/multi_nnap_md.xyz,1225,0.9682480951,12.8700408,6.797019657,6.87642109,726,1.7040328470738861,2.0149765304106793,0.8598248992986309,min_distance_A<1.77527
npt_pressure,50,,P-50GPa,Ti-potential/fcc-restart/04-npt-round-2/md/P-50GPa/multi_nnap_md.xyz,1226,0.7649456757,13.03672466,6.555917577,6.55512362,727,1.7183665398842234,1.9917464985086333,0.8462744539907534,min_distance_A<1.77527
npt_pressure,50,,P-50GPa,Ti-potential/fcc-restart/04-npt-round-2/md/P-50GPa/multi_nnap_md.xyz,1227,0.6046641357,13.20696385,4.780089694,4.436900421,728,1.747292726519158,1.9773894769258034,0.836548687823004,min_distance_A<1.77527
npt_pressure,50,,P-50GPa,Ti-potential/fcc-restart/04-npt-round-2/md/P-50GPa/multi_nnap_md.xyz,1234,0.9234344235,13.37157919,7.621277362,6.981567086,735,1.6808300401201082,2.0242215076414616,0.8528326161546006,min_distance_A<1.77527
npt_pressure,50,,P-50GPa,Ti-potential/fcc-restart/04-npt-round-2/md/P-50GPa/multi_nnap_md.xyz,1235,1.176288574,13.21563278,8.072295468,7.170333853,736,1.6646097112861449,2.025025995449056,0.8565142940863735,min_distance_A<1.77527
npt_pressure,50,,P-50GPa,Ti-potential/fcc-restart/04-npt-round-2/md/P-50GPa/multi_nnap_md.xyz,1238,0.4083943393,12.72592917,4.517338729,5.064017017,739,1.7749997163240483,2.030896552867008,0.8698772413281317,min_distance_A<1.77527
npt_pressure,50,,P-50GPa,Ti-potential/fcc-restart/04-npt-round-2/md/P-50GPa/multi_nnap_md.xyz,1239,0.733549596,12.5984159,5.838856574,6.752856436,740,1.7289471241619276,1.9875453324835308,0.8541714718447146,min_distance_A<1.77527
npt_pressure,50,,P-50GPa,Ti-potential/fcc-restart/04-npt-round-2/md/P-50GPa/multi_nnap_md.xyz,1243,0.7492242418,12.53301593,6.291723401,6.065335608,744,1.728005786414941,2.0082730991871998,0.8645781195957778,min_distance_A<1.77527
npt_pressure,50,,P-50GPa,Ti-potential/fcc-restart/04-npt-round-2/md/P-50GPa/multi_nnap_md.xyz,1248,0.4579071987,13.19876583,5.792064068,6.318019257,749,1.738029583215685,1.9977842477831431,0.8453517898104103,min_distance_A<1.77527
npt_pressure,50,,P-50GPa,Ti-potential/fcc-restart/04-npt-round-2/md/P-50GPa/multi_nnap_md.xyz,1249,0.7576880392,13.321004,7.496102013,7.570056095,750,1.674086162084192,2.0207278921689142,0.8524367864481409,min_distance_A<1.77527
npt_pressure,50,,P-50GPa,Ti-potential/fcc-restart/04-npt-round-2/md/P-50GPa/multi_nnap_md.xyz,1250,0.5855471181,13.4101631,6.213193664,6.886131983,751,1.7284893739656864,2.024808527005875,0.8522609851854478,min_distance_A<1.77527
npt_pressure,50,,P-50GPa,Ti-potential/fcc-restart/04-npt-round-2/md/P-50GPa/multi_nnap_md.xyz,1260,0.6785654937,12.55783501,7.002395576,6.958851333,761,1.74356950849686,1.9408485673258244,0.8350004837703497,min_distance_A<1.77527
npt_pressure,50,,P-50GPa,Ti-potential/fcc-restart/04-npt-round-2/md/P-50GPa/multi_nnap_md.xyz,1268,0.8474552773,13.17019406,7.904311037,7.811079994,769,1.686577635313456,1.9830793084708154,0.8397358445485458,min_distance_A<1.77527
npt_pressure,50,,P-50GPa,Ti-potential/fcc-restart/04-npt-round-2/md/P-50GPa/multi_nnap_md.xyz,1269,0.5512856993,13.2929495,6.255561146,6.496519445,770,1.717300200538818,2.0473408465590306,0.8642705197664841,min_distance_A<1.77527
npt_pressure,50,,P-50GPa,Ti-potential/fcc-restart/04-npt-round-2/md/P-50GPa/multi_nnap_md.xyz,1300,0.6430445312,13.02901859,4.674101091,4.381117265,801,1.7567474566640793,2.073030118902728,0.8809847227860218,min_distance_A<1.77527
npt_pressure,50,,P-50GPa,Ti-potential/fcc-restart/04-npt-round-2/md/P-50GPa/multi_nnap_md.xyz,1301,2.332718026,12.95062648,7.353453151,5.199149392,802,1.660792146061413,2.038351043875914,0.8679913305950115,min_distance_A<1.77527
npt_pressure,50,,P-50GPa,Ti-potential/fcc-restart/04-npt-round-2/md/P-50GPa/multi_nnap_md.xyz,1302,0.6975882694,12.87903139,5.391370319,4.621398376,803,1.7215572970651338,2.0137398359704592,0.8590971813217766,min_distance_A<1.77527
npt_pressure,50,,P-50GPa,Ti-potential/fcc-restart/04-npt-round-2/md/P-50GPa/multi_nnap_md.xyz,1305,1.034396706,12.74500599,7.459599115,5.805681203,806,1.7276815693077396,2.0016274727442744,0.8569126851819288,min_distance_A<1.77527
npt_pressure,50,,P-50GPa,Ti-potential/fcc-restart/04-npt-round-2/md/P-50GPa/multi_nnap_md.xyz,1308,0.7190858363,12.83216855,4.382687083,3.55264648,809,1.7522506882705706,2.066067223557248,0.8824926485210463,min_distance_A<1.77527
npt_pressure,50,,P-50GPa,Ti-potential/fcc-restart/04-npt-round-2/md/P-50GPa/multi_nnap_md.xyz,1309,1.660447112,12.91313076,6.210807274,5.00887304,810,1.6599088077830035,2.081200645493459,0.8870949406701569,min_distance_A<1.77527
npt_pressure,50,,P-50GPa,Ti-potential/fcc-restart/04-npt-round-2/md/P-50GPa/multi_nnap_md.xyz,1310,1.261478855,13.013013,4.654967062,4.903331751,811,1.6993188301440019,2.026125028196141,0.8614041374576809,min_distance_A<1.77527
npt_pressure,50,,P-50GPa,Ti-potential/fcc-restart/04-npt-round-2/md/P-50GPa/multi_nnap_md.xyz,1313,0.7283307885,13.32090239,6.272793058,6.86613547,814,1.7320699482055584,2.082502076402564,0.8784982372689315,min_distance_A<1.77527
npt_pressure,50,,P-50GPa,Ti-potential/fcc-restart/04-npt-round-2/md/P-50GPa/multi_nnap_md.xyz,1320,0.6958053871,13.16479149,4.947569181,5.234389303,821,1.77238858989613,1.9785126151248384,0.8379166664435297,min_distance_A<1.77527
npt_pressure,50,,P-50GPa,Ti-potential/fcc-restart/04-npt-round-2/md/P-50GPa/multi_nnap_md.xyz,1324,0.5080913903,12.6889971,6.118580821,6.324020681,825,1.7281136149917542,1.9355564883058025,0.8298445595584691,min_distance_A<1.77527
npt_pressure,50,,P-50GPa,Ti-potential/fcc-restart/04-npt-round-2/md/P-50GPa/multi_nnap_md.xyz,1330,0.5572777566,12.78218688,5.038428238,4.363069731,831,1.750970278676107,1.9711293439678028,0.8430371939064241,min_distance_A<1.77527
npt_pressure,50,,P-50GPa,Ti-potential/fcc-restart/04-npt-round-2/md/P-50GPa/multi_nnap_md.xyz,1346,0.9320634961,12.58577265,5.125135629,5.694941174,847,1.7196441434850187,1.9241881991372192,0.8272197969125985,min_distance_A<1.77527
npt_pressure,50,,P-50GPa,Ti-potential/fcc-restart/04-npt-round-2/md/P-50GPa/multi_nnap_md.xyz,1347,0.7755021591,12.54761225,4.89575247,5.291649449,848,1.752329852548898,1.9211034678268577,0.8267300547552187,min_distance_A<1.77527
npt_pressure,50,,P-50GPa,Ti-potential/fcc-restart/04-npt-round-2/md/P-50GPa/multi_nnap_md.xyz,1349,0.9395742386,12.59745714,4.803206184,4.992723606,850,1.7293074893247613,1.968505855745839,0.8460104895869406,min_distance_A<1.77527
npt_pressure,50,,P-50GPa,Ti-potential/fcc-restart/04-npt-round-2/md/P-50GPa/multi_nnap_md.xyz,1350,1.107249106,12.68849059,7.537375364,6.236092259,851,1.6323741509508989,1.9518875905438386,0.8368574415391553,min_distance_A<1.77527
npt_pressure,50,,P-50GPa,Ti-potential/fcc-restart/04-npt-round-2/md/P-50GPa/multi_nnap_md.xyz,1351,0.5476462842,12.81751463,4.461712891,4.590416956,852,1.7660888639064167,1.9876740572021951,0.8493314946559123,min_distance_A<1.77527
npt_pressure,50,,P-50GPa,Ti-potential/fcc-restart/04-npt-round-2/md/P-50GPa/multi_nnap_md.xyz,1355,0.764073254,13.42183658,7.83609907,7.276615876,856,1.676291945105472,2.0818624864311337,0.876021417108226,min_distance_A<1.77527
npt_pressure,50,,P-50GPa,Ti-potential/fcc-restart/04-npt-round-2/md/P-50GPa/multi_nnap_md.xyz,1365,0.5228452745,12.69017221,5.739754569,5.459932616,866,1.7745899787821395,1.9533581257338142,0.8374509281369452,min_distance_A<1.77527
npt_pressure,50,,P-50GPa,Ti-potential/fcc-restart/04-npt-round-2/md/P-50GPa/multi_nnap_md.xyz,1366,0.6736654382,12.55344605,6.183841197,5.919924216,867,1.7380161968998697,1.9845655294123692,0.8539080810008407,min_distance_A<1.77527
npt_pressure,50,,P-50GPa,Ti-potential/fcc-restart/04-npt-round-2/md/P-50GPa/multi_nnap_md.xyz,1367,0.6935805775,12.45764422,5.890453123,5.537714929,868,1.7006507947777203,2.015389124855061,0.8693879227937773,min_distance_A<1.77527
npt_pressure,50,,P-50GPa,Ti-potential/fcc-restart/04-npt-round-2/md/P-50GPa/multi_nnap_md.xyz,1370,1.670791216,12.47308707,9.398414849,8.107983144,871,1.6330268842219098,2.0514832498245776,0.8845926447900758,min_distance_A<1.77527
npt_pressure,50,,P-50GPa,Ti-potential/fcc-restart/04-npt-round-2/md/P-50GPa/multi_nnap_md.xyz,1371,0.8837256803,12.57421481,7.360805445,6.789857394,872,1.6924552888880346,2.055665574041609,0.8840133788582007,min_distance_A<1.77527
npt_pressure,50,,P-50GPa,Ti-potential/fcc-restart/04-npt-round-2/md/P-50GPa/multi_nnap_md.xyz,1373,0.5551905081,12.86292662,5.251792837,5.495114024,874,1.7705317734592363,2.0335481754963904,0.867909685182765,min_distance_A<1.77527
npt_pressure,50,,P-50GPa,Ti-potential/fcc-restart/04-npt-round-2/md/P-50GPa/multi_nnap_md.xyz,1374,0.8992054446,13.02743874,7.592433232,7.231729345,875,1.712963504337938,2.0476080322083843,0.8702161613175333,min_distance_A<1.77527
npt_pressure,50,,P-50GPa,Ti-potential/fcc-restart/04-npt-round-2/md/P-50GPa/multi_nnap_md.xyz,1376,0.6027611148,13.32929869,4.824504704,5.149894755,877,1.7601276000332873,2.0374892675987764,0.8593291877489506,min_distance_A<1.77527
npt_pressure,50,,P-50GPa,Ti-potential/fcc-restart/04-npt-round-2/md/P-50GPa/multi_nnap_md.xyz,1378,0.6576896659,13.51092197,4.925876356,5.132756229,879,1.7635327289892337,2.0518647448327205,0.8614969300544247,min_distance_A<1.77527
npt_pressure,50,,P-50GPa,Ti-potential/fcc-restart/04-npt-round-2/md/P-50GPa/multi_nnap_md.xyz,1381,1.256417256,13.46749964,7.782714912,6.825886154,882,1.6865777316775832,2.064830361189377,0.8678714195348339,min_distance_A<1.77527
npt_pressure,50,,P-50GPa,Ti-potential/fcc-restart/04-npt-round-2/md/P-50GPa/multi_nnap_md.xyz,1382,1.485581926,13.37526888,9.510581654,8.518102148,883,1.6337382247008128,2.020401169838397,0.8511447751052238,min_distance_A<1.77527
npt_pressure,50,,P-50GPa,Ti-potential/fcc-restart/04-npt-round-2/md/P-50GPa/multi_nnap_md.xyz,1385,0.694649381,12.96300646,5.443691508,5.482698742,886,1.7397669606010493,1.9757566313855812,0.8410688250415913,min_distance_A<1.77527
npt_pressure,50,,P-50GPa,Ti-potential/fcc-restart/04-npt-round-2/md/P-50GPa/multi_nnap_md.xyz,1386,0.711288852,12.81121076,4.796464909,5.101024269,887,1.7528238378917143,2.0215953432258584,0.8639676936095445,min_distance_A<1.77527
npt_pressure,50,,P-50GPa,Ti-potential/fcc-restart/04-npt-round-2/md/P-50GPa/multi_nnap_md.xyz,1387,0.5317212403,12.67477374,5.378708097,5.203889802,888,1.7662281777162534,2.04456887524316,0.8769099679034725,min_distance_A<1.77527
npt_pressure,50,,P-50GPa,Ti-potential/fcc-restart/04-npt-round-2/md/P-50GPa/multi_nnap_md.xyz,1388,1.367658123,12.56530147,7.024858534,6.430221075,889,1.6803364958116465,2.0375263971280027,0.876419986606526,min_distance_A<1.77527
npt_pressure,50,,P-50GPa,Ti-potential/fcc-restart/04-npt-round-2/md/P-50GPa/multi_nnap_md.xyz,1411,0.7721090504,12.48722552,7.059616607,7.339877767,912,1.7435661916057938,2.077793111380379,0.8955991037872872,min_distance_A<1.77527
npt_pressure,50,,P-50GPa,Ti-potential/fcc-restart/04-npt-round-2/md/P-50GPa/multi_nnap_md.xyz,1412,0.9634010702,12.50632308,7.996517219,8.152920631,913,1.7158906826357827,2.0887719631089214,0.8998728483834192,min_distance_A<1.77527
npt_pressure,50,,P-50GPa,Ti-potential/fcc-restart/04-npt-round-2/md/P-50GPa/multi_nnap_md.xyz,1422,0.3363149977,13.58787109,5.263063419,5.099721877,923,1.7612703688689852,2.0317916333236803,0.8514556433646141,min_distance_A<1.77527
npt_pressure,50,,P-50GPa,Ti-potential/fcc-restart/04-npt-round-2/md/P-50GPa/multi_nnap_md.xyz,1424,0.5109542147,13.46886633,6.108287233,6.525592884,925,1.7477569917638256,2.0414463455467087,0.8580138319922679,min_distance_A<1.77527
npt_pressure,50,,P-50GPa,Ti-potential/fcc-restart/04-npt-round-2/md/P-50GPa/multi_nnap_md.xyz,1425,0.5187237788,13.3450155,5.92471344,6.726876887,926,1.7445591270956549,2.048825567566351,0.8637710102722044,min_distance_A<1.77527
npt_pressure,50,,P-50GPa,Ti-potential/fcc-restart/04-npt-round-2/md/P-50GPa/multi_nnap_md.xyz,1432,1.03618492,12.48879651,5.743345437,5.098735079,933,1.7087231542242105,2.019678776113796,0.8705133556634661,min_distance_A<1.77527
npt_pressure,50,,P-50GPa,Ti-potential/fcc-restart/04-npt-round-2/md/P-50GPa/multi_nnap_md.xyz,1433,0.4604466891,12.50710087,4.703669826,5.098124245,934,1.7726361362861491,2.0303659806837446,0.8746925829631957,min_distance_A<1.77527
npt_pressure,50,,P-50GPa,Ti-potential/fcc-restart/04-npt-round-2/md/P-50GPa/multi_nnap_md.xyz,1436,0.7818127831,12.81846989,6.293499538,6.074327109,937,1.7622699634717698,2.0456174680021944,0.8740689531820536,min_distance_A<1.77527
npt_pressure,50,,P-50GPa,Ti-potential/fcc-restart/04-npt-round-2/md/P-50GPa/multi_nnap_md.xyz,1442,0.4923943962,13.48845121,4.901115476,5.021947579,943,1.7507084461768516,2.034662156739195,0.8547483657795556,min_distance_A<1.77527
npt_pressure,50,,P-50GPa,Ti-potential/fcc-restart/04-npt-round-2/md/P-50GPa/multi_nnap_md.xyz,1453,0.5969410042,12.50705805,5.93215193,6.133063872,954,1.736791557131136,1.9786654406920712,0.852420685188709,min_distance_A<1.77527
npt_pressure,50,,P-50GPa,Ti-potential/fcc-restart/04-npt-round-2/md/P-50GPa/multi_nnap_md.xyz,1461,0.7573349708,13.2457421,5.002855263,4.30702551,962,1.7163902647739797,2.080678075572305,0.8793858219827775,min_distance_A<1.77527
npt_pressure,50,,P-50GPa,Ti-potential/fcc-restart/04-npt-round-2/md/P-50GPa/multi_nnap_md.xyz,1462,2.059699496,13.32993881,8.08214718,6.153597327,963,1.6288682019342982,2.0775750065967995,0.8762216776694497,min_distance_A<1.77527
npt_pressure,50,,P-50GPa,Ti-potential/fcc-restart/04-npt-round-2/md/P-50GPa/multi_nnap_md.xyz,1468,0.5316458527,13.10387613,6.326013658,6.106199719,969,1.7370203146056042,2.025681264872712,0.8592202787365002,min_distance_A<1.77527
npt_pressure,50,,P-50GPa,Ti-potential/fcc-restart/04-npt-round-2/md/P-50GPa/multi_nnap_md.xyz,1469,0.5079431026,12.97995229,6.480931299,6.032617206,970,1.7583046101236497,1.9895315417774195,0.846564000921121,min_distance_A<1.77527
npt_pressure,50,,P-50GPa,Ti-potential/fcc-restart/04-npt-round-2/md/P-50GPa/multi_nnap_md.xyz,1475,0.9835811745,12.63323252,4.148742976,4.383102,976,1.7353042549355717,2.046513153137749,0.8787048910198405,min_distance_A<1.77527
npt_pressure,50,,P-50GPa,Ti-potential/fcc-restart/04-npt-round-2/md/P-50GPa/multi_nnap_md.xyz,1476,1.89853658,12.69668262,6.934451822,6.507887226,977,1.6081824884897975,2.0686605174855868,0.8867321831055105,min_distance_A<1.77527
npt_pressure,50,,P-50GPa,Ti-potential/fcc-restart/04-npt-round-2/md/P-50GPa/multi_nnap_md.xyz,1477,1.234247211,12.79274505,5.698213537,5.608029316,978,1.6506425650728114,2.059189430336098,0.8804574759791889,min_distance_A<1.77527
npt_pressure,50,,P-50GPa,Ti-potential/fcc-restart/04-npt-round-2/md/P-50GPa/multi_nnap_md.xyz,1479,0.9559676888,13.04274614,5.409669418,5.169129219,980,1.7233907367207095,2.0758163114341617,0.8818591792171342,min_distance_A<1.77527
npt_pressure,50,,P-50GPa,Ti-potential/fcc-restart/04-npt-round-2/md/P-50GPa/multi_nnap_md.xyz,1480,1.798278998,13.17336986,6.141107924,5.161377276,981,1.6885307197543817,2.08951059881399,0.8847331156219296,min_distance_A<1.77527
npt_pressure,50,,P-50GPa,Ti-potential/fcc-restart/04-npt-round-2/md/P-50GPa/multi_nnap_md.xyz,1481,0.4749796485,13.29316578,4.569511309,4.642394936,982,1.7736251184272198,2.055421100402934,0.8676768363457538,min_distance_A<1.77527
npt_pressure,50,,P-50GPa,Ti-potential/fcc-restart/04-npt-round-2/md/P-50GPa/multi_nnap_md.xyz,1496,1.667994266,12.69971321,8.824808367,7.860763306,997,1.6423840676829946,1.9846405249547199,0.8506493031006445,min_distance_A<1.77527
npt_pressure,50,,P-50GPa,Ti-potential/fcc-restart/04-npt-round-2/md/P-50GPa/multi_nnap_md.xyz,1498,0.726106393,12.79450862,5.712099653,4.707920162,999,1.701548601757697,1.9736969502516637,0.843864271624178,min_distance_A<1.77527
npt_pressure,50,,P-50GPa,Ti-potential/fcc-restart/04-npt-round-2/md/P-50GPa/multi_nnap_md.xyz,1499,0.5082991431,12.86772718,5.319699152,5.503898632,1000,1.762520741987139,1.9846350334887626,0.8469284175517134,min_distance_A<1.77527
npt_pressure,50,,P-50GPa,Ti-potential/fcc-restart/04-npt-round-2/md/P-50GPa/multi_nnap_md.xyz,1511,0.58817164,12.97383661,4.001750133,4.239870257,1012,1.7734500527387287,2.0303730476023287,0.8640781667196433,min_distance_A<1.77527
npt_pressure,50,,P-50GPa,Ti-potential/fcc-restart/04-npt-round-2/md/P-50GPa/multi_nnap_md.xyz,1521,0.7880375881,13.09035456,4.809759039,3.730038326,1022,1.752928766803897,1.9688474607822055,0.8354008893139924,min_distance_A<1.77527
npt_pressure,50,,P-50GPa,Ti-potential/fcc-restart/04-npt-round-2/md/P-50GPa/multi_nnap_md.xyz,1529,0.5771002796,13.15188782,5.928849014,6.102045424,1030,1.7702718841252754,2.0291306694190454,0.8596347894426922,min_distance_A<1.77527
npt_pressure,50,,P-50GPa,Ti-potential/fcc-restart/04-npt-round-2/md/P-50GPa/multi_nnap_md.xyz,1531,0.5052093285,12.97658477,3.86306792,3.846632323,1032,1.7727078571364117,2.0365589189609166,0.8666495376604747,min_distance_A<1.77527
npt_pressure,50,,P-50GPa,Ti-potential/fcc-restart/04-npt-round-2/md/P-50GPa/multi_nnap_md.xyz,1532,0.600197303,12.87686041,4.363844165,4.460634249,1033,1.760328341794821,2.00493101153526,0.8553872463959605,min_distance_A<1.77527
npt_pressure,50,,P-50GPa,Ti-potential/fcc-restart/04-npt-round-2/md/P-50GPa/multi_nnap_md.xyz,1535,0.6504443934,12.63463375,4.769647919,4.871361815,1036,1.7384956177384903,1.9675697050020078,0.8447779599104741,min_distance_A<1.77527
npt_pressure,50,,P-50GPa,Ti-potential/fcc-restart/04-npt-round-2/md/P-50GPa/multi_nnap_md.xyz,1540,0.3093216024,12.75402384,4.946795284,5.057236333,1041,1.7732202050620216,1.9927113946658679,0.8528945306421433,min_distance_A<1.77527
npt_pressure,50,,P-50GPa,Ti-potential/fcc-restart/04-npt-round-2/md/P-50GPa/multi_nnap_md.xyz,1550,1.554977694,13.2985169,6.114307146,5.654945857,1051,1.6749008156809595,2.0590190324146285,0.8690790704626735,min_distance_A<1.77527
npt_pressure,50,,P-50GPa,Ti-potential/fcc-restart/04-npt-round-2/md/P-50GPa/multi_nnap_md.xyz,1551,1.093536142,13.23360615,5.768811777,5.046300187,1052,1.6918038858988673,2.099009909260458,0.8874047597495378,min_distance_A<1.77527
npt_pressure,50,,P-50GPa,Ti-potential/fcc-restart/04-npt-round-2/md/P-50GPa/multi_nnap_md.xyz,1556,0.5886867121,12.82415003,6.345483479,6.161261445,1057,1.7103404091332461,2.006986539590918,0.8574357683512925,min_distance_A<1.77527
npt_pressure,50,,P-50GPa,Ti-potential/fcc-restart/04-npt-round-2/md/P-50GPa/multi_nnap_md.xyz,1557,0.8774854621,12.77825567,6.181241779,5.437509808,1058,1.7353080907939478,1.986892759404559,0.8498662236372855,min_distance_A<1.77527
npt_pressure,50,,P-50GPa,Ti-potential/fcc-restart/04-npt-round-2/md/P-50GPa/multi_nnap_md.xyz,1560,0.7764859461,12.79873874,4.587880808,4.731733366,1061,1.7358467283319845,1.9649379941918506,0.8400267684909289,min_distance_A<1.77527
npt_pressure,50,,P-50GPa,Ti-potential/fcc-restart/04-npt-round-2/md/P-50GPa/multi_nnap_md.xyz,1561,0.7436440712,12.84882855,4.672410781,4.812751627,1062,1.739722185601231,1.9796600891145866,0.8452193861577668,min_distance_A<1.77527
npt_pressure,50,,P-50GPa,Ti-potential/fcc-restart/04-npt-round-2/md/P-50GPa/multi_nnap_md.xyz,1582,0.664348626,12.87307589,6.891863471,6.545044064,1083,1.7411408458022362,2.0538099541816073,0.8763269028350787,min_distance_A<1.77527
npt_pressure,50,,P-50GPa,Ti-potential/fcc-restart/04-npt-round-2/md/P-50GPa/multi_nnap_md.xyz,1590,0.4677452518,12.92485135,5.527968421,5.308490637,1091,1.751285809923116,2.0690039184104387,0.8816295282633688,min_distance_A<1.77527
npt_pressure,50,,P-50GPa,Ti-potential/fcc-restart/04-npt-round-2/md/P-50GPa/multi_nnap_md.xyz,1591,1.473678719,12.94964918,8.440425439,6.274937223,1092,1.6378617993674358,2.1213987805722843,0.903378285459743,min_distance_A<1.77527
npt_pressure,50,,P-50GPa,Ti-potential/fcc-restart/04-npt-round-2/md/P-50GPa/multi_nnap_md.xyz,1592,0.6482364527,12.97764001,5.879136595,5.064211173,1093,1.7076726160426556,2.093152416173155,0.8907085319644064,min_distance_A<1.77527
npt_pressure,50,,P-50GPa,Ti-potential/fcc-restart/04-npt-round-2/md/P-50GPa/multi_nnap_md.xyz,1601,0.4563934126,12.99798114,5.629015513,5.56347483,1102,1.7497446353652775,2.0360886111056486,0.8659737093420985,min_distance_A<1.77527
npt_pressure,50,,P-50GPa,Ti-potential/fcc-restart/04-npt-round-2/md/P-50GPa/multi_nnap_md.xyz,1606,0.8287985796,13.00719908,7.751452689,8.377169733,1107,1.7242379882417045,1.9596336020998184,0.8332595158593509,min_distance_A<1.77527
npt_pressure,50,,P-50GPa,Ti-potential/fcc-restart/04-npt-round-2/md/P-50GPa/multi_nnap_md.xyz,1610,1.113409109,12.99661364,5.275508744,4.282075063,1111,1.7073551543419312,1.9349916275086938,0.8230047732119073,min_distance_A<1.77527
npt_pressure,50,,P-50GPa,Ti-potential/fcc-restart/04-npt-round-2/md/P-50GPa/multi_nnap_md.xyz,1611,1.950960177,12.98362412,8.625755268,7.404518063,1112,1.6222989635330785,1.9751564928398846,0.8403680501934354,min_distance_A<1.77527
npt_pressure,50,,P-50GPa,Ti-potential/fcc-restart/04-npt-round-2/md/P-50GPa/multi_nnap_md.xyz,1612,0.988298564,12.97033757,5.344682928,5.409315979,1113,1.6995109700156041,2.0486953204484784,0.8719540830732041,min_distance_A<1.77527
npt_pressure,50,,P-50GPa,Ti-potential/fcc-restart/04-npt-round-2/md/P-50GPa/multi_nnap_md.xyz,1616,0.7091684522,12.96076889,5.218583345,4.722576657,1117,1.7369558216519587,2.0240288385408367,0.8616676214250271,min_distance_A<1.77527
npt_pressure,50,,P-50GPa,Ti-potential/fcc-restart/04-npt-round-2/md/P-50GPa/multi_nnap_md.xyz,1631,0.4065260944,12.95329555,5.833945014,6.209791442,1132,1.7731800790199457,1.9825109968683965,0.8441549668148141,min_distance_A<1.77527
npt_pressure,50,,P-50GPa,Ti-potential/fcc-restart/04-npt-round-2/md/P-50GPa/multi_nnap_md.xyz,1636,0.7010056857,12.9039695,5.396418813,5.015869348,1137,1.7017012153934206,2.0570538538844287,0.8770100142307721,min_distance_A<1.77527
npt_pressure,50,,P-50GPa,Ti-potential/fcc-restart/04-npt-round-2/md/P-50GPa/multi_nnap_md.xyz,1651,0.7622243157,12.98998502,5.7552955,5.008738918,1152,1.7183593923875402,1.9775423620309276,0.8412458061133364,min_distance_A<1.77527
npt_pressure,50,,P-50GPa,Ti-potential/fcc-restart/04-npt-round-2/md/P-50GPa/multi_nnap_md.xyz,1677,0.3709830508,12.81499467,6.065369004,6.254688825,1178,1.7702853114452661,1.9850095938220664,0.8482485648477487,min_distance_A<1.77527
npt_pressure,50,,P-50GPa,Ti-potential/fcc-restart/04-npt-round-2/md/P-50GPa/multi_nnap_md.xyz,1699,0.6767728373,12.81081828,6.465678356,6.443263287,1200,1.7149107323364552,1.98194816008289,0.847032356383805,min_distance_A<1.77527
npt_pressure,50,,P-50GPa,Ti-potential/fcc-restart/04-npt-round-2/md/P-50GPa/multi_nnap_md.xyz,1700,0.520598106,12.86374537,6.247842401,6.258816121,1201,1.7616145070959564,1.953868784044261,0.8338851683851584,min_distance_A<1.77527
npt_pressure,50,,P-50GPa,Ti-potential/fcc-restart/04-npt-round-2/md/P-50GPa/multi_nnap_md.xyz,1702,0.4101828601,13.0072969,5.244327443,5.688331266,1203,1.7468548401778272,1.9423828881629241,0.8259222365465261,min_distance_A<1.77527
npt_pressure,50,,P-50GPa,Ti-potential/fcc-restart/04-npt-round-2/md/P-50GPa/multi_nnap_md.xyz,1703,0.6668016244,13.07564622,5.950456912,5.798138642,1204,1.730366226835597,2.0148755612533695,0.8552514950749946,min_distance_A<1.77527
npt_pressure,50,,P-50GPa,Ti-potential/fcc-restart/04-npt-round-2/md/P-50GPa/multi_nnap_md.xyz,1721,0.6884907935,12.82705372,5.366703538,5.357089745,1222,1.7178170281663891,1.9584592202839408,0.8366405212711505,min_distance_A<1.77527
npt_pressure,50,,P-50GPa,Ti-potential/fcc-restart/04-npt-round-2/md/P-50GPa/multi_nnap_md.xyz,1722,0.8742937933,12.89222157,6.131955366,5.594920222,1223,1.6912574404869627,1.976729027070268,0.8430200154437834,min_distance_A<1.77527
npt_pressure,50,,P-50GPa,Ti-potential/fcc-restart/04-npt-round-2/md/P-50GPa/multi_nnap_md.xyz,1723,0.6286871417,12.96693716,7.493711585,8.105485255,1224,1.7127111186379302,1.9996896393316912,0.851170952850931,min_distance_A<1.77527
npt_pressure,50,,P-50GPa,Ti-potential/fcc-restart/04-npt-round-2/md/P-50GPa/multi_nnap_md.xyz,1724,1.312772928,13.04554237,10.01035272,9.297807481,1225,1.6259797710118138,1.9986651989194844,0.8490227690802676,min_distance_A<1.77527
npt_pressure,50,,P-50GPa,Ti-potential/fcc-restart/04-npt-round-2/md/P-50GPa/multi_nnap_md.xyz,1727,0.4346372932,13.22330773,5.118060782,5.323347211,1228,1.768275644127561,2.0050592144762196,0.847904944917198,min_distance_A<1.77527
npt_pressure,50,,P-50GPa,Ti-potential/fcc-restart/04-npt-round-2/md/P-50GPa/multi_nnap_md.xyz,1733,0.6518082399,12.99388751,5.54483829,5.070117473,1234,1.7413275628533735,1.9441301243479923,0.8269494489158055,min_distance_A<1.77527
npt_pressure,50,,P-50GPa,Ti-potential/fcc-restart/04-npt-round-2/md/P-50GPa/multi_nnap_md.xyz,1740,0.5975654383,12.74363644,5.098973531,4.797518108,1241,1.7544117409972637,2.0649065612473607,0.8840346341709853,min_distance_A<1.77527
npt_pressure,50,,P-50GPa,Ti-potential/fcc-restart/04-npt-round-2/md/P-50GPa/multi_nnap_md.xyz,1741,0.8701657111,12.79585023,6.596582515,5.508228776,1242,1.7033614973963327,2.0114565105357984,0.859978507894493,min_distance_A<1.77527
npt_pressure,50,,P-50GPa,Ti-potential/fcc-restart/04-npt-round-2/md/P-50GPa/multi_nnap_md.xyz,1742,0.5409442219,12.8689695,6.017435405,5.587372016,1243,1.7411240222200206,2.010247727168349,0.8578308405605143,min_distance_A<1.77527
npt_pressure,50,,P-50GPa,Ti-potential/fcc-restart/04-npt-round-2/md/P-50GPa/multi_nnap_md.xyz,1745,0.528250355,13.14966424,4.570692514,5.027116462,1246,1.772137371458866,2.0568850763888484,0.8714419702993331,min_distance_A<1.77527
npt_pressure,50,,P-50GPa,Ti-potential/fcc-restart/04-npt-round-2/md/P-50GPa/multi_nnap_md.xyz,1752,0.9048874561,13.17729429,6.292327726,5.331356862,1253,1.70766463964628,1.9796133246003618,0.8381175856540927,min_distance_A<1.77527
npt_pressure,50,,P-50GPa,Ti-potential/fcc-restart/04-npt-round-2/md/P-50GPa/multi_nnap_md.xyz,1753,0.5971674578,13.06125823,5.599473921,5.589383743,1254,1.7494656936996782,1.9660512341926137,0.8348334190244493,min_distance_A<1.77527
npt_pressure,50,,P-50GPa,Ti-potential/fcc-restart/04-npt-round-2/md/P-50GPa/multi_nnap_md.xyz,1754,0.6168065539,12.9380576,5.580407638,5.477197522,1255,1.7742145221163081,1.9462765094470953,0.8290515091101576,min_distance_A<1.77527
npt_pressure,50,,P-50GPa,Ti-potential/fcc-restart/04-npt-round-2/md/P-50GPa/multi_nnap_md.xyz,1758,0.6513952011,12.61004325,5.543616182,5.733583212,1259,1.7332926021806443,1.9847860879864,0.8527234018601675,min_distance_A<1.77527
npt_pressure,50,,P-50GPa,Ti-potential/fcc-restart/04-npt-round-2/md/P-50GPa/multi_nnap_md.xyz,1761,0.7988676848,12.68256179,6.812447049,6.470453926,1262,1.7222962953785632,1.9472407055137195,0.8349951967983643,min_distance_A<1.77527
npt_pressure,50,,P-50GPa,Ti-potential/fcc-restart/04-npt-round-2/md/P-50GPa/multi_nnap_md.xyz,1762,0.6510127108,12.76234787,6.012028984,5.768416495,1263,1.7653747085690468,1.941981368013999,0.8310009738471371,min_distance_A<1.77527
npt_pressure,50,,P-50GPa,Ti-potential/fcc-restart/04-npt-round-2/md/P-50GPa/multi_nnap_md.xyz,1765,0.7490087854,13.08859018,6.974790837,7.035464222,1266,1.7433807185863368,2.0079862212404507,0.8520461240814587,min_distance_A<1.77527
npt_pressure,50,,P-50GPa,Ti-potential/fcc-restart/04-npt-round-2/md/P-50GPa/multi_nnap_md.xyz,1770,0.402741807,13.44358021,6.103578274,6.276866787,1271,1.754917541287012,2.0282723594464027,0.8530109864832537,min_distance_A<1.77527
npt_pressure,50,,P-50GPa,Ti-potential/fcc-restart/04-npt-round-2/md/P-50GPa/multi_nnap_md.xyz,1783,0.8936969114,12.56530351,4.916715079,4.819353845,1284,1.714023969751192,1.9307082752680271,0.8304732794552552,min_distance_A<1.77527
npt_pressure,50,,P-50GPa,Ti-potential/fcc-restart/04-npt-round-2/md/P-50GPa/multi_nnap_md.xyz,1784,1.64345714,12.61069029,6.205514628,5.003396585,1285,1.6312647885501563,1.9480444862761253,0.8369237977297596,min_distance_A<1.77527
npt_pressure,50,,P-50GPa,Ti-potential/fcc-restart/04-npt-round-2/md/P-50GPa/multi_nnap_md.xyz,1785,0.9643470793,12.6861611,4.510515675,3.382218508,1286,1.6925803267583157,1.9812205596496413,0.8494857252786272,min_distance_A<1.77527
npt_pressure,50,,P-50GPa,Ti-potential/fcc-restart/04-npt-round-2/md/P-50GPa/multi_nnap_md.xyz,1799,0.5148508507,12.92658973,5.564343443,5.563722358,1300,1.750322012421673,1.996106264861736,0.8505287581302781,min_distance_A<1.77527
npt_pressure,50,,P-50GPa,Ti-potential/fcc-restart/04-npt-round-2/md/P-50GPa/multi_nnap_md.xyz,1812,0.9620738818,13.3592899,3.885753046,3.861362501,1313,1.7166626124296611,2.0511349106605836,0.8644365109061074,min_distance_A<1.77527
npt_pressure,50,,P-50GPa,Ti-potential/fcc-restart/04-npt-round-2/md/P-50GPa/multi_nnap_md.xyz,1813,1.505798373,13.48032361,5.85193861,6.137658503,1314,1.6545441159558676,2.0649319910536574,0.8676388297756135,min_distance_A<1.77527
npt_pressure,50,,P-50GPa,Ti-potential/fcc-restart/04-npt-round-2/md/P-50GPa/multi_nnap_md.xyz,1814,1.18019366,13.56413306,5.168586751,5.046084178,1315,1.6966557497331012,2.0784656103115697,0.8715229527900926,min_distance_A<1.77527
npt_pressure,50,,P-50GPa,Ti-potential/fcc-restart/04-npt-round-2/md/P-50GPa/multi_nnap_md.xyz,1816,0.7818115882,13.57755796,5.426066707,5.806166508,1317,1.735060533797843,2.1039337383619645,0.8819111555569317,min_distance_A<1.77527
npt_pressure,50,,P-50GPa,Ti-potential/fcc-restart/04-npt-round-2/md/P-50GPa/multi_nnap_md.xyz,1817,0.623072031,13.50110018,4.131338708,4.168392308,1318,1.771981856997859,2.083636776709698,0.8750488417546827,min_distance_A<1.77527
npt_pressure,50,,P-50GPa,Ti-potential/fcc-restart/04-npt-round-2/md/P-50GPa/multi_nnap_md.xyz,1822,0.6454858989,12.69829747,4.573407471,4.585452591,1323,1.7569332524954124,2.0661852036356865,0.885633593466905,min_distance_A<1.77527
npt_pressure,50,,P-50GPa,Ti-potential/fcc-restart/04-npt-round-2/md/P-50GPa/multi_nnap_md.xyz,1823,0.7121283722,12.55607326,4.415713539,4.521470458,1324,1.749174282291449,2.041465369187944,0.8783293665359903,min_distance_A<1.77527
npt_pressure,50,,P-50GPa,Ti-potential/fcc-restart/04-npt-round-2/md/P-50GPa/multi_nnap_md.xyz,1824,0.5404042054,12.45002908,4.530168896,4.879861683,1325,1.7740734909867135,2.0302274984040016,0.8759673462689108,min_distance_A<1.77527
npt_pressure,50,,P-50GPa,Ti-potential/fcc-restart/04-npt-round-2/md/P-50GPa/multi_nnap_md.xyz,1825,0.6890505972,12.39160655,4.880426756,4.866938823,1326,1.74848396763765,2.0213699266652867,0.8735141174769986,min_distance_A<1.77527
npt_pressure,50,,P-50GPa,Ti-potential/fcc-restart/04-npt-round-2/md/P-50GPa/multi_nnap_md.xyz,1828,1.187644486,12.5406639,6.140999648,5.182779768,1329,1.6912279892797732,2.013596963688411,0.8666938299421679,min_distance_A<1.77527
npt_pressure,50,,P-50GPa,Ti-potential/fcc-restart/04-npt-round-2/md/P-50GPa/multi_nnap_md.xyz,1829,1.820498526,12.68650113,8.637485371,6.989378393,1330,1.6248890811569174,2.0376855204219586,0.8736883376428075,min_distance_A<1.77527
npt_pressure,50,,P-50GPa,Ti-potential/fcc-restart/04-npt-round-2/md/P-50GPa/multi_nnap_md.xyz,1830,0.594289266,12.86931951,5.829384438,5.64330173,1331,1.7725742369565696,2.0907335764491872,0.8921683917428351,min_distance_A<1.77527
npt_pressure,50,,P-50GPa,Ti-potential/fcc-restart/04-npt-round-2/md/P-50GPa/multi_nnap_md.xyz,1831,0.4912231168,13.07053604,6.353412445,6.647045052,1332,1.738566971584059,2.127624103664136,0.903227396613915,min_distance_A<1.77527
npt_pressure,50,,P-50GPa,Ti-potential/fcc-restart/04-npt-round-2/md/P-50GPa/multi_nnap_md.xyz,1864,0.8277395325,12.65159323,6.182626831,6.765550064,1365,1.7143076200297396,1.9545531917440608,0.8388141614683428,min_distance_A<1.77527
npt_pressure,50,,P-50GPa,Ti-potential/fcc-restart/04-npt-round-2/md/P-50GPa/multi_nnap_md.xyz,1866,0.4472484051,12.23504398,3.52457849,3.308024213,1367,1.7743287730489716,1.9672199631451008,0.8537244995069404,min_distance_A<1.77527
npt_pressure,50,,P-50GPa,Ti-potential/fcc-restart/04-npt-round-2/md/P-50GPa/multi_nnap_md.xyz,1868,0.7989214477,12.04935268,6.314060199,6.108751939,1369,1.7694322433326874,2.009805544152531,0.8766632501056816,min_distance_A<1.77527
npt_pressure,50,,P-50GPa,Ti-potential/fcc-restart/04-npt-round-2/md/P-50GPa/multi_nnap_md.xyz,1873,1.270324163,12.83637247,7.54163273,6.061872844,1374,1.7498395711584729,2.131865550477518,0.9104980951797945,min_distance_A<1.77527
npt_pressure,50,,P-50GPa,Ti-potential/fcc-restart/04-npt-round-2/md/P-50GPa/multi_nnap_md.xyz,1874,0.9816134423,13.13064255,6.737414088,5.727159103,1375,1.7702279671261192,2.150121735484935,0.9113832792154917,min_distance_A<1.77527
npt_pressure,50,,P-50GPa,Ti-potential/fcc-restart/04-npt-round-2/md/P-50GPa/multi_nnap_md.xyz,1879,1.420362313,14.03552874,9.823236778,9.195748369,1380,1.6219920417294187,2.1326545004284503,0.8841193808296581,min_distance_A<1.77527
npt_pressure,50,,P-50GPa,Ti-potential/fcc-restart/04-npt-round-2/md/P-50GPa/multi_nnap_md.xyz,1880,0.7903473713,13.98216796,9.535393294,9.449271703,1381,1.653972789090432,2.1092190335890066,0.8755148368032112,min_distance_A<1.77527
npt_pressure,50,,P-50GPa,Ti-potential/fcc-restart/04-npt-round-2/md/P-50GPa/multi_nnap_md.xyz,1889,0.6631242996,12.15966276,5.43110877,5.567573705,1390,1.7592424280948773,2.0840870087902506,0.9063070041107354,min_distance_A<1.77527
npt_pressure,50,,P-50GPa,Ti-potential/fcc-restart/04-npt-round-2/md/P-50GPa/multi_nnap_md.xyz,1890,0.6800316699,12.1577948,5.910766278,5.949664813,1391,1.7433851259565427,2.0507011615267237,0.8918341693490951,min_distance_A<1.77527
npt_pressure,50,,P-50GPa,Ti-potential/fcc-restart/04-npt-round-2/md/P-50GPa/multi_nnap_md.xyz,1892,1.171743272,12.35788063,6.900868072,7.1776206,1393,1.710605316438397,1.985052526063299,0.8585995787937599,min_distance_A<1.77527
npt_pressure,50,,P-50GPa,Ti-potential/fcc-restart/04-npt-round-2/md/P-50GPa/multi_nnap_md.xyz,1894,1.080731051,12.76523767,7.673273671,8.222727112,1395,1.7106924107822314,1.992200272251888,0.8524260111534155,min_distance_A<1.77527
npt_pressure,50,,P-50GPa,Ti-potential/fcc-restart/04-npt-round-2/md/P-50GPa/multi_nnap_md.xyz,1895,0.8190982886,13.00794519,6.827420245,7.626347044,1396,1.743446713304882,2.0036497076637105,0.8519593979578506,min_distance_A<1.77527
npt_pressure,50,,P-50GPa,Ti-potential/fcc-restart/04-npt-round-2/md/P-50GPa/multi_nnap_md.xyz,1896,0.3613453849,13.25168719,5.731142405,5.760495741,1397,1.7647336009396541,2.020529889922445,0.8538368369110116,min_distance_A<1.77527
npt_pressure,50,,P-50GPa,Ti-potential/fcc-restart/04-npt-round-2/md/P-50GPa/multi_nnap_md.xyz,1909,0.5408592882,12.29956728,5.488217851,5.417470586,1410,1.7673433858947272,1.9284461340814525,0.8354316064758356,min_distance_A<1.77527
npt_pressure,50,,P-50GPa,Ti-potential/fcc-restart/04-npt-round-2/md/P-50GPa/multi_nnap_md.xyz,1920,0.3534150459,13.6543434,6.212682608,6.515889928,1421,1.7491056585428841,2.0034403033201804,0.8382099257601386,min_distance_A<1.77527
npt_pressure,50,,P-50GPa,Ti-potential/fcc-restart/04-npt-round-2/md/P-50GPa/multi_nnap_md.xyz,1927,1.223611632,12.9849022,8.768956419,8.569458233,1428,1.6375358394175201,2.0525178627899225,0.8732542697834371,min_distance_A<1.77527
npt_pressure,50,,P-50GPa,Ti-potential/fcc-restart/04-npt-round-2/md/P-50GPa/multi_nnap_md.xyz,1928,0.6262254894,12.77344998,5.998910446,6.106245832,1429,1.7274594195751731,1.972704964567426,0.8439033941453837,min_distance_A<1.77527
npt_pressure,50,,P-50GPa,Ti-potential/fcc-restart/04-npt-round-2/md/P-50GPa/multi_nnap_md.xyz,1929,0.6093572118,12.58251984,4.991034211,5.129481217,1430,1.712482978068293,2.002413021963207,0.8609232826921828,min_distance_A<1.77527
npt_pressure,50,,P-50GPa,Ti-potential/fcc-restart/04-npt-round-2/md/P-50GPa/multi_nnap_md.xyz,1937,0.5950783582,13.01568884,5.597939166,5.274620645,1438,1.732613904191912,2.109567147467269,0.8968179681989973,min_distance_A<1.77527
npt_pressure,50,,P-50GPa,Ti-potential/fcc-restart/04-npt-round-2/md/P-50GPa/multi_nnap_md.xyz,1954,0.6552449658,12.18228003,6.196359383,6.26691213,1455,1.7024188024744242,1.9014530812676762,0.82637293982986,min_distance_A<1.77527
npt_pressure,50,,P-50GPa,Ti-potential/fcc-restart/04-npt-round-2/md/P-50GPa/multi_nnap_md.xyz,1955,0.5106826917,12.31488915,4.638338746,4.323493466,1456,1.7526807694305804,1.920021727331098,0.8314369242301564,min_distance_A<1.77527
npt_pressure,50,,P-50GPa,Ti-potential/fcc-restart/04-npt-round-2/md/P-50GPa/multi_nnap_md.xyz,1969,1.207254277,12.85258568,7.889709899,7.944552131,1470,1.6539772307724847,2.088596397589914,0.891643036171415,min_distance_A<1.77527
npt_pressure,50,,P-50GPa,Ti-potential/fcc-restart/04-npt-round-2/md/P-50GPa/multi_nnap_md.xyz,1970,1.074134142,12.64952061,8.499951933,8.896995717,1471,1.6554772612224562,2.0357794124633215,0.8737208422500674,min_distance_A<1.77527
npt_pressure,50,,P-50GPa,Ti-potential/fcc-restart/04-npt-round-2/md/P-50GPa/multi_nnap_md.xyz,1971,0.5034615334,12.47951476,4.393132511,4.407852493,1472,1.7309436297894023,2.058525287158918,0.8874767274178927,min_distance_A<1.77527
npt_pressure,50,,P-50GPa,Ti-potential/fcc-restart/04-npt-round-2/md/P-50GPa/multi_nnap_md.xyz,1976,0.9289553404,12.42191023,6.947909186,6.823697335,1477,1.7313415773769545,1.9913536269114025,0.8598425392035439,min_distance_A<1.77527
npt_pressure,50,,P-50GPa,Ti-potential/fcc-restart/04-npt-round-2/md/P-50GPa/multi_nnap_md.xyz,1977,0.7929139061,12.58696812,7.518740917,7.222164152,1478,1.72172266540445,1.9984080100699495,0.859100129299295,min_distance_A<1.77527
npt_pressure,50,,P-50GPa,Ti-potential/fcc-restart/04-npt-round-2/md/P-50GPa/multi_nnap_md.xyz,1982,1.158165294,13.66504285,8.119058292,8.196931618,1483,1.6872571366256894,2.11621101540942,0.8851603897641599,min_distance_A<1.77527
npt_pressure,50,,P-50GPa,Ti-potential/fcc-restart/04-npt-round-2/md/P-50GPa/multi_nnap_md.xyz,1983,1.01009298,13.79311523,6.796351383,7.125433483,1484,1.7160017487176729,2.0704068163758698,0.8633129072246395,min_distance_A<1.77527
npt_pressure,50,,P-50GPa,Ti-potential/fcc-restart/04-npt-round-2/md/P-50GPa/multi_nnap_md.xyz,1984,0.8163697189,13.85802836,4.61369208,4.558288631,1485,1.7015361666430537,2.092686696664626,0.8712385126180756,min_distance_A<1.77527
npt_pressure,50,,P-50GPa,Ti-potential/fcc-restart/04-npt-round-2/md/P-50GPa/multi_nnap_md.xyz,1985,0.3684114349,13.85418945,4.182497702,4.230632146,1486,1.771051940198735,2.124797004529663,0.8846885464454405,min_distance_A<1.77527
npt_pressure,50,,P-50GPa,Ti-potential/fcc-restart/04-npt-round-2/md/P-50GPa/multi_nnap_md.xyz,1992,0.8956689831,12.67312671,4.805212916,5.0293016,1493,1.760349025258713,1.9848456750875303,0.8513317287831615,min_distance_A<1.77527
npt_pressure,50,,P-50GPa,Ti-potential/fcc-restart/04-npt-round-2/md/P-50GPa/multi_nnap_md.xyz,1993,1.577279067,12.52446982,7.658543812,5.153683299,1494,1.634106323812499,1.9679426414239167,0.8474081813037575,min_distance_A<1.77527
npt_pressure,50,,P-50GPa,Ti-potential/fcc-restart/04-npt-round-2/md/P-50GPa/multi_nnap_md.xyz,1994,0.9261721099,12.41743546,5.786618907,4.929511837,1495,1.6866165843512757,1.9850496330497132,0.8572234960770634,min_distance_A<1.77527
npt_pressure,50,,P-50GPa,Ti-potential/fcc-restart/04-npt-round-2/md/P-50GPa/multi_nnap_md.xyz,1996,0.5446940738,12.35621611,6.103269515,6.751218794,1497,1.7328586741985754,1.9143138214429065,0.828039974186459,min_distance_A<1.77527
npt_pressure,50,,P-50GPa,Ti-potential/fcc-restart/04-npt-round-2/md/P-50GPa/multi_nnap_md.xyz,1997,0.5738904983,12.40653035,6.201122054,7.104896247,1498,1.7372796152792678,1.9880285099807509,0.8587613581489019,min_distance_A<1.77527
npt_pressure,50,,P-50GPa,Ti-potential/fcc-restart/04-npt-round-2/md/P-50GPa/multi_nnap_md.xyz,2002,0.6566815063,13.15817152,5.040211526,4.835561387,1503,1.7390854425890343,2.079797904945429,0.8809595246039768,min_distance_A<1.77527
npt_pressure,50,,P-50GPa,Ti-potential/fcc-restart/04-npt-round-2/md/P-50GPa/multi_nnap_md.xyz,2005,0.4184020196,13.53678594,5.76535409,5.261855667,1506,1.7416578156310578,2.046172177791534,0.8585593483421309,min_distance_A<1.77527
npt_pressure,50,,P-50GPa,Ti-potential/fcc-restart/04-npt-round-2/md/P-50GPa/multi_nnap_md.xyz,2006,0.5765698332,13.5680441,6.676255609,6.405604135,1507,1.7145375526954747,2.0661989968982284,0.8662961762773439,min_distance_A<1.77527
npt_pressure,50,,P-50GPa,Ti-potential/fcc-restart/04-npt-round-2/md/P-50GPa/multi_nnap_md.xyz,2033,0.7405826133,12.55882553,6.49684784,6.446745836,1534,1.7421819578160747,1.9293582434171637,0.830035242657677,min_distance_A<1.77527
npt_pressure,50,,P-50GPa,Ti-potential/fcc-restart/04-npt-round-2/md/P-50GPa/multi_nnap_md.xyz,2034,0.5321356362,12.47171498,5.153101991,4.938090408,1535,1.7563326705545987,1.9223019304291997,0.8289204923584962,min_distance_A<1.77527
npt_pressure,50,,P-50GPa,Ti-potential/fcc-restart/04-npt-round-2/md/P-50GPa/multi_nnap_md.xyz,2042,0.4207092239,13.2560925,6.017702045,6.191211821,1543,1.7635544385380342,1.9528150903464694,0.8251304489737442,min_distance_A<1.77527
npt_pressure,50,,P-50GPa,Ti-potential/fcc-restart/04-npt-round-2/md/P-50GPa/multi_nnap_md.xyz,2056,0.4268868532,12.45828481,5.223007303,5.392898842,1557,1.7458661677557912,2.1058301958121963,0.9083863447943299,min_distance_A<1.77527
npt_pressure,50,,P-50GPa,Ti-potential/fcc-restart/04-npt-round-2/md/P-50GPa/multi_nnap_md.xyz,2057,0.5369216916,12.5157809,4.98096042,5.297234952,1558,1.744274437563714,2.0986292120501866,0.9038916957951206,min_distance_A<1.77527
npt_pressure,50,,P-50GPa,Ti-potential/fcc-restart/04-npt-round-2/md/P-50GPa/multi_nnap_md.xyz,2060,0.4124843047,12.92768122,6.436810922,6.774010877,1561,1.7521785292468037,1.9837635595176986,0.8452458168262652,min_distance_A<1.77527
npt_pressure,50,,P-50GPa,Ti-potential/fcc-restart/04-npt-round-2/md/P-50GPa/multi_nnap_md.xyz,2065,0.5571049402,13.58998863,4.133225121,4.028916201,1566,1.7582009749157779,2.084788729122582,0.8736195671797521,min_distance_A<1.77527
npt_pressure,50,,P-50GPa,Ti-potential/fcc-restart/04-npt-round-2/md/P-50GPa/multi_nnap_md.xyz,2066,0.6304582692,13.60064043,3.826103785,3.83602376,1567,1.7497005022369607,2.0894127363876476,0.8753285989031769,min_distance_A<1.77527
npt_pressure,50,,P-50GPa,Ti-potential/fcc-restart/04-npt-round-2/md/P-50GPa/multi_nnap_md.xyz,2076,1.295006302,12.55046524,8.004930415,7.529877386,1577,1.6819703631671674,2.105990155508935,0.9062257429966362,min_distance_A<1.77527
npt_pressure,50,,P-50GPa,Ti-potential/fcc-restart/04-npt-round-2/md/P-50GPa/multi_nnap_md.xyz,2077,0.7623431197,12.60407637,6.9268089,6.869670042,1578,1.7473113390985455,2.0299102219058702,0.8722476776795738,min_distance_A<1.77527
npt_pressure,50,,P-50GPa,Ti-potential/fcc-restart/04-npt-round-2/md/P-50GPa/multi_nnap_md.xyz,2080,1.147327086,12.98700862,7.726091864,6.751606392,1581,1.672974319356025,1.9852652781254834,0.844595644215063,min_distance_A<1.77527
npt_pressure,50,,P-50GPa,Ti-potential/fcc-restart/04-npt-round-2/md/P-50GPa/multi_nnap_md.xyz,2096,0.7401319843,12.44258237,6.687239463,7.24216747,1597,1.7106999708408757,1.9610460716453264,0.8462869071200535,min_distance_A<1.77527
npt_pressure,50,,P-50GPa,Ti-potential/fcc-restart/04-npt-round-2/md/P-50GPa/multi_nnap_md.xyz,2097,0.5176986226,12.4500554,5.944475136,6.45218176,1598,1.7386859946334867,1.9645954115317195,0.8476489546561455,min_distance_A<1.77527
npt_pressure,50,,P-50GPa,Ti-potential/fcc-restart/04-npt-round-2/md/P-50GPa/multi_nnap_md.xyz,2098,0.6257747208,12.50350403,5.444843238,5.500032244,1599,1.7562490060637828,1.934593979981424,0.8335133993754071,min_distance_A<1.77527
npt_pressure,50,,P-50GPa,Ti-potential/fcc-restart/04-npt-round-2/md/P-50GPa/multi_nnap_md.xyz,2107,0.5560442366,13.63739893,7.08593282,7.789363488,1608,1.712958644000332,2.0080668648335145,0.8404934272136763,min_distance_A<1.77527
npt_pressure,50,,P-50GPa,Ti-potential/fcc-restart/04-npt-round-2/md/P-50GPa/multi_nnap_md.xyz,2115,0.3768947224,12.61061079,4.790144924,4.549477728,1616,1.7679524663833583,1.9842330676513558,0.8524730189892771,min_distance_A<1.77527
npt_pressure,50,,P-50GPa,Ti-potential/fcc-restart/04-npt-round-2/md/P-50GPa/multi_nnap_md.xyz,2120,0.5645378299,12.52296394,5.392580545,4.68295247,1621,1.7518234368711048,2.0140270486885576,0.8672871707351254,min_distance_A<1.77527
npt_pressure,50,,P-50GPa,Ti-potential/fcc-restart/04-npt-round-2/md/P-50GPa/multi_nnap_md.xyz,2121,0.7347531272,12.63835377,5.413302861,5.1256925,1622,1.7708764107127568,2.038506804553352,0.8751489904831585,min_distance_A<1.77527
npt_pressure,50,,P-50GPa,Ti-potential/fcc-restart/04-npt-round-2/md/P-50GPa/multi_nnap_md.xyz,2127,0.5151129168,13.5856917,5.858274473,6.454221535,1628,1.7468231219331938,2.0936563635933982,0.8774279876236628,min_distance_A<1.77527
npt_pressure,50,,P-50GPa,Ti-potential/fcc-restart/04-npt-round-2/md/P-50GPa/multi_nnap_md.xyz,2130,0.6600042216,13.60027551,4.74493161,4.678897044,1631,1.7521629104559586,2.097093160030604,0.8785540564002373,min_distance_A<1.77527
npt_pressure,50,,P-50GPa,Ti-potential/fcc-restart/04-npt-round-2/md/P-50GPa/multi_nnap_md.xyz,2133,1.363616542,13.25203741,7.407065871,7.072942891,1634,1.674672336279435,2.036957691046744,0.8607713249080633,min_distance_A<1.77527
npt_pressure,50,,P-50GPa,Ti-potential/fcc-restart/04-npt-round-2/md/P-50GPa/multi_nnap_md.xyz,2134,0.4212242025,13.10769842,4.825772352,5.405305168,1635,1.7509955253297589,1.9821244707005186,0.8406633415137738,min_distance_A<1.77527
npt_pressure,50,,P-50GPa,Ti-potential/fcc-restart/04-npt-round-2/md/P-50GPa/multi_nnap_md.xyz,2136,0.7823209308,12.84034556,7.309306945,6.701337854,1637,1.6806970032293738,1.9805730399893269,0.8457953487988846,min_distance_A<1.77527
npt_pressure,50,,P-50GPa,Ti-potential/fcc-restart/04-npt-round-2/md/P-50GPa/multi_nnap_md.xyz,2140,0.6014251634,12.59696458,5.980021067,5.504973977,1641,1.75931567688899,1.9851341962484077,0.8531680198096887,min_distance_A<1.77527
npt_pressure,50,,P-50GPa,Ti-potential/fcc-restart/04-npt-round-2/md/P-50GPa/multi_nnap_md.xyz,2174,0.4369113387,13.20558766,5.270214895,5.698961329,1675,1.7748221305755179,1.959170915998275,0.8288699867831407,min_distance_A<1.77527
npt_pressure,50,,P-50GPa,Ti-potential/fcc-restart/04-npt-round-2/md/P-50GPa/multi_nnap_md.xyz,2195,0.727331211,13.14954866,6.293904325,6.167076544,1696,1.7155661963759135,2.1154479694870614,0.8962559790342138,min_distance_A<1.77527
npt_pressure,50,,P-50GPa,Ti-potential/fcc-restart/04-npt-round-2/md/P-50GPa/multi_nnap_md.xyz,2196,0.7651828074,12.99642921,6.410718348,5.883740219,1697,1.717948992879689,2.124625819617383,0.9036656476487918,min_distance_A<1.77527
npt_pressure,50,,P-50GPa,Ti-potential/fcc-restart/04-npt-round-2/md/P-50GPa/multi_nnap_md.xyz,2200,0.5858035799,12.5430281,6.175901559,5.934336769,1701,1.7445052881435406,2.004805086144215,0.862855404701401,min_distance_A<1.77527
npt_pressure,50,,P-50GPa,Ti-potential/fcc-restart/04-npt-round-2/md/P-50GPa/multi_nnap_md.xyz,2209,0.6670828233,13.24077198,6.769322575,6.87818476,1710,1.7369120229687096,1.9712683562883928,0.8332487067235961,min_distance_A<1.77527
npt_pressure,50,,P-50GPa,Ti-potential/fcc-restart/04-npt-round-2/md/P-50GPa/multi_nnap_md.xyz,2221,0.5619363314,12.57854234,5.340390975,5.239159913,1722,1.7391290344602544,1.919208238910692,0.8252369411772217,min_distance_A<1.77527
npt_pressure,50,,P-50GPa,Ti-potential/fcc-restart/04-npt-round-2/md/P-50GPa/multi_nnap_md.xyz,2228,0.3341528226,13.12650189,4.452491797,4.342576863,1729,1.7665395598628908,2.12526914500945,0.9009435946488441,min_distance_A<1.77527
npt_pressure,50,,P-50GPa,Ti-potential/fcc-restart/04-npt-round-2/md/P-50GPa/multi_nnap_md.xyz,2247,0.5996486752,12.89190337,6.064462669,6.152270846,1748,1.7463314431087424,2.072824476102857,0.8840093280110713,min_distance_A<1.77527
npt_pressure,50,,P-50GPa,Ti-potential/fcc-restart/04-npt-round-2/md/P-50GPa/multi_nnap_md.xyz,2250,0.9000554228,13.15122266,6.259069626,6.146520691,1751,1.7041174729622133,2.1171721375487373,0.8969484004129856,min_distance_A<1.77527
npt_pressure,50,,P-50GPa,Ti-potential/fcc-restart/04-npt-round-2/md/P-50GPa/multi_nnap_md.xyz,2251,0.9067694858,13.22552364,6.947109173,7.191303683,1752,1.7114038740683142,2.073504038100172,0.8768001055623071,min_distance_A<1.77527
npt_pressure,50,,P-50GPa,Ti-potential/fcc-restart/04-npt-round-2/md/P-50GPa/multi_nnap_md.xyz,2262,0.426268448,12.83363836,5.332329079,5.499640094,1763,1.7668528034906161,2.026997138868481,0.8657713363961428,min_distance_A<1.77527
npt_pressure,50,,P-50GPa,Ti-potential/fcc-restart/04-npt-round-2/md/P-50GPa/multi_nnap_md.xyz,2269,0.7101192908,12.74356079,6.806301648,6.492117211,1770,1.7066112015048878,1.9648936397747871,0.8412184356474955,min_distance_A<1.77527
npt_pressure,50,,P-50GPa,Ti-potential/fcc-restart/04-npt-round-2/md/P-50GPa/multi_nnap_md.xyz,2270,2.562804246,12.84237322,11.07063659,8.25700724,1771,1.5851391237208416,1.954728873037179,0.8347147711510369,min_distance_A<1.77527
npt_pressure,50,,P-50GPa,Ti-potential/fcc-restart/04-npt-round-2/md/P-50GPa/multi_nnap_md.xyz,2271,0.4881500417,12.95541476,5.136622209,5.122545711,1772,1.7626239920465185,1.9919453040203206,0.848125853522785,min_distance_A<1.77527
npt_pressure,50,,P-50GPa,Ti-potential/fcc-restart/04-npt-round-2/md/P-50GPa/multi_nnap_md.xyz,2289,0.5473757476,12.80068972,4.593750361,4.124013297,1790,1.774211001942843,2.0383422915809093,0.871363421664,min_distance_A<1.77527
npt_pressure,50,,P-50GPa,Ti-potential/fcc-restart/04-npt-round-2/md/P-50GPa/multi_nnap_md.xyz,2291,0.491504568,12.93472006,5.180493666,5.127887158,1792,1.729311961526394,2.0161823885795638,0.8589030379566145,min_distance_A<1.77527
npt_pressure,50,,P-50GPa,Ti-potential/fcc-restart/04-npt-round-2/md/P-50GPa/multi_nnap_md.xyz,2295,0.9033445733,13.23322882,5.749852862,4.984926075,1796,1.7278315438088492,2.03638990675064,0.8609388947500647,min_distance_A<1.77527
npt_pressure,50,,P-50GPa,Ti-potential/fcc-restart/04-npt-round-2/md/P-50GPa/multi_nnap_md.xyz,2296,0.8885521439,13.27843537,4.782988377,4.666717174,1797,1.763897308082424,2.038199996726226,0.8607251543338726,min_distance_A<1.77527
npt_pressure,50,,P-50GPa,Ti-potential/fcc-restart/04-npt-round-2/md/P-50GPa/multi_nnap_md.xyz,2304,1.650357143,12.95080842,9.792872601,9.609921161,1805,1.6383431133337345,2.030250414731363,0.8645377899014247,min_distance_A<1.77527
npt_pressure,50,,P-50GPa,Ti-potential/fcc-restart/04-npt-round-2/md/P-50GPa/multi_nnap_md.xyz,2305,2.503128208,12.8921456,10.77027743,8.998963279,1806,1.5738400213747445,1.9905065155534327,0.8488973990814191,min_distance_A<1.77527
npt_pressure,50,,P-50GPa,Ti-potential/fcc-restart/04-npt-round-2/md/P-50GPa/multi_nnap_md.xyz,2306,0.7287320896,12.84271823,7.466618454,8.390771167,1807,1.707379996085496,1.9851769326958855,0.8477092108969131,min_distance_A<1.77527
npt_pressure,50,,P-50GPa,Ti-potential/fcc-restart/04-npt-round-2/md/P-50GPa/multi_nnap_md.xyz,2314,0.4895862005,12.93234889,5.843401565,5.916781353,1815,1.765395767681528,2.0111440219826235,0.8568090299384478,min_distance_A<1.77527
npt_pressure,50,,P-50GPa,Ti-potential/fcc-restart/04-npt-round-2/md/P-50GPa/multi_nnap_md.xyz,2320,0.9174604274,13.16563958,9.103661555,9.732354298,1821,1.6733574316630404,1.9888835030007488,0.8422907374963235,min_distance_A<1.77527
npt_pressure,50,,P-50GPa,Ti-potential/fcc-restart/04-npt-round-2/md/P-50GPa/multi_nnap_md.xyz,2326,0.7825639539,12.94847,3.603426345,3.290570563,1827,1.742154698346209,1.9873215422138715,0.8463084073381929,min_distance_A<1.77527
npt_pressure,50,,P-50GPa,Ti-potential/fcc-restart/04-npt-round-2/md/P-50GPa/multi_nnap_md.xyz,2327,1.074389316,12.88977877,5.231821296,4.657775976,1828,1.6864011106862662,2.0233385012591985,0.8629521684772421,min_distance_A<1.77527
npt_pressure,50,,P-50GPa,Ti-potential/fcc-restart/04-npt-round-2/md/P-50GPa/multi_nnap_md.xyz,2328,0.7853723972,12.83640297,4.355735353,4.080240611,1829,1.7524655884658613,2.0225230521006394,0.8637983420565528,min_distance_A<1.77527
npt_pressure,50,,P-50GPa,Ti-potential/fcc-restart/04-npt-round-2/md/P-50GPa/multi_nnap_md.xyz,2329,0.7336881449,12.79028898,5.189747644,5.098247228,1830,1.708038541817521,1.964151118931585,0.8398752428941226,min_distance_A<1.77527
npt_pressure,50,,P-50GPa,Ti-potential/fcc-restart/04-npt-round-2/md/P-50GPa/multi_nnap_md.xyz,2334,1.232669754,12.75203019,6.921161858,6.348389489,1835,1.6663091350471897,1.9806082174799011,0.8477584602536284,min_distance_A<1.77527
npt_pressure,50,,P-50GPa,Ti-potential/fcc-restart/04-npt-round-2/md/P-50GPa/multi_nnap_md.xyz,2335,1.082383031,12.79485026,5.679295923,5.122333771,1836,1.6953860148795932,2.028510455164391,0.8672923477669163,min_distance_A<1.77527
npt_pressure,50,,P-50GPa,Ti-potential/fcc-restart/04-npt-round-2/md/P-50GPa/multi_nnap_md.xyz,2339,0.4512555252,13.0710981,4.598394177,4.800752778,1840,1.7729768820279994,2.006872361011816,0.8519531776700128,min_distance_A<1.77527
npt_pressure,50,,P-50GPa,Ti-potential/fcc-restart/04-npt-round-2/md/P-50GPa/multi_nnap_md.xyz,2355,1.021668367,12.87345018,8.12702595,8.166479057,1856,1.7433302731010116,2.0305577423491474,0.8663971699540483,min_distance_A<1.77527
npt_pressure,50,,P-50GPa,Ti-potential/fcc-restart/04-npt-round-2/md/P-50GPa/multi_nnap_md.xyz,2356,1.113259251,12.95061038,8.041891472,8.463053084,1857,1.759016844940186,2.035596727597586,0.86681881887622,min_distance_A<1.77527
npt_pressure,50,,P-50GPa,Ti-potential/fcc-restart/04-npt-round-2/md/P-50GPa/multi_nnap_md.xyz,2360,0.6918673887,13.28113865,6.692539238,6.91556164,1861,1.7561606999141215,2.0208525973114617,0.8533414994674073,min_distance_A<1.77527
npt_pressure,50,,P-50GPa,Ti-potential/fcc-restart/04-npt-round-2/md/P-50GPa/multi_nnap_md.xyz,2361,0.916791543,13.33680773,7.632562368,8.300376298,1862,1.7250200017000785,2.0201485422817202,0.8518556488794123,min_distance_A<1.77527
npt_pressure,50,,P-50GPa,Ti-potential/fcc-restart/04-npt-round-2/md/P-50GPa/multi_nnap_md.xyz,2364,0.3348765559,13.32009389,5.682235981,5.971967001,1865,1.7465096541349452,2.0564685154477598,0.8675335971173455,min_distance_A<1.77527
npt_pressure,50,,P-50GPa,Ti-potential/fcc-restart/04-npt-round-2/md/P-50GPa/multi_nnap_md.xyz,2365,0.5236036146,13.25160827,6.311981715,6.853649407,1866,1.7201629589098097,2.0461527965830224,0.864666297955439,min_distance_A<1.77527
npt_pressure,50,,P-50GPa,Ti-potential/fcc-restart/04-npt-round-2/md/P-50GPa/multi_nnap_md.xyz,2378,0.6493283637,13.12096933,7.011271926,7.173816654,1879,1.7218473541861645,2.0371776526223044,0.8637212341000826,min_distance_A<1.77527
npt_pressure,50,,P-50GPa,Ti-potential/fcc-restart/04-npt-round-2/md/P-50GPa/multi_nnap_md.xyz,2379,0.8868969062,13.21288348,7.960612311,7.522182891,1880,1.6824508361798671,2.055605687463291,0.8695087210262946,min_distance_A<1.77527
npt_pressure,50,,P-50GPa,Ti-potential/fcc-restart/04-npt-round-2/md/P-50GPa/multi_nnap_md.xyz,2380,0.3851251141,13.27636546,5.570899081,5.379983136,1881,1.754647415529999,2.065625783243382,0.8723523049853307,min_distance_A<1.77527
npt_pressure,50,,P-50GPa,Ti-potential/fcc-restart/04-npt-round-2/md/P-50GPa/multi_nnap_md.xyz,2389,0.4344055812,12.71601834,5.887003384,6.02402732,1890,1.7523962523949133,2.0115920122840842,0.8618324730599997,min_distance_A<1.77527
npt_pressure,50,,P-50GPa,Ti-potential/fcc-restart/04-npt-round-2/md/P-50GPa/multi_nnap_md.xyz,2394,0.5298734166,12.74122965,5.318402415,5.637173294,1895,1.7752119482771946,2.0123706990962127,0.8615970513159792,min_distance_A<1.77527
npt_pressure,50,,P-50GPa,Ti-potential/fcc-restart/04-npt-round-2/md/P-50GPa/multi_nnap_md.xyz,2399,0.8714733853,13.23658169,6.872721183,6.344305443,1900,1.7059992920667113,2.020223297152353,0.8540319015952273,min_distance_A<1.77527
npt_pressure,50,,P-50GPa,Ti-potential/fcc-restart/04-npt-round-2/md/P-50GPa/multi_nnap_md.xyz,2400,0.5471098711,13.30201317,6.096609893,6.279324287,1901,1.7707562148443974,1.9856371523477552,0.8380323149662315,min_distance_A<1.77527
npt_pressure,50,,P-50GPa,Ti-potential/fcc-restart/04-npt-round-2/md/P-50GPa/multi_nnap_md.xyz,2401,0.3902209721,13.34038512,5.90149214,6.395062581,1902,1.7288578862656965,1.9973466043093344,0.8421652420263921,min_distance_A<1.77527
npt_pressure,50,,P-50GPa,Ti-potential/fcc-restart/04-npt-round-2/md/P-50GPa/multi_nnap_md.xyz,2417,0.4439588586,13.06500839,5.528923167,5.654868524,1918,1.7495004595183872,2.0185029369940093,0.8570236788810514,min_distance_A<1.77527
npt_pressure,50,,P-50GPa,Ti-potential/fcc-restart/04-npt-round-2/md/P-50GPa/multi_nnap_md.xyz,2422,1.097896854,13.39539826,8.515186239,8.927120854,1923,1.673750213602358,2.0231719696576222,0.8518849047382352,min_distance_A<1.77527
npt_pressure,50,,P-50GPa,Ti-potential/fcc-restart/04-npt-round-2/md/P-50GPa/multi_nnap_md.xyz,2434,0.4776257753,12.73658229,6.18190922,6.451966604,1935,1.7752133297349328,2.0705922870374667,0.8866324524622166,min_distance_A<1.77527
npt_pressure,50,,P-50GPa,Ti-potential/fcc-restart/04-npt-round-2/md/P-50GPa/multi_nnap_md.xyz,2435,0.4294002405,12.80718696,4.453324034,4.489274041,1936,1.7679956899291618,2.0411085202850763,0.8723983707319878,min_distance_A<1.77527
npt_pressure,50,,P-50GPa,Ti-potential/fcc-restart/04-npt-round-2/md/P-50GPa/multi_nnap_md.xyz,2447,0.6776911144,13.00683809,5.80656731,5.397546181,1948,1.7064043524394206,2.0036902286429057,0.8520007993189475,min_distance_A<1.77527
npt_pressure,50,,P-50GPa,Ti-potential/fcc-restart/04-npt-round-2/md/P-50GPa/multi_nnap_md.xyz,2451,0.6793327457,12.67852514,5.847878161,6.108832106,1952,1.7267600916855972,1.9811516365265232,0.8496266743239668,min_distance_A<1.77527
npt_pressure,50,,P-50GPa,Ti-potential/fcc-restart/04-npt-round-2/md/P-50GPa/multi_nnap_md.xyz,2452,0.5694802878,12.63928871,5.337384369,5.565373478,1953,1.7422222223790154,1.9707267710389254,0.8460295615228358,min_distance_A<1.77527
npt_pressure,50,,P-50GPa,Ti-potential/fcc-restart/04-npt-round-2/md/P-50GPa/multi_nnap_md.xyz,2454,0.6504219465,12.64399441,5.279570919,5.220062663,1955,1.7451053567898893,1.989445548157923,0.8539595344717498,min_distance_A<1.77527
npt_pressure,50,,P-50GPa,Ti-potential/fcc-restart/04-npt-round-2/md/P-50GPa/multi_nnap_md.xyz,2455,1.721346579,12.68813166,6.1223269,4.366447592,1956,1.6496404034370655,1.9850582807307922,0.8510871560786828,min_distance_A<1.77527
npt_pressure,50,,P-50GPa,Ti-potential/fcc-restart/04-npt-round-2/md/P-50GPa/multi_nnap_md.xyz,2456,1.091515524,12.75703468,5.2422875,5.451571326,1957,1.7074395676155338,1.9937213417782973,0.8532596574439987,min_distance_A<1.77527
npt_pressure,50,,P-50GPa,Ti-potential/fcc-restart/04-npt-round-2/md/P-50GPa/multi_nnap_md.xyz,2461,0.2931641352,13.21825857,4.907571162,4.983715269,1962,1.7747425042591758,2.1525228291682956,0.9103806503992229,min_distance_A<1.77527
npt_pressure,50,,P-50GPa,Ti-potential/fcc-restart/04-npt-round-2/md/P-50GPa/multi_nnap_md.xyz,2462,0.4117960903,13.29836312,5.304597576,5.361846047,1963,1.75730461158803,2.177236458397796,0.9189803014722622,min_distance_A<1.77527
npt_pressure,50,,P-50GPa,Ti-potential/fcc-restart/04-npt-round-2/md/P-50GPa/multi_nnap_md.xyz,2465,0.7804263067,13.39737103,5.882865994,5.106820732,1966,1.714531339192777,2.145420702012672,0.9033151041348426,min_distance_A<1.77527
npt_pressure,50,,P-50GPa,Ti-potential/fcc-restart/04-npt-round-2/md/P-50GPa/multi_nnap_md.xyz,2466,0.7867944972,13.36167581,5.18296637,4.544468985,1967,1.710227331304295,2.093085342348322,0.8820637199771472,min_distance_A<1.77527
npt_pressure,50,,P-50GPa,Ti-potential/fcc-restart/04-npt-round-2/md/P-50GPa/multi_nnap_md.xyz,2477,0.5095031318,12.60657115,5.970131888,6.059733073,1978,1.747618845174756,2.003293339077863,0.8607536782006096,min_distance_A<1.77527
npt_pressure,50,,P-50GPa,Ti-potential/fcc-restart/04-npt-round-2/md/P-50GPa/multi_nnap_md.xyz,2478,1.196410237,12.72836952,9.21324228,9.741301818,1979,1.6542303779360696,2.0146356448803515,0.8628571894500608,min_distance_A<1.77527
npt_pressure,50,,P-50GPa,Ti-potential/fcc-restart/04-npt-round-2/md/P-50GPa/multi_nnap_md.xyz,2512,0.5422097915,12.64509516,6.81300242,6.404913129,2013,1.7713245180850024,1.976708390007991,0.8484675521819767,min_distance_A<1.77527
npt_pressure,50,,P-50GPa,Ti-potential/fcc-restart/04-npt-round-2/md/P-50GPa/multi_nnap_md.xyz,2517,0.8588620722,12.62245559,6.293770016,5.975011373,2018,1.7091730529899845,1.9979288616506885,0.8580884773607159,min_distance_A<1.77527
npt_pressure,50,,P-50GPa,Ti-potential/fcc-restart/04-npt-round-2/md/P-50GPa/multi_nnap_md.xyz,2518,0.7570436385,12.73197304,5.455974732,5.289350963,2019,1.7249647122185463,2.0210592894433543,0.8655267285558993,min_distance_A<1.77527
npt_pressure,50,,P-50GPa,Ti-potential/fcc-restart/04-npt-round-2/md/P-50GPa/multi_nnap_md.xyz,2533,0.472778138,12.83811167,4.39681938,4.247402033,2034,1.7703356326620512,1.948472320393996,0.8321351316007914,min_distance_A<1.77527
npt_pressure,50,,P-50GPa,Ti-potential/fcc-restart/04-npt-round-2/md/P-50GPa/multi_nnap_md.xyz,2542,1.147778549,12.99699909,7.949986871,8.064819668,2043,1.6900922350438874,2.017896945081254,0.8582581839817249,min_distance_A<1.77527
npt_pressure,50,,P-50GPa,Ti-potential/fcc-restart/04-npt-round-2/md/P-50GPa/multi_nnap_md.xyz,2543,0.9867394527,13.11614327,5.940189241,6.369770027,2044,1.735505184856621,2.058649483261976,0.872931885020851,min_distance_A<1.77527
npt_pressure,50,,P-50GPa,Ti-potential/fcc-restart/04-npt-round-2/md/P-50GPa/multi_nnap_md.xyz,2558,0.4868313209,12.58284124,5.052729904,5.020460762,2059,1.7692997506242303,2.022473699746049,0.8695408251325655,min_distance_A<1.77527
npt_pressure,50,,P-50GPa,Ti-potential/fcc-restart/04-npt-round-2/md/P-50GPa/multi_nnap_md.xyz,2568,0.3345822101,13.52027406,4.467941886,4.577704494,2069,1.768545715843478,2.0837770465635073,0.8746938738195701,min_distance_A<1.77527
npt_pressure,50,,P-50GPa,Ti-potential/fcc-restart/04-npt-round-2/md/P-50GPa/multi_nnap_md.xyz,2576,0.6038625921,12.68110256,3.98039302,3.765170079,2077,1.774517717177266,2.0457203458375846,0.8772578425759558,min_distance_A<1.77527
npt_pressure,50,,P-50GPa,Ti-potential/fcc-restart/04-npt-round-2/md/P-50GPa/multi_nnap_md.xyz,2577,1.980403301,12.60287723,7.193958066,4.600797857,2078,1.6480574251494944,2.0418002514588602,0.8773846210170939,min_distance_A<1.77527
npt_pressure,50,,P-50GPa,Ti-potential/fcc-restart/04-npt-round-2/md/P-50GPa/multi_nnap_md.xyz,2578,1.311996371,12.56239609,5.705593804,4.123589102,2079,1.7023715260983496,2.0309517850567786,0.8736593300673116,min_distance_A<1.77527
npt_pressure,50,,P-50GPa,Ti-potential/fcc-restart/04-npt-round-2/md/P-50GPa/multi_nnap_md.xyz,2580,0.4815912834,12.60649852,4.106252913,4.102997522,2081,1.7418920700198195,2.036921197355032,0.8752042179153505,min_distance_A<1.77527
npt_pressure,50,,P-50GPa,Ti-potential/fcc-restart/04-npt-round-2/md/P-50GPa/multi_nnap_md.xyz,2581,0.7585720036,12.68379944,5.282160709,5.416466557,2082,1.6996976710075846,2.0317726369339,0.8712149481820881,min_distance_A<1.77527
npt_pressure,50,,P-50GPa,Ti-potential/fcc-restart/04-npt-round-2/md/P-50GPa/multi_nnap_md.xyz,2585,0.5879936072,13.11171394,5.315168762,4.85475078,2086,1.7364288088272657,1.9796299472436518,0.839519638514621,min_distance_A<1.77527
npt_pressure,50,,P-50GPa,Ti-potential/fcc-restart/04-npt-round-2/md/P-50GPa/multi_nnap_md.xyz,2591,0.4496990412,13.13996287,4.523898388,4.594382423,2092,1.7599738755874526,1.99807235912798,0.8467330258890471,min_distance_A<1.77527
npt_pressure,50,,P-50GPa,Ti-potential/fcc-restart/04-npt-round-2/md/P-50GPa/multi_nnap_md.xyz,2593,0.4543946821,12.95792653,4.931939835,5.221719707,2094,1.7534228697683634,2.040940682752234,0.8689308403246773,min_distance_A<1.77527
npt_pressure,50,,P-50GPa,Ti-potential/fcc-restart/04-npt-round-2/md/P-50GPa/multi_nnap_md.xyz,2594,1.374219057,12.86685732,7.339260709,6.172756282,2095,1.6348535856977573,2.034404420084702,0.8681867012465279,min_distance_A<1.77527
npt_pressure,50,,P-50GPa,Ti-potential/fcc-restart/04-npt-round-2/md/P-50GPa/multi_nnap_md.xyz,2595,0.5366928223,12.78733958,4.305846479,3.666122067,2096,1.753158573564945,2.0403037236142003,0.872505331364251,min_distance_A<1.77527
npt_pressure,50,,P-50GPa,Ti-potential/fcc-restart/04-npt-round-2/md/P-50GPa/multi_nnap_md.xyz,2598,1.293207985,12.67562661,7.272311617,6.142047538,2099,1.658093416595034,2.001709011993375,0.8585082348573535,min_distance_A<1.77527
npt_pressure,50,,P-50GPa,Ti-potential/fcc-restart/04-npt-round-2/md/P-50GPa/multi_nnap_md.xyz,2599,1.394874176,12.70606875,7.0948037,6.139747248,2100,1.6563205447814147,2.025722103212418,0.8681127467699096,min_distance_A<1.77527
npt_pressure,50,,P-50GPa,Ti-potential/fcc-restart/04-npt-round-2/md/P-50GPa/multi_nnap_md.xyz,2601,0.7284125616,12.86458596,5.818294814,5.410556008,2102,1.7391124483218352,2.026869312217388,0.8650219798436399,min_distance_A<1.77527
npt_pressure,50,,P-50GPa,Ti-potential/fcc-restart/04-npt-round-2/md/P-50GPa/multi_nnap_md.xyz,2608,0.5372253106,13.34891368,4.834292343,5.353493632,2109,1.766545173470355,2.074023769230362,0.874309279261721,min_distance_A<1.77527
npt_pressure,50,,P-50GPa,Ti-potential/fcc-restart/04-npt-round-2/md/P-50GPa/multi_nnap_md.xyz,2618,1.24237921,12.83591919,7.962182335,7.933795646,2119,1.6934791391133186,2.0621336174534473,0.8807266626730388,min_distance_A<1.77527
npt_pressure,50,,P-50GPa,Ti-potential/fcc-restart/04-npt-round-2/md/P-50GPa/multi_nnap_md.xyz,2619,1.023634558,12.84230805,6.979504167,7.441345326,2120,1.734325332964993,2.066879699516441,0.8826072800120064,min_distance_A<1.77527
npt_pressure,50,,P-50GPa,Ti-potential/fcc-restart/04-npt-round-2/md/P-50GPa/multi_nnap_md.xyz,2620,0.7030008713,12.85914729,4.648624958,4.91993402,2121,1.7569781391840396,2.0292185899124577,0.8661466739423193,min_distance_A<1.77527
npt_pressure,50,,P-50GPa,Ti-potential/fcc-restart/04-npt-round-2/md/P-50GPa/multi_nnap_md.xyz,2621,0.5367916012,12.88426808,4.288017996,4.438186994,2122,1.7719787217179601,1.958379189139014,0.835366139972193,min_distance_A<1.77527
npt_pressure,50,,P-50GPa,Ti-potential/fcc-restart/04-npt-round-2/md/P-50GPa/multi_nnap_md.xyz,2643,0.4747123238,12.83648809,6.173973755,6.535827155,2144,1.755944159433391,2.0063013874184223,0.8568683455807001,min_distance_A<1.77527
npt_pressure,50,,P-50GPa,Ti-potential/fcc-restart/04-npt-round-2/md/P-50GPa/multi_nnap_md.xyz,2644,0.7914450724,12.88114163,7.306816921,7.655153424,2145,1.7140818580780826,2.081655821338356,0.8880228485209952,min_distance_A<1.77527
npt_pressure,50,,P-50GPa,Ti-potential/fcc-restart/04-npt-round-2/md/P-50GPa/multi_nnap_md.xyz,2645,0.3643449548,12.93399256,5.442245568,5.164487118,2146,1.738687735058506,2.1459664880350635,0.9142088055601856,min_distance_A<1.77527
npt_pressure,50,,P-50GPa,Ti-potential/fcc-restart/04-npt-round-2/md/P-50GPa/multi_nnap_md.xyz,2646,0.512896423,12.9904692,5.961650667,5.92369286,2147,1.744565848069961,2.18274620821267,0.9285279116599734,min_distance_A<1.77527
npt_pressure,50,,P-50GPa,Ti-potential/fcc-restart/04-npt-round-2/md/P-50GPa/multi_nnap_md.xyz,2652,0.7060455947,13.17837551,6.653426504,6.176266299,2153,1.7468804971950673,2.0352933738128254,0.8616675260535303,min_distance_A<1.77527
npt_pressure,50,,P-50GPa,Ti-potential/fcc-restart/04-npt-round-2/md/P-50GPa/multi_nnap_md.xyz,2656,1.022784476,13.16127201,7.459871292,6.272419031,2157,1.6886643291657693,2.052136180345928,0.8691743250687106,min_distance_A<1.77527
npt_pressure,50,,P-50GPa,Ti-potential/fcc-restart/04-npt-round-2/md/P-50GPa/multi_nnap_md.xyz,2657,0.493761167,13.15807108,4.581868403,4.510047931,2158,1.761536964618442,2.024113638078309,0.8573749984019186,min_distance_A<1.77527
npt_pressure,50,,P-50GPa,Ti-potential/fcc-restart/04-npt-round-2/md/P-50GPa/multi_nnap_md.xyz,2658,1.433136206,13.15320073,7.799406032,8.274948051,2159,1.662692433859745,2.0510496418834907,0.8688917809807319,min_distance_A<1.77527
npt_pressure,50,,P-50GPa,Ti-potential/fcc-restart/04-npt-round-2/md/P-50GPa/multi_nnap_md.xyz,2659,2.747152221,13.14423454,8.357929076,9.309303234,2160,1.6182409103274973,2.0797919477273177,0.8812682539865869,min_distance_A<1.77527
npt_pressure,50,,P-50GPa,Ti-potential/fcc-restart/04-npt-round-2/md/P-50GPa/multi_nnap_md.xyz,2660,1.371020612,13.12798132,5.109135997,6.007579578,2161,1.7432528839224763,2.05546283235957,0.8713185860488636,min_distance_A<1.77527
npt_pressure,50,,P-50GPa,Ti-potential/fcc-restart/04-npt-round-2/md/P-50GPa/multi_nnap_md.xyz,2661,1.441094778,13.09992115,6.568652975,5.623792875,2162,1.6579757227354694,2.0713735700422355,0.8786897019614152,min_distance_A<1.77527
npt_pressure,50,,P-50GPa,Ti-potential/fcc-restart/04-npt-round-2/md/P-50GPa/multi_nnap_md.xyz,2662,0.6113017793,13.05760314,3.992073009,3.856876707,2163,1.7680199656613391,2.0712056902217686,0.8795666260143495,min_distance_A<1.77527
npt_pressure,50,,P-50GPa,Ti-potential/fcc-restart/04-npt-round-2/md/P-50GPa/multi_nnap_md.xyz,2663,0.5069940805,13.00399065,6.06322224,5.967686405,2164,1.7537604473468706,2.050646994719795,0.8720311988414963,min_distance_A<1.77527
npt_pressure,50,,P-50GPa,Ti-potential/fcc-restart/04-npt-round-2/md/P-50GPa/multi_nnap_md.xyz,2667,0.5119724836,12.812404,3.883740014,3.593599617,2168,1.754871789586455,2.0021000962226387,0.855609461496556,min_distance_A<1.77527
npt_pressure,50,,P-50GPa,Ti-potential/fcc-restart/04-npt-round-2/md/P-50GPa/multi_nnap_md.xyz,2670,0.6205484644,12.78444263,5.9896647,5.663242022,2171,1.7714500240567967,1.9847962401743497,0.8488324926859762,min_distance_A<1.77527
npt_pressure,50,,P-50GPa,Ti-potential/fcc-restart/04-npt-round-2/md/P-50GPa/multi_nnap_md.xyz,2671,0.7761378234,12.80298194,6.59611916,6.405594851,2172,1.722202289565311,1.9666694320253322,0.8406740786348686,min_distance_A<1.77527
npt_pressure,50,,P-50GPa,Ti-potential/fcc-restart/04-npt-round-2/md/P-50GPa/multi_nnap_md.xyz,2694,0.4415040521,12.7596066,5.822599035,5.83618337,2195,1.7587058707927128,1.9379681476085866,0.8293430442734083,min_distance_A<1.77527
npt_pressure,50,,P-50GPa,Ti-potential/fcc-restart/04-npt-round-2/md/P-50GPa/multi_nnap_md.xyz,2695,1.005145562,12.82801041,8.292852487,7.749337749,2196,1.6878670650482757,1.9395238589017387,0.8285308652307235,min_distance_A<1.77527
npt_pressure,50,,P-50GPa,Ti-potential/fcc-restart/04-npt-round-2/md/P-50GPa/multi_nnap_md.xyz,2696,0.3401836413,12.90766307,5.016042298,4.831958191,2197,1.7664566618957291,1.9594982579429359,0.83533819893703,min_distance_A<1.77527
npt_pressure,50,,P-50GPa,Ti-potential/fcc-restart/04-npt-round-2/md/P-50GPa/multi_nnap_md.xyz,2699,0.6460527088,13.15415426,6.891221412,7.660708996,2200,1.741342061705591,2.066972696546119,0.875616149723336,min_distance_A<1.77527
npt_pressure,50,,P-50GPa,Ti-potential/fcc-restart/04-npt-round-2/md/P-50GPa/multi_nnap_md.xyz,2702,0.6880762184,13.25400346,6.075897551,5.748435305,2203,1.7498004127266653,2.1115639377945,0.8922540812855964,min_distance_A<1.77527
npt_pressure,50,,P-50GPa,Ti-potential/fcc-restart/04-npt-round-2/md/P-50GPa/multi_nnap_md.xyz,2703,0.782311609,13.23933088,6.052660437,6.626344057,2204,1.7741014174480496,2.0706182808938047,0.8752753514383713,min_distance_A<1.77527
npt_pressure,50,,P-50GPa,Ti-potential/fcc-restart/04-npt-round-2/md/P-50GPa/multi_nnap_md.xyz,2710,0.6355424564,12.82877706,5.443652407,5.87739748,2211,1.7398818874377109,2.036158210064561,0.8697940526458153,min_distance_A<1.77527
npt_pressure,50,,P-50GPa,Ti-potential/fcc-restart/04-npt-round-2/md/P-50GPa/multi_nnap_md.xyz,2711,0.5242160068,12.79155987,6.042110224,6.558563838,2212,1.7723262912294173,2.0147702827680556,0.861491573593392,min_distance_A<1.77527
npt_pressure,50,,P-50GPa,Ti-potential/fcc-restart/04-npt-round-2/md/P-50GPa/multi_nnap_md.xyz,2713,0.4030309209,12.78895152,5.072375404,4.83174396,2214,1.766392995225398,1.9934586288877065,0.8524369108775441,min_distance_A<1.77527
npt_pressure,50,,P-50GPa,Ti-potential/fcc-restart/04-npt-round-2/md/P-50GPa/multi_nnap_md.xyz,2716,1.267272429,12.93569057,7.933242421,7.374350008,2217,1.6528212104670927,2.0518049964525393,0.8740565739426839,min_distance_A<1.77527
npt_pressure,50,,P-50GPa,Ti-potential/fcc-restart/04-npt-round-2/md/P-50GPa/multi_nnap_md.xyz,2717,1.331571288,13.00744937,8.049704182,7.482859458,2218,1.6626603683390824,2.066857330954883,0.8788466836626161,min_distance_A<1.77527
npt_pressure,50,,P-50GPa,Ti-potential/fcc-restart/04-npt-round-2/md/P-50GPa/multi_nnap_md.xyz,2733,0.5717916472,12.66301468,5.841612085,5.767758209,2234,1.7397078835719382,2.040214224947456,0.8753130454785515,min_distance_A<1.77527
npt_pressure,50,,P-50GPa,Ti-potential/fcc-restart/04-npt-round-2/md/P-50GPa/multi_nnap_md.xyz,2734,0.9096428768,12.65976481,8.389734234,8.113511869,2235,1.6581098558068434,2.048312266044949,0.878862538756132,min_distance_A<1.77527
npt_pressure,50,,P-50GPa,Ti-potential/fcc-restart/04-npt-round-2/md/P-50GPa/multi_nnap_md.xyz,2745,0.4364616916,13.19522802,5.424848478,5.650584694,2246,1.7697670656162776,2.042047085062724,0.8641585911826364,min_distance_A<1.77527
npt_pressure,50,,P-50GPa,Ti-potential/fcc-restart/04-npt-round-2/md/P-50GPa/multi_nnap_md.xyz,2757,0.5877682825,12.87820295,5.659382523,5.344385955,2258,1.7454237159642767,2.001876078812975,0.8540542044922952,min_distance_A<1.77527
npt_pressure,50,,P-50GPa,Ti-potential/fcc-restart/04-npt-round-2/md/P-50GPa/multi_nnap_md.xyz,2766,0.8995621669,13.13783511,5.721038154,5.564321649,2267,1.7102426457248148,1.9906740290842115,0.8436433385191926,min_distance_A<1.77527
npt_pressure,50,,P-50GPa,Ti-potential/fcc-restart/04-npt-round-2/md/P-50GPa/multi_nnap_md.xyz,2767,0.4133080349,13.0798263,4.211806843,4.473296259,2268,1.7716925670425316,2.0227013094207305,0.858481808449091,min_distance_A<1.77527
npt_pressure,50,,P-50GPa,Ti-potential/fcc-restart/04-npt-round-2/md/P-50GPa/multi_nnap_md.xyz,2769,0.6118529926,12.94661933,5.334311038,4.894511197,2270,1.7732549490612237,2.0359914186577828,0.8670759698935603,min_distance_A<1.77527
npt_pressure,50,,P-50GPa,Ti-potential/fcc-restart/04-npt-round-2/md/P-50GPa/multi_nnap_md.xyz,2798,0.3453786521,13.00402692,3.471530144,3.33839334,2299,1.768624462928778,2.1353150986506817,0.9080352001118372,min_distance_A<1.77527
npt_pressure,50,,P-50GPa,Ti-potential/fcc-restart/04-npt-round-2/md/P-50GPa/multi_nnap_md.xyz,2799,1.222308808,13.0884576,7.052625008,5.828369492,2300,1.658315174178302,2.136308693126352,0.9065000886633737,min_distance_A<1.77527
npt_pressure,50,,P-50GPa,Ti-potential/fcc-restart/04-npt-round-2/md/P-50GPa/multi_nnap_md.xyz,2800,0.4634958784,13.16166517,4.365780199,3.887736552,2301,1.7544526060192087,2.0818937948664495,0.8817692670715006,min_distance_A<1.77527
npt_pressure,50,,P-50GPa,Ti-potential/fcc-restart/04-npt-round-2/md/P-50GPa/multi_nnap_md.xyz,2807,0.727391672,12.99201646,6.315140536,6.811920724,2308,1.7097150819746887,1.9816222492350914,0.8429374499689465,min_distance_A<1.77527
npt_pressure,50,,P-50GPa,Ti-potential/fcc-restart/04-npt-round-2/md/P-50GPa/multi_nnap_md.xyz,2810,0.7427921457,12.85480821,6.146042682,6.398895506,2311,1.7527949069436863,2.0147122121776375,0.8600515544106272,min_distance_A<1.77527
npt_pressure,50,,P-50GPa,Ti-potential/fcc-restart/04-npt-round-2/md/P-50GPa/multi_nnap_md.xyz,2811,0.4987894076,12.83541769,5.314167424,5.343544732,2312,1.741346169710588,2.020975671333366,0.863159557090813,min_distance_A<1.77527
npt_pressure,50,,P-50GPa,Ti-potential/fcc-restart/04-npt-round-2/md/P-50GPa/multi_nnap_md.xyz,2812,0.3844122412,12.83732493,4.940709129,4.897108001,2313,1.753160651439708,2.0677709243646576,0.8831020908091335,min_distance_A<1.77527
npt_pressure,50,,P-50GPa,Ti-potential/fcc-restart/04-npt-round-2/md/P-50GPa/multi_nnap_md.xyz,2814,0.3827256725,12.91128495,4.685776139,4.512650204,2315,1.7598600449003639,2.0366864917458023,0.8681625097609966,min_distance_A<1.77527
npt_pressure,50,,P-50GPa,Ti-potential/fcc-restart/04-npt-round-2/md/P-50GPa/multi_nnap_md.xyz,2815,1.08401425,12.97244418,7.935336624,6.840744378,2316,1.664799089813314,2.009706931290696,0.8553137625089707,min_distance_A<1.77527
npt_pressure,50,,P-50GPa,Ti-potential/fcc-restart/04-npt-round-2/md/P-50GPa/multi_nnap_md.xyz,2816,1.083995922,13.0410186,5.986641496,5.070487329,2317,1.6970416108951936,1.9965286074726172,0.848213211592412,min_distance_A<1.77527
npt_pressure,50,,P-50GPa,Ti-potential/fcc-restart/04-npt-round-2/md/P-50GPa/multi_nnap_md.xyz,2817,0.8468272562,13.1094754,5.753193393,5.226081615,2318,1.7142762070421684,1.9938364904094719,0.8455924612145858,min_distance_A<1.77527
npt_pressure,50,,P-50GPa,Ti-potential/fcc-restart/04-npt-round-2/md/P-50GPa/multi_nnap_md.xyz,2823,0.845895864,13.10257939,5.000057852,4.903193514,2324,1.7639455776937996,2.1045924724046157,0.8927209897468452,min_distance_A<1.77527
npt_pressure,50,,P-50GPa,Ti-potential/fcc-restart/04-npt-round-2/md/P-50GPa/multi_nnap_md.xyz,2824,0.7427646101,13.02542721,4.817860644,4.720835807,2325,1.7703388949046406,2.107459850055246,0.8956987828335155,min_distance_A<1.77527
npt_pressure,50,,P-50GPa,Ti-potential/fcc-restart/04-npt-round-2/md/P-50GPa/multi_nnap_md.xyz,2825,0.8250358528,12.94508197,3.823186616,3.842193396,2326,1.7669357587408718,2.104038253469185,0.896090823405816,min_distance_A<1.77527
npt_pressure,50,,P-50GPa,Ti-potential/fcc-restart/04-npt-round-2/md/P-50GPa/multi_nnap_md.xyz,2842,0.4849110706,13.1225056,4.943073152,5.122878928,2343,1.7420087123594576,1.9621502605514072,0.8318787045622065,min_distance_A<1.77527
npt_pressure,50,,P-50GPa,Ti-potential/fcc-restart/04-npt-round-2/md/P-50GPa/multi_nnap_md.xyz,2848,0.6131069288,12.80961849,5.700381438,5.910198665,2349,1.753466847880219,1.9793418012777255,0.8459448771097059,min_distance_A<1.77527
npt_pressure,50,,P-50GPa,Ti-potential/fcc-restart/04-npt-round-2/md/P-50GPa/multi_nnap_md.xyz,2849,0.672712429,12.77558569,5.031911038,4.821118457,2350,1.7654056244724785,1.9782898170600172,0.8462453768975282,min_distance_A<1.77527
npt_pressure,50,,P-50GPa,Ti-potential/fcc-restart/04-npt-round-2/md/P-50GPa/multi_nnap_md.xyz,2860,0.4652757882,13.16914603,5.17778698,5.449669967,2361,1.7447253716892517,2.0203686797218983,0.8555487402489382,min_distance_A<1.77527
npt_pressure,50,,P-50GPa,Ti-potential/fcc-restart/04-npt-round-2/md/P-50GPa/multi_nnap_md.xyz,2861,0.9841424482,13.19513688,6.340537521,6.37127521,2362,1.7047263571670588,2.0203896203124843,0.8549954996362639,min_distance_A<1.77527
npt_pressure,50,,P-50GPa,Ti-potential/fcc-restart/04-npt-round-2/md/P-50GPa/multi_nnap_md.xyz,2866,0.7755914294,13.1391646,5.741306238,5.627842158,2367,1.7073845344931904,2.055656283037457,0.8711532922213016,min_distance_A<1.77527
npt_pressure,50,,P-50GPa,Ti-potential/fcc-restart/04-npt-round-2/md/P-50GPa/multi_nnap_md.xyz,2867,0.6034662827,13.08292191,4.678480825,4.518922795,2368,1.738461741538085,2.098913787248076,0.8907579024408847,min_distance_A<1.77527
npt_pressure,50,,P-50GPa,Ti-potential/fcc-restart/04-npt-round-2/md/P-50GPa/multi_nnap_md.xyz,2892,0.5049438402,12.66970023,5.030724531,4.993306886,2393,1.7524947671936026,1.9211805186147062,0.8240990134786282,min_distance_A<1.77527
npt_pressure,50,,P-50GPa,Ti-potential/fcc-restart/04-npt-round-2/md/P-50GPa/multi_nnap_md.xyz,2893,1.252778578,12.57679429,7.980105294,7.192372417,2394,1.6638363739368427,1.9315614302992488,0.8305871457499067,min_distance_A<1.77527
npt_pressure,50,,P-50GPa,Ti-potential/fcc-restart/04-npt-round-2/md/P-50GPa/multi_nnap_md.xyz,2898,0.740156414,12.69577733,7.283309437,7.448017612,2399,1.70376071037714,1.9850757951770028,0.8509237817841427,min_distance_A<1.77527
npt_pressure,50,,P-50GPa,Ti-potential/fcc-restart/04-npt-round-2/md/P-50GPa/multi_nnap_md.xyz,2899,0.847400534,12.83227938,6.886144618,6.561682634,2400,1.712646065354542,1.967400315604883,0.840345994944089,min_distance_A<1.77527
npt_pressure,50,,P-50GPa,Ti-potential/fcc-restart/04-npt-round-2/md/P-50GPa/multi_nnap_md.xyz,2900,0.9304541661,12.99128394,6.100879928,6.048850593,2401,1.7746059668872634,2.0080720786456925,0.8542046657610004,min_distance_A<1.77527
npt_pressure,50,,P-50GPa,Ti-potential/fcc-restart/04-npt-round-2/md/P-50GPa/multi_nnap_md.xyz,2901,0.9191483889,13.15735644,7.345226263,7.749318025,2402,1.714965408222395,2.033441088776821,0.8613415183595469,min_distance_A<1.77527
npt_pressure,50,,P-50GPa,Ti-potential/fcc-restart/04-npt-round-2/md/P-50GPa/multi_nnap_md.xyz,2905,0.3775571433,13.61572209,4.805851171,5.123878713,2406,1.7629536347490287,2.033212981855575,0.8514699283128294,min_distance_A<1.77527
npt_pressure,50,,P-50GPa,Ti-potential/fcc-restart/04-npt-round-2/md/P-50GPa/multi_nnap_md.xyz,2907,0.6131892659,13.60417716,6.062313791,6.267901761,2408,1.7671017101732607,1.993493006223714,0.835072066703555,min_distance_A<1.77527
npt_pressure,50,,P-50GPa,Ti-potential/fcc-restart/04-npt-round-2/md/P-50GPa/multi_nnap_md.xyz,2925,1.125744765,13.29238214,7.313843478,6.605848853,2426,1.6669555177871134,1.9552549796353003,0.8254088628744718,min_distance_A<1.77527
npt_pressure,50,,P-50GPa,Ti-potential/fcc-restart/04-npt-round-2/md/P-50GPa/multi_nnap_md.xyz,2926,0.3177744668,13.40840367,4.529858323,4.283879691,2427,1.7680605189578606,1.9697785518573883,0.8291346129776348,min_distance_A<1.77527
npt_pressure,50,,P-50GPa,Ti-potential/fcc-restart/04-npt-round-2/md/P-50GPa/multi_nnap_md.xyz,2932,0.3837629521,13.12505753,6.450037755,6.693486015,2433,1.7464616201268894,2.073455305550547,0.8790109255539731,min_distance_A<1.77527
npt_pressure,50,,P-50GPa,Ti-potential/fcc-restart/04-npt-round-2/md/P-50GPa/multi_nnap_md.xyz,2936,1.737465137,12.52650122,7.768902971,6.85717223,2437,1.6630233145973734,1.9614368654302068,0.8445610957558649,min_distance_A<1.77527
npt_pressure,50,,P-50GPa,Ti-potential/fcc-restart/04-npt-round-2/md/P-50GPa/multi_nnap_md.xyz,2937,1.437703186,12.45074328,6.470568904,5.508021466,2438,1.686786166492594,1.9864618685429545,0.8570677232064889,min_distance_A<1.77527
npt_pressure,50,,P-50GPa,Ti-potential/fcc-restart/04-npt-round-2/md/P-50GPa/multi_nnap_md.xyz,2939,0.6479849133,12.44926408,5.266452046,4.88959833,2440,1.7269579063399114,1.9464443813528765,0.8398352620151738,min_distance_A<1.77527
npt_pressure,50,,P-50GPa,Ti-potential/fcc-restart/04-npt-round-2/md/P-50GPa/multi_nnap_md.xyz,2940,1.986226498,12.52278372,6.818820965,5.683076609,2441,1.6431143370347459,1.922504427808278,0.8278793603309655,min_distance_A<1.77527
npt_pressure,50,,P-50GPa,Ti-potential/fcc-restart/04-npt-round-2/md/P-50GPa/multi_nnap_md.xyz,2941,0.8639553825,12.63899223,5.151452494,4.959142668,2442,1.7352265199241097,1.9366360356658388,0.831400969096561,min_distance_A<1.77527
npt_pressure,50,,P-50GPa,Ti-potential/fcc-restart/04-npt-round-2/md/P-50GPa/multi_nnap_md.xyz,2957,0.638211639,12.58196241,6.534703519,6.807106053,2458,1.7569397168795355,1.9771792716823826,0.8500867642375017,min_distance_A<1.77527
npt_pressure,50,,P-50GPa,Ti-potential/fcc-restart/04-npt-round-2/md/P-50GPa/multi_nnap_md.xyz,2958,0.6305461374,12.48141484,6.213023055,6.318915148,2459,1.69887485393933,1.9994440278538455,0.8619617186856974,min_distance_A<1.77527
npt_pressure,50,,P-50GPa,Ti-potential/fcc-restart/04-npt-round-2/md/P-50GPa/multi_nnap_md.xyz,2991,0.4889363942,13.58861305,7.149516571,6.99503613,2492,1.731642325165989,2.0312017331543037,0.8511929432795228,min_distance_A<1.77527
npt_pressure,50,,P-50GPa,Ti-potential/fcc-restart/04-npt-round-2/md/P-50GPa/multi_nnap_md.xyz,2996,0.8793687123,12.93621767,7.805614693,7.846956025,2497,1.720289023226426,2.1049192015663825,0.8966707266903069,min_distance_A<1.77527
npt_pressure,50,,P-50GPa,Ti-potential/fcc-restart/04-npt-round-2/md/P-50GPa/multi_nnap_md.xyz,3035,0.5518452515,13.29429905,6.154423303,6.246048424,2536,1.7377025601745204,2.0543066073565113,0.8671817210767344,min_distance_A<1.77527
npt_pressure,50,,P-50GPa,Ti-potential/fcc-restart/04-npt-round-2/md/P-50GPa/multi_nnap_md.xyz,3038,2.225511244,12.76400206,8.255314561,5.105129015,2539,1.6170360994545652,1.9775208970652307,0.8461722779288356,min_distance_A<1.77527
npt_pressure,50,,P-50GPa,Ti-potential/fcc-restart/04-npt-round-2/md/P-50GPa/multi_nnap_md.xyz,3039,2.393300017,12.60460949,7.221522571,4.64707054,2540,1.6383679622141785,1.9845591966453164,0.8527484253072871,min_distance_A<1.77527
npt_pressure,50,,P-50GPa,Ti-potential/fcc-restart/04-npt-round-2/md/P-50GPa/multi_nnap_md.xyz,3043,0.5080311902,12.36842266,5.524456483,5.292382709,2544,1.774261227447132,2.041042713193348,0.8825662603323193,min_distance_A<1.77527
npt_pressure,50,,P-50GPa,Ti-potential/fcc-restart/04-npt-round-2/md/P-50GPa/multi_nnap_md.xyz,3048,0.9995362595,13.17234601,7.417313709,6.769606778,2549,1.6769025895561414,2.0326423147817336,0.8606764480205118,min_distance_A<1.77527
npt_pressure,50,,P-50GPa,Ti-potential/fcc-restart/04-npt-round-2/md/P-50GPa/multi_nnap_md.xyz,3049,0.8287793493,13.38798144,6.569401587,6.730342348,2550,1.6967780348485193,2.056551654161842,0.8660997666275769,min_distance_A<1.77527
npt_pressure,50,,P-50GPa,Ti-potential/fcc-restart/04-npt-round-2/md/P-50GPa/multi_nnap_md.xyz,3050,0.3607555853,13.58432281,4.893621108,5.097633953,2551,1.7714921089490785,2.0809950192358673,0.8721510533044773,min_distance_A<1.77527
npt_pressure,50,,P-50GPa,Ti-potential/fcc-restart/04-npt-round-2/md/P-50GPa/multi_nnap_md.xyz,3055,0.3691374466,13.78001876,5.24456397,5.565449961,2556,1.754090134305993,2.102993747132255,0.8771786346783623,min_distance_A<1.77527
npt_pressure,50,,P-50GPa,Ti-potential/fcc-restart/04-npt-round-2/md/P-50GPa/multi_nnap_md.xyz,3067,0.5334366895,12.67735348,5.264378319,5.303282837,2568,1.7692732778021287,2.0610011498850964,0.883897761612804,min_distance_A<1.77527
npt_pressure,50,,P-50GPa,Ti-potential/fcc-restart/04-npt-round-2/md/P-50GPa/multi_nnap_md.xyz,3085,0.4792645666,12.39677632,5.006520482,5.051388541,2586,1.7736600593412977,1.8864754456348944,0.815107523499331,min_distance_A<1.77527
npt_pressure,50,,P-50GPa,Ti-potential/fcc-restart/04-npt-round-2/md/P-50GPa/multi_nnap_md.xyz,3089,0.9398935179,12.99468549,6.946480895,7.378855516,2590,1.6830073865111788,1.953293724907416,0.8308302437324464,min_distance_A<1.77527
npt_pressure,50,,P-50GPa,Ti-potential/fcc-restart/04-npt-round-2/md/P-50GPa/multi_nnap_md.xyz,3090,0.7697327512,13.1830418,5.475651686,5.327437886,2591,1.700206079251184,2.0142410971032088,0.8526541491055444,min_distance_A<1.77527
npt_pressure,50,,P-50GPa,Ti-potential/fcc-restart/04-npt-round-2/md/P-50GPa/multi_nnap_md.xyz,3092,1.473396834,13.47654119,8.68054635,8.23070745,2593,1.6543382810642204,2.0919352618469715,0.8790672344246603,min_distance_A<1.77527
npt_pressure,50,,P-50GPa,Ti-potential/fcc-restart/04-npt-round-2/md/P-50GPa/multi_nnap_md.xyz,3093,0.83460117,13.55989609,7.099933101,7.327708264,2594,1.7203051863392285,2.0911733878147953,0.8769427789768597,min_distance_A<1.77527
npt_pressure,50,,P-50GPa,Ti-potential/fcc-restart/04-npt-round-2/md/P-50GPa/multi_nnap_md.xyz,3106,0.4257226023,12.65403544,4.515694394,4.491675393,2607,1.7716455950917442,1.9616099701936967,0.8417884799750281,min_distance_A<1.77527
npt_pressure,50,,P-50GPa,Ti-potential/fcc-restart/04-npt-round-2/md/P-50GPa/multi_nnap_md.xyz,3120,0.2795440502,13.13351102,5.021686822,4.979330175,2621,1.7702090363269884,2.0243467492325715,0.8580079074619172,min_distance_A<1.77527
npt_pressure,50,,P-50GPa,Ti-potential/fcc-restart/04-npt-round-2/md/P-50GPa/multi_nnap_md.xyz,3125,0.5608833214,12.46979313,5.313854179,4.721520667,2626,1.745945100660295,2.0003065933111652,0.8626013832081313,min_distance_A<1.77527
npt_pressure,50,,P-50GPa,Ti-potential/fcc-restart/04-npt-round-2/md/P-50GPa/multi_nnap_md.xyz,3127,0.4845685098,12.42867845,5.893719253,6.169220365,2628,1.7514601262484855,2.038717272424549,0.8801337702222365,min_distance_A<1.77527
npt_pressure,50,,P-50GPa,Ti-potential/fcc-restart/04-npt-round-2/md/P-50GPa/multi_nnap_md.xyz,3129,0.6163553326,12.54463341,5.250344155,5.299917805,2630,1.7454634029277352,2.035647395744687,0.8760923654625895,min_distance_A<1.77527
npt_pressure,50,,P-50GPa,Ti-potential/fcc-restart/04-npt-round-2/md/P-50GPa/multi_nnap_md.xyz,3130,0.5235390644,12.64923524,4.879669092,4.947380791,2631,1.7701303664973804,1.9906060554333478,0.8543396538707723,min_distance_A<1.77527
npt_pressure,50,,P-50GPa,Ti-potential/fcc-restart/04-npt-round-2/md/P-50GPa/multi_nnap_md.xyz,3141,0.4589113174,13.19745513,5.113124294,4.819490929,2642,1.7666216569219308,1.9780698568234893,0.8370374583143202,min_distance_A<1.77527
npt_pressure,50,,P-50GPa,Ti-potential/fcc-restart/04-npt-round-2/md/P-50GPa/multi_nnap_md.xyz,3154,0.4712062143,13.11849065,4.799925776,4.567501212,2655,1.7688223016849318,2.0410357349697343,0.8654114797427023,min_distance_A<1.77527
npt_pressure,50,,P-50GPa,Ti-potential/fcc-restart/04-npt-round-2/md/P-50GPa/multi_nnap_md.xyz,3155,0.3924441021,13.22981161,4.198427387,4.284665872,2656,1.7691169977442922,2.044907665388931,0.8646144369466436,min_distance_A<1.77527
npt_pressure,50,,P-50GPa,Ti-potential/fcc-restart/04-npt-round-2/md/P-50GPa/multi_nnap_md.xyz,3158,0.6625365712,13.40916386,4.714682926,5.190561845,2659,1.7459077386590376,2.0450381383318814,0.8607972000546542,min_distance_A<1.77527
npt_pressure,50,,P-50GPa,Ti-potential/fcc-restart/04-npt-round-2/md/P-50GPa/multi_nnap_md.xyz,3159,0.6760808195,13.399661,6.098984959,6.271347464,2660,1.7224261814960187,2.015677244480088,0.848639136018232,min_distance_A<1.77527
npt_pressure,50,,P-50GPa,Ti-potential/fcc-restart/04-npt-round-2/md/P-50GPa/multi_nnap_md.xyz,3160,0.9779049981,13.35752791,6.365184759,6.945181447,2661,1.769290489448549,2.0128278728665516,0.848329574502298,min_distance_A<1.77527
npt_pressure,50,,P-50GPa,Ti-potential/fcc-restart/04-npt-round-2/md/P-50GPa/multi_nnap_md.xyz,3165,0.405760133,12.86265356,4.487395774,4.579486015,2666,1.774468545130029,2.1459036466282857,0.9158690016626928,min_distance_A<1.77527
npt_pressure,50,,P-50GPa,Ti-potential/fcc-restart/04-npt-round-2/md/P-50GPa/multi_nnap_md.xyz,3168,1.264452433,12.66852542,7.286527057,7.690128902,2669,1.689360326626819,2.133090252232054,0.9150269288614218,min_distance_A<1.77527
npt_pressure,50,,P-50GPa,Ti-potential/fcc-restart/04-npt-round-2/md/P-50GPa/multi_nnap_md.xyz,3169,0.8691652246,12.67470004,5.197525077,4.734327291,2670,1.7717211525422139,2.09121385053088,0.8969176078305534,min_distance_A<1.77527
npt_pressure,50,,P-50GPa,Ti-potential/fcc-restart/04-npt-round-2/md/P-50GPa/multi_nnap_md.xyz,3173,0.5278286719,12.97075849,4.804648006,4.670990815,2674,1.7652414674255665,2.00885064851006,0.854986371113821,min_distance_A<1.77527
npt_pressure,50,,P-50GPa,Ti-potential/fcc-restart/04-npt-round-2/md/P-50GPa/multi_nnap_md.xyz,3204,0.324762836,12.82448838,5.007985299,5.112388969,2705,1.7645029757770578,1.9695240247312038,0.8414234279317594,min_distance_A<1.77527
npt_pressure,50,,P-50GPa,Ti-potential/fcc-restart/04-npt-round-2/md/P-50GPa/multi_nnap_md.xyz,3208,0.576027684,12.77994481,6.338301447,6.34146218,2709,1.7238390778889476,2.0028692041803287,0.8566621841289679,min_distance_A<1.77527
npt_pressure,50,,P-50GPa,Ti-potential/fcc-restart/04-npt-round-2/md/P-50GPa/multi_nnap_md.xyz,3209,0.5676809579,12.80132053,5.398107553,5.800799936,2710,1.74918333774498,2.0008032593012985,0.8553019499513217,min_distance_A<1.77527
npt_pressure,50,,P-50GPa,Ti-potential/fcc-restart/04-npt-round-2/md/P-50GPa/multi_nnap_md.xyz,3214,0.5517323194,13.05307909,6.252299213,6.093078266,2715,1.7644832279431508,2.0394888094440318,0.8661976548646494,min_distance_A<1.77527
npt_pressure,50,,P-50GPa,Ti-potential/fcc-restart/04-npt-round-2/md/P-50GPa/multi_nnap_md.xyz,3221,2.346631401,13.20160923,10.00943471,8.010666388,2722,1.6289022910699882,2.130848508449707,0.9015924863056611,min_distance_A<1.77527
npt_pressure,50,,P-50GPa,Ti-potential/fcc-restart/04-npt-round-2/md/P-50GPa/multi_nnap_md.xyz,3222,0.8119655645,13.17544732,7.338680464,7.229379398,2723,1.719412107591186,2.1239852270573287,0.8992829693355874,min_distance_A<1.77527
npt_pressure,50,,P-50GPa,Ti-potential/fcc-restart/04-npt-round-2/md/P-50GPa/multi_nnap_md.xyz,3228,0.5399983464,12.8959363,6.576658585,6.086875609,2729,1.7700823662804548,2.0035781100052583,0.8543883510000185,min_distance_A<1.77527
npt_pressure,50,,P-50GPa,Ti-potential/fcc-restart/04-npt-round-2/md/P-50GPa/multi_nnap_md.xyz,3233,0.5558383416,12.71703108,5.893989584,5.675038538,2734,1.7145655467684449,2.0659422692881613,0.885094422210349,min_distance_A<1.77527
npt_pressure,50,,P-50GPa,Ti-potential/fcc-restart/04-npt-round-2/md/P-50GPa/multi_nnap_md.xyz,3234,1.411804224,12.72926805,8.83408124,7.385041555,2735,1.6265360098774762,2.039856271135169,0.873638485572998,min_distance_A<1.77527
npt_pressure,50,,P-50GPa,Ti-potential/fcc-restart/04-npt-round-2/md/P-50GPa/multi_nnap_md.xyz,3238,0.3828904025,12.9124467,5.905349791,6.406281851,2739,1.751388243581182,2.001366023194457,0.8530811425149717,min_distance_A<1.77527
npt_pressure,50,,P-50GPa,Ti-potential/fcc-restart/04-npt-round-2/md/P-50GPa/multi_nnap_md.xyz,3265,0.3909832296,13.07998892,4.577486886,5.008032945,2766,1.7752530970189457,2.0421739960943746,0.8667428808261182,min_distance_A<1.77527
npt_pressure,50,,P-50GPa,Ti-potential/fcc-restart/04-npt-round-2/md/P-50GPa/multi_nnap_md.xyz,3269,0.6473823593,13.23775582,6.923113029,6.763945523,2770,1.7218621050724352,1.9621113851433498,0.8294410700765988,min_distance_A<1.77527
npt_pressure,50,,P-50GPa,Ti-potential/fcc-restart/04-npt-round-2/md/P-50GPa/multi_nnap_md.xyz,3270,0.5645413637,13.22853042,5.953380183,5.387802047,2771,1.7438656595721052,1.9881654401123348,0.8406501991067111,min_distance_A<1.77527
npt_pressure,50,,P-50GPa,Ti-potential/fcc-restart/04-npt-round-2/md/P-50GPa/multi_nnap_md.xyz,3273,0.4705499718,13.118984,5.061658519,4.896178354,2774,1.7631311839642276,2.0867086592545427,0.8847659843012337,min_distance_A<1.77527
npt_pressure,50,,P-50GPa,Ti-potential/fcc-restart/04-npt-round-2/md/P-50GPa/multi_nnap_md.xyz,3279,0.8529062166,12.88272954,6.187955835,5.585389538,2780,1.7010560164570148,1.9888217873387668,0.8483855037018261,min_distance_A<1.77527
npt_pressure,50,,P-50GPa,Ti-potential/fcc-restart/04-npt-round-2/md/P-50GPa/multi_nnap_md.xyz,3280,0.524153911,12.88153842,4.812817502,4.432523094,2781,1.7573839976440973,1.9661443640218104,0.8387376884259382,min_distance_A<1.77527
npt_pressure,50,,P-50GPa,Ti-potential/fcc-restart/04-npt-round-2/md/P-50GPa/multi_nnap_md.xyz,3284,0.4771561658,13.02330582,4.191762538,4.383758462,2785,1.7617020157747147,2.0146608045144636,0.8563044302988456,min_distance_A<1.77527
npt_pressure,50,,P-50GPa,Ti-potential/fcc-restart/04-npt-round-2/md/P-50GPa/multi_nnap_md.xyz,3286,0.4652332915,13.14547082,4.489428052,4.550789872,2787,1.7571824586155234,2.0319907686533845,0.8609865136198461,min_distance_A<1.77527
npt_pressure,50,,P-50GPa,Ti-potential/fcc-restart/04-npt-round-2/md/P-50GPa/multi_nnap_md.xyz,3287,0.547473909,13.19443191,4.635043482,4.574718837,2788,1.7595833951019864,1.9894410897837989,0.8419135867712644,min_distance_A<1.77527
npt_pressure,50,,P-50GPa,Ti-potential/fcc-restart/04-npt-round-2/md/P-50GPa/multi_nnap_md.xyz,3291,1.185281917,13.17042497,7.759595285,6.960819945,2792,1.673440099891537,2.0683223524870016,0.875826932236806,min_distance_A<1.77527
npt_pressure,50,,P-50GPa,Ti-potential/fcc-restart/04-npt-round-2/md/P-50GPa/multi_nnap_md.xyz,3292,0.5776613592,13.11237683,5.754967871,5.926391767,2793,1.7294028431314188,2.014094758305778,0.8541210501439923,min_distance_A<1.77527
npt_pressure,50,,P-50GPa,Ti-potential/fcc-restart/04-npt-round-2/md/P-50GPa/multi_nnap_md.xyz,3294,0.68164042,12.95905546,5.860507299,5.07959429,2795,1.719732037189072,2.0734831692056663,0.8827601740960859,min_distance_A<1.77527
npt_pressure,50,,P-50GPa,Ti-potential/fcc-restart/04-npt-round-2/md/P-50GPa/multi_nnap_md.xyz,3295,0.7014800661,12.8784255,6.254447729,5.412822076,2796,1.7090203900070404,2.104351779736659,0.8977679246718341,min_distance_A<1.77527
npt_pressure,50,,P-50GPa,Ti-potential/fcc-restart/04-npt-round-2/md/P-50GPa/multi_nnap_md.xyz,3296,0.6968034843,12.80687471,4.633362973,4.703794149,2797,1.768664356657911,2.123538964047171,0.9076376732539329,min_distance_A<1.77527
npt_pressure,50,,P-50GPa,Ti-potential/fcc-restart/04-npt-round-2/md/P-50GPa/multi_nnap_md.xyz,3306,1.598200707,13.02623887,9.100293599,8.916059213,2807,1.634124699013044,2.019457101605656,0.8582786038892758,min_distance_A<1.77527
npt_pressure,50,,P-50GPa,Ti-potential/fcc-restart/04-npt-round-2/md/P-50GPa/multi_nnap_md.xyz,3307,0.5151465601,13.14138377,5.719996899,5.843920753,2808,1.7355684806783336,1.9856620435259684,0.8414435158259277,min_distance_A<1.77527
npt_pressure,50,,P-50GPa,Ti-potential/fcc-restart/04-npt-round-2/md/P-50GPa/multi_nnap_md.xyz,3308,0.3886282654,13.25248645,6.284726655,6.778972317,2809,1.7560779622652471,1.9872980355029386,0.83977681502483,min_distance_A<1.77527
npt_pressure,50,,P-50GPa,Ti-potential/fcc-restart/04-npt-round-2/md/P-50GPa/multi_nnap_md.xyz,3309,0.4640936811,13.34828657,6.781493816,7.081605642,2810,1.7339396846890067,2.044279644770286,0.8617840734325979,min_distance_A<1.77527
npt_pressure,50,,P-50GPa,Ti-potential/fcc-restart/04-npt-round-2/md/P-50GPa/multi_nnap_md.xyz,3325,0.817153462,12.80978131,5.846386836,6.072736362,2826,1.7264700397343833,1.9374555062755212,0.828039712542949,min_distance_A<1.77527
npt_pressure,50,,P-50GPa,Ti-potential/fcc-restart/04-npt-round-2/md/P-50GPa/multi_nnap_md.xyz,3326,0.7139681044,12.83107983,6.811450599,7.082337192,2827,1.70726190851064,1.9566637395989532,0.835786068769689,min_distance_A<1.77527
npt_pressure,50,,P-50GPa,Ti-potential/fcc-restart/04-npt-round-2/md/P-50GPa/multi_nnap_md.xyz,3344,0.557040271,12.77374037,4.73114349,4.756975671,2845,1.7689619270256107,2.0165677599006036,0.8626609208216582,min_distance_A<1.77527
npt_pressure,50,,P-50GPa,Ti-potential/fcc-restart/04-npt-round-2/md/P-50GPa/multi_nnap_md.xyz,3345,0.5280476299,12.72846333,4.998883815,5.039025912,2846,1.7533927928463267,1.9934527386509207,0.8537825714923419,min_distance_A<1.77527
npt_pressure,50,,P-50GPa,Ti-potential/fcc-restart/04-npt-round-2/md/P-50GPa/multi_nnap_md.xyz,3347,0.6568170442,12.69487573,4.554736159,3.675877478,2848,1.756920201001837,1.9046958727407914,0.8164874042380977,min_distance_A<1.77527
npt_pressure,50,,P-50GPa,Ti-potential/fcc-restart/04-npt-round-2/md/P-50GPa/multi_nnap_md.xyz,3362,0.3706925848,13.11593739,5.475944767,5.752814274,2863,1.7663667909473257,2.0106160128987582,0.8525686493122758,min_distance_A<1.77527
npt_pressure,50,,P-50GPa,Ti-potential/fcc-restart/04-npt-round-2/md/P-50GPa/multi_nnap_md.xyz,3372,0.5952347686,12.92738052,5.884141581,5.22822931,2873,1.7678506972017902,1.9583039360060666,0.8344044007647059,min_distance_A<1.77527
npt_pressure,50,,P-50GPa,Ti-potential/fcc-restart/04-npt-round-2/md/P-50GPa/multi_nnap_md.xyz,3390,0.5725448818,12.7257254,5.728614663,5.531913317,2891,1.7560924908607758,2.0305485593344543,0.8697328303836401,min_distance_A<1.77527
npt_pressure,50,,P-50GPa,Ti-potential/fcc-restart/04-npt-round-2/md/P-50GPa/multi_nnap_md.xyz,3395,0.7502357967,12.93329353,6.249521471,6.058963742,2896,1.749510316839703,2.084106053336529,0.8878714751423731,min_distance_A<1.77527
npt_pressure,50,,P-50GPa,Ti-potential/fcc-restart/04-npt-round-2/md/P-50GPa/multi_nnap_md.xyz,3401,0.3776773735,13.20639792,5.108048824,5.014029498,2902,1.7710715488028776,2.0541221607156013,0.8690234085349767,min_distance_A<1.77527
npt_pressure,50,,P-50GPa,Ti-potential/fcc-restart/04-npt-round-2/md/P-50GPa/multi_nnap_md.xyz,3420,0.4144158823,13.29797207,5.599182723,5.057550319,2921,1.7726230208896108,2.0780910844696976,0.877141057980025,min_distance_A<1.77527
npt_pressure,50,,P-50GPa,Ti-potential/fcc-restart/04-npt-round-2/md/P-50GPa/multi_nnap_md.xyz,3426,0.8018901773,13.31736799,7.242970424,7.429344397,2927,1.7432160038703226,2.0400058926657985,0.86064745416152,min_distance_A<1.77527
npt_pressure,50,,P-50GPa,Ti-potential/fcc-restart/04-npt-round-2/md/P-50GPa/multi_nnap_md.xyz,3432,1.189080932,12.7158585,6.357553278,4.881669132,2933,1.6719551256709932,2.0224065817420613,0.8664694224345068,min_distance_A<1.77527
npt_pressure,50,,P-50GPa,Ti-potential/fcc-restart/04-npt-round-2/md/P-50GPa/multi_nnap_md.xyz,3433,1.843964775,12.69598899,8.841340581,6.730662292,2934,1.6137704349958824,2.0378174400774234,0.8735271927382122,min_distance_A<1.77527
npt_pressure,50,,P-50GPa,Ti-potential/fcc-restart/04-npt-round-2/md/P-50GPa/multi_nnap_md.xyz,3434,0.4805376912,12.71326472,6.092314425,6.589129109,2935,1.7583844243039948,2.099497023833284,0.8995588211152824,min_distance_A<1.77527
npt_pressure,50,,P-50GPa,Ti-potential/fcc-restart/04-npt-round-2/md/P-50GPa/multi_nnap_md.xyz,3435,0.4021250953,12.76304128,6.021989853,6.548423403,2936,1.774375950484282,2.169223308918934,0.928224166430786,min_distance_A<1.77527
npt_pressure,50,,P-50GPa,Ti-potential/fcc-restart/04-npt-round-2/md/P-50GPa/multi_nnap_md.xyz,3437,0.2782647661,12.92258781,4.16446877,4.334155345,2938,1.8498251327190882,2.2301939103630763,0.9503701671566344,normalized_void>0.946161
npt_pressure,50,,P-50GPa,Ti-potential/fcc-restart/04-npt-round-2/md/P-50GPa/multi_nnap_md.xyz,3438,0.2947907794,13.01454415,3.780234092,3.981760163,2939,1.8405101309357466,2.2409287508189477,0.9526902668451922,normalized_void>0.946161
npt_pressure,50,,P-50GPa,Ti-potential/fcc-restart/04-npt-round-2/md/P-50GPa/multi_nnap_md.xyz,3465,0.6355479886,13.30546275,7.274026983,7.101373453,2966,1.7250318851566873,2.069081027824857,0.873174084149914,min_distance_A<1.77527
npt_pressure,50,,P-50GPa,Ti-potential/fcc-restart/04-npt-round-2/md/P-50GPa/multi_nnap_md.xyz,3466,0.9380855335,13.22294766,9.477332612,8.81107646,2967,1.6644587896147254,2.063857735894405,0.8727777468986041,min_distance_A<1.77527
npt_pressure,50,,P-50GPa,Ti-potential/fcc-restart/04-npt-round-2/md/P-50GPa/multi_nnap_md.xyz,3473,0.7730407566,12.60899783,6.658492513,6.211216996,2974,1.6996343521892476,1.9944456016312222,0.8568970981822472,min_distance_A<1.77527
npt_pressure,50,,P-50GPa,Ti-potential/fcc-restart/04-npt-round-2/md/P-50GPa/multi_nnap_md.xyz,3474,0.6977318067,12.63172278,6.574263296,6.474316881,2975,1.7196545932273233,1.9705883928708794,0.8461390238392648,min_distance_A<1.77527
npt_pressure,50,,P-50GPa,Ti-potential/fcc-restart/04-npt-round-2/md/P-50GPa/multi_nnap_md.xyz,3475,0.8722603898,12.68886962,6.498205313,6.331647565,2976,1.7048098028581873,1.9532808533898771,0.837446454010843,min_distance_A<1.77527
npt_pressure,50,,P-50GPa,Ti-potential/fcc-restart/04-npt-round-2/md/P-50GPa/multi_nnap_md.xyz,3479,0.5632471632,13.09998759,6.163803269,6.041716757,2980,1.7548732885330869,2.0231631570206807,0.8582370905823096,min_distance_A<1.77527
npt_pressure,50,,P-50GPa,Ti-potential/fcc-restart/04-npt-round-2/md/P-50GPa/multi_nnap_md.xyz,3480,0.7531610841,13.20249468,6.176855007,5.73645568,2981,1.7221615609151824,2.0115597285988764,0.8511006692730505,min_distance_A<1.77527
npt_pressure,50,,P-50GPa,Ti-potential/fcc-restart/04-npt-round-2/md/P-50GPa/multi_nnap_md.xyz,3494,1.191970818,12.66394929,7.642790018,7.275121374,2995,1.6756494730765779,2.049527980874487,0.8792872941080826,min_distance_A<1.77527
npt_pressure,50,,P-50GPa,Ti-potential/fcc-restart/04-npt-round-2/md/P-50GPa/multi_nnap_md.xyz,3495,1.177263133,12.67268952,7.420304308,6.428323239,2996,1.6789339917777895,2.0708372632485847,0.8882250959472938,min_distance_A<1.77527
npt_pressure,50,,P-50GPa,Ti-potential/fcc-restart/04-npt-round-2/md/P-50GPa/multi_nnap_md.xyz,3496,0.7033714157,12.71349927,6.044071746,5.959929794,2997,1.7666890083672566,2.068454483577386,0.886252761127854,min_distance_A<1.77527
npt_pressure,50,,P-50GPa,Ti-potential/fcc-restart/04-npt-round-2/md/P-50GPa/multi_nnap_md.xyz,3497,0.5166793373,12.7816724,5.85310902,6.202297422,2998,1.7607909432692042,2.0409642695572954,0.8729167779623078,min_distance_A<1.77527
npt_pressure,50,,P-50GPa,Ti-potential/fcc-restart/04-npt-round-2/md/P-50GPa/multi_nnap_md.xyz,3498,0.9125901739,12.86958735,7.849228129,8.76250031,2999,1.6718866441297702,2.0159975402210497,0.8602706849002109,min_distance_A<1.77527
npt_pressure,50,,P-50GPa,Ti-potential/fcc-restart/04-npt-round-2/md/P-50GPa/multi_nnap_md.xyz,3506,1.016171168,13.28203306,6.042268547,4.755193335,3007,1.6910307959450497,2.03600842418968,0.8597220224314652,min_distance_A<1.77527
npt_pressure,50,,P-50GPa,Ti-potential/fcc-restart/04-npt-round-2/md/P-50GPa/multi_nnap_md.xyz,3507,1.213404799,13.2179693,6.396226639,4.953390515,3008,1.6843823734115224,2.0700535297718052,0.8755077534025439,min_distance_A<1.77527
npt_pressure,50,,P-50GPa,Ti-potential/fcc-restart/04-npt-round-2/md/P-50GPa/multi_nnap_md.xyz,3509,0.4021892274,13.03009474,4.533157552,4.724229394,3010,1.766492330468281,2.0432559956857714,0.8683075772409946,min_distance_A<1.77527
npt_pressure,50,,P-50GPa,Ti-potential/fcc-restart/04-npt-round-2/md/P-50GPa/multi_nnap_md.xyz,3512,0.6335917732,12.75538588,6.800709831,6.490806187,3013,1.7570709279594028,1.958723589561647,0.8383176692327023,min_distance_A<1.77527
npt_pressure,50,,P-50GPa,Ti-potential/fcc-restart/04-npt-round-2/md/P-50GPa/multi_nnap_md.xyz,3517,0.4539229981,12.72641125,5.218122057,5.477942472,3018,1.768876558104117,2.0023568367455002,0.8576422296947015,min_distance_A<1.77527
npt_pressure,50,,P-50GPa,Ti-potential/fcc-restart/04-npt-round-2/md/P-50GPa/multi_nnap_md.xyz,3593,0.3952796866,12.92795246,4.845378309,4.818551948,3094,1.761222024091128,2.0305061906304154,0.8651559569787322,min_distance_A<1.77527
npt_pressure,50,,P-50GPa,Ti-potential/fcc-restart/04-npt-round-2/md/P-50GPa/multi_nnap_md.xyz,3602,0.5209696365,12.8873944,5.335283868,5.715326837,3103,1.747282378417034,1.9969948772196497,0.8517691587762353,min_distance_A<1.77527
npt_pressure,50,,P-50GPa,Ti-potential/fcc-restart/04-npt-round-2/md/P-50GPa/multi_nnap_md.xyz,3605,0.5506001733,13.03905874,5.263265304,5.625588145,3106,1.7639346373312252,2.1273673744980752,0.9038445576340323,min_distance_A<1.77527
npt_pressure,50,,P-50GPa,Ti-potential/fcc-restart/04-npt-round-2/md/P-50GPa/multi_nnap_md.xyz,3621,0.469897794,12.90699274,4.976920773,5.273156314,3122,1.763215706517997,2.1307335840330253,0.9083519005549294,min_distance_A<1.77527
npt_pressure,50,,P-50GPa,Ti-potential/fcc-restart/04-npt-round-2/md/P-50GPa/multi_nnap_md.xyz,3622,0.5618670635,12.92589401,5.053120686,5.119277953,3123,1.7735779155364868,2.0672874728511283,0.8808744422146163,min_distance_A<1.77527
npt_pressure,50,,P-50GPa,Ti-potential/fcc-restart/04-npt-round-2/md/P-50GPa/multi_nnap_md.xyz,3628,1.183745808,13.04821388,6.444945722,5.486953908,3129,1.6807002892224574,2.0119046852440996,0.8545885041458504,min_distance_A<1.77527
npt_pressure,50,,P-50GPa,Ti-potential/fcc-restart/04-npt-round-2/md/P-50GPa/multi_nnap_md.xyz,3629,0.6480748958,13.05218428,5.91542703,5.850876757,3130,1.7227781737620724,2.0064578875387413,0.8521884622246667,min_distance_A<1.77527
npt_pressure,50,,P-50GPa,Ti-potential/fcc-restart/04-npt-round-2/md/P-50GPa/multi_nnap_md.xyz,3638,0.5176597969,12.92785019,4.690744826,5.155921261,3139,1.763192791724474,2.0604130107999676,0.8779009386451119,min_distance_A<1.77527
npt_pressure,50,,P-50GPa,Ti-potential/fcc-restart/04-npt-round-2/md/P-50GPa/multi_nnap_md.xyz,3643,0.6536697754,12.88684274,5.219261418,5.864719898,3144,1.7616154136696867,1.9944920392322287,0.8507137734724115,min_distance_A<1.77527
npt_pressure,50,,P-50GPa,Ti-potential/fcc-restart/04-npt-round-2/md/P-50GPa/multi_nnap_md.xyz,3644,0.603360453,12.9056257,5.915844198,6.229921752,3145,1.744287083963625,2.0371902081367645,0.8685041372555665,min_distance_A<1.77527
npt_pressure,50,,P-50GPa,Ti-potential/fcc-restart/04-npt-round-2/md/P-50GPa/multi_nnap_md.xyz,3646,0.6023301315,12.96152145,6.539178061,6.115614957,3147,1.7068154924287227,2.134729775924843,0.9087775297677104,min_distance_A<1.77527
npt_pressure,50,,P-50GPa,Ti-potential/fcc-restart/04-npt-round-2/md/P-50GPa/multi_nnap_md.xyz,3647,0.4034133565,12.99170762,5.154518703,5.068815137,3148,1.7609453226220921,2.150191017397518,0.9146500529931637,min_distance_A<1.77527
npt_pressure,50,,P-50GPa,Ti-potential/fcc-restart/04-npt-round-2/md/P-50GPa/multi_nnap_md.xyz,3648,0.5945908615,13.02082782,6.642235129,6.262310592,3149,1.7048141822982232,2.122984025530551,0.9024029942422325,min_distance_A<1.77527
npt_pressure,50,,P-50GPa,Ti-potential/fcc-restart/04-npt-round-2/md/P-50GPa/multi_nnap_md.xyz,3675,0.6561265612,13.3340062,7.450181395,7.711345394,3176,1.7594973542611676,2.049120781636815,0.8641331653583046,min_distance_A<1.77527
npt_pressure,50,,P-50GPa,Ti-potential/fcc-restart/04-npt-round-2/md/P-50GPa/multi_nnap_md.xyz,3684,0.7219411519,12.79021097,5.113776105,5.464433244,3185,1.7562115514450944,1.9905878804468033,0.8511813895613558,min_distance_A<1.77527
npt_pressure,50,,P-50GPa,Ti-potential/fcc-restart/04-npt-round-2/md/P-50GPa/multi_nnap_md.xyz,3685,0.72913671,12.75126174,5.749264234,5.733357616,3186,1.765766256710182,2.01130033591885,0.8609128815172554,min_distance_A<1.77527
npt_pressure,50,,P-50GPa,Ti-potential/fcc-restart/04-npt-round-2/md/P-50GPa/multi_nnap_md.xyz,3686,0.6032869822,12.73590899,5.063328058,5.10989638,3187,1.7399381390367286,2.0278297985917817,0.8683367564922776,min_distance_A<1.77527
npt_pressure,50,,P-50GPa,Ti-potential/fcc-restart/04-npt-round-2/md/P-50GPa/multi_nnap_md.xyz,3687,1.528413912,12.74483295,6.592103771,6.486707241,3188,1.6893789373425838,2.0336736435391662,0.8706358466476908,min_distance_A<1.77527
npt_pressure,50,,P-50GPa,Ti-potential/fcc-restart/04-npt-round-2/md/P-50GPa/multi_nnap_md.xyz,3697,0.5300595276,13.29793945,6.831491181,7.463093974,3198,1.7486843276235282,2.0212638238392637,0.8531555483502368,min_distance_A<1.77527
npt_pressure,50,,P-50GPa,Ti-potential/fcc-restart/04-npt-round-2/md/P-50GPa/multi_nnap_md.xyz,3701,0.5163612303,13.12588561,5.853524398,5.726491924,3202,1.768578744757093,1.9485524930847795,0.826042840763425,min_distance_A<1.77527
npt_pressure,50,,P-50GPa,Ti-potential/fcc-restart/04-npt-round-2/md/P-50GPa/multi_nnap_md.xyz,3704,0.7478228357,12.84986951,5.84058859,4.871509013,3205,1.7408341132505252,2.023266170194397,0.8638137528691121,min_distance_A<1.77527
npt_pressure,50,,P-50GPa,Ti-potential/fcc-restart/04-npt-round-2/md/P-50GPa/multi_nnap_md.xyz,3707,0.6499922062,12.68154022,5.740662003,5.179395926,3208,1.746326743786044,1.9761010365491685,0.8473935321846785,min_distance_A<1.77527
npt_pressure,50,,P-50GPa,Ti-potential/fcc-restart/04-npt-round-2/md/P-50GPa/multi_nnap_md.xyz,3717,0.4872725267,13.28891021,5.445926455,5.436389193,3218,1.7734244755676791,1.9818247068696877,0.8366980998587167,min_distance_A<1.77527
npt_pressure,50,,P-50GPa,Ti-potential/fcc-restart/04-npt-round-2/md/P-50GPa/multi_nnap_md.xyz,3718,0.7621417739,13.30274669,6.616417883,6.084578308,3219,1.7012720568219688,2.0076056189552434,0.8472884678930568,min_distance_A<1.77527
npt_pressure,50,,P-50GPa,Ti-potential/fcc-restart/04-npt-round-2/md/P-50GPa/multi_nnap_md.xyz,3719,0.4849521313,13.28850135,5.540237724,5.861354714,3220,1.755909366717414,1.9601864235298332,0.8275712128138849,min_distance_A<1.77527
npt_pressure,50,,P-50GPa,Ti-potential/fcc-restart/04-npt-round-2/md/P-50GPa/multi_nnap_md.xyz,3722,0.507569337,13.07055416,5.964443974,5.091739749,3223,1.7730004311549057,1.9984856752555886,0.848404648359652,min_distance_A<1.77527
npt_pressure,50,,P-50GPa,Ti-potential/fcc-restart/04-npt-round-2/md/P-50GPa/multi_nnap_md.xyz,3731,0.3676618796,12.74080082,4.194823245,4.111471731,3232,1.7729057116158915,1.9394796756182573,0.83039805654984,min_distance_A<1.77527
npt_pressure,50,,P-50GPa,Ti-potential/fcc-restart/04-npt-round-2/md/P-50GPa/multi_nnap_md.xyz,3732,0.5017515443,12.81933829,4.602617,4.584681086,3233,1.7450240120064016,1.9516669758991452,0.83390615120417,min_distance_A<1.77527
npt_pressure,50,,P-50GPa,Ti-potential/fcc-restart/04-npt-round-2/md/P-50GPa/multi_nnap_md.xyz,3744,0.535751864,12.99027216,5.084532951,5.481629265,3245,1.7614770568118183,2.1229054836630348,0.9030765714752361,min_distance_A<1.77527
npt_pressure,50,,P-50GPa,Ti-potential/fcc-restart/04-npt-round-2/md/P-50GPa/multi_nnap_md.xyz,3750,0.9849296009,12.71208808,6.889501787,6.283237559,3251,1.6930683069150272,1.932259132065231,0.8279289536692548,min_distance_A<1.77527
npt_pressure,50,,P-50GPa,Ti-potential/fcc-restart/04-npt-round-2/md/P-50GPa/multi_nnap_md.xyz,3751,0.7204674437,12.76253923,7.797245188,7.917218611,3252,1.6852778399348078,1.9431990343237633,0.8315178742835132,min_distance_A<1.77527
npt_pressure,50,,P-50GPa,Ti-potential/fcc-restart/04-npt-round-2/md/P-50GPa/multi_nnap_md.xyz,3752,3.375580985,12.83781041,11.04949089,8.208645731,3253,1.5469507848464996,1.9443148262620678,0.8303660835169444,min_distance_A<1.77527
npt_pressure,50,,P-50GPa,Ti-potential/fcc-restart/04-npt-round-2/md/P-50GPa/multi_nnap_md.xyz,3753,0.8317350945,12.93159776,6.499547347,7.295983884,3254,1.7126454810986185,1.9997674040840725,0.8519787368569856,min_distance_A<1.77527
npt_pressure,50,,P-50GPa,Ti-potential/fcc-restart/04-npt-round-2/md/P-50GPa/multi_nnap_md.xyz,3754,0.6777855983,13.03354772,5.979733445,6.766028584,3255,1.7426603639472311,1.993100751666138,0.8469186648256369,min_distance_A<1.77527
npt_pressure,50,,P-50GPa,Ti-potential/fcc-restart/04-npt-round-2/md/P-50GPa/multi_nnap_md.xyz,3756,0.4957770829,13.20539445,6.494575039,6.923483256,3257,1.7292825015888735,2.079008301646355,0.8795740962266926,min_distance_A<1.77527
npt_pressure,50,,P-50GPa,Ti-potential/fcc-restart/04-npt-round-2/md/P-50GPa/multi_nnap_md.xyz,3770,0.7852980631,12.61003685,3.770153679,3.850189338,3271,1.7370094303652837,1.981444695697012,0.8512879838911631,min_distance_A<1.77527
npt_pressure,50,,P-50GPa,Ti-potential/fcc-restart/04-npt-round-2/md/P-50GPa/multi_nnap_md.xyz,3771,1.128828468,12.6556847,4.019772001,4.213048934,3272,1.7465606270665968,2.014339365990483,0.8643787694258342,min_distance_A<1.77527
npt_pressure,50,,P-50GPa,Ti-potential/fcc-restart/04-npt-round-2/md/P-50GPa/multi_nnap_md.xyz,3772,1.270456848,12.73397557,5.531081145,5.74444799,3273,1.7115156518685664,2.018913096576778,0.8645622881357281,min_distance_A<1.77527
npt_pressure,50,,P-50GPa,Ti-potential/fcc-restart/04-npt-round-2/md/P-50GPa/multi_nnap_md.xyz,3773,0.6286700874,12.83983306,4.717405193,4.634078335,3274,1.7541887644724516,2.0056388511908314,0.8565109930667032,min_distance_A<1.77527
npt_pressure,50,,P-50GPa,Ti-potential/fcc-restart/04-npt-round-2/md/P-50GPa/multi_nnap_md.xyz,3776,0.5586066905,13.20170506,5.647715259,5.521803643,3277,1.7626297488911422,2.007652786608403,0.8494645585927941,min_distance_A<1.77527
npt_pressure,50,,P-50GPa,Ti-potential/fcc-restart/04-npt-round-2/md/P-50GPa/multi_nnap_md.xyz,3789,0.6526904166,12.80728394,4.92867227,4.503669728,3290,1.7257789573777182,2.0442261126372925,0.873728667900897,min_distance_A<1.77527
npt_pressure,50,,P-50GPa,Ti-potential/fcc-restart/04-npt-round-2/md/P-50GPa/multi_nnap_md.xyz,3790,0.918315749,12.79656424,5.729547999,5.159876299,3291,1.707940615596826,2.0722163961722533,0.8859393231069564,min_distance_A<1.77527
npt_pressure,50,,P-50GPa,Ti-potential/fcc-restart/04-npt-round-2/md/P-50GPa/multi_nnap_md.xyz,3798,0.4580209038,13.31807402,5.816537387,5.978805951,3299,1.755359686241844,2.1015059970207273,0.8865777452937078,min_distance_A<1.77527
npt_pressure,50,,P-50GPa,Ti-potential/fcc-restart/04-npt-round-2/md/P-50GPa/multi_nnap_md.xyz,3808,1.76688148,12.82264614,7.38642374,7.881721985,3309,1.6631092794235203,2.02484564503591,0.8650994512112302,min_distance_A<1.77527
npt_pressure,50,,P-50GPa,Ti-potential/fcc-restart/04-npt-round-2/md/P-50GPa/multi_nnap_md.xyz,3809,1.60001195,12.7802778,7.783416073,7.66248961,3310,1.6710434023048828,2.0731781190902505,0.8867268353291968,min_distance_A<1.77527
npt_pressure,50,,P-50GPa,Ti-potential/fcc-restart/04-npt-round-2/md/P-50GPa/multi_nnap_md.xyz,3810,0.5122006899,12.76685286,5.472689139,5.754214046,3311,1.7662920559112507,2.0625785875328884,0.8825023836962707,min_distance_A<1.77527
npt_pressure,50,,P-50GPa,Ti-potential/fcc-restart/04-npt-round-2/md/P-50GPa/multi_nnap_md.xyz,3816,0.366657618,13.02767463,5.360773528,5.668151253,3317,1.7527691492753865,2.0794208270046237,0.8837309971937802,min_distance_A<1.77527
npt_pressure,50,,P-50GPa,Ti-potential/fcc-restart/04-npt-round-2/md/P-50GPa/multi_nnap_md.xyz,3825,0.2636666371,12.8119187,3.028480077,2.983760045,3326,1.8853175750948532,2.216402816242454,0.9472049710239505,normalized_void>0.946161
npt_pressure,50,,P-50GPa,Ti-potential/fcc-restart/04-npt-round-2/md/P-50GPa/multi_nnap_md.xyz,3826,0.2400574411,12.74389603,3.52703065,3.579298578,3327,1.9305132650344423,2.2710996928187117,0.9723041185739265,normalized_void>0.946161
npt_pressure,50,,P-50GPa,Ti-potential/fcc-restart/04-npt-round-2/md/P-50GPa/multi_nnap_md.xyz,3827,0.3237401752,12.68905656,4.278563969,4.466428874,3328,1.866160135415927,2.275397445746994,0.9755454068640556,normalized_void>0.946161
npt_pressure,50,,P-50GPa,Ti-potential/fcc-restart/04-npt-round-2/md/P-50GPa/multi_nnap_md.xyz,3828,0.4745556859,12.65642358,4.854846934,5.179218868,3329,1.8685465012527918,2.215881744420655,0.9508446761301097,normalized_void>0.946161
npt_pressure,50,,P-50GPa,Ti-potential/fcc-restart/04-npt-round-2/md/P-50GPa/multi_nnap_md.xyz,3842,0.6813234702,13.16983396,6.462923793,6.86081286,3343,1.7328028392128847,2.0346471583029557,0.8615801267633385,min_distance_A<1.77527
npt_pressure,50,,P-50GPa,Ti-potential/fcc-restart/04-npt-round-2/md/P-50GPa/multi_nnap_md.xyz,3846,1.16215198,12.82136478,7.109272346,6.632149403,3347,1.6873207610972472,2.1100675891202547,0.901539890836262,min_distance_A<1.77527
npt_pressure,50,,P-50GPa,Ti-potential/fcc-restart/04-npt-round-2/md/P-50GPa/multi_nnap_md.xyz,3847,0.7176596292,12.74483852,6.096504188,6.027392449,3348,1.717639655285026,2.221202056131858,0.9509184806282499,min_distance_A<1.77527;normalized_void>0.946161
npt_pressure,50,,P-50GPa,Ti-potential/fcc-restart/04-npt-round-2/md/P-50GPa/multi_nnap_md.xyz,3848,0.3981181973,12.68752001,4.091883644,4.147116178,3349,1.8398622845983286,2.267516317970361,0.9722057253711237,normalized_void>0.946161
npt_pressure,50,,P-50GPa,Ti-potential/fcc-restart/04-npt-round-2/md/P-50GPa/multi_nnap_md.xyz,3849,0.4472105118,12.65650234,4.561409828,4.766058399,3350,1.8352808678791324,2.2357401228278744,0.9593640042517042,normalized_void>0.946161
npt_pressure,50,,P-50GPa,Ti-potential/fcc-restart/04-npt-round-2/md/P-50GPa/multi_nnap_md.xyz,3856,0.5185338704,13.18624052,5.71510201,5.750623288,3357,1.732398724657188,2.0690247664885857,0.8757739539301457,min_distance_A<1.77527
npt_pressure,50,,P-50GPa,Ti-potential/fcc-restart/04-npt-round-2/md/P-50GPa/multi_nnap_md.xyz,3857,1.387910818,13.27940138,8.136682464,7.197914813,3358,1.6623831829760998,2.044179122482319,0.8632291864485744,min_distance_A<1.77527
npt_pressure,50,,P-50GPa,Ti-potential/fcc-restart/04-npt-round-2/md/P-50GPa/multi_nnap_md.xyz,3863,0.5215594742,13.26281329,5.424647053,4.577159166,3364,1.7711789083922078,2.010255507840293,0.8492574697195013,min_distance_A<1.77527
npt_pressure,50,,P-50GPa,Ti-potential/fcc-restart/04-npt-round-2/md/P-50GPa/multi_nnap_md.xyz,3875,1.12969041,12.72303529,6.501817179,5.079581689,3376,1.6868376226628963,2.0358814482307666,0.8720784894297523,min_distance_A<1.77527
npt_pressure,50,,P-50GPa,Ti-potential/fcc-restart/04-npt-round-2/md/P-50GPa/multi_nnap_md.xyz,3876,0.941483874,12.81110651,6.009979921,5.207165837,3377,1.6981210158842777,2.068447042075192,0.8839930671468772,min_distance_A<1.77527
npt_pressure,50,,P-50GPa,Ti-potential/fcc-restart/04-npt-round-2/md/P-50GPa/multi_nnap_md.xyz,3882,0.445047134,13.19210714,5.000545104,4.907331344,3383,1.7336664392475183,1.9473934731570937,0.8241678203886026,min_distance_A<1.77527
npt_pressure,50,,P-50GPa,Ti-potential/fcc-restart/04-npt-round-2/md/P-50GPa/multi_nnap_md.xyz,3894,1.452017704,12.77161473,7.752114725,7.97110423,3395,1.6948205464805592,2.0010456612051017,0.8560682610807698,min_distance_A<1.77527
npt_pressure,50,,P-50GPa,Ti-potential/fcc-restart/04-npt-round-2/md/P-50GPa/multi_nnap_md.xyz,3895,2.578153405,12.86819016,8.347402052,8.333929125,3396,1.6256291718710478,2.003670175413216,0.8550412696913935,min_distance_A<1.77527
npt_pressure,50,,P-50GPa,Ti-potential/fcc-restart/04-npt-round-2/md/P-50GPa/multi_nnap_md.xyz,3896,1.987580404,12.97927105,5.589957019,5.401094449,3397,1.6736405510292274,2.0019425651839446,0.851859909148528,min_distance_A<1.77527
npt_pressure,50,,P-50GPa,Ti-potential/fcc-restart/04-npt-round-2/md/P-50GPa/multi_nnap_md.xyz,3900,0.9749825468,13.37106397,6.844809947,7.111354116,3401,1.6806283386245808,2.1222009705721536,0.8941242079115721,min_distance_A<1.77527
npt_pressure,50,,P-50GPa,Ti-potential/fcc-restart/04-npt-round-2/md/P-50GPa/multi_nnap_md.xyz,3901,1.299581421,13.41934835,8.219965343,7.910327368,3402,1.6213101881567118,2.119906302708373,0.8920849045628995,min_distance_A<1.77527
npt_pressure,50,,P-50GPa,Ti-potential/fcc-restart/04-npt-round-2/md/P-50GPa/multi_nnap_md.xyz,3917,0.9419449692,12.8193627,7.646486181,7.165705571,3418,1.7131543364595923,2.0382567336549586,0.8709035764486641,min_distance_A<1.77527
npt_pressure,50,,P-50GPa,Ti-potential/fcc-restart/04-npt-round-2/md/P-50GPa/multi_nnap_md.xyz,3937,0.4571436771,12.71544755,5.123169026,5.429156903,3438,1.75666552143269,2.03947068441344,0.8737896915194878,min_distance_A<1.77527
npt_pressure,50,,P-50GPa,Ti-potential/fcc-restart/04-npt-round-2/md/P-50GPa/multi_nnap_md.xyz,3938,1.069915765,12.79146521,7.322636575,6.464713181,3439,1.6604875035231923,2.0205667659802793,0.8639722113464234,min_distance_A<1.77527
npt_pressure,50,,P-50GPa,Ti-potential/fcc-restart/04-npt-round-2/md/P-50GPa/multi_nnap_md.xyz,3939,2.152040777,12.89058001,9.643206662,6.242277806,3440,1.574055948335553,2.027268849600363,0.8646105441725906,min_distance_A<1.77527
npt_pressure,50,,P-50GPa,Ti-potential/fcc-restart/04-npt-round-2/md/P-50GPa/multi_nnap_md.xyz,3940,0.4170551381,13.00480543,5.76966743,5.99203802,3441,1.746528455066632,2.0190120060607035,0.858560588099083,min_distance_A<1.77527
npt_pressure,50,,P-50GPa,Ti-potential/fcc-restart/04-npt-round-2/md/P-50GPa/multi_nnap_md.xyz,3947,0.470879153,13.34893479,5.530743115,5.341224825,3448,1.7607966935145598,2.132576098215594,0.8989916684247323,min_distance_A<1.77527
npt_pressure,50,,P-50GPa,Ti-potential/fcc-restart/04-npt-round-2/md/P-50GPa/multi_nnap_md.xyz,3951,2.079065724,12.94727469,10.78392658,9.281082174,3452,1.6120565290613724,1.9892917917815272,0.8471735148753837,min_distance_A<1.77527
npt_pressure,50,,P-50GPa,Ti-potential/fcc-restart/04-npt-round-2/md/P-50GPa/multi_nnap_md.xyz,3952,0.9088633625,12.83985637,7.954614995,7.490267437,3453,1.6949913836783093,1.9526349395163334,0.8338750906304512,min_distance_A<1.77527
npt_pressure,50,,P-50GPa,Ti-potential/fcc-restart/04-npt-round-2/md/P-50GPa/multi_nnap_md.xyz,3953,1.246796741,12.75411105,8.360061517,8.084274172,3454,1.700094724199085,1.9780804133190715,0.8466304375323409,min_distance_A<1.77527
npt_pressure,50,,P-50GPa,Ti-potential/fcc-restart/04-npt-round-2/md/P-50GPa/multi_nnap_md.xyz,3993,0.51021039,13.19666376,5.938007596,6.288048889,3494,1.7633102256436413,2.057210695323854,0.8705439929405266,min_distance_A<1.77527
npt_pressure,50,,P-50GPa,Ti-potential/fcc-restart/04-npt-round-2/md/P-50GPa/multi_nnap_md.xyz,3994,1.049110013,13.0731664,6.109478164,5.739832105,3495,1.7250378900807395,2.0698568728388858,0.8786448868645599,min_distance_A<1.77527
npt_pressure,50,,P-50GPa,Ti-potential/fcc-restart/04-npt-round-2/md/P-50GPa/multi_nnap_md.xyz,3996,0.4804624911,12.83699168,5.565944326,5.4417201,3497,1.7680795150214446,2.0637877692437057,0.8814085948861273,min_distance_A<1.77527
npt_pressure,50,,P-50GPa,Ti-potential/fcc-restart/04-npt-round-2/md/P-50GPa/multi_nnap_md.xyz,3998,0.5627169266,12.67710036,5.411375869,5.410822088,3499,1.762159212181426,2.0071817816270214,0.8608220776032244,min_distance_A<1.77527
npt_pressure,50,,P-50GPa,Ti-potential/fcc-restart/04-npt-round-2/md/P-50GPa/multi_nnap_md.xyz,3999,0.969677223,12.64680618,7.905385264,8.293027563,3500,1.6681592164568821,2.010973223167853,0.8631362044887071,min_distance_A<1.77527
npt_pressure,50,,P-50GPa,Ti-potential/fcc-restart/04-npt-round-2/md/P-50GPa/multi_nnap_md.xyz,4002,0.8345110307,12.73889385,6.167841341,5.888675082,3503,1.7042626221612927,2.0279374088008493,0.8683150072245127,min_distance_A<1.77527
npt_pressure,50,,P-50GPa,Ti-potential/fcc-restart/04-npt-round-2/md/P-50GPa/multi_nnap_md.xyz,4003,0.6833627571,12.81100199,5.5198349,5.71636266,3504,1.7307009863600469,2.0351742918247755,0.8697756433441417,min_distance_A<1.77527
npt_pressure,50,,P-50GPa,Ti-potential/fcc-restart/04-npt-round-2/md/P-50GPa/multi_nnap_md.xyz,4011,0.8006625062,13.19622301,3.922306597,4.018714703,3512,1.7582725433657678,2.0564593990619877,0.87023575726183,min_distance_A<1.77527
npt_pressure,50,,P-50GPa,Ti-potential/fcc-restart/04-npt-round-2/md/P-50GPa/multi_nnap_md.xyz,4012,0.7969062185,13.15348098,4.822179979,4.887837023,3513,1.7362657430377448,2.0640136755749583,0.8743775601853333,min_distance_A<1.77527
npt_pressure,50,,P-50GPa,Ti-potential/fcc-restart/04-npt-round-2/md/P-50GPa/multi_nnap_md.xyz,4042,0.9963228195,12.74820082,5.69690627,5.886225938,3543,1.7314814003389278,1.9835395574045716,0.8490981615510624,min_distance_A<1.77527
npt_pressure,50,,P-50GPa,Ti-potential/fcc-restart/04-npt-round-2/md/P-50GPa/multi_nnap_md.xyz,4067,0.579804378,13.26629992,6.647287658,6.606815211,3568,1.7193192050414994,1.9826276906462779,0.8375123701111676,min_distance_A<1.77527
npt_pressure,50,,P-50GPa,Ti-potential/fcc-restart/04-npt-round-2/md/P-50GPa/multi_nnap_md.xyz,4074,0.5227771502,12.95493482,5.189094001,5.473156319,3575,1.7739299743409849,2.072804375512525,0.8825647400763712,min_distance_A<1.77527
npt_pressure,50,,P-50GPa,Ti-potential/fcc-restart/04-npt-round-2/md/P-50GPa/multi_nnap_md.xyz,4075,1.608675088,12.84846106,8.984819371,8.164938653,3576,1.642024253777711,2.0821234504469865,0.8889747753103706,min_distance_A<1.77527
npt_pressure,50,,P-50GPa,Ti-potential/fcc-restart/04-npt-round-2/md/P-50GPa/multi_nnap_md.xyz,4076,0.4451113962,12.76766855,5.261992452,5.652118305,3577,1.7559970086292158,2.0612611526144042,0.8819199193627305,min_distance_A<1.77527
npt_pressure,50,,P-50GPa,Ti-potential/fcc-restart/04-npt-round-2/md/P-50GPa/multi_nnap_md.xyz,4079,0.6149677628,12.71821452,6.721580901,7.025940764,3580,1.7745028036373012,2.069483230384551,0.8865839459014224,min_distance_A<1.77527
npt_pressure,50,,P-50GPa,Ti-potential/fcc-restart/04-npt-round-2/md/P-50GPa/multi_nnap_md.xyz,4091,0.5219589809,13.30426292,5.488388501,5.325665538,3592,1.7292331920273112,2.006873235307121,0.8469471963859645,min_distance_A<1.77527
npt_pressure,50,,P-50GPa,Ti-potential/fcc-restart/04-npt-round-2/md/P-50GPa/multi_nnap_md.xyz,4092,1.257295948,13.21256085,8.086667772,7.729913268,3593,1.6625185939218603,2.0232440982633713,0.8558269312356466,min_distance_A<1.77527
npt_pressure,50,,P-50GPa,Ti-potential/fcc-restart/04-npt-round-2/md/P-50GPa/multi_nnap_md.xyz,4094,0.4916437277,12.98846756,6.377708627,6.706785335,3595,1.7573821051627574,2.0825148830963482,0.8859355776083623,min_distance_A<1.77527
npt_pressure,50,,P-50GPa,Ti-potential/fcc-restart/04-npt-round-2/md/P-50GPa/multi_nnap_md.xyz,4095,0.3519224991,12.88426493,5.27643674,5.480722846,3596,1.772889736510169,2.079051660738227,0.8868402562719979,min_distance_A<1.77527
npt_pressure,50,,P-50GPa,Ti-potential/fcc-restart/04-npt-round-2/md/P-50GPa/multi_nnap_md.xyz,4099,0.4507597803,12.80027157,4.674647627,4.586812656,3600,1.7655194649096675,2.012395445130046,0.8602808675794039,min_distance_A<1.77527
npt_pressure,50,,P-50GPa,Ti-potential/fcc-restart/04-npt-round-2/md/P-50GPa/multi_nnap_md.xyz,4100,0.5326729105,12.86020694,4.733752433,4.23338873,3601,1.7681739752454109,2.0225236087467833,0.8632652931506344,min_distance_A<1.77527
npt_pressure,50,,P-50GPa,Ti-potential/fcc-restart/04-npt-round-2/md/P-50GPa/multi_nnap_md.xyz,4123,0.6398457956,12.73477962,4.490448309,4.531929364,3624,1.772222675444312,2.029894444003023,0.8692465525997092,min_distance_A<1.77527
npt_pressure,50,,P-50GPa,Ti-potential/fcc-restart/04-npt-round-2/md/P-50GPa/multi_nnap_md.xyz,4130,0.6023044651,13.16961566,6.367919442,6.228202006,3631,1.7209545898613388,2.204166123907243,0.9333688221567118,min_distance_A<1.77527
npt_pressure,50,,P-50GPa,Ti-potential/fcc-restart/04-npt-round-2/md/P-50GPa/multi_nnap_md.xyz,4135,0.8058063077,13.25571787,6.746946289,6.774655948,3636,1.7369602655182936,2.151977663046228,0.9092919406064693,min_distance_A<1.77527
npt_pressure,50,,P-50GPa,Ti-potential/fcc-restart/04-npt-round-2/md/P-50GPa/multi_nnap_md.xyz,4136,0.8611191201,13.2313585,7.426402577,7.489762015,3637,1.7335262079358857,2.116645945557374,0.8949114680314375,min_distance_A<1.77527
npt_pressure,50,,P-50GPa,Ti-potential/fcc-restart/04-npt-round-2/md/P-50GPa/multi_nnap_md.xyz,4140,0.6416318308,13.02391402,5.391763177,6.442940692,3641,1.7486561419116635,2.073810198528496,0.8814313621850242,min_distance_A<1.77527
npt_pressure,50,,P-50GPa,Ti-potential/fcc-restart/04-npt-round-2/md/P-50GPa/multi_nnap_md.xyz,4141,1.745257324,12.95456682,8.656085541,7.650852545,3642,1.6604447139037208,2.09258708999512,0.8909963189126948,min_distance_A<1.77527
npt_pressure,50,,P-50GPa,Ti-potential/fcc-restart/04-npt-round-2/md/P-50GPa/multi_nnap_md.xyz,4142,1.0942793,12.89421655,7.216355776,7.148196687,3643,1.69536844757642,2.0924819404035966,0.8923393919573035,min_distance_A<1.77527
npt_pressure,50,,P-50GPa,Ti-potential/fcc-restart/04-npt-round-2/md/P-50GPa/multi_nnap_md.xyz,4144,1.832600639,12.81565598,7.90076802,9.247444063,3645,1.6572510773220137,2.0734194426159442,0.886013256238931,min_distance_A<1.77527
npt_pressure,50,,P-50GPa,Ti-potential/fcc-restart/04-npt-round-2/md/P-50GPa/multi_nnap_md.xyz,4145,1.664692323,12.80408659,7.688216998,9.085510711,3646,1.6650679214965478,2.073644644939643,0.8863762966413381,min_distance_A<1.77527
npt_pressure,50,,P-50GPa,Ti-potential/fcc-restart/04-npt-round-2/md/P-50GPa/multi_nnap_md.xyz,4148,0.4505175594,12.89684259,5.58697248,5.951105871,3649,1.770615780683598,2.0753010639066756,0.88495253100391,min_distance_A<1.77527
npt_pressure,50,,P-50GPa,Ti-potential/fcc-restart/04-npt-round-2/md/P-50GPa/multi_nnap_md.xyz,4162,0.8130668476,12.76740129,5.721953961,5.537340732,3663,1.7203214934587334,1.9598626521310742,0.8385419626734892,min_distance_A<1.77527
npt_pressure,50,,P-50GPa,Ti-potential/fcc-restart/04-npt-round-2/md/P-50GPa/multi_nnap_md.xyz,4185,1.187126697,12.86251725,7.344095835,7.137307847,3686,1.6830053596792285,2.0908724502702607,0.8923849081258147,min_distance_A<1.77527
npt_pressure,50,,P-50GPa,Ti-potential/fcc-restart/04-npt-round-2/md/P-50GPa/multi_nnap_md.xyz,4190,0.4531577335,12.98095736,4.90120466,4.80761623,3691,1.7597613960442215,2.04269655961086,0.869163772610457,min_distance_A<1.77527
npt_pressure,50,,P-50GPa,Ti-potential/fcc-restart/04-npt-round-2/md/P-50GPa/multi_nnap_md.xyz,4194,0.9172544062,13.11729088,6.938416493,6.636831855,3695,1.7331441132745564,1.9859339151887585,0.8420736470496485,min_distance_A<1.77527
npt_pressure,50,,P-50GPa,Ti-potential/fcc-restart/04-npt-round-2/md/P-50GPa/multi_nnap_md.xyz,4210,0.8119586771,12.77769469,7.41331189,7.864421075,3711,1.7313467951284616,1.961720860495293,0.8391115673097275,min_distance_A<1.77527
npt_pressure,50,,P-50GPa,Ti-potential/fcc-restart/04-npt-round-2/md/P-50GPa/multi_nnap_md.xyz,4227,0.559566964,12.69147455,4.275748135,4.66908398,3728,1.7723986389299575,2.017276710755708,0.8648247571736254,min_distance_A<1.77527
npt_pressure,50,,P-50GPa,Ti-potential/fcc-restart/04-npt-round-2/md/P-50GPa/multi_nnap_md.xyz,4232,0.8817064921,12.86451527,6.70487087,7.383807441,3733,1.7058085191986028,2.065274279359884,0.8814139658156677,min_distance_A<1.77527
npt_pressure,50,,P-50GPa,Ti-potential/fcc-restart/04-npt-round-2/md/P-50GPa/multi_nnap_md.xyz,4246,0.6813343098,12.85265838,4.7294742,5.03997822,3747,1.7378546304484535,2.049340668764704,0.8748827168299719,min_distance_A<1.77527
npt_pressure,50,,P-50GPa,Ti-potential/fcc-restart/04-npt-round-2/md/P-50GPa/multi_nnap_md.xyz,4247,2.125034566,12.74697851,6.521578632,7.236271359,3748,1.6549756727657527,2.0788861160448286,0.8899418173371254,min_distance_A<1.77527
npt_pressure,50,,P-50GPa,Ti-potential/fcc-restart/04-npt-round-2/md/P-50GPa/multi_nnap_md.xyz,4248,1.912656382,12.67421231,7.974383438,5.94258197,3749,1.664088771923062,2.067915555940393,0.8869363907051709,min_distance_A<1.77527
npt_pressure,50,,P-50GPa,Ti-potential/fcc-restart/04-npt-round-2/md/P-50GPa/multi_nnap_md.xyz,4266,0.9595655888,12.89482538,5.464119007,4.556069168,3767,1.771943468867742,1.926680085712188,0.8216202225553776,min_distance_A<1.77527
npt_pressure,50,,P-50GPa,Ti-potential/fcc-restart/04-npt-round-2/md/P-50GPa/multi_nnap_md.xyz,4273,0.7994354775,12.58097106,6.443602777,5.775705982,3774,1.6936961456354391,1.913643689973644,0.8227912981997128,min_distance_A<1.77527
npt_pressure,50,,P-50GPa,Ti-potential/fcc-restart/04-npt-round-2/md/P-50GPa/multi_nnap_md.xyz,4274,1.48108243,12.67216053,8.943298768,6.130272141,3775,1.628716676121461,1.9544975199033694,0.838336229635501,min_distance_A<1.77527
npt_pressure,50,,P-50GPa,Ti-potential/fcc-restart/04-npt-round-2/md/P-50GPa/multi_nnap_md.xyz,4283,0.272668125,13.35576963,6.220591316,5.913518027,3784,1.762183942185426,2.1959740881003484,0.9255592769721601,min_distance_A<1.77527
npt_pressure,50,,P-50GPa,Ti-potential/fcc-restart/04-npt-round-2/md/P-50GPa/multi_nnap_md.xyz,4286,1.908188977,13.11765565,9.504071007,8.559988605,3787,1.6121752209195606,2.0583973624202403,0.872791432985113,min_distance_A<1.77527
npt_pressure,50,,P-50GPa,Ti-potential/fcc-restart/04-npt-round-2/md/P-50GPa/multi_nnap_md.xyz,4287,1.24977955,13.02703351,8.820105926,8.863686649,3788,1.6425740567564635,2.0231090942020318,0.859813234291446,min_distance_A<1.77527
npt_pressure,50,,P-50GPa,Ti-potential/fcc-restart/04-npt-round-2/md/P-50GPa/multi_nnap_md.xyz,4295,0.5733737096,12.89134905,5.656809946,5.246698305,3796,1.7518142937224916,2.038403422382041,0.8693420439667242,min_distance_A<1.77527
npt_pressure,50,,P-50GPa,Ti-potential/fcc-restart/04-npt-round-2/md/P-50GPa/multi_nnap_md.xyz,4296,1.224815084,12.94546787,8.91587414,7.804651616,3797,1.6416920132377737,2.0180170593163878,0.8594466361797238,min_distance_A<1.77527
npt_pressure,50,,P-50GPa,Ti-potential/fcc-restart/04-npt-round-2/md/P-50GPa/multi_nnap_md.xyz,4302,0.7272921893,13.19466535,5.059587131,4.674569202,3803,1.7567538669823226,2.003116286609974,0.8476958078162059,min_distance_A<1.77527
npt_pressure,50,,P-50GPa,Ti-potential/fcc-restart/04-npt-round-2/md/P-50GPa/multi_nnap_md.xyz,4303,0.9262861004,13.19322266,5.315529934,4.751749568,3804,1.733826868513005,2.02993397657375,0.8590760575752938,min_distance_A<1.77527
npt_pressure,50,,P-50GPa,Ti-potential/fcc-restart/04-npt-round-2/md/P-50GPa/multi_nnap_md.xyz,4304,0.5866285737,13.17694438,5.276764941,5.082005394,3805,1.7429856009652036,2.0329338321891695,0.8606997414714623,min_distance_A<1.77527
npt_pressure,50,,P-50GPa,Ti-potential/fcc-restart/04-npt-round-2/md/P-50GPa/multi_nnap_md.xyz,4312,0.4389650852,12.69475201,5.107076778,5.039067003,3813,1.7718734827103917,1.944076315063183,0.8333713551904833,min_distance_A<1.77527
npt_pressure,50,,P-50GPa,Ti-potential/fcc-restart/04-npt-round-2/md/P-50GPa/multi_nnap_md.xyz,4331,1.023443911,13.01760197,7.18763729,6.121191785,3832,1.6520346531558312,2.1123194110898313,0.8979440158996082,min_distance_A<1.77527
npt_pressure,50,,P-50GPa,Ti-potential/fcc-restart/04-npt-round-2/md/P-50GPa/multi_nnap_md.xyz,4332,1.628883073,12.93722769,8.627578551,7.587661367,3833,1.60515085916214,2.0359500130090904,0.8672680959028144,min_distance_A<1.77527
npt_pressure,50,,P-50GPa,Ti-potential/fcc-restart/04-npt-round-2/md/P-50GPa/multi_nnap_md.xyz,4333,0.7138564443,12.86273768,4.571468854,5.000250911,3834,1.7641949235991012,1.9431100570208903,0.8293151426788893,min_distance_A<1.77527
npt_pressure,50,,P-50GPa,Ti-potential/fcc-restart/04-npt-round-2/md/P-50GPa/multi_nnap_md.xyz,4334,1.218553026,12.80251032,6.421760924,6.184229583,3835,1.6782929646480846,1.9120522073016728,0.8173373924814366,min_distance_A<1.77527
npt_pressure,50,,P-50GPa,Ti-potential/fcc-restart/04-npt-round-2/md/P-50GPa/multi_nnap_md.xyz,4339,0.8401297599,12.88071088,5.288468962,5.171570887,3840,1.6838344506951761,2.0312210054730087,0.8665172942771623,min_distance_A<1.77527
npt_pressure,50,,P-50GPa,Ti-potential/fcc-restart/04-npt-round-2/md/P-50GPa/multi_nnap_md.xyz,4340,0.761959525,12.9651039,6.443536299,6.371996525,3841,1.7041711518991123,2.049268946715982,0.8723155718747075,min_distance_A<1.77527
npt_pressure,50,,P-50GPa,Ti-potential/fcc-restart/04-npt-round-2/md/P-50GPa/multi_nnap_md.xyz,4341,0.6636617712,13.05730948,5.427021787,5.378655654,3842,1.771150108275659,2.0180098650330507,0.8569826951362016,min_distance_A<1.77527
npt_pressure,50,,P-50GPa,Ti-potential/fcc-restart/04-npt-round-2/md/P-50GPa/multi_nnap_md.xyz,4345,0.6873692451,13.29468343,5.829269755,5.880596204,3846,1.7371570814175867,2.049879190185179,0.8653044419794874,min_distance_A<1.77527
npt_pressure,50,,P-50GPa,Ti-potential/fcc-restart/04-npt-round-2/md/P-50GPa/multi_nnap_md.xyz,4346,0.4154384272,13.29815677,4.904184143,4.817333467,3847,1.7705492877863374,2.0612934974352615,0.8700469397347168,min_distance_A<1.77527
npt_pressure,50,,P-50GPa,Ti-potential/fcc-restart/04-npt-round-2/md/P-50GPa/multi_nnap_md.xyz,4353,1.038686532,12.8260601,5.546953749,4.993387564,3854,1.7126254816819655,2.0098727323734997,0.8586261967350718,min_distance_A<1.77527
npt_pressure,50,,P-50GPa,Ti-potential/fcc-restart/04-npt-round-2/md/P-50GPa/multi_nnap_md.xyz,4355,0.5016408995,12.76994803,6.278585507,6.130765419,3856,1.7276076063564265,2.006464356124897,0.8584237786127134,min_distance_A<1.77527
npt_pressure,50,,P-50GPa,Ti-potential/fcc-restart/04-npt-round-2/md/P-50GPa/multi_nnap_md.xyz,4356,0.5805460254,12.77961076,6.00704027,5.876539537,3857,1.7586692215332902,2.0032124311293478,0.8568164538264038,min_distance_A<1.77527
npt_pressure,50,,P-50GPa,Ti-potential/fcc-restart/04-npt-round-2/md/P-50GPa/multi_nnap_md.xyz,4359,0.4991013679,12.93182416,6.662245903,6.822699739,3860,1.735003444546219,1.9961908364434207,0.8504500168179854,min_distance_A<1.77527
npt_pressure,50,,P-50GPa,Ti-potential/fcc-restart/04-npt-round-2/md/P-50GPa/multi_nnap_md.xyz,4380,1.266693034,13.16336463,7.642378974,8.860611857,3881,1.668485376893832,2.0283828760495086,0.8590681773946423,min_distance_A<1.77527
npt_pressure,50,,P-50GPa,Ti-potential/fcc-restart/04-npt-round-2/md/P-50GPa/multi_nnap_md.xyz,4387,0.6283647722,13.27151633,6.434801314,6.718787744,3888,1.738249167851995,2.0316282798131926,0.8580990099005084,min_distance_A<1.77527
npt_pressure,50,,P-50GPa,Ti-potential/fcc-restart/04-npt-round-2/md/P-50GPa/multi_nnap_md.xyz,4390,0.5334803713,12.97348218,5.652888994,5.096119324,3891,1.7603026275575049,2.0376467201758515,0.8671815643838235,min_distance_A<1.77527
npt_pressure,50,,P-50GPa,Ti-potential/fcc-restart/04-npt-round-2/md/P-50GPa/multi_nnap_md.xyz,4391,1.072029332,12.85619552,7.307342584,6.057055435,3892,1.703656506571773,2.02172446349897,0.8630139384307468,min_distance_A<1.77527
npt_pressure,50,,P-50GPa,Ti-potential/fcc-restart/04-npt-round-2/md/P-50GPa/multi_nnap_md.xyz,4392,0.9693332418,12.75089869,6.176084831,5.584275668,3893,1.6861337319734637,1.994008504963332,0.8535194219187225,min_distance_A<1.77527
npt_pressure,50,,P-50GPa,Ti-potential/fcc-restart/04-npt-round-2/md/P-50GPa/multi_nnap_md.xyz,4393,0.8774365496,12.66737823,6.719524392,6.320419773,3894,1.6856878151016181,1.9702422186505477,0.8451958869111399,min_distance_A<1.77527
npt_pressure,50,,P-50GPa,Ti-potential/fcc-restart/04-npt-round-2/md/P-50GPa/multi_nnap_md.xyz,4396,0.47408826,12.58340728,6.318858591,6.647759887,3897,1.7377865144048232,2.0355947741345672,0.8751689671835798,min_distance_A<1.77527
npt_pressure,50,,P-50GPa,Ti-potential/fcc-restart/04-npt-round-2/md/P-50GPa/multi_nnap_md.xyz,4405,0.5350705322,13.36698245,6.121189729,6.017334988,3906,1.7708784142476035,2.0346473992765244,0.857323440856995,min_distance_A<1.77527
npt_pressure,50,,P-50GPa,Ti-potential/fcc-restart/04-npt-round-2/md/P-50GPa/multi_nnap_md.xyz,4418,0.4899772703,12.5933949,5.541503161,5.54248432,3919,1.7505993161170836,2.0602337196322185,0.8855278348350797,min_distance_A<1.77527
npt_pressure,50,,P-50GPa,Ti-potential/fcc-restart/04-npt-round-2/md/P-50GPa/multi_nnap_md.xyz,4420,0.5524865993,12.6300307,4.866698442,4.842310953,3921,1.7689017854434577,1.9682035154395845,0.8451527347506733,min_distance_A<1.77527
npt_pressure,50,,P-50GPa,Ti-potential/fcc-restart/04-npt-round-2/md/P-50GPa/multi_nnap_md.xyz,4427,0.9238913627,13.42185558,6.794166001,7.059159765,3928,1.7408316110995732,2.043918506546487,0.8600546643921931,min_distance_A<1.77527
npt_pressure,50,,P-50GPa,Ti-potential/fcc-restart/04-npt-round-2/md/P-50GPa/multi_nnap_md.xyz,4442,0.6735014656,12.62517149,5.957226137,5.798260546,3943,1.7525652698916587,2.119660670476488,0.9103056669442354,min_distance_A<1.77527
npt_pressure,50,,P-50GPa,Ti-potential/fcc-restart/04-npt-round-2/md/P-50GPa/multi_nnap_md.xyz,4443,0.8150518798,12.75681948,6.796189443,6.995938138,3944,1.7281916043504468,2.113655732154651,0.904593470088765,min_distance_A<1.77527
npt_pressure,50,,P-50GPa,Ti-potential/fcc-restart/04-npt-round-2/md/P-50GPa/multi_nnap_md.xyz,4444,0.3480036473,12.91585606,5.094247001,5.31108241,3945,1.7690205654297357,2.04332708181461,0.8708903780767734,min_distance_A<1.77527
npt_pressure,50,,P-50GPa,Ti-potential/fcc-restart/04-npt-round-2/md/P-50GPa/multi_nnap_md.xyz,4452,0.6086608034,13.52715032,5.863748293,5.76141498,3953,1.7366320858385063,1.9899712076784404,0.8351760287030136,min_distance_A<1.77527
npt_pressure,50,,P-50GPa,Ti-potential/fcc-restart/04-npt-round-2/md/P-50GPa/multi_nnap_md.xyz,4460,0.4904891242,12.38377046,5.312023582,5.397540149,3961,1.7735516138587055,2.072044226628162,0.8956013161038072,min_distance_A<1.77527
npt_pressure,50,,P-50GPa,Ti-potential/fcc-restart/04-npt-round-2/md/P-50GPa/multi_nnap_md.xyz,4461,0.7589929745,12.3740447,4.81990382,5.552091301,3962,1.7394010581383277,2.1278716335192875,0.9199725410745128,min_distance_A<1.77527
npt_pressure,50,,P-50GPa,Ti-potential/fcc-restart/04-npt-round-2/md/P-50GPa/multi_nnap_md.xyz,4471,0.4997273973,13.76061564,7.151438908,6.980176632,3972,1.7215868871213116,2.0748115066653505,0.8658301267369184,min_distance_A<1.77527
npt_pressure,50,,P-50GPa,Ti-potential/fcc-restart/04-npt-round-2/md/P-50GPa/multi_nnap_md.xyz,4473,0.5478381853,13.57769951,6.399183476,6.646536423,3974,1.7607556305226963,2.0481769176865705,0.8585364462996957,min_distance_A<1.77527
npt_pressure,50,,P-50GPa,Ti-potential/fcc-restart/04-npt-round-2/md/P-50GPa/multi_nnap_md.xyz,4482,0.8345551788,12.44380203,7.482367004,7.680187353,3983,1.6996793507795291,2.0808300533529422,0.8979501913717263,min_distance_A<1.77527
npt_pressure,50,,P-50GPa,Ti-potential/fcc-restart/04-npt-round-2/md/P-50GPa/multi_nnap_md.xyz,4483,0.9079480025,12.54682202,6.649038686,6.028797427,3984,1.719283266805332,2.1097632218185223,0.9079371882055433,min_distance_A<1.77527
npt_pressure,50,,P-50GPa,Ti-potential/fcc-restart/04-npt-round-2/md/P-50GPa/multi_nnap_md.xyz,4491,0.5052630817,13.66538624,5.044266186,5.287874899,3992,1.766504389022345,2.069067160434571,0.8654339951863398,min_distance_A<1.77527
npt_pressure,50,,P-50GPa,Ti-potential/fcc-restart/04-npt-round-2/md/P-50GPa/multi_nnap_md.xyz,4496,0.4248547639,12.98597692,4.527105091,4.273366313,3997,1.7432005129066586,2.161509635885361,0.9196000094071748,min_distance_A<1.77527
npt_pressure,50,,P-50GPa,Ti-potential/fcc-restart/04-npt-round-2/md/P-50GPa/multi_nnap_md.xyz,4497,1.289347186,12.80647763,8.504360796,6.61287158,3998,1.6227636770576885,2.152208371272144,0.9199009865443949,min_distance_A<1.77527
npt_pressure,50,,P-50GPa,Ti-potential/fcc-restart/04-npt-round-2/md/P-50GPa/multi_nnap_md.xyz,4498,0.5129047597,12.65000779,4.849691329,4.707725235,3999,1.7478076534519695,2.0915993763307603,0.8976662683580386,min_distance_A<1.77527
npt_pressure,50,,P-50GPa,Ti-potential/fcc-restart/04-npt-round-2/md/P-50GPa/multi_nnap_md.xyz,4499,0.5663336032,12.52555082,3.876227365,3.899639837,4000,1.7524517460572344,2.0527352212151206,0.8838949575413964,min_distance_A<1.77527
npt_pressure,50,,P-50GPa,Ti-potential/fcc-restart/04-npt-round-2/md/P-50GPa/multi_nnap_md.xyz,4500,0.7319694512,12.4401989,4.869122335,5.765030297,4001,1.7249779013504583,2.0226358473206334,0.8729216374900529,min_distance_A<1.77527
npt_pressure,50,,P-50GPa,Ti-potential/fcc-restart/04-npt-round-2/md/P-50GPa/multi_nnap_md.xyz,4512,0.7195979434,13.59837342,6.400783606,6.355190739,4013,1.7640222392157379,2.051051615270895,0.8593055206350527,min_distance_A<1.77527
npt_pressure,50,,P-50GPa,Ti-potential/fcc-restart/04-npt-round-2/md/P-50GPa/multi_nnap_md.xyz,4518,0.6163344294,12.88113391,6.200884401,5.50538063,4019,1.7208777351956959,2.011607288805394,0.8581407037742711,min_distance_A<1.77527
npt_pressure,50,,P-50GPa,Ti-potential/fcc-restart/04-npt-round-2/md/P-50GPa/multi_nnap_md.xyz,4520,0.4367939958,12.61309581,5.439062333,5.533899492,4021,1.7486663916973495,2.0290405850375763,0.87166612579016,min_distance_A<1.77527
npt_pressure,50,,P-50GPa,Ti-potential/fcc-restart/04-npt-round-2/md/P-50GPa/multi_nnap_md.xyz,4523,0.7045736411,12.50720841,5.683807432,5.588096745,4024,1.763195787427099,1.9562750450254147,0.8427713941318838,min_distance_A<1.77527
npt_pressure,50,,P-50GPa,Ti-potential/fcc-restart/04-npt-round-2/md/P-50GPa/multi_nnap_md.xyz,4524,0.7960056744,12.55795964,5.955830333,5.971111206,4025,1.7547176903146224,1.9978495757397448,0.8595208669793601,min_distance_A<1.77527
npt_pressure,50,,P-50GPa,Ti-potential/fcc-restart/04-npt-round-2/md/P-50GPa/multi_nnap_md.xyz,4542,0.6218691317,12.62999368,6.097930647,6.197253027,4043,1.7392466179834882,2.0397942886202514,0.8758948920431687,min_distance_A<1.77527
npt_pressure,50,,P-50GPa,Ti-potential/fcc-restart/04-npt-round-2/md/P-50GPa/multi_nnap_md.xyz,4547,0.4171904598,12.80115601,5.417728598,5.435372557,4048,1.7452276759748773,2.0447285421433503,0.8740828431477398,min_distance_A<1.77527
npt_pressure,50,,P-50GPa,Ti-potential/fcc-restart/04-npt-round-2/md/P-50GPa/multi_nnap_md.xyz,4548,0.8130851749,12.90162035,5.380159644,5.636329626,4049,1.703123684669361,2.059647221063245,0.8781689706717047,min_distance_A<1.77527
npt_pressure,50,,P-50GPa,Ti-potential/fcc-restart/04-npt-round-2/md/P-50GPa/multi_nnap_md.xyz,4549,0.3620881887,13.01365593,4.952767019,4.940784058,4050,1.7719874419288064,2.0706019356809744,0.8802989332745147,min_distance_A<1.77527
npt_pressure,50,,P-50GPa,Ti-potential/fcc-restart/04-npt-round-2/md/P-50GPa/multi_nnap_md.xyz,4573,0.3590361617,13.16975425,4.826929696,4.666668777,4074,1.7703062444573379,1.9887723596223017,0.8421559442017482,min_distance_A<1.77527
npt_pressure,50,,P-50GPa,Ti-potential/fcc-restart/04-npt-round-2/md/P-50GPa/multi_nnap_md.xyz,4577,0.4991027439,13.23210122,5.81337204,6.60670702,4078,1.7566384701670719,2.09494025495703,0.8857177956179053,min_distance_A<1.77527
npt_pressure,50,,P-50GPa,Ti-potential/fcc-restart/04-npt-round-2/md/P-50GPa/multi_nnap_md.xyz,4588,1.291665384,12.68689932,7.946790404,6.608988654,4089,1.6483568695198456,2.081114988186866,0.8923000402944532,min_distance_A<1.77527
npt_pressure,50,,P-50GPa,Ti-potential/fcc-restart/04-npt-round-2/md/P-50GPa/multi_nnap_md.xyz,4589,1.005953148,12.71854056,9.617471261,8.924553215,4090,1.617949288412776,2.0955072917459754,0.897725200528325,min_distance_A<1.77527
npt_pressure,50,,P-50GPa,Ti-potential/fcc-restart/04-npt-round-2/md/P-50GPa/multi_nnap_md.xyz,4590,0.8305641506,12.77998586,6.617172816,6.431632344,4091,1.6910858843361265,2.0977718826629532,0.8972527586286805,min_distance_A<1.77527
npt_pressure,50,,P-50GPa,Ti-potential/fcc-restart/04-npt-round-2/md/P-50GPa/multi_nnap_md.xyz,4591,2.044932762,12.86685636,9.304989681,7.921285916,4092,1.615669242648808,2.050764930404244,0.8751686077461973,min_distance_A<1.77527
npt_pressure,50,,P-50GPa,Ti-potential/fcc-restart/04-npt-round-2/md/P-50GPa/multi_nnap_md.xyz,4602,0.4442642934,13.34075959,5.257625611,5.596702166,4103,1.7622062523761324,2.057871181109472,0.8676768277897856,min_distance_A<1.77527
npt_pressure,50,,P-50GPa,Ti-potential/fcc-restart/04-npt-round-2/md/P-50GPa/multi_nnap_md.xyz,4604,1.142572288,13.1495721,7.179107679,5.118145787,4105,1.720388235417439,2.1238787296600807,0.8998273209919889,min_distance_A<1.77527
npt_pressure,50,,P-50GPa,Ti-potential/fcc-restart/04-npt-round-2/md/P-50GPa/multi_nnap_md.xyz,4605,1.297563313,13.04266453,7.87256474,5.998554317,4106,1.7066362714239507,2.1260962238867713,0.9032212392985218,min_distance_A<1.77527
npt_pressure,50,,P-50GPa,Ti-potential/fcc-restart/04-npt-round-2/md/P-50GPa/multi_nnap_md.xyz,4610,0.5269455579,12.74491294,3.570476206,3.62690564,4111,1.7657069292171261,2.0494635645107055,0.8773938327693706,min_distance_A<1.77527
npt_pressure,50,,P-50GPa,Ti-potential/fcc-restart/04-npt-round-2/md/P-50GPa/multi_nnap_md.xyz,4611,0.8562266103,12.75960906,6.789697761,6.506815123,4112,1.6611088890778294,2.0811627265350507,0.8906223367340613,min_distance_A<1.77527
npt_pressure,50,,P-50GPa,Ti-potential/fcc-restart/04-npt-round-2/md/P-50GPa/multi_nnap_md.xyz,4612,0.6722591727,12.80273422,4.789835519,4.811721486,4113,1.759454275082826,2.1127263813653605,0.903113523086213,min_distance_A<1.77527
npt_pressure,50,,P-50GPa,Ti-potential/fcc-restart/04-npt-round-2/md/P-50GPa/multi_nnap_md.xyz,4613,0.7160983874,12.87069974,7.237638356,8.021049884,4114,1.756551877135458,2.143701553666711,0.9147384539854896,min_distance_A<1.77527
npt_pressure,50,,P-50GPa,Ti-potential/fcc-restart/04-npt-round-2/md/P-50GPa/multi_nnap_md.xyz,4614,1.063540043,12.9568434,8.469545849,8.724193568,4115,1.7106611024276188,2.1375777863221765,0.9100994620431987,min_distance_A<1.77527
npt_pressure,50,,P-50GPa,Ti-potential/fcc-restart/04-npt-round-2/md/P-50GPa/multi_nnap_md.xyz,4617,0.5394311716,13.20727616,5.452215449,5.763006676,4118,1.7466460435659665,1.955237696770536,0.8271706993953065,min_distance_A<1.77527
npt_pressure,50,,P-50GPa,Ti-potential/fcc-restart/04-npt-round-2/md/P-50GPa/multi_nnap_md.xyz,4618,0.7841505966,13.25441799,7.424274333,7.713729797,4119,1.6963813853572942,1.9259667403656906,0.8138203815403481,min_distance_A<1.77527
npt_pressure,50,,P-50GPa,Ti-potential/fcc-restart/04-npt-round-2/md/P-50GPa/multi_nnap_md.xyz,4623,0.5935789847,13.06257642,5.979428109,6.046172252,4124,1.7423080071347297,1.9580563884459994,0.831410643320931,min_distance_A<1.77527
npt_pressure,50,,P-50GPa,Ti-potential/fcc-restart/04-npt-round-2/md/P-50GPa/multi_nnap_md.xyz,4629,0.4756243591,12.56501472,5.422971456,5.589148405,4130,1.7708299957831766,1.955961943524172,0.8413423173075295,min_distance_A<1.77527
npt_pressure,50,,P-50GPa,Ti-potential/fcc-restart/04-npt-round-2/md/P-50GPa/multi_nnap_md.xyz,4632,0.4046086572,12.56078209,5.46268735,5.177639528,4133,1.7670739689314106,2.0021330702548226,0.8612992030143609,min_distance_A<1.77527
npt_pressure,50,,P-50GPa,Ti-potential/fcc-restart/04-npt-round-2/md/P-50GPa/multi_nnap_md.xyz,4634,0.6465120204,12.70433538,5.25234592,4.874926679,4135,1.7563556294321114,2.0358606869024847,0.872497261812335,min_distance_A<1.77527
npt_pressure,50,,P-50GPa,Ti-potential/fcc-restart/04-npt-round-2/md/P-50GPa/multi_nnap_md.xyz,4635,0.6658919455,12.8151297,6.043672569,6.005589624,4136,1.7459309016846345,2.0790605320094757,0.8884359670532606,min_distance_A<1.77527
npt_pressure,50,,P-50GPa,Ti-potential/fcc-restart/04-npt-round-2/md/P-50GPa/multi_nnap_md.xyz,4651,1.254969946,12.76394829,9.321890651,8.376905437,4152,1.6642571113669953,2.017313160533367,0.8632004201738004,min_distance_A<1.77527
npt_pressure,50,,P-50GPa,Ti-potential/fcc-restart/04-npt-round-2/md/P-50GPa/multi_nnap_md.xyz,4652,0.6020247248,12.77814711,7.164886147,6.641490668,4153,1.7302868919594339,1.992369145452219,0.8522110862284844,min_distance_A<1.77527
npt_pressure,50,,P-50GPa,Ti-potential/fcc-restart/04-npt-round-2/md/P-50GPa/multi_nnap_md.xyz,4653,2.411831053,12.82397258,8.870080695,5.668098965,4154,1.5969450916328505,1.9657362767860955,0.8398164790062345,min_distance_A<1.77527
npt_pressure,50,,P-50GPa,Ti-potential/fcc-restart/04-npt-round-2/md/P-50GPa/multi_nnap_md.xyz,4654,2.025594647,12.89471005,6.84360681,4.449500928,4155,1.6342061825105263,1.9953679865856735,0.8509142690558025,min_distance_A<1.77527
npt_pressure,50,,P-50GPa,Ti-potential/fcc-restart/04-npt-round-2/md/P-50GPa/multi_nnap_md.xyz,4656,1.130353117,13.07117183,8.230905758,8.814753467,4157,1.6826381333365183,2.010537381312125,0.8535074394023244,min_distance_A<1.77527
npt_pressure,50,,P-50GPa,Ti-potential/fcc-restart/04-npt-round-2/md/P-50GPa/multi_nnap_md.xyz,4675,0.5772148492,12.66718262,5.054324259,4.631504454,4176,1.7517599082050317,2.0988645986489507,0.9003770402339919,min_distance_A<1.77527
npt_pressure,50,,P-50GPa,Ti-potential/fcc-restart/04-npt-round-2/md/P-50GPa/multi_nnap_md.xyz,4680,0.5102743911,13.30875055,6.065842081,6.091475542,4181,1.7294039431553663,2.0324816491659456,0.8576581221375484,min_distance_A<1.77527
npt_pressure,50,,P-50GPa,Ti-potential/fcc-restart/04-npt-round-2/md/P-50GPa/multi_nnap_md.xyz,4681,0.4888512394,13.38567667,6.465739178,6.459667316,4182,1.734632630928647,2.0373307938568495,0.8580543013078848,min_distance_A<1.77527
npt_pressure,50,,P-50GPa,Ti-potential/fcc-restart/04-npt-round-2/md/P-50GPa/multi_nnap_md.xyz,4702,0.4555684832,13.47566461,4.286739283,4.511754059,4203,1.7590920746967063,2.0629720640643923,0.8669151963352095,min_distance_A<1.77527
npt_pressure,50,,P-50GPa,Ti-potential/fcc-restart/04-npt-round-2/md/P-50GPa/multi_nnap_md.xyz,4709,0.9474570207,12.79468004,5.786101142,4.926702985,4210,1.7627949837767556,2.0780755463320175,0.8884879085396953,min_distance_A<1.77527
npt_pressure,50,,P-50GPa,Ti-potential/fcc-restart/04-npt-round-2/md/P-50GPa/multi_nnap_md.xyz,4711,0.893132288,12.54482492,4.158452077,4.158888339,4212,1.7511458879251616,1.9957368864403582,0.8589114970978788,min_distance_A<1.77527
npt_pressure,50,,P-50GPa,Ti-potential/fcc-restart/04-npt-round-2/md/P-50GPa/multi_nnap_md.xyz,4713,0.6776839425,12.44240072,4.073807039,4.060345093,4214,1.722040643763848,1.9600495182600404,0.845860962179304,min_distance_A<1.77527
npt_pressure,50,,P-50GPa,Ti-potential/fcc-restart/04-npt-round-2/md/P-50GPa/multi_nnap_md.xyz,4715,0.3848205136,12.49167208,4.641783048,4.259259725,4216,1.7576428276736002,1.9996384602014348,0.8618095245675017,min_distance_A<1.77527
npt_pressure,50,,P-50GPa,Ti-potential/fcc-restart/04-npt-round-2/md/P-50GPa/multi_nnap_md.xyz,4717,0.9010950245,12.67349686,5.506065972,5.340221348,4218,1.7081715634328354,2.0414936550599516,0.8756204191465329,min_distance_A<1.77527
npt_pressure,50,,P-50GPa,Ti-potential/fcc-restart/04-npt-round-2/md/P-50GPa/multi_nnap_md.xyz,4718,0.5242504079,12.80172228,4.71355199,4.797200626,4219,1.7707827081335001,2.0591340059669156,0.8802279278364508,min_distance_A<1.77527
npt_pressure,50,,P-50GPa,Ti-potential/fcc-restart/04-npt-round-2/md/P-50GPa/multi_nnap_md.xyz,4734,0.4434405614,12.6558251,5.318220074,5.191747214,4235,1.7534514793289127,2.0004312657628702,0.8584074515166895,min_distance_A<1.77527
npt_pressure,50,,P-50GPa,Ti-potential/fcc-restart/04-npt-round-2/md/P-50GPa/multi_nnap_md.xyz,4735,1.436497816,12.64585952,8.426925244,8.420578281,4236,1.6514560422004245,2.0268454133660017,0.86997046497734,min_distance_A<1.77527
npt_pressure,50,,P-50GPa,Ti-potential/fcc-restart/04-npt-round-2/md/P-50GPa/multi_nnap_md.xyz,4736,0.756716105,12.66555036,6.330341118,6.88430834,4237,1.7075646996887384,2.0120035227160886,0.8631521993381671,min_distance_A<1.77527
npt_pressure,50,,P-50GPa,Ti-potential/fcc-restart/04-npt-round-2/md/P-50GPa/multi_nnap_md.xyz,4737,0.7280505252,12.71327127,6.180039779,7.029228029,4238,1.7257135936924366,1.9525680842363007,0.8366049212314371,min_distance_A<1.77527
npt_pressure,50,,P-50GPa,Ti-potential/fcc-restart/04-npt-round-2/md/P-50GPa/multi_nnap_md.xyz,4739,0.7752967225,12.88746977,7.950071007,8.322695886,4240,1.7308121301728054,2.079248196812425,0.8868505648399436,min_distance_A<1.77527
npt_pressure,50,,P-50GPa,Ti-potential/fcc-restart/04-npt-round-2/md/P-50GPa/multi_nnap_md.xyz,4740,0.4794224725,13.00748759,5.75192102,6.157234639,4241,1.7588723116597351,2.073697943349171,0.881754511095373,min_distance_A<1.77527
npt_pressure,50,,P-50GPa,Ti-potential/fcc-restart/04-npt-round-2/md/P-50GPa/multi_nnap_md.xyz,4743,1.180103165,13.37611093,6.743737597,5.312460327,4244,1.6497321257419424,2.0347585923052427,0.8571752125602005,min_distance_A<1.77527
npt_pressure,50,,P-50GPa,Ti-potential/fcc-restart/04-npt-round-2/md/P-50GPa/multi_nnap_md.xyz,4744,1.529229714,13.46104866,8.449908859,6.906112107,4245,1.6114973715514265,2.0343333154000875,0.8551897363969684,min_distance_A<1.77527
npt_pressure,50,,P-50GPa,Ti-potential/fcc-restart/04-npt-round-2/md/P-50GPa/multi_nnap_md.xyz,4748,0.4934658391,13.41765895,6.959470652,7.505780966,4249,1.74510566739717,2.03952286795949,0.8582945001410547,min_distance_A<1.77527
npt_pressure,50,,P-50GPa,Ti-potential/fcc-restart/04-npt-round-2/md/P-50GPa/multi_nnap_md.xyz,4749,0.4949336624,13.31923906,6.578849301,6.672849309,4250,1.7507229651167568,2.0526011260206967,0.8659206398194417,min_distance_A<1.77527
npt_pressure,50,,P-50GPa,Ti-potential/fcc-restart/04-npt-round-2/md/P-50GPa/multi_nnap_md.xyz,4752,0.4370889094,12.93819013,5.617337056,6.179895428,4253,1.7730197933297331,2.0819428194948792,0.8868379877326712,min_distance_A<1.77527
npt_pressure,50,,P-50GPa,Ti-potential/fcc-restart/04-npt-round-2/md/P-50GPa/multi_nnap_md.xyz,4766,0.3609392456,13.24646617,6.038336796,6.327852191,4267,1.752738125057048,2.0783131999016558,0.8783703168858162,min_distance_A<1.77527
npt_pressure,50,,P-50GPa,Ti-potential/fcc-restart/04-npt-round-2/md/P-50GPa/multi_nnap_md.xyz,4783,0.9207781867,13.12535184,6.209057096,6.071414833,4284,1.7285963620132858,2.017394847065916,0.8552385249926191,min_distance_A<1.77527
npt_pressure,50,,P-50GPa,Ti-potential/fcc-restart/04-npt-round-2/md/P-50GPa/multi_nnap_md.xyz,4795,1.023034224,12.61979686,6.521863066,5.797836085,4296,1.7057203306957789,1.9621866202163243,0.8427967560657161,min_distance_A<1.77527
npt_pressure,50,,P-50GPa,Ti-potential/fcc-restart/04-npt-round-2/md/P-50GPa/multi_nnap_md.xyz,4796,1.484415855,12.57498341,8.504323978,6.448626227,4297,1.6534630804103927,1.9834146332052538,0.8529253835218725,min_distance_A<1.77527
npt_pressure,50,,P-50GPa,Ti-potential/fcc-restart/04-npt-round-2/md/P-50GPa/multi_nnap_md.xyz,4802,0.3677993201,12.90070391,5.446461652,5.639325777,4303,1.748707607911403,1.9974036272104414,0.8516504200353467,min_distance_A<1.77527
npt_pressure,50,,P-50GPa,Ti-potential/fcc-restart/04-npt-round-2/md/P-50GPa/multi_nnap_md.xyz,4807,0.4308815905,13.23878919,5.313307518,5.429825601,4308,1.753715466737276,2.0470138151286927,0.8653092603088196,min_distance_A<1.77527
npt_pressure,50,,P-50GPa,Ti-potential/fcc-restart/04-npt-round-2/md/P-50GPa/multi_nnap_md.xyz,4810,0.5791300777,13.19198265,6.484562818,6.259694,4311,1.7290842578079428,2.035601811491843,0.8615016988522602,min_distance_A<1.77527
npt_pressure,50,,P-50GPa,Ti-potential/fcc-restart/04-npt-round-2/md/P-50GPa/multi_nnap_md.xyz,4812,0.5562172406,13.05883969,5.409001653,5.472455661,4313,1.7632044878959998,2.0036202614787184,0.8508386658290563,min_distance_A<1.77527
npt_pressure,50,,P-50GPa,Ti-potential/fcc-restart/04-npt-round-2/md/P-50GPa/multi_nnap_md.xyz,4813,0.4336846547,12.99170678,5.018999009,5.23335455,4314,1.769549343422219,2.001813203698688,0.8515329928833557,min_distance_A<1.77527
npt_pressure,50,,P-50GPa,Ti-potential/fcc-restart/04-npt-round-2/md/P-50GPa/multi_nnap_md.xyz,4817,0.9367069815,12.81088629,6.607367181,6.134805388,4318,1.7086182717369183,1.9911671620379001,0.8509708088068262,min_distance_A<1.77527
npt_pressure,50,,P-50GPa,Ti-potential/fcc-restart/04-npt-round-2/md/P-50GPa/multi_nnap_md.xyz,4819,0.5443055884,12.76809134,4.854520406,5.06541407,4320,1.7428483050194032,2.118325060905421,0.9063249670736158,min_distance_A<1.77527
npt_pressure,50,,P-50GPa,Ti-potential/fcc-restart/04-npt-round-2/md/P-50GPa/multi_nnap_md.xyz,4822,0.4192445663,12.79335182,4.522523875,4.451940534,4323,1.758139712615435,2.0790215585267364,0.88892314004727,min_distance_A<1.77527
npt_pressure,50,,P-50GPa,Ti-potential/fcc-restart/04-npt-round-2/md/P-50GPa/multi_nnap_md.xyz,4833,0.5985309234,13.29244784,5.741221663,5.454138899,4334,1.7747458570955157,2.0522840063856695,0.8663681387208017,min_distance_A<1.77527
npt_pressure,50,,P-50GPa,Ti-potential/fcc-restart/04-npt-round-2/md/P-50GPa/multi_nnap_md.xyz,4840,1.206739239,12.77643409,8.523546465,9.19772477,4341,1.672734499174882,2.048522214400945,0.876269020980164,min_distance_A<1.77527
npt_pressure,50,,P-50GPa,Ti-potential/fcc-restart/04-npt-round-2/md/P-50GPa/multi_nnap_md.xyz,4841,0.5943009227,12.73414878,5.510839719,5.951668205,4342,1.7644802267689803,2.005918047164028,0.8589935033056998,min_distance_A<1.77527
npt_pressure,50,,P-50GPa,Ti-potential/fcc-restart/04-npt-round-2/md/P-50GPa/multi_nnap_md.xyz,4843,0.6404555468,12.71303975,7.820045088,7.719617282,4344,1.7224981714771903,1.982274701243221,0.8493382899069472,min_distance_A<1.77527
npt_pressure,50,,P-50GPa,Ti-potential/fcc-restart/04-npt-round-2/md/P-50GPa/multi_nnap_md.xyz,4869,0.4064623696,12.981277,5.238690172,5.460263564,4370,1.763747751774512,2.0196294000019974,0.8593416835784136,min_distance_A<1.77527
npt_pressure,50,,P-50GPa,Ti-potential/fcc-restart/04-npt-round-2/md/P-50GPa/multi_nnap_md.xyz,4871,0.6445860413,13.0656719,4.486563191,5.013206077,4372,1.7582806978073189,2.011694841679609,0.854118613318548,min_distance_A<1.77527
npt_pressure,50,,P-50GPa,Ti-potential/fcc-restart/04-npt-round-2/md/P-50GPa/multi_nnap_md.xyz,4872,0.7729263343,13.0888951,5.92795678,5.926907962,4373,1.7551261063700399,1.9842308676620768,0.8419595081693051,min_distance_A<1.77527
npt_pressure,50,,P-50GPa,Ti-potential/fcc-restart/04-npt-round-2/md/P-50GPa/multi_nnap_md.xyz,4889,0.4105231105,13.01316986,4.588238363,4.799525799,4390,1.774562208889669,2.0037281089621564,0.8518786967484183,min_distance_A<1.77527
npt_pressure,50,,P-50GPa,Ti-potential/fcc-restart/04-npt-round-2/md/P-50GPa/multi_nnap_md.xyz,4910,0.9324828333,12.97462868,6.670364299,6.333980859,4411,1.7073723992364256,2.1346715682854924,0.9084466334432378,min_distance_A<1.77527
npt_pressure,50,,P-50GPa,Ti-potential/fcc-restart/04-npt-round-2/md/P-50GPa/multi_nnap_md.xyz,4912,0.437248236,13.02995517,5.935645573,5.76929939,4413,1.7367046223223004,2.0580526473814174,0.8745987248380201,min_distance_A<1.77527
npt_pressure,50,,P-50GPa,Ti-potential/fcc-restart/04-npt-round-2/md/P-50GPa/multi_nnap_md.xyz,4913,0.3728561592,13.04894645,5.56283551,5.691822421,4414,1.7552158668594589,2.02290196724207,0.8592436945140887,min_distance_A<1.77527
npt_pressure,50,,P-50GPa,Ti-potential/fcc-restart/04-npt-round-2/md/P-50GPa/multi_nnap_md.xyz,4914,0.3372974358,13.05921962,4.395250917,4.704345186,4415,1.7689059913818181,2.0017021548937572,0.8500158974931504,min_distance_A<1.77527
npt_pressure,50,,P-50GPa,Ti-potential/fcc-restart/04-npt-round-2/md/P-50GPa/multi_nnap_md.xyz,4917,1.031148611,13.02628432,5.290706285,5.372471527,4418,1.71197076514398,2.025707642173534,0.8609341114188013,min_distance_A<1.77527
npt_pressure,50,,P-50GPa,Ti-potential/fcc-restart/04-npt-round-2/md/P-50GPa/multi_nnap_md.xyz,4918,0.9751538119,12.99177673,5.741872953,5.158556941,4419,1.7008789269889688,2.0571077809355196,0.875052676278193,min_distance_A<1.77527
npt_pressure,50,,P-50GPa,Ti-potential/fcc-restart/04-npt-round-2/md/P-50GPa/multi_nnap_md.xyz,4919,0.7855121618,12.95113374,4.838600647,5.47955439,4420,1.7528718470567126,2.10776118678391,0.8975365439827857,min_distance_A<1.77527
npt_pressure,50,,P-50GPa,Ti-potential/fcc-restart/04-npt-round-2/md/P-50GPa/multi_nnap_md.xyz,4920,0.609750202,12.91014397,6.053779412,6.223874619,4421,1.7436067761746483,2.1288843349837303,0.9074896999867872,min_distance_A<1.77527
npt_pressure,50,,P-50GPa,Ti-potential/fcc-restart/04-npt-round-2/md/P-50GPa/multi_nnap_md.xyz,4921,1.466430423,12.87459997,5.767421097,4.629242904,4422,1.673969433940176,2.1256180644815554,0.9069304517501687,min_distance_A<1.77527
npt_pressure,50,,P-50GPa,Ti-potential/fcc-restart/04-npt-round-2/md/P-50GPa/multi_nnap_md.xyz,4922,1.056435094,12.84798316,5.719191589,4.852595411,4423,1.6960431515044982,2.1164105886459534,0.9036250730041678,min_distance_A<1.77527
npt_pressure,50,,P-50GPa,Ti-potential/fcc-restart/04-npt-round-2/md/P-50GPa/multi_nnap_md.xyz,4927,0.4950239323,12.86021934,4.170746755,4.66897696,4428,1.7741064292594426,2.0706275192198556,0.8837969998532376,min_distance_A<1.77527
npt_pressure,50,,P-50GPa,Ti-potential/fcc-restart/04-npt-round-2/md/P-50GPa/multi_nnap_md.xyz,4933,0.5034076395,13.13625027,6.092154685,6.082475996,4434,1.738955614564277,2.0296079545288723,0.8601780412609376,min_distance_A<1.77527
npt_pressure,50,,P-50GPa,Ti-potential/fcc-restart/04-npt-round-2/md/P-50GPa/multi_nnap_md.xyz,4934,0.6064673052,13.15461945,6.068998596,7.347342092,4435,1.728484276106058,2.007015035010425,0.8502067127990712,min_distance_A<1.77527
npt_pressure,50,,P-50GPa,Ti-potential/fcc-restart/04-npt-round-2/md/P-50GPa/multi_nnap_md.xyz,4942,1.179093109,13.02393772,8.381994902,7.845103564,4443,1.664822237380344,2.0003955213450526,0.8502274129145541,min_distance_A<1.77527
npt_pressure,50,,P-50GPa,Ti-potential/fcc-restart/04-npt-round-2/md/P-50GPa/multi_nnap_md.xyz,4943,0.4938947589,13.01587594,6.115562864,6.071331263,4444,1.739246680181453,1.9740104882285174,0.8391861784889236,min_distance_A<1.77527
npt_pressure,50,,P-50GPa,Ti-potential/fcc-restart/04-npt-round-2/md/P-50GPa/multi_nnap_md.xyz,4944,0.4376793327,13.01287292,5.400202472,5.713234295,4445,1.7390814095973575,2.0155794861694325,0.8569237902878623,min_distance_A<1.77527
npt_pressure,50,,P-50GPa,Ti-potential/fcc-restart/04-npt-round-2/md/P-50GPa/multi_nnap_md.xyz,4952,0.3582922092,12.99628809,6.199944203,5.880792003,4453,1.7473263305783264,1.9854220708503987,0.844461268688422,min_distance_A<1.77527
npt_pressure,50,,P-50GPa,Ti-potential/fcc-restart/04-npt-round-2/md/P-50GPa/multi_nnap_md.xyz,4953,0.6853040672,12.95954123,6.401248113,5.773293077,4454,1.7530573926505244,1.9964113304785083,0.8499371587788813,min_distance_A<1.77527
npt_pressure,50,,P-50GPa,Ti-potential/fcc-restart/04-npt-round-2/md/P-50GPa/multi_nnap_md.xyz,4967,0.4485580075,12.94825806,6.373146335,6.553679882,4468,1.7697165870241558,1.9720854268021735,0.8398246321114362,min_distance_A<1.77527
npt_pressure,50,,P-50GPa,Ti-potential/fcc-restart/04-npt-round-2/md/P-50GPa/multi_nnap_md.xyz,4975,0.9424945389,13.15525979,4.375666745,4.366208929,4476,1.7371664814204857,1.9677899362575164,0.8335767487221226,min_distance_A<1.77527
npt_pressure,50,,P-50GPa,Ti-potential/fcc-restart/04-npt-round-2/md/P-50GPa/multi_nnap_md.xyz,4976,0.486857985,13.15235025,5.260011835,5.629778567,4477,1.7549058472199783,1.9961866576836407,0.8456682519298326,min_distance_A<1.77527
npt_pressure,50,,P-50GPa,Ti-potential/fcc-restart/04-npt-round-2/md/P-50GPa/multi_nnap_md.xyz,4982,0.7613328003,12.89583596,6.303041637,5.223590782,4483,1.7197865492029443,1.9796589029270688,0.8441906427596293,min_distance_A<1.77527
npt_pressure,50,,P-50GPa,Ti-potential/fcc-restart/04-npt-round-2/md/P-50GPa/multi_nnap_md.xyz,4983,0.7419333172,12.8405612,6.320647207,5.987955094,4484,1.724467019438956,1.974203987428461,0.8430707522687735,min_distance_A<1.77527
npt_pressure,50,,P-50GPa,Ti-potential/fcc-restart/04-npt-round-2/md/P-50GPa/multi_nnap_md.xyz,4986,0.9716638917,12.75486914,7.066189684,7.619912026,4487,1.7036750127565268,2.025002169056804,0.866696062696506,min_distance_A<1.77527
