source_type,source_value,scale_factor,trajectory,trajectory_path,frame,uncertainty,volume_per_atom,max_force,max_force_model0,candidate_rank_source,min_distance_A,void_radius_A,normalized_void,physical_gate_reasons
nvt_scale,0.9,0.9,scale-0p9,W-potential/fcc-restart/01-nvt-round-1/md/scale-0p9/multi_nnap_md.xyz,500,2.804189419,11.59396854,10.46660427,9.642010118,1,2.0915165705060383,8.733638134665721,3.8587900888501445,normalized_void>0.946305
nvt_scale,0.9,0.9,scale-0p9,W-potential/fcc-restart/01-nvt-round-1/md/scale-0p9/multi_nnap_md.xyz,542,4.737283685,11.59396854,9.474656786,9.363639534,43,2.1526597049386225,8.84406839546312,3.9075815763498096,normalized_void>0.946305
nvt_scale,0.9,0.9,scale-0p9,W-potential/fcc-restart/01-nvt-round-1/md/scale-0p9/multi_nnap_md.xyz,564,4.031131309,11.59396854,12.76643472,11.51732974,65,2.0995005347912157,14.406714517788085,6.365329812953368,normalized_void>0.946305
nvt_scale,0.9,0.9,scale-0p9,W-potential/fcc-restart/01-nvt-round-1/md/scale-0p9/multi_nnap_md.xyz,568,14.07074157,11.59396854,16.00109968,10.5193853,69,2.0300424783099995,14.264655440697522,6.302563741099253,normalized_void>0.946305
nvt_scale,0.9,0.9,scale-0p9,W-potential/fcc-restart/01-nvt-round-1/md/scale-0p9/multi_nnap_md.xyz,606,4.927845965,11.59396854,10.81798375,12.6584609,107,2.1141041166808217,9.780158547179354,4.32117501175622,normalized_void>0.946305
nvt_scale,0.9,0.9,scale-0p9,W-potential/fcc-restart/01-nvt-round-1/md/scale-0p9/multi_nnap_md.xyz,611,5.880311296,11.59396854,11.50961097,10.93516938,112,2.088601432431981,13.06220284469018,5.771283181011924,normalized_void>0.946305
nvt_scale,0.9,0.9,scale-0p9,W-potential/fcc-restart/01-nvt-round-1/md/scale-0p9/multi_nnap_md.xyz,668,3.635948156,11.59396854,7.886631369,6.787587447,169,2.2093110532561218,8.778814544070418,3.878750416742451,normalized_void>0.946305
nvt_scale,0.9,0.9,scale-0p9,W-potential/fcc-restart/01-nvt-round-1/md/scale-0p9/multi_nnap_md.xyz,685,6.534089916,11.59396854,13.92257883,9.070353751,186,2.051043214811479,8.774462612366985,3.8768275993935273,normalized_void>0.946305
nvt_scale,0.9,0.9,scale-0p9,W-potential/fcc-restart/01-nvt-round-1/md/scale-0p9/multi_nnap_md.xyz,734,8.874035835,11.59396854,18.05347266,15.17091069,235,2.0030292789686355,12.406346555637771,5.481505689789781,normalized_void>0.946305
nvt_scale,0.9,0.9,scale-0p9,W-potential/fcc-restart/01-nvt-round-1/md/scale-0p9/multi_nnap_md.xyz,779,2.840813679,11.59396854,11.63748097,9.351776995,280,2.1031601088206546,8.790538825153071,3.88393056491702,normalized_void>0.946305
nvt_scale,0.9,0.9,scale-0p9,W-potential/fcc-restart/01-nvt-round-1/md/scale-0p9/multi_nnap_md.xyz,881,3.332714406,11.59396854,11.54881122,10.40823744,382,2.1266169120703102,8.952372838566568,3.9554338121743267,normalized_void>0.946305
nvt_scale,0.9,0.9,scale-0p9,W-potential/fcc-restart/01-nvt-round-1/md/scale-0p9/multi_nnap_md.xyz,892,2.293569509,11.59396854,9.504246858,8.585420752,393,2.1882851617820878,8.72744537225426,3.8560539358463815,normalized_void>0.946305
nvt_scale,0.9,0.9,scale-0p9,W-potential/fcc-restart/01-nvt-round-1/md/scale-0p9/multi_nnap_md.xyz,961,2.465750963,11.59396854,9.476015507,9.232465896,462,2.1922691963665235,13.036069269792575,5.7597365634115425,normalized_void>0.946305
nvt_scale,0.9,0.9,scale-0p9,W-potential/fcc-restart/01-nvt-round-1/md/scale-0p9/multi_nnap_md.xyz,963,1.064528206,11.59396854,9.561618681,9.2957268,464,2.164908509134348,7.667279551709568,3.3876400517609353,normalized_void>0.946305
nvt_scale,0.9,0.9,scale-0p9,W-potential/fcc-restart/01-nvt-round-1/md/scale-0p9/multi_nnap_md.xyz,991,3.638728896,11.59396854,11.82573582,11.44082868,492,2.107477565602933,8.74770709885203,3.8650061901730326,normalized_void>0.946305
nvt_scale,0.9,0.9,scale-0p9,W-potential/fcc-restart/01-nvt-round-1/md/scale-0p9/multi_nnap_md.xyz,993,4.204945227,11.59396854,10.69695345,8.514905773,494,2.143658887532976,8.702642131575061,3.8450951008421734,normalized_void>0.946305
nvt_scale,0.9,0.9,scale-0p9,W-potential/fcc-restart/01-nvt-round-1/md/scale-0p9/multi_nnap_md.xyz,1035,4.467114188,11.59396854,11.7271227,8.108624988,536,2.145939384166506,12.325320934211982,5.4457060768358465,normalized_void>0.946305
nvt_scale,0.9,0.9,scale-0p9,W-potential/fcc-restart/01-nvt-round-1/md/scale-0p9/multi_nnap_md.xyz,1042,4.787015436,11.59396854,11.54406646,12.75673732,543,2.091208396282499,8.785481243257397,3.8816959695981335,normalized_void>0.946305
nvt_scale,0.9,0.9,scale-0p9,W-potential/fcc-restart/01-nvt-round-1/md/scale-0p9/multi_nnap_md.xyz,1048,2.799829295,11.59396854,11.77508166,14.31798502,549,2.133740260298214,9.347282427602922,4.129917021195408,normalized_void>0.946305
nvt_scale,0.9,0.9,scale-0p9,W-potential/fcc-restart/01-nvt-round-1/md/scale-0p9/multi_nnap_md.xyz,1078,2.972493543,11.59396854,8.837028177,8.422149811,579,2.1634905858179465,15.230233075034215,6.729185653748077,normalized_void>0.946305
nvt_scale,0.9,0.9,scale-0p9,W-potential/fcc-restart/01-nvt-round-1/md/scale-0p9/multi_nnap_md.xyz,1083,4.926914204,11.59396854,12.27788167,10.14796864,584,2.054272493039087,8.772535087574397,3.875975959624285,normalized_void>0.946305
nvt_scale,0.9,0.9,scale-0p9,W-potential/fcc-restart/01-nvt-round-1/md/scale-0p9/multi_nnap_md.xyz,1092,6.761746639,11.59396854,10.79238222,8.83043834,593,2.1232313191053653,12.672103713990252,5.5989253805165005,normalized_void>0.946305
nvt_scale,0.9,0.9,scale-0p9,W-potential/fcc-restart/01-nvt-round-1/md/scale-0p9/multi_nnap_md.xyz,1095,3.903937111,11.59396854,10.30483587,9.361178533,596,2.130196554007933,8.736029652720621,3.8598467351211783,normalized_void>0.946305
nvt_scale,0.9,0.9,scale-0p9,W-potential/fcc-restart/01-nvt-round-1/md/scale-0p9/multi_nnap_md.xyz,1120,5.380443323,11.59396854,10.25428849,9.842629884,621,2.097040735337437,12.244748812170696,5.410106833865558,normalized_void>0.946305
nvt_scale,0.9,0.9,scale-0p9,W-potential/fcc-restart/01-nvt-round-1/md/scale-0p9/multi_nnap_md.xyz,1211,5.3785726,11.59396854,13.26576086,7.999810854,712,2.1614377333623476,14.578899626097309,6.441406492470689,normalized_void>0.946305
nvt_scale,0.9,0.9,scale-0p9,W-potential/fcc-restart/01-nvt-round-1/md/scale-0p9/multi_nnap_md.xyz,1284,3.855956863,11.59396854,9.720809674,9.326404376,785,2.160803091323445,9.586230354431802,4.2354915684323435,normalized_void>0.946305
nvt_scale,0.9,0.9,scale-0p9,W-potential/fcc-restart/01-nvt-round-1/md/scale-0p9/multi_nnap_md.xyz,1315,1.853083529,11.59396854,12.02904366,11.16271403,816,2.1862362120924064,11.349821348188193,5.014700340602639,normalized_void>0.946305
nvt_scale,0.9,0.9,scale-0p9,W-potential/fcc-restart/01-nvt-round-1/md/scale-0p9/multi_nnap_md.xyz,1349,4.567930701,11.59396854,11.6672336,9.767851881,850,2.176533091728034,8.198272908455635,3.6222492570729914,normalized_void>0.946305
nvt_scale,0.9,0.9,scale-0p9,W-potential/fcc-restart/01-nvt-round-1/md/scale-0p9/multi_nnap_md.xyz,1352,3.741856271,11.59396854,12.5120046,9.736915412,853,2.052889882539478,11.623977365286585,5.135830905582063,normalized_void>0.946305
nvt_scale,0.9,0.9,scale-0p9,W-potential/fcc-restart/01-nvt-round-1/md/scale-0p9/multi_nnap_md.xyz,1396,3.009040464,11.59396854,9.323095407,12.55300096,897,2.168081963470714,10.958697938657684,4.841889982199649,normalized_void>0.946305
nvt_scale,0.9,0.9,scale-0p9,W-potential/fcc-restart/01-nvt-round-1/md/scale-0p9/multi_nnap_md.xyz,1407,5.399206888,11.59396854,13.47087858,9.641674046,908,2.1013557733826325,11.313110808612787,4.998480494521812,normalized_void>0.946305
nvt_scale,0.9,0.9,scale-0p9,W-potential/fcc-restart/01-nvt-round-1/md/scale-0p9/multi_nnap_md.xyz,1408,4.382521535,11.59396854,12.98892548,10.20183133,909,2.1654369829340983,8.444782545126928,3.731164800415416,normalized_void>0.946305
nvt_scale,0.9,0.9,scale-0p9,W-potential/fcc-restart/01-nvt-round-1/md/scale-0p9/multi_nnap_md.xyz,1415,6.892923009,11.59396854,14.6747016,14.29888496,916,2.1565223601811585,11.081981950999493,4.896360652681173,normalized_void>0.946305
nvt_scale,0.9,0.9,scale-0p9,W-potential/fcc-restart/01-nvt-round-1/md/scale-0p9/multi_nnap_md.xyz,1475,2.868944755,11.59396854,10.35692086,10.13112876,976,2.164124928936148,8.545778627760887,3.775787977683743,normalized_void>0.946305
nvt_scale,0.9,0.9,scale-0p9,W-potential/fcc-restart/01-nvt-round-1/md/scale-0p9/multi_nnap_md.xyz,1633,1.958546363,11.59396854,11.18950829,9.763923048,1134,2.115470673162642,8.221476068930341,3.632501127403456,normalized_void>0.946305
nvt_scale,0.9,0.9,scale-0p9,W-potential/fcc-restart/01-nvt-round-1/md/scale-0p9/multi_nnap_md.xyz,1647,2.487794092,11.59396854,12.89002926,12.26245368,1148,2.1368696090673382,11.495681905493443,5.079146023398861,normalized_void>0.946305
nvt_scale,0.9,0.9,scale-0p9,W-potential/fcc-restart/01-nvt-round-1/md/scale-0p9/multi_nnap_md.xyz,1719,3.481213336,11.59396854,12.51967572,14.03015604,1220,2.168534520110836,14.467278916448185,6.392089028034553,normalized_void>0.946305
nvt_scale,0.9,0.9,scale-0p9,W-potential/fcc-restart/01-nvt-round-1/md/scale-0p9/multi_nnap_md.xyz,1863,4.569776926,11.59396854,16.49836827,10.67426869,1364,2.156383115879673,8.454856762145937,3.7356158995091113,normalized_void>0.946305
nvt_scale,0.9,0.9,scale-0p9,W-potential/fcc-restart/01-nvt-round-1/md/scale-0p9/multi_nnap_md.xyz,1905,5.063514823,11.59396854,12.80333377,12.29262968,1406,2.1099669059084114,8.50381927824986,3.757249045851305,normalized_void>0.946305
nvt_scale,0.9,0.9,scale-0p9,W-potential/fcc-restart/01-nvt-round-1/md/scale-0p9/multi_nnap_md.xyz,1911,2.332987952,11.59396854,11.24386977,10.44970036,1412,2.1021419169333893,8.440748731616116,3.7293825374734686,normalized_void>0.946305
nvt_scale,0.9,0.9,scale-0p9,W-potential/fcc-restart/01-nvt-round-1/md/scale-0p9/multi_nnap_md.xyz,1930,5.160465618,11.59396854,11.67870765,11.06201372,1431,2.076379075086322,12.665445775447902,5.595983698383207,normalized_void>0.946305
nvt_scale,0.9,0.9,scale-0p9,W-potential/fcc-restart/01-nvt-round-1/md/scale-0p9/multi_nnap_md.xyz,1946,5.860299,11.59396854,11.8669404,11.67286998,1447,2.1585112080629747,8.02832109319397,3.5471593151493894,normalized_void>0.946305
nvt_scale,0.9,0.9,scale-0p9,W-potential/fcc-restart/01-nvt-round-1/md/scale-0p9/multi_nnap_md.xyz,1954,5.90528556,11.59396854,11.95636838,7.486626732,1455,2.1637254064506264,8.179454230596958,3.6139345860863274,normalized_void>0.946305
nvt_scale,0.9,0.9,scale-0p9,W-potential/fcc-restart/01-nvt-round-1/md/scale-0p9/multi_nnap_md.xyz,1975,6.433040312,11.59396854,14.31017902,11.76677499,1476,2.0200601739468453,10.858207622479204,4.797490268115344,normalized_void>0.946305
nvt_scale,0.9,0.9,scale-0p9,W-potential/fcc-restart/01-nvt-round-1/md/scale-0p9/multi_nnap_md.xyz,2029,4.948160685,11.59396854,13.85971548,9.556118286,1530,2.0503995673232196,8.496617094498989,3.754066899436785,normalized_void>0.946305
nvt_scale,0.9,0.9,scale-0p9,W-potential/fcc-restart/01-nvt-round-1/md/scale-0p9/multi_nnap_md.xyz,2128,4.662474021,11.59396854,8.960252165,8.618080653,1629,2.1051071565814294,14.086528230406657,6.223861658069656,normalized_void>0.946305
nvt_scale,0.9,0.9,scale-0p9,W-potential/fcc-restart/01-nvt-round-1/md/scale-0p9/multi_nnap_md.xyz,2262,1.848759054,11.59396854,9.332932396,8.374119679,1763,2.1302420799093853,10.550164430745069,4.6613873065690745,normalized_void>0.946305
nvt_scale,0.9,0.9,scale-0p9,W-potential/fcc-restart/01-nvt-round-1/md/scale-0p9/multi_nnap_md.xyz,2283,1.112730771,11.59396854,9.495774607,9.094204997,1784,2.1855116451579497,8.374203662403433,3.6999808780984917,normalized_void>0.946305
nvt_scale,0.9,0.9,scale-0p9,W-potential/fcc-restart/01-nvt-round-1/md/scale-0p9/multi_nnap_md.xyz,2444,3.168569122,11.59396854,9.028184535,9.154705948,1945,2.1233345123473657,8.8731393672087,3.9204260262703783,normalized_void>0.946305
nvt_scale,0.9,0.9,scale-0p9,W-potential/fcc-restart/01-nvt-round-1/md/scale-0p9/multi_nnap_md.xyz,2555,4.341486293,11.59396854,13.77994392,13.14035194,2056,2.068465907007118,14.481148608944908,6.398217084992778,normalized_void>0.946305
nvt_scale,0.9,0.9,scale-0p9,W-potential/fcc-restart/01-nvt-round-1/md/scale-0p9/multi_nnap_md.xyz,2564,5.595160579,11.59396854,11.5045136,8.739775173,2065,2.092709032191172,12.86083493138665,5.682312640203293,normalized_void>0.946305
nvt_scale,0.9,0.9,scale-0p9,W-potential/fcc-restart/01-nvt-round-1/md/scale-0p9/multi_nnap_md.xyz,2569,3.593864526,11.59396854,10.00037854,11.36703738,2070,2.0934227605994664,8.20017707640153,3.6230905770686026,normalized_void>0.946305
nvt_scale,0.9,0.9,scale-0p9,W-potential/fcc-restart/01-nvt-round-1/md/scale-0p9/multi_nnap_md.xyz,2575,2.76116737,11.59396854,9.306869065,8.769469943,2076,2.1243927608742794,8.17043827763334,3.6099510606183487,normalized_void>0.946305
nvt_scale,0.9,0.9,scale-0p9,W-potential/fcc-restart/01-nvt-round-1/md/scale-0p9/multi_nnap_md.xyz,2593,7.040038164,11.59396854,14.62524111,11.09677172,2094,2.108583282435277,10.224383825156982,4.517447409747253,normalized_void>0.946305
nvt_scale,0.9,0.9,scale-0p9,W-potential/fcc-restart/01-nvt-round-1/md/scale-0p9/multi_nnap_md.xyz,2618,8.493585597,11.59396854,19.50230333,19.66434371,2119,1.9952855911906753,8.307241108369913,3.6703947610823753,normalized_void>0.946305
nvt_scale,0.9,0.9,scale-0p9,W-potential/fcc-restart/01-nvt-round-1/md/scale-0p9/multi_nnap_md.xyz,2659,3.440406065,11.59396854,9.191155017,9.530278165,2160,2.1295867780406588,8.43653761411949,3.727521936174399,normalized_void>0.946305
nvt_scale,0.9,0.9,scale-0p9,W-potential/fcc-restart/01-nvt-round-1/md/scale-0p9/multi_nnap_md.xyz,2681,7.775727293,11.59396854,9.321303636,7.775551825,2182,2.1367935702201017,8.375030009411613,3.7003459836359496,normalized_void>0.946305
nvt_scale,0.9,0.9,scale-0p9,W-potential/fcc-restart/01-nvt-round-1/md/scale-0p9/multi_nnap_md.xyz,2704,0.926675946,11.59396854,9.201506255,9.497568781,2205,2.2248095048983227,8.227241930480114,3.6350486624694707,normalized_void>0.946305
nvt_scale,0.9,0.9,scale-0p9,W-potential/fcc-restart/01-nvt-round-1/md/scale-0p9/multi_nnap_md.xyz,2706,1.09919256,11.59396854,8.735651681,8.172143622,2207,2.1709782983685346,8.58006656195421,3.7909374421557334,normalized_void>0.946305
nvt_scale,0.9,0.9,scale-0p9,W-potential/fcc-restart/01-nvt-round-1/md/scale-0p9/multi_nnap_md.xyz,2718,4.478284811,11.59396854,10.99863572,11.44221091,2219,2.152938863842605,8.298794294257796,3.666662698673146,normalized_void>0.946305
nvt_scale,0.9,0.9,scale-0p9,W-potential/fcc-restart/01-nvt-round-1/md/scale-0p9/multi_nnap_md.xyz,2733,3.145397662,11.59396854,11.90726279,9.503516236,2234,2.148869463312822,12.543437862305728,5.542076847797586,normalized_void>0.946305
nvt_scale,0.9,0.9,scale-0p9,W-potential/fcc-restart/01-nvt-round-1/md/scale-0p9/multi_nnap_md.xyz,2755,2.520631728,11.59396854,9.214920915,9.129535285,2256,2.2017441957093316,8.381814687887722,3.7033436633721557,normalized_void>0.946305
nvt_scale,0.9,0.9,scale-0p9,W-potential/fcc-restart/01-nvt-round-1/md/scale-0p9/multi_nnap_md.xyz,2802,6.309617684,11.59396854,11.83307347,8.135086005,2303,2.1801132525131264,12.892046933986274,5.696103063441295,normalized_void>0.946305
nvt_scale,0.9,0.9,scale-0p9,W-potential/fcc-restart/01-nvt-round-1/md/scale-0p9/multi_nnap_md.xyz,2917,3.312801649,11.59396854,11.46226747,10.59875472,2418,2.087547639125432,9.045814115606973,3.996719043846776,normalized_void>0.946305
nvt_scale,0.9,0.9,scale-0p9,W-potential/fcc-restart/01-nvt-round-1/md/scale-0p9/multi_nnap_md.xyz,2927,3.072025539,11.59396854,11.12706416,11.90317373,2428,2.1044277537241523,11.592123016727406,5.121756674132166,normalized_void>0.946305
nvt_scale,0.9,0.9,scale-0p9,W-potential/fcc-restart/01-nvt-round-1/md/scale-0p9/multi_nnap_md.xyz,3022,1.53905443,11.59396854,8.744869664,8.547541677,2523,2.218415868469581,8.031552651180036,3.5485871169126293,normalized_void>0.946305
nvt_scale,0.9,0.9,scale-0p9,W-potential/fcc-restart/01-nvt-round-1/md/scale-0p9/multi_nnap_md.xyz,3037,5.951855674,11.59396854,12.78808217,11.17706526,2538,2.080207190279905,11.487945937767487,5.0757280347979705,normalized_void>0.946305
nvt_scale,0.9,0.9,scale-0p9,W-potential/fcc-restart/01-nvt-round-1/md/scale-0p9/multi_nnap_md.xyz,3039,5.853614298,11.59396854,9.865651116,9.272915393,2540,2.101395184708005,8.190298606657798,3.6187259651448707,normalized_void>0.946305
nvt_scale,0.9,0.9,scale-0p9,W-potential/fcc-restart/01-nvt-round-1/md/scale-0p9/multi_nnap_md.xyz,3043,4.973371406,11.59396854,13.50115569,13.4567422,2544,2.094980724349168,11.187696005461653,4.943068375089729,normalized_void>0.946305
nvt_scale,0.9,0.9,scale-0p9,W-potential/fcc-restart/01-nvt-round-1/md/scale-0p9/multi_nnap_md.xyz,3064,5.441196256,11.59396854,10.13451901,8.117870987,2565,2.1960142306960835,8.201849807968248,3.6238296413498827,normalized_void>0.946305
nvt_scale,0.9,0.9,scale-0p9,W-potential/fcc-restart/01-nvt-round-1/md/scale-0p9/multi_nnap_md.xyz,3089,7.181404193,11.59396854,12.97180322,10.87601797,2590,2.1231024649425296,11.051177414423375,4.882750260471341,normalized_void>0.946305
nvt_scale,0.9,0.9,scale-0p9,W-potential/fcc-restart/01-nvt-round-1/md/scale-0p9/multi_nnap_md.xyz,3137,6.37482228,11.59396854,11.6717862,11.16372432,2638,2.115367637756053,8.314830373216795,3.6737479318367905,normalized_void>0.946305
nvt_scale,0.9,0.9,scale-0p9,W-potential/fcc-restart/01-nvt-round-1/md/scale-0p9/multi_nnap_md.xyz,3165,4.60099156,11.59396854,9.109548864,7.550878688,2666,2.1846343777568613,8.478926311852312,3.7462505672635937,normalized_void>0.946305
nvt_scale,0.9,0.9,scale-0p9,W-potential/fcc-restart/01-nvt-round-1/md/scale-0p9/multi_nnap_md.xyz,3173,1.927583083,11.59396854,10.36355523,9.133715759,2674,2.166099737854648,8.511862103149682,3.760802613394549,normalized_void>0.946305
nvt_scale,0.9,0.9,scale-0p9,W-potential/fcc-restart/01-nvt-round-1/md/scale-0p9/multi_nnap_md.xyz,3281,1.610593087,11.59396854,11.38908746,9.995257508,2782,2.1924663444767303,8.2039953935117,3.6247776270692578,normalized_void>0.946305
nvt_scale,0.9,0.9,scale-0p9,W-potential/fcc-restart/01-nvt-round-1/md/scale-0p9/multi_nnap_md.xyz,3298,13.30897148,11.59396854,15.92157583,8.787034612,2799,2.044286591030477,13.817279878898969,6.104899450772196,normalized_void>0.946305
nvt_scale,0.9,0.9,scale-0p9,W-potential/fcc-restart/01-nvt-round-1/md/scale-0p9/multi_nnap_md.xyz,3424,2.579610686,11.59396854,9.340803291,8.999413562,2925,2.0975293219898727,7.932937614788222,3.505015959146211,normalized_void>0.946305
nvt_scale,0.9,0.9,scale-0p9,W-potential/fcc-restart/01-nvt-round-1/md/scale-0p9/multi_nnap_md.xyz,3436,7.794174277,11.59396854,12.11839071,10.66061651,2937,2.0453716113906713,7.845948871697254,3.4665816555369733,normalized_void>0.946305
nvt_scale,0.9,0.9,scale-0p9,W-potential/fcc-restart/01-nvt-round-1/md/scale-0p9/multi_nnap_md.xyz,3498,4.811207569,11.59396854,8.504473991,8.472619477,2999,2.088308723354468,7.9601398000156,3.5170347216747193,normalized_void>0.946305
nvt_scale,0.9,0.9,scale-0p9,W-potential/fcc-restart/01-nvt-round-1/md/scale-0p9/multi_nnap_md.xyz,3555,8.441457928,11.59396854,14.47511324,9.30329044,3056,2.027255580425196,14.719379033757601,6.503474617759214,normalized_void>0.946305
nvt_scale,0.9,0.9,scale-0p9,W-potential/fcc-restart/01-nvt-round-1/md/scale-0p9/multi_nnap_md.xyz,3578,2.26881379,11.59396854,10.46740754,9.571773683,3079,2.1833373611305986,10.4422180790694,4.613693286556927,normalized_void>0.946305
nvt_scale,0.9,0.9,scale-0p9,W-potential/fcc-restart/01-nvt-round-1/md/scale-0p9/multi_nnap_md.xyz,3658,5.69719409,11.59396854,12.0580904,10.97971744,3159,2.1228415305261725,8.317472014291612,3.6749150901550798,normalized_void>0.946305
nvt_scale,0.9,0.9,scale-0p9,W-potential/fcc-restart/01-nvt-round-1/md/scale-0p9/multi_nnap_md.xyz,3664,5.759991546,11.59396854,15.90230287,15.09726272,3165,2.0714866359964894,8.230133903012078,3.6363264249289977,normalized_void>0.946305
nvt_scale,0.9,0.9,scale-0p9,W-potential/fcc-restart/01-nvt-round-1/md/scale-0p9/multi_nnap_md.xyz,3676,6.66474632,11.59396854,13.66124979,12.27900388,3177,2.107731395625682,8.4109240672639,3.7162050829658444,normalized_void>0.946305
nvt_scale,0.9,0.9,scale-0p9,W-potential/fcc-restart/01-nvt-round-1/md/scale-0p9/multi_nnap_md.xyz,3747,3.370180066,11.59396854,15.16113093,13.04080717,3248,2.091531143704116,8.170806349095571,3.6101136859170557,normalized_void>0.946305
nvt_scale,0.9,0.9,scale-0p9,W-potential/fcc-restart/01-nvt-round-1/md/scale-0p9/multi_nnap_md.xyz,3779,3.483119601,11.59396854,11.11277928,7.364928853,3280,2.13346017571807,8.192562278240446,3.619726124910234,normalized_void>0.946305
nvt_scale,0.9,0.9,scale-0p9,W-potential/fcc-restart/01-nvt-round-1/md/scale-0p9/multi_nnap_md.xyz,3814,2.387962642,11.59396854,12.74862297,11.13286149,3315,2.189593546712503,11.094612679470782,4.90194129720622,normalized_void>0.946305
nvt_scale,0.9,0.9,scale-0p9,W-potential/fcc-restart/01-nvt-round-1/md/scale-0p9/multi_nnap_md.xyz,3815,2.801979992,11.59396854,11.36251057,8.952443272,3316,2.2011520482481726,9.390430461693368,4.148981150454521,normalized_void>0.946305
nvt_scale,0.9,0.9,scale-0p9,W-potential/fcc-restart/01-nvt-round-1/md/scale-0p9/multi_nnap_md.xyz,3853,3.440522942,11.59396854,13.19737873,10.49010625,3354,2.131149474275565,11.717879896228588,5.177319933422442,normalized_void>0.946305
nvt_scale,0.9,0.9,scale-0p9,W-potential/fcc-restart/01-nvt-round-1/md/scale-0p9/multi_nnap_md.xyz,3864,1.734478172,11.59396854,8.567457489,7.839966705,3365,2.149177400354301,8.130553913179801,3.5923289210379923,normalized_void>0.946305
nvt_scale,0.9,0.9,scale-0p9,W-potential/fcc-restart/01-nvt-round-1/md/scale-0p9/multi_nnap_md.xyz,3910,5.213820399,11.59396854,11.8154009,10.87365846,3411,2.148026876874266,14.866654468316074,6.568545436866043,normalized_void>0.946305
nvt_scale,0.9,0.9,scale-0p9,W-potential/fcc-restart/01-nvt-round-1/md/scale-0p9/multi_nnap_md.xyz,3912,5.774337997,11.59396854,10.34963471,10.30174329,3413,2.1378003263587826,11.1182710798808,4.912394306549242,normalized_void>0.946305
nvt_scale,0.9,0.9,scale-0p9,W-potential/fcc-restart/01-nvt-round-1/md/scale-0p9/multi_nnap_md.xyz,3956,2.339765924,11.59396854,9.071862462,9.908658273,3457,2.142684032021428,11.212057430684439,4.95383200242927,normalized_void>0.946305
nvt_scale,0.9,0.9,scale-0p9,W-potential/fcc-restart/01-nvt-round-1/md/scale-0p9/multi_nnap_md.xyz,4059,4.841041169,11.59396854,10.75905339,10.85616573,3560,2.1122262902254914,11.061020335083985,4.887099165716195,normalized_void>0.946305
nvt_scale,0.9,0.9,scale-0p9,W-potential/fcc-restart/01-nvt-round-1/md/scale-0p9/multi_nnap_md.xyz,4097,2.755580342,11.59396854,8.65632626,7.594213116,3598,2.210923785594412,13.286610695126011,5.870433475055461,normalized_void>0.946305
nvt_scale,0.9,0.9,scale-0p9,W-potential/fcc-restart/01-nvt-round-1/md/scale-0p9/multi_nnap_md.xyz,4159,3.220309932,11.59396854,12.13683391,9.980468787,3660,2.1760241214705394,8.423708344955198,3.721853570261474,normalized_void>0.946305
nvt_scale,0.9,0.9,scale-0p9,W-potential/fcc-restart/01-nvt-round-1/md/scale-0p9/multi_nnap_md.xyz,4163,3.294971972,11.59396854,9.240151516,7.273473106,3664,2.185902214782343,13.81355382194689,6.103253164148515,normalized_void>0.946305
nvt_scale,0.9,0.9,scale-0p9,W-potential/fcc-restart/01-nvt-round-1/md/scale-0p9/multi_nnap_md.xyz,4167,2.20158451,11.59396854,9.450503041,8.302425323,3668,2.1490288022139445,8.64984511543943,3.821767754386591,normalized_void>0.946305
nvt_scale,0.9,0.9,scale-0p9,W-potential/fcc-restart/01-nvt-round-1/md/scale-0p9/multi_nnap_md.xyz,4176,3.064784121,11.59396854,9.771733453,9.158227672,3677,2.178033848000662,11.00339195490369,4.861637173949721,normalized_void>0.946305
nvt_scale,0.9,0.9,scale-0p9,W-potential/fcc-restart/01-nvt-round-1/md/scale-0p9/multi_nnap_md.xyz,4234,3.197807663,11.59396854,11.76517093,10.53095636,3735,2.148734843975347,8.251492997317246,3.6457635300781632,normalized_void>0.946305
nvt_scale,0.9,0.9,scale-0p9,W-potential/fcc-restart/01-nvt-round-1/md/scale-0p9/multi_nnap_md.xyz,4246,3.821275093,11.59396854,9.666938912,9.158533468,3747,2.1103505761003527,8.438157706251486,3.7282377427335414,normalized_void>0.946305
nvt_scale,0.9,0.9,scale-0p9,W-potential/fcc-restart/01-nvt-round-1/md/scale-0p9/multi_nnap_md.xyz,4259,3.778066359,11.59396854,9.676721202,9.410208997,3760,2.184414736512465,8.55608315056391,3.780340832960035,normalized_void>0.946305
nvt_scale,0.9,0.9,scale-0p9,W-potential/fcc-restart/01-nvt-round-1/md/scale-0p9/multi_nnap_md.xyz,4335,6.934945742,11.59396854,9.871633522,8.166030799,3836,2.120449105049494,8.50065255119789,3.755849888389796,normalized_void>0.946305
nvt_scale,0.9,0.9,scale-0p9,W-potential/fcc-restart/01-nvt-round-1/md/scale-0p9/multi_nnap_md.xyz,4343,1.89373268,11.59396854,8.722840959,9.814992518,3844,2.1288051420202723,10.663528598964824,4.7114750846533076,normalized_void>0.946305
nvt_scale,0.9,0.9,scale-0p9,W-potential/fcc-restart/01-nvt-round-1/md/scale-0p9/multi_nnap_md.xyz,4406,5.335569825,11.59396854,10.12100639,7.770980894,3907,2.1788078536844133,14.204376684135477,6.275930731487076,normalized_void>0.946305
nvt_scale,0.9,0.9,scale-0p9,W-potential/fcc-restart/01-nvt-round-1/md/scale-0p9/multi_nnap_md.xyz,4489,3.359159412,11.59396854,11.41021239,9.996812609,3990,2.190449683961135,9.17536439538077,4.053958344112109,normalized_void>0.946305
nvt_scale,0.9,0.9,scale-0p9,W-potential/fcc-restart/01-nvt-round-1/md/scale-0p9/multi_nnap_md.xyz,4566,11.86598988,11.59396854,14.69002097,8.108057068,4067,2.010670399900258,10.968727057235741,4.846321155414314,normalized_void>0.946305
nvt_scale,0.9,0.9,scale-0p9,W-potential/fcc-restart/01-nvt-round-1/md/scale-0p9/multi_nnap_md.xyz,4654,4.137819093,11.59396854,13.48505585,10.83716782,4155,2.1694718622372786,8.554391648486495,3.779593475289502,normalized_void>0.946305
nvt_scale,0.9,0.9,scale-0p9,W-potential/fcc-restart/01-nvt-round-1/md/scale-0p9/multi_nnap_md.xyz,4695,2.534163502,11.59396854,11.3676566,11.77412358,4196,2.189767340485276,11.946597159099532,5.27837425849371,normalized_void>0.946305
nvt_scale,0.9,0.9,scale-0p9,W-potential/fcc-restart/01-nvt-round-1/md/scale-0p9/multi_nnap_md.xyz,4702,7.486527444,11.59396854,12.92411594,11.13363103,4203,2.0894550242946126,9.095972358368366,4.018880499022433,normalized_void>0.946305
nvt_scale,0.9,0.9,scale-0p9,W-potential/fcc-restart/01-nvt-round-1/md/scale-0p9/multi_nnap_md.xyz,4760,5.334523564,11.59396854,15.31020113,15.63041637,4261,2.113067876857071,13.955078371895322,6.165783065462189,normalized_void>0.946305
nvt_scale,0.9,0.9,scale-0p9,W-potential/fcc-restart/01-nvt-round-1/md/scale-0p9/multi_nnap_md.xyz,4789,0.9936198152,11.59396854,11.4348196,11.06224535,4290,2.1796602344081797,13.161647114930853,5.815220719810849,normalized_void>0.946305
nvt_scale,0.9,0.9,scale-0p9,W-potential/fcc-restart/01-nvt-round-1/md/scale-0p9/multi_nnap_md.xyz,4859,6.289750054,11.59396854,13.41524599,10.0341936,4360,2.090376736203313,8.339014348141854,3.6844331561741037,normalized_void>0.946305
nvt_scale,0.9,0.9,scale-0p9,W-potential/fcc-restart/01-nvt-round-1/md/scale-0p9/multi_nnap_md.xyz,4928,3.245861483,11.59396854,8.392555112,8.007859615,4429,2.196312507560085,13.850295548315934,6.119486789514484,normalized_void>0.946305
nvt_scale,0.9,0.9,scale-0p9,W-potential/fcc-restart/01-nvt-round-1/md/scale-0p9/multi_nnap_md.xyz,4996,8.378117303,11.59396854,13.61333419,9.911601494,4497,2.0675009812768423,7.970714562791387,3.521706977287095,normalized_void>0.946305
nvt_scale,0.95,0.95,scale-0p95,W-potential/fcc-restart/01-nvt-round-1/md/scale-0p95/multi_nnap_md.xyz,502,2.517453382,13.63563619,10.62266774,7.431535205,3,2.2533270816176976,8.719466342745598,3.6497638942769686,normalized_void>0.946305
nvt_scale,0.95,0.95,scale-0p95,W-potential/fcc-restart/01-nvt-round-1/md/scale-0p95/multi_nnap_md.xyz,508,1.642262043,13.63563619,8.174473849,8.498468175,9,2.2611120081253953,14.935391316389065,6.251604149926701,normalized_void>0.946305
nvt_scale,0.95,0.95,scale-0p95,W-potential/fcc-restart/01-nvt-round-1/md/scale-0p95/multi_nnap_md.xyz,531,3.535411618,13.63563619,8.562236798,9.424679801,32,2.228316839270968,9.126663614159696,3.820207111858941,normalized_void>0.946305
nvt_scale,0.95,0.95,scale-0p95,W-potential/fcc-restart/01-nvt-round-1/md/scale-0p95/multi_nnap_md.xyz,542,2.617784137,13.63563619,10.86883361,11.95166523,43,2.191122650934234,10.810530317196944,4.525034179702795,normalized_void>0.946305
nvt_scale,0.95,0.95,scale-0p95,W-potential/fcc-restart/01-nvt-round-1/md/scale-0p95/multi_nnap_md.xyz,688,4.81760056,13.63563619,13.89937282,9.651770601,189,2.0669517408948206,8.4926669674694,3.5548310006124013,normalized_void>0.946305
nvt_scale,0.95,0.95,scale-0p95,W-potential/fcc-restart/01-nvt-round-1/md/scale-0p95/multi_nnap_md.xyz,691,2.132741766,13.63563619,8.295808643,7.193322913,192,2.2420002746118017,9.051427236671486,3.788714930652104,normalized_void>0.946305
nvt_scale,0.95,0.95,scale-0p95,W-potential/fcc-restart/01-nvt-round-1/md/scale-0p95/multi_nnap_md.xyz,790,3.973033637,13.63563619,12.31345399,11.90599885,291,2.14811998979208,15.373723131632552,6.4350795565746735,normalized_void>0.946305
nvt_scale,0.95,0.95,scale-0p95,W-potential/fcc-restart/01-nvt-round-1/md/scale-0p95/multi_nnap_md.xyz,814,2.979281393,13.63563619,6.912241783,7.91802029,315,2.227207074914712,8.497033484034494,3.55665872192889,normalized_void>0.946305
nvt_scale,0.95,0.95,scale-0p95,W-potential/fcc-restart/01-nvt-round-1/md/scale-0p95/multi_nnap_md.xyz,848,1.965558408,13.63563619,8.027266905,9.038579086,349,2.212603018450264,14.896480817186747,6.235317128506512,normalized_void>0.946305
nvt_scale,0.95,0.95,scale-0p95,W-potential/fcc-restart/01-nvt-round-1/md/scale-0p95/multi_nnap_md.xyz,851,3.201263712,13.63563619,10.00635491,9.925496758,352,2.2079162415895346,15.310366665876979,6.408560027500963,normalized_void>0.946305
nvt_scale,0.95,0.95,scale-0p95,W-potential/fcc-restart/01-nvt-round-1/md/scale-0p95/multi_nnap_md.xyz,886,2.176253334,13.63563619,7.34700218,8.255877039,387,2.2644568375516765,14.508746072249865,6.0730204675641035,normalized_void>0.946305
nvt_scale,0.95,0.95,scale-0p95,W-potential/fcc-restart/01-nvt-round-1/md/scale-0p95/multi_nnap_md.xyz,932,3.225980964,13.63563619,9.404689871,9.220272508,433,2.1575125887458566,13.615863770789565,5.699280899382849,normalized_void>0.946305
nvt_scale,0.95,0.95,scale-0p95,W-potential/fcc-restart/01-nvt-round-1/md/scale-0p95/multi_nnap_md.xyz,974,8.111310597,13.63563619,8.870885205,7.098360237,475,2.141132611302596,15.950369224445796,6.6764500724522495,normalized_void>0.946305
nvt_scale,0.95,0.95,scale-0p95,W-potential/fcc-restart/01-nvt-round-1/md/scale-0p95/multi_nnap_md.xyz,979,4.018611445,13.63563619,9.957259595,10.45657242,480,2.2135119944260193,12.375543366980326,5.180111898756537,normalized_void>0.946305
nvt_scale,0.95,0.95,scale-0p95,W-potential/fcc-restart/01-nvt-round-1/md/scale-0p95/multi_nnap_md.xyz,990,1.873610287,13.63563619,8.233929935,8.714133362,491,2.266195129342186,9.09183672491531,3.805629393691602,normalized_void>0.946305
nvt_scale,0.95,0.95,scale-0p95,W-potential/fcc-restart/01-nvt-round-1/md/scale-0p95/multi_nnap_md.xyz,1035,2.309910851,13.63563619,7.128399434,7.406455481,536,2.21509392129542,9.01853236398697,3.774945909256584,normalized_void>0.946305
nvt_scale,0.95,0.95,scale-0p95,W-potential/fcc-restart/01-nvt-round-1/md/scale-0p95/multi_nnap_md.xyz,1036,1.519515861,13.63563619,6.752220488,7.395034807,537,2.2392399729130505,15.01286903275351,6.284034502964676,normalized_void>0.946305
nvt_scale,0.95,0.95,scale-0p95,W-potential/fcc-restart/01-nvt-round-1/md/scale-0p95/multi_nnap_md.xyz,1062,2.278575193,13.63563619,10.75118745,10.09596165,563,2.2037211696021544,15.008878863036239,6.282364311602764,normalized_void>0.946305
nvt_scale,0.95,0.95,scale-0p95,W-potential/fcc-restart/01-nvt-round-1/md/scale-0p95/multi_nnap_md.xyz,1084,2.97373394,13.63563619,9.504780953,9.438243895,585,2.228496685468495,13.932604807626797,5.831861260914512,normalized_void>0.946305
nvt_scale,0.95,0.95,scale-0p95,W-potential/fcc-restart/01-nvt-round-1/md/scale-0p95/multi_nnap_md.xyz,1092,5.532331458,13.63563619,11.89735799,12.12051648,593,2.1382279919653837,9.132185260081156,3.8225183432037233,normalized_void>0.946305
nvt_scale,0.95,0.95,scale-0p95,W-potential/fcc-restart/01-nvt-round-1/md/scale-0p95/multi_nnap_md.xyz,1102,1.636824984,13.63563619,8.713873645,7.652762857,603,2.2304951224545717,14.99672131762442,6.277275448529854,normalized_void>0.946305
nvt_scale,0.95,0.95,scale-0p95,W-potential/fcc-restart/01-nvt-round-1/md/scale-0p95/multi_nnap_md.xyz,1124,3.985841832,13.63563619,8.564264606,8.283439489,625,2.174872122641181,9.180394243976806,3.8426974920054744,normalized_void>0.946305
nvt_scale,0.95,0.95,scale-0p95,W-potential/fcc-restart/01-nvt-round-1/md/scale-0p95/multi_nnap_md.xyz,1128,4.107852474,13.63563619,9.995534979,11.04881233,629,2.1836762431513232,15.08004310417857,6.312151992141378,normalized_void>0.946305
nvt_scale,0.95,0.95,scale-0p95,W-potential/fcc-restart/01-nvt-round-1/md/scale-0p95/multi_nnap_md.xyz,1139,2.894638834,13.63563619,11.05770349,8.857408459,640,2.154155476470522,9.787730799042318,4.096914314827075,normalized_void>0.946305
nvt_scale,0.95,0.95,scale-0p95,W-potential/fcc-restart/01-nvt-round-1/md/scale-0p95/multi_nnap_md.xyz,1175,2.087111739,13.63563619,8.672818823,7.168601706,676,2.204195699164148,15.019736387102109,6.286909016262336,normalized_void>0.946305
nvt_scale,0.95,0.95,scale-0p95,W-potential/fcc-restart/01-nvt-round-1/md/scale-0p95/multi_nnap_md.xyz,1204,9.374106002,13.63563619,10.35402453,10.53346791,705,2.13779947652126,8.721845903508237,3.6507599225445637,normalized_void>0.946305
nvt_scale,0.95,0.95,scale-0p95,W-potential/fcc-restart/01-nvt-round-1/md/scale-0p95/multi_nnap_md.xyz,1381,2.551288705,13.63563619,8.655880455,10.47046953,882,2.1947525488457846,13.856520267678599,5.800014058815195,normalized_void>0.946305
nvt_scale,0.95,0.95,scale-0p95,W-potential/fcc-restart/01-nvt-round-1/md/scale-0p95/multi_nnap_md.xyz,1385,2.304643768,13.63563619,9.1476999,8.598283781,886,2.1459192514710668,9.070528352375785,3.7967102092273755,normalized_void>0.946305
nvt_scale,0.95,0.95,scale-0p95,W-potential/fcc-restart/01-nvt-round-1/md/scale-0p95/multi_nnap_md.xyz,1437,9.235002307,13.63563619,11.68897808,10.45081199,938,2.0737398289508038,8.562686518556555,3.5841395407691046,normalized_void>0.946305
nvt_scale,0.95,0.95,scale-0p95,W-potential/fcc-restart/01-nvt-round-1/md/scale-0p95/multi_nnap_md.xyz,1474,2.029162133,13.63563619,8.424275763,7.979990075,975,2.135560883456687,8.654763155519753,3.6226806592143084,normalized_void>0.946305
nvt_scale,0.95,0.95,scale-0p95,W-potential/fcc-restart/01-nvt-round-1/md/scale-0p95/multi_nnap_md.xyz,1521,1.612543669,13.63563619,6.618765524,7.109018919,1022,2.3009110914941187,15.83508177656474,6.628193453503352,normalized_void>0.946305
nvt_scale,0.95,0.95,scale-0p95,W-potential/fcc-restart/01-nvt-round-1/md/scale-0p95/multi_nnap_md.xyz,1667,1.54354354,13.63563619,6.830668195,7.889530114,1168,2.265850401702612,8.128480776331171,3.402391211414016,normalized_void>0.946305
nvt_scale,0.95,0.95,scale-0p95,W-potential/fcc-restart/01-nvt-round-1/md/scale-0p95/multi_nnap_md.xyz,1717,7.547831546,13.63563619,12.63425253,10.54876029,1218,2.1372467096236387,9.285205359315338,3.8865689641168073,normalized_void>0.946305
nvt_scale,0.95,0.95,scale-0p95,W-potential/fcc-restart/01-nvt-round-1/md/scale-0p95/multi_nnap_md.xyz,1865,3.852921184,13.63563619,9.12675377,8.200978218,1366,2.1049792875221445,9.895825274174392,4.142160124260824,normalized_void>0.946305
nvt_scale,0.95,0.95,scale-0p95,W-potential/fcc-restart/01-nvt-round-1/md/scale-0p95/multi_nnap_md.xyz,1906,2.576420363,13.63563619,7.645875175,7.735976759,1407,2.237694404061319,10.082611236881956,4.22034434286441,normalized_void>0.946305
nvt_scale,0.95,0.95,scale-0p95,W-potential/fcc-restart/01-nvt-round-1/md/scale-0p95/multi_nnap_md.xyz,1924,6.151135562,13.63563619,11.52033346,11.70199275,1425,2.053349293254997,14.82614390809902,6.205875749741743,normalized_void>0.946305
nvt_scale,0.95,0.95,scale-0p95,W-potential/fcc-restart/01-nvt-round-1/md/scale-0p95/multi_nnap_md.xyz,2073,9.864538816,13.63563619,10.91288002,10.08681979,1574,2.106584326405259,15.74176511232742,6.589133288754725,normalized_void>0.946305
nvt_scale,0.95,0.95,scale-0p95,W-potential/fcc-restart/01-nvt-round-1/md/scale-0p95/multi_nnap_md.xyz,2081,4.486690081,13.63563619,8.323148667,8.005925265,1582,2.16121134146407,15.774993475937494,6.603041901621941,normalized_void>0.946305
nvt_scale,0.95,0.95,scale-0p95,W-potential/fcc-restart/01-nvt-round-1/md/scale-0p95/multi_nnap_md.xyz,2252,6.203470853,13.63563619,8.979787086,8.496579596,1753,2.1043444507266456,9.75314045213388,4.082435607727991,normalized_void>0.946305
nvt_scale,0.95,0.95,scale-0p95,W-potential/fcc-restart/01-nvt-round-1/md/scale-0p95/multi_nnap_md.xyz,2280,6.006492527,13.63563619,9.302046375,9.683423772,1781,2.1667709561227917,15.490455325244659,6.4839409121666565,normalized_void>0.946305
nvt_scale,0.95,0.95,scale-0p95,W-potential/fcc-restart/01-nvt-round-1/md/scale-0p95/multi_nnap_md.xyz,2294,1.906732981,13.63563619,7.625166249,8.149780732,1795,2.2147160206984737,15.306193011182987,6.4068130336356806,normalized_void>0.946305
nvt_scale,0.95,0.95,scale-0p95,W-potential/fcc-restart/01-nvt-round-1/md/scale-0p95/multi_nnap_md.xyz,2395,4.002526114,13.63563619,10.36066702,13.05039967,1896,2.178450750717031,8.7726787332376,3.6720373516093034,normalized_void>0.946305
nvt_scale,0.95,0.95,scale-0p95,W-potential/fcc-restart/01-nvt-round-1/md/scale-0p95/multi_nnap_md.xyz,2429,1.706653428,13.63563619,7.83748116,7.276209399,1930,2.1744223228624118,15.192660844043862,6.359291133994639,normalized_void>0.946305
nvt_scale,0.95,0.95,scale-0p95,W-potential/fcc-restart/01-nvt-round-1/md/scale-0p95/multi_nnap_md.xyz,2437,2.173050014,13.63563619,8.276398716,6.755302546,1938,2.2226977714842193,15.157865041957606,6.344726428181825,normalized_void>0.946305
nvt_scale,0.95,0.95,scale-0p95,W-potential/fcc-restart/01-nvt-round-1/md/scale-0p95/multi_nnap_md.xyz,2441,4.934753004,13.63563619,9.037568367,10.59691485,1942,2.0604368338632195,11.858340706769614,4.963623008145525,normalized_void>0.946305
nvt_scale,0.95,0.95,scale-0p95,W-potential/fcc-restart/01-nvt-round-1/md/scale-0p95/multi_nnap_md.xyz,2492,2.124257876,13.63563619,8.856020551,9.399035382,1993,2.2547766558392395,9.16897718559954,3.837918579419973,normalized_void>0.946305
nvt_scale,0.95,0.95,scale-0p95,W-potential/fcc-restart/01-nvt-round-1/md/scale-0p95/multi_nnap_md.xyz,2499,2.495739981,13.63563619,7.623098456,8.969082829,2000,2.1798920423983446,12.600052437639771,5.27408612468061,normalized_void>0.946305
nvt_scale,0.95,0.95,scale-0p95,W-potential/fcc-restart/01-nvt-round-1/md/scale-0p95/multi_nnap_md.xyz,2544,2.622806942,13.63563619,7.861821013,9.3135658,2045,2.2130986550880327,11.639978954068622,4.872221905191308,normalized_void>0.946305
nvt_scale,0.95,0.95,scale-0p95,W-potential/fcc-restart/01-nvt-round-1/md/scale-0p95/multi_nnap_md.xyz,2557,4.29857183,13.63563619,9.813338649,9.204681665,2058,2.109762725733516,8.56132498522359,3.583569634882187,normalized_void>0.946305
nvt_scale,0.95,0.95,scale-0p95,W-potential/fcc-restart/01-nvt-round-1/md/scale-0p95/multi_nnap_md.xyz,2631,8.682618899,13.63563619,12.01550067,10.96014662,2132,2.0029440497322124,15.763760658026476,6.598340107769989,normalized_void>0.946305
nvt_scale,0.95,0.95,scale-0p95,W-potential/fcc-restart/01-nvt-round-1/md/scale-0p95/multi_nnap_md.xyz,2645,5.455632519,13.63563619,12.12839403,12.82091925,2146,2.102955533612655,16.046569267505284,6.716717151879481,normalized_void>0.946305
nvt_scale,0.95,0.95,scale-0p95,W-potential/fcc-restart/01-nvt-round-1/md/scale-0p95/multi_nnap_md.xyz,2660,3.490687766,13.63563619,8.165156296,10.31392353,2161,2.2151228784124,9.640150191157108,4.0351405372835645,normalized_void>0.946305
nvt_scale,0.95,0.95,scale-0p95,W-potential/fcc-restart/01-nvt-round-1/md/scale-0p95/multi_nnap_md.xyz,2714,6.542385773,13.63563619,10.49273662,10.91947801,2215,2.150312212430793,11.922819839356096,4.990612459196533,normalized_void>0.946305
nvt_scale,0.95,0.95,scale-0p95,W-potential/fcc-restart/01-nvt-round-1/md/scale-0p95/multi_nnap_md.xyz,2723,4.158464612,13.63563619,12.32052801,9.905987533,2224,2.1102015505673832,11.835456553363828,4.954044238807076,normalized_void>0.946305
nvt_scale,0.95,0.95,scale-0p95,W-potential/fcc-restart/01-nvt-round-1/md/scale-0p95/multi_nnap_md.xyz,2755,1.888538539,13.63563619,6.1382228,7.735659887,2256,2.293302051911206,10.422675507597324,4.362687262511458,normalized_void>0.946305
nvt_scale,0.95,0.95,scale-0p95,W-potential/fcc-restart/01-nvt-round-1/md/scale-0p95/multi_nnap_md.xyz,2790,3.791398751,13.63563619,10.11969607,11.95874432,2291,2.16906025749544,9.009854058207447,3.7713133742076983,normalized_void>0.946305
nvt_scale,0.95,0.95,scale-0p95,W-potential/fcc-restart/01-nvt-round-1/md/scale-0p95/multi_nnap_md.xyz,2798,2.176464068,13.63563619,7.543560285,7.141052198,2299,2.194572965459296,15.639908664386764,6.546498571046068,normalized_void>0.946305
nvt_scale,0.95,0.95,scale-0p95,W-potential/fcc-restart/01-nvt-round-1/md/scale-0p95/multi_nnap_md.xyz,2813,3.003747153,13.63563619,10.12132039,8.329886056,2314,2.1478900518963497,9.921914670661826,4.153080533100126,normalized_void>0.946305
nvt_scale,0.95,0.95,scale-0p95,W-potential/fcc-restart/01-nvt-round-1/md/scale-0p95/multi_nnap_md.xyz,2988,1.5096158,13.63563619,8.392325493,8.544252563,2489,2.2131002832680298,8.673592790163433,3.6305623021914735,normalized_void>0.946305
nvt_scale,0.95,0.95,scale-0p95,W-potential/fcc-restart/01-nvt-round-1/md/scale-0p95/multi_nnap_md.xyz,3126,1.803265983,13.63563619,8.655543152,10.19932773,2627,2.205798348555724,8.724109780881882,3.651707528461556,normalized_void>0.946305
nvt_scale,0.95,0.95,scale-0p95,W-potential/fcc-restart/01-nvt-round-1/md/scale-0p95/multi_nnap_md.xyz,3137,9.015833535,13.63563619,15.24015583,11.78640533,2638,2.0169796757378644,12.951566653162079,5.421221722400508,normalized_void>0.946305
nvt_scale,0.95,0.95,scale-0p95,W-potential/fcc-restart/01-nvt-round-1/md/scale-0p95/multi_nnap_md.xyz,3144,2.704559474,13.63563619,9.336337654,9.292659227,2645,2.1575304649342244,11.77503613364292,4.928753669670595,normalized_void>0.946305
nvt_scale,0.95,0.95,scale-0p95,W-potential/fcc-restart/01-nvt-round-1/md/scale-0p95/multi_nnap_md.xyz,3150,4.225222971,13.63563619,12.16592885,10.70973879,2651,2.110686855787474,13.156462148228767,5.506986166071602,normalized_void>0.946305
nvt_scale,0.95,0.95,scale-0p95,W-potential/fcc-restart/01-nvt-round-1/md/scale-0p95/multi_nnap_md.xyz,3248,1.869844953,13.63563619,9.709402498,8.000984405,2749,2.250482140630963,14.480262386045974,6.061097865262947,normalized_void>0.946305
nvt_scale,0.95,0.95,scale-0p95,W-potential/fcc-restart/01-nvt-round-1/md/scale-0p95/multi_nnap_md.xyz,3269,2.771121875,13.63563619,7.861432976,7.620489107,2770,2.186136029125198,8.508554005000349,3.5614809415248656,normalized_void>0.946305
nvt_scale,0.95,0.95,scale-0p95,W-potential/fcc-restart/01-nvt-round-1/md/scale-0p95/multi_nnap_md.xyz,3293,4.857271487,13.63563619,7.717541078,7.4121345,2794,2.21386394301369,8.496324221934836,3.5563618414661238,normalized_void>0.946305
nvt_scale,0.95,0.95,scale-0p95,W-potential/fcc-restart/01-nvt-round-1/md/scale-0p95/multi_nnap_md.xyz,3334,3.984415725,13.63563619,9.160614383,9.859543626,2835,2.244946807132487,8.524190588460533,3.5680260482435022,normalized_void>0.946305
nvt_scale,0.95,0.95,scale-0p95,W-potential/fcc-restart/01-nvt-round-1/md/scale-0p95/multi_nnap_md.xyz,3337,4.347956184,13.63563619,8.685758805,7.323728448,2838,2.2072497982630583,14.75202729017346,6.174852273597967,normalized_void>0.946305
nvt_scale,0.95,0.95,scale-0p95,W-potential/fcc-restart/01-nvt-round-1/md/scale-0p95/multi_nnap_md.xyz,3372,1.564936263,13.63563619,6.470182857,8.092950897,2873,2.2846909632674888,8.450435010883274,3.5371536951129707,normalized_void>0.946305
nvt_scale,0.95,0.95,scale-0p95,W-potential/fcc-restart/01-nvt-round-1/md/scale-0p95/multi_nnap_md.xyz,3378,2.191178731,13.63563619,7.17025603,7.864980135,2879,2.1862798163720014,8.463196680910738,3.5424954305662726,normalized_void>0.946305
nvt_scale,0.95,0.95,scale-0p95,W-potential/fcc-restart/01-nvt-round-1/md/scale-0p95/multi_nnap_md.xyz,3385,4.604419987,13.63563619,10.23291932,9.972094546,2886,2.1330630289436368,11.522086050295046,4.822874703577043,normalized_void>0.946305
nvt_scale,0.95,0.95,scale-0p95,W-potential/fcc-restart/01-nvt-round-1/md/scale-0p95/multi_nnap_md.xyz,3679,3.030672377,13.63563619,7.747125634,7.434337435,3180,2.252947351793946,15.399625762800499,6.445921789836139,normalized_void>0.946305
nvt_scale,0.95,0.95,scale-0p95,W-potential/fcc-restart/01-nvt-round-1/md/scale-0p95/multi_nnap_md.xyz,3684,2.428807381,13.63563619,8.694724268,12.81202903,3185,2.19113611289308,12.274715985752941,5.137907924213488,normalized_void>0.946305
nvt_scale,0.95,0.95,scale-0p95,W-potential/fcc-restart/01-nvt-round-1/md/scale-0p95/multi_nnap_md.xyz,3694,4.711682101,13.63563619,9.223779991,8.124532273,3195,2.1224785697284854,16.00707532143757,6.700185913299681,normalized_void>0.946305
nvt_scale,0.95,0.95,scale-0p95,W-potential/fcc-restart/01-nvt-round-1/md/scale-0p95/multi_nnap_md.xyz,3750,3.152561711,13.63563619,10.2337617,11.51386178,3251,2.1546050282513436,9.27268102224234,3.8813265706661104,normalized_void>0.946305
nvt_scale,0.95,0.95,scale-0p95,W-potential/fcc-restart/01-nvt-round-1/md/scale-0p95/multi_nnap_md.xyz,3833,4.298882668,13.63563619,16.36339411,12.83124696,3334,2.0681479240571137,8.246995227114963,3.4519985780139937,normalized_void>0.946305
nvt_scale,0.95,0.95,scale-0p95,W-potential/fcc-restart/01-nvt-round-1/md/scale-0p95/multi_nnap_md.xyz,3888,1.390490307,13.63563619,8.64040924,8.483705821,3389,2.2874748854865934,9.263162612032373,3.8773423876267255,normalized_void>0.946305
nvt_scale,0.95,0.95,scale-0p95,W-potential/fcc-restart/01-nvt-round-1/md/scale-0p95/multi_nnap_md.xyz,3943,5.515594075,13.63563619,12.65843684,10.38505764,3444,2.0990276252082687,8.241964365595837,3.4498927774973267,normalized_void>0.946305
nvt_scale,0.95,0.95,scale-0p95,W-potential/fcc-restart/01-nvt-round-1/md/scale-0p95/multi_nnap_md.xyz,3969,4.463809,13.63563619,9.978396702,9.686706068,3470,2.08377911892078,15.440141612961646,6.46288077347705,normalized_void>0.946305
nvt_scale,0.95,0.95,scale-0p95,W-potential/fcc-restart/01-nvt-round-1/md/scale-0p95/multi_nnap_md.xyz,3976,3.973910106,13.63563619,9.338283642,9.911159468,3477,2.2039676491339897,8.314396178932249,3.4802110339961527,normalized_void>0.946305
nvt_scale,0.95,0.95,scale-0p95,W-potential/fcc-restart/01-nvt-round-1/md/scale-0p95/multi_nnap_md.xyz,3978,7.233052993,13.63563619,9.810460796,9.310537567,3479,2.1626454630836074,10.408939362320886,4.356937634597796,normalized_void>0.946305
nvt_scale,0.95,0.95,scale-0p95,W-potential/fcc-restart/01-nvt-round-1/md/scale-0p95/multi_nnap_md.xyz,3985,3.02898981,13.63563619,12.07388424,8.618869813,3486,2.1957684529704324,11.732036675198446,4.91075510591277,normalized_void>0.946305
nvt_scale,0.95,0.95,scale-0p95,W-potential/fcc-restart/01-nvt-round-1/md/scale-0p95/multi_nnap_md.xyz,4020,1.552274102,13.63563619,8.257792459,8.005372703,3521,2.2442433072510353,9.453664851452432,3.9570821524109205,normalized_void>0.946305
nvt_scale,0.95,0.95,scale-0p95,W-potential/fcc-restart/01-nvt-round-1/md/scale-0p95/multi_nnap_md.xyz,4094,8.034659543,13.63563619,11.99184616,10.59189843,3595,2.0646152444510597,13.334050564191262,5.581320507548934,normalized_void>0.946305
nvt_scale,0.95,0.95,scale-0p95,W-potential/fcc-restart/01-nvt-round-1/md/scale-0p95/multi_nnap_md.xyz,4122,1.527130916,13.63563619,6.640719765,7.244999586,3623,2.2370057345076466,9.656941095499976,4.042168815622392,normalized_void>0.946305
nvt_scale,0.95,0.95,scale-0p95,W-potential/fcc-restart/01-nvt-round-1/md/scale-0p95/multi_nnap_md.xyz,4177,2.122918299,13.63563619,7.794035593,7.624435939,3678,2.2626928642737116,9.063491209938087,3.7937646266219263,normalized_void>0.946305
nvt_scale,0.95,0.95,scale-0p95,W-potential/fcc-restart/01-nvt-round-1/md/scale-0p95/multi_nnap_md.xyz,4211,1.556782441,13.63563619,7.040099454,7.762705349,3712,2.2852870307845023,15.608804625721637,6.533479150725623,normalized_void>0.946305
nvt_scale,0.95,0.95,scale-0p95,W-potential/fcc-restart/01-nvt-round-1/md/scale-0p95/multi_nnap_md.xyz,4213,1.046807142,13.63563619,6.33457049,6.451907378,3714,2.333153688902595,11.871822077766012,4.969265993527187,normalized_void>0.946305
nvt_scale,0.95,0.95,scale-0p95,W-potential/fcc-restart/01-nvt-round-1/md/scale-0p95/multi_nnap_md.xyz,4271,1.985852645,13.63563619,8.818085009,7.185338009,3772,2.1738273111462236,9.173996986662875,3.840019750289525,normalized_void>0.946305
nvt_scale,0.95,0.95,scale-0p95,W-potential/fcc-restart/01-nvt-round-1/md/scale-0p95/multi_nnap_md.xyz,4383,1.764778129,13.63563619,7.430862387,7.143015095,3884,2.2137500535576917,8.310769736201761,3.478693090211278,normalized_void>0.946305
nvt_scale,0.95,0.95,scale-0p95,W-potential/fcc-restart/01-nvt-round-1/md/scale-0p95/multi_nnap_md.xyz,4605,8.6418065,13.63563619,9.8827268,11.53809681,4106,2.108911897049076,9.888594828310113,4.139133629379411,normalized_void>0.946305
nvt_scale,0.95,0.95,scale-0p95,W-potential/fcc-restart/01-nvt-round-1/md/scale-0p95/multi_nnap_md.xyz,4669,2.060366915,13.63563619,8.728156287,8.339969038,4170,2.1808205356292687,8.584414379106999,3.593234313065906,normalized_void>0.946305
nvt_scale,0.95,0.95,scale-0p95,W-potential/fcc-restart/01-nvt-round-1/md/scale-0p95/multi_nnap_md.xyz,4672,3.755163704,13.63563619,10.72318023,9.099108755,4173,2.1163945222427967,8.686069957826781,3.635784951634741,normalized_void>0.946305
nvt_scale,0.95,0.95,scale-0p95,W-potential/fcc-restart/01-nvt-round-1/md/scale-0p95/multi_nnap_md.xyz,4710,7.774960685,13.63563619,10.88137925,14.25182306,4211,2.1340500724206026,11.109921994774167,4.650352506778794,normalized_void>0.946305
nvt_scale,0.95,0.95,scale-0p95,W-potential/fcc-restart/01-nvt-round-1/md/scale-0p95/multi_nnap_md.xyz,4764,1.888961247,13.63563619,8.43981191,8.468949483,4265,2.2585781551920086,9.136163828282843,3.8241836784435934,normalized_void>0.946305
nvt_scale,0.95,0.95,scale-0p95,W-potential/fcc-restart/01-nvt-round-1/md/scale-0p95/multi_nnap_md.xyz,4781,4.647468365,13.63563619,9.753567703,10.05679206,4282,2.142469808277419,16.07234633967253,6.727506829091145,normalized_void>0.946305
nvt_scale,0.95,0.95,scale-0p95,W-potential/fcc-restart/01-nvt-round-1/md/scale-0p95/multi_nnap_md.xyz,4816,2.987479395,13.63563619,7.470919203,9.085823571,4317,2.1731371866918785,12.327123481985192,5.159844471706107,normalized_void>0.946305
nvt_scale,0.95,0.95,scale-0p95,W-potential/fcc-restart/01-nvt-round-1/md/scale-0p95/multi_nnap_md.xyz,4835,3.251307459,13.63563619,11.03820715,9.778630891,4336,2.191404838482013,13.724527260978999,5.744764885160198,normalized_void>0.946305
nvt_scale,0.95,0.95,scale-0p95,W-potential/fcc-restart/01-nvt-round-1/md/scale-0p95/multi_nnap_md.xyz,4871,3.215173053,13.63563619,8.712093653,8.018287396,4372,2.1732278451678653,8.545953263467666,3.5771353930544953,normalized_void>0.946305
nvt_scale,0.95,0.95,scale-0p95,W-potential/fcc-restart/01-nvt-round-1/md/scale-0p95/multi_nnap_md.xyz,4885,6.256151065,13.63563619,11.82374093,9.36726536,4386,2.0709727461897103,14.686234675581282,6.1473130298174805,normalized_void>0.946305
nvt_scale,0.95,0.95,scale-0p95,W-potential/fcc-restart/01-nvt-round-1/md/scale-0p95/multi_nnap_md.xyz,4916,2.16596158,13.63563619,6.673023801,7.389278111,4417,2.1892361258723927,9.21679979610448,3.8579360013916992,normalized_void>0.946305
nvt_scale,0.95,0.95,scale-0p95,W-potential/fcc-restart/01-nvt-round-1/md/scale-0p95/multi_nnap_md.xyz,4932,9.343402936,13.63563619,11.50282785,10.24443957,4433,2.0695930935063123,12.421883557903389,5.199508814695735,normalized_void>0.946305
nvt_scale,0.95,0.95,scale-0p95,W-potential/fcc-restart/01-nvt-round-1/md/scale-0p95/multi_nnap_md.xyz,4934,5.751075158,13.63563619,9.739344214,9.241682056,4435,2.1026918896306017,12.911930455462905,5.404630940627582,normalized_void>0.946305
nvt_scale,0.95,0.95,scale-0p95,W-potential/fcc-restart/01-nvt-round-1/md/scale-0p95/multi_nnap_md.xyz,4945,1.583005909,13.63563619,6.442188777,6.87614628,4446,2.2443797172658546,12.63103664504623,5.28705538644959,normalized_void>0.946305
nvt_scale,0.95,0.95,scale-0p95,W-potential/fcc-restart/01-nvt-round-1/md/scale-0p95/multi_nnap_md.xyz,4948,1.663989087,13.63563619,9.649827303,9.257421538,4449,2.2054333322005255,14.733112359261696,6.1669349276055785,normalized_void>0.946305
nvt_scale,0.95,0.95,scale-0p95,W-potential/fcc-restart/01-nvt-round-1/md/scale-0p95/multi_nnap_md.xyz,4977,5.613771802,13.63563619,9.889607152,14.61254805,4478,2.1333375199605795,9.085277774556944,3.8028839710635034,normalized_void>0.946305
nvt_scale,1,1,scale-1,W-potential/fcc-restart/01-nvt-round-1/md/scale-1/multi_nnap_md.xyz,501,6.36663979,15.9039349,8.386056449,10.28445952,2,2.1179539373710083,11.201597377974071,4.454289386328403,normalized_void>0.946305
nvt_scale,1,1,scale-1,W-potential/fcc-restart/01-nvt-round-1/md/scale-1/multi_nnap_md.xyz,519,7.057347568,15.9039349,9.745139445,11.70893056,20,2.1009634989062906,15.392493192265109,6.120789450105995,normalized_void>0.946305
nvt_scale,1,1,scale-1,W-potential/fcc-restart/01-nvt-round-1/md/scale-1/multi_nnap_md.xyz,566,4.480536065,15.9039349,7.913984582,10.03345413,67,2.134235184189636,9.485558093614216,3.771910319046738,normalized_void>0.946305
nvt_scale,1,1,scale-1,W-potential/fcc-restart/01-nvt-round-1/md/scale-1/multi_nnap_md.xyz,568,3.817558215,15.9039349,7.168343648,10.82856513,69,2.1837953580941925,8.856741238927977,3.521862745717522,normalized_void>0.946305
nvt_scale,1,1,scale-1,W-potential/fcc-restart/01-nvt-round-1/md/scale-1/multi_nnap_md.xyz,576,2.389814525,15.9039349,7.418717652,10.06695749,77,2.267283256831275,8.756346630070764,3.4819410608374186,normalized_void>0.946305
nvt_scale,1,1,scale-1,W-potential/fcc-restart/01-nvt-round-1/md/scale-1/multi_nnap_md.xyz,579,3.61066457,15.9039349,9.265776166,15.74213765,80,2.270202286143275,16.766411055196183,6.667124722481918,normalized_void>0.946305
nvt_scale,1,1,scale-1,W-potential/fcc-restart/01-nvt-round-1/md/scale-1/multi_nnap_md.xyz,581,3.772247177,15.9039349,9.211487968,14.26324301,82,2.174786669837691,16.783036565238582,6.673735818241329,normalized_void>0.946305
nvt_scale,1,1,scale-1,W-potential/fcc-restart/01-nvt-round-1/md/scale-1/multi_nnap_md.xyz,620,1.871443238,15.9039349,6.792810469,11.16251184,121,2.2290617671941564,9.806795927847016,3.8996498036245235,normalized_void>0.946305
nvt_scale,1,1,scale-1,W-potential/fcc-restart/01-nvt-round-1/md/scale-1/multi_nnap_md.xyz,639,2.625621383,15.9039349,6.6077076,12.13280853,140,2.2218988873131384,8.842462892656323,3.5161849942231496,normalized_void>0.946305
nvt_scale,1,1,scale-1,W-potential/fcc-restart/01-nvt-round-1/md/scale-1/multi_nnap_md.xyz,651,5.373543854,15.9039349,7.129678171,12.48797182,152,2.1527882205008773,16.48002485915932,6.553243911526661,normalized_void>0.946305
nvt_scale,1,1,scale-1,W-potential/fcc-restart/01-nvt-round-1/md/scale-1/multi_nnap_md.xyz,653,3.878947716,15.9039349,8.958070358,14.35006338,154,2.2961247392359776,13.086643217497217,5.2038735208412845,normalized_void>0.946305
nvt_scale,1,1,scale-1,W-potential/fcc-restart/01-nvt-round-1/md/scale-1/multi_nnap_md.xyz,689,3.984211981,15.9039349,7.446134087,10.50098912,190,2.2172775050374134,9.684089770313076,3.850855982823992,normalized_void>0.946305
nvt_scale,1,1,scale-1,W-potential/fcc-restart/01-nvt-round-1/md/scale-1/multi_nnap_md.xyz,690,4.067645962,15.9039349,7.946902782,10.56722293,191,2.1869061814212563,11.927897787823484,4.743101070744016,normalized_void>0.946305
nvt_scale,1,1,scale-1,W-potential/fcc-restart/01-nvt-round-1/md/scale-1/multi_nnap_md.xyz,699,4.008047294,15.9039349,7.489514453,11.45445903,200,2.1549666784852133,15.190778569542072,6.040578095176457,normalized_void>0.946305
nvt_scale,1,1,scale-1,W-potential/fcc-restart/01-nvt-round-1/md/scale-1/multi_nnap_md.xyz,760,4.62566254,15.9039349,7.971692747,10.00202728,261,2.107066522098642,13.06796310155176,5.196445415778801,normalized_void>0.946305
nvt_scale,1,1,scale-1,W-potential/fcc-restart/01-nvt-round-1/md/scale-1/multi_nnap_md.xyz,782,1.720209599,15.9039349,6.591809641,10.78145111,283,2.278110963381542,16.633227182020555,6.614164462199504,normalized_void>0.946305
nvt_scale,1,1,scale-1,W-potential/fcc-restart/01-nvt-round-1/md/scale-1/multi_nnap_md.xyz,785,6.802844668,15.9039349,10.46809282,13.33565878,286,2.14354958714615,12.0575778150025,4.794668034739534,normalized_void>0.946305
nvt_scale,1,1,scale-1,W-potential/fcc-restart/01-nvt-round-1/md/scale-1/multi_nnap_md.xyz,826,2.010750875,15.9039349,5.449546902,7.87867735,327,2.3163198333914803,9.64710696705174,3.8361498563238956,normalized_void>0.946305
nvt_scale,1,1,scale-1,W-potential/fcc-restart/01-nvt-round-1/md/scale-1/multi_nnap_md.xyz,878,3.505512806,15.9039349,7.154552044,10.24547772,379,2.201059342512498,9.135997069868784,3.6329081834223116,normalized_void>0.946305
nvt_scale,1,1,scale-1,W-potential/fcc-restart/01-nvt-round-1/md/scale-1/multi_nnap_md.xyz,914,4.758450199,15.9039349,6.854363233,8.451437803,415,2.219381241668861,11.074641828301246,4.403805804535407,normalized_void>0.946305
nvt_scale,1,1,scale-1,W-potential/fcc-restart/01-nvt-round-1/md/scale-1/multi_nnap_md.xyz,987,3.467426828,15.9039349,8.086203797,10.75881615,488,2.1721553355486662,9.911445003097185,3.94126326726253,normalized_void>0.946305
nvt_scale,1,1,scale-1,W-potential/fcc-restart/01-nvt-round-1/md/scale-1/multi_nnap_md.xyz,1007,3.365475922,15.9039349,6.258962752,10.09256203,508,2.188425897730069,15.659050585213917,6.2267853832033495,normalized_void>0.946305
nvt_scale,1,1,scale-1,W-potential/fcc-restart/01-nvt-round-1/md/scale-1/multi_nnap_md.xyz,1021,9.980138045,15.9039349,11.97776547,11.88784205,522,2.073635079831686,9.077005763036272,3.6094504261897247,normalized_void>0.946305
nvt_scale,1,1,scale-1,W-potential/fcc-restart/01-nvt-round-1/md/scale-1/multi_nnap_md.xyz,1032,3.720999271,15.9039349,8.466512875,16.20919441,533,2.244045751823308,11.827874797227624,4.7033271590092465,normalized_void>0.946305
nvt_scale,1,1,scale-1,W-potential/fcc-restart/01-nvt-round-1/md/scale-1/multi_nnap_md.xyz,1034,4.623531574,15.9039349,6.201611536,10.52364809,535,2.1357075987047978,10.446298879956016,4.153946678970707,normalized_void>0.946305
nvt_scale,1,1,scale-1,W-potential/fcc-restart/01-nvt-round-1/md/scale-1/multi_nnap_md.xyz,1040,2.933297942,15.9039349,5.832250097,8.512426551,541,2.1961641564451773,14.477236639375594,5.756839790808329,normalized_void>0.946305
nvt_scale,1,1,scale-1,W-potential/fcc-restart/01-nvt-round-1/md/scale-1/multi_nnap_md.xyz,1048,1.793507786,15.9039349,7.207560388,9.070744987,549,2.2732394798701527,8.953102418543555,3.560180546753626,normalized_void>0.946305
nvt_scale,1,1,scale-1,W-potential/fcc-restart/01-nvt-round-1/md/scale-1/multi_nnap_md.xyz,1076,5.613886685,15.9039349,7.75266632,11.81583882,577,2.1413662634006823,10.865524205220577,4.3206506635718505,normalized_void>0.946305
nvt_scale,1,1,scale-1,W-potential/fcc-restart/01-nvt-round-1/md/scale-1/multi_nnap_md.xyz,1099,5.205262229,15.9039349,7.848627672,12.00601903,600,2.229115113132109,9.32456224162323,3.7078906894735093,normalized_void>0.946305
nvt_scale,1,1,scale-1,W-potential/fcc-restart/01-nvt-round-1/md/scale-1/multi_nnap_md.xyz,1103,3.794910507,15.9039349,7.80588018,13.6431461,604,2.2001212806516,11.125655797429276,4.424091391811404,normalized_void>0.946305
nvt_scale,1,1,scale-1,W-potential/fcc-restart/01-nvt-round-1/md/scale-1/multi_nnap_md.xyz,1246,5.075049088,15.9039349,8.761775532,10.8936041,747,2.1212669534708954,10.51552014790846,4.181472356670482,normalized_void>0.946305
nvt_scale,1,1,scale-1,W-potential/fcc-restart/01-nvt-round-1/md/scale-1/multi_nnap_md.xyz,1256,4.561521492,15.9039349,8.853814872,12.37938882,757,2.2080989767558363,9.530681960005248,3.789853720541501,normalized_void>0.946305
nvt_scale,1,1,scale-1,W-potential/fcc-restart/01-nvt-round-1/md/scale-1/multi_nnap_md.xyz,1295,3.618521229,15.9039349,6.043072141,11.28381829,796,2.3343030110120755,16.01383411413438,6.367864235976789,normalized_void>0.946305
nvt_scale,1,1,scale-1,W-potential/fcc-restart/01-nvt-round-1/md/scale-1/multi_nnap_md.xyz,1357,13.10618532,15.9039349,11.8357601,14.80236929,858,2.0756848471133895,9.423180659061154,3.747106075928481,normalized_void>0.946305
nvt_scale,1,1,scale-1,W-potential/fcc-restart/01-nvt-round-1/md/scale-1/multi_nnap_md.xyz,1425,3.103622046,15.9039349,6.795506017,9.077666028,926,2.195393898653517,14.099375152585221,5.606584041264774,normalized_void>0.946305
nvt_scale,1,1,scale-1,W-potential/fcc-restart/01-nvt-round-1/md/scale-1/multi_nnap_md.xyz,1442,2.290029176,15.9039349,5.89529084,10.00295043,943,2.3381985545878834,15.206640550404874,6.046885575316946,normalized_void>0.946305
nvt_scale,1,1,scale-1,W-potential/fcc-restart/01-nvt-round-1/md/scale-1/multi_nnap_md.xyz,1559,4.742371164,15.9039349,8.795676016,12.14881105,1060,2.1468607231433916,10.175225339318054,4.046154910150989,normalized_void>0.946305
nvt_scale,1,1,scale-1,W-potential/fcc-restart/01-nvt-round-1/md/scale-1/multi_nnap_md.xyz,1637,8.691861366,15.9039349,6.644804132,12.50967253,1138,2.13070208506323,13.051482007598798,5.189891746744587,normalized_void>0.946305
nvt_scale,1,1,scale-1,W-potential/fcc-restart/01-nvt-round-1/md/scale-1/multi_nnap_md.xyz,1675,4.225188628,15.9039349,9.833567328,13.79170447,1176,2.199785768901912,10.209753571243368,4.059884982015206,normalized_void>0.946305
nvt_scale,1,1,scale-1,W-potential/fcc-restart/01-nvt-round-1/md/scale-1/multi_nnap_md.xyz,1757,3.965243583,15.9039349,8.341857261,12.25505925,1258,2.2452159828146403,13.12046768328549,5.217323741722745,normalized_void>0.946305
nvt_scale,1,1,scale-1,W-potential/fcc-restart/01-nvt-round-1/md/scale-1/multi_nnap_md.xyz,1758,7.617033139,15.9039349,11.84806449,11.67764715,1259,2.210244993080032,8.923647728903807,3.548467957288671,normalized_void>0.946305
nvt_scale,1,1,scale-1,W-potential/fcc-restart/01-nvt-round-1/md/scale-1/multi_nnap_md.xyz,1800,3.879302825,15.9039349,6.986740812,9.180764058,1301,2.197425293311937,15.536642126510769,6.178109941656917,normalized_void>0.946305
nvt_scale,1,1,scale-1,W-potential/fcc-restart/01-nvt-round-1/md/scale-1/multi_nnap_md.xyz,1809,1.802947956,15.9039349,5.201706984,7.617657333,1310,2.262148357916278,11.59091530847209,4.609100764314057,normalized_void>0.946305
nvt_scale,1,1,scale-1,W-potential/fcc-restart/01-nvt-round-1/md/scale-1/multi_nnap_md.xyz,1853,5.280539761,15.9039349,8.196188979,9.265290715,1354,2.1502665714823146,8.759897860310469,3.4833531993593962,normalized_void>0.946305
nvt_scale,1,1,scale-1,W-potential/fcc-restart/01-nvt-round-1/md/scale-1/multi_nnap_md.xyz,1856,2.026362568,15.9039349,7.4544501,10.14154269,1357,2.2026770640108966,8.702656117490507,3.4605911522250072,normalized_void>0.946305
nvt_scale,1,1,scale-1,W-potential/fcc-restart/01-nvt-round-1/md/scale-1/multi_nnap_md.xyz,1882,5.711924321,15.9039349,9.204573604,14.08343186,1383,2.198449871457169,9.07925790897011,3.61034598683086,normalized_void>0.946305
nvt_scale,1,1,scale-1,W-potential/fcc-restart/01-nvt-round-1/md/scale-1/multi_nnap_md.xyz,1883,5.943515691,15.9039349,9.448708478,14.95791628,1384,2.2154618453775465,15.976687960672763,6.353093153645947,normalized_void>0.946305
nvt_scale,1,1,scale-1,W-potential/fcc-restart/01-nvt-round-1/md/scale-1/multi_nnap_md.xyz,1961,3.657767717,15.9039349,7.409282399,12.02983726,1462,2.193016203141121,15.478302603625805,6.154911364809214,normalized_void>0.946305
nvt_scale,1,1,scale-1,W-potential/fcc-restart/01-nvt-round-1/md/scale-1/multi_nnap_md.xyz,2168,1.994165952,15.9039349,6.112068266,10.6240284,1669,2.249413643895148,9.702378743418281,3.8581285508373315,normalized_void>0.946305
nvt_scale,1,1,scale-1,W-potential/fcc-restart/01-nvt-round-1/md/scale-1/multi_nnap_md.xyz,2250,3.782628358,15.9039349,7.487189394,10.33119488,1751,2.217946865866068,9.704752051062142,3.8590722911532733,normalized_void>0.946305
nvt_scale,1,1,scale-1,W-potential/fcc-restart/01-nvt-round-1/md/scale-1/multi_nnap_md.xyz,2284,3.788484653,15.9039349,7.253660124,9.78400366,1785,2.214538593973371,16.25974054020327,6.465648359678861,normalized_void>0.946305
nvt_scale,1,1,scale-1,W-potential/fcc-restart/01-nvt-round-1/md/scale-1/multi_nnap_md.xyz,2337,3.793694033,15.9039349,6.56747366,12.35617592,1838,2.2008165505982764,16.088115959969745,6.3974022408109885,normalized_void>0.946305
nvt_scale,1,1,scale-1,W-potential/fcc-restart/01-nvt-round-1/md/scale-1/multi_nnap_md.xyz,2355,2.118784118,15.9039349,6.923193577,9.262591406,1856,2.210385767211001,16.914760743818263,6.726115634331132,normalized_void>0.946305
nvt_scale,1,1,scale-1,W-potential/fcc-restart/01-nvt-round-1/md/scale-1/multi_nnap_md.xyz,2397,2.055150533,15.9039349,6.8502609,10.52920591,1898,2.2890620740559156,13.43677565080315,5.3431028761607875,normalized_void>0.946305
nvt_scale,1,1,scale-1,W-potential/fcc-restart/01-nvt-round-1/md/scale-1/multi_nnap_md.xyz,2405,3.528070474,15.9039349,7.824811648,12.03576308,1906,2.209486629598822,16.726374419553554,6.651204246572123,normalized_void>0.946305
nvt_scale,1,1,scale-1,W-potential/fcc-restart/01-nvt-round-1/md/scale-1/multi_nnap_md.xyz,2435,6.092146851,15.9039349,12.58838657,12.91707007,1936,2.1567027598625073,11.248938976866356,4.47311466404213,normalized_void>0.946305
nvt_scale,1,1,scale-1,W-potential/fcc-restart/01-nvt-round-1/md/scale-1/multi_nnap_md.xyz,2458,3.144795536,15.9039349,7.686630485,12.844516,1959,2.2369983486772598,16.583364589626306,6.594336717228662,normalized_void>0.946305
nvt_scale,1,1,scale-1,W-potential/fcc-restart/01-nvt-round-1/md/scale-1/multi_nnap_md.xyz,2531,1.871200488,15.9039349,6.100638022,7.744460484,2032,2.3313894777116757,8.858880889352447,3.522713572778572,normalized_void>0.946305
nvt_scale,1,1,scale-1,W-potential/fcc-restart/01-nvt-round-1/md/scale-1/multi_nnap_md.xyz,2610,3.893664756,15.9039349,7.279563615,13.131006,2111,2.2454056357603953,10.266079435733234,4.082282832242024,normalized_void>0.946305
nvt_scale,1,1,scale-1,W-potential/fcc-restart/01-nvt-round-1/md/scale-1/multi_nnap_md.xyz,2648,2.280302033,15.9039349,5.368704804,9.036009363,2149,2.3264772700389216,8.936042341452847,3.553396646408796,normalized_void>0.946305
nvt_scale,1,1,scale-1,W-potential/fcc-restart/01-nvt-round-1/md/scale-1/multi_nnap_md.xyz,2706,1.735165207,15.9039349,5.211064756,8.35940619,2207,2.39081683850409,11.994590616666876,4.769621320458175,normalized_void>0.946305
nvt_scale,1,1,scale-1,W-potential/fcc-restart/01-nvt-round-1/md/scale-1/multi_nnap_md.xyz,2724,2.653495679,15.9039349,7.071393446,11.85067466,2225,2.25078562221512,16.32902397986112,6.493198759814033,normalized_void>0.946305
nvt_scale,1,1,scale-1,W-potential/fcc-restart/01-nvt-round-1/md/scale-1/multi_nnap_md.xyz,2731,3.098636109,15.9039349,7.57636665,11.98484332,2232,2.205330705688379,10.279394827454801,4.0875776670784205,normalized_void>0.946305
nvt_scale,1,1,scale-1,W-potential/fcc-restart/01-nvt-round-1/md/scale-1/multi_nnap_md.xyz,2734,2.599900157,15.9039349,7.765717683,10.90814139,2235,2.2553240740318006,10.639237626002101,4.230668326761267,normalized_void>0.946305
nvt_scale,1,1,scale-1,W-potential/fcc-restart/01-nvt-round-1/md/scale-1/multi_nnap_md.xyz,2740,2.659234545,15.9039349,5.98627738,7.953316131,2241,2.2520295224481446,15.732488622687672,6.255987849586881,normalized_void>0.946305
nvt_scale,1,1,scale-1,W-potential/fcc-restart/01-nvt-round-1/md/scale-1/multi_nnap_md.xyz,2850,2.704318753,15.9039349,6.287602057,8.876450484,2351,2.2191678186878177,15.518977353843306,6.1710855855093465,normalized_void>0.946305
nvt_scale,1,1,scale-1,W-potential/fcc-restart/01-nvt-round-1/md/scale-1/multi_nnap_md.xyz,2912,2.719318207,15.9039349,6.657629361,10.63091692,2413,2.291158102588897,15.38525239174512,6.117910162463669,normalized_void>0.946305
nvt_scale,1,1,scale-1,W-potential/fcc-restart/01-nvt-round-1/md/scale-1/multi_nnap_md.xyz,3004,2.564841842,15.9039349,6.336853981,8.209516066,2505,2.2165580195108867,9.29858523146125,3.6975609912395258,normalized_void>0.946305
nvt_scale,1,1,scale-1,W-potential/fcc-restart/01-nvt-round-1/md/scale-1/multi_nnap_md.xyz,3087,4.231940503,15.9039349,8.792946384,10.56071926,2588,2.120562333012434,12.86681988454708,5.116461279016519,normalized_void>0.946305
nvt_scale,1,1,scale-1,W-potential/fcc-restart/01-nvt-round-1/md/scale-1/multi_nnap_md.xyz,3106,2.121321089,15.9039349,7.197238244,8.855903012,2607,2.2741769915304677,9.443535313136255,3.7552000572197017,normalized_void>0.946305
nvt_scale,1,1,scale-1,W-potential/fcc-restart/01-nvt-round-1/md/scale-1/multi_nnap_md.xyz,3231,2.69990676,15.9039349,8.003066287,10.78344724,2732,2.2407632417582204,13.138539792648212,5.224510074368589,normalized_void>0.946305
nvt_scale,1,1,scale-1,W-potential/fcc-restart/01-nvt-round-1/md/scale-1/multi_nnap_md.xyz,3234,2.738528674,15.9039349,6.697201673,11.74160734,2735,2.283968491739527,12.772364581575655,5.078901345436391,normalized_void>0.946305
nvt_scale,1,1,scale-1,W-potential/fcc-restart/01-nvt-round-1/md/scale-1/multi_nnap_md.xyz,3288,2.568950713,15.9039349,9.524745506,14.69454654,2789,2.267678595789723,9.647749644795788,3.8364054156479406,normalized_void>0.946305
nvt_scale,1,1,scale-1,W-potential/fcc-restart/01-nvt-round-1/md/scale-1/multi_nnap_md.xyz,3290,2.500354463,15.9039349,7.33179094,12.12375964,2791,2.1650571321799745,9.646793957000012,3.8360253885980717,normalized_void>0.946305
nvt_scale,1,1,scale-1,W-potential/fcc-restart/01-nvt-round-1/md/scale-1/multi_nnap_md.xyz,3366,4.613976474,15.9039349,6.535883531,10.06673158,2867,2.297866575941917,16.229996264669595,6.453820617050457,normalized_void>0.946305
nvt_scale,1,1,scale-1,W-potential/fcc-restart/01-nvt-round-1/md/scale-1/multi_nnap_md.xyz,3374,3.954760707,15.9039349,9.182867698,13.49212896,2875,2.1441192252126657,16.56675824975734,6.587733244444544,normalized_void>0.946305
nvt_scale,1,1,scale-1,W-potential/fcc-restart/01-nvt-round-1/md/scale-1/multi_nnap_md.xyz,3400,3.662195281,15.9039349,6.752367776,11.48394695,2901,2.2197887857640826,10.689096130034848,4.250494446004578,normalized_void>0.946305
nvt_scale,1,1,scale-1,W-potential/fcc-restart/01-nvt-round-1/md/scale-1/multi_nnap_md.xyz,3409,9.79908001,15.9039349,9.178324414,10.51627093,2910,2.131742664444704,15.977045565947677,6.353235354559513,normalized_void>0.946305
nvt_scale,1,1,scale-1,W-potential/fcc-restart/01-nvt-round-1/md/scale-1/multi_nnap_md.xyz,3414,3.315300448,15.9039349,9.396087737,10.93658079,2915,2.25663707844207,15.41696818644206,6.130521875144518,normalized_void>0.946305
nvt_scale,1,1,scale-1,W-potential/fcc-restart/01-nvt-round-1/md/scale-1/multi_nnap_md.xyz,3423,3.170570882,15.9039349,9.907452594,13.33121628,2924,2.1308250014411487,15.16310197297897,6.0295725603263,normalized_void>0.946305
nvt_scale,1,1,scale-1,W-potential/fcc-restart/01-nvt-round-1/md/scale-1/multi_nnap_md.xyz,3425,1.701897876,15.9039349,6.112862678,8.822473875,2926,2.209312884303915,15.189589704777111,6.040105345842084,normalized_void>0.946305
nvt_scale,1,1,scale-1,W-potential/fcc-restart/01-nvt-round-1/md/scale-1/multi_nnap_md.xyz,3455,3.688801364,15.9039349,6.479983217,11.81890677,2956,2.1820965418984817,12.516864610460757,4.97730237065248,normalized_void>0.946305
nvt_scale,1,1,scale-1,W-potential/fcc-restart/01-nvt-round-1/md/scale-1/multi_nnap_md.xyz,3483,1.696825622,15.9039349,6.897935571,8.913116106,2984,2.348018058422544,14.801814573803073,5.885907458532181,normalized_void>0.946305
nvt_scale,1,1,scale-1,W-potential/fcc-restart/01-nvt-round-1/md/scale-1/multi_nnap_md.xyz,3526,5.068417502,15.9039349,8.028432616,12.1027675,3027,2.1834236291836957,8.921179044814734,3.5474862907490596,normalized_void>0.946305
nvt_scale,1,1,scale-1,W-potential/fcc-restart/01-nvt-round-1/md/scale-1/multi_nnap_md.xyz,3616,2.55023167,15.9039349,5.970885228,8.599756557,3117,2.24641386388931,9.62629846374351,3.8278754029308923,normalized_void>0.946305
nvt_scale,1,1,scale-1,W-potential/fcc-restart/01-nvt-round-1/md/scale-1/multi_nnap_md.xyz,3623,3.614733942,15.9039349,6.400291825,12.22970804,3124,2.269347168180705,9.589227460304187,3.8131342038332523,normalized_void>0.946305
nvt_scale,1,1,scale-1,W-potential/fcc-restart/01-nvt-round-1/md/scale-1/multi_nnap_md.xyz,3634,4.006182781,15.9039349,9.397086701,11.77482558,3135,2.19130903804531,9.638540059782175,3.8327432453882517,normalized_void>0.946305
nvt_scale,1,1,scale-1,W-potential/fcc-restart/01-nvt-round-1/md/scale-1/multi_nnap_md.xyz,3659,3.118082809,15.9039349,6.509279882,7.529473564,3160,2.2277178904397514,11.52222605551398,4.581786641150896,normalized_void>0.946305
nvt_scale,1,1,scale-1,W-potential/fcc-restart/01-nvt-round-1/md/scale-1/multi_nnap_md.xyz,3663,4.031797161,15.9039349,9.401828953,11.16475279,3164,2.145546501202934,14.695133829498495,5.843486106376115,normalized_void>0.946305
nvt_scale,1,1,scale-1,W-potential/fcc-restart/01-nvt-round-1/md/scale-1/multi_nnap_md.xyz,3696,2.418103274,15.9039349,6.323594498,8.088585523,3197,2.229541888532705,13.018973235166127,5.176964708294327,normalized_void>0.946305
nvt_scale,1,1,scale-1,W-potential/fcc-restart/01-nvt-round-1/md/scale-1/multi_nnap_md.xyz,3780,2.862403872,15.9039349,6.804997175,11.11745042,3281,2.240224875560964,12.607167237006903,5.013211002020806,normalized_void>0.946305
nvt_scale,1,1,scale-1,W-potential/fcc-restart/01-nvt-round-1/md/scale-1/multi_nnap_md.xyz,3876,2.945645315,15.9039349,7.65070013,8.780720612,3377,2.2453453811685713,9.757160320285484,3.879912318649387,normalized_void>0.946305
nvt_scale,1,1,scale-1,W-potential/fcc-restart/01-nvt-round-1/md/scale-1/multi_nnap_md.xyz,3897,2.463647821,15.9039349,6.4135054,9.436322049,3398,2.247941820731016,13.143828731395079,5.226613208674365,normalized_void>0.946305
nvt_scale,1,1,scale-1,W-potential/fcc-restart/01-nvt-round-1/md/scale-1/multi_nnap_md.xyz,3926,3.142327994,15.9039349,7.248218457,13.10266129,3427,2.2121460010533505,9.887991714035934,3.931937120909025,normalized_void>0.946305
nvt_scale,1,1,scale-1,W-potential/fcc-restart/01-nvt-round-1/md/scale-1/multi_nnap_md.xyz,3943,2.965276523,15.9039349,6.303547527,11.46222091,3444,2.2398283608613765,16.738568351152544,6.656053135374875,normalized_void>0.946305
nvt_scale,1,1,scale-1,W-potential/fcc-restart/01-nvt-round-1/md/scale-1/multi_nnap_md.xyz,3961,5.105793311,15.9039349,8.123424377,10.50022166,3462,2.2229182647170496,14.098508509022533,5.606239422449014,normalized_void>0.946305
nvt_scale,1,1,scale-1,W-potential/fcc-restart/01-nvt-round-1/md/scale-1/multi_nnap_md.xyz,4050,2.866268957,15.9039349,4.996878367,9.190970557,3551,2.2700250634893844,13.079580399331265,5.2010650074719305,normalized_void>0.946305
nvt_scale,1,1,scale-1,W-potential/fcc-restart/01-nvt-round-1/md/scale-1/multi_nnap_md.xyz,4143,3.115584336,15.9039349,6.366794631,10.09073133,3644,2.154494958114849,16.344753663138977,6.4994536321247125,normalized_void>0.946305
nvt_scale,1,1,scale-1,W-potential/fcc-restart/01-nvt-round-1/md/scale-1/multi_nnap_md.xyz,4186,3.395082132,15.9039349,7.836134397,11.0887059,3687,2.2115467450395005,10.527259720884356,4.186140570813706,normalized_void>0.946305
nvt_scale,1,1,scale-1,W-potential/fcc-restart/01-nvt-round-1/md/scale-1/multi_nnap_md.xyz,4443,3.870704142,15.9039349,7.130725278,10.27966816,3944,2.1457795943279305,14.215618871325404,5.652808088169893,normalized_void>0.946305
nvt_scale,1,1,scale-1,W-potential/fcc-restart/01-nvt-round-1/md/scale-1/multi_nnap_md.xyz,4465,2.360836147,15.9039349,6.980568303,10.43982803,3966,2.1933752977203773,9.98986424986335,3.972446500043351,normalized_void>0.946305
nvt_scale,1,1,scale-1,W-potential/fcc-restart/01-nvt-round-1/md/scale-1/multi_nnap_md.xyz,4487,3.010329086,15.9039349,6.987113287,13.76342771,3988,2.1726882269596524,15.610628016528427,6.207530260342154,normalized_void>0.946305
nvt_scale,1,1,scale-1,W-potential/fcc-restart/01-nvt-round-1/md/scale-1/multi_nnap_md.xyz,4514,2.763588483,15.9039349,7.495372945,10.11579953,4015,2.266899797753115,8.88121413532087,3.5315943365770472,normalized_void>0.946305
nvt_scale,1,1,scale-1,W-potential/fcc-restart/01-nvt-round-1/md/scale-1/multi_nnap_md.xyz,4567,4.230834693,15.9039349,6.205233494,9.083053134,4068,2.1938985964736983,9.099932036774755,3.6185670061144934,normalized_void>0.946305
nvt_scale,1,1,scale-1,W-potential/fcc-restart/01-nvt-round-1/md/scale-1/multi_nnap_md.xyz,4691,4.557151281,15.9039349,7.704869052,11.95584813,4192,2.208112811674805,16.159077589715697,6.425619969367764,normalized_void>0.946305
nvt_scale,1,1,scale-1,W-potential/fcc-restart/01-nvt-round-1/md/scale-1/multi_nnap_md.xyz,4748,2.918439075,15.9039349,6.13747247,10.71630277,4249,2.2513015036614425,9.079395073877764,3.6104005301403292,normalized_void>0.946305
nvt_scale,1,1,scale-1,W-potential/fcc-restart/01-nvt-round-1/md/scale-1/multi_nnap_md.xyz,4750,3.152232175,15.9039349,9.168233028,12.27901769,4251,2.1637732413865636,15.827284575717423,6.293683241877768,normalized_void>0.946305
nvt_scale,1,1,scale-1,W-potential/fcc-restart/01-nvt-round-1/md/scale-1/multi_nnap_md.xyz,4760,2.426720868,15.9039349,6.337232986,11.56728875,4261,2.2722434650019916,15.18279763453157,6.037404494759416,normalized_void>0.946305
nvt_scale,1,1,scale-1,W-potential/fcc-restart/01-nvt-round-1/md/scale-1/multi_nnap_md.xyz,4780,2.84660722,15.9039349,7.71573641,10.3944174,4281,2.232625546454506,13.758262295984006,5.47094129983875,normalized_void>0.946305
nvt_scale,1,1,scale-1,W-potential/fcc-restart/01-nvt-round-1/md/scale-1/multi_nnap_md.xyz,4807,3.425909382,15.9039349,8.333689813,12.61488875,4308,2.2285784062488205,13.863606570333676,5.5128312077967765,normalized_void>0.946305
nvt_scale,1,1,scale-1,W-potential/fcc-restart/01-nvt-round-1/md/scale-1/multi_nnap_md.xyz,4937,3.445975934,15.9039349,6.435890406,10.27546528,4438,2.1743057018455993,16.15628559308744,6.424509738341931,normalized_void>0.946305
nvt_scale,1,1,scale-1,W-potential/fcc-restart/01-nvt-round-1/md/scale-1/multi_nnap_md.xyz,4947,3.024983519,15.9039349,5.992001259,11.67357058,4448,2.30869853371889,9.956641250545509,3.9592354509179426,normalized_void>0.946305
nvt_scale,1.05,1.05,scale-1p05,W-potential/fcc-restart/01-nvt-round-1/md/scale-1p05/multi_nnap_md.xyz,632,7.449407132,18.41079264,10.67151805,16.89752483,133,2.1659459357116773,2.521458751186434,0.9549069165676017,normalized_void>0.946305
nvt_scale,1.05,1.05,scale-1p05,W-potential/fcc-restart/01-nvt-round-1/md/scale-1p05/multi_nnap_md.xyz,633,5.257630106,18.41079264,7.820331503,12.73710224,134,2.219451159579235,2.5604648240022967,0.96967898797368,normalized_void>0.946305
nvt_scale,1.05,1.05,scale-1p05,W-potential/fcc-restart/01-nvt-round-1/md/scale-1p05/multi_nnap_md.xyz,634,5.964212749,18.41079264,7.996616589,10.97778905,135,2.2021019188905506,2.5762575369669163,0.9756598793264282,normalized_void>0.946305
nvt_scale,1.05,1.05,scale-1p05,W-potential/fcc-restart/01-nvt-round-1/md/scale-1p05/multi_nnap_md.xyz,635,6.254490625,18.41079264,7.920501332,10.6954995,136,2.207078831433333,2.587108596077307,0.9797693066139934,normalized_void>0.946305
nvt_scale,1.05,1.05,scale-1p05,W-potential/fcc-restart/01-nvt-round-1/md/scale-1p05/multi_nnap_md.xyz,636,4.253213461,18.41079264,7.205587292,13.62912604,137,2.2197313421425435,2.5962308065057105,0.9832239980018136,normalized_void>0.946305
nvt_scale,1.05,1.05,scale-1p05,W-potential/fcc-restart/01-nvt-round-1/md/scale-1p05/multi_nnap_md.xyz,637,7.403798442,18.41079264,7.993893136,14.55954787,138,2.1486054343930414,2.5903886637706823,0.9810115079094699,normalized_void>0.946305
nvt_scale,1.05,1.05,scale-1p05,W-potential/fcc-restart/01-nvt-round-1/md/scale-1p05/multi_nnap_md.xyz,638,8.331340452,18.41079264,8.676020696,12.54943344,139,2.1422865614255397,2.5679966738337248,0.9725313905740378,normalized_void>0.946305
nvt_scale,1.05,1.05,scale-1p05,W-potential/fcc-restart/01-nvt-round-1/md/scale-1p05/multi_nnap_md.xyz,639,6.847666734,18.41079264,7.40060251,12.20339744,140,2.1720060863673623,2.548285730382127,0.965066617959714,normalized_void>0.946305
nvt_scale,1.05,1.05,scale-1p05,W-potential/fcc-restart/01-nvt-round-1/md/scale-1p05/multi_nnap_md.xyz,640,6.451667518,18.41079264,6.361809622,9.911267732,141,2.2191513142395727,2.5361519746833525,0.9604714179647709,normalized_void>0.946305
nvt_scale,1.05,1.05,scale-1p05,W-potential/fcc-restart/01-nvt-round-1/md/scale-1p05/multi_nnap_md.xyz,641,4.631885564,18.41079264,7.012137952,8.554439451,142,2.2496829029839427,2.5343366187219125,0.959783920712319,normalized_void>0.946305
nvt_scale,1.05,1.05,scale-1p05,W-potential/fcc-restart/01-nvt-round-1/md/scale-1p05/multi_nnap_md.xyz,642,4.500756967,18.41079264,6.898258102,9.037918053,143,2.3157959729495268,2.5419348216166506,0.9626614520200414,normalized_void>0.946305
nvt_scale,1.05,1.05,scale-1p05,W-potential/fcc-restart/01-nvt-round-1/md/scale-1p05/multi_nnap_md.xyz,643,5.065315167,18.41079264,6.633587009,10.37295672,144,2.2893317994122246,2.5674638262123577,0.9723295947370524,normalized_void>0.946305
nvt_scale,1.05,1.05,scale-1p05,W-potential/fcc-restart/01-nvt-round-1/md/scale-1p05/multi_nnap_md.xyz,644,5.437541042,18.41079264,7.175285562,11.39621662,145,2.181910300363971,2.572064355039756,0.9740718706299593,normalized_void>0.946305
nvt_scale,1.05,1.05,scale-1p05,W-potential/fcc-restart/01-nvt-round-1/md/scale-1p05/multi_nnap_md.xyz,645,6.159272888,18.41079264,7.093160079,10.48520554,146,2.14321955465389,2.555681595247943,0.9678675214093714,normalized_void>0.946305
nvt_scale,1.05,1.05,scale-1p05,W-potential/fcc-restart/01-nvt-round-1/md/scale-1p05/multi_nnap_md.xyz,646,5.889023004,18.41079264,6.642121523,10.34728746,147,2.1627622709872347,2.5459536148921096,0.9641834176255407,normalized_void>0.946305
nvt_scale,1.05,1.05,scale-1p05,W-potential/fcc-restart/01-nvt-round-1/md/scale-1p05/multi_nnap_md.xyz,647,5.217280286,18.41079264,5.950573226,7.76329957,148,2.2255488579198754,2.555714929016897,0.96788014531072,normalized_void>0.946305
nvt_scale,1.05,1.05,scale-1p05,W-potential/fcc-restart/01-nvt-round-1/md/scale-1p05/multi_nnap_md.xyz,648,4.864518552,18.41079264,5.635163427,8.117650917,149,2.258377065416622,2.564479085790119,0.9711992374500201,normalized_void>0.946305
nvt_scale,1.05,1.05,scale-1p05,W-potential/fcc-restart/01-nvt-round-1/md/scale-1p05/multi_nnap_md.xyz,649,5.505580446,18.41079264,5.817636759,9.700738854,150,2.209914956911724,2.573368892712472,0.9745659148200588,normalized_void>0.946305
nvt_scale,1.05,1.05,scale-1p05,W-potential/fcc-restart/01-nvt-round-1/md/scale-1p05/multi_nnap_md.xyz,650,5.271396496,18.41079264,6.648436158,10.53131232,151,2.2267244753698825,2.577966909567482,0.9763072393986496,normalized_void>0.946305
nvt_scale,1.05,1.05,scale-1p05,W-potential/fcc-restart/01-nvt-round-1/md/scale-1p05/multi_nnap_md.xyz,651,5.276347202,18.41079264,6.756221007,9.577110219,152,2.2703765051303333,2.6082459001931473,0.9877742592582957,normalized_void>0.946305
nvt_scale,1.05,1.05,scale-1p05,W-potential/fcc-restart/01-nvt-round-1/md/scale-1p05/multi_nnap_md.xyz,652,4.356058113,18.41079264,5.23092717,9.048754984,153,2.3133422395199976,2.6521882153679113,1.0044157453308447,normalized_void>0.946305
nvt_scale,1.05,1.05,scale-1p05,W-potential/fcc-restart/01-nvt-round-1/md/scale-1p05/multi_nnap_md.xyz,653,3.945271502,18.41079264,4.792702633,10.10883214,154,2.2893433532125065,2.655874892338626,1.0058119344760486,normalized_void>0.946305
nvt_scale,1.05,1.05,scale-1p05,W-potential/fcc-restart/01-nvt-round-1/md/scale-1p05/multi_nnap_md.xyz,654,3.993197523,18.41079264,4.677538173,8.210314527,155,2.334960782555718,2.6809248323408994,1.0152986496390544,normalized_void>0.946305
nvt_scale,1.05,1.05,scale-1p05,W-potential/fcc-restart/01-nvt-round-1/md/scale-1p05/multi_nnap_md.xyz,655,4.76623329,18.41079264,6.192576373,11.17733163,156,2.2531268045201527,2.7006065823468437,1.022752366342525,normalized_void>0.946305
nvt_scale,1.05,1.05,scale-1p05,W-potential/fcc-restart/01-nvt-round-1/md/scale-1p05/multi_nnap_md.xyz,656,5.286638955,18.41079264,6.607958832,11.42790613,157,2.226073416252791,2.7215137979387762,1.0306701816807742,normalized_void>0.946305
nvt_scale,1.05,1.05,scale-1p05,W-potential/fcc-restart/01-nvt-round-1/md/scale-1p05/multi_nnap_md.xyz,657,4.025938622,18.41079264,5.914069925,9.028015388,158,2.2634718103314366,2.7573298220217977,1.0442341430601687,normalized_void>0.946305
nvt_scale,1.05,1.05,scale-1p05,W-potential/fcc-restart/01-nvt-round-1/md/scale-1p05/multi_nnap_md.xyz,658,4.194602457,18.41079264,3.988834686,6.523262036,159,2.2777021245062863,2.800641094705465,1.0606366457112706,normalized_void>0.946305
nvt_scale,1.05,1.05,scale-1p05,W-potential/fcc-restart/01-nvt-round-1/md/scale-1p05/multi_nnap_md.xyz,659,4.602877133,18.41079264,3.809014958,6.249602293,160,2.2928711824242964,2.8066743627444826,1.0629215172671718,normalized_void>0.946305
nvt_scale,1.05,1.05,scale-1p05,W-potential/fcc-restart/01-nvt-round-1/md/scale-1p05/multi_nnap_md.xyz,660,4.472353703,18.41079264,3.908543806,6.359274042,161,2.2641458199460356,2.804585465947416,1.0621304267928278,normalized_void>0.946305
nvt_scale,1.05,1.05,scale-1p05,W-potential/fcc-restart/01-nvt-round-1/md/scale-1p05/multi_nnap_md.xyz,661,4.062241575,18.41079264,3.767140304,5.981093899,162,2.2296964452154078,2.8022171774042803,1.0612335272860625,normalized_void>0.946305
nvt_scale,1.05,1.05,scale-1p05,W-potential/fcc-restart/01-nvt-round-1/md/scale-1p05/multi_nnap_md.xyz,662,4.214713134,18.41079264,4.272414018,7.817626187,163,2.24997731958034,2.791056913226836,1.05700700030094,normalized_void>0.946305
nvt_scale,1.05,1.05,scale-1p05,W-potential/fcc-restart/01-nvt-round-1/md/scale-1p05/multi_nnap_md.xyz,663,4.010726683,18.41079264,5.089336636,9.756458585,164,2.2693889203918127,2.77467108454012,1.0508014888527455,normalized_void>0.946305
nvt_scale,1.05,1.05,scale-1p05,W-potential/fcc-restart/01-nvt-round-1/md/scale-1p05/multi_nnap_md.xyz,664,3.708427187,18.41079264,5.529073108,9.654297573,165,2.284527467151054,2.771320996940826,1.0495327701722723,normalized_void>0.946305
nvt_scale,1.05,1.05,scale-1p05,W-potential/fcc-restart/01-nvt-round-1/md/scale-1p05/multi_nnap_md.xyz,665,4.045253548,18.41079264,5.634515408,8.848910486,166,2.2896421103314055,2.7461235924740417,1.039990208433532,normalized_void>0.946305
nvt_scale,1.05,1.05,scale-1p05,W-potential/fcc-restart/01-nvt-round-1/md/scale-1p05/multi_nnap_md.xyz,666,4.926186328,18.41079264,6.625265119,11.78950321,167,2.2414188603455534,2.730930562884412,1.0342364244257913,normalized_void>0.946305
nvt_scale,1.05,1.05,scale-1p05,W-potential/fcc-restart/01-nvt-round-1/md/scale-1p05/multi_nnap_md.xyz,667,5.007604299,18.41079264,6.7242647,11.21555578,168,2.225712064573702,2.7404139014147684,1.0378278793922977,normalized_void>0.946305
nvt_scale,1.05,1.05,scale-1p05,W-potential/fcc-restart/01-nvt-round-1/md/scale-1p05/multi_nnap_md.xyz,668,4.868403977,18.41079264,5.470716332,9.406765174,169,2.231457910255145,2.7529410555604117,1.0425720641357343,normalized_void>0.946305
nvt_scale,1.05,1.05,scale-1p05,W-potential/fcc-restart/01-nvt-round-1/md/scale-1p05/multi_nnap_md.xyz,669,5.657107447,18.41079264,6.471515593,10.97667522,170,2.2707495785467806,2.778156822501621,1.052121579965564,normalized_void>0.946305
nvt_scale,1.05,1.05,scale-1p05,W-potential/fcc-restart/01-nvt-round-1/md/scale-1p05/multi_nnap_md.xyz,670,6.282120543,18.41079264,6.19740703,10.11529514,171,2.2671576246966727,2.8030928644932196,1.0615651605747625,normalized_void>0.946305
nvt_scale,1.05,1.05,scale-1p05,W-potential/fcc-restart/01-nvt-round-1/md/scale-1p05/multi_nnap_md.xyz,671,6.81291784,18.41079264,7.08428468,10.08460692,172,2.2122289618677455,2.8040377189988583,1.0619229884004844,normalized_void>0.946305
nvt_scale,1.05,1.05,scale-1p05,W-potential/fcc-restart/01-nvt-round-1/md/scale-1p05/multi_nnap_md.xyz,672,8.016960806,18.41079264,8.665282587,9.150552918,173,2.135915555101002,2.7912991013983586,1.057098719889844,normalized_void>0.946305
nvt_scale,1.05,1.05,scale-1p05,W-potential/fcc-restart/01-nvt-round-1/md/scale-1p05/multi_nnap_md.xyz,673,9.977255596,18.41079264,10.27126793,8.973723656,174,2.110894972775053,2.7770502257742207,1.0517024984048016,normalized_void>0.946305
nvt_scale,1.05,1.05,scale-1p05,W-potential/fcc-restart/01-nvt-round-1/md/scale-1p05/multi_nnap_md.xyz,674,6.701378197,18.41079264,6.824620934,7.695332235,175,2.189612793814073,2.7770139280090103,1.0516887520022322,normalized_void>0.946305
nvt_scale,1.05,1.05,scale-1p05,W-potential/fcc-restart/01-nvt-round-1/md/scale-1p05/multi_nnap_md.xyz,675,4.344564306,18.41079264,5.049762944,8.2324814,176,2.293511897649282,2.764378946057075,1.0469037315647842,normalized_void>0.946305
nvt_scale,1.05,1.05,scale-1p05,W-potential/fcc-restart/01-nvt-round-1/md/scale-1p05/multi_nnap_md.xyz,676,4.047833916,18.41079264,4.937878207,9.162410503,177,2.3056229197299545,2.7408514925508896,1.0379936004465542,normalized_void>0.946305
nvt_scale,1.05,1.05,scale-1p05,W-potential/fcc-restart/01-nvt-round-1/md/scale-1p05/multi_nnap_md.xyz,677,4.502727797,18.41079264,5.503164789,11.63986953,178,2.302654147936086,2.723117680941903,1.0312775915669483,normalized_void>0.946305
nvt_scale,1.05,1.05,scale-1p05,W-potential/fcc-restart/01-nvt-round-1/md/scale-1p05/multi_nnap_md.xyz,678,4.907994651,18.41079264,6.348759613,12.81266387,179,2.216103347623456,2.696762884916676,1.0212967116507585,normalized_void>0.946305
nvt_scale,1.05,1.05,scale-1p05,W-potential/fcc-restart/01-nvt-round-1/md/scale-1p05/multi_nnap_md.xyz,679,13.37400004,18.41079264,13.79442231,13.00911682,180,2.060113053446019,2.6758782285973197,1.013387439781803,normalized_void>0.946305
nvt_scale,1.05,1.05,scale-1p05,W-potential/fcc-restart/01-nvt-round-1/md/scale-1p05/multi_nnap_md.xyz,680,13.17897646,18.41079264,14.42467436,13.8958067,181,2.0453034054140278,2.6482550351131855,1.002926202411462,normalized_void>0.946305
nvt_scale,1.05,1.05,scale-1p05,W-potential/fcc-restart/01-nvt-round-1/md/scale-1p05/multi_nnap_md.xyz,681,5.703560842,18.41079264,7.674730148,12.90531094,182,2.1611852161275382,2.603668854920564,0.9860408768715418,normalized_void>0.946305
nvt_scale,1.05,1.05,scale-1p05,W-potential/fcc-restart/01-nvt-round-1/md/scale-1p05/multi_nnap_md.xyz,682,4.863171353,18.41079264,4.676493427,8.561131369,183,2.2608751846482313,2.547463128721249,0.964755088764488,normalized_void>0.946305
nvt_scale,1.05,1.05,scale-1p05,W-potential/fcc-restart/01-nvt-round-1/md/scale-1p05/multi_nnap_md.xyz,693,10.36935176,18.41079264,9.703877381,9.10612423,194,2.0936970567079434,2.4993245268094677,0.9465244181664365,normalized_void>0.946305
nvt_scale,1.05,1.05,scale-1p05,W-potential/fcc-restart/01-nvt-round-1/md/scale-1p05/multi_nnap_md.xyz,694,4.419462158,18.41079264,6.439668498,8.969867704,195,2.179282358784275,2.508782269284664,0.9501061795973664,normalized_void>0.946305
nvt_scale,1.05,1.05,scale-1p05,W-potential/fcc-restart/01-nvt-round-1/md/scale-1p05/multi_nnap_md.xyz,695,5.003810125,18.41079264,7.390523455,10.57894814,196,2.1990325847741246,2.5133546424847073,0.9518377926137583,normalized_void>0.946305
nvt_scale,1.05,1.05,scale-1p05,W-potential/fcc-restart/01-nvt-round-1/md/scale-1p05/multi_nnap_md.xyz,696,6.923920186,18.41079264,9.778153309,13.22622843,197,2.1361632966684017,2.500845834333742,0.9471005557203317,normalized_void>0.946305
nvt_scale,1.05,1.05,scale-1p05,W-potential/fcc-restart/01-nvt-round-1/md/scale-1p05/multi_nnap_md.xyz,697,4.761488615,18.41079264,9.73831846,12.74444223,198,2.187586006189244,2.5035565242591717,0.9481271267706195,normalized_void>0.946305
nvt_scale,1.05,1.05,scale-1p05,W-potential/fcc-restart/01-nvt-round-1/md/scale-1p05/multi_nnap_md.xyz,698,3.914437275,18.41079264,7.57082092,10.66907792,199,2.2895390396427664,2.505688295795566,0.9489344544271544,normalized_void>0.946305
nvt_scale,1.05,1.05,scale-1p05,W-potential/fcc-restart/01-nvt-round-1/md/scale-1p05/multi_nnap_md.xyz,885,5.347800712,18.41079264,7.169922675,9.679659808,386,2.149252641735584,2.515378443763531,0.9526042306282599,normalized_void>0.946305
nvt_scale,1.05,1.05,scale-1p05,W-potential/fcc-restart/01-nvt-round-1/md/scale-1p05/multi_nnap_md.xyz,886,5.497495283,18.41079264,7.3278695,10.13952142,387,2.1673762810480146,2.543866411947772,0.9633929686337059,normalized_void>0.946305
nvt_scale,1.05,1.05,scale-1p05,W-potential/fcc-restart/01-nvt-round-1/md/scale-1p05/multi_nnap_md.xyz,887,4.743172403,18.41079264,6.657949939,12.23795808,388,2.26310422733268,2.564170083188544,0.9710822144285876,normalized_void>0.946305
nvt_scale,1.05,1.05,scale-1p05,W-potential/fcc-restart/01-nvt-round-1/md/scale-1p05/multi_nnap_md.xyz,888,4.284463949,18.41079264,7.422424198,13.74351696,389,2.360063069385969,2.5753338834903516,0.9753100805867627,normalized_void>0.946305
nvt_scale,1.05,1.05,scale-1p05,W-potential/fcc-restart/01-nvt-round-1/md/scale-1p05/multi_nnap_md.xyz,889,5.032407185,18.41079264,6.739060809,12.36584125,390,2.3158283820963828,2.576432484295948,0.9757261339952576,normalized_void>0.946305
nvt_scale,1.05,1.05,scale-1p05,W-potential/fcc-restart/01-nvt-round-1/md/scale-1p05/multi_nnap_md.xyz,890,5.327271314,18.41079264,5.690396413,10.4413824,391,2.3086135158306496,2.572190702996366,0.9741197201288274,normalized_void>0.946305
nvt_scale,1.05,1.05,scale-1p05,W-potential/fcc-restart/01-nvt-round-1/md/scale-1p05/multi_nnap_md.xyz,891,5.062330724,18.41079264,6.067782272,11.51042675,392,2.309854786912609,2.5596091956849896,0.969354951184332,normalized_void>0.946305
nvt_scale,1.05,1.05,scale-1p05,W-potential/fcc-restart/01-nvt-round-1/md/scale-1p05/multi_nnap_md.xyz,892,4.594279628,18.41079264,6.008729446,10.32686206,393,2.3246456793857084,2.5497086609531983,0.9656054989719345,normalized_void>0.946305
nvt_scale,1.05,1.05,scale-1p05,W-potential/fcc-restart/01-nvt-round-1/md/scale-1p05/multi_nnap_md.xyz,893,3.818018466,18.41079264,6.241204987,8.654547406,394,2.334674636344374,2.5354299609944726,0.9601979826507712,normalized_void>0.946305
nvt_scale,1.05,1.05,scale-1p05,W-potential/fcc-restart/01-nvt-round-1/md/scale-1p05/multi_nnap_md.xyz,894,4.076449935,18.41079264,6.410922381,7.730418454,395,2.3169355688622577,2.519601891456713,0.9542037013362711,normalized_void>0.946305
nvt_scale,1.05,1.05,scale-1p05,W-potential/fcc-restart/01-nvt-round-1/md/scale-1p05/multi_nnap_md.xyz,1173,13.43463462,18.41079264,9.562204543,7.874062889,674,2.18836516083245,2.5257677687439135,0.9565387936178658,normalized_void>0.946305
nvt_scale,1.05,1.05,scale-1p05,W-potential/fcc-restart/01-nvt-round-1/md/scale-1p05/multi_nnap_md.xyz,1174,7.195571443,18.41079264,7.884132064,8.694834563,675,2.1791539838066396,2.5191299646314675,0.9540249769413831,normalized_void>0.946305
nvt_scale,1.05,1.05,scale-1p05,W-potential/fcc-restart/01-nvt-round-1/md/scale-1p05/multi_nnap_md.xyz,1175,8.748502436,18.41079264,7.609414482,9.078471408,676,2.144692441025539,2.505602499980702,0.94890196251469,normalized_void>0.946305
nvt_scale,1.05,1.05,scale-1p05,W-potential/fcc-restart/01-nvt-round-1/md/scale-1p05/multi_nnap_md.xyz,1176,8.14617268,18.41079264,8.818710744,12.20947255,677,2.0679106365029307,2.4988006286743083,0.946326011608088,normalized_void>0.946305
nvt_scale,1.05,1.05,scale-1p05,W-potential/fcc-restart/01-nvt-round-1/md/scale-1p05/multi_nnap_md.xyz,1177,6.403230099,18.41079264,7.533015547,15.29527105,678,2.1160524294486955,2.5106634617257995,0.9508186099207218,normalized_void>0.946305
nvt_scale,1.05,1.05,scale-1p05,W-potential/fcc-restart/01-nvt-round-1/md/scale-1p05/multi_nnap_md.xyz,1178,11.01625791,18.41079264,12.72192393,14.39235444,679,2.1095035531594095,2.5041932414644874,0.9483682592749555,normalized_void>0.946305
nvt_scale,1.05,1.05,scale-1p05,W-potential/fcc-restart/01-nvt-round-1/md/scale-1p05/multi_nnap_md.xyz,1198,13.81790229,18.41079264,9.667941584,7.829826782,699,2.157407242297534,2.507207788876836,0.9495099048295449,normalized_void>0.946305
nvt_scale,1.05,1.05,scale-1p05,W-potential/fcc-restart/01-nvt-round-1/md/scale-1p05/multi_nnap_md.xyz,1199,10.25220555,18.41079264,7.844683359,9.810848437,700,2.218761014124708,2.5241599380744346,0.955929888702712,normalized_void>0.946305
nvt_scale,1.05,1.05,scale-1p05,W-potential/fcc-restart/01-nvt-round-1/md/scale-1p05/multi_nnap_md.xyz,1200,6.402135621,18.41079264,5.700196261,9.483406484,701,2.2592504687448915,2.527516626263348,0.9572011071062834,normalized_void>0.946305
nvt_scale,1.05,1.05,scale-1p05,W-potential/fcc-restart/01-nvt-round-1/md/scale-1p05/multi_nnap_md.xyz,1201,5.710675008,18.41079264,5.256959684,10.47292085,702,2.255059456574686,2.506456363342481,0.9492253308940389,normalized_void>0.946305
nvt_scale,1.05,1.05,scale-1p05,W-potential/fcc-restart/01-nvt-round-1/md/scale-1p05/multi_nnap_md.xyz,1674,4.605553021,18.41079264,5.952936562,10.52955158,1175,2.256122152703995,2.5017442110257386,0.9474407818360542,normalized_void>0.946305
nvt_scale,1.05,1.05,scale-1p05,W-potential/fcc-restart/01-nvt-round-1/md/scale-1p05/multi_nnap_md.xyz,1675,4.151439618,18.41079264,6.58670441,9.013506769,1176,2.2103128325925465,2.5032179611043897,0.9479989088102645,normalized_void>0.946305
nvt_scale,1.05,1.05,scale-1p05,W-potential/fcc-restart/01-nvt-round-1/md/scale-1p05/multi_nnap_md.xyz,1676,4.246821348,18.41079264,6.478885721,7.715812324,1177,2.210937609081478,2.5024627358068674,0.9477128958585034,normalized_void>0.946305
nvt_scale,1.05,1.05,scale-1p05,W-potential/fcc-restart/01-nvt-round-1/md/scale-1p05/multi_nnap_md.xyz,2058,6.078056772,18.41079264,6.805596401,13.65699439,1559,2.2215880643703736,2.5261179126590063,0.9566713973521759,normalized_void>0.946305
nvt_scale,1.05,1.05,scale-1p05,W-potential/fcc-restart/01-nvt-round-1/md/scale-1p05/multi_nnap_md.xyz,2059,4.590789926,18.41079264,7.39299389,14.43744612,1560,2.241659985237993,2.548626950188502,0.9651958420261494,normalized_void>0.946305
nvt_scale,1.05,1.05,scale-1p05,W-potential/fcc-restart/01-nvt-round-1/md/scale-1p05/multi_nnap_md.xyz,2060,4.094128712,18.41079264,7.171946422,15.29065002,1561,2.2734101532950186,2.547743176474513,0.964861146234766,normalized_void>0.946305
nvt_scale,1.05,1.05,scale-1p05,W-potential/fcc-restart/01-nvt-round-1/md/scale-1p05/multi_nnap_md.xyz,2061,4.403397342,18.41079264,6.011881238,11.38497965,1562,2.2084464806331363,2.558030490624852,0.9687570764895997,normalized_void>0.946305
nvt_scale,1.05,1.05,scale-1p05,W-potential/fcc-restart/01-nvt-round-1/md/scale-1p05/multi_nnap_md.xyz,2062,4.823060982,18.41079264,6.273596934,10.45287309,1563,2.1850920308051838,2.579192760998125,0.976771484157464,normalized_void>0.946305
nvt_scale,1.05,1.05,scale-1p05,W-potential/fcc-restart/01-nvt-round-1/md/scale-1p05/multi_nnap_md.xyz,2063,6.701508615,18.41079264,6.002432921,11.96403872,1564,2.2147065945402633,2.5906401481637147,0.9811067480898624,normalized_void>0.946305
nvt_scale,1.05,1.05,scale-1p05,W-potential/fcc-restart/01-nvt-round-1/md/scale-1p05/multi_nnap_md.xyz,2064,9.280796621,18.41079264,6.185179665,12.07010633,1565,2.2012811016825795,2.5831692050734385,0.9782774116088151,normalized_void>0.946305
nvt_scale,1.05,1.05,scale-1p05,W-potential/fcc-restart/01-nvt-round-1/md/scale-1p05/multi_nnap_md.xyz,2065,5.952740429,18.41079264,5.059249393,11.26107266,1566,2.213690191919832,2.579616194286517,0.9769318434635998,normalized_void>0.946305
nvt_scale,1.05,1.05,scale-1p05,W-potential/fcc-restart/01-nvt-round-1/md/scale-1p05/multi_nnap_md.xyz,2066,4.971018119,18.41079264,5.205604397,11.09117596,1567,2.2034783199641357,2.574225368614262,0.9748902725998988,normalized_void>0.946305
nvt_scale,1.05,1.05,scale-1p05,W-potential/fcc-restart/01-nvt-round-1/md/scale-1p05/multi_nnap_md.xyz,2067,5.308793268,18.41079264,5.252862137,11.09118438,1568,2.213307627949319,2.5492197362683173,0.9654203372820779,normalized_void>0.946305
nvt_scale,1.05,1.05,scale-1p05,W-potential/fcc-restart/01-nvt-round-1/md/scale-1p05/multi_nnap_md.xyz,2068,4.612257971,18.41079264,5.239606521,9.023939035,1569,2.262359174898438,2.50926457038688,0.9502888328563807,normalized_void>0.946305
nvt_scale,1.05,1.05,scale-1p05,W-potential/fcc-restart/01-nvt-round-1/md/scale-1p05/multi_nnap_md.xyz,2261,4.923677933,18.41079264,7.107884431,11.15107237,1762,2.246463294211379,2.4989455914159624,0.9463809107511277,normalized_void>0.946305
nvt_scale,1.05,1.05,scale-1p05,W-potential/fcc-restart/01-nvt-round-1/md/scale-1p05/multi_nnap_md.xyz,2358,5.367291099,18.41079264,6.470106552,11.99046226,1859,2.223951687208959,2.499003434932023,0.9464028167900581,normalized_void>0.946305
nvt_scale,1.05,1.05,scale-1p05,W-potential/fcc-restart/01-nvt-round-1/md/scale-1p05/multi_nnap_md.xyz,2359,10.82200486,18.41079264,13.82066043,13.29454161,1860,2.0285706060731763,2.521628238174569,0.9549711033393117,normalized_void>0.946305
nvt_scale,1.05,1.05,scale-1p05,W-potential/fcc-restart/01-nvt-round-1/md/scale-1p05/multi_nnap_md.xyz,2360,11.8967144,18.41079264,16.23177077,13.94480939,1861,1.9808832513511354,2.5173992642273526,0.9533695397720786,normalized_void>0.946305
nvt_scale,1.05,1.05,scale-1p05,W-potential/fcc-restart/01-nvt-round-1/md/scale-1p05/multi_nnap_md.xyz,3476,6.738824028,18.41079264,6.834760052,8.963567992,2977,2.1984273392011344,2.5198426796066857,0.9542948907200863,normalized_void>0.946305
nvt_scale,1.05,1.05,scale-1p05,W-potential/fcc-restart/01-nvt-round-1/md/scale-1p05/multi_nnap_md.xyz,3477,10.81652397,18.41079264,8.746708767,7.284573677,2978,2.195872499943161,2.5057948227566564,0.9489747974753595,normalized_void>0.946305
nvt_scale,1.05,1.05,scale-1p05,W-potential/fcc-restart/01-nvt-round-1/md/scale-1p05/multi_nnap_md.xyz,4441,7.007949253,18.41079264,5.811264221,6.894469678,3942,2.1694229283842517,2.5277553711498344,0.9572915226815109,normalized_void>0.946305
nvt_scale,1.05,1.05,scale-1p05,W-potential/fcc-restart/01-nvt-round-1/md/scale-1p05/multi_nnap_md.xyz,4442,6.670249257,18.41079264,8.328480312,9.61060581,3943,2.1021114023587084,2.536984706347723,0.9607867835148033,normalized_void>0.946305
nvt_scale,1.05,1.05,scale-1p05,W-potential/fcc-restart/01-nvt-round-1/md/scale-1p05/multi_nnap_md.xyz,4443,6.362632017,18.41079264,8.176894954,10.70625245,3944,2.1089906589495158,2.5263872689515714,0.9567734058370144,normalized_void>0.946305
nvt_scale,1.05,1.05,scale-1p05,W-potential/fcc-restart/01-nvt-round-1/md/scale-1p05/multi_nnap_md.xyz,4853,4.55572375,18.41079264,5.637086611,10.14717613,4354,2.2124001487502976,2.509171361052165,0.9502535333543102,normalized_void>0.946305
nvt_scale,1.05,1.05,scale-1p05,W-potential/fcc-restart/01-nvt-round-1/md/scale-1p05/multi_nnap_md.xyz,4854,4.464196964,18.41079264,6.044599209,11.47248259,4355,2.2444208038363844,2.5391449833635087,0.9616049065410496,normalized_void>0.946305
nvt_scale,1.05,1.05,scale-1p05,W-potential/fcc-restart/01-nvt-round-1/md/scale-1p05/multi_nnap_md.xyz,4855,4.64119907,18.41079264,6.348784149,11.42430113,4356,2.276169245351986,2.5617016284026035,0.9701473807545409,normalized_void>0.946305
nvt_scale,1.05,1.05,scale-1p05,W-potential/fcc-restart/01-nvt-round-1/md/scale-1p05/multi_nnap_md.xyz,4856,6.190245081,18.41079264,7.44025081,9.335206237,4357,2.2126707440807234,2.572821011573425,0.9743584256081546,normalized_void>0.946305
nvt_scale,1.05,1.05,scale-1p05,W-potential/fcc-restart/01-nvt-round-1/md/scale-1p05/multi_nnap_md.xyz,4857,5.902244283,18.41079264,7.201210119,10.61120918,4358,2.210235051203596,2.584293500527033,0.9787031958911865,normalized_void>0.946305
nvt_scale,1.05,1.05,scale-1p05,W-potential/fcc-restart/01-nvt-round-1/md/scale-1p05/multi_nnap_md.xyz,4858,6.784453049,18.41079264,6.890475682,10.22466111,4359,2.2312706409231975,2.5730211141626063,0.9744342068781604,normalized_void>0.946305
nvt_scale,1.05,1.05,scale-1p05,W-potential/fcc-restart/01-nvt-round-1/md/scale-1p05/multi_nnap_md.xyz,4859,7.04041404,18.41079264,5.671268969,9.44395554,4360,2.2273792885962345,2.5560852523560467,0.9680203912369141,normalized_void>0.946305
nvt_scale,1.05,1.05,scale-1p05,W-potential/fcc-restart/01-nvt-round-1/md/scale-1p05/multi_nnap_md.xyz,4860,7.44823129,18.41079264,6.342381427,8.984276786,4361,2.1863536999412365,2.5361498855634097,0.9604706267897885,normalized_void>0.946305
nvt_scale,1.05,1.05,scale-1p05,W-potential/fcc-restart/01-nvt-round-1/md/scale-1p05/multi_nnap_md.xyz,4861,8.534042161,18.41079264,7.662327602,8.347915052,4362,2.1951026537886666,2.5184813171402576,0.9537793262935274,normalized_void>0.946305
nvt_scale,1.05,1.05,scale-1p05,W-potential/fcc-restart/01-nvt-round-1/md/scale-1p05/multi_nnap_md.xyz,4862,6.713007194,18.41079264,6.348234546,8.311258775,4363,2.271040627418718,2.508411683138639,0.949965834143031,normalized_void>0.946305
nvt_scale,1.05,1.05,scale-1p05,W-potential/fcc-restart/01-nvt-round-1/md/scale-1p05/multi_nnap_md.xyz,4863,5.637367488,18.41079264,6.375077846,8.702028632,4364,2.318227999863736,2.5001631565351663,0.9468420173836087,normalized_void>0.946305
nvt_scale,1.05,1.05,scale-1p05,W-potential/fcc-restart/01-nvt-round-1/md/scale-1p05/multi_nnap_md.xyz,4864,5.765912289,18.41079264,7.984517387,11.29049329,4365,2.2690456925419236,2.501397209419558,0.9473093681321234,normalized_void>0.946305
nvt_scale,1.05,1.05,scale-1p05,W-potential/fcc-restart/01-nvt-round-1/md/scale-1p05/multi_nnap_md.xyz,4865,5.445682686,18.41079264,8.447041939,11.79406522,4366,2.277549170476717,2.5078798086212846,0.949764406832301,normalized_void>0.946305
nvt_scale,1.05,1.05,scale-1p05,W-potential/fcc-restart/01-nvt-round-1/md/scale-1p05/multi_nnap_md.xyz,4866,6.407138921,18.41079264,6.38356715,10.73506744,4367,2.238317675597491,2.5145119790433923,0.9522760899621344,normalized_void>0.946305
nvt_scale,1.05,1.05,scale-1p05,W-potential/fcc-restart/01-nvt-round-1/md/scale-1p05/multi_nnap_md.xyz,4867,5.516523005,18.41079264,6.203194784,10.0678693,4368,2.2254253199990712,2.50268399527303,0.9477966894936343,normalized_void>0.946305
nvt_scale,1.05,1.05,scale-1p05,W-potential/fcc-restart/01-nvt-round-1/md/scale-1p05/multi_nnap_md.xyz,4938,5.167702199,18.41079264,6.494309002,10.05057052,4439,2.2914695342240288,2.509948913612988,0.950548001910647,normalized_void>0.946305
nvt_scale,1.05,1.05,scale-1p05,W-potential/fcc-restart/01-nvt-round-1/md/scale-1p05/multi_nnap_md.xyz,4939,5.241061343,18.41079264,6.48426962,13.32675293,4440,2.329248244567498,2.5395416432984046,0.9617551264544942,normalized_void>0.946305
nvt_scale,1.05,1.05,scale-1p05,W-potential/fcc-restart/01-nvt-round-1/md/scale-1p05/multi_nnap_md.xyz,4940,5.426493904,18.41079264,6.285505096,10.03603478,4441,2.317797760556964,2.5642267603008335,0.9711036787363067,normalized_void>0.946305
nvt_scale,1.05,1.05,scale-1p05,W-potential/fcc-restart/01-nvt-round-1/md/scale-1p05/multi_nnap_md.xyz,4941,5.375031257,18.41079264,5.208998687,9.304793996,4442,2.2765933246885948,2.5706262152228523,0.9735272296924439,normalized_void>0.946305
nvt_scale,1.05,1.05,scale-1p05,W-potential/fcc-restart/01-nvt-round-1/md/scale-1p05/multi_nnap_md.xyz,4942,6.356878874,18.41079264,5.513123077,10.8203173,4443,2.2483492682196555,2.531864422469149,0.9588476700995475,normalized_void>0.946305
nvt_scale,1.05,1.05,scale-1p05,W-potential/fcc-restart/01-nvt-round-1/md/scale-1p05/multi_nnap_md.xyz,4943,10.9726003,18.41079264,10.69342429,12.94243159,4444,2.0828094710847815,2.509604142227481,0.9504174328182514,normalized_void>0.946305
nvt_scale,1.05,1.05,scale-1p05,W-potential/fcc-restart/01-nvt-round-1/md/scale-1p05/multi_nnap_md.xyz,4978,6.553231208,18.41079264,9.012356409,9.61494758,4479,2.2379842533271126,2.526690279836336,0.9568881597228438,normalized_void>0.946305
nvt_scale,1.05,1.05,scale-1p05,W-potential/fcc-restart/01-nvt-round-1/md/scale-1p05/multi_nnap_md.xyz,4979,4.956276631,18.41079264,7.14683425,9.206827862,4480,2.2427471654441646,2.5413778384592614,0.9624505157637364,normalized_void>0.946305
nvt_scale,1.05,1.05,scale-1p05,W-potential/fcc-restart/01-nvt-round-1/md/scale-1p05/multi_nnap_md.xyz,4980,10.57061604,18.41079264,7.531970187,9.311244584,4481,2.2360411052348534,2.5352686038265944,0.9601368747402919,normalized_void>0.946305
nvt_scale,1.05,1.05,scale-1p05,W-potential/fcc-restart/01-nvt-round-1/md/scale-1p05/multi_nnap_md.xyz,4981,9.087827322,18.41079264,6.552231211,11.46604286,4482,2.199137638355876,2.523587031933198,0.9557129222198958,normalized_void>0.946305
nvt_scale,1.05,1.05,scale-1p05,W-potential/fcc-restart/01-nvt-round-1/md/scale-1p05/multi_nnap_md.xyz,4982,8.427010728,18.41079264,6.769823276,9.970971263,4483,2.2040116163664023,2.518258104622243,0.9536947930140454,normalized_void>0.946305
nvt_scale,1.05,1.05,scale-1p05,W-potential/fcc-restart/01-nvt-round-1/md/scale-1p05/multi_nnap_md.xyz,4983,6.63537906,18.41079264,4.945173601,8.280166924,4484,2.235112785967002,2.514506439410529,0.9522739920361883,normalized_void>0.946305
nvt_scale,1.05,1.05,scale-1p05,W-potential/fcc-restart/01-nvt-round-1/md/scale-1p05/multi_nnap_md.xyz,4984,5.656931498,18.41079264,4.757936331,6.796166379,4485,2.2488505873955704,2.5058673443428394,0.9490022622769209,normalized_void>0.946305
nvt_scale,1.1,1.1,scale-1p1,W-potential/fcc-restart/01-nvt-round-1/md/scale-1p1/multi_nnap_md.xyz,506,8.316082268,21.16813735,5.781903822,8.096936979,7,2.1559313486496596,2.625593098207212,0.9491464050360193,normalized_void>0.946305
nvt_scale,1.1,1.1,scale-1p1,W-potential/fcc-restart/01-nvt-round-1/md/scale-1p1/multi_nnap_md.xyz,507,7.784342312,21.16813735,6.033656985,7.370374576,8,2.1287305844913087,2.6595865736145217,0.9614349751878678,normalized_void>0.946305
nvt_scale,1.1,1.1,scale-1p1,W-potential/fcc-restart/01-nvt-round-1/md/scale-1p1/multi_nnap_md.xyz,508,7.479529241,21.16813735,6.465994799,8.222132194,9,2.1870289508747685,2.6692983826388046,0.9649457738063165,normalized_void>0.946305
nvt_scale,1.1,1.1,scale-1p1,W-potential/fcc-restart/01-nvt-round-1/md/scale-1p1/multi_nnap_md.xyz,509,7.008814125,21.16813735,5.80709096,9.63588001,10,2.203621141184342,2.6646574253606623,0.9632680774719218,normalized_void>0.946305
nvt_scale,1.1,1.1,scale-1p1,W-potential/fcc-restart/01-nvt-round-1/md/scale-1p1/multi_nnap_md.xyz,510,5.962010148,21.16813735,5.748668757,9.478114045,11,2.244665462585272,2.644243506939783,0.9558884887248664,normalized_void>0.946305
nvt_scale,1.1,1.1,scale-1p1,W-potential/fcc-restart/01-nvt-round-1/md/scale-1p1/multi_nnap_md.xyz,519,10.45974792,21.16813735,8.256772629,9.165729386,20,2.2163116166125296,2.6390854130851444,0.9540238486013409,normalized_void>0.946305
nvt_scale,1.1,1.1,scale-1p1,W-potential/fcc-restart/01-nvt-round-1/md/scale-1p1/multi_nnap_md.xyz,520,10.24378725,21.16813735,8.30757518,9.827191485,21,2.1909206588919643,2.6642324730859346,0.9631144581147772,normalized_void>0.946305
nvt_scale,1.1,1.1,scale-1p1,W-potential/fcc-restart/01-nvt-round-1/md/scale-1p1/multi_nnap_md.xyz,521,7.951589539,21.16813735,6.882678523,11.62280607,22,2.2177721027247,2.6858068901563,0.9709135646926652,normalized_void>0.946305
nvt_scale,1.1,1.1,scale-1p1,W-potential/fcc-restart/01-nvt-round-1/md/scale-1p1/multi_nnap_md.xyz,522,4.834366771,21.16813735,5.886594928,9.959195028,23,2.2536782047981396,2.690462376915691,0.9725965134040957,normalized_void>0.946305
nvt_scale,1.1,1.1,scale-1p1,W-potential/fcc-restart/01-nvt-round-1/md/scale-1p1/multi_nnap_md.xyz,523,3.233640123,21.16813735,3.952755803,6.937406188,24,2.3570892824566543,2.691137918678364,0.9728407203362096,normalized_void>0.946305
nvt_scale,1.1,1.1,scale-1p1,W-potential/fcc-restart/01-nvt-round-1/md/scale-1p1/multi_nnap_md.xyz,524,3.153079821,21.16813735,2.62667603,6.630081339,25,2.3821478335078727,2.6633641166114357,0.9628005490682372,normalized_void>0.946305
nvt_scale,1.1,1.1,scale-1p1,W-potential/fcc-restart/01-nvt-round-1/md/scale-1p1/multi_nnap_md.xyz,525,3.068653962,21.16813735,2.473169792,4.888549345,26,2.3726807905202603,2.6341506877559393,0.9522399557318582,normalized_void>0.946305
nvt_scale,1.1,1.1,scale-1p1,W-potential/fcc-restart/01-nvt-round-1/md/scale-1p1/multi_nnap_md.xyz,587,10.79217552,21.16813735,12.49235411,10.44751334,88,2.0959504412609893,2.633256045449821,0.9519165444122499,normalized_void>0.946305
nvt_scale,1.1,1.1,scale-1p1,W-potential/fcc-restart/01-nvt-round-1/md/scale-1p1/multi_nnap_md.xyz,588,6.417517015,21.16813735,7.6059391,8.033315324,89,2.1610285604656805,2.6653186505549287,0.9635071089945464,normalized_void>0.946305
nvt_scale,1.1,1.1,scale-1p1,W-potential/fcc-restart/01-nvt-round-1/md/scale-1p1/multi_nnap_md.xyz,589,3.733682546,21.16813735,3.784464811,7.098344744,90,2.2946577192892343,2.7039477268400325,0.977471439153284,normalized_void>0.946305
nvt_scale,1.1,1.1,scale-1p1,W-potential/fcc-restart/01-nvt-round-1/md/scale-1p1/multi_nnap_md.xyz,590,3.750147521,21.16813735,2.933756965,5.268035702,91,2.349119490241707,2.7386689735354715,0.990023097101291,normalized_void>0.946305
nvt_scale,1.1,1.1,scale-1p1,W-potential/fcc-restart/01-nvt-round-1/md/scale-1p1/multi_nnap_md.xyz,591,3.846334085,21.16813735,3.238304975,5.578860503,92,2.3567172963927745,2.7396752736819914,0.9903868724963089,normalized_void>0.946305
nvt_scale,1.1,1.1,scale-1p1,W-potential/fcc-restart/01-nvt-round-1/md/scale-1p1/multi_nnap_md.xyz,592,3.941609312,21.16813735,3.671869851,7.050586359,93,2.3592325106969825,2.7520113198443985,0.994846327343064,normalized_void>0.946305
nvt_scale,1.1,1.1,scale-1p1,W-potential/fcc-restart/01-nvt-round-1/md/scale-1p1/multi_nnap_md.xyz,593,3.750101493,21.16813735,4.252673503,8.60678354,94,2.3695409705032913,2.7628084694562998,0.9987494743104177,normalized_void>0.946305
nvt_scale,1.1,1.1,scale-1p1,W-potential/fcc-restart/01-nvt-round-1/md/scale-1p1/multi_nnap_md.xyz,594,3.489047419,21.16813735,5.359704135,8.346954356,95,2.3311210849960866,2.768813291007996,1.000920204722745,normalized_void>0.946305
nvt_scale,1.1,1.1,scale-1p1,W-potential/fcc-restart/01-nvt-round-1/md/scale-1p1/multi_nnap_md.xyz,595,4.458303344,21.16813735,6.773621668,8.149660816,96,2.2799606255251237,2.774040492452661,1.0028098270953019,normalized_void>0.946305
nvt_scale,1.1,1.1,scale-1p1,W-potential/fcc-restart/01-nvt-round-1/md/scale-1p1/multi_nnap_md.xyz,596,5.563483681,21.16813735,6.332630556,8.196386737,97,2.2683999167667674,2.7744406476270047,1.0029544823526013,normalized_void>0.946305
nvt_scale,1.1,1.1,scale-1p1,W-potential/fcc-restart/01-nvt-round-1/md/scale-1p1/multi_nnap_md.xyz,597,6.304481226,21.16813735,7.071007925,8.689330908,98,2.2746663345906524,2.7901016951788375,1.0086159182365813,normalized_void>0.946305
nvt_scale,1.1,1.1,scale-1p1,W-potential/fcc-restart/01-nvt-round-1/md/scale-1p1/multi_nnap_md.xyz,598,7.628921859,21.16813735,8.563209556,11.43381621,99,2.215659754644195,2.8127876116401187,1.0168168295159699,normalized_void>0.946305
nvt_scale,1.1,1.1,scale-1p1,W-potential/fcc-restart/01-nvt-round-1/md/scale-1p1/multi_nnap_md.xyz,599,10.28145925,21.16813735,10.85244313,12.79862222,100,2.143164117252552,2.8348049455894704,1.0247760496178104,normalized_void>0.946305
nvt_scale,1.1,1.1,scale-1p1,W-potential/fcc-restart/01-nvt-round-1/md/scale-1p1/multi_nnap_md.xyz,600,9.350609131,21.16813735,10.34051075,11.61677391,101,2.1442414486813988,2.848744070767254,1.0298150141705715,normalized_void>0.946305
nvt_scale,1.1,1.1,scale-1p1,W-potential/fcc-restart/01-nvt-round-1/md/scale-1p1/multi_nnap_md.xyz,601,5.682521409,21.16813735,6.394810014,13.24770495,102,2.2060110945223346,2.8694114288723664,1.037286220832584,normalized_void>0.946305
nvt_scale,1.1,1.1,scale-1p1,W-potential/fcc-restart/01-nvt-round-1/md/scale-1p1/multi_nnap_md.xyz,602,5.529099955,21.16813735,6.031188414,12.30398846,103,2.2440448884662914,2.8832997430665914,1.0423068173212249,normalized_void>0.946305
nvt_scale,1.1,1.1,scale-1p1,W-potential/fcc-restart/01-nvt-round-1/md/scale-1p1/multi_nnap_md.xyz,603,15.60802896,21.16813735,10.39338945,9.876341183,104,2.143916662444849,2.90143798123471,1.0488637524238926,normalized_void>0.946305
nvt_scale,1.1,1.1,scale-1p1,W-potential/fcc-restart/01-nvt-round-1/md/scale-1p1/multi_nnap_md.xyz,604,21.00121516,21.16813735,12.729775,6.91133641,105,2.0963458416269205,2.897892244694107,1.0475819760919027,normalized_void>0.946305
nvt_scale,1.1,1.1,scale-1p1,W-potential/fcc-restart/01-nvt-round-1/md/scale-1p1/multi_nnap_md.xyz,605,9.741621086,21.16813735,7.33696642,7.192003557,106,2.1615128830897485,2.902252503479945,1.0491582005093232,normalized_void>0.946305
nvt_scale,1.1,1.1,scale-1p1,W-potential/fcc-restart/01-nvt-round-1/md/scale-1p1/multi_nnap_md.xyz,606,5.644962585,21.16813735,5.180390898,8.15668727,107,2.274402230825136,2.923836156950294,1.0569606460264573,normalized_void>0.946305
nvt_scale,1.1,1.1,scale-1p1,W-potential/fcc-restart/01-nvt-round-1/md/scale-1p1/multi_nnap_md.xyz,607,5.097712454,21.16813735,4.948123676,8.601083327,108,2.330701140855672,2.9540777251045793,1.0678929095656517,normalized_void>0.946305
nvt_scale,1.1,1.1,scale-1p1,W-potential/fcc-restart/01-nvt-round-1/md/scale-1p1/multi_nnap_md.xyz,608,4.940853687,21.16813735,4.621290241,8.560347981,109,2.2716386347017643,2.9559063607630294,1.0685539575256435,normalized_void>0.946305
nvt_scale,1.1,1.1,scale-1p1,W-potential/fcc-restart/01-nvt-round-1/md/scale-1p1/multi_nnap_md.xyz,609,5.29158931,21.16813735,4.432949401,10.15557731,110,2.2468024369334363,2.9090580448787224,1.051618389469061,normalized_void>0.946305
nvt_scale,1.1,1.1,scale-1p1,W-potential/fcc-restart/01-nvt-round-1/md/scale-1p1/multi_nnap_md.xyz,610,5.8373264,21.16813735,4.772274377,11.50625394,111,2.2917196507205757,2.8752661868941045,1.0394027035931772,normalized_void>0.946305
nvt_scale,1.1,1.1,scale-1p1,W-potential/fcc-restart/01-nvt-round-1/md/scale-1p1/multi_nnap_md.xyz,611,8.198075281,21.16813735,8.780021477,9.543659746,112,2.2182511431757037,2.858435764335943,1.03331854109396,normalized_void>0.946305
nvt_scale,1.1,1.1,scale-1p1,W-potential/fcc-restart/01-nvt-round-1/md/scale-1p1/multi_nnap_md.xyz,612,13.4135828,21.16813735,11.64077019,9.312680262,113,2.175056768031854,2.8458387722717062,1.0287647548503103,normalized_void>0.946305
nvt_scale,1.1,1.1,scale-1p1,W-potential/fcc-restart/01-nvt-round-1/md/scale-1p1/multi_nnap_md.xyz,613,6.2938033,21.16813735,7.529495608,11.0812873,114,2.2453494981683626,2.8373729847235585,1.0257043903853786,normalized_void>0.946305
nvt_scale,1.1,1.1,scale-1p1,W-potential/fcc-restart/01-nvt-round-1/md/scale-1p1/multi_nnap_md.xyz,614,6.937037117,21.16813735,6.151984983,10.72297411,115,2.2648074220547065,2.829660391226755,1.0229163039922533,normalized_void>0.946305
nvt_scale,1.1,1.1,scale-1p1,W-potential/fcc-restart/01-nvt-round-1/md/scale-1p1/multi_nnap_md.xyz,615,8.82526242,21.16813735,7.215328196,10.04177993,116,2.260801207943864,2.8404310468608696,1.0268098734421354,normalized_void>0.946305
nvt_scale,1.1,1.1,scale-1p1,W-potential/fcc-restart/01-nvt-round-1/md/scale-1p1/multi_nnap_md.xyz,616,10.01156986,21.16813735,8.8945063,9.629702161,117,2.215988933437715,2.850818673549959,1.0305649787307416,normalized_void>0.946305
nvt_scale,1.1,1.1,scale-1p1,W-potential/fcc-restart/01-nvt-round-1/md/scale-1p1/multi_nnap_md.xyz,617,9.259327878,21.16813735,9.059591367,8.090765219,118,2.164301032829467,2.864731038972403,1.0355942696880023,normalized_void>0.946305
nvt_scale,1.1,1.1,scale-1p1,W-potential/fcc-restart/01-nvt-round-1/md/scale-1p1/multi_nnap_md.xyz,618,8.148198076,21.16813735,8.302633734,7.519429752,119,2.1636818046265693,2.890812161080913,1.045022540696751,normalized_void>0.946305
nvt_scale,1.1,1.1,scale-1p1,W-potential/fcc-restart/01-nvt-round-1/md/scale-1p1/multi_nnap_md.xyz,619,5.8197397,21.16813735,5.245865926,9.940020723,120,2.2251175579085647,2.9121804392768076,1.0527471285033274,normalized_void>0.946305
nvt_scale,1.1,1.1,scale-1p1,W-potential/fcc-restart/01-nvt-round-1/md/scale-1p1/multi_nnap_md.xyz,620,5.706525508,21.16813735,4.116345183,9.058611281,121,2.2584779470865572,2.9349356952612045,1.0609731058750733,normalized_void>0.946305
nvt_scale,1.1,1.1,scale-1p1,W-potential/fcc-restart/01-nvt-round-1/md/scale-1p1/multi_nnap_md.xyz,621,5.637546904,21.16813735,4.354915939,9.531988056,122,2.2794333388882553,2.9645486165259536,1.0716781148805599,normalized_void>0.946305
nvt_scale,1.1,1.1,scale-1p1,W-potential/fcc-restart/01-nvt-round-1/md/scale-1p1/multi_nnap_md.xyz,622,5.352433736,21.16813735,3.738014772,8.730845765,123,2.315312116986463,2.9955679718900443,1.0828915468668279,normalized_void>0.946305
nvt_scale,1.1,1.1,scale-1p1,W-potential/fcc-restart/01-nvt-round-1/md/scale-1p1/multi_nnap_md.xyz,623,5.619967499,21.16813735,4.643876909,9.797625865,124,2.2888438166006164,3.0089647169783293,1.087734442153387,normalized_void>0.946305
nvt_scale,1.1,1.1,scale-1p1,W-potential/fcc-restart/01-nvt-round-1/md/scale-1p1/multi_nnap_md.xyz,624,6.9794211,21.16813735,5.594475828,10.92974191,125,2.2089037880366416,3.004707108269963,1.086195325523946,normalized_void>0.946305
nvt_scale,1.1,1.1,scale-1p1,W-potential/fcc-restart/01-nvt-round-1/md/scale-1p1/multi_nnap_md.xyz,625,8.086245327,21.16813735,6.295463933,12.02068284,126,2.1763751887649723,2.999493752167974,1.0843107082137642,normalized_void>0.946305
nvt_scale,1.1,1.1,scale-1p1,W-potential/fcc-restart/01-nvt-round-1/md/scale-1p1/multi_nnap_md.xyz,626,7.618973955,21.16813735,7.456296672,12.62129341,127,2.196703563305909,2.98532048830762,1.0791871030177163,normalized_void>0.946305
nvt_scale,1.1,1.1,scale-1p1,W-potential/fcc-restart/01-nvt-round-1/md/scale-1p1/multi_nnap_md.xyz,627,11.58930311,21.16813735,8.613133779,12.70905458,128,2.1776756485397235,2.9678289424711726,1.0728639458382878,normalized_void>0.946305
nvt_scale,1.1,1.1,scale-1p1,W-potential/fcc-restart/01-nvt-round-1/md/scale-1p1/multi_nnap_md.xyz,628,15.68616333,21.16813735,10.75047894,9.82806991,129,2.134502780229756,2.960658783184822,1.0702719482759762,normalized_void>0.946305
nvt_scale,1.1,1.1,scale-1p1,W-potential/fcc-restart/01-nvt-round-1/md/scale-1p1/multi_nnap_md.xyz,629,6.372329854,21.16813735,5.885427592,7.615463922,130,2.2177011677462923,2.954887177858075,1.068185525040438,normalized_void>0.946305
nvt_scale,1.1,1.1,scale-1p1,W-potential/fcc-restart/01-nvt-round-1/md/scale-1p1/multi_nnap_md.xyz,630,6.301340679,21.16813735,6.241342578,7.265964586,131,2.2643732242978554,2.938365074085521,1.0622128191363662,normalized_void>0.946305
nvt_scale,1.1,1.1,scale-1p1,W-potential/fcc-restart/01-nvt-round-1/md/scale-1p1/multi_nnap_md.xyz,631,6.521015371,21.16813735,5.935539726,7.0078838,132,2.3098295240176667,2.9252888513011914,1.0574857919912726,normalized_void>0.946305
nvt_scale,1.1,1.1,scale-1p1,W-potential/fcc-restart/01-nvt-round-1/md/scale-1p1/multi_nnap_md.xyz,632,6.362452007,21.16813735,4.924089189,8.48792444,133,2.296196482532564,2.9186399896175566,1.0550822424203534,normalized_void>0.946305
nvt_scale,1.1,1.1,scale-1p1,W-potential/fcc-restart/01-nvt-round-1/md/scale-1p1/multi_nnap_md.xyz,633,5.765320203,21.16813735,5.271101588,9.642376689,134,2.2966151303282394,2.930940548851676,1.0595288688168691,normalized_void>0.946305
nvt_scale,1.1,1.1,scale-1p1,W-potential/fcc-restart/01-nvt-round-1/md/scale-1p1/multi_nnap_md.xyz,634,5.172549025,21.16813735,5.690826555,9.750681536,135,2.2463753742646793,2.9542852819059786,1.0679679409145777,normalized_void>0.946305
nvt_scale,1.1,1.1,scale-1p1,W-potential/fcc-restart/01-nvt-round-1/md/scale-1p1/multi_nnap_md.xyz,635,5.064121861,21.16813735,5.275262364,9.361227714,136,2.276643282575204,2.938563454364498,1.062284533191659,normalized_void>0.946305
nvt_scale,1.1,1.1,scale-1p1,W-potential/fcc-restart/01-nvt-round-1/md/scale-1p1/multi_nnap_md.xyz,636,6.048416735,21.16813735,5.821902394,11.50650699,137,2.2677933010857574,2.908944383157387,1.0515773009948914,normalized_void>0.946305
nvt_scale,1.1,1.1,scale-1p1,W-potential/fcc-restart/01-nvt-round-1/md/scale-1p1/multi_nnap_md.xyz,637,6.846314993,21.16813735,5.68603608,11.84186766,138,2.2513912604987247,2.8763725012919683,1.0398026339305508,normalized_void>0.946305
nvt_scale,1.1,1.1,scale-1p1,W-potential/fcc-restart/01-nvt-round-1/md/scale-1p1/multi_nnap_md.xyz,638,7.413663491,21.16813735,6.970178842,10.79534831,139,2.223390703125436,2.858928769095755,1.0334967612819095,normalized_void>0.946305
nvt_scale,1.1,1.1,scale-1p1,W-potential/fcc-restart/01-nvt-round-1/md/scale-1p1/multi_nnap_md.xyz,639,8.442541076,21.16813735,7.305020293,10.50090918,140,2.2258369913113967,2.8347696801761555,1.0247633012447692,normalized_void>0.946305
nvt_scale,1.1,1.1,scale-1p1,W-potential/fcc-restart/01-nvt-round-1/md/scale-1p1/multi_nnap_md.xyz,640,12.03023178,21.16813735,7.039525477,8.779642842,141,2.1960834142625565,2.814905585912685,1.017582472778872,normalized_void>0.946305
nvt_scale,1.1,1.1,scale-1p1,W-potential/fcc-restart/01-nvt-round-1/md/scale-1p1/multi_nnap_md.xyz,641,10.24323886,21.16813735,7.279322035,8.756478607,142,2.2169912862303582,2.796923525745311,1.0110819956963193,normalized_void>0.946305
nvt_scale,1.1,1.1,scale-1p1,W-potential/fcc-restart/01-nvt-round-1/md/scale-1p1/multi_nnap_md.xyz,642,12.19649401,21.16813735,10.92938949,10.15556164,143,2.2492483434912107,2.774982933623846,1.0031505176045048,normalized_void>0.946305
nvt_scale,1.1,1.1,scale-1p1,W-potential/fcc-restart/01-nvt-round-1/md/scale-1p1/multi_nnap_md.xyz,643,9.114795337,21.16813735,8.823513695,11.41452854,144,2.2271389775300725,2.7679528639181643,1.0006091621321522,normalized_void>0.946305
nvt_scale,1.1,1.1,scale-1p1,W-potential/fcc-restart/01-nvt-round-1/md/scale-1p1/multi_nnap_md.xyz,644,6.30529878,21.16813735,8.483246053,13.14698791,145,2.1697567771024735,2.7760187468562916,1.0035249619182622,normalized_void>0.946305
nvt_scale,1.1,1.1,scale-1p1,W-potential/fcc-restart/01-nvt-round-1/md/scale-1p1/multi_nnap_md.xyz,645,6.72514325,21.16813735,8.667145764,13.48902959,146,2.165555288131571,2.760975625451479,0.9980869050420282,normalized_void>0.946305
nvt_scale,1.1,1.1,scale-1p1,W-potential/fcc-restart/01-nvt-round-1/md/scale-1p1/multi_nnap_md.xyz,646,5.493749387,21.16813735,6.452756524,11.89829516,147,2.209022634734477,2.73399339464589,0.9883328851268847,normalized_void>0.946305
nvt_scale,1.1,1.1,scale-1p1,W-potential/fcc-restart/01-nvt-round-1/md/scale-1p1/multi_nnap_md.xyz,647,6.550776167,21.16813735,5.859948467,10.54928129,148,2.238063363192729,2.699191606449895,0.9757521115951412,normalized_void>0.946305
nvt_scale,1.1,1.1,scale-1p1,W-potential/fcc-restart/01-nvt-round-1/md/scale-1p1/multi_nnap_md.xyz,648,10.97664,21.16813735,8.254852203,9.725104456,149,2.1689286016073215,2.68533679516081,0.9707436263365279,normalized_void>0.946305
nvt_scale,1.1,1.1,scale-1p1,W-potential/fcc-restart/01-nvt-round-1/md/scale-1p1/multi_nnap_md.xyz,649,12.47585014,21.16813735,8.965661684,9.034095889,150,2.172171539220234,2.6766476420118366,0.9676025156747933,normalized_void>0.946305
nvt_scale,1.1,1.1,scale-1p1,W-potential/fcc-restart/01-nvt-round-1/md/scale-1p1/multi_nnap_md.xyz,650,6.940484434,21.16813735,6.073706225,8.889970176,151,2.2466098581918965,2.6631883096454425,0.9627369952183026,normalized_void>0.946305
nvt_scale,1.1,1.1,scale-1p1,W-potential/fcc-restart/01-nvt-round-1/md/scale-1p1/multi_nnap_md.xyz,651,5.138573196,21.16813735,5.485704171,9.45614352,152,2.2623189913334842,2.6358943535861306,0.9528702872769251,normalized_void>0.946305
nvt_scale,1.1,1.1,scale-1p1,W-potential/fcc-restart/01-nvt-round-1/md/scale-1p1/multi_nnap_md.xyz,668,4.538176124,21.16813735,3.785638149,10.4760445,169,2.3359794356564687,2.6259883829004322,0.9492892996245952,normalized_void>0.946305
nvt_scale,1.1,1.1,scale-1p1,W-potential/fcc-restart/01-nvt-round-1/md/scale-1p1/multi_nnap_md.xyz,669,4.125041787,21.16813735,3.489964817,10.16980211,170,2.338449844032378,2.630558563109737,0.9509414101968655,normalized_void>0.946305
nvt_scale,1.1,1.1,scale-1p1,W-potential/fcc-restart/01-nvt-round-1/md/scale-1p1/multi_nnap_md.xyz,723,12.70364209,21.16813735,8.513789466,8.040101172,224,2.1338869524328974,2.62738581487183,0.9497944683549823,normalized_void>0.946305
nvt_scale,1.1,1.1,scale-1p1,W-potential/fcc-restart/01-nvt-round-1/md/scale-1p1/multi_nnap_md.xyz,724,8.48102799,21.16813735,5.782122985,7.82695515,225,2.1699382122779864,2.6347863828159563,0.9524697581644309,normalized_void>0.946305
nvt_scale,1.1,1.1,scale-1p1,W-potential/fcc-restart/01-nvt-round-1/md/scale-1p1/multi_nnap_md.xyz,725,7.161339232,21.16813735,6.949248402,9.187362147,226,2.1961830294635005,2.64389067765183,0.9557609416763612,normalized_void>0.946305
nvt_scale,1.1,1.1,scale-1p1,W-potential/fcc-restart/01-nvt-round-1/md/scale-1p1/multi_nnap_md.xyz,726,6.176343713,21.16813735,6.811775485,9.123019818,227,2.2355772555245146,2.6417903358795325,0.9550016725253704,normalized_void>0.946305
nvt_scale,1.1,1.1,scale-1p1,W-potential/fcc-restart/01-nvt-round-1/md/scale-1p1/multi_nnap_md.xyz,727,5.457236793,21.16813735,6.452589962,9.160675665,228,2.286325460706308,2.6446223707798384,0.9560254472094207,normalized_void>0.946305
nvt_scale,1.1,1.1,scale-1p1,W-potential/fcc-restart/01-nvt-round-1/md/scale-1p1/multi_nnap_md.xyz,728,8.208124036,21.16813735,8.084848701,16.27975031,229,2.199552837209768,2.6576966743296326,0.9607517805552503,normalized_void>0.946305
nvt_scale,1.1,1.1,scale-1p1,W-potential/fcc-restart/01-nvt-round-1/md/scale-1p1/multi_nnap_md.xyz,729,12.26521056,21.16813735,13.98726589,16.64223404,230,2.108006176056417,2.6592009810683397,0.9612955842901437,normalized_void>0.946305
nvt_scale,1.1,1.1,scale-1p1,W-potential/fcc-restart/01-nvt-round-1/md/scale-1p1/multi_nnap_md.xyz,730,13.97827507,21.16813735,14.74254555,13.70375158,231,2.082800618944157,2.6487977509129976,0.9575348383811727,normalized_void>0.946305
nvt_scale,1.1,1.1,scale-1p1,W-potential/fcc-restart/01-nvt-round-1/md/scale-1p1/multi_nnap_md.xyz,786,5.667180217,21.16813735,5.983869222,14.18980764,287,2.2895448608851177,2.6624708502811023,0.9624776351609929,normalized_void>0.946305
nvt_scale,1.1,1.1,scale-1p1,W-potential/fcc-restart/01-nvt-round-1/md/scale-1p1/multi_nnap_md.xyz,787,6.024345351,21.16813735,7.60769227,16.53059413,288,2.2714715957083866,2.7011602641862402,0.9764637772429806,normalized_void>0.946305
nvt_scale,1.1,1.1,scale-1p1,W-potential/fcc-restart/01-nvt-round-1/md/scale-1p1/multi_nnap_md.xyz,788,5.79577036,21.16813735,7.158240105,13.77401022,289,2.275457175296107,2.70417600716291,0.9775539620118137,normalized_void>0.946305
nvt_scale,1.1,1.1,scale-1p1,W-potential/fcc-restart/01-nvt-round-1/md/scale-1p1/multi_nnap_md.xyz,789,6.64205372,21.16813735,6.159914769,11.11757842,290,2.257566641879753,2.704783738111696,0.9777736554767543,normalized_void>0.946305
nvt_scale,1.1,1.1,scale-1p1,W-potential/fcc-restart/01-nvt-round-1/md/scale-1p1/multi_nnap_md.xyz,790,8.393002437,21.16813735,8.846603184,8.521235345,291,2.1920732107228456,2.7071144144431196,0.9786161900883754,normalized_void>0.946305
nvt_scale,1.1,1.1,scale-1p1,W-potential/fcc-restart/01-nvt-round-1/md/scale-1p1/multi_nnap_md.xyz,791,8.077618203,21.16813735,9.176149278,9.930967861,292,2.172054975387316,2.6998010830342487,0.9759724361036828,normalized_void>0.946305
nvt_scale,1.1,1.1,scale-1p1,W-potential/fcc-restart/01-nvt-round-1/md/scale-1p1/multi_nnap_md.xyz,792,7.879413768,21.16813735,8.127365879,10.23562343,293,2.1901758380254894,2.6837994333435957,0.9701878732599963,normalized_void>0.946305
nvt_scale,1.1,1.1,scale-1p1,W-potential/fcc-restart/01-nvt-round-1/md/scale-1p1/multi_nnap_md.xyz,793,6.677148385,21.16813735,7.311223138,11.21422601,294,2.1767378645723805,2.6781150085829823,0.9681329656164936,normalized_void>0.946305
nvt_scale,1.1,1.1,scale-1p1,W-potential/fcc-restart/01-nvt-round-1/md/scale-1p1/multi_nnap_md.xyz,794,6.237241777,21.16813735,5.90822417,11.17373021,295,2.1936812117476947,2.67389081147514,0.9666059272106532,normalized_void>0.946305
nvt_scale,1.1,1.1,scale-1p1,W-potential/fcc-restart/01-nvt-round-1/md/scale-1p1/multi_nnap_md.xyz,795,5.509290301,21.16813735,5.391598835,12.30079772,296,2.253157386889249,2.669873968351501,0.9651538468357471,normalized_void>0.946305
nvt_scale,1.1,1.1,scale-1p1,W-potential/fcc-restart/01-nvt-round-1/md/scale-1p1/multi_nnap_md.xyz,796,7.110534574,21.16813735,7.605728317,12.2170839,297,2.216700275853787,2.679726939092105,0.9687156751189472,normalized_void>0.946305
nvt_scale,1.1,1.1,scale-1p1,W-potential/fcc-restart/01-nvt-round-1/md/scale-1p1/multi_nnap_md.xyz,797,17.96707527,21.16813735,12.5248341,11.81448067,298,2.1524394724833433,2.703407541659152,0.9772761633419497,normalized_void>0.946305
nvt_scale,1.1,1.1,scale-1p1,W-potential/fcc-restart/01-nvt-round-1/md/scale-1p1/multi_nnap_md.xyz,798,20.08529142,21.16813735,13.52318805,11.12009471,299,2.1381235795802715,2.728792215806713,0.9864526698717008,normalized_void>0.946305
nvt_scale,1.1,1.1,scale-1p1,W-potential/fcc-restart/01-nvt-round-1/md/scale-1p1/multi_nnap_md.xyz,799,9.918917296,21.16813735,7.92694069,10.30578297,300,2.2211553820285665,2.7666810654312695,1.0001494096432417,normalized_void>0.946305
nvt_scale,1.1,1.1,scale-1p1,W-potential/fcc-restart/01-nvt-round-1/md/scale-1p1/multi_nnap_md.xyz,800,6.929258244,21.16813735,4.51862811,9.481793185,301,2.326790321347741,2.811585063348053,1.0163821108274282,normalized_void>0.946305
nvt_scale,1.1,1.1,scale-1p1,W-potential/fcc-restart/01-nvt-round-1/md/scale-1p1/multi_nnap_md.xyz,801,11.63964093,21.16813735,8.783879333,8.668503842,302,2.2557227182724753,2.8436792833133646,1.0279841041154631,normalized_void>0.946305
nvt_scale,1.1,1.1,scale-1p1,W-potential/fcc-restart/01-nvt-round-1/md/scale-1p1/multi_nnap_md.xyz,802,12.88532041,21.16813735,10.12482906,10.39423161,303,2.2025413685911475,2.880012310573417,1.0411184173612975,normalized_void>0.946305
nvt_scale,1.1,1.1,scale-1p1,W-potential/fcc-restart/01-nvt-round-1/md/scale-1p1/multi_nnap_md.xyz,803,10.02347912,21.16813735,7.8453485,9.571621394,304,2.2475809219009255,2.914040269250384,1.0534194531428933,normalized_void>0.946305
nvt_scale,1.1,1.1,scale-1p1,W-potential/fcc-restart/01-nvt-round-1/md/scale-1p1/multi_nnap_md.xyz,804,6.350579077,21.16813735,5.473279924,9.361341177,305,2.2702509908857755,2.8996619241066446,1.0482217114924959,normalized_void>0.946305
nvt_scale,1.1,1.1,scale-1p1,W-potential/fcc-restart/01-nvt-round-1/md/scale-1p1/multi_nnap_md.xyz,805,8.284416317,21.16813735,9.381050162,10.13789545,306,2.228785574304668,2.873069629851794,1.0386086528236238,normalized_void>0.946305
nvt_scale,1.1,1.1,scale-1p1,W-potential/fcc-restart/01-nvt-round-1/md/scale-1p1/multi_nnap_md.xyz,806,11.87800798,21.16813735,11.94135895,11.05745572,307,2.192381417093328,2.85963728049023,1.0337528866668566,normalized_void>0.946305
nvt_scale,1.1,1.1,scale-1p1,W-potential/fcc-restart/01-nvt-round-1/md/scale-1p1/multi_nnap_md.xyz,807,4.780804897,21.16813735,6.477232281,10.34174163,308,2.2423838627739374,2.8665985157353764,1.0362693586259168,normalized_void>0.946305
nvt_scale,1.1,1.1,scale-1p1,W-potential/fcc-restart/01-nvt-round-1/md/scale-1p1/multi_nnap_md.xyz,808,4.946530692,21.16813735,4.963745291,10.08231158,309,2.26764841024875,2.8758087469126408,1.0395988379033496,normalized_void>0.946305
nvt_scale,1.1,1.1,scale-1p1,W-potential/fcc-restart/01-nvt-round-1/md/scale-1p1/multi_nnap_md.xyz,809,10.23075763,21.16813735,8.278591948,7.985391104,310,2.1872074283897405,2.873487752247647,1.038759803193862,normalized_void>0.946305
nvt_scale,1.1,1.1,scale-1p1,W-potential/fcc-restart/01-nvt-round-1/md/scale-1p1/multi_nnap_md.xyz,810,14.20714609,21.16813735,10.81540618,6.746165269,311,2.1580923670178342,2.8771437403154456,1.0400814352219836,normalized_void>0.946305
nvt_scale,1.1,1.1,scale-1p1,W-potential/fcc-restart/01-nvt-round-1/md/scale-1p1/multi_nnap_md.xyz,811,10.42721854,21.16813735,8.666560165,8.15442313,312,2.203037030158767,2.8643042798658596,1.0354399971649413,normalized_void>0.946305
nvt_scale,1.1,1.1,scale-1p1,W-potential/fcc-restart/01-nvt-round-1/md/scale-1p1/multi_nnap_md.xyz,812,5.339381229,21.16813735,7.026640206,9.872788338,313,2.1955054397065843,2.830717666598399,1.0232985068243732,normalized_void>0.946305
nvt_scale,1.1,1.1,scale-1p1,W-potential/fcc-restart/01-nvt-round-1/md/scale-1p1/multi_nnap_md.xyz,813,5.493553657,21.16813735,5.03034168,11.07878629,314,2.221064563672855,2.805392999733008,1.0141436928014258,normalized_void>0.946305
nvt_scale,1.1,1.1,scale-1p1,W-potential/fcc-restart/01-nvt-round-1/md/scale-1p1/multi_nnap_md.xyz,814,5.458095553,21.16813735,5.412003926,12.20454906,315,2.2175509778052143,2.805782579005,1.0142845248921792,normalized_void>0.946305
nvt_scale,1.1,1.1,scale-1p1,W-potential/fcc-restart/01-nvt-round-1/md/scale-1p1/multi_nnap_md.xyz,815,6.346540079,21.16813735,6.134685762,14.3695828,316,2.1788915099419137,2.8132069562580932,1.0169684217169448,normalized_void>0.946305
nvt_scale,1.1,1.1,scale-1p1,W-potential/fcc-restart/01-nvt-round-1/md/scale-1p1/multi_nnap_md.xyz,816,8.292139765,21.16813735,6.767882231,13.23163124,317,2.1618931269847628,2.8290221691197677,1.0226855880374943,normalized_void>0.946305
nvt_scale,1.1,1.1,scale-1p1,W-potential/fcc-restart/01-nvt-round-1/md/scale-1p1/multi_nnap_md.xyz,817,7.74083103,21.16813735,6.545617231,11.11325231,318,2.1742318845959128,2.839561708648943,1.0264956094995716,normalized_void>0.946305
nvt_scale,1.1,1.1,scale-1p1,W-potential/fcc-restart/01-nvt-round-1/md/scale-1p1/multi_nnap_md.xyz,818,5.674309667,21.16813735,4.973705489,10.40297152,319,2.2177929969993597,2.844382375757155,1.0282382705610893,normalized_void>0.946305
nvt_scale,1.1,1.1,scale-1p1,W-potential/fcc-restart/01-nvt-round-1/md/scale-1p1/multi_nnap_md.xyz,819,6.032539569,21.16813735,4.809071846,11.534606,320,2.2196672978727414,2.8299460246518344,1.0230195598770884,normalized_void>0.946305
nvt_scale,1.1,1.1,scale-1p1,W-potential/fcc-restart/01-nvt-round-1/md/scale-1p1/multi_nnap_md.xyz,820,5.558113378,21.16813735,5.345040365,11.61662999,321,2.1696124881232284,2.8048957584078873,1.013963941103992,normalized_void>0.946305
nvt_scale,1.1,1.1,scale-1p1,W-potential/fcc-restart/01-nvt-round-1/md/scale-1p1/multi_nnap_md.xyz,821,7.168159045,21.16813735,6.254611918,9.555222807,322,2.157038942242272,2.786504226545863,1.0073154408615648,normalized_void>0.946305
nvt_scale,1.1,1.1,scale-1p1,W-potential/fcc-restart/01-nvt-round-1/md/scale-1p1/multi_nnap_md.xyz,822,5.3288042,21.16813735,5.311791056,10.22350847,323,2.1885106426922665,2.783531588390779,1.006240838395441,normalized_void>0.946305
nvt_scale,1.1,1.1,scale-1p1,W-potential/fcc-restart/01-nvt-round-1/md/scale-1p1/multi_nnap_md.xyz,823,4.648731615,21.16813735,5.064316656,8.879558081,324,2.2281901556329955,2.8036922725495224,1.0135288834871972,normalized_void>0.946305
nvt_scale,1.1,1.1,scale-1p1,W-potential/fcc-restart/01-nvt-round-1/md/scale-1p1/multi_nnap_md.xyz,824,4.844788278,21.16813735,4.116546565,8.231132098,325,2.254991298671349,2.817788712240383,1.0186247169069007,normalized_void>0.946305
nvt_scale,1.1,1.1,scale-1p1,W-potential/fcc-restart/01-nvt-round-1/md/scale-1p1/multi_nnap_md.xyz,825,8.625675981,21.16813735,5.237034534,7.555774281,326,2.153430749637737,2.830978418651172,1.0233927681452397,normalized_void>0.946305
nvt_scale,1.1,1.1,scale-1p1,W-potential/fcc-restart/01-nvt-round-1/md/scale-1p1/multi_nnap_md.xyz,826,18.74426092,21.16813735,9.772396615,8.263129326,327,2.0713451725742362,2.849217772496706,1.0299862563534807,normalized_void>0.946305
nvt_scale,1.1,1.1,scale-1p1,W-potential/fcc-restart/01-nvt-round-1/md/scale-1p1/multi_nnap_md.xyz,827,16.28183145,21.16813735,8.980041396,9.426275785,328,2.0943535781907903,2.8636353963662646,1.0351981971809827,normalized_void>0.946305
nvt_scale,1.1,1.1,scale-1p1,W-potential/fcc-restart/01-nvt-round-1/md/scale-1p1/multi_nnap_md.xyz,828,8.994115841,21.16813735,6.297848045,12.39940246,329,2.179592346870576,2.877134864408367,1.0400782266001676,normalized_void>0.946305
nvt_scale,1.1,1.1,scale-1p1,W-potential/fcc-restart/01-nvt-round-1/md/scale-1p1/multi_nnap_md.xyz,829,5.11896556,21.16813735,5.740308283,11.2090221,330,2.194391173266356,2.889296831980033,1.0444747524010214,normalized_void>0.946305
nvt_scale,1.1,1.1,scale-1p1,W-potential/fcc-restart/01-nvt-round-1/md/scale-1p1/multi_nnap_md.xyz,830,5.98801727,21.16813735,5.756558759,12.87743379,331,2.165269947445823,2.8889641972221836,1.044354505632846,normalized_void>0.946305
nvt_scale,1.1,1.1,scale-1p1,W-potential/fcc-restart/01-nvt-round-1/md/scale-1p1/multi_nnap_md.xyz,831,5.017516246,21.16813735,5.880551817,13.59021185,332,2.1957513796640638,2.877710238408305,1.0402862230958794,normalized_void>0.946305
nvt_scale,1.1,1.1,scale-1p1,W-potential/fcc-restart/01-nvt-round-1/md/scale-1p1/multi_nnap_md.xyz,832,5.057261927,21.16813735,6.257923427,13.45659698,333,2.23081638555762,2.877860149974674,1.0403404158130942,normalized_void>0.946305
nvt_scale,1.1,1.1,scale-1p1,W-potential/fcc-restart/01-nvt-round-1/md/scale-1p1/multi_nnap_md.xyz,833,7.8147646,21.16813735,9.187541726,12.50525056,334,2.1793999419847325,2.885090354873338,1.0429541197384766,normalized_void>0.946305
nvt_scale,1.1,1.1,scale-1p1,W-potential/fcc-restart/01-nvt-round-1/md/scale-1p1/multi_nnap_md.xyz,834,9.79955846,21.16813735,10.04848072,11.81411297,335,2.1710306685765857,2.888918519403597,1.0443379931971106,normalized_void>0.946305
nvt_scale,1.1,1.1,scale-1p1,W-potential/fcc-restart/01-nvt-round-1/md/scale-1p1/multi_nnap_md.xyz,835,8.594278748,21.16813735,7.916131534,12.40163531,336,2.2288414668084724,2.881082818831272,1.041505403854063,normalized_void>0.946305
nvt_scale,1.1,1.1,scale-1p1,W-potential/fcc-restart/01-nvt-round-1/md/scale-1p1/multi_nnap_md.xyz,836,4.968710442,21.16813735,6.408654767,10.10222807,337,2.253619707082388,2.853663836733568,1.0315934992617053,normalized_void>0.946305
nvt_scale,1.1,1.1,scale-1p1,W-potential/fcc-restart/01-nvt-round-1/md/scale-1p1/multi_nnap_md.xyz,837,4.707686386,21.16813735,6.684993452,12.05919588,338,2.211416808899736,2.825103593479681,1.0212690311520463,normalized_void>0.946305
nvt_scale,1.1,1.1,scale-1p1,W-potential/fcc-restart/01-nvt-round-1/md/scale-1p1/multi_nnap_md.xyz,838,5.166528817,21.16813735,6.151014631,13.23586605,339,2.2541655707646044,2.8086639477720463,1.015326133665714,normalized_void>0.946305
nvt_scale,1.1,1.1,scale-1p1,W-potential/fcc-restart/01-nvt-round-1/md/scale-1p1/multi_nnap_md.xyz,839,6.019691976,21.16813735,5.614773077,12.07998764,340,2.2807529205429273,2.8186454505648793,1.018934426016552,normalized_void>0.946305
nvt_scale,1.1,1.1,scale-1p1,W-potential/fcc-restart/01-nvt-round-1/md/scale-1p1/multi_nnap_md.xyz,840,6.569276267,21.16813735,6.05257374,9.72680655,341,2.2665607113651265,2.8360780349316337,1.0252362687481962,normalized_void>0.946305
nvt_scale,1.1,1.1,scale-1p1,W-potential/fcc-restart/01-nvt-round-1/md/scale-1p1/multi_nnap_md.xyz,841,15.2492683,21.16813735,11.53920938,8.567666552,342,2.151779297800144,2.8626501813178695,1.0348420440047688,normalized_void>0.946305
nvt_scale,1.1,1.1,scale-1p1,W-potential/fcc-restart/01-nvt-round-1/md/scale-1p1/multi_nnap_md.xyz,842,15.84713897,21.16813735,12.99068518,9.926749248,343,2.134698836993422,2.8950052222792673,1.0465383235365335,normalized_void>0.946305
nvt_scale,1.1,1.1,scale-1p1,W-potential/fcc-restart/01-nvt-round-1/md/scale-1p1/multi_nnap_md.xyz,843,8.385416332,21.16813735,9.794496388,11.16983066,344,2.2135746040291213,2.9130938762629275,1.053077334060386,normalized_void>0.946305
nvt_scale,1.1,1.1,scale-1p1,W-potential/fcc-restart/01-nvt-round-1/md/scale-1p1/multi_nnap_md.xyz,844,7.342454323,21.16813735,7.969104695,11.26797571,345,2.2157802211997764,2.912449661530137,1.0528444517839524,normalized_void>0.946305
nvt_scale,1.1,1.1,scale-1p1,W-potential/fcc-restart/01-nvt-round-1/md/scale-1p1/multi_nnap_md.xyz,845,8.895018061,21.16813735,7.555497256,12.3476112,346,2.212157467398581,2.91682407042554,1.0544257914363395,normalized_void>0.946305
nvt_scale,1.1,1.1,scale-1p1,W-potential/fcc-restart/01-nvt-round-1/md/scale-1p1/multi_nnap_md.xyz,846,7.996264019,21.16813735,8.514175838,11.64238218,347,2.238536307759753,2.925296279824789,1.0574884773869921,normalized_void>0.946305
nvt_scale,1.1,1.1,scale-1p1,W-potential/fcc-restart/01-nvt-round-1/md/scale-1p1/multi_nnap_md.xyz,847,9.778444991,21.16813735,7.803466366,9.61712346,348,2.1449369418883197,2.9495382746200947,1.0662519077245327,normalized_void>0.946305
nvt_scale,1.1,1.1,scale-1p1,W-potential/fcc-restart/01-nvt-round-1/md/scale-1p1/multi_nnap_md.xyz,848,10.58217912,21.16813735,9.092860243,10.04354301,349,2.116768357807381,2.999395724744539,1.0842752715055355,normalized_void>0.946305
nvt_scale,1.1,1.1,scale-1p1,W-potential/fcc-restart/01-nvt-round-1/md/scale-1p1/multi_nnap_md.xyz,849,6.388138233,21.16813735,6.036483896,9.152695942,350,2.1968441228377635,3.0572056563033057,1.1051734406665712,normalized_void>0.946305
nvt_scale,1.1,1.1,scale-1p1,W-potential/fcc-restart/01-nvt-round-1/md/scale-1p1/multi_nnap_md.xyz,850,6.857298356,21.16813735,6.536058847,9.240366077,351,2.2154357104580393,3.0860068652796757,1.1155850173801443,normalized_void>0.946305
nvt_scale,1.1,1.1,scale-1p1,W-potential/fcc-restart/01-nvt-round-1/md/scale-1p1/multi_nnap_md.xyz,851,5.99172362,21.16813735,5.960676444,8.895543991,352,2.2266794010725,3.103456478144221,1.1218930158780693,normalized_void>0.946305
nvt_scale,1.1,1.1,scale-1p1,W-potential/fcc-restart/01-nvt-round-1/md/scale-1p1/multi_nnap_md.xyz,852,4.674514481,21.16813735,4.732808319,9.31718087,353,2.2868507343456073,3.120612282119749,1.1280948030780713,normalized_void>0.946305
nvt_scale,1.1,1.1,scale-1p1,W-potential/fcc-restart/01-nvt-round-1/md/scale-1p1/multi_nnap_md.xyz,853,5.288345602,21.16813735,5.049604337,10.25325603,354,2.305081513990344,3.14106674613046,1.135489048970918,normalized_void>0.946305
nvt_scale,1.1,1.1,scale-1p1,W-potential/fcc-restart/01-nvt-round-1/md/scale-1p1/multi_nnap_md.xyz,854,5.377332757,21.16813735,4.760750442,9.508203244,355,2.2600024756396833,3.1520385838970886,1.1394553453402771,normalized_void>0.946305
nvt_scale,1.1,1.1,scale-1p1,W-potential/fcc-restart/01-nvt-round-1/md/scale-1p1/multi_nnap_md.xyz,855,5.647660549,21.16813735,5.516864841,7.821899245,356,2.2337468615087905,3.146862107209614,1.137584059861189,normalized_void>0.946305
nvt_scale,1.1,1.1,scale-1p1,W-potential/fcc-restart/01-nvt-round-1/md/scale-1p1/multi_nnap_md.xyz,856,6.077775676,21.16813735,7.096753021,10.28989521,357,2.157842259628798,3.145655130546589,1.137147740325822,normalized_void>0.946305
nvt_scale,1.1,1.1,scale-1p1,W-potential/fcc-restart/01-nvt-round-1/md/scale-1p1/multi_nnap_md.xyz,857,8.76200027,21.16813735,11.10147517,14.49855646,358,2.09047497479547,3.1270623823794135,1.130426500810581,normalized_void>0.946305
nvt_scale,1.1,1.1,scale-1p1,W-potential/fcc-restart/01-nvt-round-1/md/scale-1p1/multi_nnap_md.xyz,858,9.480773431,21.16813735,8.293611618,12.73952935,359,2.119757899405226,3.116256491639828,1.1265201939438798,normalized_void>0.946305
nvt_scale,1.1,1.1,scale-1p1,W-potential/fcc-restart/01-nvt-round-1/md/scale-1p1/multi_nnap_md.xyz,859,10.05882837,21.16813735,8.844434223,7.373238303,360,2.2037816551961025,3.0797953902318995,1.113339582161872,normalized_void>0.946305
nvt_scale,1.1,1.1,scale-1p1,W-potential/fcc-restart/01-nvt-round-1/md/scale-1p1/multi_nnap_md.xyz,860,5.979348694,21.16813735,6.116668302,5.757999422,361,2.269461629520012,3.041927136388542,1.0996502877220913,normalized_void>0.946305
nvt_scale,1.1,1.1,scale-1p1,W-potential/fcc-restart/01-nvt-round-1/md/scale-1p1/multi_nnap_md.xyz,861,4.738920815,21.16813735,3.265306447,5.721598591,362,2.3140119826885797,2.998292357341614,1.083876406500659,normalized_void>0.946305
nvt_scale,1.1,1.1,scale-1p1,W-potential/fcc-restart/01-nvt-round-1/md/scale-1p1/multi_nnap_md.xyz,862,6.102414306,21.16813735,3.3886737,8.509711922,363,2.3168301640923428,2.974609678734993,1.0753151677936994,normalized_void>0.946305
nvt_scale,1.1,1.1,scale-1p1,W-potential/fcc-restart/01-nvt-round-1/md/scale-1p1/multi_nnap_md.xyz,863,6.981059845,21.16813735,4.188226178,7.144327254,364,2.268726263397578,2.9508868321603834,1.0667394084504538,normalized_void>0.946305
nvt_scale,1.1,1.1,scale-1p1,W-potential/fcc-restart/01-nvt-round-1/md/scale-1p1/multi_nnap_md.xyz,864,7.41068484,21.16813735,6.888553218,9.154337854,365,2.2182061865090774,2.9274225386729977,1.058257115506635,normalized_void>0.946305
nvt_scale,1.1,1.1,scale-1p1,W-potential/fcc-restart/01-nvt-round-1/md/scale-1p1/multi_nnap_md.xyz,865,11.34370702,21.16813735,9.395777988,9.393124697,366,2.181828004357742,2.9030179124912654,1.0494348942635736,normalized_void>0.946305
nvt_scale,1.1,1.1,scale-1p1,W-potential/fcc-restart/01-nvt-round-1/md/scale-1p1/multi_nnap_md.xyz,866,7.834549049,21.16813735,6.804301138,11.00775838,367,2.214833524287375,2.880362752807994,1.0412451014950077,normalized_void>0.946305
nvt_scale,1.1,1.1,scale-1p1,W-potential/fcc-restart/01-nvt-round-1/md/scale-1p1/multi_nnap_md.xyz,867,12.98621928,21.16813735,8.560342584,12.00680041,368,2.17004830551829,2.8435181804027456,1.027925865750745,normalized_void>0.946305
nvt_scale,1.1,1.1,scale-1p1,W-potential/fcc-restart/01-nvt-round-1/md/scale-1p1/multi_nnap_md.xyz,868,16.16546537,21.16813735,10.1470978,11.91148224,369,2.1681152614916908,2.81848491420978,1.0188763924604676,normalized_void>0.946305
nvt_scale,1.1,1.1,scale-1p1,W-potential/fcc-restart/01-nvt-round-1/md/scale-1p1/multi_nnap_md.xyz,869,11.53146663,21.16813735,10.96095195,10.53986779,370,2.1513574972534766,2.8162993620150973,1.0180863199202792,normalized_void>0.946305
nvt_scale,1.1,1.1,scale-1p1,W-potential/fcc-restart/01-nvt-round-1/md/scale-1p1/multi_nnap_md.xyz,870,7.812014334,21.16813735,7.968173076,8.164560442,371,2.1815618869507016,2.8072996219369504,1.014832932734251,normalized_void>0.946305
nvt_scale,1.1,1.1,scale-1p1,W-potential/fcc-restart/01-nvt-round-1/md/scale-1p1/multi_nnap_md.xyz,871,5.092742649,21.16813735,4.664734481,6.463436404,372,2.261142279850559,2.7725192124868787,1.0022598875743756,normalized_void>0.946305
nvt_scale,1.1,1.1,scale-1p1,W-potential/fcc-restart/01-nvt-round-1/md/scale-1p1/multi_nnap_md.xyz,872,4.264218433,21.16813735,5.275511912,6.199113416,373,2.3641018382944368,2.7800727887840813,1.0049904895829467,normalized_void>0.946305
nvt_scale,1.1,1.1,scale-1p1,W-potential/fcc-restart/01-nvt-round-1/md/scale-1p1/multi_nnap_md.xyz,873,5.116942112,21.16813735,5.962845282,9.108244989,374,2.333505481715364,2.7821463737537795,1.0057400862058465,normalized_void>0.946305
nvt_scale,1.1,1.1,scale-1p1,W-potential/fcc-restart/01-nvt-round-1/md/scale-1p1/multi_nnap_md.xyz,874,7.807431941,21.16813735,6.871061427,12.00056957,375,2.275103389617449,2.7554222068625323,0.9960793558551576,normalized_void>0.946305
nvt_scale,1.1,1.1,scale-1p1,W-potential/fcc-restart/01-nvt-round-1/md/scale-1p1/multi_nnap_md.xyz,875,12.29806774,21.16813735,8.694799631,11.7112048,376,2.2089062665973485,2.726635550478147,0.9856730398731028,normalized_void>0.946305
nvt_scale,1.1,1.1,scale-1p1,W-potential/fcc-restart/01-nvt-round-1/md/scale-1p1/multi_nnap_md.xyz,876,9.184849551,21.16813735,6.718946294,10.1834635,377,2.2353313029356574,2.7054919187057735,0.9780296612780507,normalized_void>0.946305
nvt_scale,1.1,1.1,scale-1p1,W-potential/fcc-restart/01-nvt-round-1/md/scale-1p1/multi_nnap_md.xyz,877,5.863774848,21.16813735,3.802211722,8.530580733,378,2.331364689472927,2.7031824032743903,0.9771947762874673,normalized_void>0.946305
nvt_scale,1.1,1.1,scale-1p1,W-potential/fcc-restart/01-nvt-round-1/md/scale-1p1/multi_nnap_md.xyz,878,5.032127125,21.16813735,3.241087439,6.730560614,379,2.3619727278226654,2.6727318075459836,0.9661869497180887,normalized_void>0.946305
nvt_scale,1.1,1.1,scale-1p1,W-potential/fcc-restart/01-nvt-round-1/md/scale-1p1/multi_nnap_md.xyz,879,8.047905959,21.16813735,6.3039143,7.513516588,380,2.206790157239968,2.6316538513985575,0.9513373546189171,normalized_void>0.946305
nvt_scale,1.1,1.1,scale-1p1,W-potential/fcc-restart/01-nvt-round-1/md/scale-1p1/multi_nnap_md.xyz,883,13.1162786,21.16813735,8.634335109,8.707291736,384,2.1512706205771184,2.629136339098342,0.9504272791959527,normalized_void>0.946305
nvt_scale,1.1,1.1,scale-1p1,W-potential/fcc-restart/01-nvt-round-1/md/scale-1p1/multi_nnap_md.xyz,884,4.849846377,21.16813735,5.925338683,9.409624155,385,2.2784927048910033,2.6387575576557,0.9539053295503725,normalized_void>0.946305
nvt_scale,1.1,1.1,scale-1p1,W-potential/fcc-restart/01-nvt-round-1/md/scale-1p1/multi_nnap_md.xyz,885,5.974187498,21.16813735,6.066735102,9.04124694,386,2.248718911628421,2.644628981773101,0.9560278370696368,normalized_void>0.946305
nvt_scale,1.1,1.1,scale-1p1,W-potential/fcc-restart/01-nvt-round-1/md/scale-1p1/multi_nnap_md.xyz,886,6.408646255,21.16813735,5.7871068,7.974589578,387,2.2523713563695558,2.646159736436845,0.9565812016740292,normalized_void>0.946305
nvt_scale,1.1,1.1,scale-1p1,W-potential/fcc-restart/01-nvt-round-1/md/scale-1p1/multi_nnap_md.xyz,887,6.482615808,21.16813735,5.23291735,7.335143219,388,2.2601574581903088,2.648811006827242,0.9575396303664042,normalized_void>0.946305
nvt_scale,1.1,1.1,scale-1p1,W-potential/fcc-restart/01-nvt-round-1/md/scale-1p1/multi_nnap_md.xyz,888,6.855026692,21.16813735,5.740128209,11.628256,389,2.2677550151708994,2.6605213737885083,0.9617729034925896,normalized_void>0.946305
nvt_scale,1.1,1.1,scale-1p1,W-potential/fcc-restart/01-nvt-round-1/md/scale-1p1/multi_nnap_md.xyz,889,6.770928598,21.16813735,8.205216997,17.15072962,390,2.3146504854402155,2.663700487997795,0.9629221466197915,normalized_void>0.946305
nvt_scale,1.1,1.1,scale-1p1,W-potential/fcc-restart/01-nvt-round-1/md/scale-1p1/multi_nnap_md.xyz,890,7.040225162,21.16813735,9.537921227,19.10852417,391,2.2786509523306733,2.6569768777345995,0.960491575593941,normalized_void>0.946305
nvt_scale,1.1,1.1,scale-1p1,W-potential/fcc-restart/01-nvt-round-1/md/scale-1p1/multi_nnap_md.xyz,891,6.185928433,21.16813735,8.752259358,17.51349294,392,2.2940889381325733,2.6380353843808595,0.9536442654242915,normalized_void>0.946305
nvt_scale,1.1,1.1,scale-1p1,W-potential/fcc-restart/01-nvt-round-1/md/scale-1p1/multi_nnap_md.xyz,908,5.66464479,21.16813735,5.457524823,13.53419768,409,2.3749117329444127,2.638489389119836,0.9538083871864044,normalized_void>0.946305
nvt_scale,1.1,1.1,scale-1p1,W-potential/fcc-restart/01-nvt-round-1/md/scale-1p1/multi_nnap_md.xyz,909,5.821240511,21.16813735,5.410815873,13.57473958,410,2.404658741199305,2.6561281768063054,0.9601847719861806,normalized_void>0.946305
nvt_scale,1.1,1.1,scale-1p1,W-potential/fcc-restart/01-nvt-round-1/md/scale-1p1/multi_nnap_md.xyz,910,5.287936074,21.16813735,5.031330365,11.33158749,411,2.3873925471222655,2.6653629475319396,0.9635231222589447,normalized_void>0.946305
nvt_scale,1.1,1.1,scale-1p1,W-potential/fcc-restart/01-nvt-round-1/md/scale-1p1/multi_nnap_md.xyz,911,4.910633887,21.16813735,7.053085844,13.98955488,412,2.3478829561431946,2.6267390222709257,0.9495606541846254,normalized_void>0.946305
nvt_scale,1.1,1.1,scale-1p1,W-potential/fcc-restart/01-nvt-round-1/md/scale-1p1/multi_nnap_md.xyz,916,8.293353332,21.16813735,7.594147289,7.036500799,417,2.150442976109672,2.6287738383414654,0.9502962359316909,normalized_void>0.946305
nvt_scale,1.1,1.1,scale-1p1,W-potential/fcc-restart/01-nvt-round-1/md/scale-1p1/multi_nnap_md.xyz,917,7.509179403,21.16813735,7.834451064,9.269112693,418,2.216682481267803,2.625866563641458,0.9492452622176571,normalized_void>0.946305
nvt_scale,1.1,1.1,scale-1p1,W-potential/fcc-restart/01-nvt-round-1/md/scale-1p1/multi_nnap_md.xyz,918,9.304522684,21.16813735,8.973191187,10.72177848,419,2.1946189288379587,2.6288078868663334,0.9503085444021074,normalized_void>0.946305
nvt_scale,1.1,1.1,scale-1p1,W-potential/fcc-restart/01-nvt-round-1/md/scale-1p1/multi_nnap_md.xyz,919,6.675773967,21.16813735,8.95792025,11.52692233,420,2.2077539448363055,2.6372266777588567,0.9533519196744771,normalized_void>0.946305
nvt_scale,1.1,1.1,scale-1p1,W-potential/fcc-restart/01-nvt-round-1/md/scale-1p1/multi_nnap_md.xyz,920,10.82344338,21.16813735,12.22929566,12.12429358,421,2.1156765530410198,2.660002148047564,0.9615852044748873,normalized_void>0.946305
nvt_scale,1.1,1.1,scale-1p1,W-potential/fcc-restart/01-nvt-round-1/md/scale-1p1/multi_nnap_md.xyz,921,9.862322951,21.16813735,12.16624192,14.13270936,422,2.124946885774737,2.676447130241665,0.9675300310898987,normalized_void>0.946305
nvt_scale,1.1,1.1,scale-1p1,W-potential/fcc-restart/01-nvt-round-1/md/scale-1p1/multi_nnap_md.xyz,922,6.244552017,21.16813735,8.510719909,14.92414327,423,2.2308776218873856,2.6952777073895193,0.9743372452834624,normalized_void>0.946305
nvt_scale,1.1,1.1,scale-1p1,W-potential/fcc-restart/01-nvt-round-1/md/scale-1p1/multi_nnap_md.xyz,923,10.34107716,21.16813735,9.023847047,12.06835784,424,2.2589497917653145,2.7049725802861424,0.9778419215272391,normalized_void>0.946305
nvt_scale,1.1,1.1,scale-1p1,W-potential/fcc-restart/01-nvt-round-1/md/scale-1p1/multi_nnap_md.xyz,924,6.943166763,21.16813735,7.600936083,9.160907994,425,2.2759603663633095,2.727130718564668,0.985852042099126,normalized_void>0.946305
nvt_scale,1.1,1.1,scale-1p1,W-potential/fcc-restart/01-nvt-round-1/md/scale-1p1/multi_nnap_md.xyz,925,4.380641115,21.16813735,4.915969177,8.629746426,426,2.3022418018030018,2.742658825784898,0.9914654203317084,normalized_void>0.946305
nvt_scale,1.1,1.1,scale-1p1,W-potential/fcc-restart/01-nvt-round-1/md/scale-1p1/multi_nnap_md.xyz,926,5.426829516,21.16813735,6.01407863,10.07136244,427,2.2964852414613355,2.7439075373502826,0.9919168269468541,normalized_void>0.946305
nvt_scale,1.1,1.1,scale-1p1,W-potential/fcc-restart/01-nvt-round-1/md/scale-1p1/multi_nnap_md.xyz,927,20.69861018,21.16813735,14.72181716,13.12105675,428,2.175740075780786,2.740523912494436,0.9906936536493199,normalized_void>0.946305
nvt_scale,1.1,1.1,scale-1p1,W-potential/fcc-restart/01-nvt-round-1/md/scale-1p1/multi_nnap_md.xyz,928,17.08648879,21.16813735,13.02150479,14.43297011,429,2.201092629029857,2.724600484821786,0.9849373679012858,normalized_void>0.946305
nvt_scale,1.1,1.1,scale-1p1,W-potential/fcc-restart/01-nvt-round-1/md/scale-1p1/multi_nnap_md.xyz,929,7.696318053,21.16813735,7.248460281,13.03009271,430,2.222074636093161,2.7173870742849533,0.9823297351025255,normalized_void>0.946305
nvt_scale,1.1,1.1,scale-1p1,W-potential/fcc-restart/01-nvt-round-1/md/scale-1p1/multi_nnap_md.xyz,930,6.052221189,21.16813735,6.509337432,11.72253772,431,2.239731437235543,2.706968438806118,0.9785634202013821,normalized_void>0.946305
nvt_scale,1.1,1.1,scale-1p1,W-potential/fcc-restart/01-nvt-round-1/md/scale-1p1/multi_nnap_md.xyz,931,5.300820409,21.16813735,5.448954657,11.43011115,432,2.2632782627687615,2.6835207839820887,0.9700871420995129,normalized_void>0.946305
nvt_scale,1.1,1.1,scale-1p1,W-potential/fcc-restart/01-nvt-round-1/md/scale-1p1/multi_nnap_md.xyz,932,4.776332432,21.16813735,4.249174357,11.06674521,433,2.3057550093130934,2.6823357018613114,0.9696587373953047,normalized_void>0.946305
nvt_scale,1.1,1.1,scale-1p1,W-potential/fcc-restart/01-nvt-round-1/md/scale-1p1/multi_nnap_md.xyz,933,5.076877139,21.16813735,3.696503119,8.559406821,434,2.301945249378055,2.6959073840192427,0.9745648720660912,normalized_void>0.946305
nvt_scale,1.1,1.1,scale-1p1,W-potential/fcc-restart/01-nvt-round-1/md/scale-1p1/multi_nnap_md.xyz,934,6.232937522,21.16813735,6.038987902,7.114296632,435,2.1961842937588667,2.7044403799175227,0.9776495322088108,normalized_void>0.946305
nvt_scale,1.1,1.1,scale-1p1,W-potential/fcc-restart/01-nvt-round-1/md/scale-1p1/multi_nnap_md.xyz,935,9.030964774,21.16813735,7.377945998,7.221874504,436,2.170235171350766,2.717794828708328,0.9824771374724312,normalized_void>0.946305
nvt_scale,1.1,1.1,scale-1p1,W-potential/fcc-restart/01-nvt-round-1/md/scale-1p1/multi_nnap_md.xyz,936,5.977862131,21.16813735,4.834956979,8.077410894,437,2.2139992718610166,2.7263983545814425,0.9855872940533107,normalized_void>0.946305
nvt_scale,1.1,1.1,scale-1p1,W-potential/fcc-restart/01-nvt-round-1/md/scale-1p1/multi_nnap_md.xyz,937,4.964986289,21.16813735,5.957964792,9.441508636,438,2.2664489682889455,2.7385261903573794,0.989971481281506,normalized_void>0.946305
nvt_scale,1.1,1.1,scale-1p1,W-potential/fcc-restart/01-nvt-round-1/md/scale-1p1/multi_nnap_md.xyz,938,4.678287235,21.16813735,6.027470567,9.839871684,439,2.2884700085516547,2.746188701047511,0.9927414628449304,normalized_void>0.946305
nvt_scale,1.1,1.1,scale-1p1,W-potential/fcc-restart/01-nvt-round-1/md/scale-1p1/multi_nnap_md.xyz,939,4.297045154,21.16813735,5.680938883,9.862995008,440,2.3002717945947633,2.753474969196015,0.9953754335176913,normalized_void>0.946305
nvt_scale,1.1,1.1,scale-1p1,W-potential/fcc-restart/01-nvt-round-1/md/scale-1p1/multi_nnap_md.xyz,940,4.15843953,21.16813735,4.831564574,8.814476923,441,2.322556572956112,2.7562317948438633,0.9963720202145229,normalized_void>0.946305
nvt_scale,1.1,1.1,scale-1p1,W-potential/fcc-restart/01-nvt-round-1/md/scale-1p1/multi_nnap_md.xyz,941,4.96097241,21.16813735,5.236608531,8.05649053,442,2.2964758806827157,2.7640571105813434,0.9992008554615277,normalized_void>0.946305
nvt_scale,1.1,1.1,scale-1p1,W-potential/fcc-restart/01-nvt-round-1/md/scale-1p1/multi_nnap_md.xyz,942,10.73097616,21.16813735,9.959335362,8.672275106,443,2.179776937606515,2.7633462274092793,0.9989438726839504,normalized_void>0.946305
nvt_scale,1.1,1.1,scale-1p1,W-potential/fcc-restart/01-nvt-round-1/md/scale-1p1/multi_nnap_md.xyz,943,17.30298941,21.16813735,13.94332396,9.107783942,444,2.121207309942569,2.756674455198248,0.9965320410053694,normalized_void>0.946305
nvt_scale,1.1,1.1,scale-1p1,W-potential/fcc-restart/01-nvt-round-1/md/scale-1p1/multi_nnap_md.xyz,944,11.72681474,21.16813735,10.46492551,8.826722482,445,2.1332184729024743,2.732925727528143,0.9879469257003166,normalized_void>0.946305
nvt_scale,1.1,1.1,scale-1p1,W-potential/fcc-restart/01-nvt-round-1/md/scale-1p1/multi_nnap_md.xyz,945,11.23086721,21.16813735,10.83210463,8.430982691,446,2.1241840309422733,2.7014317676099044,0.9765619251619029,normalized_void>0.946305
nvt_scale,1.1,1.1,scale-1p1,W-potential/fcc-restart/01-nvt-round-1/md/scale-1p1/multi_nnap_md.xyz,946,7.780367563,21.16813735,8.765686017,8.477711103,447,2.1870199632577876,2.6822539043948397,0.9696291677825206,normalized_void>0.946305
nvt_scale,1.1,1.1,scale-1p1,W-potential/fcc-restart/01-nvt-round-1/md/scale-1p1/multi_nnap_md.xyz,947,4.360369442,21.16813735,4.455514712,8.168645477,448,2.2240290440390393,2.654323346680265,0.9595323296762882,normalized_void>0.946305
nvt_scale,1.1,1.1,scale-1p1,W-potential/fcc-restart/01-nvt-round-1/md/scale-1p1/multi_nnap_md.xyz,948,7.091105131,21.16813735,6.6901203,8.8743278,449,2.1653517583951336,2.619922021648807,0.9470963227396538,normalized_void>0.946305
nvt_scale,1.1,1.1,scale-1p1,W-potential/fcc-restart/01-nvt-round-1/md/scale-1p1/multi_nnap_md.xyz,976,3.396261366,21.16813735,4.137421373,6.777507401,477,2.3182969124093225,2.6205236701476715,0.9473138174116891,normalized_void>0.946305
nvt_scale,1.1,1.1,scale-1p1,W-potential/fcc-restart/01-nvt-round-1/md/scale-1p1/multi_nnap_md.xyz,977,3.688312804,21.16813735,4.742226453,8.058630204,478,2.3301038221978034,2.6399646848495486,0.954341703502317,normalized_void>0.946305
nvt_scale,1.1,1.1,scale-1p1,W-potential/fcc-restart/01-nvt-round-1/md/scale-1p1/multi_nnap_md.xyz,978,4.189116594,21.16813735,5.262028283,8.539436036,479,2.3308667656587123,2.6616163214383124,0.9621687247743502,normalized_void>0.946305
nvt_scale,1.1,1.1,scale-1p1,W-potential/fcc-restart/01-nvt-round-1/md/scale-1p1/multi_nnap_md.xyz,979,5.027561994,21.16813735,6.31186786,8.592770469,480,2.2911155599959847,2.676511450631206,0.9675532827759825,normalized_void>0.946305
nvt_scale,1.1,1.1,scale-1p1,W-potential/fcc-restart/01-nvt-round-1/md/scale-1p1/multi_nnap_md.xyz,980,6.076883816,21.16813735,7.298541755,9.163578177,481,2.270529943234947,2.7034388980031143,0.9772874985946083,normalized_void>0.946305
nvt_scale,1.1,1.1,scale-1p1,W-potential/fcc-restart/01-nvt-round-1/md/scale-1p1/multi_nnap_md.xyz,981,4.92358552,21.16813735,5.585435977,9.595529879,482,2.32771681258907,2.717478880474254,0.9823629228476465,normalized_void>0.946305
nvt_scale,1.1,1.1,scale-1p1,W-potential/fcc-restart/01-nvt-round-1/md/scale-1p1/multi_nnap_md.xyz,982,4.675588915,21.16813735,3.357285686,8.270049659,483,2.306962445616803,2.6941336756523477,0.9739236802069374,normalized_void>0.946305
nvt_scale,1.1,1.1,scale-1p1,W-potential/fcc-restart/01-nvt-round-1/md/scale-1p1/multi_nnap_md.xyz,983,5.186643121,21.16813735,4.02874067,7.489073016,484,2.2561377966636376,2.6825082800443165,0.9697211240469527,normalized_void>0.946305
nvt_scale,1.1,1.1,scale-1p1,W-potential/fcc-restart/01-nvt-round-1/md/scale-1p1/multi_nnap_md.xyz,984,5.367839213,21.16813735,5.010921356,8.10691281,485,2.244793483295595,2.6883423136295654,0.9718301149671678,normalized_void>0.946305
nvt_scale,1.1,1.1,scale-1p1,W-potential/fcc-restart/01-nvt-round-1/md/scale-1p1/multi_nnap_md.xyz,985,4.764169469,21.16813735,5.015095869,8.414202799,486,2.2662519001618895,2.7096156321401517,0.9795203750464222,normalized_void>0.946305
nvt_scale,1.1,1.1,scale-1p1,W-potential/fcc-restart/01-nvt-round-1/md/scale-1p1/multi_nnap_md.xyz,986,4.650718578,21.16813735,4.759170547,9.601908009,487,2.29641999039369,2.7568239206668284,0.9965860724591682,normalized_void>0.946305
nvt_scale,1.1,1.1,scale-1p1,W-potential/fcc-restart/01-nvt-round-1/md/scale-1p1/multi_nnap_md.xyz,987,4.655206937,21.16813735,5.131617953,9.8922954,488,2.3308328788335473,2.803700054546388,1.0135316966627628,normalized_void>0.946305
nvt_scale,1.1,1.1,scale-1p1,W-potential/fcc-restart/01-nvt-round-1/md/scale-1p1/multi_nnap_md.xyz,988,4.570423265,21.16813735,4.770010514,9.799553307,489,2.313292536595451,2.826322408336696,1.0217096301697426,normalized_void>0.946305
nvt_scale,1.1,1.1,scale-1p1,W-potential/fcc-restart/01-nvt-round-1/md/scale-1p1/multi_nnap_md.xyz,989,4.51343637,21.16813735,4.376295515,9.074074751,490,2.274368446337813,2.81614459847901,1.0180303732261746,normalized_void>0.946305
nvt_scale,1.1,1.1,scale-1p1,W-potential/fcc-restart/01-nvt-round-1/md/scale-1p1/multi_nnap_md.xyz,990,5.099748927,21.16813735,5.746369266,9.723694544,491,2.253504363940652,2.8065508817476825,1.0145622647242554,normalized_void>0.946305
nvt_scale,1.1,1.1,scale-1p1,W-potential/fcc-restart/01-nvt-round-1/md/scale-1p1/multi_nnap_md.xyz,991,5.771672559,21.16813735,7.355698713,12.88769684,492,2.2454719833998813,2.8012055342221776,1.0126299327909616,normalized_void>0.946305
nvt_scale,1.1,1.1,scale-1p1,W-potential/fcc-restart/01-nvt-round-1/md/scale-1p1/multi_nnap_md.xyz,992,5.850631725,21.16813735,7.495330373,14.10057899,493,2.256769755544321,2.784277890529686,1.0065106250553382,normalized_void>0.946305
nvt_scale,1.1,1.1,scale-1p1,W-potential/fcc-restart/01-nvt-round-1/md/scale-1p1/multi_nnap_md.xyz,993,5.377335056,21.16813735,6.877441547,13.2897432,494,2.265770698822309,2.75718288473082,0.9967158372163605,normalized_void>0.946305
nvt_scale,1.1,1.1,scale-1p1,W-potential/fcc-restart/01-nvt-round-1/md/scale-1p1/multi_nnap_md.xyz,994,5.529433841,21.16813735,6.931742302,11.94564067,495,2.2323729593952497,2.7293059873929266,0.9866383972238931,normalized_void>0.946305
nvt_scale,1.1,1.1,scale-1p1,W-potential/fcc-restart/01-nvt-round-1/md/scale-1p1/multi_nnap_md.xyz,995,6.201605294,21.16813735,7.64749958,11.01692529,496,2.214575233392238,2.72008757168907,0.9833059592572418,normalized_void>0.946305
nvt_scale,1.1,1.1,scale-1p1,W-potential/fcc-restart/01-nvt-round-1/md/scale-1p1/multi_nnap_md.xyz,996,8.0786623,21.16813735,8.054032975,10.66371512,497,2.1915372610871167,2.709268582603311,0.9793949173658371,normalized_void>0.946305
nvt_scale,1.1,1.1,scale-1p1,W-potential/fcc-restart/01-nvt-round-1/md/scale-1p1/multi_nnap_md.xyz,997,8.60267562,21.16813735,7.470821331,11.65877676,498,2.1803883056684175,2.702844155982922,0.9770725006001456,normalized_void>0.946305
nvt_scale,1.1,1.1,scale-1p1,W-potential/fcc-restart/01-nvt-round-1/md/scale-1p1/multi_nnap_md.xyz,998,4.921255304,21.16813735,5.958928588,10.438685,499,2.2123040390878534,2.703115159969136,0.977170467973476,normalized_void>0.946305
nvt_scale,1.1,1.1,scale-1p1,W-potential/fcc-restart/01-nvt-round-1/md/scale-1p1/multi_nnap_md.xyz,999,4.288704391,21.16813735,5.660053694,9.164673587,500,2.277679363345726,2.685984696573704,0.9709778413400963,normalized_void>0.946305
nvt_scale,1.1,1.1,scale-1p1,W-potential/fcc-restart/01-nvt-round-1/md/scale-1p1/multi_nnap_md.xyz,1000,3.858514761,21.16813735,4.697691379,7.223006156,501,2.3101724055572492,2.678525113334116,0.9682812176249608,normalized_void>0.946305
nvt_scale,1.1,1.1,scale-1p1,W-potential/fcc-restart/01-nvt-round-1/md/scale-1p1/multi_nnap_md.xyz,1001,5.221306361,21.16813735,3.532896051,5.594411525,502,2.3016958732217465,2.664134824082922,0.9630791582047387,normalized_void>0.946305
nvt_scale,1.1,1.1,scale-1p1,W-potential/fcc-restart/01-nvt-round-1/md/scale-1p1/multi_nnap_md.xyz,1002,7.386463684,21.16813735,5.375142784,4.883201672,503,2.2472435732664664,2.65091946293324,0.9583018328320303,normalized_void>0.946305
nvt_scale,1.1,1.1,scale-1p1,W-potential/fcc-restart/01-nvt-round-1/md/scale-1p1/multi_nnap_md.xyz,1003,6.511686458,21.16813735,5.62875413,4.89508327,504,2.2397361839196295,2.628226105405154,0.9500982316225789,normalized_void>0.946305
nvt_scale,1.1,1.1,scale-1p1,W-potential/fcc-restart/01-nvt-round-1/md/scale-1p1/multi_nnap_md.xyz,1004,4.894748981,21.16813735,5.983044938,6.162629006,505,2.261783595047512,2.622154423025099,0.9479033311608566,normalized_void>0.946305
nvt_scale,1.1,1.1,scale-1p1,W-potential/fcc-restart/01-nvt-round-1/md/scale-1p1/multi_nnap_md.xyz,1005,4.482854833,21.16813735,6.101481876,7.161490527,506,2.27058846848284,2.636568966805778,0.9531141585426804,normalized_void>0.946305
nvt_scale,1.1,1.1,scale-1p1,W-potential/fcc-restart/01-nvt-round-1/md/scale-1p1/multi_nnap_md.xyz,1006,3.859423085,21.16813735,4.519829878,6.405555446,507,2.2408439994623452,2.6208172930890403,0.9474199614899267,normalized_void>0.946305
nvt_scale,1.1,1.1,scale-1p1,W-potential/fcc-restart/01-nvt-round-1/md/scale-1p1/multi_nnap_md.xyz,1053,4.919633157,21.16813735,4.7232692,10.61631899,554,2.2914103968312793,2.6211926922776985,0.9475556675102585,normalized_void>0.946305
nvt_scale,1.1,1.1,scale-1p1,W-potential/fcc-restart/01-nvt-round-1/md/scale-1p1/multi_nnap_md.xyz,1054,9.305113831,21.16813735,8.115391902,9.760001126,555,2.222828464873338,2.6342973974362045,0.9522929909739536,normalized_void>0.946305
nvt_scale,1.1,1.1,scale-1p1,W-potential/fcc-restart/01-nvt-round-1/md/scale-1p1/multi_nnap_md.xyz,1055,11.03859588,21.16813735,8.678333639,11.18788248,556,2.1975959795972653,2.660555797183394,0.9617853474777323,normalized_void>0.946305
nvt_scale,1.1,1.1,scale-1p1,W-potential/fcc-restart/01-nvt-round-1/md/scale-1p1/multi_nnap_md.xyz,1056,16.7615774,21.16813735,12.41051081,9.236842085,557,2.128102642590423,2.672179614805391,0.9659873331990713,normalized_void>0.946305
nvt_scale,1.1,1.1,scale-1p1,W-potential/fcc-restart/01-nvt-round-1/md/scale-1p1/multi_nnap_md.xyz,1057,12.02882622,21.16813735,9.654377126,7.714567643,558,2.1619268131408984,2.6516526435752303,0.9585668760982783,normalized_void>0.946305
nvt_scale,1.1,1.1,scale-1p1,W-potential/fcc-restart/01-nvt-round-1/md/scale-1p1/multi_nnap_md.xyz,1058,4.834942053,21.16813735,4.872236558,8.025981211,559,2.2536572765966056,2.650972063292,0.9583208477515373,normalized_void>0.946305
nvt_scale,1.1,1.1,scale-1p1,W-potential/fcc-restart/01-nvt-round-1/md/scale-1p1/multi_nnap_md.xyz,1059,7.080018479,21.16813735,5.551338385,10.00331747,560,2.2602652717421585,2.664482103153811,0.9632046988614015,normalized_void>0.946305
nvt_scale,1.1,1.1,scale-1p1,W-potential/fcc-restart/01-nvt-round-1/md/scale-1p1/multi_nnap_md.xyz,1060,10.35321784,21.16813735,7.434901547,12.51595024,561,2.243682633974052,2.6814727544022916,0.9693467836965298,normalized_void>0.946305
nvt_scale,1.1,1.1,scale-1p1,W-potential/fcc-restart/01-nvt-round-1/md/scale-1p1/multi_nnap_md.xyz,1061,12.04214129,21.16813735,8.486494983,12.87329232,562,2.2126629211193563,2.693957964147123,0.9738601608658708,normalized_void>0.946305
nvt_scale,1.1,1.1,scale-1p1,W-potential/fcc-restart/01-nvt-round-1/md/scale-1p1/multi_nnap_md.xyz,1062,10.24077087,21.16813735,6.952029103,11.34305587,563,2.2220262393887973,2.701966693746398,0.9767552998397079,normalized_void>0.946305
nvt_scale,1.1,1.1,scale-1p1,W-potential/fcc-restart/01-nvt-round-1/md/scale-1p1/multi_nnap_md.xyz,1063,9.608983843,21.16813735,8.47087547,9.82008328,564,2.2161035121400556,2.7168723031199926,0.9821436464047101,normalized_void>0.946305
nvt_scale,1.1,1.1,scale-1p1,W-potential/fcc-restart/01-nvt-round-1/md/scale-1p1/multi_nnap_md.xyz,1064,11.82357853,21.16813735,9.488705207,9.058954028,565,2.1935639433810934,2.71760008142164,0.9824067367362408,normalized_void>0.946305
nvt_scale,1.1,1.1,scale-1p1,W-potential/fcc-restart/01-nvt-round-1/md/scale-1p1/multi_nnap_md.xyz,1065,8.850511507,21.16813735,7.602638102,11.65861589,566,2.149510509577038,2.711342382747236,0.9801445917737692,normalized_void>0.946305
nvt_scale,1.1,1.1,scale-1p1,W-potential/fcc-restart/01-nvt-round-1/md/scale-1p1/multi_nnap_md.xyz,1066,9.209529152,21.16813735,6.576690271,11.6017187,567,2.1487538716833954,2.7223559599223357,0.9841259768518571,normalized_void>0.946305
nvt_scale,1.1,1.1,scale-1p1,W-potential/fcc-restart/01-nvt-round-1/md/scale-1p1/multi_nnap_md.xyz,1067,7.065394882,21.16813735,4.635063821,10.23059308,568,2.1424414037794732,2.7509069884304056,0.9944471138502058,normalized_void>0.946305
nvt_scale,1.1,1.1,scale-1p1,W-potential/fcc-restart/01-nvt-round-1/md/scale-1p1/multi_nnap_md.xyz,1068,6.180148872,21.16813735,6.097475268,9.028407848,569,2.094854614026417,2.77770921455357,1.004136062449718,normalized_void>0.946305
nvt_scale,1.1,1.1,scale-1p1,W-potential/fcc-restart/01-nvt-round-1/md/scale-1p1/multi_nnap_md.xyz,1069,6.599155174,21.16813735,7.285958774,10.1129575,570,2.0880762933017096,2.7948975909537923,1.010349624513016,normalized_void>0.946305
nvt_scale,1.1,1.1,scale-1p1,W-potential/fcc-restart/01-nvt-round-1/md/scale-1p1/multi_nnap_md.xyz,1070,7.058444238,21.16813735,5.409894986,9.803826611,571,2.139662710458104,2.82407378650486,1.0208967580878388,normalized_void>0.946305
nvt_scale,1.1,1.1,scale-1p1,W-potential/fcc-restart/01-nvt-round-1/md/scale-1p1/multi_nnap_md.xyz,1071,6.310444781,21.16813735,4.119813811,7.417889211,572,2.2335314058084417,2.858587343511478,1.033373336648395,normalized_void>0.946305
nvt_scale,1.1,1.1,scale-1p1,W-potential/fcc-restart/01-nvt-round-1/md/scale-1p1/multi_nnap_md.xyz,1072,5.568382332,21.16813735,3.251198355,6.512950564,573,2.2900625244683974,2.8650287018351457,1.035701874189354,normalized_void>0.946305
nvt_scale,1.1,1.1,scale-1p1,W-potential/fcc-restart/01-nvt-round-1/md/scale-1p1/multi_nnap_md.xyz,1073,5.996287927,21.16813735,4.223855483,8.66876258,574,2.229617851658246,2.825845434162172,1.0215372050047948,normalized_void>0.946305
nvt_scale,1.1,1.1,scale-1p1,W-potential/fcc-restart/01-nvt-round-1/md/scale-1p1/multi_nnap_md.xyz,1074,9.771983799,21.16813735,7.614725042,12.26952037,575,2.139861961503088,2.812304221432603,1.0166420849685354,normalized_void>0.946305
nvt_scale,1.1,1.1,scale-1p1,W-potential/fcc-restart/01-nvt-round-1/md/scale-1p1/multi_nnap_md.xyz,1075,14.81004475,21.16813735,12.43336153,13.22931025,576,2.0587215691406753,2.8011640461529406,1.0126149349408398,normalized_void>0.946305
nvt_scale,1.1,1.1,scale-1p1,W-potential/fcc-restart/01-nvt-round-1/md/scale-1p1/multi_nnap_md.xyz,1076,16.08217488,21.16813735,16.52084261,19.56244894,577,1.9882613135828828,2.790691166376288,1.0088290108396638,normalized_void>0.946305
nvt_scale,1.1,1.1,scale-1p1,W-potential/fcc-restart/01-nvt-round-1/md/scale-1p1/multi_nnap_md.xyz,1077,11.11887203,21.16813735,11.34148686,13.90278181,578,2.0704375862823947,2.773420587822831,1.0025857328701646,normalized_void>0.946305
nvt_scale,1.1,1.1,scale-1p1,W-potential/fcc-restart/01-nvt-round-1/md/scale-1p1/multi_nnap_md.xyz,1078,6.421567446,21.16813735,6.293847372,9.077857634,579,2.205994937445606,2.759393559829744,0.997514991633806,normalized_void>0.946305
nvt_scale,1.1,1.1,scale-1p1,W-potential/fcc-restart/01-nvt-round-1/md/scale-1p1/multi_nnap_md.xyz,1079,6.746808185,21.16813735,7.882208229,14.33889473,580,2.2471193102461355,2.7360553621990986,0.9890782820780593,normalized_void>0.946305
nvt_scale,1.1,1.1,scale-1p1,W-potential/fcc-restart/01-nvt-round-1/md/scale-1p1/multi_nnap_md.xyz,1080,5.698604613,21.16813735,7.115460322,15.21294553,581,2.2522703427143513,2.696004932658888,0.9746001356949828,normalized_void>0.946305
nvt_scale,1.1,1.1,scale-1p1,W-potential/fcc-restart/01-nvt-round-1/md/scale-1p1/multi_nnap_md.xyz,1081,5.419710306,21.16813735,5.493693803,14.16369247,582,2.3207560318580227,2.6653860890541083,0.963531487870733,normalized_void>0.946305
nvt_scale,1.1,1.1,scale-1p1,W-potential/fcc-restart/01-nvt-round-1/md/scale-1p1/multi_nnap_md.xyz,1082,5.231584008,21.16813735,6.174480856,16.12929576,583,2.352651763118919,2.6508131816370484,0.9582634123660899,normalized_void>0.946305
nvt_scale,1.1,1.1,scale-1p1,W-potential/fcc-restart/01-nvt-round-1/md/scale-1p1/multi_nnap_md.xyz,1083,6.012065292,21.16813735,7.770905682,15.54397062,584,2.26042824277996,2.6550137814688504,0.9597819204060722,normalized_void>0.946305
nvt_scale,1.1,1.1,scale-1p1,W-potential/fcc-restart/01-nvt-round-1/md/scale-1p1/multi_nnap_md.xyz,1084,5.767715911,21.16813735,8.041041462,16.58564679,585,2.1928308813725037,2.651434739130405,0.9584881040979296,normalized_void>0.946305
nvt_scale,1.1,1.1,scale-1p1,W-potential/fcc-restart/01-nvt-round-1/md/scale-1p1/multi_nnap_md.xyz,1085,5.350738612,21.16813735,6.498783285,14.40163026,586,2.17782593036019,2.6452865345384806,0.9562655410169116,normalized_void>0.946305
nvt_scale,1.1,1.1,scale-1p1,W-potential/fcc-restart/01-nvt-round-1/md/scale-1p1/multi_nnap_md.xyz,1086,5.054113741,21.16813735,5.060886329,9.851079905,587,2.251484792644612,2.6494407382514757,0.9577672769571336,normalized_void>0.946305
nvt_scale,1.1,1.1,scale-1p1,W-potential/fcc-restart/01-nvt-round-1/md/scale-1p1/multi_nnap_md.xyz,1087,5.411808811,21.16813735,4.887925005,10.1109161,588,2.2810734205303245,2.6499519751763287,0.9579520880345536,normalized_void>0.946305
nvt_scale,1.1,1.1,scale-1p1,W-potential/fcc-restart/01-nvt-round-1/md/scale-1p1/multi_nnap_md.xyz,1088,7.089068836,21.16813735,6.633708008,9.391460202,589,2.230150775715535,2.6326982465604245,0.9517149012821834,normalized_void>0.946305
nvt_scale,1.1,1.1,scale-1p1,W-potential/fcc-restart/01-nvt-round-1/md/scale-1p1/multi_nnap_md.xyz,1102,9.882724476,21.16813735,5.44356722,8.914626632,603,2.227945119422129,2.638176369314147,0.9536952311823464,normalized_void>0.946305
nvt_scale,1.1,1.1,scale-1p1,W-potential/fcc-restart/01-nvt-round-1/md/scale-1p1/multi_nnap_md.xyz,1103,10.71597814,21.16813735,5.761214957,8.04896406,604,2.1808690008380056,2.680050414932233,0.9688326109575519,normalized_void>0.946305
nvt_scale,1.1,1.1,scale-1p1,W-potential/fcc-restart/01-nvt-round-1/md/scale-1p1/multi_nnap_md.xyz,1104,7.896038355,21.16813735,6.436409673,8.012027433,605,2.2090806951097686,2.715048034814513,0.9814841772336685,normalized_void>0.946305
nvt_scale,1.1,1.1,scale-1p1,W-potential/fcc-restart/01-nvt-round-1/md/scale-1p1/multi_nnap_md.xyz,1105,6.261979119,21.16813735,6.072581965,8.083188319,606,2.2661803747508475,2.745503122984435,0.9924936278112443,normalized_void>0.946305
nvt_scale,1.1,1.1,scale-1p1,W-potential/fcc-restart/01-nvt-round-1/md/scale-1p1/multi_nnap_md.xyz,1106,5.103052837,21.16813735,5.374834334,7.310803624,607,2.2971177665248748,2.7811919311669633,1.005395057210033,normalized_void>0.946305
nvt_scale,1.1,1.1,scale-1p1,W-potential/fcc-restart/01-nvt-round-1/md/scale-1p1/multi_nnap_md.xyz,1107,4.990048107,21.16813735,4.809267416,7.084470836,608,2.3323438859973438,2.825269097846633,1.021328860634009,normalized_void>0.946305
nvt_scale,1.1,1.1,scale-1p1,W-potential/fcc-restart/01-nvt-round-1/md/scale-1p1/multi_nnap_md.xyz,1108,4.726922774,21.16813735,4.528875628,7.766434305,609,2.259676056475834,2.861486955434222,1.0344215402844998,normalized_void>0.946305
nvt_scale,1.1,1.1,scale-1p1,W-potential/fcc-restart/01-nvt-round-1/md/scale-1p1/multi_nnap_md.xyz,1109,4.716546865,21.16813735,4.698050693,8.674826565,610,2.2097793558244017,2.893664397426085,1.0460536181608036,normalized_void>0.946305
nvt_scale,1.1,1.1,scale-1p1,W-potential/fcc-restart/01-nvt-round-1/md/scale-1p1/multi_nnap_md.xyz,1110,4.699705336,21.16813735,5.170776259,11.06150097,611,2.222258752607213,2.8953656397322822,1.0466686136908134,normalized_void>0.946305
nvt_scale,1.1,1.1,scale-1p1,W-potential/fcc-restart/01-nvt-round-1/md/scale-1p1/multi_nnap_md.xyz,1111,6.983799309,21.16813735,5.839179004,11.65422534,612,2.2200421324759274,2.8790866231375607,1.040783783292321,normalized_void>0.946305
nvt_scale,1.1,1.1,scale-1p1,W-potential/fcc-restart/01-nvt-round-1/md/scale-1p1/multi_nnap_md.xyz,1112,7.346385716,21.16813735,6.954310594,10.94774115,613,2.1843364042807205,2.8530962631289665,1.0313883225925677,normalized_void>0.946305
nvt_scale,1.1,1.1,scale-1p1,W-potential/fcc-restart/01-nvt-round-1/md/scale-1p1/multi_nnap_md.xyz,1113,9.155076138,21.16813735,9.533165297,9.639223584,614,2.143493619337964,2.8052130333655656,1.0140786353365805,normalized_void>0.946305
nvt_scale,1.1,1.1,scale-1p1,W-potential/fcc-restart/01-nvt-round-1/md/scale-1p1/multi_nnap_md.xyz,1114,5.218722298,21.16813735,6.758760452,11.45781458,615,2.1732711215060103,2.7489273399473606,0.9937314750704573,normalized_void>0.946305
nvt_scale,1.1,1.1,scale-1p1,W-potential/fcc-restart/01-nvt-round-1/md/scale-1p1/multi_nnap_md.xyz,1115,3.919786893,21.16813735,5.262130344,11.87362116,616,2.2055663044446296,2.714799577316195,0.9813943603684834,normalized_void>0.946305
nvt_scale,1.1,1.1,scale-1p1,W-potential/fcc-restart/01-nvt-round-1/md/scale-1p1/multi_nnap_md.xyz,1116,4.040228981,21.16813735,5.525092492,12.90419017,617,2.24838431027671,2.694120527170357,0.9739189270582406,normalized_void>0.946305
nvt_scale,1.1,1.1,scale-1p1,W-potential/fcc-restart/01-nvt-round-1/md/scale-1p1/multi_nnap_md.xyz,1117,4.112869387,21.16813735,6.358072345,13.98272619,618,2.311920642047366,2.6741637124438338,0.9667045803391762,normalized_void>0.946305
nvt_scale,1.1,1.1,scale-1p1,W-potential/fcc-restart/01-nvt-round-1/md/scale-1p1/multi_nnap_md.xyz,1118,3.87743206,21.16813735,6.500058077,12.59604522,619,2.3355244737049317,2.6363608308052355,0.9530389178144776,normalized_void>0.946305
nvt_scale,1.1,1.1,scale-1p1,W-potential/fcc-restart/01-nvt-round-1/md/scale-1p1/multi_nnap_md.xyz,1143,3.890876716,21.16813735,4.217719925,8.917115497,644,2.321528653150237,2.628678632317228,0.950261819153362,normalized_void>0.946305
nvt_scale,1.1,1.1,scale-1p1,W-potential/fcc-restart/01-nvt-round-1/md/scale-1p1/multi_nnap_md.xyz,1144,4.207960071,21.16813735,4.548670627,8.065907528,645,2.3098524434265126,2.6752977331036396,0.9671145264322042,normalized_void>0.946305
nvt_scale,1.1,1.1,scale-1p1,W-potential/fcc-restart/01-nvt-round-1/md/scale-1p1/multi_nnap_md.xyz,1145,5.702225852,21.16813735,6.048226483,8.132037653,646,2.3088484892138585,2.6897079199550675,0.9723237787932304,normalized_void>0.946305
nvt_scale,1.1,1.1,scale-1p1,W-potential/fcc-restart/01-nvt-round-1/md/scale-1p1/multi_nnap_md.xyz,1146,7.776620376,21.16813735,9.52598558,10.45641384,647,2.209082639906627,2.695042637531768,0.9742522680222985,normalized_void>0.946305
nvt_scale,1.1,1.1,scale-1p1,W-potential/fcc-restart/01-nvt-round-1/md/scale-1p1/multi_nnap_md.xyz,1147,8.637789819,21.16813735,10.31595666,11.05481909,648,2.1888386642506186,2.695016230347069,0.9742427218803461,normalized_void>0.946305
nvt_scale,1.1,1.1,scale-1p1,W-potential/fcc-restart/01-nvt-round-1/md/scale-1p1/multi_nnap_md.xyz,1148,5.549079106,21.16813735,6.572899551,9.148864727,649,2.3223124482771924,2.668699400671752,0.9647292430799456,normalized_void>0.946305
nvt_scale,1.1,1.1,scale-1p1,W-potential/fcc-restart/01-nvt-round-1/md/scale-1p1/multi_nnap_md.xyz,1153,7.212757375,21.16813735,5.352360797,14.41867539,654,2.1803718196749378,2.6208254672659366,0.9474229164377519,normalized_void>0.946305
nvt_scale,1.1,1.1,scale-1p1,W-potential/fcc-restart/01-nvt-round-1/md/scale-1p1/multi_nnap_md.xyz,1176,9.668248204,21.16813735,8.159544885,11.51439755,677,2.248269059920866,2.6254401964165313,0.9490911313589796,normalized_void>0.946305
nvt_scale,1.1,1.1,scale-1p1,W-potential/fcc-restart/01-nvt-round-1/md/scale-1p1/multi_nnap_md.xyz,1177,13.9504651,21.16813735,12.03783257,11.73070188,678,2.1679934967701384,2.632573962126952,0.9516699727198281,normalized_void>0.946305
nvt_scale,1.1,1.1,scale-1p1,W-potential/fcc-restart/01-nvt-round-1/md/scale-1p1/multi_nnap_md.xyz,1178,14.28765785,21.16813735,11.87773178,11.4907675,679,2.1767426878458886,2.6317254318798566,0.9513632308129634,normalized_void>0.946305
nvt_scale,1.1,1.1,scale-1p1,W-potential/fcc-restart/01-nvt-round-1/md/scale-1p1/multi_nnap_md.xyz,1179,7.392768612,21.16813735,6.57948482,10.96693174,680,2.2959510113509314,2.630872169677952,0.9510547783143473,normalized_void>0.946305
nvt_scale,1.1,1.1,scale-1p1,W-potential/fcc-restart/01-nvt-round-1/md/scale-1p1/multi_nnap_md.xyz,1180,7.114356497,21.16813735,5.528219037,11.15123818,681,2.2499491795025826,2.6322603384761325,0.9515565984270206,normalized_void>0.946305
nvt_scale,1.1,1.1,scale-1p1,W-potential/fcc-restart/01-nvt-round-1/md/scale-1p1/multi_nnap_md.xyz,1181,7.014430969,21.16813735,4.920000156,11.20128033,682,2.2564505589399757,2.6468192212076898,0.9568196040372325,normalized_void>0.946305
nvt_scale,1.1,1.1,scale-1p1,W-potential/fcc-restart/01-nvt-round-1/md/scale-1p1/multi_nnap_md.xyz,1182,7.463705005,21.16813735,7.291777785,12.16772079,683,2.2570575560651167,2.6613085151251,0.9620574534369017,normalized_void>0.946305
nvt_scale,1.1,1.1,scale-1p1,W-potential/fcc-restart/01-nvt-round-1/md/scale-1p1/multi_nnap_md.xyz,1183,7.836601201,21.16813735,8.414178192,12.87768427,684,2.203871371849645,2.688091271272384,0.9717393636809181,normalized_void>0.946305
nvt_scale,1.1,1.1,scale-1p1,W-potential/fcc-restart/01-nvt-round-1/md/scale-1p1/multi_nnap_md.xyz,1184,9.662428057,21.16813735,8.488348609,14.09728226,685,2.169764709489565,2.709503745168655,0.9794799281406017,normalized_void>0.946305
nvt_scale,1.1,1.1,scale-1p1,W-potential/fcc-restart/01-nvt-round-1/md/scale-1p1/multi_nnap_md.xyz,1185,7.395559771,21.16813735,6.648316165,13.80091766,686,2.191932267109841,2.7134448700560188,0.9809046365317051,normalized_void>0.946305
nvt_scale,1.1,1.1,scale-1p1,W-potential/fcc-restart/01-nvt-round-1/md/scale-1p1/multi_nnap_md.xyz,1186,4.852681061,21.16813735,5.406232323,11.35689666,687,2.226085239252537,2.7078880259125593,0.9788958490140539,normalized_void>0.946305
nvt_scale,1.1,1.1,scale-1p1,W-potential/fcc-restart/01-nvt-round-1/md/scale-1p1/multi_nnap_md.xyz,1187,7.088798287,21.16813735,8.008482959,9.553086989,688,2.1784460297746557,2.6966555671942474,0.9748353387165973,normalized_void>0.946305
nvt_scale,1.1,1.1,scale-1p1,W-potential/fcc-restart/01-nvt-round-1/md/scale-1p1/multi_nnap_md.xyz,1188,10.39816297,21.16813735,10.64651669,10.34059746,689,2.20716070224177,2.6778264535872904,0.9680286535900021,normalized_void>0.946305
nvt_scale,1.1,1.1,scale-1p1,W-potential/fcc-restart/01-nvt-round-1/md/scale-1p1/multi_nnap_md.xyz,1189,8.797606688,21.16813735,9.444336547,10.92946473,690,2.165895532706531,2.65269129516757,0.9589423464731917,normalized_void>0.946305
nvt_scale,1.1,1.1,scale-1p1,W-potential/fcc-restart/01-nvt-round-1/md/scale-1p1/multi_nnap_md.xyz,1190,9.00385061,21.16813735,8.254833785,9.255471831,691,2.22846445531446,2.636274030052952,0.953007539524353,normalized_void>0.946305
nvt_scale,1.1,1.1,scale-1p1,W-potential/fcc-restart/01-nvt-round-1/md/scale-1p1/multi_nnap_md.xyz,1191,9.366570576,21.16813735,9.206094238,9.675437894,692,2.2343157856883304,2.639402223855508,0.9541383750311875,normalized_void>0.946305
nvt_scale,1.1,1.1,scale-1p1,W-potential/fcc-restart/01-nvt-round-1/md/scale-1p1/multi_nnap_md.xyz,1192,8.933197711,21.16813735,7.961697847,10.7598002,693,2.172878186898727,2.6457984178421436,0.9564505857589174,normalized_void>0.946305
nvt_scale,1.1,1.1,scale-1p1,W-potential/fcc-restart/01-nvt-round-1/md/scale-1p1/multi_nnap_md.xyz,1193,8.568240176,21.16813735,6.884227997,11.19591422,694,2.164036561474476,2.6633310495776117,0.962788595404777,normalized_void>0.946305
nvt_scale,1.1,1.1,scale-1p1,W-potential/fcc-restart/01-nvt-round-1/md/scale-1p1/multi_nnap_md.xyz,1194,6.172452958,21.16813735,5.051202086,10.38981727,695,2.179550702376847,2.690138061688494,0.972479274128824,normalized_void>0.946305
nvt_scale,1.1,1.1,scale-1p1,W-potential/fcc-restart/01-nvt-round-1/md/scale-1p1/multi_nnap_md.xyz,1195,7.4206026,21.16813735,5.789151736,10.74554899,696,2.197165246300318,2.7238909772738915,0.9846808824089642,normalized_void>0.946305
nvt_scale,1.1,1.1,scale-1p1,W-potential/fcc-restart/01-nvt-round-1/md/scale-1p1/multi_nnap_md.xyz,1196,7.162693776,21.16813735,6.084724289,12.09220196,697,2.262625718239954,2.7563877518272695,0.9964283983373331,normalized_void>0.946305
nvt_scale,1.1,1.1,scale-1p1,W-potential/fcc-restart/01-nvt-round-1/md/scale-1p1/multi_nnap_md.xyz,1197,6.942504706,21.16813735,5.804871815,15.29171926,698,2.2750143001569056,2.791924833445532,1.009274978900969,normalized_void>0.946305
nvt_scale,1.1,1.1,scale-1p1,W-potential/fcc-restart/01-nvt-round-1/md/scale-1p1/multi_nnap_md.xyz,1198,6.673094652,21.16813735,5.523674616,16.37245219,699,2.253303803471829,2.8411799004262286,1.0270805824373503,normalized_void>0.946305
nvt_scale,1.1,1.1,scale-1p1,W-potential/fcc-restart/01-nvt-round-1/md/scale-1p1/multi_nnap_md.xyz,1199,6.37712235,21.16813735,5.389450979,12.4457158,700,2.2929379693243144,2.8892367544671624,1.044453034505966,normalized_void>0.946305
nvt_scale,1.1,1.1,scale-1p1,W-potential/fcc-restart/01-nvt-round-1/md/scale-1p1/multi_nnap_md.xyz,1200,11.63700422,21.16813735,6.56782725,9.134948314,701,2.2526133454518984,2.9216382069456457,1.0561660917039366,normalized_void>0.946305
nvt_scale,1.1,1.1,scale-1p1,W-potential/fcc-restart/01-nvt-round-1/md/scale-1p1/multi_nnap_md.xyz,1201,10.85006265,21.16813735,7.151281267,11.31528049,702,2.259945686107659,2.892155676609634,1.045508218746052,normalized_void>0.946305
nvt_scale,1.1,1.1,scale-1p1,W-potential/fcc-restart/01-nvt-round-1/md/scale-1p1/multi_nnap_md.xyz,1202,12.11868299,21.16813735,9.215799577,12.64723724,703,2.2318019726024465,2.8793622680656243,1.0408834283564081,normalized_void>0.946305
nvt_scale,1.1,1.1,scale-1p1,W-potential/fcc-restart/01-nvt-round-1/md/scale-1p1/multi_nnap_md.xyz,1203,10.46987482,21.16813735,8.994524574,12.42253792,704,2.183101302151819,2.8500649326912595,1.0302925029892216,normalized_void>0.946305
nvt_scale,1.1,1.1,scale-1p1,W-potential/fcc-restart/01-nvt-round-1/md/scale-1p1/multi_nnap_md.xyz,1204,8.755581807,21.16813735,9.092110483,14.15497469,705,2.208044018705377,2.8266110198300414,1.0218139626200176,normalized_void>0.946305
nvt_scale,1.1,1.1,scale-1p1,W-potential/fcc-restart/01-nvt-round-1/md/scale-1p1/multi_nnap_md.xyz,1205,8.014472527,21.16813735,8.335545307,14.77866222,706,2.2437350027087497,2.831817178506219,1.0236959780758454,normalized_void>0.946305
nvt_scale,1.1,1.1,scale-1p1,W-potential/fcc-restart/01-nvt-round-1/md/scale-1p1/multi_nnap_md.xyz,1206,6.015876255,21.16813735,6.131040501,12.6337093,707,2.2118165164749914,2.822393776262865,1.020289437904562,normalized_void>0.946305
nvt_scale,1.1,1.1,scale-1p1,W-potential/fcc-restart/01-nvt-round-1/md/scale-1p1/multi_nnap_md.xyz,1207,8.774356733,21.16813735,7.378365318,12.16956943,708,2.191783950033392,2.8157001806859627,1.0178697171249331,normalized_void>0.946305
nvt_scale,1.1,1.1,scale-1p1,W-potential/fcc-restart/01-nvt-round-1/md/scale-1p1/multi_nnap_md.xyz,1208,9.066084634,21.16813735,7.199290276,12.59922732,709,2.2076238044217242,2.812948709875713,1.0168750661906762,normalized_void>0.946305
nvt_scale,1.1,1.1,scale-1p1,W-potential/fcc-restart/01-nvt-round-1/md/scale-1p1/multi_nnap_md.xyz,1209,7.638361323,21.16813735,6.490637886,11.82869784,710,2.251924829760305,2.812196973557831,1.016603315086463,normalized_void>0.946305
nvt_scale,1.1,1.1,scale-1p1,W-potential/fcc-restart/01-nvt-round-1/md/scale-1p1/multi_nnap_md.xyz,1210,4.727726554,21.16813735,5.136526986,9.379432641,711,2.3459275175846153,2.8208924699518656,1.0197467188179998,normalized_void>0.946305
nvt_scale,1.1,1.1,scale-1p1,W-potential/fcc-restart/01-nvt-round-1/md/scale-1p1/multi_nnap_md.xyz,1211,4.777318614,21.16813735,4.178878321,6.785540318,712,2.2890502692978507,2.8059561480132498,1.0143472697250775,normalized_void>0.946305
nvt_scale,1.1,1.1,scale-1p1,W-potential/fcc-restart/01-nvt-round-1/md/scale-1p1/multi_nnap_md.xyz,1212,4.712950158,21.16813735,4.102990978,6.68680229,713,2.278571352605489,2.781019651814218,1.005332778584898,normalized_void>0.946305
nvt_scale,1.1,1.1,scale-1p1,W-potential/fcc-restart/01-nvt-round-1/md/scale-1p1/multi_nnap_md.xyz,1213,3.949072459,21.16813735,4.383949843,9.104512751,714,2.334797774756544,2.738810081480215,0.9900741073277296,normalized_void>0.946305
nvt_scale,1.1,1.1,scale-1p1,W-potential/fcc-restart/01-nvt-round-1/md/scale-1p1/multi_nnap_md.xyz,1214,4.813381866,21.16813735,4.643685709,9.844302919,715,2.3579719923453832,2.705902860084522,0.978178215725648,normalized_void>0.946305
nvt_scale,1.1,1.1,scale-1p1,W-potential/fcc-restart/01-nvt-round-1/md/scale-1p1/multi_nnap_md.xyz,1215,5.00510473,21.16813735,5.546942287,9.379185296,716,2.2466428615322602,2.667461811628721,0.9642818572333317,normalized_void>0.946305
nvt_scale,1.1,1.1,scale-1p1,W-potential/fcc-restart/01-nvt-round-1/md/scale-1p1/multi_nnap_md.xyz,1216,4.207328425,21.16813735,6.554510671,9.518407995,717,2.187032172172405,2.6500445736705727,0.9579855621962519,normalized_void>0.946305
nvt_scale,1.1,1.1,scale-1p1,W-potential/fcc-restart/01-nvt-round-1/md/scale-1p1/multi_nnap_md.xyz,1217,4.929982142,21.16813735,4.997561482,7.865180664,718,2.212772502671925,2.6183978013533364,0.9465453202957045,normalized_void>0.946305
nvt_scale,1.1,1.1,scale-1p1,W-potential/fcc-restart/01-nvt-round-1/md/scale-1p1/multi_nnap_md.xyz,1222,6.849426024,21.16813735,6.983680302,9.919325987,723,2.2715231739399635,2.617829377043498,0.9463398360984058,normalized_void>0.946305
nvt_scale,1.1,1.1,scale-1p1,W-potential/fcc-restart/01-nvt-round-1/md/scale-1p1/multi_nnap_md.xyz,1248,4.849432472,21.16813735,5.154989773,10.69010679,749,2.2958706681744694,2.655512578747884,0.9599622345775864,normalized_void>0.946305
nvt_scale,1.1,1.1,scale-1p1,W-potential/fcc-restart/01-nvt-round-1/md/scale-1p1/multi_nnap_md.xyz,1249,5.609859335,21.16813735,5.4036587,10.53263149,750,2.2578205804661637,2.6968266582795235,0.9748971877855312,normalized_void>0.946305
nvt_scale,1.1,1.1,scale-1p1,W-potential/fcc-restart/01-nvt-round-1/md/scale-1p1/multi_nnap_md.xyz,1250,9.635907593,21.16813735,7.77670046,12.65065936,751,2.2241432262395917,2.715995324795327,0.9818266205773954,normalized_void>0.946305
nvt_scale,1.1,1.1,scale-1p1,W-potential/fcc-restart/01-nvt-round-1/md/scale-1p1/multi_nnap_md.xyz,1251,10.70449918,21.16813735,8.748421398,12.85946764,752,2.1978922310845888,2.725689960542867,0.9853312110922754,normalized_void>0.946305
nvt_scale,1.1,1.1,scale-1p1,W-potential/fcc-restart/01-nvt-round-1/md/scale-1p1/multi_nnap_md.xyz,1252,7.18367353,21.16813735,6.630405494,11.21748848,753,2.2483670980244312,2.735671986682253,0.9889396926317962,normalized_void>0.946305
nvt_scale,1.1,1.1,scale-1p1,W-potential/fcc-restart/01-nvt-round-1/md/scale-1p1/multi_nnap_md.xyz,1253,5.109592593,21.16813735,4.674959411,7.786453204,754,2.306633256727982,2.7336804830528756,0.988219768241482,normalized_void>0.946305
nvt_scale,1.1,1.1,scale-1p1,W-potential/fcc-restart/01-nvt-round-1/md/scale-1p1/multi_nnap_md.xyz,1254,4.298176128,21.16813735,4.156329716,9.918278171,755,2.3151616184954955,2.7608549725217735,0.9980432892606776,normalized_void>0.946305
nvt_scale,1.1,1.1,scale-1p1,W-potential/fcc-restart/01-nvt-round-1/md/scale-1p1/multi_nnap_md.xyz,1255,11.61958014,21.16813735,10.42658414,12.9838973,756,2.1701254610360907,2.7656027368730203,0.9997595961282655,normalized_void>0.946305
nvt_scale,1.1,1.1,scale-1p1,W-potential/fcc-restart/01-nvt-round-1/md/scale-1p1/multi_nnap_md.xyz,1256,15.83615345,21.16813735,13.89434646,11.76672294,757,2.12608485547945,2.793408706617939,1.0098113959444481,normalized_void>0.946305
nvt_scale,1.1,1.1,scale-1p1,W-potential/fcc-restart/01-nvt-round-1/md/scale-1p1/multi_nnap_md.xyz,1257,8.540339911,21.16813735,8.019544863,11.90637015,758,2.2199635602237837,2.7876289091677995,1.007722011273464,normalized_void>0.946305
nvt_scale,1.1,1.1,scale-1p1,W-potential/fcc-restart/01-nvt-round-1/md/scale-1p1/multi_nnap_md.xyz,1258,12.29061293,21.16813735,9.475354508,11.32376561,759,2.078682193813982,2.762276654994506,0.9985572244964986,normalized_void>0.946305
nvt_scale,1.1,1.1,scale-1p1,W-potential/fcc-restart/01-nvt-round-1/md/scale-1p1/multi_nnap_md.xyz,1259,16.4312494,21.16813735,12.69053011,12.50869773,760,2.0188901295101727,2.743035709709649,0.9916016630810277,normalized_void>0.946305
nvt_scale,1.1,1.1,scale-1p1,W-potential/fcc-restart/01-nvt-round-1/md/scale-1p1/multi_nnap_md.xyz,1260,12.66528913,21.16813735,8.765907914,8.608614092,761,2.1040049527747455,2.7387588976896957,0.9900556044946742,normalized_void>0.946305
nvt_scale,1.1,1.1,scale-1p1,W-potential/fcc-restart/01-nvt-round-1/md/scale-1p1/multi_nnap_md.xyz,1261,7.522551118,21.16813735,5.88144612,9.008231086,762,2.2161131077292175,2.745567222341715,0.9925167995946289,normalized_void>0.946305
nvt_scale,1.1,1.1,scale-1p1,W-potential/fcc-restart/01-nvt-round-1/md/scale-1p1/multi_nnap_md.xyz,1262,14.47777462,21.16813735,11.47540379,10.79350401,763,2.2013459897135057,2.7579987691140695,0.9970107777118299,normalized_void>0.946305
nvt_scale,1.1,1.1,scale-1p1,W-potential/fcc-restart/01-nvt-round-1/md/scale-1p1/multi_nnap_md.xyz,1263,13.28443688,21.16813735,12.3059346,13.17391516,764,2.183254729181778,2.762972274002764,0.9988086893108347,normalized_void>0.946305
nvt_scale,1.1,1.1,scale-1p1,W-potential/fcc-restart/01-nvt-round-1/md/scale-1p1/multi_nnap_md.xyz,1264,12.65989074,21.16813735,10.498615,11.79163377,765,2.199478864061417,2.776384064204814,1.003657023374504,normalized_void>0.946305
nvt_scale,1.1,1.1,scale-1p1,W-potential/fcc-restart/01-nvt-round-1/md/scale-1p1/multi_nnap_md.xyz,1265,10.21481433,21.16813735,7.021212365,12.28780321,766,2.2710869488404755,2.81276470102264,1.0168085473757433,normalized_void>0.946305
nvt_scale,1.1,1.1,scale-1p1,W-potential/fcc-restart/01-nvt-round-1/md/scale-1p1/multi_nnap_md.xyz,1266,7.238975583,21.16813735,5.844204899,11.07426001,767,2.2457454423128596,2.8360937108866517,1.025241935573098,normalized_void>0.946305
nvt_scale,1.1,1.1,scale-1p1,W-potential/fcc-restart/01-nvt-round-1/md/scale-1p1/multi_nnap_md.xyz,1267,6.587038743,21.16813735,5.851247367,12.29929818,768,2.2054691396081845,2.84078339231857,1.0269372455870178,normalized_void>0.946305
nvt_scale,1.1,1.1,scale-1p1,W-potential/fcc-restart/01-nvt-round-1/md/scale-1p1/multi_nnap_md.xyz,1268,16.2920877,21.16813735,12.57379603,13.89455273,769,2.089703929692441,2.845282311684696,1.0285635955137529,normalized_void>0.946305
nvt_scale,1.1,1.1,scale-1p1,W-potential/fcc-restart/01-nvt-round-1/md/scale-1p1/multi_nnap_md.xyz,1269,15.89386892,21.16813735,13.4621705,12.32009113,770,2.04355210130991,2.8413387266651333,1.0271379977900128,normalized_void>0.946305
nvt_scale,1.1,1.1,scale-1p1,W-potential/fcc-restart/01-nvt-round-1/md/scale-1p1/multi_nnap_md.xyz,1270,11.44975524,21.16813735,10.53052927,12.84805951,771,2.1169291518247153,2.8518167640522707,1.0309257863565753,normalized_void>0.946305
nvt_scale,1.1,1.1,scale-1p1,W-potential/fcc-restart/01-nvt-round-1/md/scale-1p1/multi_nnap_md.xyz,1271,4.041425354,21.16813735,5.166856392,12.09074789,772,2.246355405470761,2.864917003301043,1.0356614954032566,normalized_void>0.946305
nvt_scale,1.1,1.1,scale-1p1,W-potential/fcc-restart/01-nvt-round-1/md/scale-1p1/multi_nnap_md.xyz,1272,5.462687957,21.16813735,4.676490985,9.023101176,773,2.297812189267152,2.876639819984117,1.0398992690777964,normalized_void>0.946305
nvt_scale,1.1,1.1,scale-1p1,W-potential/fcc-restart/01-nvt-round-1/md/scale-1p1/multi_nnap_md.xyz,1273,6.009480302,21.16813735,6.288331434,9.40603373,774,2.2740283874693796,2.8682911377816924,1.036881237950037,normalized_void>0.946305
nvt_scale,1.1,1.1,scale-1p1,W-potential/fcc-restart/01-nvt-round-1/md/scale-1p1/multi_nnap_md.xyz,1274,11.43711738,21.16813735,10.53732562,11.20112994,775,2.1707322630091523,2.8671989232350206,1.0364864046793336,normalized_void>0.946305
nvt_scale,1.1,1.1,scale-1p1,W-potential/fcc-restart/01-nvt-round-1/md/scale-1p1/multi_nnap_md.xyz,1275,13.8273652,21.16813735,11.87913965,11.01479765,776,2.157087348783518,2.879330522540722,1.040871952415655,normalized_void>0.946305
nvt_scale,1.1,1.1,scale-1p1,W-potential/fcc-restart/01-nvt-round-1/md/scale-1p1/multi_nnap_md.xyz,1276,6.798559063,21.16813735,6.744571411,7.620762254,777,2.172709857978381,2.8999336660076716,1.0483199456204852,normalized_void>0.946305
nvt_scale,1.1,1.1,scale-1p1,W-potential/fcc-restart/01-nvt-round-1/md/scale-1p1/multi_nnap_md.xyz,1277,6.663424519,21.16813735,6.861293033,8.486221063,778,2.1758719732686584,2.9284852390836256,1.0586412794789835,normalized_void>0.946305
nvt_scale,1.1,1.1,scale-1p1,W-potential/fcc-restart/01-nvt-round-1/md/scale-1p1/multi_nnap_md.xyz,1278,6.026997928,21.16813735,7.792731487,8.137798092,779,2.234802748406313,2.9525638592393095,1.06734565022653,normalized_void>0.946305
nvt_scale,1.1,1.1,scale-1p1,W-potential/fcc-restart/01-nvt-round-1/md/scale-1p1/multi_nnap_md.xyz,1279,5.814077637,21.16813735,7.779677809,8.811866432,780,2.216139687694014,2.978939027095513,1.076880218157117,normalized_void>0.946305
nvt_scale,1.1,1.1,scale-1p1,W-potential/fcc-restart/01-nvt-round-1/md/scale-1p1/multi_nnap_md.xyz,1280,6.133825686,21.16813735,7.199245155,8.283073598,781,2.204501648120781,2.989066814480232,1.080541392081492,normalized_void>0.946305
nvt_scale,1.1,1.1,scale-1p1,W-potential/fcc-restart/01-nvt-round-1/md/scale-1p1/multi_nnap_md.xyz,1281,6.214293828,21.16813735,6.585306184,9.201020294,782,2.2313743418389307,2.974687734498298,1.0753433847886267,normalized_void>0.946305
nvt_scale,1.1,1.1,scale-1p1,W-potential/fcc-restart/01-nvt-round-1/md/scale-1p1/multi_nnap_md.xyz,1282,6.538172463,21.16813735,5.716920204,10.39600525,783,2.2223121436468225,2.9804170328417627,1.0774145141383311,normalized_void>0.946305
nvt_scale,1.1,1.1,scale-1p1,W-potential/fcc-restart/01-nvt-round-1/md/scale-1p1/multi_nnap_md.xyz,1283,6.636406886,21.16813735,5.469007632,9.844518453,784,2.246783519627241,2.9894445523416757,1.080677943527137,normalized_void>0.946305
nvt_scale,1.1,1.1,scale-1p1,W-potential/fcc-restart/01-nvt-round-1/md/scale-1p1/multi_nnap_md.xyz,1284,6.824080054,21.16813735,4.623524842,8.281410744,785,2.2854098649802594,2.988428662585755,1.0803107015084084,normalized_void>0.946305
nvt_scale,1.1,1.1,scale-1p1,W-potential/fcc-restart/01-nvt-round-1/md/scale-1p1/multi_nnap_md.xyz,1285,6.196864014,21.16813735,4.75831412,7.056742816,786,2.3275077226098015,2.976911341796968,1.0761472141691903,normalized_void>0.946305
nvt_scale,1.1,1.1,scale-1p1,W-potential/fcc-restart/01-nvt-round-1/md/scale-1p1/multi_nnap_md.xyz,1286,9.618665048,21.16813735,7.926098901,6.198024372,787,2.264171363840533,2.965542468219037,1.072037390185737,normalized_void>0.946305
nvt_scale,1.1,1.1,scale-1p1,W-potential/fcc-restart/01-nvt-round-1/md/scale-1p1/multi_nnap_md.xyz,1287,11.5280431,21.16813735,9.410203243,7.757544057,788,2.2108878065241897,2.972024073491622,1.074380476914422,normalized_void>0.946305
nvt_scale,1.1,1.1,scale-1p1,W-potential/fcc-restart/01-nvt-round-1/md/scale-1p1/multi_nnap_md.xyz,1288,9.926964119,21.16813735,8.298859467,9.41532615,789,2.167713653568728,2.981572225771312,1.0778321139625207,normalized_void>0.946305
nvt_scale,1.1,1.1,scale-1p1,W-potential/fcc-restart/01-nvt-round-1/md/scale-1p1/multi_nnap_md.xyz,1289,6.568155026,21.16813735,6.299993027,9.355663986,790,2.194155947326445,2.986783995997725,1.079716157982004,normalized_void>0.946305
nvt_scale,1.1,1.1,scale-1p1,W-potential/fcc-restart/01-nvt-round-1/md/scale-1p1/multi_nnap_md.xyz,1290,6.119814815,21.16813735,7.263431258,10.3882583,791,2.2627435546112276,2.986896675869195,1.079756891519504,normalized_void>0.946305
nvt_scale,1.1,1.1,scale-1p1,W-potential/fcc-restart/01-nvt-round-1/md/scale-1p1/multi_nnap_md.xyz,1291,7.058908414,21.16813735,8.27674656,10.67942039,792,2.199430228683514,2.9676975411934197,1.0728164445516333,normalized_void>0.946305
nvt_scale,1.1,1.1,scale-1p1,W-potential/fcc-restart/01-nvt-round-1/md/scale-1p1/multi_nnap_md.xyz,1292,6.168403398,21.16813735,6.668427485,9.75843995,793,2.2181454427844707,2.953490184896226,1.0676805150110829,normalized_void>0.946305
nvt_scale,1.1,1.1,scale-1p1,W-potential/fcc-restart/01-nvt-round-1/md/scale-1p1/multi_nnap_md.xyz,1293,4.896814136,21.16813735,4.900854156,10.76729549,794,2.20221901667957,2.9697631870319823,1.0735631711952582,normalized_void>0.946305
nvt_scale,1.1,1.1,scale-1p1,W-potential/fcc-restart/01-nvt-round-1/md/scale-1p1/multi_nnap_md.xyz,1294,5.932562419,21.16813735,4.942024731,9.596062591,795,2.198982225602373,2.979062664817585,1.0769249129346556,normalized_void>0.946305
nvt_scale,1.1,1.1,scale-1p1,W-potential/fcc-restart/01-nvt-round-1/md/scale-1p1/multi_nnap_md.xyz,1295,6.441509118,21.16813735,4.131431036,5.85944928,796,2.232490041044057,2.958459059487569,1.0694767527672944,normalized_void>0.946305
nvt_scale,1.1,1.1,scale-1p1,W-potential/fcc-restart/01-nvt-round-1/md/scale-1p1/multi_nnap_md.xyz,1296,6.009855862,21.16813735,4.061229061,5.516186057,797,2.2635345415136037,2.9274711994393674,1.0582747062717455,normalized_void>0.946305
nvt_scale,1.1,1.1,scale-1p1,W-potential/fcc-restart/01-nvt-round-1/md/scale-1p1/multi_nnap_md.xyz,1297,6.171847696,21.16813735,3.884305313,7.294345801,798,2.2812882699447976,2.9090286812254824,1.0516077745699244,normalized_void>0.946305
nvt_scale,1.1,1.1,scale-1p1,W-potential/fcc-restart/01-nvt-round-1/md/scale-1p1/multi_nnap_md.xyz,1298,6.800201977,21.16813735,4.216967015,9.522690827,799,2.284706478952871,2.909194524698494,1.051667726638017,normalized_void>0.946305
nvt_scale,1.1,1.1,scale-1p1,W-potential/fcc-restart/01-nvt-round-1/md/scale-1p1/multi_nnap_md.xyz,1299,5.214530321,21.16813735,4.991558959,10.68907386,800,2.242667516192913,2.9005907257944337,1.0485574713570227,normalized_void>0.946305
nvt_scale,1.1,1.1,scale-1p1,W-potential/fcc-restart/01-nvt-round-1/md/scale-1p1/multi_nnap_md.xyz,1300,5.288181836,21.16813735,6.620254532,13.99104743,801,2.222821640510684,2.9138876268704257,1.053364273242286,normalized_void>0.946305
nvt_scale,1.1,1.1,scale-1p1,W-potential/fcc-restart/01-nvt-round-1/md/scale-1p1/multi_nnap_md.xyz,1301,6.27075017,21.16813735,8.443581328,15.85894648,802,2.2131865719074844,2.938510741631119,1.0622654776489626,normalized_void>0.946305
nvt_scale,1.1,1.1,scale-1p1,W-potential/fcc-restart/01-nvt-round-1/md/scale-1p1/multi_nnap_md.xyz,1302,6.499885749,21.16813735,8.016572614,15.32124683,803,2.192576921388358,2.9688452384285737,1.0732313346980005,normalized_void>0.946305
nvt_scale,1.1,1.1,scale-1p1,W-potential/fcc-restart/01-nvt-round-1/md/scale-1p1/multi_nnap_md.xyz,1303,6.246364051,21.16813735,7.734539395,13.76216092,804,2.1896618790737925,2.9904972805443504,1.0810585025671995,normalized_void>0.946305
nvt_scale,1.1,1.1,scale-1p1,W-potential/fcc-restart/01-nvt-round-1/md/scale-1p1/multi_nnap_md.xyz,1304,6.22808462,21.16813735,7.450071409,14.04210685,805,2.189936434701898,3.0061112284649485,1.08670291203315,normalized_void>0.946305
nvt_scale,1.1,1.1,scale-1p1,W-potential/fcc-restart/01-nvt-round-1/md/scale-1p1/multi_nnap_md.xyz,1305,4.294461158,21.16813735,5.540240077,12.81792651,806,2.242531122098602,2.9979406511476423,1.0837492654482754,normalized_void>0.946305
nvt_scale,1.1,1.1,scale-1p1,W-potential/fcc-restart/01-nvt-round-1/md/scale-1p1/multi_nnap_md.xyz,1306,4.541458358,21.16813735,4.495476545,9.622521787,807,2.254885445360464,2.9970623866732713,1.0834317746805364,normalized_void>0.946305
nvt_scale,1.1,1.1,scale-1p1,W-potential/fcc-restart/01-nvt-round-1/md/scale-1p1/multi_nnap_md.xyz,1307,4.892483659,21.16813735,7.608840662,10.94516329,808,2.1584465337539913,2.9883501698401944,1.0802823265453112,normalized_void>0.946305
nvt_scale,1.1,1.1,scale-1p1,W-potential/fcc-restart/01-nvt-round-1/md/scale-1p1/multi_nnap_md.xyz,1308,8.257032978,21.16813735,10.40001022,11.77768738,809,2.1207661164283387,2.984319291825249,1.0788251725865974,normalized_void>0.946305
nvt_scale,1.1,1.1,scale-1p1,W-potential/fcc-restart/01-nvt-round-1/md/scale-1p1/multi_nnap_md.xyz,1309,6.164795016,21.16813735,7.281489351,12.53695562,810,2.1814021851670877,2.9723463805008827,1.0744969902231165,normalized_void>0.946305
nvt_scale,1.1,1.1,scale-1p1,W-potential/fcc-restart/01-nvt-round-1/md/scale-1p1/multi_nnap_md.xyz,1310,6.038153659,21.16813735,5.43616967,14.19829641,811,2.206325004020221,2.968971634064867,1.0732770264557532,normalized_void>0.946305
nvt_scale,1.1,1.1,scale-1p1,W-potential/fcc-restart/01-nvt-round-1/md/scale-1p1/multi_nnap_md.xyz,1311,6.293533788,21.16813735,4.812468821,13.29895308,812,2.2755228415176774,2.977054059641228,1.076198806370932,normalized_void>0.946305
nvt_scale,1.1,1.1,scale-1p1,W-potential/fcc-restart/01-nvt-round-1/md/scale-1p1/multi_nnap_md.xyz,1312,7.229864116,21.16813735,6.05955753,13.62240377,813,2.2225521166322513,2.9795768980536206,1.0771108071722917,normalized_void>0.946305
nvt_scale,1.1,1.1,scale-1p1,W-potential/fcc-restart/01-nvt-round-1/md/scale-1p1/multi_nnap_md.xyz,1313,9.741074255,21.16813735,7.111502935,12.27533627,814,2.19126950990984,3.0040062056919847,1.085941950710224,normalized_void>0.946305
nvt_scale,1.1,1.1,scale-1p1,W-potential/fcc-restart/01-nvt-round-1/md/scale-1p1/multi_nnap_md.xyz,1314,5.693866361,21.16813735,4.234100423,9.556148601,815,2.258338658247375,3.024457899070743,1.0933351950254233,normalized_void>0.946305
nvt_scale,1.1,1.1,scale-1p1,W-potential/fcc-restart/01-nvt-round-1/md/scale-1p1/multi_nnap_md.xyz,1315,4.217575033,21.16813735,4.663605382,10.35500462,816,2.30252057622491,3.0243134207109454,1.0932829664010029,normalized_void>0.946305
nvt_scale,1.1,1.1,scale-1p1,W-potential/fcc-restart/01-nvt-round-1/md/scale-1p1/multi_nnap_md.xyz,1316,4.71133144,21.16813735,5.54294213,10.51903664,817,2.24015364934602,3.0344137192396214,1.0969342031615006,normalized_void>0.946305
nvt_scale,1.1,1.1,scale-1p1,W-potential/fcc-restart/01-nvt-round-1/md/scale-1p1/multi_nnap_md.xyz,1317,5.096891056,21.16813735,5.833100599,10.18722615,818,2.208660215069224,3.0552195739063057,1.1044554760404053,normalized_void>0.946305
nvt_scale,1.1,1.1,scale-1p1,W-potential/fcc-restart/01-nvt-round-1/md/scale-1p1/multi_nnap_md.xyz,1318,6.236184459,21.16813735,6.010445181,9.098625665,819,2.2233499969871273,3.0658729967402785,1.1083066660786096,normalized_void>0.946305
nvt_scale,1.1,1.1,scale-1p1,W-potential/fcc-restart/01-nvt-round-1/md/scale-1p1/multi_nnap_md.xyz,1319,7.680514108,21.16813735,7.433687028,10.57629511,820,2.166984371023766,3.07492681709113,1.1115796031699359,normalized_void>0.946305
nvt_scale,1.1,1.1,scale-1p1,W-potential/fcc-restart/01-nvt-round-1/md/scale-1p1/multi_nnap_md.xyz,1320,8.022394011,21.16813735,7.566072774,10.13437297,821,2.1450212996822406,3.0739792284483376,1.1112370518605297,normalized_void>0.946305
nvt_scale,1.1,1.1,scale-1p1,W-potential/fcc-restart/01-nvt-round-1/md/scale-1p1/multi_nnap_md.xyz,1321,6.626716618,21.16813735,6.305482822,7.945809251,822,2.196350539374582,3.0737227326411105,1.1111443291635121,normalized_void>0.946305
nvt_scale,1.1,1.1,scale-1p1,W-potential/fcc-restart/01-nvt-round-1/md/scale-1p1/multi_nnap_md.xyz,1322,7.428866718,21.16813735,9.01019932,9.500875946,823,2.202012782121314,3.073131934021005,1.1109307566999205,normalized_void>0.946305
nvt_scale,1.1,1.1,scale-1p1,W-potential/fcc-restart/01-nvt-round-1/md/scale-1p1/multi_nnap_md.xyz,1323,10.06693978,21.16813735,10.95805824,11.50972379,824,2.1904326942739174,3.0700934734459513,1.1098323595668593,normalized_void>0.946305
nvt_scale,1.1,1.1,scale-1p1,W-potential/fcc-restart/01-nvt-round-1/md/scale-1p1/multi_nnap_md.xyz,1324,9.217069413,21.16813735,9.703917172,12.98427,825,2.223516220601638,3.0648646416331635,1.1079421478196414,normalized_void>0.946305
nvt_scale,1.1,1.1,scale-1p1,W-potential/fcc-restart/01-nvt-round-1/md/scale-1p1/multi_nnap_md.xyz,1325,9.994831361,21.16813735,6.794286964,14.21988372,826,2.1803769109529663,3.0624307122614733,1.1070622874502534,normalized_void>0.946305
nvt_scale,1.1,1.1,scale-1p1,W-potential/fcc-restart/01-nvt-round-1/md/scale-1p1/multi_nnap_md.xyz,1326,13.18144894,21.16813735,9.142028326,12.40777545,827,2.1360157471164114,3.0461297847032975,1.1011695362843703,normalized_void>0.946305
nvt_scale,1.1,1.1,scale-1p1,W-potential/fcc-restart/01-nvt-round-1/md/scale-1p1/multi_nnap_md.xyz,1327,7.783974979,21.16813735,7.313139792,8.707537123,828,2.1591585468435808,3.041713711988047,1.0995731352483833,normalized_void>0.946305
nvt_scale,1.1,1.1,scale-1p1,W-potential/fcc-restart/01-nvt-round-1/md/scale-1p1/multi_nnap_md.xyz,1328,6.433067998,21.16813735,5.808130609,8.107729288,829,2.189508095427392,3.04728945893202,1.1015887560888238,normalized_void>0.946305
nvt_scale,1.1,1.1,scale-1p1,W-potential/fcc-restart/01-nvt-round-1/md/scale-1p1/multi_nnap_md.xyz,1329,7.312152617,21.16813735,5.220850087,7.351384267,830,2.205243406552216,3.084315173706995,1.1149734744202944,normalized_void>0.946305
nvt_scale,1.1,1.1,scale-1p1,W-potential/fcc-restart/01-nvt-round-1/md/scale-1p1/multi_nnap_md.xyz,1330,10.15962373,21.16813735,7.785019417,9.677447787,831,2.1859470853720535,3.076994397145603,1.112327029028561,normalized_void>0.946305
nvt_scale,1.1,1.1,scale-1p1,W-potential/fcc-restart/01-nvt-round-1/md/scale-1p1/multi_nnap_md.xyz,1331,9.766025225,21.16813735,7.536495102,15.85738334,832,2.176772797080798,3.050392667128882,1.1027105593515383,normalized_void>0.946305
nvt_scale,1.1,1.1,scale-1p1,W-potential/fcc-restart/01-nvt-round-1/md/scale-1p1/multi_nnap_md.xyz,1332,5.907568859,21.16813735,4.986194494,12.47486034,833,2.2452928190764836,3.0413985966598287,1.099459221717321,normalized_void>0.946305
nvt_scale,1.1,1.1,scale-1p1,W-potential/fcc-restart/01-nvt-round-1/md/scale-1p1/multi_nnap_md.xyz,1333,5.308792548,21.16813735,5.677033547,9.787611968,834,2.2837749788847086,3.035478084798746,1.0973189690815426,normalized_void>0.946305
nvt_scale,1.1,1.1,scale-1p1,W-potential/fcc-restart/01-nvt-round-1/md/scale-1p1/multi_nnap_md.xyz,1334,12.21551955,21.16813735,9.357528873,10.1783334,835,2.1936645700643456,3.04406178971945,1.1004219604296455,normalized_void>0.946305
nvt_scale,1.1,1.1,scale-1p1,W-potential/fcc-restart/01-nvt-round-1/md/scale-1p1/multi_nnap_md.xyz,1335,10.67855839,21.16813735,8.509938194,9.112266336,836,2.231020389894607,3.03082239700698,1.0956359476973294,normalized_void>0.946305
nvt_scale,1.1,1.1,scale-1p1,W-potential/fcc-restart/01-nvt-round-1/md/scale-1p1/multi_nnap_md.xyz,1336,5.306892562,21.16813735,5.932845624,8.391581209,837,2.2951831720719484,3.0380046319824228,1.0982323105959524,normalized_void>0.946305
nvt_scale,1.1,1.1,scale-1p1,W-potential/fcc-restart/01-nvt-round-1/md/scale-1p1/multi_nnap_md.xyz,1337,4.994031121,21.16813735,5.528164111,8.227012696,838,2.328845499823806,3.036106343879248,1.097546083423097,normalized_void>0.946305
nvt_scale,1.1,1.1,scale-1p1,W-potential/fcc-restart/01-nvt-round-1/md/scale-1p1/multi_nnap_md.xyz,1338,5.597857609,21.16813735,4.816798916,7.169527417,839,2.2538725788255682,3.0247322988806977,1.0934343899819225,normalized_void>0.946305
nvt_scale,1.1,1.1,scale-1p1,W-potential/fcc-restart/01-nvt-round-1/md/scale-1p1/multi_nnap_md.xyz,1339,8.097479867,21.16813735,6.376126289,6.994368322,840,2.198697012008258,2.99933315322416,1.0842526520319904,normalized_void>0.946305
nvt_scale,1.1,1.1,scale-1p1,W-potential/fcc-restart/01-nvt-round-1/md/scale-1p1/multi_nnap_md.xyz,1340,11.81017221,21.16813735,10.0905914,8.274909122,841,2.147478756206381,2.9778587394905767,1.076489696450867,normalized_void>0.946305
nvt_scale,1.1,1.1,scale-1p1,W-potential/fcc-restart/01-nvt-round-1/md/scale-1p1/multi_nnap_md.xyz,1341,6.496408326,21.16813735,6.47998441,8.565981863,842,2.1892593338574886,2.953616189765333,1.0677260655073162,normalized_void>0.946305
nvt_scale,1.1,1.1,scale-1p1,W-potential/fcc-restart/01-nvt-round-1/md/scale-1p1/multi_nnap_md.xyz,1342,6.601373126,21.16813735,5.318149178,7.40987211,843,2.260081487127866,2.9364750760073077,1.061529588790169,normalized_void>0.946305
nvt_scale,1.1,1.1,scale-1p1,W-potential/fcc-restart/01-nvt-round-1/md/scale-1p1/multi_nnap_md.xyz,1343,5.664096937,21.16813735,5.097097623,8.343160351,844,2.2680850705984614,2.9431405515745173,1.0639391442451984,normalized_void>0.946305
nvt_scale,1.1,1.1,scale-1p1,W-potential/fcc-restart/01-nvt-round-1/md/scale-1p1/multi_nnap_md.xyz,1344,5.994260164,21.16813735,4.619939054,8.223768785,845,2.2974864039780325,2.958478398592987,1.0694837438133924,normalized_void>0.946305
nvt_scale,1.1,1.1,scale-1p1,W-potential/fcc-restart/01-nvt-round-1/md/scale-1p1/multi_nnap_md.xyz,1345,5.492039517,21.16813735,4.191222636,9.874860211,846,2.319529978365675,3.0050841035587146,1.0863316085311183,normalized_void>0.946305
nvt_scale,1.1,1.1,scale-1p1,W-potential/fcc-restart/01-nvt-round-1/md/scale-1p1/multi_nnap_md.xyz,1346,4.823656518,21.16813735,4.808491222,10.93536867,847,2.306103307734158,3.0502729662459838,1.1026672877331143,normalized_void>0.946305
nvt_scale,1.1,1.1,scale-1p1,W-potential/fcc-restart/01-nvt-round-1/md/scale-1p1/multi_nnap_md.xyz,1347,5.218271959,21.16813735,5.972077007,10.94757777,848,2.2222934298400867,3.0559907657401317,1.104734260272878,normalized_void>0.946305
nvt_scale,1.1,1.1,scale-1p1,W-potential/fcc-restart/01-nvt-round-1/md/scale-1p1/multi_nnap_md.xyz,1348,12.58271168,21.16813735,10.25351481,10.50863958,849,2.1292677278505714,3.0333293467825593,1.0965422047897637,normalized_void>0.946305
nvt_scale,1.1,1.1,scale-1p1,W-potential/fcc-restart/01-nvt-round-1/md/scale-1p1/multi_nnap_md.xyz,1349,17.52578342,21.16813735,12.46276881,9.425383268,850,2.1162373063332858,3.0014518881872574,1.0850185702829263,normalized_void>0.946305
nvt_scale,1.1,1.1,scale-1p1,W-potential/fcc-restart/01-nvt-round-1/md/scale-1p1/multi_nnap_md.xyz,1350,17.32281121,21.16813735,11.12084948,8.705114902,851,2.1649258545514827,2.9526446653962544,1.0673748614829968,normalized_void>0.946305
nvt_scale,1.1,1.1,scale-1p1,W-potential/fcc-restart/01-nvt-round-1/md/scale-1p1/multi_nnap_md.xyz,1351,8.350723462,21.16813735,5.327001139,9.248245023,852,2.230789190112487,2.9085840284632343,1.0514470335278088,normalized_void>0.946305
nvt_scale,1.1,1.1,scale-1p1,W-potential/fcc-restart/01-nvt-round-1/md/scale-1p1/multi_nnap_md.xyz,1352,6.309241539,21.16813735,4.35072004,8.092580457,853,2.245488889104907,2.8723020772597887,1.038331184169446,normalized_void>0.946305
nvt_scale,1.1,1.1,scale-1p1,W-potential/fcc-restart/01-nvt-round-1/md/scale-1p1/multi_nnap_md.xyz,1353,5.512854693,21.16813735,5.432559952,6.341589633,854,2.3045151452115853,2.845714244974053,1.0287197384930624,normalized_void>0.946305
nvt_scale,1.1,1.1,scale-1p1,W-potential/fcc-restart/01-nvt-round-1/md/scale-1p1/multi_nnap_md.xyz,1354,9.141833037,21.16813735,7.879238685,8.436023557,855,2.2227538609325985,2.826435540150238,1.021750527083355,normalized_void>0.946305
nvt_scale,1.1,1.1,scale-1p1,W-potential/fcc-restart/01-nvt-round-1/md/scale-1p1/multi_nnap_md.xyz,1355,10.45106999,21.16813735,10.59175481,11.58138164,856,2.1689911394822547,2.8194156059497284,1.0192128355748906,normalized_void>0.946305
nvt_scale,1.1,1.1,scale-1p1,W-potential/fcc-restart/01-nvt-round-1/md/scale-1p1/multi_nnap_md.xyz,1356,7.234084947,21.16813735,10.76240409,12.11468205,857,2.182549213047199,2.816949082713366,1.0183211925916997,normalized_void>0.946305
nvt_scale,1.1,1.1,scale-1p1,W-potential/fcc-restart/01-nvt-round-1/md/scale-1p1/multi_nnap_md.xyz,1357,6.58703231,21.16813735,7.164810027,9.761584055,858,2.27233574366024,2.835132754300956,1.0248945517803345,normalized_void>0.946305
nvt_scale,1.1,1.1,scale-1p1,W-potential/fcc-restart/01-nvt-round-1/md/scale-1p1/multi_nnap_md.xyz,1358,6.150782015,21.16813735,4.554693271,9.655035716,859,2.363255568490293,2.8812620754123617,1.041570204732629,normalized_void>0.946305
nvt_scale,1.1,1.1,scale-1p1,W-potential/fcc-restart/01-nvt-round-1/md/scale-1p1/multi_nnap_md.xyz,1359,5.074945961,21.16813735,6.567333346,10.26335721,860,2.3244340678238586,2.9368006447208863,1.0616472811981421,normalized_void>0.946305
nvt_scale,1.1,1.1,scale-1p1,W-potential/fcc-restart/01-nvt-round-1/md/scale-1p1/multi_nnap_md.xyz,1360,7.361426887,21.16813735,8.13975221,10.4212815,861,2.264372519148655,2.975241844848777,1.0755436945196013,normalized_void>0.946305
nvt_scale,1.1,1.1,scale-1p1,W-potential/fcc-restart/01-nvt-round-1/md/scale-1p1/multi_nnap_md.xyz,1361,8.24885721,21.16813735,7.603004379,8.496662172,862,2.2189087988911713,2.9843231093123164,1.0788265526001755,normalized_void>0.946305
nvt_scale,1.1,1.1,scale-1p1,W-potential/fcc-restart/01-nvt-round-1/md/scale-1p1/multi_nnap_md.xyz,1362,8.090593665,21.16813735,5.922071264,11.06253878,863,2.1552739154444236,3.010370721113036,1.0882427097028537,normalized_void>0.946305
nvt_scale,1.1,1.1,scale-1p1,W-potential/fcc-restart/01-nvt-round-1/md/scale-1p1/multi_nnap_md.xyz,1363,8.9832371,21.16813735,6.508720563,13.08577035,864,2.1479002090037116,3.0294873038626586,1.095153314322346,normalized_void>0.946305
nvt_scale,1.1,1.1,scale-1p1,W-potential/fcc-restart/01-nvt-round-1/md/scale-1p1/multi_nnap_md.xyz,1364,7.460261201,21.16813735,7.849698694,12.84688437,865,2.1645064609712583,3.0481204583007746,1.101889160619891,normalized_void>0.946305
nvt_scale,1.1,1.1,scale-1p1,W-potential/fcc-restart/01-nvt-round-1/md/scale-1p1/multi_nnap_md.xyz,1365,6.815391262,21.16813735,6.866753906,13.19270332,866,2.1827157967827815,3.0633790268858245,1.1074051012004724,normalized_void>0.946305
nvt_scale,1.1,1.1,scale-1p1,W-potential/fcc-restart/01-nvt-round-1/md/scale-1p1/multi_nnap_md.xyz,1366,6.994132975,21.16813735,6.022470105,12.77523127,867,2.2798586989357257,3.0826153037808597,1.114358975002802,normalized_void>0.946305
nvt_scale,1.1,1.1,scale-1p1,W-potential/fcc-restart/01-nvt-round-1/md/scale-1p1/multi_nnap_md.xyz,1367,6.901028062,21.16813735,4.636685709,10.35397268,868,2.2695500772962305,3.109850159362661,1.12420431824536,normalized_void>0.946305
nvt_scale,1.1,1.1,scale-1p1,W-potential/fcc-restart/01-nvt-round-1/md/scale-1p1/multi_nnap_md.xyz,1368,7.095196699,21.16813735,4.046964875,8.048748124,869,2.2750447997944248,3.127960014042023,1.1307509927762986,normalized_void>0.946305
nvt_scale,1.1,1.1,scale-1p1,W-potential/fcc-restart/01-nvt-round-1/md/scale-1p1/multi_nnap_md.xyz,1369,7.020173583,21.16813735,6.818869868,11.84372887,870,2.22421894798292,3.109243732238472,1.12398509611028,normalized_void>0.946305
nvt_scale,1.1,1.1,scale-1p1,W-potential/fcc-restart/01-nvt-round-1/md/scale-1p1/multi_nnap_md.xyz,1370,7.350540433,21.16813735,7.481485625,12.99243303,871,2.219783806352813,3.097473540344194,1.1197301963961295,normalized_void>0.946305
nvt_scale,1.1,1.1,scale-1p1,W-potential/fcc-restart/01-nvt-round-1/md/scale-1p1/multi_nnap_md.xyz,1371,6.859212506,21.16813735,6.602733697,11.6054919,872,2.2345929752885776,3.091151372624659,1.1174447460088897,normalized_void>0.946305
nvt_scale,1.1,1.1,scale-1p1,W-potential/fcc-restart/01-nvt-round-1/md/scale-1p1/multi_nnap_md.xyz,1372,5.552171143,21.16813735,6.760718576,10.22017326,873,2.2683913539430427,3.077301307577334,1.1124379765067305,normalized_void>0.946305
nvt_scale,1.1,1.1,scale-1p1,W-potential/fcc-restart/01-nvt-round-1/md/scale-1p1/multi_nnap_md.xyz,1373,5.697823879,21.16813735,6.078038496,11.1337696,874,2.2697547470617203,3.039934151894031,1.0989298280021333,normalized_void>0.946305
nvt_scale,1.1,1.1,scale-1p1,W-potential/fcc-restart/01-nvt-round-1/md/scale-1p1/multi_nnap_md.xyz,1374,5.570531761,21.16813735,5.802168189,13.03726383,875,2.29020894776505,3.042256894129102,1.099769494454543,normalized_void>0.946305
nvt_scale,1.1,1.1,scale-1p1,W-potential/fcc-restart/01-nvt-round-1/md/scale-1p1/multi_nnap_md.xyz,1375,5.641806709,21.16813735,6.512729362,16.24169313,876,2.3087989901448434,3.0451856816159206,1.100828244995945,normalized_void>0.946305
nvt_scale,1.1,1.1,scale-1p1,W-potential/fcc-restart/01-nvt-round-1/md/scale-1p1/multi_nnap_md.xyz,1376,5.790134892,21.16813735,7.760541359,18.43281524,877,2.2839104937845653,3.061419229691293,1.106696638619938,normalized_void>0.946305
nvt_scale,1.1,1.1,scale-1p1,W-potential/fcc-restart/01-nvt-round-1/md/scale-1p1/multi_nnap_md.xyz,1377,5.40608052,21.16813735,7.763716887,18.26957409,878,2.2517337652765668,3.0769885439922904,1.1123249131258994,normalized_void>0.946305
nvt_scale,1.1,1.1,scale-1p1,W-potential/fcc-restart/01-nvt-round-1/md/scale-1p1/multi_nnap_md.xyz,1378,5.72580792,21.16813735,6.898798682,17.42624003,879,2.253086590628421,3.084762109790542,1.1151350408782763,normalized_void>0.946305
nvt_scale,1.1,1.1,scale-1p1,W-potential/fcc-restart/01-nvt-round-1/md/scale-1p1/multi_nnap_md.xyz,1379,8.391464658,21.16813735,6.161775176,10.56728995,880,2.2651493328758554,3.0917544842985283,1.1176627696156243,normalized_void>0.946305
nvt_scale,1.1,1.1,scale-1p1,W-potential/fcc-restart/01-nvt-round-1/md/scale-1p1/multi_nnap_md.xyz,1380,10.7785979,21.16813735,9.068453992,7.915852,881,2.235734190097938,3.083698609255839,1.1147505876627508,normalized_void>0.946305
nvt_scale,1.1,1.1,scale-1p1,W-potential/fcc-restart/01-nvt-round-1/md/scale-1p1/multi_nnap_md.xyz,1381,10.38594127,21.16813735,9.269928376,9.133642791,882,2.2198249734880946,3.070815568275294,1.1100933953350571,normalized_void>0.946305
nvt_scale,1.1,1.1,scale-1p1,W-potential/fcc-restart/01-nvt-round-1/md/scale-1p1/multi_nnap_md.xyz,1382,6.267310288,21.16813735,6.145755113,9.798947386,883,2.22942533835482,3.0688320282086146,1.1093763497559768,normalized_void>0.946305
nvt_scale,1.1,1.1,scale-1p1,W-potential/fcc-restart/01-nvt-round-1/md/scale-1p1/multi_nnap_md.xyz,1383,4.538238053,21.16813735,5.019502688,12.1112465,884,2.297010596557052,3.0651619275690325,1.1080496160627178,normalized_void>0.946305
nvt_scale,1.1,1.1,scale-1p1,W-potential/fcc-restart/01-nvt-round-1/md/scale-1p1/multi_nnap_md.xyz,1384,4.55145555,21.16813735,3.878992276,11.78481475,885,2.2798566910901252,3.0689641423020118,1.1094241087239936,normalized_void>0.946305
nvt_scale,1.1,1.1,scale-1p1,W-potential/fcc-restart/01-nvt-round-1/md/scale-1p1/multi_nnap_md.xyz,1385,4.325253869,21.16813735,4.738124454,9.822181889,886,2.2596764878877207,3.057396957568394,1.105242595673172,normalized_void>0.946305
nvt_scale,1.1,1.1,scale-1p1,W-potential/fcc-restart/01-nvt-round-1/md/scale-1p1/multi_nnap_md.xyz,1386,4.529068537,21.16813735,5.611228986,8.524774597,887,2.229542069155203,3.044768881952448,1.1006775727906914,normalized_void>0.946305
nvt_scale,1.1,1.1,scale-1p1,W-potential/fcc-restart/01-nvt-round-1/md/scale-1p1/multi_nnap_md.xyz,1387,5.215710101,21.16813735,6.437230467,8.543320243,888,2.207512368411121,3.052065874668451,1.103315420372138,normalized_void>0.946305
nvt_scale,1.1,1.1,scale-1p1,W-potential/fcc-restart/01-nvt-round-1/md/scale-1p1/multi_nnap_md.xyz,1388,5.62258573,21.16813735,6.887180231,10.9082935,889,2.2481180780239143,3.058333640290764,1.105581204515191,normalized_void>0.946305
nvt_scale,1.1,1.1,scale-1p1,W-potential/fcc-restart/01-nvt-round-1/md/scale-1p1/multi_nnap_md.xyz,1389,7.338415699,21.16813735,8.573803681,11.85112975,890,2.2259658543061573,3.0337330545019854,1.0966881442846688,normalized_void>0.946305
nvt_scale,1.1,1.1,scale-1p1,W-potential/fcc-restart/01-nvt-round-1/md/scale-1p1/multi_nnap_md.xyz,1390,8.611438205,21.16813735,8.725089001,13.66438247,891,2.2396802464243404,3.0084681467325862,1.0875549330497423,normalized_void>0.946305
nvt_scale,1.1,1.1,scale-1p1,W-potential/fcc-restart/01-nvt-round-1/md/scale-1p1/multi_nnap_md.xyz,1391,9.386608453,21.16813735,8.513147632,15.58196012,892,2.226098245237299,2.982718611383654,1.078246529959989,normalized_void>0.946305
nvt_scale,1.1,1.1,scale-1p1,W-potential/fcc-restart/01-nvt-round-1/md/scale-1p1/multi_nnap_md.xyz,1392,8.56192881,21.16813735,6.937726955,14.01172679,893,2.2489636376505286,2.9640282432963323,1.0714900010481045,normalized_void>0.946305
nvt_scale,1.1,1.1,scale-1p1,W-potential/fcc-restart/01-nvt-round-1/md/scale-1p1/multi_nnap_md.xyz,1393,8.97293103,21.16813735,6.146108447,11.63915796,894,2.2181107024858235,2.9645278250302836,1.071670598798428,normalized_void>0.946305
nvt_scale,1.1,1.1,scale-1p1,W-potential/fcc-restart/01-nvt-round-1/md/scale-1p1/multi_nnap_md.xyz,1394,7.86684958,21.16813735,5.979256414,9.991621701,895,2.228554027995665,2.9633328580200926,1.0712386207274034,normalized_void>0.946305
nvt_scale,1.1,1.1,scale-1p1,W-potential/fcc-restart/01-nvt-round-1/md/scale-1p1/multi_nnap_md.xyz,1395,5.579038661,21.16813735,5.106444914,9.83364815,896,2.2522554723641384,2.9620763885976653,1.0707844096631876,normalized_void>0.946305
nvt_scale,1.1,1.1,scale-1p1,W-potential/fcc-restart/01-nvt-round-1/md/scale-1p1/multi_nnap_md.xyz,1396,4.983610338,21.16813735,5.110982327,9.842723041,897,2.272746240951959,2.940141798944162,1.0628551014509675,normalized_void>0.946305
nvt_scale,1.1,1.1,scale-1p1,W-potential/fcc-restart/01-nvt-round-1/md/scale-1p1/multi_nnap_md.xyz,1397,4.892052246,21.16813735,5.494214855,9.033977886,898,2.306950249194461,2.9159122171689087,1.0540961583941735,normalized_void>0.946305
nvt_scale,1.1,1.1,scale-1p1,W-potential/fcc-restart/01-nvt-round-1/md/scale-1p1/multi_nnap_md.xyz,1398,4.67258608,21.16813735,5.15729177,9.491359962,899,2.31382326565859,2.914303220244964,1.0535145093766167,normalized_void>0.946305
nvt_scale,1.1,1.1,scale-1p1,W-potential/fcc-restart/01-nvt-round-1/md/scale-1p1/multi_nnap_md.xyz,1399,4.531165015,21.16813735,5.161513324,8.247079691,900,2.308967998716885,2.926275583214732,1.0578424935110589,normalized_void>0.946305
nvt_scale,1.1,1.1,scale-1p1,W-potential/fcc-restart/01-nvt-round-1/md/scale-1p1/multi_nnap_md.xyz,1400,4.354288597,21.16813735,4.829074062,9.187444908,901,2.284223594397693,2.924487348084346,1.0571960502573332,normalized_void>0.946305
nvt_scale,1.1,1.1,scale-1p1,W-potential/fcc-restart/01-nvt-round-1/md/scale-1p1/multi_nnap_md.xyz,1401,4.513226824,21.16813735,4.470785608,8.476933329,902,2.2669684177255167,2.944007035566954,1.0642523763933953,normalized_void>0.946305
nvt_scale,1.1,1.1,scale-1p1,W-potential/fcc-restart/01-nvt-round-1/md/scale-1p1/multi_nnap_md.xyz,1402,4.434639361,21.16813735,5.47113978,8.181580514,903,2.189458261508779,2.9506082267782108,1.0666386931884075,normalized_void>0.946305
nvt_scale,1.1,1.1,scale-1p1,W-potential/fcc-restart/01-nvt-round-1/md/scale-1p1/multi_nnap_md.xyz,1403,7.19225589,21.16813735,8.274393463,10.81835291,904,2.088443988894228,2.9546060572254964,1.0680839005206386,normalized_void>0.946305
nvt_scale,1.1,1.1,scale-1p1,W-potential/fcc-restart/01-nvt-round-1/md/scale-1p1/multi_nnap_md.xyz,1404,10.6192581,21.16813735,13.12974361,14.45160683,905,2.031600040963217,2.9730834183404142,1.074763427858196,normalized_void>0.946305
nvt_scale,1.1,1.1,scale-1p1,W-potential/fcc-restart/01-nvt-round-1/md/scale-1p1/multi_nnap_md.xyz,1405,10.17633995,21.16813735,10.1081025,12.97502143,906,2.0720311770864948,2.9816581539405287,1.0778631768156943,normalized_void>0.946305
nvt_scale,1.1,1.1,scale-1p1,W-potential/fcc-restart/01-nvt-round-1/md/scale-1p1/multi_nnap_md.xyz,1406,10.96184905,21.16813735,9.287239275,13.6815404,907,2.147890871520862,2.9682948402839746,1.0730323669216755,normalized_void>0.946305
nvt_scale,1.1,1.1,scale-1p1,W-potential/fcc-restart/01-nvt-round-1/md/scale-1p1/multi_nnap_md.xyz,1407,6.88087144,21.16813735,6.416024402,12.28429615,908,2.258847972735353,3.0054902562730863,1.0864784318865746,normalized_void>0.946305
nvt_scale,1.1,1.1,scale-1p1,W-potential/fcc-restart/01-nvt-round-1/md/scale-1p1/multi_nnap_md.xyz,1408,4.232573133,21.16813735,5.610115237,9.960171195,909,2.3491370232162896,3.040909574634287,1.0992824412794673,normalized_void>0.946305
nvt_scale,1.1,1.1,scale-1p1,W-potential/fcc-restart/01-nvt-round-1/md/scale-1p1/multi_nnap_md.xyz,1409,3.946275583,21.16813735,3.883261603,5.835843537,910,2.338430060010815,3.0580753993685215,1.1054878509627508,normalized_void>0.946305
nvt_scale,1.1,1.1,scale-1p1,W-potential/fcc-restart/01-nvt-round-1/md/scale-1p1/multi_nnap_md.xyz,1410,3.531484438,21.16813735,2.934090914,5.511423547,911,2.370147608111501,3.076816103794222,1.1122625763555172,normalized_void>0.946305
nvt_scale,1.1,1.1,scale-1p1,W-potential/fcc-restart/01-nvt-round-1/md/scale-1p1/multi_nnap_md.xyz,1411,3.63162538,21.16813735,4.389253039,6.6928591,912,2.4333673165208336,3.0554360219346144,1.104533721549234,normalized_void>0.946305
nvt_scale,1.1,1.1,scale-1p1,W-potential/fcc-restart/01-nvt-round-1/md/scale-1p1/multi_nnap_md.xyz,1412,4.077013184,21.16813735,5.58911014,9.641890829,913,2.4143341616263765,3.0231937538347644,1.0928782091706877,normalized_void>0.946305
nvt_scale,1.1,1.1,scale-1p1,W-potential/fcc-restart/01-nvt-round-1/md/scale-1p1/multi_nnap_md.xyz,1413,4.349134838,21.16813735,5.47679609,10.39511283,914,2.3997604879743513,2.9843940125685235,1.0788521839787697,normalized_void>0.946305
nvt_scale,1.1,1.1,scale-1p1,W-potential/fcc-restart/01-nvt-round-1/md/scale-1p1/multi_nnap_md.xyz,1414,4.580395799,21.16813735,4.694692441,11.72615869,915,2.3782364153536983,2.9390891137718143,1.062474557966278,normalized_void>0.946305
nvt_scale,1.1,1.1,scale-1p1,W-potential/fcc-restart/01-nvt-round-1/md/scale-1p1/multi_nnap_md.xyz,1415,4.85571708,21.16813735,5.358362101,12.69583091,916,2.3108825041894914,2.900702676574726,1.0485979413295892,normalized_void>0.946305
nvt_scale,1.1,1.1,scale-1p1,W-potential/fcc-restart/01-nvt-round-1/md/scale-1p1/multi_nnap_md.xyz,1416,4.191339664,21.16813735,6.047592398,11.47796369,917,2.304778216497767,2.8635067076868825,1.035151676492957,normalized_void>0.946305
nvt_scale,1.1,1.1,scale-1p1,W-potential/fcc-restart/01-nvt-round-1/md/scale-1p1/multi_nnap_md.xyz,1417,3.848875874,21.16813735,5.872833608,11.45756161,918,2.326951683219141,2.8199781047908847,1.0194161777276731,normalized_void>0.946305
nvt_scale,1.1,1.1,scale-1p1,W-potential/fcc-restart/01-nvt-round-1/md/scale-1p1/multi_nnap_md.xyz,1418,3.402385703,21.16813735,5.360221448,10.69222517,919,2.3425134289716723,2.776432305590411,1.0036744625343434,normalized_void>0.946305
nvt_scale,1.1,1.1,scale-1p1,W-potential/fcc-restart/01-nvt-round-1/md/scale-1p1/multi_nnap_md.xyz,1419,3.905903256,21.16813735,4.761685028,9.281180243,920,2.334581713873576,2.742020642002952,0.9912347182313715,normalized_void>0.946305
nvt_scale,1.1,1.1,scale-1p1,W-potential/fcc-restart/01-nvt-round-1/md/scale-1p1/multi_nnap_md.xyz,1420,4.415731335,21.16813735,5.00445125,10.01946969,921,2.333751756030381,2.72749255726993,0.9859828460331159,normalized_void>0.946305
nvt_scale,1.1,1.1,scale-1p1,W-potential/fcc-restart/01-nvt-round-1/md/scale-1p1/multi_nnap_md.xyz,1421,4.768017614,21.16813735,6.974533357,12.72314563,922,2.2750754326399365,2.6995614797334224,0.9758858200123436,normalized_void>0.946305
nvt_scale,1.1,1.1,scale-1p1,W-potential/fcc-restart/01-nvt-round-1/md/scale-1p1/multi_nnap_md.xyz,1422,5.00599725,21.16813735,7.717063666,13.13184166,923,2.2653394851204864,2.6997441957924906,0.9759518714849519,normalized_void>0.946305
nvt_scale,1.1,1.1,scale-1p1,W-potential/fcc-restart/01-nvt-round-1/md/scale-1p1/multi_nnap_md.xyz,1423,4.784988771,21.16813735,5.545522084,9.850774035,924,2.2840903052582444,2.697946526297892,0.9753020177283259,normalized_void>0.946305
nvt_scale,1.1,1.1,scale-1p1,W-potential/fcc-restart/01-nvt-round-1/md/scale-1p1/multi_nnap_md.xyz,1424,5.411767771,21.16813735,4.993824208,8.780164169,925,2.2928647172871743,2.6651570117184202,0.9634486768937418,normalized_void>0.946305
nvt_scale,1.1,1.1,scale-1p1,W-potential/fcc-restart/01-nvt-round-1/md/scale-1p1/multi_nnap_md.xyz,1425,5.205463807,21.16813735,5.506055779,6.154398624,926,2.318270613147221,2.640961211811499,0.9547019459115853,normalized_void>0.946305
nvt_scale,1.1,1.1,scale-1p1,W-potential/fcc-restart/01-nvt-round-1/md/scale-1p1/multi_nnap_md.xyz,1426,4.915900343,21.16813735,6.071429394,5.797400436,927,2.299936162690567,2.6441083616935614,0.955839634001453,normalized_void>0.946305
nvt_scale,1.1,1.1,scale-1p1,W-potential/fcc-restart/01-nvt-round-1/md/scale-1p1/multi_nnap_md.xyz,1427,4.34293186,21.16813735,6.227009634,5.496625202,928,2.3131988085483135,2.6448439168323126,0.9561055356433061,normalized_void>0.946305
nvt_scale,1.1,1.1,scale-1p1,W-potential/fcc-restart/01-nvt-round-1/md/scale-1p1/multi_nnap_md.xyz,1428,3.752797251,21.16813735,5.322956782,4.494610053,929,2.2863493427096753,2.648006858034795,0.9572489322624267,normalized_void>0.946305
nvt_scale,1.1,1.1,scale-1p1,W-potential/fcc-restart/01-nvt-round-1/md/scale-1p1/multi_nnap_md.xyz,1429,3.535481943,21.16813735,4.291592775,5.621550466,930,2.2374463932700075,2.6594885735784457,0.9613995483801121,normalized_void>0.946305
nvt_scale,1.1,1.1,scale-1p1,W-potential/fcc-restart/01-nvt-round-1/md/scale-1p1/multi_nnap_md.xyz,1430,5.231652889,21.16813735,5.193177321,11.8982116,931,2.1778694081132417,2.6701672910104217,0.9652598823625087,normalized_void>0.946305
nvt_scale,1.1,1.1,scale-1p1,W-potential/fcc-restart/01-nvt-round-1/md/scale-1p1/multi_nnap_md.xyz,1431,5.927151668,21.16813735,5.967730718,17.08009693,932,2.171946657316979,2.684627840568913,0.970487340736641,normalized_void>0.946305
nvt_scale,1.1,1.1,scale-1p1,W-potential/fcc-restart/01-nvt-round-1/md/scale-1p1/multi_nnap_md.xyz,1432,5.371382648,21.16813735,6.56559395,17.24610844,933,2.208552668139567,2.715618722636654,0.9816904796859233,normalized_void>0.946305
nvt_scale,1.1,1.1,scale-1p1,W-potential/fcc-restart/01-nvt-round-1/md/scale-1p1/multi_nnap_md.xyz,1433,5.251510172,21.16813735,7.22889031,16.54580261,934,2.2879010436071665,2.739104125405851,0.9901804035908979,normalized_void>0.946305
nvt_scale,1.1,1.1,scale-1p1,W-potential/fcc-restart/01-nvt-round-1/md/scale-1p1/multi_nnap_md.xyz,1434,5.3197221,21.16813735,6.938591544,13.49763296,935,2.2221438665560833,2.765670310954947,0.9997840240173311,normalized_void>0.946305
nvt_scale,1.1,1.1,scale-1p1,W-potential/fcc-restart/01-nvt-round-1/md/scale-1p1/multi_nnap_md.xyz,1435,5.741583748,21.16813735,7.281262746,11.91743044,936,2.21381777225265,2.779769439209399,1.004880829347141,normalized_void>0.946305
nvt_scale,1.1,1.1,scale-1p1,W-potential/fcc-restart/01-nvt-round-1/md/scale-1p1/multi_nnap_md.xyz,1436,4.208180555,21.16813735,5.498242322,10.07589745,937,2.3066002967742443,2.8248577308275906,1.021180152318337,normalized_void>0.946305
nvt_scale,1.1,1.1,scale-1p1,W-potential/fcc-restart/01-nvt-round-1/md/scale-1p1/multi_nnap_md.xyz,1437,4.515168699,21.16813735,5.461424772,9.153490287,938,2.4204604963225114,2.8658349610628906,1.0359933352112707,normalized_void>0.946305
nvt_scale,1.1,1.1,scale-1p1,W-potential/fcc-restart/01-nvt-round-1/md/scale-1p1/multi_nnap_md.xyz,1438,4.429624914,21.16813735,5.781183366,9.917180472,939,2.427576386634061,2.902393887983041,1.049209310711027,normalized_void>0.946305
nvt_scale,1.1,1.1,scale-1p1,W-potential/fcc-restart/01-nvt-round-1/md/scale-1p1/multi_nnap_md.xyz,1439,4.064062115,21.16813735,5.903264697,10.71433698,940,2.434665616644631,2.913798598485419,1.0533320896675986,normalized_void>0.946305
nvt_scale,1.1,1.1,scale-1p1,W-potential/fcc-restart/01-nvt-round-1/md/scale-1p1/multi_nnap_md.xyz,1440,4.083741675,21.16813735,5.303986839,9.74657633,941,2.3956307240102532,2.912718421510118,1.05294160795373,normalized_void>0.946305
nvt_scale,1.1,1.1,scale-1p1,W-potential/fcc-restart/01-nvt-round-1/md/scale-1p1/multi_nnap_md.xyz,1441,4.712861618,21.16813735,5.244593555,8.44392844,942,2.2776558321803795,2.9128566396939117,1.0529915735376387,normalized_void>0.946305
nvt_scale,1.1,1.1,scale-1p1,W-potential/fcc-restart/01-nvt-round-1/md/scale-1p1/multi_nnap_md.xyz,1442,7.230450572,21.16813735,6.571898757,9.877220308,943,2.2315929932760987,2.9136994791797264,1.053296258246221,normalized_void>0.946305
nvt_scale,1.1,1.1,scale-1p1,W-potential/fcc-restart/01-nvt-round-1/md/scale-1p1/multi_nnap_md.xyz,1443,6.393312685,21.16813735,5.948706776,11.55923429,944,2.255343143015702,2.9203975234263777,1.0557175872106452,normalized_void>0.946305
nvt_scale,1.1,1.1,scale-1p1,W-potential/fcc-restart/01-nvt-round-1/md/scale-1p1/multi_nnap_md.xyz,1444,4.792743709,21.16813735,5.341844339,12.68294785,945,2.2970059644626217,2.9332927764465917,1.060379194165098,normalized_void>0.946305
nvt_scale,1.1,1.1,scale-1p1,W-potential/fcc-restart/01-nvt-round-1/md/scale-1p1/multi_nnap_md.xyz,1445,4.321929561,21.16813735,3.97708634,11.97629591,946,2.3428610992574583,2.9329198822156775,1.0602443936817434,normalized_void>0.946305
nvt_scale,1.1,1.1,scale-1p1,W-potential/fcc-restart/01-nvt-round-1/md/scale-1p1/multi_nnap_md.xyz,1446,3.991525557,21.16813735,3.848039035,9.997312571,947,2.3435837215266933,2.90793694219475,1.0512131131972369,normalized_void>0.946305
nvt_scale,1.1,1.1,scale-1p1,W-potential/fcc-restart/01-nvt-round-1/md/scale-1p1/multi_nnap_md.xyz,1447,4.44065733,21.16813735,4.771322321,8.863162101,948,2.282141525344402,2.879418896135077,1.0409038992848936,normalized_void>0.946305
nvt_scale,1.1,1.1,scale-1p1,W-potential/fcc-restart/01-nvt-round-1/md/scale-1p1/multi_nnap_md.xyz,1448,5.764578666,21.16813735,5.922891986,8.037450267,949,2.2937762646229722,2.8567164343607603,1.032697006909501,normalized_void>0.946305
nvt_scale,1.1,1.1,scale-1p1,W-potential/fcc-restart/01-nvt-round-1/md/scale-1p1/multi_nnap_md.xyz,1449,7.197374802,21.16813735,6.669512397,8.230360371,950,2.2235943064680046,2.835489567208921,1.0250235388991293,normalized_void>0.946305
nvt_scale,1.1,1.1,scale-1p1,W-potential/fcc-restart/01-nvt-round-1/md/scale-1p1/multi_nnap_md.xyz,1450,7.815024894,21.16813735,7.110047475,8.869917529,951,2.162691538807502,2.829532097308115,1.0228699260094087,normalized_void>0.946305
nvt_scale,1.1,1.1,scale-1p1,W-potential/fcc-restart/01-nvt-round-1/md/scale-1p1/multi_nnap_md.xyz,1451,6.984203744,21.16813735,6.530309626,10.81716072,952,2.1719487299517684,2.8205932837950956,1.0196385636490481,normalized_void>0.946305
nvt_scale,1.1,1.1,scale-1p1,W-potential/fcc-restart/01-nvt-round-1/md/scale-1p1/multi_nnap_md.xyz,1452,6.010479066,21.16813735,5.597261215,10.48715349,953,2.193578857551158,2.8014619160023306,1.0127226142674308,normalized_void>0.946305
nvt_scale,1.1,1.1,scale-1p1,W-potential/fcc-restart/01-nvt-round-1/md/scale-1p1/multi_nnap_md.xyz,1453,6.970143165,21.16813735,6.184559303,9.794237926,954,2.202983875266789,2.785007561541136,1.0067743995974978,normalized_void>0.946305
nvt_scale,1.1,1.1,scale-1p1,W-potential/fcc-restart/01-nvt-round-1/md/scale-1p1/multi_nnap_md.xyz,1454,6.110448306,21.16813735,5.897667047,9.446390231,955,2.215631365335103,2.7919919167866385,1.0092992293882561,normalized_void>0.946305
nvt_scale,1.1,1.1,scale-1p1,W-potential/fcc-restart/01-nvt-round-1/md/scale-1p1/multi_nnap_md.xyz,1455,4.624824039,21.16813735,5.39092794,7.800327634,956,2.2605471750743504,2.798041025805915,1.0114859696273426,normalized_void>0.946305
nvt_scale,1.1,1.1,scale-1p1,W-potential/fcc-restart/01-nvt-round-1/md/scale-1p1/multi_nnap_md.xyz,1456,3.978664398,21.16813735,4.906525251,9.914907412,957,2.311216472623694,2.781916963017623,1.0056571547052846,normalized_void>0.946305
nvt_scale,1.1,1.1,scale-1p1,W-potential/fcc-restart/01-nvt-round-1/md/scale-1p1/multi_nnap_md.xyz,1457,3.940079641,21.16813735,6.627266507,12.64936999,958,2.2814926536162683,2.7594454182035055,0.9975337383272903,normalized_void>0.946305
nvt_scale,1.1,1.1,scale-1p1,W-potential/fcc-restart/01-nvt-round-1/md/scale-1p1/multi_nnap_md.xyz,1458,4.553149654,21.16813735,8.150309734,13.69426596,959,2.30393142072929,2.7615820899027863,0.9983061406707834,normalized_void>0.946305
nvt_scale,1.1,1.1,scale-1p1,W-potential/fcc-restart/01-nvt-round-1/md/scale-1p1/multi_nnap_md.xyz,1459,4.382537651,21.16813735,7.064971821,11.24446824,960,2.325343386995985,2.7856858029974365,1.007019582463203,normalized_void>0.946305
nvt_scale,1.1,1.1,scale-1p1,W-potential/fcc-restart/01-nvt-round-1/md/scale-1p1/multi_nnap_md.xyz,1460,4.015500853,21.16813735,4.89855745,7.839140653,961,2.2934983767159425,2.80325188232243,1.0133696833426116,normalized_void>0.946305
nvt_scale,1.1,1.1,scale-1p1,W-potential/fcc-restart/01-nvt-round-1/md/scale-1p1/multi_nnap_md.xyz,1461,5.016714522,21.16813735,4.462969279,8.564783341,962,2.2274249027322983,2.8340016340609853,1.0244856541830012,normalized_void>0.946305
nvt_scale,1.1,1.1,scale-1p1,W-potential/fcc-restart/01-nvt-round-1/md/scale-1p1/multi_nnap_md.xyz,1462,5.462674638,21.16813735,4.293146582,9.614155539,963,2.1478936283504133,2.8724386492506,1.03838055465804,normalized_void>0.946305
nvt_scale,1.1,1.1,scale-1p1,W-potential/fcc-restart/01-nvt-round-1/md/scale-1p1/multi_nnap_md.xyz,1463,8.044537938,21.16813735,7.088602327,9.856751958,964,2.1052623378737336,2.880818090434639,1.0414097050932205,normalized_void>0.946305
nvt_scale,1.1,1.1,scale-1p1,W-potential/fcc-restart/01-nvt-round-1/md/scale-1p1/multi_nnap_md.xyz,1464,6.141131512,21.16813735,5.641367952,13.06474565,965,2.145507288082064,2.8848365470190998,1.0428623687308338,normalized_void>0.946305
nvt_scale,1.1,1.1,scale-1p1,W-potential/fcc-restart/01-nvt-round-1/md/scale-1p1/multi_nnap_md.xyz,1465,7.647198241,21.16813735,6.601199821,13.01016273,966,2.1912198541801873,2.887068890597198,1.0436693562581105,normalized_void>0.946305
nvt_scale,1.1,1.1,scale-1p1,W-potential/fcc-restart/01-nvt-round-1/md/scale-1p1/multi_nnap_md.xyz,1466,7.599553043,21.16813735,6.359529338,10.87473785,967,2.1998817709240446,2.889626557707543,1.0445939475608226,normalized_void>0.946305
nvt_scale,1.1,1.1,scale-1p1,W-potential/fcc-restart/01-nvt-round-1/md/scale-1p1/multi_nnap_md.xyz,1467,7.861564707,21.16813735,7.105958264,9.479091221,968,2.1716745044199577,2.897829481550051,1.0475592873467996,normalized_void>0.946305
nvt_scale,1.1,1.1,scale-1p1,W-potential/fcc-restart/01-nvt-round-1/md/scale-1p1/multi_nnap_md.xyz,1468,10.85210676,21.16813735,10.77642556,10.63349063,969,2.1542763888324585,2.913109872447213,1.0530831166474972,normalized_void>0.946305
nvt_scale,1.1,1.1,scale-1p1,W-potential/fcc-restart/01-nvt-round-1/md/scale-1p1/multi_nnap_md.xyz,1469,6.074209374,21.16813735,7.198544929,7.908728694,970,2.2062569224071464,2.935335352116597,1.061117580991116,normalized_void>0.946305
nvt_scale,1.1,1.1,scale-1p1,W-potential/fcc-restart/01-nvt-round-1/md/scale-1p1/multi_nnap_md.xyz,1470,5.648309882,21.16813735,7.172247796,10.22558838,971,2.259904373416522,2.9629329914455593,1.0710940697983309,normalized_void>0.946305
nvt_scale,1.1,1.1,scale-1p1,W-potential/fcc-restart/01-nvt-round-1/md/scale-1p1/multi_nnap_md.xyz,1471,5.223828717,21.16813735,7.175670569,10.9349606,972,2.244713118494978,2.9835487487923213,1.0785466228942904,normalized_void>0.946305
nvt_scale,1.1,1.1,scale-1p1,W-potential/fcc-restart/01-nvt-round-1/md/scale-1p1/multi_nnap_md.xyz,1472,6.08397982,21.16813735,7.453845909,11.25571126,973,2.230060742108936,3.0024621259081017,1.085383769102814,normalized_void>0.946305
nvt_scale,1.1,1.1,scale-1p1,W-potential/fcc-restart/01-nvt-round-1/md/scale-1p1/multi_nnap_md.xyz,1473,5.891987761,21.16813735,6.604365796,10.79931177,974,2.211514055941565,3.000952608317714,1.0848380816559535,normalized_void>0.946305
nvt_scale,1.1,1.1,scale-1p1,W-potential/fcc-restart/01-nvt-round-1/md/scale-1p1/multi_nnap_md.xyz,1474,5.732824166,21.16813735,6.990279997,11.396053,975,2.2052186476856743,2.986225822376173,1.079514379387048,normalized_void>0.946305
nvt_scale,1.1,1.1,scale-1p1,W-potential/fcc-restart/01-nvt-round-1/md/scale-1p1/multi_nnap_md.xyz,1475,5.314587244,21.16813735,6.21714535,11.52994296,976,2.1783409796494535,2.968999583692957,1.07328713018776,normalized_void>0.946305
nvt_scale,1.1,1.1,scale-1p1,W-potential/fcc-restart/01-nvt-round-1/md/scale-1p1/multi_nnap_md.xyz,1476,7.360557168,21.16813735,6.919090347,10.12689141,977,2.176141574134422,2.942693819673118,1.063777651598635,normalized_void>0.946305
nvt_scale,1.1,1.1,scale-1p1,W-potential/fcc-restart/01-nvt-round-1/md/scale-1p1/multi_nnap_md.xyz,1477,7.320201637,21.16813735,7.93999757,10.13427403,978,2.217588134766492,2.908380393865914,1.0513734200474414,normalized_void>0.946305
nvt_scale,1.1,1.1,scale-1p1,W-potential/fcc-restart/01-nvt-round-1/md/scale-1p1/multi_nnap_md.xyz,1478,5.921080972,21.16813735,5.086210554,10.83072131,979,2.272157391561756,2.8792172618212297,1.0408310089028117,normalized_void>0.946305
nvt_scale,1.1,1.1,scale-1p1,W-potential/fcc-restart/01-nvt-round-1/md/scale-1p1/multi_nnap_md.xyz,1479,5.059954065,21.16813735,4.522439356,10.02718662,980,2.2877795789894333,2.8736995044143416,1.0388363511585539,normalized_void>0.946305
nvt_scale,1.1,1.1,scale-1p1,W-potential/fcc-restart/01-nvt-round-1/md/scale-1p1/multi_nnap_md.xyz,1480,4.989435298,21.16813735,5.760332489,11.34511743,981,2.2951924326477746,2.8889960113942466,1.044366006389404,normalized_void>0.946305
nvt_scale,1.1,1.1,scale-1p1,W-potential/fcc-restart/01-nvt-round-1/md/scale-1p1/multi_nnap_md.xyz,1481,5.779119098,21.16813735,6.531939174,11.57391422,982,2.314018418642435,2.9028894285982614,1.0493884476053945,normalized_void>0.946305
nvt_scale,1.1,1.1,scale-1p1,W-potential/fcc-restart/01-nvt-round-1/md/scale-1p1/multi_nnap_md.xyz,1482,5.295426131,21.16813735,5.477093139,10.21113215,983,2.286326676896978,2.903333821033554,1.049549094539861,normalized_void>0.946305
nvt_scale,1.1,1.1,scale-1p1,W-potential/fcc-restart/01-nvt-round-1/md/scale-1p1/multi_nnap_md.xyz,1483,6.084493687,21.16813735,6.163861571,11.78801845,984,2.2643453636744475,2.8944828513091894,1.0463494875250878,normalized_void>0.946305
nvt_scale,1.1,1.1,scale-1p1,W-potential/fcc-restart/01-nvt-round-1/md/scale-1p1/multi_nnap_md.xyz,1484,6.638352925,21.16813735,6.734122955,12.48393908,985,2.261415412145946,2.86550311157249,1.0358733723156333,normalized_void>0.946305
nvt_scale,1.1,1.1,scale-1p1,W-potential/fcc-restart/01-nvt-round-1/md/scale-1p1/multi_nnap_md.xyz,1485,7.08539075,21.16813735,5.847335099,11.59235349,986,2.2384404091345,2.836626104412189,1.0254343947173474,normalized_void>0.946305
nvt_scale,1.1,1.1,scale-1p1,W-potential/fcc-restart/01-nvt-round-1/md/scale-1p1/multi_nnap_md.xyz,1486,6.361388544,21.16813735,5.57430193,9.499282191,987,2.2682056372178168,2.815054626898021,1.0176363507828672,normalized_void>0.946305
nvt_scale,1.1,1.1,scale-1p1,W-potential/fcc-restart/01-nvt-round-1/md/scale-1p1/multi_nnap_md.xyz,1487,6.394452093,21.16813735,5.063733237,8.753922826,988,2.2496500670573387,2.7950104188492575,1.0103904115608802,normalized_void>0.946305
nvt_scale,1.1,1.1,scale-1p1,W-potential/fcc-restart/01-nvt-round-1/md/scale-1p1/multi_nnap_md.xyz,1488,7.140833027,21.16813735,6.235938826,9.092311166,989,2.1912334583215682,2.785583315907102,1.006982533594732,normalized_void>0.946305
nvt_scale,1.1,1.1,scale-1p1,W-potential/fcc-restart/01-nvt-round-1/md/scale-1p1/multi_nnap_md.xyz,1489,13.97036705,21.16813735,8.365973578,8.798095765,990,2.1670448611148374,2.789477944359799,1.008390433622102,normalized_void>0.946305
nvt_scale,1.1,1.1,scale-1p1,W-potential/fcc-restart/01-nvt-round-1/md/scale-1p1/multi_nnap_md.xyz,1490,17.40859936,21.16813735,10.06711861,8.194351672,991,2.105390862060868,2.812081938795194,1.016561730260739,normalized_void>0.946305
nvt_scale,1.1,1.1,scale-1p1,W-potential/fcc-restart/01-nvt-round-1/md/scale-1p1/multi_nnap_md.xyz,1491,15.08367603,21.16813735,8.338018011,11.02355655,992,2.1179090405587346,2.8173462846110047,1.0184647802456566,normalized_void>0.946305
nvt_scale,1.1,1.1,scale-1p1,W-potential/fcc-restart/01-nvt-round-1/md/scale-1p1/multi_nnap_md.xyz,1492,8.720152901,21.16813735,6.675431778,11.68143271,993,2.1701024882349267,2.803682021992841,1.0135251779324292,normalized_void>0.946305
nvt_scale,1.1,1.1,scale-1p1,W-potential/fcc-restart/01-nvt-round-1/md/scale-1p1/multi_nnap_md.xyz,1493,7.974031229,21.16813735,4.910683943,9.506695967,994,2.20945890629269,2.8012344282520307,1.0126403779222277,normalized_void>0.946305
nvt_scale,1.1,1.1,scale-1p1,W-potential/fcc-restart/01-nvt-round-1/md/scale-1p1/multi_nnap_md.xyz,1494,8.276967967,21.16813735,5.633408262,11.82837697,995,2.253413813380829,2.798214311195111,1.011548611932547,normalized_void>0.946305
nvt_scale,1.1,1.1,scale-1p1,W-potential/fcc-restart/01-nvt-round-1/md/scale-1p1/multi_nnap_md.xyz,1495,6.759686107,21.16813735,6.402903726,13.41345042,996,2.212250028884555,2.80700710863389,1.0147271897879373,normalized_void>0.946305
nvt_scale,1.1,1.1,scale-1p1,W-potential/fcc-restart/01-nvt-round-1/md/scale-1p1/multi_nnap_md.xyz,1496,9.675082332,21.16813735,8.625065887,13.36749734,997,2.153823299020146,2.8160510863440624,1.017996568785276,normalized_void>0.946305
nvt_scale,1.1,1.1,scale-1p1,W-potential/fcc-restart/01-nvt-round-1/md/scale-1p1/multi_nnap_md.xyz,1497,11.47582464,21.16813735,9.519921732,14.81644379,998,2.144128258029892,2.8245351354312955,1.0210635347583334,normalized_void>0.946305
nvt_scale,1.1,1.1,scale-1p1,W-potential/fcc-restart/01-nvt-round-1/md/scale-1p1/multi_nnap_md.xyz,1498,7.075276409,21.16813735,8.460579593,17.1213045,999,2.1942759910165055,2.8350323344769017,1.0248582502242936,normalized_void>0.946305
nvt_scale,1.1,1.1,scale-1p1,W-potential/fcc-restart/01-nvt-round-1/md/scale-1p1/multi_nnap_md.xyz,1499,4.747367263,21.16813735,6.450809232,13.992389,1000,2.253465723958982,2.8459615714443025,1.02880914649397,normalized_void>0.946305
nvt_scale,1.1,1.1,scale-1p1,W-potential/fcc-restart/01-nvt-round-1/md/scale-1p1/multi_nnap_md.xyz,1500,4.297201834,21.16813735,4.707752778,9.668378189,1001,2.2808177766780275,2.85141887683314,1.0307819509603344,normalized_void>0.946305
nvt_scale,1.1,1.1,scale-1p1,W-potential/fcc-restart/01-nvt-round-1/md/scale-1p1/multi_nnap_md.xyz,1501,3.893201441,21.16813735,3.239329859,10.01597443,1002,2.2919140968895135,2.8441780138152426,1.0281643941471754,normalized_void>0.946305
nvt_scale,1.1,1.1,scale-1p1,W-potential/fcc-restart/01-nvt-round-1/md/scale-1p1/multi_nnap_md.xyz,1502,3.619854828,21.16813735,2.953652413,8.782945566,1003,2.3018142091253173,2.847236571910631,1.0292700564917383,normalized_void>0.946305
nvt_scale,1.1,1.1,scale-1p1,W-potential/fcc-restart/01-nvt-round-1/md/scale-1p1/multi_nnap_md.xyz,1503,4.355919841,21.16813735,3.296676149,4.855034739,1004,2.3231484711005614,2.8628714887199616,1.034922046167041,normalized_void>0.946305
nvt_scale,1.1,1.1,scale-1p1,W-potential/fcc-restart/01-nvt-round-1/md/scale-1p1/multi_nnap_md.xyz,1504,4.762288249,21.16813735,4.305932396,7.669339635,1005,2.216761651086951,2.87756816844459,1.0402348651015978,normalized_void>0.946305
nvt_scale,1.1,1.1,scale-1p1,W-potential/fcc-restart/01-nvt-round-1/md/scale-1p1/multi_nnap_md.xyz,1505,12.72448151,21.16813735,10.27990952,15.5598095,1006,2.114352118400066,2.888674848661752,1.0442499067343634,normalized_void>0.946305
nvt_scale,1.1,1.1,scale-1p1,W-potential/fcc-restart/01-nvt-round-1/md/scale-1p1/multi_nnap_md.xyz,1506,11.4969125,21.16813735,9.952091424,14.94419636,1007,2.127033314169399,2.8910464578103494,1.0451072384736488,normalized_void>0.946305
nvt_scale,1.1,1.1,scale-1p1,W-potential/fcc-restart/01-nvt-round-1/md/scale-1p1/multi_nnap_md.xyz,1507,5.007743922,21.16813735,3.643653927,8.035590235,1008,2.248447663838863,2.8913077297980005,1.0452016877498846,normalized_void>0.946305
nvt_scale,1.1,1.1,scale-1p1,W-potential/fcc-restart/01-nvt-round-1/md/scale-1p1/multi_nnap_md.xyz,1508,6.05436542,21.16813735,4.416570421,9.2949461,1009,2.302816962145599,2.9025349466474735,1.0492603031227363,normalized_void>0.946305
nvt_scale,1.1,1.1,scale-1p1,W-potential/fcc-restart/01-nvt-round-1/md/scale-1p1/multi_nnap_md.xyz,1509,5.608641523,21.16813735,4.589764677,10.34298158,1010,2.3610938268810706,2.905946774452939,1.0504936717274795,normalized_void>0.946305
nvt_scale,1.1,1.1,scale-1p1,W-potential/fcc-restart/01-nvt-round-1/md/scale-1p1/multi_nnap_md.xyz,1510,5.185317255,21.16813735,5.999356729,10.39771965,1011,2.275835529963085,2.8953099401912343,1.0466484784234011,normalized_void>0.946305
nvt_scale,1.1,1.1,scale-1p1,W-potential/fcc-restart/01-nvt-round-1/md/scale-1p1/multi_nnap_md.xyz,1511,6.275658208,21.16813735,7.260307279,9.731669112,1012,2.2078472071314725,2.8906774852595283,1.0449738556694328,normalized_void>0.946305
nvt_scale,1.1,1.1,scale-1p1,W-potential/fcc-restart/01-nvt-round-1/md/scale-1p1/multi_nnap_md.xyz,1512,6.307367398,21.16813735,7.128034386,9.464992075,1013,2.2065767542964796,2.893926805030938,1.046148477960279,normalized_void>0.946305
nvt_scale,1.1,1.1,scale-1p1,W-potential/fcc-restart/01-nvt-round-1/md/scale-1p1/multi_nnap_md.xyz,1513,5.197776658,21.16813735,5.986475288,9.409570544,1014,2.250365676755231,2.89540810814559,1.0466839659332634,normalized_void>0.946305
nvt_scale,1.1,1.1,scale-1p1,W-potential/fcc-restart/01-nvt-round-1/md/scale-1p1/multi_nnap_md.xyz,1514,4.166909598,21.16813735,4.22498637,7.809577783,1015,2.2618931025933473,2.9115970709268915,1.0525362420668447,normalized_void>0.946305
nvt_scale,1.1,1.1,scale-1p1,W-potential/fcc-restart/01-nvt-round-1/md/scale-1p1/multi_nnap_md.xyz,1515,4.180536153,21.16813735,4.656111255,8.947378076,1016,2.2542995939255928,2.9251132902557377,1.0574223270410978,normalized_void>0.946305
nvt_scale,1.1,1.1,scale-1p1,W-potential/fcc-restart/01-nvt-round-1/md/scale-1p1/multi_nnap_md.xyz,1516,4.17907538,21.16813735,4.427510579,9.29748014,1017,2.2650483322420625,2.944578111071897,1.0644588189921709,normalized_void>0.946305
nvt_scale,1.1,1.1,scale-1p1,W-potential/fcc-restart/01-nvt-round-1/md/scale-1p1/multi_nnap_md.xyz,1517,4.597416643,21.16813735,3.937389578,8.306925941,1018,2.2956117745838345,2.95060934063543,1.066639095845459,normalized_void>0.946305
nvt_scale,1.1,1.1,scale-1p1,W-potential/fcc-restart/01-nvt-round-1/md/scale-1p1/multi_nnap_md.xyz,1518,4.667917983,21.16813735,3.456456991,8.277878022,1019,2.2954453282499263,2.944646788112958,1.064483645598653,normalized_void>0.946305
nvt_scale,1.1,1.1,scale-1p1,W-potential/fcc-restart/01-nvt-round-1/md/scale-1p1/multi_nnap_md.xyz,1519,4.782689699,21.16813735,4.243409812,8.280547592,1020,2.266043333806174,2.949474441215923,1.0662288320826396,normalized_void>0.946305
nvt_scale,1.1,1.1,scale-1p1,W-potential/fcc-restart/01-nvt-round-1/md/scale-1p1/multi_nnap_md.xyz,1520,4.627233877,21.16813735,4.776926817,11.51595699,1021,2.253244357007382,2.948558912510493,1.0658978703734323,normalized_void>0.946305
nvt_scale,1.1,1.1,scale-1p1,W-potential/fcc-restart/01-nvt-round-1/md/scale-1p1/multi_nnap_md.xyz,1521,5.790433564,21.16813735,7.203674601,12.05421779,1022,2.2523154597577144,2.969563904818861,1.0734911310926618,normalized_void>0.946305
nvt_scale,1.1,1.1,scale-1p1,W-potential/fcc-restart/01-nvt-round-1/md/scale-1p1/multi_nnap_md.xyz,1522,6.157548529,21.16813735,7.481943644,12.56532484,1023,2.2510264926937826,2.9734975217794153,1.0749131253839508,normalized_void>0.946305
nvt_scale,1.1,1.1,scale-1p1,W-potential/fcc-restart/01-nvt-round-1/md/scale-1p1/multi_nnap_md.xyz,1523,5.824802517,21.16813735,5.933373414,12.26122916,1024,2.3234777357459406,2.9626166520202415,1.0709797137587311,normalized_void>0.946305
nvt_scale,1.1,1.1,scale-1p1,W-potential/fcc-restart/01-nvt-round-1/md/scale-1p1/multi_nnap_md.xyz,1524,5.70446225,21.16813735,5.654039264,11.0150431,1025,2.3241328240314947,2.9568263348889214,1.0688865262450362,normalized_void>0.946305
nvt_scale,1.1,1.1,scale-1p1,W-potential/fcc-restart/01-nvt-round-1/md/scale-1p1/multi_nnap_md.xyz,1525,5.362199998,21.16813735,4.91681032,11.76252209,1026,2.343693141495667,2.9475751130089303,1.0655422289144332,normalized_void>0.946305
nvt_scale,1.1,1.1,scale-1p1,W-potential/fcc-restart/01-nvt-round-1/md/scale-1p1/multi_nnap_md.xyz,1526,4.581554574,21.16813735,4.73542775,12.18292921,1027,2.3183254241254807,2.9459845390182,1.0649672397486418,normalized_void>0.946305
nvt_scale,1.1,1.1,scale-1p1,W-potential/fcc-restart/01-nvt-round-1/md/scale-1p1/multi_nnap_md.xyz,1527,4.468170081,21.16813735,4.421159743,11.05201911,1028,2.324849233124877,2.916565418100918,1.054332289162801,normalized_void>0.946305
nvt_scale,1.1,1.1,scale-1p1,W-potential/fcc-restart/01-nvt-round-1/md/scale-1p1/multi_nnap_md.xyz,1528,4.866874394,21.16813735,4.205079679,7.90257298,1029,2.3447638838457476,2.874095578814644,1.0389795312245855,normalized_void>0.946305
nvt_scale,1.1,1.1,scale-1p1,W-potential/fcc-restart/01-nvt-round-1/md/scale-1p1/multi_nnap_md.xyz,1529,5.821246811,21.16813735,4.381500043,8.898635273,1030,2.2843802615671343,2.8612416260625073,1.034332854230529,normalized_void>0.946305
nvt_scale,1.1,1.1,scale-1p1,W-potential/fcc-restart/01-nvt-round-1/md/scale-1p1/multi_nnap_md.xyz,1530,5.988067178,21.16813735,5.91470357,12.22077915,1031,2.2453060393161675,2.8838485393644104,1.0425052060332944,normalized_void>0.946305
nvt_scale,1.1,1.1,scale-1p1,W-potential/fcc-restart/01-nvt-round-1/md/scale-1p1/multi_nnap_md.xyz,1531,11.4923605,21.16813735,10.56960465,17.07172516,1032,2.1439174468041107,2.9022074843008894,1.0491419261703985,normalized_void>0.946305
nvt_scale,1.1,1.1,scale-1p1,W-potential/fcc-restart/01-nvt-round-1/md/scale-1p1/multi_nnap_md.xyz,1532,16.08194912,21.16813735,14.07357643,15.78058743,1033,2.074054985590137,2.9223325885743145,1.0564171092081431,normalized_void>0.946305
nvt_scale,1.1,1.1,scale-1p1,W-potential/fcc-restart/01-nvt-round-1/md/scale-1p1/multi_nnap_md.xyz,1533,13.97044835,21.16813735,12.72344316,14.08596439,1034,2.1025907325905293,2.931947160160641,1.0598927566964589,normalized_void>0.946305
nvt_scale,1.1,1.1,scale-1p1,W-potential/fcc-restart/01-nvt-round-1/md/scale-1p1/multi_nnap_md.xyz,1534,7.249783387,21.16813735,7.920451477,10.98965612,1035,2.2099037816653193,2.9404030714998113,1.0629495509325335,normalized_void>0.946305
nvt_scale,1.1,1.1,scale-1p1,W-potential/fcc-restart/01-nvt-round-1/md/scale-1p1/multi_nnap_md.xyz,1535,5.168092101,21.16813735,5.860217224,9.226542167,1036,2.2797121896365735,2.9400533815866403,1.0628231387614357,normalized_void>0.946305
nvt_scale,1.1,1.1,scale-1p1,W-potential/fcc-restart/01-nvt-round-1/md/scale-1p1/multi_nnap_md.xyz,1536,4.968671038,21.16813735,5.191051194,9.365961449,1037,2.3400751661404295,2.9281702150004163,1.0585273989328006,normalized_void>0.946305
nvt_scale,1.1,1.1,scale-1p1,W-potential/fcc-restart/01-nvt-round-1/md/scale-1p1/multi_nnap_md.xyz,1537,5.246412434,21.16813735,5.74880019,9.324322729,1038,2.227237670826631,2.8985617622702167,1.047824005293193,normalized_void>0.946305
nvt_scale,1.1,1.1,scale-1p1,W-potential/fcc-restart/01-nvt-round-1/md/scale-1p1/multi_nnap_md.xyz,1538,14.10633165,21.16813735,10.76353427,13.27666292,1039,2.127817370110956,2.853444507780065,1.0315142123044538,normalized_void>0.946305
nvt_scale,1.1,1.1,scale-1p1,W-potential/fcc-restart/01-nvt-round-1/md/scale-1p1/multi_nnap_md.xyz,1539,14.89011302,21.16813735,11.15316575,14.38738079,1040,2.1003614635975953,2.8014793117429533,1.012728902791226,normalized_void>0.946305
nvt_scale,1.1,1.1,scale-1p1,W-potential/fcc-restart/01-nvt-round-1/md/scale-1p1/multi_nnap_md.xyz,1540,9.436178515,21.16813735,7.898104391,10.58375984,1041,2.1559020662806803,2.764013127855804,0.9991849557983781,normalized_void>0.946305
nvt_scale,1.1,1.1,scale-1p1,W-potential/fcc-restart/01-nvt-round-1/md/scale-1p1/multi_nnap_md.xyz,1541,4.994910092,21.16813735,5.332193762,9.253339959,1042,2.195145145430265,2.7503525805689506,0.9942466965696367,normalized_void>0.946305
nvt_scale,1.1,1.1,scale-1p1,W-potential/fcc-restart/01-nvt-round-1/md/scale-1p1/multi_nnap_md.xyz,1542,5.460220656,21.16813735,4.554065443,8.120513862,1043,2.224461248524833,2.723653139891435,0.9845949046934165,normalized_void>0.946305
nvt_scale,1.1,1.1,scale-1p1,W-potential/fcc-restart/01-nvt-round-1/md/scale-1p1/multi_nnap_md.xyz,1543,7.614353705,21.16813735,8.09757832,7.448427315,1044,2.239699952385073,2.6897539709483915,0.9723404261308516,normalized_void>0.946305
nvt_scale,1.1,1.1,scale-1p1,W-potential/fcc-restart/01-nvt-round-1/md/scale-1p1/multi_nnap_md.xyz,1544,10.97508819,21.16813735,9.773383745,7.164925741,1045,2.2090573040546158,2.659063853105172,0.9612460128187076,normalized_void>0.946305
nvt_scale,1.1,1.1,scale-1p1,W-potential/fcc-restart/01-nvt-round-1/md/scale-1p1/multi_nnap_md.xyz,1545,5.370132985,21.16813735,5.637672019,8.860592206,1046,2.280782847481974,2.639088434429779,0.9540249408110973,normalized_void>0.946305
nvt_scale,1.1,1.1,scale-1p1,W-potential/fcc-restart/01-nvt-round-1/md/scale-1p1/multi_nnap_md.xyz,1549,8.480209467,21.16813735,8.285797302,6.677701408,1050,2.2382981224815373,2.6311074203927616,0.9511398209549592,normalized_void>0.946305
nvt_scale,1.1,1.1,scale-1p1,W-potential/fcc-restart/01-nvt-round-1/md/scale-1p1/multi_nnap_md.xyz,1550,14.28296786,21.16813735,11.46034196,7.960768786,1051,2.193705104959815,2.627138637080399,0.9497051141011561,normalized_void>0.946305
nvt_scale,1.1,1.1,scale-1p1,W-potential/fcc-restart/01-nvt-round-1/md/scale-1p1/multi_nnap_md.xyz,1551,12.02162342,21.16813735,9.785124938,9.319559716,1052,2.182743066405061,2.653856501112557,0.9593635659814873,normalized_void>0.946305
nvt_scale,1.1,1.1,scale-1p1,W-potential/fcc-restart/01-nvt-round-1/md/scale-1p1/multi_nnap_md.xyz,1552,6.80959629,21.16813735,7.287255978,8.076023897,1053,2.198001241737649,2.701576782071926,0.9766143475861544,normalized_void>0.946305
nvt_scale,1.1,1.1,scale-1p1,W-potential/fcc-restart/01-nvt-round-1/md/scale-1p1/multi_nnap_md.xyz,1553,8.948526194,21.16813735,8.88831911,8.531925257,1054,2.170003913521098,2.782838116309907,1.0059901496908576,normalized_void>0.946305
nvt_scale,1.1,1.1,scale-1p1,W-potential/fcc-restart/01-nvt-round-1/md/scale-1p1/multi_nnap_md.xyz,1554,7.41435242,21.16813735,6.346921588,11.55362783,1055,2.237377397147712,2.846717515240682,1.0290824185928467,normalized_void>0.946305
nvt_scale,1.1,1.1,scale-1p1,W-potential/fcc-restart/01-nvt-round-1/md/scale-1p1/multi_nnap_md.xyz,1555,7.890415562,21.16813735,3.659366713,7.523340734,1056,2.2701523549981184,2.8505899470070197,1.0304822945645942,normalized_void>0.946305
nvt_scale,1.1,1.1,scale-1p1,W-potential/fcc-restart/01-nvt-round-1/md/scale-1p1/multi_nnap_md.xyz,1556,8.629766158,21.16813735,5.819640643,7.825326693,1057,2.2303187715903943,2.855893804139449,1.032399627807703,normalized_void>0.946305
nvt_scale,1.1,1.1,scale-1p1,W-potential/fcc-restart/01-nvt-round-1/md/scale-1p1/multi_nnap_md.xyz,1557,8.631879588,21.16813735,8.241822509,8.830250212,1058,2.200553056908031,2.8716818289629265,1.0381069657093966,normalized_void>0.946305
nvt_scale,1.1,1.1,scale-1p1,W-potential/fcc-restart/01-nvt-round-1/md/scale-1p1/multi_nnap_md.xyz,1558,8.204374805,21.16813735,7.847416552,9.748956308,1059,2.1405577729550194,2.8919185534975584,1.0454224992377508,normalized_void>0.946305
nvt_scale,1.1,1.1,scale-1p1,W-potential/fcc-restart/01-nvt-round-1/md/scale-1p1/multi_nnap_md.xyz,1559,8.434371524,21.16813735,7.305415665,9.71208802,1060,2.1100867695348207,2.8950331246563588,1.0465484101874036,normalized_void>0.946305
nvt_scale,1.1,1.1,scale-1p1,W-potential/fcc-restart/01-nvt-round-1/md/scale-1p1/multi_nnap_md.xyz,1560,12.4504826,21.16813735,11.49268315,11.95378419,1061,2.136019662692746,2.867957928613086,1.0367607835335764,normalized_void>0.946305
nvt_scale,1.1,1.1,scale-1p1,W-potential/fcc-restart/01-nvt-round-1/md/scale-1p1/multi_nnap_md.xyz,1561,12.35037785,21.16813735,11.49955764,12.28727629,1062,2.120091716337148,2.8451301257324046,1.0285085806107914,normalized_void>0.946305
nvt_scale,1.1,1.1,scale-1p1,W-potential/fcc-restart/01-nvt-round-1/md/scale-1p1/multi_nnap_md.xyz,1562,13.24875764,21.16813735,9.124943436,13.97155633,1063,2.1872827052780353,2.827572895217394,1.0221616785576553,normalized_void>0.946305
nvt_scale,1.1,1.1,scale-1p1,W-potential/fcc-restart/01-nvt-round-1/md/scale-1p1/multi_nnap_md.xyz,1563,11.77900686,21.16813735,9.33705467,12.73851549,1064,2.173784237068133,2.7992275518900964,1.0119148963212965,normalized_void>0.946305
nvt_scale,1.1,1.1,scale-1p1,W-potential/fcc-restart/01-nvt-round-1/md/scale-1p1/multi_nnap_md.xyz,1564,11.15405492,21.16813735,8.454591185,10.59933245,1065,2.241348516010211,2.758699598452639,0.9972641260496593,normalized_void>0.946305
nvt_scale,1.1,1.1,scale-1p1,W-potential/fcc-restart/01-nvt-round-1/md/scale-1p1/multi_nnap_md.xyz,1565,7.68522577,21.16813735,5.980161955,10.2599077,1066,2.2430367221846113,2.7183659546443986,0.9826835983019536,normalized_void>0.946305
nvt_scale,1.1,1.1,scale-1p1,W-potential/fcc-restart/01-nvt-round-1/md/scale-1p1/multi_nnap_md.xyz,1566,6.733160793,21.16813735,6.099150394,10.54914895,1067,2.2242588636199216,2.6880252719459743,0.9717155050626731,normalized_void>0.946305
nvt_scale,1.1,1.1,scale-1p1,W-potential/fcc-restart/01-nvt-round-1/md/scale-1p1/multi_nnap_md.xyz,1567,6.202894781,21.16813735,6.047006579,9.348041415,1068,2.236679305062927,2.6595622091742213,0.9614261674937367,normalized_void>0.946305
nvt_scale,1.1,1.1,scale-1p1,W-potential/fcc-restart/01-nvt-round-1/md/scale-1p1/multi_nnap_md.xyz,1580,7.844827231,21.16813735,7.831278675,9.787822433,1081,2.2727708775782713,2.6401187902142746,0.9543974122688529,normalized_void>0.946305
nvt_scale,1.1,1.1,scale-1p1,W-potential/fcc-restart/01-nvt-round-1/md/scale-1p1/multi_nnap_md.xyz,1581,8.709389149,21.16813735,8.045345344,10.06253575,1082,2.2544905824497925,2.6462903923007253,0.9566284334951302,normalized_void>0.946305
nvt_scale,1.1,1.1,scale-1p1,W-potential/fcc-restart/01-nvt-round-1/md/scale-1p1/multi_nnap_md.xyz,1582,7.217842024,21.16813735,5.771253917,10.63650118,1083,2.304662150239323,2.6500506160647923,0.9579877465091049,normalized_void>0.946305
nvt_scale,1.1,1.1,scale-1p1,W-potential/fcc-restart/01-nvt-round-1/md/scale-1p1/multi_nnap_md.xyz,1583,5.268370716,21.16813735,4.538720053,9.848451287,1084,2.3198279865908003,2.638126983682556,0.953677378379977,normalized_void>0.946305
nvt_scale,1.1,1.1,scale-1p1,W-potential/fcc-restart/01-nvt-round-1/md/scale-1p1/multi_nnap_md.xyz,1584,5.400372483,21.16813735,5.232720075,8.655233235,1085,2.3384035677708095,2.634063317310693,0.952208371498921,normalized_void>0.946305
nvt_scale,1.1,1.1,scale-1p1,W-potential/fcc-restart/01-nvt-round-1/md/scale-1p1/multi_nnap_md.xyz,1585,5.214880255,21.16813735,5.926393857,10.02600679,1086,2.326626394384172,2.636227939439406,0.9529908778641046,normalized_void>0.946305
nvt_scale,1.1,1.1,scale-1p1,W-potential/fcc-restart/01-nvt-round-1/md/scale-1p1/multi_nnap_md.xyz,1586,6.842258554,21.16813735,5.693398195,10.50140524,1087,2.217487196173034,2.621019066893317,0.9474929022975067,normalized_void>0.946305
nvt_scale,1.1,1.1,scale-1p1,W-potential/fcc-restart/01-nvt-round-1/md/scale-1p1/multi_nnap_md.xyz,1607,6.39314293,21.16813735,5.936203242,11.66287834,1108,2.2460754937068024,2.669303282772523,0.9649475451943912,normalized_void>0.946305
nvt_scale,1.1,1.1,scale-1p1,W-potential/fcc-restart/01-nvt-round-1/md/scale-1p1/multi_nnap_md.xyz,1608,10.8844441,21.16813735,8.469150684,9.437980007,1109,2.272093856578377,2.723902987945146,0.9846852242414633,normalized_void>0.946305
nvt_scale,1.1,1.1,scale-1p1,W-potential/fcc-restart/01-nvt-round-1/md/scale-1p1/multi_nnap_md.xyz,1609,12.48673516,21.16813735,8.993652838,10.08677378,1110,2.2285006074702394,2.7842802370120405,1.006511473303794,normalized_void>0.946305
nvt_scale,1.1,1.1,scale-1p1,W-potential/fcc-restart/01-nvt-round-1/md/scale-1p1/multi_nnap_md.xyz,1610,7.545968984,21.16813735,6.376826124,8.492330663,1111,2.2335383389760337,2.8297735974090132,1.0229572277900008,normalized_void>0.946305
nvt_scale,1.1,1.1,scale-1p1,W-potential/fcc-restart/01-nvt-round-1/md/scale-1p1/multi_nnap_md.xyz,1611,9.588702164,21.16813735,9.325558485,9.658824601,1112,2.186968703637208,2.866481659037015,1.036227115174245,normalized_void>0.946305
nvt_scale,1.1,1.1,scale-1p1,W-potential/fcc-restart/01-nvt-round-1/md/scale-1p1/multi_nnap_md.xyz,1612,13.83491004,21.16813735,11.53193038,11.4439822,1113,2.138692284622374,2.8742146907842683,1.0390225899520948,normalized_void>0.946305
nvt_scale,1.1,1.1,scale-1p1,W-potential/fcc-restart/01-nvt-round-1/md/scale-1p1/multi_nnap_md.xyz,1613,11.95034455,21.16813735,9.757151219,11.32682952,1114,2.1530504171536116,2.849981562252098,1.030262364750105,normalized_void>0.946305
nvt_scale,1.1,1.1,scale-1p1,W-potential/fcc-restart/01-nvt-round-1/md/scale-1p1/multi_nnap_md.xyz,1614,7.693913976,21.16813735,5.16809278,10.26455817,1115,2.229924851666204,2.82903038520825,1.0226885581362701,normalized_void>0.946305
nvt_scale,1.1,1.1,scale-1p1,W-potential/fcc-restart/01-nvt-round-1/md/scale-1p1/multi_nnap_md.xyz,1615,7.755915993,21.16813735,5.378690233,13.36900362,1116,2.26392546419683,2.820979997690703,1.0197783599122405,normalized_void>0.946305
nvt_scale,1.1,1.1,scale-1p1,W-potential/fcc-restart/01-nvt-round-1/md/scale-1p1/multi_nnap_md.xyz,1616,9.08018228,21.16813735,6.838160706,12.99238246,1117,2.229430285128764,2.823168507982854,1.0205695017984673,normalized_void>0.946305
nvt_scale,1.1,1.1,scale-1p1,W-potential/fcc-restart/01-nvt-round-1/md/scale-1p1/multi_nnap_md.xyz,1617,11.99133236,21.16813735,8.82959554,15.10830191,1118,2.1933703739576598,2.8091008791981067,1.015484083460972,normalized_void>0.946305
nvt_scale,1.1,1.1,scale-1p1,W-potential/fcc-restart/01-nvt-round-1/md/scale-1p1/multi_nnap_md.xyz,1618,9.442832007,21.16813735,7.508157953,14.1548827,1119,2.2347500606970914,2.806462923488827,1.01453046799793,normalized_void>0.946305
nvt_scale,1.1,1.1,scale-1p1,W-potential/fcc-restart/01-nvt-round-1/md/scale-1p1/multi_nnap_md.xyz,1619,5.74454262,21.16813735,4.841351696,10.94507186,1120,2.3326273662405947,2.811562241672643,1.0163738608395734,normalized_void>0.946305
nvt_scale,1.1,1.1,scale-1p1,W-potential/fcc-restart/01-nvt-round-1/md/scale-1p1/multi_nnap_md.xyz,1620,4.38445689,21.16813735,5.126225461,10.13356894,1121,2.289431322452072,2.810441492012234,1.0159687121850278,normalized_void>0.946305
nvt_scale,1.1,1.1,scale-1p1,W-potential/fcc-restart/01-nvt-round-1/md/scale-1p1/multi_nnap_md.xyz,1621,4.587964169,21.16813735,4.735869388,10.7620799,1122,2.2929334565525763,2.8093898869480762,1.0155885591571865,normalized_void>0.946305
nvt_scale,1.1,1.1,scale-1p1,W-potential/fcc-restart/01-nvt-round-1/md/scale-1p1/multi_nnap_md.xyz,1622,5.563320785,21.16813735,5.395324796,12.93346899,1123,2.2922846506682757,2.820632862798048,1.0196528713757071,normalized_void>0.946305
nvt_scale,1.1,1.1,scale-1p1,W-potential/fcc-restart/01-nvt-round-1/md/scale-1p1/multi_nnap_md.xyz,1623,6.249070815,21.16813735,5.320648308,12.1580411,1124,2.208193033827255,2.834817850196569,1.0247807146062444,normalized_void>0.946305
nvt_scale,1.1,1.1,scale-1p1,W-potential/fcc-restart/01-nvt-round-1/md/scale-1p1/multi_nnap_md.xyz,1624,14.22237405,21.16813735,11.45279991,11.27805124,1125,2.082982289060796,2.84181989834258,1.0273119403434745,normalized_void>0.946305
nvt_scale,1.1,1.1,scale-1p1,W-potential/fcc-restart/01-nvt-round-1/md/scale-1p1/multi_nnap_md.xyz,1625,15.947203,21.16813735,15.48547767,12.32472172,1126,2.0372653796090376,2.8468541815267856,1.029131823168991,normalized_void>0.946305
nvt_scale,1.1,1.1,scale-1p1,W-potential/fcc-restart/01-nvt-round-1/md/scale-1p1/multi_nnap_md.xyz,1626,14.73867267,21.16813735,11.82967119,10.99300451,1127,2.0929730896812093,2.833328276964589,1.02424223700317,normalized_void>0.946305
nvt_scale,1.1,1.1,scale-1p1,W-potential/fcc-restart/01-nvt-round-1/md/scale-1p1/multi_nnap_md.xyz,1627,7.569776296,21.16813735,6.391588076,9.010532535,1128,2.207961272416673,2.8173498117343954,1.018466055293374,normalized_void>0.946305
nvt_scale,1.1,1.1,scale-1p1,W-potential/fcc-restart/01-nvt-round-1/md/scale-1p1/multi_nnap_md.xyz,1628,6.034756856,21.16813735,5.001617742,7.091077698,1129,2.2569592392801496,2.7995290506884802,1.012023887505347,normalized_void>0.946305
nvt_scale,1.1,1.1,scale-1p1,W-potential/fcc-restart/01-nvt-round-1/md/scale-1p1/multi_nnap_md.xyz,1629,9.985643798,21.16813735,6.469110102,8.798377988,1130,2.1925381043715806,2.790425321193761,1.0087329083630598,normalized_void>0.946305
nvt_scale,1.1,1.1,scale-1p1,W-potential/fcc-restart/01-nvt-round-1/md/scale-1p1/multi_nnap_md.xyz,1630,8.986223537,21.16813735,6.791890373,7.860101807,1131,2.2202631069407857,2.785498088810501,1.0069517241778403,normalized_void>0.946305
nvt_scale,1.1,1.1,scale-1p1,W-potential/fcc-restart/01-nvt-round-1/md/scale-1p1/multi_nnap_md.xyz,1631,10.16265436,21.16813735,8.079800783,7.759528786,1132,2.2076268915301323,2.776270759387169,1.0036160639202707,normalized_void>0.946305
nvt_scale,1.1,1.1,scale-1p1,W-potential/fcc-restart/01-nvt-round-1/md/scale-1p1/multi_nnap_md.xyz,1632,9.422227756,21.16813735,9.294181878,11.7279914,1133,2.2406453247621325,2.7642848200433656,0.9992831719550539,normalized_void>0.946305
nvt_scale,1.1,1.1,scale-1p1,W-potential/fcc-restart/01-nvt-round-1/md/scale-1p1/multi_nnap_md.xyz,1633,10.76503875,21.16813735,10.47840332,14.86733789,1134,2.1910567971289385,2.7483826485184033,0.9935345702598826,normalized_void>0.946305
nvt_scale,1.1,1.1,scale-1p1,W-potential/fcc-restart/01-nvt-round-1/md/scale-1p1/multi_nnap_md.xyz,1634,8.184084531,21.16813735,7.723051296,15.27465726,1135,2.2181593886188553,2.7477874857006834,0.9933194201479952,normalized_void>0.946305
nvt_scale,1.1,1.1,scale-1p1,W-potential/fcc-restart/01-nvt-round-1/md/scale-1p1/multi_nnap_md.xyz,1635,5.473158748,21.16813735,5.35735568,11.83279205,1136,2.2332460629642745,2.7475623563292637,0.9932380363518172,normalized_void>0.946305
nvt_scale,1.1,1.1,scale-1p1,W-potential/fcc-restart/01-nvt-round-1/md/scale-1p1/multi_nnap_md.xyz,1636,5.410088979,21.16813735,5.864308311,9.906153869,1137,2.2212418673369774,2.7685961946985014,1.0008417248616257,normalized_void>0.946305
nvt_scale,1.1,1.1,scale-1p1,W-potential/fcc-restart/01-nvt-round-1/md/scale-1p1/multi_nnap_md.xyz,1637,5.144254025,21.16813735,5.872410932,10.05502471,1138,2.228302363264542,2.7960187398767755,1.0107549175001458,normalized_void>0.946305
nvt_scale,1.1,1.1,scale-1p1,W-potential/fcc-restart/01-nvt-round-1/md/scale-1p1/multi_nnap_md.xyz,1638,5.406539646,21.16813735,5.943729177,9.273002985,1139,2.2433753849035245,2.8155765801648474,1.0178250357954624,normalized_void>0.946305
nvt_scale,1.1,1.1,scale-1p1,W-potential/fcc-restart/01-nvt-round-1/md/scale-1p1/multi_nnap_md.xyz,1639,5.32402039,21.16813735,6.122533815,8.977500432,1140,2.248635468306052,2.8390218931428906,1.0263004673249132,normalized_void>0.946305
nvt_scale,1.1,1.1,scale-1p1,W-potential/fcc-restart/01-nvt-round-1/md/scale-1p1/multi_nnap_md.xyz,1640,6.981357116,21.16813735,7.794728668,9.18121194,1141,2.2389141351962865,2.8459735403336657,1.028813473222403,normalized_void>0.946305
nvt_scale,1.1,1.1,scale-1p1,W-potential/fcc-restart/01-nvt-round-1/md/scale-1p1/multi_nnap_md.xyz,1641,8.010420543,21.16813735,8.522901303,11.18012531,1142,2.2324650234072663,2.853456068236758,1.031518391385332,normalized_void>0.946305
nvt_scale,1.1,1.1,scale-1p1,W-potential/fcc-restart/01-nvt-round-1/md/scale-1p1/multi_nnap_md.xyz,1642,6.193248833,21.16813735,6.057662716,12.66843334,1143,2.2890241912447196,2.8609648044913367,1.0342327838124232,normalized_void>0.946305
nvt_scale,1.1,1.1,scale-1p1,W-potential/fcc-restart/01-nvt-round-1/md/scale-1p1/multi_nnap_md.xyz,1643,10.81786281,21.16813735,6.615202575,11.17234313,1144,2.2418801246784974,2.8517129359289783,1.0308882527074992,normalized_void>0.946305
nvt_scale,1.1,1.1,scale-1p1,W-potential/fcc-restart/01-nvt-round-1/md/scale-1p1/multi_nnap_md.xyz,1644,12.95170246,21.16813735,8.674637364,9.920869419,1145,2.202680771850375,2.836846942808988,1.0255142273351887,normalized_void>0.946305
nvt_scale,1.1,1.1,scale-1p1,W-potential/fcc-restart/01-nvt-round-1/md/scale-1p1/multi_nnap_md.xyz,1645,7.659005421,21.16813735,5.233744182,8.240349672,1146,2.2722938509953736,2.8272277293215105,1.0220369018093303,normalized_void>0.946305
nvt_scale,1.1,1.1,scale-1p1,W-potential/fcc-restart/01-nvt-round-1/md/scale-1p1/multi_nnap_md.xyz,1646,6.600900199,21.16813735,3.464570426,11.56479082,1147,2.27401906330865,2.8110347089389034,1.0161831588613766,normalized_void>0.946305
nvt_scale,1.1,1.1,scale-1p1,W-potential/fcc-restart/01-nvt-round-1/md/scale-1p1/multi_nnap_md.xyz,1647,7.120383049,21.16813735,6.111448926,13.75367839,1148,2.169460144572336,2.7697374404654664,1.001254282815757,normalized_void>0.946305
nvt_scale,1.1,1.1,scale-1p1,W-potential/fcc-restart/01-nvt-round-1/md/scale-1p1/multi_nnap_md.xyz,1648,16.87133147,21.16813735,12.76561905,13.87826407,1149,2.112598108043125,2.752865514037567,0.9951551167545697,normalized_void>0.946305
nvt_scale,1.1,1.1,scale-1p1,W-potential/fcc-restart/01-nvt-round-1/md/scale-1p1/multi_nnap_md.xyz,1649,8.221559236,21.16813735,8.947882664,16.19349438,1150,2.2024988035453372,2.726980661507846,0.9857977967874171,normalized_void>0.946305
nvt_scale,1.1,1.1,scale-1p1,W-potential/fcc-restart/01-nvt-round-1/md/scale-1p1/multi_nnap_md.xyz,1650,5.697797553,21.16813735,7.56252942,16.95877097,1151,2.2640771080497273,2.715057075116187,0.9814874452837865,normalized_void>0.946305
nvt_scale,1.1,1.1,scale-1p1,W-potential/fcc-restart/01-nvt-round-1/md/scale-1p1/multi_nnap_md.xyz,1651,5.784859646,21.16813735,8.532052456,17.25692082,1152,2.2507723891611304,2.708856321772654,0.9792458859391385,normalized_void>0.946305
nvt_scale,1.1,1.1,scale-1p1,W-potential/fcc-restart/01-nvt-round-1/md/scale-1p1/multi_nnap_md.xyz,1652,5.388600971,21.16813735,7.422846575,15.32915765,1153,2.263488009711832,2.694984610865947,0.9742312915041555,normalized_void>0.946305
nvt_scale,1.1,1.1,scale-1p1,W-potential/fcc-restart/01-nvt-round-1/md/scale-1p1/multi_nnap_md.xyz,1653,5.323544852,21.16813735,5.609221683,11.13366149,1154,2.31522947500236,2.661507901866194,0.9621295313261415,normalized_void>0.946305
nvt_scale,1.1,1.1,scale-1p1,W-potential/fcc-restart/01-nvt-round-1/md/scale-1p1/multi_nnap_md.xyz,1654,5.467859872,21.16813735,4.050593031,9.629334444,1155,2.3108655938642064,2.6263294575263068,0.9494125973873822,normalized_void>0.946305
nvt_scale,1.1,1.1,scale-1p1,W-potential/fcc-restart/01-nvt-round-1/md/scale-1p1/multi_nnap_md.xyz,1680,6.108429223,21.16813735,6.138220893,10.81497615,1181,2.147961176753146,2.641356184138587,0.9548447275804587,normalized_void>0.946305
nvt_scale,1.1,1.1,scale-1p1,W-potential/fcc-restart/01-nvt-round-1/md/scale-1p1/multi_nnap_md.xyz,1681,5.333080369,21.16813735,4.194109108,7.319364202,1182,2.225571284088601,2.6678359549508865,0.9644171092605572,normalized_void>0.946305
nvt_scale,1.1,1.1,scale-1p1,W-potential/fcc-restart/01-nvt-round-1/md/scale-1p1/multi_nnap_md.xyz,1682,5.048755282,21.16813735,4.763768261,7.977444698,1183,2.3375842236356195,2.6829247729419246,0.9698716853569886,normalized_void>0.946305
nvt_scale,1.1,1.1,scale-1p1,W-potential/fcc-restart/01-nvt-round-1/md/scale-1p1/multi_nnap_md.xyz,1683,4.207155086,21.16813735,4.349688361,8.393042715,1184,2.3834836766310246,2.6758042014756955,0.9672976136877769,normalized_void>0.946305
nvt_scale,1.1,1.1,scale-1p1,W-potential/fcc-restart/01-nvt-round-1/md/scale-1p1/multi_nnap_md.xyz,1684,4.237396473,21.16813735,3.296654692,6.641306747,1185,2.426861692752856,2.6875608637300066,0.9715476224654208,normalized_void>0.946305
nvt_scale,1.1,1.1,scale-1p1,W-potential/fcc-restart/01-nvt-round-1/md/scale-1p1/multi_nnap_md.xyz,1685,3.684989929,21.16813735,3.526120589,6.392415144,1186,2.4089189898988965,2.7054390019203725,0.9780105319709758,normalized_void>0.946305
nvt_scale,1.1,1.1,scale-1p1,W-potential/fcc-restart/01-nvt-round-1/md/scale-1p1/multi_nnap_md.xyz,1686,3.687858469,21.16813735,4.068866176,6.870258647,1187,2.353235876927634,2.7082241432720693,0.9790173547354343,normalized_void>0.946305
nvt_scale,1.1,1.1,scale-1p1,W-potential/fcc-restart/01-nvt-round-1/md/scale-1p1/multi_nnap_md.xyz,1687,3.961932333,21.16813735,4.405017346,7.338931145,1188,2.320401312678889,2.7019104129724627,0.9767349544578244,normalized_void>0.946305
nvt_scale,1.1,1.1,scale-1p1,W-potential/fcc-restart/01-nvt-round-1/md/scale-1p1/multi_nnap_md.xyz,1688,4.640626054,21.16813735,4.07838829,7.601078895,1189,2.3102064701485614,2.698342040113498,0.9754449951441643,normalized_void>0.946305
nvt_scale,1.1,1.1,scale-1p1,W-potential/fcc-restart/01-nvt-round-1/md/scale-1p1/multi_nnap_md.xyz,1689,6.393199006,21.16813735,6.038586248,7.928886419,1190,2.1918507126426654,2.7039892552116873,0.9774864515726456,normalized_void>0.946305
nvt_scale,1.1,1.1,scale-1p1,W-potential/fcc-restart/01-nvt-round-1/md/scale-1p1/multi_nnap_md.xyz,1690,7.630867735,21.16813735,6.760006047,9.027502282,1191,2.1862401063414207,2.720406620975926,0.9834212949061113,normalized_void>0.946305
nvt_scale,1.1,1.1,scale-1p1,W-potential/fcc-restart/01-nvt-round-1/md/scale-1p1/multi_nnap_md.xyz,1691,7.057458518,21.16813735,6.810496036,10.89744133,1192,2.2202941956281483,2.731442106515883,0.9874105998122026,normalized_void>0.946305
nvt_scale,1.1,1.1,scale-1p1,W-potential/fcc-restart/01-nvt-round-1/md/scale-1p1/multi_nnap_md.xyz,1692,7.577531978,21.16813735,6.401105976,12.06052446,1193,2.2426611026485497,2.7193188809359112,0.9830280791601914,normalized_void>0.946305
nvt_scale,1.1,1.1,scale-1p1,W-potential/fcc-restart/01-nvt-round-1/md/scale-1p1/multi_nnap_md.xyz,1693,5.686148149,21.16813735,6.310188033,12.25326889,1194,2.2501925926825836,2.7132374529327987,0.9808296556761485,normalized_void>0.946305
nvt_scale,1.1,1.1,scale-1p1,W-potential/fcc-restart/01-nvt-round-1/md/scale-1p1/multi_nnap_md.xyz,1694,7.622384633,21.16813735,5.658418869,10.65892027,1195,2.1983510082551296,2.7040186640016852,0.9774970827886258,normalized_void>0.946305
nvt_scale,1.1,1.1,scale-1p1,W-potential/fcc-restart/01-nvt-round-1/md/scale-1p1/multi_nnap_md.xyz,1695,8.270632601,21.16813735,4.916577963,12.79465776,1196,2.2005270195368762,2.7332794991886566,0.9880748134145285,normalized_void>0.946305
nvt_scale,1.1,1.1,scale-1p1,W-potential/fcc-restart/01-nvt-round-1/md/scale-1p1/multi_nnap_md.xyz,1696,6.530223983,21.16813735,3.823837614,11.74946691,1197,2.2648237173607697,2.772903243083954,1.0023987138307695,normalized_void>0.946305
nvt_scale,1.1,1.1,scale-1p1,W-potential/fcc-restart/01-nvt-round-1/md/scale-1p1/multi_nnap_md.xyz,1697,5.327562084,21.16813735,5.866165667,11.50991607,1198,2.2708334532546117,2.774674351937372,1.0030389659712466,normalized_void>0.946305
nvt_scale,1.1,1.1,scale-1p1,W-potential/fcc-restart/01-nvt-round-1/md/scale-1p1/multi_nnap_md.xyz,1698,11.69067567,21.16813735,10.16226703,12.51773775,1199,2.1892783331621133,2.786021623142176,1.0071409807420664,normalized_void>0.946305
nvt_scale,1.1,1.1,scale-1p1,W-potential/fcc-restart/01-nvt-round-1/md/scale-1p1/multi_nnap_md.xyz,1699,6.979009707,21.16813735,7.319785844,10.5877588,1200,2.246756548862294,2.803621069008907,1.0135031435564186,normalized_void>0.946305
nvt_scale,1.1,1.1,scale-1p1,W-potential/fcc-restart/01-nvt-round-1/md/scale-1p1/multi_nnap_md.xyz,1700,6.464234951,21.16813735,5.354057583,9.404717495,1201,2.241412102964385,2.81065326026099,1.0160452659633512,normalized_void>0.946305
nvt_scale,1.1,1.1,scale-1p1,W-potential/fcc-restart/01-nvt-round-1/md/scale-1p1/multi_nnap_md.xyz,1701,6.948794449,21.16813735,6.41640924,7.896928155,1202,2.1787871261605765,2.8178661978616644,1.0186527277966808,normalized_void>0.946305
nvt_scale,1.1,1.1,scale-1p1,W-potential/fcc-restart/01-nvt-round-1/md/scale-1p1/multi_nnap_md.xyz,1702,9.778697478,21.16813735,7.327630931,8.274325663,1203,2.169750380055092,2.816250161149548,1.0180685339104467,normalized_void>0.946305
nvt_scale,1.1,1.1,scale-1p1,W-potential/fcc-restart/01-nvt-round-1/md/scale-1p1/multi_nnap_md.xyz,1703,10.13928628,21.16813735,7.166072334,8.41616206,1204,2.2204961531202234,2.7742613776406286,1.0028896766280524,normalized_void>0.946305
nvt_scale,1.1,1.1,scale-1p1,W-potential/fcc-restart/01-nvt-round-1/md/scale-1p1/multi_nnap_md.xyz,1704,5.175215947,21.16813735,5.117103689,7.91268735,1205,2.245170015017692,2.7344179598023044,0.9884863645415698,normalized_void>0.946305
nvt_scale,1.1,1.1,scale-1p1,W-potential/fcc-restart/01-nvt-round-1/md/scale-1p1/multi_nnap_md.xyz,1705,8.008717797,21.16813735,4.447717802,7.409245822,1206,2.1996576025248764,2.71902667913986,0.982922448823009,normalized_void>0.946305
nvt_scale,1.1,1.1,scale-1p1,W-potential/fcc-restart/01-nvt-round-1/md/scale-1p1/multi_nnap_md.xyz,1706,15.46664285,21.16813735,7.822647171,7.908368382,1207,2.1869720247991595,2.690047227321995,0.9724464376956099,normalized_void>0.946305
nvt_scale,1.1,1.1,scale-1p1,W-potential/fcc-restart/01-nvt-round-1/md/scale-1p1/multi_nnap_md.xyz,1707,11.98138338,21.16813735,8.073352263,7.681713594,1208,2.2657124094039376,2.664789488312601,0.9633158179524084,normalized_void>0.946305
nvt_scale,1.1,1.1,scale-1p1,W-potential/fcc-restart/01-nvt-round-1/md/scale-1p1/multi_nnap_md.xyz,1708,7.498050096,21.16813735,6.549023915,8.171322187,1209,2.2788137355433475,2.6651905372513003,0.9634607963036503,normalized_void>0.946305
nvt_scale,1.1,1.1,scale-1p1,W-potential/fcc-restart/01-nvt-round-1/md/scale-1p1/multi_nnap_md.xyz,1709,5.129837143,21.16813735,5.008764073,9.004817945,1210,2.275362136542164,2.6632581063460083,0.9627622265793504,normalized_void>0.946305
nvt_scale,1.1,1.1,scale-1p1,W-potential/fcc-restart/01-nvt-round-1/md/scale-1p1/multi_nnap_md.xyz,1710,6.089344067,21.16813735,4.380122904,10.13679425,1211,2.2600095554741126,2.6727516983436073,0.9661941401997634,normalized_void>0.946305
nvt_scale,1.1,1.1,scale-1p1,W-potential/fcc-restart/01-nvt-round-1/md/scale-1p1/multi_nnap_md.xyz,1711,6.554400956,21.16813735,4.484089434,10.22739033,1212,2.2669330374392667,2.690969733823601,0.9727799218635184,normalized_void>0.946305
nvt_scale,1.1,1.1,scale-1p1,W-potential/fcc-restart/01-nvt-round-1/md/scale-1p1/multi_nnap_md.xyz,1712,7.372928189,21.16813735,5.446774414,9.160863452,1213,2.2652405472777546,2.6931589551081414,0.9735713207720045,normalized_void>0.946305
nvt_scale,1.1,1.1,scale-1p1,W-potential/fcc-restart/01-nvt-round-1/md/scale-1p1/multi_nnap_md.xyz,1713,15.00330018,21.16813735,11.83658699,8.830386068,1214,2.1395387121312806,2.6912992658206876,0.9728990469901775,normalized_void>0.946305
nvt_scale,1.1,1.1,scale-1p1,W-potential/fcc-restart/01-nvt-round-1/md/scale-1p1/multi_nnap_md.xyz,1714,18.44126485,21.16813735,14.36890186,10.08230743,1215,2.098136777174092,2.6808528725434684,0.9691226977030639,normalized_void>0.946305
nvt_scale,1.1,1.1,scale-1p1,W-potential/fcc-restart/01-nvt-round-1/md/scale-1p1/multi_nnap_md.xyz,1715,16.84332833,21.16813735,11.97515892,9.566149024,1216,2.1337794780666752,2.6728204174118497,0.9662189819989837,normalized_void>0.946305
nvt_scale,1.1,1.1,scale-1p1,W-potential/fcc-restart/01-nvt-round-1/md/scale-1p1/multi_nnap_md.xyz,1716,7.39217593,21.16813735,6.315974523,8.865200101,1217,2.2669536750381267,2.662347521218569,0.9624330519632309,normalized_void>0.946305
nvt_scale,1.1,1.1,scale-1p1,W-potential/fcc-restart/01-nvt-round-1/md/scale-1p1/multi_nnap_md.xyz,1717,6.677492191,21.16813735,6.6644043,11.42399569,1218,2.2436216429386926,2.641495380623629,0.9548950468182192,normalized_void>0.946305
nvt_scale,1.1,1.1,scale-1p1,W-potential/fcc-restart/01-nvt-round-1/md/scale-1p1/multi_nnap_md.xyz,1718,5.449018519,21.16813735,4.407130341,9.169050697,1219,2.2887667172103305,2.6326505282013004,0.9516976511953181,normalized_void>0.946305
nvt_scale,1.1,1.1,scale-1p1,W-potential/fcc-restart/01-nvt-round-1/md/scale-1p1/multi_nnap_md.xyz,1719,5.842641119,21.16813735,4.036051065,8.704163816,1220,2.3138635640382628,2.6197729828143896,0.9470424455132114,normalized_void>0.946305
nvt_scale,1.1,1.1,scale-1p1,W-potential/fcc-restart/01-nvt-round-1/md/scale-1p1/multi_nnap_md.xyz,1739,13.89882745,21.16813735,10.15792804,11.34287114,1240,2.2431512417237576,2.6248506090497834,0.9488779967609394,normalized_void>0.946305
nvt_scale,1.1,1.1,scale-1p1,W-potential/fcc-restart/01-nvt-round-1/md/scale-1p1/multi_nnap_md.xyz,1740,8.717440295,21.16813735,7.849334226,10.2751036,1241,2.2712165304792293,2.6317420928819852,0.9513692537303322,normalized_void>0.946305
nvt_scale,1.1,1.1,scale-1p1,W-potential/fcc-restart/01-nvt-round-1/md/scale-1p1/multi_nnap_md.xyz,1886,4.02976416,21.16813735,4.364622879,9.143434968,1387,2.316196562012729,2.6472870297596187,0.9569887158488121,normalized_void>0.946305
nvt_scale,1.1,1.1,scale-1p1,W-potential/fcc-restart/01-nvt-round-1/md/scale-1p1/multi_nnap_md.xyz,1887,4.224109962,21.16813735,4.261342449,9.25613893,1388,2.3440765236789964,2.694121853212538,0.9739194064197113,normalized_void>0.946305
nvt_scale,1.1,1.1,scale-1p1,W-potential/fcc-restart/01-nvt-round-1/md/scale-1p1/multi_nnap_md.xyz,1888,5.04090704,21.16813735,5.342113562,11.25414178,1389,2.3256371504257456,2.753254237456078,0.9952956394560822,normalized_void>0.946305
nvt_scale,1.1,1.1,scale-1p1,W-potential/fcc-restart/01-nvt-round-1/md/scale-1p1/multi_nnap_md.xyz,1889,5.420625237,21.16813735,5.839856576,12.24266604,1390,2.348601810098052,2.7898397901333603,1.0085212401112673,normalized_void>0.946305
nvt_scale,1.1,1.1,scale-1p1,W-potential/fcc-restart/01-nvt-round-1/md/scale-1p1/multi_nnap_md.xyz,1890,4.568363603,21.16813735,5.414910726,12.30200559,1391,2.2479271436689356,2.821763688842532,1.0200616626219883,normalized_void>0.946305
nvt_scale,1.1,1.1,scale-1p1,W-potential/fcc-restart/01-nvt-round-1/md/scale-1p1/multi_nnap_md.xyz,1891,6.509372438,21.16813735,7.34614964,9.635456883,1392,2.191183766517517,2.805105188764412,1.014039649739171,normalized_void>0.946305
nvt_scale,1.1,1.1,scale-1p1,W-potential/fcc-restart/01-nvt-round-1/md/scale-1p1/multi_nnap_md.xyz,1892,7.989311023,21.16813735,8.852455358,10.4904742,1393,2.159210324466994,2.7866341450822385,1.0073624061403175,normalized_void>0.946305
nvt_scale,1.1,1.1,scale-1p1,W-potential/fcc-restart/01-nvt-round-1/md/scale-1p1/multi_nnap_md.xyz,1893,7.036308142,21.16813735,8.713280362,13.21120124,1394,2.1552897090034078,2.784117377252413,1.0064525998418394,normalized_void>0.946305
nvt_scale,1.1,1.1,scale-1p1,W-potential/fcc-restart/01-nvt-round-1/md/scale-1p1/multi_nnap_md.xyz,1894,4.714596319,21.16813735,6.896114784,12.30766503,1395,2.244697529416443,2.7896828998075294,1.0084645245871255,normalized_void>0.946305
nvt_scale,1.1,1.1,scale-1p1,W-potential/fcc-restart/01-nvt-round-1/md/scale-1p1/multi_nnap_md.xyz,1895,4.473434195,21.16813735,6.074565567,11.64362751,1396,2.2402765290879145,2.8100880814327898,1.0158409550008662,normalized_void>0.946305
nvt_scale,1.1,1.1,scale-1p1,W-potential/fcc-restart/01-nvt-round-1/md/scale-1p1/multi_nnap_md.xyz,1896,4.042996577,21.16813735,4.553735763,10.57913824,1397,2.291008647341449,2.8341753086627803,1.024548437187745,normalized_void>0.946305
nvt_scale,1.1,1.1,scale-1p1,W-potential/fcc-restart/01-nvt-round-1/md/scale-1p1/multi_nnap_md.xyz,1897,4.435244532,21.16813735,6.320274999,11.24572714,1398,2.293740909526964,2.8709334079447175,1.0378364130790705,normalized_void>0.946305
nvt_scale,1.1,1.1,scale-1p1,W-potential/fcc-restart/01-nvt-round-1/md/scale-1p1/multi_nnap_md.xyz,1898,4.987614418,21.16813735,6.147642327,12.55132578,1399,2.2782520539040756,2.927059517073775,1.0581258839589562,normalized_void>0.946305
nvt_scale,1.1,1.1,scale-1p1,W-potential/fcc-restart/01-nvt-round-1/md/scale-1p1/multi_nnap_md.xyz,1899,5.164171911,21.16813735,5.50886219,10.21282714,1400,2.1991993692495844,2.994702805786142,1.0825787911325755,normalized_void>0.946305
nvt_scale,1.1,1.1,scale-1p1,W-potential/fcc-restart/01-nvt-round-1/md/scale-1p1/multi_nnap_md.xyz,1900,16.37132305,21.16813735,9.717679813,6.998854414,1401,2.1105109803641606,3.0057610586352737,1.0865763263732415,normalized_void>0.946305
nvt_scale,1.1,1.1,scale-1p1,W-potential/fcc-restart/01-nvt-round-1/md/scale-1p1/multi_nnap_md.xyz,1901,20.99966267,21.16813735,11.82408167,8.840655182,1402,2.0788588385680535,3.0423096763141935,1.099788575103888,normalized_void>0.946305
nvt_scale,1.1,1.1,scale-1p1,W-potential/fcc-restart/01-nvt-round-1/md/scale-1p1/multi_nnap_md.xyz,1902,6.64430131,21.16813735,5.581283416,9.882334848,1403,2.187860850434324,3.0699455982664414,1.1097789029992282,normalized_void>0.946305
nvt_scale,1.1,1.1,scale-1p1,W-potential/fcc-restart/01-nvt-round-1/md/scale-1p1/multi_nnap_md.xyz,1903,8.665990326,21.16813735,8.229694529,10.30596765,1404,2.1818207474400855,3.064782712020087,1.1079125304361364,normalized_void>0.946305
nvt_scale,1.1,1.1,scale-1p1,W-potential/fcc-restart/01-nvt-round-1/md/scale-1p1/multi_nnap_md.xyz,1904,15.89624094,21.16813735,12.56481802,9.701494143,1405,2.1163582970363324,3.0342220269273206,1.0968649067921517,normalized_void>0.946305
nvt_scale,1.1,1.1,scale-1p1,W-potential/fcc-restart/01-nvt-round-1/md/scale-1p1/multi_nnap_md.xyz,1905,12.44383442,21.16813735,10.82401858,10.04003933,1406,2.1482742516860327,2.996100280022242,1.083083975141564,normalized_void>0.946305
nvt_scale,1.1,1.1,scale-1p1,W-potential/fcc-restart/01-nvt-round-1/md/scale-1p1/multi_nnap_md.xyz,1906,12.76346087,21.16813735,9.574042504,11.30948366,1407,2.1732778465688476,2.9897806678589443,1.080799448582551,normalized_void>0.946305
nvt_scale,1.1,1.1,scale-1p1,W-potential/fcc-restart/01-nvt-round-1/md/scale-1p1/multi_nnap_md.xyz,1907,16.52092087,21.16813735,12.51160866,10.37062756,1408,2.1277374816146986,2.99612154856533,1.083091663675338,normalized_void>0.946305
nvt_scale,1.1,1.1,scale-1p1,W-potential/fcc-restart/01-nvt-round-1/md/scale-1p1/multi_nnap_md.xyz,1908,12.22616529,21.16813735,9.466371253,12.02029103,1409,2.179864664361398,3.009229911347309,1.0878303093622568,normalized_void>0.946305
nvt_scale,1.1,1.1,scale-1p1,W-potential/fcc-restart/01-nvt-round-1/md/scale-1p1/multi_nnap_md.xyz,1909,6.244350677,21.16813735,5.328715622,10.29534092,1410,2.2311166373812563,2.9985277884968795,1.0839615143701178,normalized_void>0.946305
nvt_scale,1.1,1.1,scale-1p1,W-potential/fcc-restart/01-nvt-round-1/md/scale-1p1/multi_nnap_md.xyz,1910,7.743271327,21.16813735,6.714579468,9.028197272,1411,2.2127793267160167,2.9835553559355517,1.0785490113627278,normalized_void>0.946305
nvt_scale,1.1,1.1,scale-1p1,W-potential/fcc-restart/01-nvt-round-1/md/scale-1p1/multi_nnap_md.xyz,1911,7.77448095,21.16813735,5.789371493,9.341166025,1412,2.210868972742281,2.9816276645737565,1.0778521549734739,normalized_void>0.946305
nvt_scale,1.1,1.1,scale-1p1,W-potential/fcc-restart/01-nvt-round-1/md/scale-1p1/multi_nnap_md.xyz,1912,5.823008814,21.16813735,4.201490455,9.128626933,1413,2.2241860845242853,2.961463402309864,1.0705628164042014,normalized_void>0.946305
nvt_scale,1.1,1.1,scale-1p1,W-potential/fcc-restart/01-nvt-round-1/md/scale-1p1/multi_nnap_md.xyz,1913,5.707201211,21.16813735,5.08546323,9.505004276,1414,2.2416937326886317,2.9195344767018856,1.05540559762761,normalized_void>0.946305
nvt_scale,1.1,1.1,scale-1p1,W-potential/fcc-restart/01-nvt-round-1/md/scale-1p1/multi_nnap_md.xyz,1914,5.650730492,21.16813735,4.944298061,9.36710241,1415,2.2365190583957433,2.885601875410269,1.0431390333410686,normalized_void>0.946305
nvt_scale,1.1,1.1,scale-1p1,W-potential/fcc-restart/01-nvt-round-1/md/scale-1p1/multi_nnap_md.xyz,1915,5.460455891,21.16813735,4.822139907,10.87462158,1416,2.2365965304065143,2.8604121158136486,1.0340329880131847,normalized_void>0.946305
nvt_scale,1.1,1.1,scale-1p1,W-potential/fcc-restart/01-nvt-round-1/md/scale-1p1/multi_nnap_md.xyz,1916,4.902362512,21.16813735,5.779406898,13.83502942,1417,2.3169246136446278,2.8479355494848986,1.0295227354206513,normalized_void>0.946305
nvt_scale,1.1,1.1,scale-1p1,W-potential/fcc-restart/01-nvt-round-1/md/scale-1p1/multi_nnap_md.xyz,1917,4.507230408,21.16813735,5.810021941,13.48422649,1418,2.2886883189739238,2.854277344739898,1.0318152811208468,normalized_void>0.946305
nvt_scale,1.1,1.1,scale-1p1,W-potential/fcc-restart/01-nvt-round-1/md/scale-1p1/multi_nnap_md.xyz,1918,6.983644227,21.16813735,7.783027566,11.9496072,1419,2.2451183059598727,2.8513641597060038,1.0307621708334935,normalized_void>0.946305
nvt_scale,1.1,1.1,scale-1p1,W-potential/fcc-restart/01-nvt-round-1/md/scale-1p1/multi_nnap_md.xyz,1919,9.704360593,21.16813735,9.106549355,13.2805106,1420,2.2239285572038985,2.8270441689138646,1.0219705451064798,normalized_void>0.946305
nvt_scale,1.1,1.1,scale-1p1,W-potential/fcc-restart/01-nvt-round-1/md/scale-1p1/multi_nnap_md.xyz,1920,6.639466632,21.16813735,7.157854725,13.23601928,1421,2.2476868852077123,2.7924830248316366,1.0094767639177735,normalized_void>0.946305
nvt_scale,1.1,1.1,scale-1p1,W-potential/fcc-restart/01-nvt-round-1/md/scale-1p1/multi_nnap_md.xyz,1921,5.724926705,21.16813735,5.292183141,10.53880881,1422,2.2990103046420525,2.7624773390057737,0.9986297713461887,normalized_void>0.946305
nvt_scale,1.1,1.1,scale-1p1,W-potential/fcc-restart/01-nvt-round-1/md/scale-1p1/multi_nnap_md.xyz,1922,8.500684619,21.16813735,7.600003605,9.954974021,1423,2.248009158433938,2.7357465763415694,0.9889666566373921,normalized_void>0.946305
nvt_scale,1.1,1.1,scale-1p1,W-potential/fcc-restart/01-nvt-round-1/md/scale-1p1/multi_nnap_md.xyz,1923,10.78690684,21.16813735,8.416195686,10.76687409,1424,2.183552201555351,2.698459825361497,0.975487574264585,normalized_void>0.946305
nvt_scale,1.1,1.1,scale-1p1,W-potential/fcc-restart/01-nvt-round-1/md/scale-1p1/multi_nnap_md.xyz,1924,6.791252341,21.16813735,6.642056715,10.87485394,1425,2.193106948585432,2.6648348206333696,0.9633322054914064,normalized_void>0.946305
nvt_scale,1.1,1.1,scale-1p1,W-potential/fcc-restart/01-nvt-round-1/md/scale-1p1/multi_nnap_md.xyz,1925,7.527454225,21.16813735,6.657267965,9.677107349,1426,2.260697571919724,2.659411461868635,0.9613716726585454,normalized_void>0.946305
nvt_scale,1.1,1.1,scale-1p1,W-potential/fcc-restart/01-nvt-round-1/md/scale-1p1/multi_nnap_md.xyz,1926,12.1513294,21.16813735,9.280346078,12.48706658,1427,2.1953274301854897,2.6312898128077107,0.9512057554308965,normalized_void>0.946305
nvt_scale,1.1,1.1,scale-1p1,W-potential/fcc-restart/01-nvt-round-1/md/scale-1p1/multi_nnap_md.xyz,1969,5.812371942,21.16813735,6.018262923,13.08966549,1470,2.1736841322384026,2.6305772626637025,0.9509481700464532,normalized_void>0.946305
nvt_scale,1.1,1.1,scale-1p1,W-potential/fcc-restart/01-nvt-round-1/md/scale-1p1/multi_nnap_md.xyz,1970,6.589986382,21.16813735,6.965806099,10.94568051,1471,2.1611214926916453,2.6519990031531098,0.9586920843601443,normalized_void>0.946305
nvt_scale,1.1,1.1,scale-1p1,W-potential/fcc-restart/01-nvt-round-1/md/scale-1p1/multi_nnap_md.xyz,1971,6.353657115,21.16813735,5.700355711,10.54832623,1472,2.2083940726969162,2.6347653072740727,0.952462139400188,normalized_void>0.946305
nvt_scale,1.1,1.1,scale-1p1,W-potential/fcc-restart/01-nvt-round-1/md/scale-1p1/multi_nnap_md.xyz,2007,5.855011391,21.16813735,6.125347229,10.94734621,1508,2.304799050929005,2.6236919346576135,0.9484591383953053,normalized_void>0.946305
nvt_scale,1.1,1.1,scale-1p1,W-potential/fcc-restart/01-nvt-round-1/md/scale-1p1/multi_nnap_md.xyz,2008,6.076461481,21.16813735,5.280280852,9.551679274,1509,2.32239854319995,2.6734225184069853,0.966436640247473,normalized_void>0.946305
nvt_scale,1.1,1.1,scale-1p1,W-potential/fcc-restart/01-nvt-round-1/md/scale-1p1/multi_nnap_md.xyz,2009,8.316968459,21.16813735,8.29808454,10.37027172,1510,2.1832043883848855,2.705411188614559,0.9780004775191862,normalized_void>0.946305
nvt_scale,1.1,1.1,scale-1p1,W-potential/fcc-restart/01-nvt-round-1/md/scale-1p1/multi_nnap_md.xyz,2010,10.07338388,21.16813735,9.315885623,10.60634948,1511,2.1501848624968596,2.720852521757227,0.9835824871045001,normalized_void>0.946305
nvt_scale,1.1,1.1,scale-1p1,W-potential/fcc-restart/01-nvt-round-1/md/scale-1p1/multi_nnap_md.xyz,2011,6.192632924,21.16813735,5.503749783,7.791208054,1512,2.2417580593444857,2.7170536579275817,0.9822092057877603,normalized_void>0.946305
nvt_scale,1.1,1.1,scale-1p1,W-potential/fcc-restart/01-nvt-round-1/md/scale-1p1/multi_nnap_md.xyz,2012,6.580441987,21.16813735,4.956164949,7.791967424,1513,2.2674293755345234,2.6941785056309624,0.973939886150299,normalized_void>0.946305
nvt_scale,1.1,1.1,scale-1p1,W-potential/fcc-restart/01-nvt-round-1/md/scale-1p1/multi_nnap_md.xyz,2013,8.736208975,21.16813735,8.918225377,8.406201351,1514,2.2056885368697885,2.6566888664676083,0.9603874601242358,normalized_void>0.946305
nvt_scale,1.1,1.1,scale-1p1,W-potential/fcc-restart/01-nvt-round-1/md/scale-1p1/multi_nnap_md.xyz,2014,14.19030248,21.16813735,12.12777866,11.80176371,1515,2.156163238053691,2.6385041303210612,0.9538137160997681,normalized_void>0.946305
nvt_scale,1.1,1.1,scale-1p1,W-potential/fcc-restart/01-nvt-round-1/md/scale-1p1/multi_nnap_md.xyz,2015,7.891220116,21.16813735,8.550047022,11.38567132,1516,2.205208881560563,2.629853069564387,0.9506863757580554,normalized_void>0.946305
nvt_scale,1.1,1.1,scale-1p1,W-potential/fcc-restart/01-nvt-round-1/md/scale-1p1/multi_nnap_md.xyz,2040,4.500906916,21.16813735,3.76133271,12.13175409,1541,2.429495569391484,2.6178804292994946,0.9463582913820067,normalized_void>0.946305
nvt_scale,1.1,1.1,scale-1p1,W-potential/fcc-restart/01-nvt-round-1/md/scale-1p1/multi_nnap_md.xyz,2041,4.096806531,21.16813735,5.631578028,10.54030404,1542,2.2964771749665283,2.6379779140141117,0.9536234900070983,normalized_void>0.946305
nvt_scale,1.1,1.1,scale-1p1,W-potential/fcc-restart/01-nvt-round-1/md/scale-1p1/multi_nnap_md.xyz,2042,4.267947087,21.16813735,5.792355157,10.01684047,1543,2.2512831449703823,2.668132014532934,0.9645241341792959,normalized_void>0.946305
nvt_scale,1.1,1.1,scale-1p1,W-potential/fcc-restart/01-nvt-round-1/md/scale-1p1/multi_nnap_md.xyz,2043,7.238405661,21.16813735,6.877627626,13.30754029,1544,2.291846074733235,2.6990127674557782,0.9756874616733913,normalized_void>0.946305
nvt_scale,1.1,1.1,scale-1p1,W-potential/fcc-restart/01-nvt-round-1/md/scale-1p1/multi_nnap_md.xyz,2044,9.90645304,21.16813735,7.685442838,15.33737722,1545,2.208248300453674,2.710622036626762,0.9798841881601642,normalized_void>0.946305
nvt_scale,1.1,1.1,scale-1p1,W-potential/fcc-restart/01-nvt-round-1/md/scale-1p1/multi_nnap_md.xyz,2045,7.247587128,21.16813735,5.09041069,12.96212198,1546,2.245684205001592,2.707025155938319,0.9785839233258644,normalized_void>0.946305
nvt_scale,1.1,1.1,scale-1p1,W-potential/fcc-restart/01-nvt-round-1/md/scale-1p1/multi_nnap_md.xyz,2046,5.458960895,21.16813735,3.897719878,9.70569395,1547,2.2995843413058523,2.6937737382319162,0.973793563583431,normalized_void>0.946305
nvt_scale,1.1,1.1,scale-1p1,W-potential/fcc-restart/01-nvt-round-1/md/scale-1p1/multi_nnap_md.xyz,2047,4.344255096,21.16813735,3.549795442,9.754962734,1548,2.3189396141319722,2.6714425895462117,0.9657209001117629,normalized_void>0.946305
nvt_scale,1.1,1.1,scale-1p1,W-potential/fcc-restart/01-nvt-round-1/md/scale-1p1/multi_nnap_md.xyz,2048,3.741250806,21.16813735,4.011058022,10.03096006,1549,2.3276185394811955,2.6549473532046086,0.9597579067276996,normalized_void>0.946305
nvt_scale,1.1,1.1,scale-1p1,W-potential/fcc-restart/01-nvt-round-1/md/scale-1p1/multi_nnap_md.xyz,2049,3.589674979,21.16813735,3.830294046,10.31117754,1550,2.3537276025248572,2.6453515707194923,0.9562890514601127,normalized_void>0.946305
nvt_scale,1.1,1.1,scale-1p1,W-potential/fcc-restart/01-nvt-round-1/md/scale-1p1/multi_nnap_md.xyz,2050,3.720924251,21.16813735,3.923502178,11.54065244,1551,2.3005564520018864,2.648013906218022,0.9572514801658991,normalized_void>0.946305
nvt_scale,1.1,1.1,scale-1p1,W-potential/fcc-restart/01-nvt-round-1/md/scale-1p1/multi_nnap_md.xyz,2051,4.507766556,21.16813735,4.937337371,14.1232282,1552,2.2699324505902485,2.643580545408171,0.9556488295199286,normalized_void>0.946305
nvt_scale,1.1,1.1,scale-1p1,W-potential/fcc-restart/01-nvt-round-1/md/scale-1p1/multi_nnap_md.xyz,2052,5.029620257,21.16813735,5.933127873,13.6374801,1553,2.254815117665397,2.6382997265547505,0.9537398245664218,normalized_void>0.946305
nvt_scale,1.1,1.1,scale-1p1,W-potential/fcc-restart/01-nvt-round-1/md/scale-1p1/multi_nnap_md.xyz,2053,5.239694946,21.16813735,7.707217997,11.94112015,1554,2.182978080535855,2.6186294159733166,0.9466290484956521,normalized_void>0.946305
nvt_scale,1.1,1.1,scale-1p1,W-potential/fcc-restart/01-nvt-round-1/md/scale-1p1/multi_nnap_md.xyz,2170,7.204765462,21.16813735,9.351395488,9.05605857,1671,2.1689762531073447,2.620678626331261,0.9473698337474619,normalized_void>0.946305
nvt_scale,1.1,1.1,scale-1p1,W-potential/fcc-restart/01-nvt-round-1/md/scale-1p1/multi_nnap_md.xyz,2171,7.018855878,21.16813735,7.591838237,7.808474846,1672,2.1481659700687956,2.6624183814514124,0.9624586677889692,normalized_void>0.946305
nvt_scale,1.1,1.1,scale-1p1,W-potential/fcc-restart/01-nvt-round-1/md/scale-1p1/multi_nnap_md.xyz,2172,6.150117711,21.16813735,6.006751578,7.714143273,1673,2.1859214043263786,2.6940024984829085,0.9738762599349688,normalized_void>0.946305
nvt_scale,1.1,1.1,scale-1p1,W-potential/fcc-restart/01-nvt-round-1/md/scale-1p1/multi_nnap_md.xyz,2173,4.039823635,21.16813735,4.648019635,8.343151032,1674,2.3062337023848585,2.708824300215659,0.979234310213362,normalized_void>0.946305
nvt_scale,1.1,1.1,scale-1p1,W-potential/fcc-restart/01-nvt-round-1/md/scale-1p1/multi_nnap_md.xyz,2174,5.280742709,21.16813735,7.949577367,13.47381113,1675,2.164592420757837,2.726423840683491,0.9855965072258142,normalized_void>0.946305
nvt_scale,1.1,1.1,scale-1p1,W-potential/fcc-restart/01-nvt-round-1/md/scale-1p1/multi_nnap_md.xyz,2175,7.382567041,21.16813735,10.18611625,17.05474327,1676,2.10365185435098,2.7272525757702404,0.9858960932236798,normalized_void>0.946305
nvt_scale,1.1,1.1,scale-1p1,W-potential/fcc-restart/01-nvt-round-1/md/scale-1p1/multi_nnap_md.xyz,2176,6.406354703,21.16813735,8.43825321,13.5870017,1677,2.144991906696004,2.726106097785247,0.9854816438336915,normalized_void>0.946305
nvt_scale,1.1,1.1,scale-1p1,W-potential/fcc-restart/01-nvt-round-1/md/scale-1p1/multi_nnap_md.xyz,2177,6.793206737,21.16813735,7.304482426,9.831649501,1678,2.233817432449103,2.7290159115212216,0.9865335354039088,normalized_void>0.946305
nvt_scale,1.1,1.1,scale-1p1,W-potential/fcc-restart/01-nvt-round-1/md/scale-1p1/multi_nnap_md.xyz,2178,7.18453358,21.16813735,7.80908902,11.60838989,1679,2.216496308258543,2.729735743398575,0.9867937531197029,normalized_void>0.946305
nvt_scale,1.1,1.1,scale-1p1,W-potential/fcc-restart/01-nvt-round-1/md/scale-1p1/multi_nnap_md.xyz,2179,5.615527492,21.16813735,5.542683663,11.90497769,1680,2.2705022052047834,2.746138762323106,0.9927234101006673,normalized_void>0.946305
nvt_scale,1.1,1.1,scale-1p1,W-potential/fcc-restart/01-nvt-round-1/md/scale-1p1/multi_nnap_md.xyz,2180,6.930745929,21.16813735,7.361303238,11.17357143,1681,2.214017069014867,2.765346923692396,0.9996671201993349,normalized_void>0.946305
nvt_scale,1.1,1.1,scale-1p1,W-potential/fcc-restart/01-nvt-round-1/md/scale-1p1/multi_nnap_md.xyz,2181,8.615633739,21.16813735,9.333919737,10.14829813,1682,2.1805541827375543,2.7576236375473573,0.996875168436271,normalized_void>0.946305
nvt_scale,1.1,1.1,scale-1p1,W-potential/fcc-restart/01-nvt-round-1/md/scale-1p1/multi_nnap_md.xyz,2182,9.547916963,21.16813735,8.242173185,8.308056521,1683,2.1980894464973013,2.7495698339093586,0.9939637352918542,normalized_void>0.946305
nvt_scale,1.1,1.1,scale-1p1,W-potential/fcc-restart/01-nvt-round-1/md/scale-1p1/multi_nnap_md.xyz,2183,14.27472715,21.16813735,10.27805564,8.421204543,1684,2.126240100539027,2.7564339960899455,0.9964451155414202,normalized_void>0.946305
nvt_scale,1.1,1.1,scale-1p1,W-potential/fcc-restart/01-nvt-round-1/md/scale-1p1/multi_nnap_md.xyz,2184,6.880940869,21.16813735,7.221283368,8.724383894,1685,2.1766972481580877,2.772355645846474,1.0022007585765007,normalized_void>0.946305
nvt_scale,1.1,1.1,scale-1p1,W-potential/fcc-restart/01-nvt-round-1/md/scale-1p1/multi_nnap_md.xyz,2185,5.869562647,21.16813735,7.462803612,7.990704387,1686,2.1637375420514364,2.766541614508118,1.0000989984266375,normalized_void>0.946305
nvt_scale,1.1,1.1,scale-1p1,W-potential/fcc-restart/01-nvt-round-1/md/scale-1p1/multi_nnap_md.xyz,2186,4.562795212,21.16813735,3.670270109,5.772543256,1687,2.2682249316942467,2.7493440446920685,0.9938821129627762,normalized_void>0.946305
nvt_scale,1.1,1.1,scale-1p1,W-potential/fcc-restart/01-nvt-round-1/md/scale-1p1/multi_nnap_md.xyz,2187,4.769957681,21.16813735,3.636219779,6.810686213,1688,2.3511512834456068,2.771143695633264,1.0017626411131602,normalized_void>0.946305
nvt_scale,1.1,1.1,scale-1p1,W-potential/fcc-restart/01-nvt-round-1/md/scale-1p1/multi_nnap_md.xyz,2188,4.454856203,21.16813735,5.314105438,9.317936715,1689,2.362284440069338,2.822397524167141,1.0202907927641067,normalized_void>0.946305
nvt_scale,1.1,1.1,scale-1p1,W-potential/fcc-restart/01-nvt-round-1/md/scale-1p1/multi_nnap_md.xyz,2189,4.503148761,21.16813735,5.612906015,8.283257997,1690,2.3436553375665112,2.846961142727984,1.0291704894191671,normalized_void>0.946305
nvt_scale,1.1,1.1,scale-1p1,W-potential/fcc-restart/01-nvt-round-1/md/scale-1p1/multi_nnap_md.xyz,2190,4.375146414,21.16813735,4.989302999,7.647716857,1691,2.3464351347490306,2.845936652634229,1.0288001383963272,normalized_void>0.946305
nvt_scale,1.1,1.1,scale-1p1,W-potential/fcc-restart/01-nvt-round-1/md/scale-1p1/multi_nnap_md.xyz,2191,4.792416665,21.16813735,3.701831779,9.665489331,1692,2.3282374403830044,2.8221111346203136,1.0201872635428437,normalized_void>0.946305
nvt_scale,1.1,1.1,scale-1p1,W-potential/fcc-restart/01-nvt-round-1/md/scale-1p1/multi_nnap_md.xyz,2192,5.187577149,21.16813735,4.166808482,10.90353539,1693,2.3011223248141284,2.768982371534811,1.000981326979007,normalized_void>0.946305
nvt_scale,1.1,1.1,scale-1p1,W-potential/fcc-restart/01-nvt-round-1/md/scale-1p1/multi_nnap_md.xyz,2193,4.975895062,21.16813735,4.191814017,10.83981134,1694,2.301678416772843,2.724682094146441,0.9849668695011973,normalized_void>0.946305
nvt_scale,1.1,1.1,scale-1p1,W-potential/fcc-restart/01-nvt-round-1/md/scale-1p1/multi_nnap_md.xyz,2194,4.481917847,21.16813735,3.820706043,8.295829028,1695,2.333191507047046,2.69243662356247,0.9733101994313496,normalized_void>0.946305
nvt_scale,1.1,1.1,scale-1p1,W-potential/fcc-restart/01-nvt-round-1/md/scale-1p1/multi_nnap_md.xyz,2195,4.058354793,21.16813735,4.003330915,8.122474215,1696,2.3011639690467134,2.6946994678150715,0.974128212888568,normalized_void>0.946305
nvt_scale,1.1,1.1,scale-1p1,W-potential/fcc-restart/01-nvt-round-1/md/scale-1p1/multi_nnap_md.xyz,2196,4.242047624,21.16813735,5.407902915,8.933966633,1697,2.263889313770981,2.6955082294193184,0.9744205785143484,normalized_void>0.946305
nvt_scale,1.1,1.1,scale-1p1,W-potential/fcc-restart/01-nvt-round-1/md/scale-1p1/multi_nnap_md.xyz,2197,4.280337972,21.16813735,5.849164165,9.141216455,1698,2.250214291484807,2.7032672158582574,0.9772254358588739,normalized_void>0.946305
nvt_scale,1.1,1.1,scale-1p1,W-potential/fcc-restart/01-nvt-round-1/md/scale-1p1/multi_nnap_md.xyz,2198,4.823230315,21.16813735,4.248623876,9.009804962,1699,2.3176242626542884,2.6977031922740364,0.9752140529884266,normalized_void>0.946305
nvt_scale,1.1,1.1,scale-1p1,W-potential/fcc-restart/01-nvt-round-1/md/scale-1p1/multi_nnap_md.xyz,2199,5.152126934,21.16813735,4.175391177,8.146052424,1700,2.290997362213621,2.694041959078605,0.9738905248576529,normalized_void>0.946305
nvt_scale,1.1,1.1,scale-1p1,W-potential/fcc-restart/01-nvt-round-1/md/scale-1p1/multi_nnap_md.xyz,2200,5.741738617,21.16813735,4.849642731,9.910327917,1701,2.288818102093929,2.7022502562464603,0.9768578070894873,normalized_void>0.946305
nvt_scale,1.1,1.1,scale-1p1,W-potential/fcc-restart/01-nvt-round-1/md/scale-1p1/multi_nnap_md.xyz,2201,6.736987665,21.16813735,7.165375924,12.33448425,1702,2.2168291632515222,2.705160913798072,0.9779100036972898,normalized_void>0.946305
nvt_scale,1.1,1.1,scale-1p1,W-potential/fcc-restart/01-nvt-round-1/md/scale-1p1/multi_nnap_md.xyz,2202,7.833327644,21.16813735,9.386900503,14.33279306,1703,2.178302490097306,2.7204389823147443,0.9834329934623052,normalized_void>0.946305
nvt_scale,1.1,1.1,scale-1p1,W-potential/fcc-restart/01-nvt-round-1/md/scale-1p1/multi_nnap_md.xyz,2203,5.501515441,21.16813735,7.080950779,15.1000409,1704,2.2364187973398386,2.732382858728357,0.9877506797663695,normalized_void>0.946305
nvt_scale,1.1,1.1,scale-1p1,W-potential/fcc-restart/01-nvt-round-1/md/scale-1p1/multi_nnap_md.xyz,2204,5.32047761,21.16813735,6.925482003,14.14880418,1705,2.2289500480515265,2.7177121449854105,0.9824472474797984,normalized_void>0.946305
nvt_scale,1.1,1.1,scale-1p1,W-potential/fcc-restart/01-nvt-round-1/md/scale-1p1/multi_nnap_md.xyz,2205,7.15773712,21.16813735,7.727666484,12.72606927,1706,2.251480243898584,2.7261581291960004,0.9855004530796859,normalized_void>0.946305
nvt_scale,1.1,1.1,scale-1p1,W-potential/fcc-restart/01-nvt-round-1/md/scale-1p1/multi_nnap_md.xyz,2206,10.5996062,21.16813735,9.676024141,9.981708043,1707,2.208485676505836,2.722484790296421,0.9841725487622213,normalized_void>0.946305
nvt_scale,1.1,1.1,scale-1p1,W-potential/fcc-restart/01-nvt-round-1/md/scale-1p1/multi_nnap_md.xyz,2207,7.508959087,21.16813735,8.354341078,9.42540028,1708,2.203978593245805,2.7089262755435906,0.9792711740807963,normalized_void>0.946305
nvt_scale,1.1,1.1,scale-1p1,W-potential/fcc-restart/01-nvt-round-1/md/scale-1p1/multi_nnap_md.xyz,2208,5.375349096,21.16813735,5.636028481,8.835782902,1709,2.2550503117237355,2.7043988338562195,0.9776345133946784,normalized_void>0.946305
nvt_scale,1.1,1.1,scale-1p1,W-potential/fcc-restart/01-nvt-round-1/md/scale-1p1/multi_nnap_md.xyz,2209,5.194350815,21.16813735,5.541155009,12.2569138,1710,2.2791759147458435,2.7015139506241943,0.9765916341494156,normalized_void>0.946305
nvt_scale,1.1,1.1,scale-1p1,W-potential/fcc-restart/01-nvt-round-1/md/scale-1p1/multi_nnap_md.xyz,2210,5.537673692,21.16813735,6.1851637,16.51424326,1711,2.27299744301855,2.68993765101061,0.9724068260885794,normalized_void>0.946305
nvt_scale,1.1,1.1,scale-1p1,W-potential/fcc-restart/01-nvt-round-1/md/scale-1p1/multi_nnap_md.xyz,2211,5.535933289,21.16813735,5.745142166,17.49567576,1712,2.261013559076644,2.670759479297093,0.9654739571876529,normalized_void>0.946305
nvt_scale,1.1,1.1,scale-1p1,W-potential/fcc-restart/01-nvt-round-1/md/scale-1p1/multi_nnap_md.xyz,2212,5.490309138,21.16813735,5.810074729,13.32285506,1713,2.236086053948158,2.669169860904015,0.9648993134684112,normalized_void>0.946305
nvt_scale,1.1,1.1,scale-1p1,W-potential/fcc-restart/01-nvt-round-1/md/scale-1p1/multi_nnap_md.xyz,2213,8.009680762,21.16813735,8.41365228,11.22957048,1714,2.184441138083371,2.6773713089246667,0.9678641197478788,normalized_void>0.946305
nvt_scale,1.1,1.1,scale-1p1,W-potential/fcc-restart/01-nvt-round-1/md/scale-1p1/multi_nnap_md.xyz,2214,7.612457778,21.16813735,7.326775478,12.26103815,1715,2.2093724415807197,2.6647842214719146,0.9633139140005331,normalized_void>0.946305
nvt_scale,1.1,1.1,scale-1p1,W-potential/fcc-restart/01-nvt-round-1/md/scale-1p1/multi_nnap_md.xyz,2215,15.36648803,21.16813735,10.31132133,10.48221704,1716,2.175464932564972,2.648873618087507,0.9575622642058349,normalized_void>0.946305
nvt_scale,1.1,1.1,scale-1p1,W-potential/fcc-restart/01-nvt-round-1/md/scale-1p1/multi_nnap_md.xyz,2216,9.465092389,21.16813735,7.705107382,9.018936235,1717,2.140562290993284,2.6310732915417065,0.9511274834467942,normalized_void>0.946305
nvt_scale,1.1,1.1,scale-1p1,W-potential/fcc-restart/01-nvt-round-1/md/scale-1p1/multi_nnap_md.xyz,2224,5.005528655,21.16813735,4.694807433,8.862772369,1725,2.2627920026038515,2.6230617063405903,0.9482313121788734,normalized_void>0.946305
nvt_scale,1.1,1.1,scale-1p1,W-potential/fcc-restart/01-nvt-round-1/md/scale-1p1/multi_nnap_md.xyz,2225,4.644340617,21.16813735,5.131232238,9.559636721,1726,2.2803297985743423,2.679689292220628,0.9687020658537691,normalized_void>0.946305
nvt_scale,1.1,1.1,scale-1p1,W-potential/fcc-restart/01-nvt-round-1/md/scale-1p1/multi_nnap_md.xyz,2226,4.718606366,21.16813735,5.180620878,9.520218516,1727,2.255378078944737,2.731459815200555,0.9874170014646162,normalized_void>0.946305
nvt_scale,1.1,1.1,scale-1p1,W-potential/fcc-restart/01-nvt-round-1/md/scale-1p1/multi_nnap_md.xyz,2227,4.539965061,21.16813735,5.726862711,8.904908375,1728,2.275226586202276,2.7850114547461358,1.0067758069829498,normalized_void>0.946305
nvt_scale,1.1,1.1,scale-1p1,W-potential/fcc-restart/01-nvt-round-1/md/scale-1p1/multi_nnap_md.xyz,2228,4.652945085,21.16813735,6.706968467,10.43975992,1729,2.336106204522708,2.80443441881412,1.013797167807237,normalized_void>0.946305
nvt_scale,1.1,1.1,scale-1p1,W-potential/fcc-restart/01-nvt-round-1/md/scale-1p1/multi_nnap_md.xyz,2229,5.009965466,21.16813735,6.208704989,9.816343692,1730,2.2999252978962215,2.809050350189562,1.0154658173302287,normalized_void>0.946305
nvt_scale,1.1,1.1,scale-1p1,W-potential/fcc-restart/01-nvt-round-1/md/scale-1p1/multi_nnap_md.xyz,2230,6.010198532,21.16813735,4.355668272,7.501623083,1731,2.2278097340634635,2.8248204569720103,1.021166677897624,normalized_void>0.946305
nvt_scale,1.1,1.1,scale-1p1,W-potential/fcc-restart/01-nvt-round-1/md/scale-1p1/multi_nnap_md.xyz,2231,6.206814773,21.16813735,4.4063334,7.51828601,1732,2.1954281563712805,2.8397720620920377,1.026571651828612,normalized_void>0.946305
nvt_scale,1.1,1.1,scale-1p1,W-potential/fcc-restart/01-nvt-round-1/md/scale-1p1/multi_nnap_md.xyz,2232,5.799793283,21.16813735,4.325642269,7.852580531,1733,2.2084991446039375,2.842492195472144,1.0275549743475163,normalized_void>0.946305
nvt_scale,1.1,1.1,scale-1p1,W-potential/fcc-restart/01-nvt-round-1/md/scale-1p1/multi_nnap_md.xyz,2233,6.15962917,21.16813735,4.974318444,10.12944165,1734,2.235960751711737,2.8347367176056197,1.024751385344569,normalized_void>0.946305
nvt_scale,1.1,1.1,scale-1p1,W-potential/fcc-restart/01-nvt-round-1/md/scale-1p1/multi_nnap_md.xyz,2234,9.350121395,21.16813735,7.248674869,11.76042088,1735,2.1770874436062218,2.812178104849176,1.0165964940878094,normalized_void>0.946305
nvt_scale,1.1,1.1,scale-1p1,W-potential/fcc-restart/01-nvt-round-1/md/scale-1p1/multi_nnap_md.xyz,2235,9.949769279,21.16813735,7.947958848,11.72234203,1736,2.153576363352109,2.752326626872581,0.994960310173262,normalized_void>0.946305
nvt_scale,1.1,1.1,scale-1p1,W-potential/fcc-restart/01-nvt-round-1/md/scale-1p1/multi_nnap_md.xyz,2236,9.719170861,21.16813735,8.868127556,11.47885892,1737,2.1956699200804706,2.6770649149371994,0.9677533589632287,normalized_void>0.946305
nvt_scale,1.1,1.1,scale-1p1,W-potential/fcc-restart/01-nvt-round-1/md/scale-1p1/multi_nnap_md.xyz,2237,7.835949767,21.16813735,7.527175423,11.83497598,1738,2.2212722449899873,2.6233805904636727,0.9483465881213845,normalized_void>0.946305
nvt_scale,1.1,1.1,scale-1p1,W-potential/fcc-restart/01-nvt-round-1/md/scale-1p1/multi_nnap_md.xyz,2332,5.874404011,21.16813735,6.215461651,10.98710485,1833,2.258456487438434,2.6610543724749016,0.9619655814012208,normalized_void>0.946305
nvt_scale,1.1,1.1,scale-1p1,W-potential/fcc-restart/01-nvt-round-1/md/scale-1p1/multi_nnap_md.xyz,2333,5.786663879,21.16813735,5.696850683,9.929037055,1834,2.2977166410581527,2.7037034795634627,0.9773831442744415,normalized_void>0.946305
nvt_scale,1.1,1.1,scale-1p1,W-potential/fcc-restart/01-nvt-round-1/md/scale-1p1/multi_nnap_md.xyz,2334,4.786314615,21.16813735,4.831199988,9.426376097,1835,2.3098013784791,2.731198528116665,0.9873225467311215,normalized_void>0.946305
nvt_scale,1.1,1.1,scale-1p1,W-potential/fcc-restart/01-nvt-round-1/md/scale-1p1/multi_nnap_md.xyz,2335,4.65925863,21.16813735,4.753613789,9.121651383,1836,2.2472799415526805,2.7676531323406177,1.0005008097947323,normalized_void>0.946305
nvt_scale,1.1,1.1,scale-1p1,W-potential/fcc-restart/01-nvt-round-1/md/scale-1p1/multi_nnap_md.xyz,2336,4.758954536,21.16813735,6.266297986,8.816451339,1837,2.246308367034626,2.784729832065829,1.0066740009739485,normalized_void>0.946305
nvt_scale,1.1,1.1,scale-1p1,W-potential/fcc-restart/01-nvt-round-1/md/scale-1p1/multi_nnap_md.xyz,2337,5.055936068,21.16813735,8.124370264,9.911572587,1838,2.3007738992784468,2.8174199826168165,1.0184914219203787,normalized_void>0.946305
nvt_scale,1.1,1.1,scale-1p1,W-potential/fcc-restart/01-nvt-round-1/md/scale-1p1/multi_nnap_md.xyz,2338,5.675939523,21.16813735,9.30773314,9.82304195,1839,2.2720325563604087,2.8485747729975746,1.0297538133814692,normalized_void>0.946305
nvt_scale,1.1,1.1,scale-1p1,W-potential/fcc-restart/01-nvt-round-1/md/scale-1p1/multi_nnap_md.xyz,2339,4.93102729,21.16813735,7.896593261,10.97061228,1840,2.3120218683007185,2.879856456654468,1.041062076496073,normalized_void>0.946305
nvt_scale,1.1,1.1,scale-1p1,W-potential/fcc-restart/01-nvt-round-1/md/scale-1p1/multi_nnap_md.xyz,2340,4.177507,21.16813735,5.936521663,9.906376547,1841,2.357769472670838,2.8980004527974326,1.0476210930945857,normalized_void>0.946305
nvt_scale,1.1,1.1,scale-1p1,W-potential/fcc-restart/01-nvt-round-1/md/scale-1p1/multi_nnap_md.xyz,2341,4.406821636,21.16813735,6.178584547,10.76276927,1842,2.3249813488796205,2.906564942996649,1.0507171383611211,normalized_void>0.946305
nvt_scale,1.1,1.1,scale-1p1,W-potential/fcc-restart/01-nvt-round-1/md/scale-1p1/multi_nnap_md.xyz,2342,5.520570036,21.16813735,5.35827383,9.378544853,1843,2.238428571884759,2.922584001330982,1.0565079943930311,normalized_void>0.946305
nvt_scale,1.1,1.1,scale-1p1,W-potential/fcc-restart/01-nvt-round-1/md/scale-1p1/multi_nnap_md.xyz,2343,5.990178185,21.16813735,4.529716417,8.972066246,1844,2.178315100926267,2.9138280742943032,1.0533427451107658,normalized_void>0.946305
nvt_scale,1.1,1.1,scale-1p1,W-potential/fcc-restart/01-nvt-round-1/md/scale-1p1/multi_nnap_md.xyz,2344,5.181902801,21.16813735,5.948032059,7.540506454,1845,2.168653403561297,2.8954065361780152,1.0466833976702778,normalized_void>0.946305
nvt_scale,1.1,1.1,scale-1p1,W-potential/fcc-restart/01-nvt-round-1/md/scale-1p1/multi_nnap_md.xyz,2345,4.848087957,21.16813735,5.880888454,8.312585318,1846,2.1663407375622956,2.8783151409586827,1.0405048941007202,normalized_void>0.946305
nvt_scale,1.1,1.1,scale-1p1,W-potential/fcc-restart/01-nvt-round-1/md/scale-1p1/multi_nnap_md.xyz,2346,4.630567436,21.16813735,5.217218995,10.0861014,1847,2.2164053286577663,2.8765750773326424,1.039875864744908,normalized_void>0.946305
nvt_scale,1.1,1.1,scale-1p1,W-potential/fcc-restart/01-nvt-round-1/md/scale-1p1/multi_nnap_md.xyz,2347,4.321371458,21.16813735,5.559807616,10.08421336,1848,2.2531118262956573,2.9102007630031097,1.0520314796773163,normalized_void>0.946305
nvt_scale,1.1,1.1,scale-1p1,W-potential/fcc-restart/01-nvt-round-1/md/scale-1p1/multi_nnap_md.xyz,2348,4.809908209,21.16813735,5.914329602,12.21460458,1849,2.272242311848937,2.9190036702360938,1.0552137122021341,normalized_void>0.946305
nvt_scale,1.1,1.1,scale-1p1,W-potential/fcc-restart/01-nvt-round-1/md/scale-1p1/multi_nnap_md.xyz,2349,5.210326244,21.16813735,6.425826472,13.734256,1850,2.2542571581351663,2.913785916660898,1.0533275052145996,normalized_void>0.946305
nvt_scale,1.1,1.1,scale-1p1,W-potential/fcc-restart/01-nvt-round-1/md/scale-1p1/multi_nnap_md.xyz,2350,4.709356245,21.16813735,5.359968254,10.35207194,1851,2.2985041403697593,2.8966522963157053,1.0471337373504945,normalized_void>0.946305
nvt_scale,1.1,1.1,scale-1p1,W-potential/fcc-restart/01-nvt-round-1/md/scale-1p1/multi_nnap_md.xyz,2351,4.462129433,21.16813735,4.406355485,8.698936235,1852,2.3149963671824336,2.879828179090697,1.041051854216004,normalized_void>0.946305
nvt_scale,1.1,1.1,scale-1p1,W-potential/fcc-restart/01-nvt-round-1/md/scale-1p1/multi_nnap_md.xyz,2352,3.877513726,21.16813735,3.580192782,8.813920582,1853,2.3245037688556724,2.8576408858694404,1.0330311941933923,normalized_void>0.946305
nvt_scale,1.1,1.1,scale-1p1,W-potential/fcc-restart/01-nvt-round-1/md/scale-1p1/multi_nnap_md.xyz,2353,3.696950923,21.16813735,4.298292988,8.496744779,1854,2.3570004427261035,2.868976557436642,1.0371290157195172,normalized_void>0.946305
nvt_scale,1.1,1.1,scale-1p1,W-potential/fcc-restart/01-nvt-round-1/md/scale-1p1/multi_nnap_md.xyz,2354,3.805380484,21.16813735,5.005869026,9.292576414,1855,2.3627112979101366,2.8730742549644224,1.0386103247921505,normalized_void>0.946305
nvt_scale,1.1,1.1,scale-1p1,W-potential/fcc-restart/01-nvt-round-1/md/scale-1p1/multi_nnap_md.xyz,2355,3.952580556,21.16813735,4.747682513,9.140055591,1856,2.360869529919057,2.8879386597417422,1.0439837759819128,normalized_void>0.946305
nvt_scale,1.1,1.1,scale-1p1,W-potential/fcc-restart/01-nvt-round-1/md/scale-1p1/multi_nnap_md.xyz,2356,3.982057694,21.16813735,4.743776034,8.803514352,1857,2.3295473467167676,2.889312530122609,1.0444804272466788,normalized_void>0.946305
nvt_scale,1.1,1.1,scale-1p1,W-potential/fcc-restart/01-nvt-round-1/md/scale-1p1/multi_nnap_md.xyz,2357,6.656022952,21.16813735,6.690456369,8.306900186,1858,2.2624582687502204,2.884782379058025,1.0428427871263737,normalized_void>0.946305
nvt_scale,1.1,1.1,scale-1p1,W-potential/fcc-restart/01-nvt-round-1/md/scale-1p1/multi_nnap_md.xyz,2358,7.408863834,21.16813735,6.791057912,7.819791651,1859,2.2502251328124436,2.8774244004439136,1.0401828932705115,normalized_void>0.946305
nvt_scale,1.1,1.1,scale-1p1,W-potential/fcc-restart/01-nvt-round-1/md/scale-1p1/multi_nnap_md.xyz,2359,4.401763133,21.16813735,5.444662816,9.58935591,1860,2.293116839437186,2.867303039524131,1.036524042499749,normalized_void>0.946305
nvt_scale,1.1,1.1,scale-1p1,W-potential/fcc-restart/01-nvt-round-1/md/scale-1p1/multi_nnap_md.xyz,2360,4.156723157,21.16813735,5.287956609,8.691726259,1861,2.2743487165014753,2.8487872226190034,1.0298306134745865,normalized_void>0.946305
nvt_scale,1.1,1.1,scale-1p1,W-potential/fcc-restart/01-nvt-round-1/md/scale-1p1/multi_nnap_md.xyz,2361,4.114189941,21.16813735,4.704418751,7.7721463,1862,2.2962605885073843,2.842250388277037,1.027467561553011,normalized_void>0.946305
nvt_scale,1.1,1.1,scale-1p1,W-potential/fcc-restart/01-nvt-round-1/md/scale-1p1/multi_nnap_md.xyz,2362,3.993028427,21.16813735,4.601362748,7.818679566,1863,2.3091290976034617,2.8419377753698702,1.0273545526419168,normalized_void>0.946305
nvt_scale,1.1,1.1,scale-1p1,W-potential/fcc-restart/01-nvt-round-1/md/scale-1p1/multi_nnap_md.xyz,2363,4.216320698,21.16813735,4.22092539,7.445074625,1864,2.327011814893911,2.7956169093779595,1.0106096566165588,normalized_void>0.946305
nvt_scale,1.1,1.1,scale-1p1,W-potential/fcc-restart/01-nvt-round-1/md/scale-1p1/multi_nnap_md.xyz,2364,4.522506477,21.16813735,4.522743135,7.903535845,1865,2.309463130695954,2.755193182642628,0.9959965640794112,normalized_void>0.946305
nvt_scale,1.1,1.1,scale-1p1,W-potential/fcc-restart/01-nvt-round-1/md/scale-1p1/multi_nnap_md.xyz,2365,4.715191857,21.16813735,5.799227951,9.801760414,1866,2.315296222929915,2.7157937553944063,0.9817537536612004,normalized_void>0.946305
nvt_scale,1.1,1.1,scale-1p1,W-potential/fcc-restart/01-nvt-round-1/md/scale-1p1/multi_nnap_md.xyz,2366,5.09827567,21.16813735,6.846450345,13.29183401,1867,2.287585996880998,2.689823652492047,0.9723656158629176,normalized_void>0.946305
nvt_scale,1.1,1.1,scale-1p1,W-potential/fcc-restart/01-nvt-round-1/md/scale-1p1/multi_nnap_md.xyz,2367,6.856909821,21.16813735,7.483105433,10.43036375,1868,2.2549546803878955,2.6870058224861477,0.9713469762184395,normalized_void>0.946305
nvt_scale,1.1,1.1,scale-1p1,W-potential/fcc-restart/01-nvt-round-1/md/scale-1p1/multi_nnap_md.xyz,2368,8.982482061,21.16813735,9.936588756,10.91431217,1869,2.215651868242744,2.68702829632951,0.9713551004657378,normalized_void>0.946305
nvt_scale,1.1,1.1,scale-1p1,W-potential/fcc-restart/01-nvt-round-1/md/scale-1p1/multi_nnap_md.xyz,2369,9.327641029,21.16813735,10.85442476,12.05331608,1870,2.167862711307771,2.693759704134136,0.9737884902864814,normalized_void>0.946305
nvt_scale,1.1,1.1,scale-1p1,W-potential/fcc-restart/01-nvt-round-1/md/scale-1p1/multi_nnap_md.xyz,2370,9.896648175,21.16813735,7.185081903,12.84862885,1871,2.2282014534650316,2.6869496484545197,0.9713266694236766,normalized_void>0.946305
nvt_scale,1.1,1.1,scale-1p1,W-potential/fcc-restart/01-nvt-round-1/md/scale-1p1/multi_nnap_md.xyz,2371,9.283454425,21.16813735,5.913474382,12.40461892,1872,2.227914559581022,2.6795202135058585,0.9686409442525579,normalized_void>0.946305
nvt_scale,1.1,1.1,scale-1p1,W-potential/fcc-restart/01-nvt-round-1/md/scale-1p1/multi_nnap_md.xyz,2372,8.221301246,21.16813735,6.029665658,11.59955562,1873,2.2546001781121485,2.670699957899915,0.9654524403272556,normalized_void>0.946305
nvt_scale,1.1,1.1,scale-1p1,W-potential/fcc-restart/01-nvt-round-1/md/scale-1p1/multi_nnap_md.xyz,2373,7.62170713,21.16813735,8.209914152,9.455856894,1874,2.2430986007519245,2.6640874755336914,0.9630620418033752,normalized_void>0.946305
nvt_scale,1.1,1.1,scale-1p1,W-potential/fcc-restart/01-nvt-round-1/md/scale-1p1/multi_nnap_md.xyz,2374,16.54537807,21.16813735,12.68036746,8.055798108,1875,2.1727990480953796,2.632860695266015,0.9517736261489645,normalized_void>0.946305
nvt_scale,1.1,1.1,scale-1p1,W-potential/fcc-restart/01-nvt-round-1/md/scale-1p1/multi_nnap_md.xyz,2405,5.415923922,21.16813735,7.162838867,14.3556911,1906,2.301689203246827,2.65307827209339,0.959082237821255,normalized_void>0.946305
nvt_scale,1.1,1.1,scale-1p1,W-potential/fcc-restart/01-nvt-round-1/md/scale-1p1/multi_nnap_md.xyz,2406,10.03549237,21.16813735,8.486254319,11.37560885,1907,2.213310330347656,2.6896360786384244,0.9722978083077536,normalized_void>0.946305
nvt_scale,1.1,1.1,scale-1p1,W-potential/fcc-restart/01-nvt-round-1/md/scale-1p1/multi_nnap_md.xyz,2407,13.160715,21.16813735,9.854181864,9.895256739,1908,2.1740032207324136,2.697591588174848,0.9751737083403528,normalized_void>0.946305
nvt_scale,1.1,1.1,scale-1p1,W-potential/fcc-restart/01-nvt-round-1/md/scale-1p1/multi_nnap_md.xyz,2408,9.227698848,21.16813735,6.869440901,9.963296968,1909,2.2148459947601906,2.6921129884320374,0.9731932060096334,normalized_void>0.946305
nvt_scale,1.1,1.1,scale-1p1,W-potential/fcc-restart/01-nvt-round-1/md/scale-1p1/multi_nnap_md.xyz,2409,4.260787911,21.16813735,4.673312546,10.32664926,1910,2.310188295266176,2.6950165093187466,0.9742428227280232,normalized_void>0.946305
nvt_scale,1.1,1.1,scale-1p1,W-potential/fcc-restart/01-nvt-round-1/md/scale-1p1/multi_nnap_md.xyz,2410,4.375049695,21.16813735,4.138065881,8.455624008,1911,2.3607078326541,2.685606190054904,0.9708410120264275,normalized_void>0.946305
nvt_scale,1.1,1.1,scale-1p1,W-potential/fcc-restart/01-nvt-round-1/md/scale-1p1/multi_nnap_md.xyz,2411,5.77316459,21.16813735,6.623191571,11.81390517,1912,2.4103690541142604,2.688298249494014,0.9718141858744693,normalized_void>0.946305
nvt_scale,1.1,1.1,scale-1p1,W-potential/fcc-restart/01-nvt-round-1/md/scale-1p1/multi_nnap_md.xyz,2412,5.370863142,21.16813735,6.264914056,11.08562591,1913,2.3846740238174,2.6785784415214424,0.96830049565297,normalized_void>0.946305
nvt_scale,1.1,1.1,scale-1p1,W-potential/fcc-restart/01-nvt-round-1/md/scale-1p1/multi_nnap_md.xyz,2413,4.730146329,21.16813735,4.316033227,9.340898781,1914,2.3570213100986113,2.6878456819449035,0.9716505836534826,normalized_void>0.946305
nvt_scale,1.1,1.1,scale-1p1,W-potential/fcc-restart/01-nvt-round-1/md/scale-1p1/multi_nnap_md.xyz,2414,5.113809695,21.16813735,6.565356961,10.56196865,1915,2.303223027599224,2.690420445973057,0.9725813554561685,normalized_void>0.946305
nvt_scale,1.1,1.1,scale-1p1,W-potential/fcc-restart/01-nvt-round-1/md/scale-1p1/multi_nnap_md.xyz,2415,5.34375936,21.16813735,6.804843651,10.44522427,1916,2.254959237377987,2.701085165268601,0.9764366291415676,normalized_void>0.946305
nvt_scale,1.1,1.1,scale-1p1,W-potential/fcc-restart/01-nvt-round-1/md/scale-1p1/multi_nnap_md.xyz,2416,4.698547867,21.16813735,6.533147851,9.531333436,1917,2.208903988759268,2.7157305931289937,0.981730920634563,normalized_void>0.946305
nvt_scale,1.1,1.1,scale-1p1,W-potential/fcc-restart/01-nvt-round-1/md/scale-1p1/multi_nnap_md.xyz,2417,4.206962849,21.16813735,6.312853724,10.77135839,1918,2.234057131289643,2.735899761069889,0.9890220325957958,normalized_void>0.946305
nvt_scale,1.1,1.1,scale-1p1,W-potential/fcc-restart/01-nvt-round-1/md/scale-1p1/multi_nnap_md.xyz,2418,4.718495566,21.16813735,5.2713282,10.37416748,1919,2.310804331641693,2.7573839056336773,0.9967885058516546,normalized_void>0.946305
nvt_scale,1.1,1.1,scale-1p1,W-potential/fcc-restart/01-nvt-round-1/md/scale-1p1/multi_nnap_md.xyz,2419,7.481266575,21.16813735,6.856807541,11.3111527,1920,2.2659199762889073,2.767682687259331,1.000511493835937,normalized_void>0.946305
nvt_scale,1.1,1.1,scale-1p1,W-potential/fcc-restart/01-nvt-round-1/md/scale-1p1/multi_nnap_md.xyz,2420,9.40703733,21.16813735,8.345619221,10.72326316,1921,2.240867197689566,2.7748677171337133,1.0031088670846717,normalized_void>0.946305
nvt_scale,1.1,1.1,scale-1p1,W-potential/fcc-restart/01-nvt-round-1/md/scale-1p1/multi_nnap_md.xyz,2421,7.144972212,21.16813735,6.884438102,14.93709491,1922,2.2639858060465143,2.7857955654282742,1.0070592613520257,normalized_void>0.946305
nvt_scale,1.1,1.1,scale-1p1,W-potential/fcc-restart/01-nvt-round-1/md/scale-1p1/multi_nnap_md.xyz,2422,6.771470893,21.16813735,5.718346298,18.48529881,1923,2.277577552535855,2.78296986540242,1.0060377767118196,normalized_void>0.946305
nvt_scale,1.1,1.1,scale-1p1,W-potential/fcc-restart/01-nvt-round-1/md/scale-1p1/multi_nnap_md.xyz,2423,5.501914426,21.16813735,4.333386118,11.12119574,1924,2.281342075727101,2.7902234726089126,1.0086599405224599,normalized_void>0.946305
nvt_scale,1.1,1.1,scale-1p1,W-potential/fcc-restart/01-nvt-round-1/md/scale-1p1/multi_nnap_md.xyz,2424,4.913629887,21.16813735,5.474454599,10.44229344,1925,2.266836821402504,2.812952383587369,1.0168763942297445,normalized_void>0.946305
nvt_scale,1.1,1.1,scale-1p1,W-potential/fcc-restart/01-nvt-round-1/md/scale-1p1/multi_nnap_md.xyz,2425,5.807399494,21.16813735,5.265657182,12.19324154,1926,2.2609189406973615,2.810477819628306,1.0159818445421405,normalized_void>0.946305
nvt_scale,1.1,1.1,scale-1p1,W-potential/fcc-restart/01-nvt-round-1/md/scale-1p1/multi_nnap_md.xyz,2426,6.405090701,21.16813735,5.657865489,12.22426244,1927,2.3049518580316977,2.8136614175314216,1.0171327085152693,normalized_void>0.946305
nvt_scale,1.1,1.1,scale-1p1,W-potential/fcc-restart/01-nvt-round-1/md/scale-1p1/multi_nnap_md.xyz,2427,6.960875421,21.16813735,5.213765804,12.25526621,1928,2.2879994099907175,2.833384491919857,1.024262558591743,normalized_void>0.946305
nvt_scale,1.1,1.1,scale-1p1,W-potential/fcc-restart/01-nvt-round-1/md/scale-1p1/multi_nnap_md.xyz,2428,7.498119735,21.16813735,5.067687074,10.20531975,1929,2.2595040224802343,2.8639794388425344,1.0353225678154705,normalized_void>0.946305
nvt_scale,1.1,1.1,scale-1p1,W-potential/fcc-restart/01-nvt-round-1/md/scale-1p1/multi_nnap_md.xyz,2429,7.012360203,21.16813735,6.81707796,9.958950175,1930,2.197983641952037,2.888037644449101,1.0440195587462746,normalized_void>0.946305
nvt_scale,1.1,1.1,scale-1p1,W-potential/fcc-restart/01-nvt-round-1/md/scale-1p1/multi_nnap_md.xyz,2430,8.959197077,21.16813735,8.51381368,10.49669731,1931,2.1642368799372207,2.896044140112471,1.0469138901569617,normalized_void>0.946305
nvt_scale,1.1,1.1,scale-1p1,W-potential/fcc-restart/01-nvt-round-1/md/scale-1p1/multi_nnap_md.xyz,2431,8.900480782,21.16813735,6.275091466,9.045323743,1932,2.2099635054772695,2.8972365705771694,1.0473449512721043,normalized_void>0.946305
nvt_scale,1.1,1.1,scale-1p1,W-potential/fcc-restart/01-nvt-round-1/md/scale-1p1/multi_nnap_md.xyz,2432,9.737115699,21.16813735,7.681372253,10.15895999,1933,2.134091132189957,2.8923411935517,1.045575282731997,normalized_void>0.946305
nvt_scale,1.1,1.1,scale-1p1,W-potential/fcc-restart/01-nvt-round-1/md/scale-1p1/multi_nnap_md.xyz,2433,8.962508873,21.16813735,7.600039308,11.62828844,1934,2.0986297824262667,2.886293896561606,1.0433891975376643,normalized_void>0.946305
nvt_scale,1.1,1.1,scale-1p1,W-potential/fcc-restart/01-nvt-round-1/md/scale-1p1/multi_nnap_md.xyz,2434,13.92915048,21.16813735,10.92487295,11.43872767,1935,2.0897726039053914,2.8728221519966524,1.038519190097395,normalized_void>0.946305
nvt_scale,1.1,1.1,scale-1p1,W-potential/fcc-restart/01-nvt-round-1/md/scale-1p1/multi_nnap_md.xyz,2435,8.778952681,21.16813735,8.037176786,7.940263337,1936,2.1638721919502935,2.8518352542765903,1.0309324705339342,normalized_void>0.946305
nvt_scale,1.1,1.1,scale-1p1,W-potential/fcc-restart/01-nvt-round-1/md/scale-1p1/multi_nnap_md.xyz,2436,4.433351164,21.16813735,4.857115528,7.355739201,1937,2.255813171498672,2.822237454936374,1.0202329280724898,normalized_void>0.946305
nvt_scale,1.1,1.1,scale-1p1,W-potential/fcc-restart/01-nvt-round-1/md/scale-1p1/multi_nnap_md.xyz,2437,3.754926265,21.16813735,3.968871454,6.450107621,1938,2.2925439927313325,2.78935434677188,1.0083457533529754,normalized_void>0.946305
nvt_scale,1.1,1.1,scale-1p1,W-potential/fcc-restart/01-nvt-round-1/md/scale-1p1/multi_nnap_md.xyz,2438,3.384055234,21.16813735,3.694517083,6.221286732,1939,2.329962026344225,2.7588394502515623,0.9973146821820152,normalized_void>0.946305
nvt_scale,1.1,1.1,scale-1p1,W-potential/fcc-restart/01-nvt-round-1/md/scale-1p1/multi_nnap_md.xyz,2439,3.988746534,21.16813735,3.969528238,7.467741138,1940,2.3647107883564136,2.738326953645353,0.98989945762746,normalized_void>0.946305
nvt_scale,1.1,1.1,scale-1p1,W-potential/fcc-restart/01-nvt-round-1/md/scale-1p1/multi_nnap_md.xyz,2440,4.854295083,21.16813735,4.821480797,6.854700659,1941,2.3201873750438864,2.7352397970521984,0.9887834569858615,normalized_void>0.946305
nvt_scale,1.1,1.1,scale-1p1,W-potential/fcc-restart/01-nvt-round-1/md/scale-1p1/multi_nnap_md.xyz,2441,5.072617353,21.16813735,4.68713542,8.481356779,1942,2.3406865525965257,2.726721394798828,0.9857040724152064,normalized_void>0.946305
nvt_scale,1.1,1.1,scale-1p1,W-potential/fcc-restart/01-nvt-round-1/md/scale-1p1/multi_nnap_md.xyz,2442,4.796580529,21.16813735,4.624375959,8.370266078,1943,2.306174865707985,2.7391721558471027,0.9902049964529036,normalized_void>0.946305
nvt_scale,1.1,1.1,scale-1p1,W-potential/fcc-restart/01-nvt-round-1/md/scale-1p1/multi_nnap_md.xyz,2443,5.092013869,21.16813735,5.377556361,8.189200791,1944,2.262566340365342,2.75369232414524,0.9954540068765314,normalized_void>0.946305
nvt_scale,1.1,1.1,scale-1p1,W-potential/fcc-restart/01-nvt-round-1/md/scale-1p1/multi_nnap_md.xyz,2444,8.226421731,21.16813735,5.948245306,8.938953566,1945,2.2684151527571905,2.7514390594347384,0.9946394564037154,normalized_void>0.946305
nvt_scale,1.1,1.1,scale-1p1,W-potential/fcc-restart/01-nvt-round-1/md/scale-1p1/multi_nnap_md.xyz,2445,9.455210722,21.16813735,7.812773405,10.41305899,1946,2.200018555908419,2.733699559428361,0.9882266643112597,normalized_void>0.946305
nvt_scale,1.1,1.1,scale-1p1,W-potential/fcc-restart/01-nvt-round-1/md/scale-1p1/multi_nnap_md.xyz,2446,11.62051873,21.16813735,8.855805745,11.27104349,1947,2.17519140147027,2.71383562626515,0.9810458940827688,normalized_void>0.946305
nvt_scale,1.1,1.1,scale-1p1,W-potential/fcc-restart/01-nvt-round-1/md/scale-1p1/multi_nnap_md.xyz,2447,13.28395195,21.16813735,12.02808353,11.92299019,1948,2.1330045623045826,2.7017426996653926,0.9766743264486364,normalized_void>0.946305
nvt_scale,1.1,1.1,scale-1p1,W-potential/fcc-restart/01-nvt-round-1/md/scale-1p1/multi_nnap_md.xyz,2448,9.338539983,21.16813735,9.220889812,11.03269659,1949,2.173379180745672,2.700478126731166,0.9762171859818799,normalized_void>0.946305
nvt_scale,1.1,1.1,scale-1p1,W-potential/fcc-restart/01-nvt-round-1/md/scale-1p1/multi_nnap_md.xyz,2449,5.921434218,21.16813735,4.431165935,8.62472393,1950,2.2606887590161535,2.6839864606246673,0.970255483230328,normalized_void>0.946305
nvt_scale,1.1,1.1,scale-1p1,W-potential/fcc-restart/01-nvt-round-1/md/scale-1p1/multi_nnap_md.xyz,2450,5.349581782,21.16813735,3.963863128,9.929394063,1951,2.2970195704337364,2.6640923611876732,0.9630638079570554,normalized_void>0.946305
nvt_scale,1.1,1.1,scale-1p1,W-potential/fcc-restart/01-nvt-round-1/md/scale-1p1/multi_nnap_md.xyz,2451,5.224255941,21.16813735,5.211181206,10.15815458,1952,2.3020733083620937,2.6341284839271646,0.9522319290942676,normalized_void>0.946305
nvt_scale,1.1,1.1,scale-1p1,W-potential/fcc-restart/01-nvt-round-1/md/scale-1p1/multi_nnap_md.xyz,2653,6.232558605,21.16813735,5.935752611,13.07637308,2154,2.2632164804268835,2.6360260887273768,0.9529179092545332,normalized_void>0.946305
nvt_scale,1.1,1.1,scale-1p1,W-potential/fcc-restart/01-nvt-round-1/md/scale-1p1/multi_nnap_md.xyz,2654,6.292942601,21.16813735,6.420330143,13.47515322,2155,2.2291845834962425,2.6238041565511754,0.9484997063747509,normalized_void>0.946305
nvt_scale,1.1,1.1,scale-1p1,W-potential/fcc-restart/01-nvt-round-1/md/scale-1p1/multi_nnap_md.xyz,2656,5.935158078,21.16813735,5.705773842,7.093917171,2157,2.1986221295478128,2.6312505979303134,0.9511915793348628,normalized_void>0.946305
nvt_scale,1.1,1.1,scale-1p1,W-potential/fcc-restart/01-nvt-round-1/md/scale-1p1/multi_nnap_md.xyz,2657,4.957249784,21.16813735,4.316399866,6.475013505,2158,2.2417218140593436,2.6499910116871184,0.9579661996514321,normalized_void>0.946305
nvt_scale,1.1,1.1,scale-1p1,W-potential/fcc-restart/01-nvt-round-1/md/scale-1p1/multi_nnap_md.xyz,2658,4.801461392,21.16813735,5.216846697,6.7986837,2159,2.2689151419886566,2.6678271471055557,0.9644139252429204,normalized_void>0.946305
nvt_scale,1.1,1.1,scale-1p1,W-potential/fcc-restart/01-nvt-round-1/md/scale-1p1/multi_nnap_md.xyz,2659,4.364776907,21.16813735,6.959667723,7.478900717,2160,2.268616439674683,2.664826933932919,0.9633293544657142,normalized_void>0.946305
nvt_scale,1.1,1.1,scale-1p1,W-potential/fcc-restart/01-nvt-round-1/md/scale-1p1/multi_nnap_md.xyz,2660,4.018047184,21.16813735,6.926029198,6.874155144,2161,2.2538807573795463,2.65301835920999,0.9590605794394086,normalized_void>0.946305
nvt_scale,1.1,1.1,scale-1p1,W-potential/fcc-restart/01-nvt-round-1/md/scale-1p1/multi_nnap_md.xyz,2661,4.312385727,21.16813735,6.391352936,7.740383494,2162,2.298302603016792,2.646523892509444,0.956712843331457,normalized_void>0.946305
nvt_scale,1.1,1.1,scale-1p1,W-potential/fcc-restart/01-nvt-round-1/md/scale-1p1/multi_nnap_md.xyz,2662,4.221302877,21.16813735,6.243015743,7.283874784,2163,2.28652566457902,2.654569472435585,0.9596213036212639,normalized_void>0.946305
nvt_scale,1.1,1.1,scale-1p1,W-potential/fcc-restart/01-nvt-round-1/md/scale-1p1/multi_nnap_md.xyz,2663,4.169687886,21.16813735,5.842784504,8.686050195,2164,2.213076006642381,2.6761280253351902,0.9674146753346535,normalized_void>0.946305
nvt_scale,1.1,1.1,scale-1p1,W-potential/fcc-restart/01-nvt-round-1/md/scale-1p1/multi_nnap_md.xyz,2664,4.640393459,21.16813735,5.880099504,9.971053604,2165,2.1951082953039576,2.6953458227142844,0.9743618688306803,normalized_void>0.946305
nvt_scale,1.1,1.1,scale-1p1,W-potential/fcc-restart/01-nvt-round-1/md/scale-1p1/multi_nnap_md.xyz,2665,4.601827556,21.16813735,5.983695145,8.513103926,2166,2.1969477928703363,2.658873122654501,0.961177064160323,normalized_void>0.946305
nvt_scale,1.1,1.1,scale-1p1,W-potential/fcc-restart/01-nvt-round-1/md/scale-1p1/multi_nnap_md.xyz,2666,4.256400946,21.16813735,4.95521277,7.429871231,2167,2.262765121859883,2.6233313226759796,0.9483287779193372,normalized_void>0.946305
nvt_scale,1.1,1.1,scale-1p1,W-potential/fcc-restart/01-nvt-round-1/md/scale-1p1/multi_nnap_md.xyz,2686,7.064597986,21.16813735,7.99094955,11.98358615,2187,2.2252288733860177,2.6670463772291613,0.9641316785681229,normalized_void>0.946305
nvt_scale,1.1,1.1,scale-1p1,W-potential/fcc-restart/01-nvt-round-1/md/scale-1p1/multi_nnap_md.xyz,2687,5.999590872,21.16813735,5.556796124,9.293913371,2188,2.3423597471092408,2.6306261272989784,0.9509658345097461,normalized_void>0.946305
nvt_scale,1.1,1.1,scale-1p1,W-potential/fcc-restart/01-nvt-round-1/md/scale-1p1/multi_nnap_md.xyz,2749,4.551541999,21.16813735,5.894720016,8.928353167,2250,2.206050550321882,2.653792962451294,0.9593405968885385,normalized_void>0.946305
nvt_scale,1.1,1.1,scale-1p1,W-potential/fcc-restart/01-nvt-round-1/md/scale-1p1/multi_nnap_md.xyz,2750,6.373324462,21.16813735,6.223491717,9.809609473,2251,2.1551579853786187,2.694679631728788,0.9741210421849282,normalized_void>0.946305
nvt_scale,1.1,1.1,scale-1p1,W-potential/fcc-restart/01-nvt-round-1/md/scale-1p1/multi_nnap_md.xyz,2751,10.33003988,21.16813735,8.034353875,10.12150779,2252,2.168031989370258,2.7231906503936183,0.9844277157087564,normalized_void>0.946305
nvt_scale,1.1,1.1,scale-1p1,W-potential/fcc-restart/01-nvt-round-1/md/scale-1p1/multi_nnap_md.xyz,2752,5.610784699,21.16813735,4.586359505,7.710933819,2253,2.256479992560951,2.7357089889347352,0.9889530688685579,normalized_void>0.946305
nvt_scale,1.1,1.1,scale-1p1,W-potential/fcc-restart/01-nvt-round-1/md/scale-1p1/multi_nnap_md.xyz,2753,5.031611321,21.16813735,5.706759113,11.52621943,2254,2.262008977715333,2.747730243418092,0.9932987271827469,normalized_void>0.946305
nvt_scale,1.1,1.1,scale-1p1,W-potential/fcc-restart/01-nvt-round-1/md/scale-1p1/multi_nnap_md.xyz,2754,7.1316272,21.16813735,8.857582779,13.73059326,2255,2.2190808060404743,2.7584308931404613,0.997166989642178,normalized_void>0.946305
nvt_scale,1.1,1.1,scale-1p1,W-potential/fcc-restart/01-nvt-round-1/md/scale-1p1/multi_nnap_md.xyz,2755,10.38181038,21.16813735,11.36839856,13.61546344,2256,2.163188400106668,2.7557383987961446,0.9961936585768149,normalized_void>0.946305
nvt_scale,1.1,1.1,scale-1p1,W-potential/fcc-restart/01-nvt-round-1/md/scale-1p1/multi_nnap_md.xyz,2756,7.226074096,21.16813735,8.406697825,10.67519902,2257,2.1996678984386544,2.7724644406479846,1.0022400876693487,normalized_void>0.946305
nvt_scale,1.1,1.1,scale-1p1,W-potential/fcc-restart/01-nvt-round-1/md/scale-1p1/multi_nnap_md.xyz,2757,4.83695562,21.16813735,4.631479329,9.345360386,2258,2.235715928999858,2.762952572281276,0.998801567179787,normalized_void>0.946305
nvt_scale,1.1,1.1,scale-1p1,W-potential/fcc-restart/01-nvt-round-1/md/scale-1p1/multi_nnap_md.xyz,2758,4.712135666,21.16813735,6.497304178,12.18600355,2259,2.200406061746368,2.737649773980158,0.9896546585970153,normalized_void>0.946305
nvt_scale,1.1,1.1,scale-1p1,W-potential/fcc-restart/01-nvt-round-1/md/scale-1p1/multi_nnap_md.xyz,2759,4.507848029,21.16813735,7.852195917,12.57619158,2260,2.219857422193605,2.708251778742595,0.9790273449001399,normalized_void>0.946305
nvt_scale,1.1,1.1,scale-1p1,W-potential/fcc-restart/01-nvt-round-1/md/scale-1p1/multi_nnap_md.xyz,2760,5.743865025,21.16813735,6.510505565,11.95280565,2261,2.179725031950829,2.7024566170451285,0.9769324060859312,normalized_void>0.946305
nvt_scale,1.1,1.1,scale-1p1,W-potential/fcc-restart/01-nvt-round-1/md/scale-1p1/multi_nnap_md.xyz,2761,6.283793381,21.16813735,6.582974134,9.563122009,2262,2.190093586018919,2.713434562972974,0.9809009105427753,normalized_void>0.946305
nvt_scale,1.1,1.1,scale-1p1,W-potential/fcc-restart/01-nvt-round-1/md/scale-1p1/multi_nnap_md.xyz,2762,4.435426891,21.16813735,5.578079554,8.498227688,2263,2.246038823694422,2.7503436915240993,0.9942434831985433,normalized_void>0.946305
nvt_scale,1.1,1.1,scale-1p1,W-potential/fcc-restart/01-nvt-round-1/md/scale-1p1/multi_nnap_md.xyz,2763,4.74835962,21.16813735,4.751869105,9.078362007,2264,2.312424010000676,2.731752782245812,0.9875229084377832,normalized_void>0.946305
nvt_scale,1.1,1.1,scale-1p1,W-potential/fcc-restart/01-nvt-round-1/md/scale-1p1/multi_nnap_md.xyz,2764,4.637939062,21.16813735,4.254904518,8.100496457,2265,2.3343891555665284,2.7130027812840836,0.9807448223667169,normalized_void>0.946305
nvt_scale,1.1,1.1,scale-1p1,W-potential/fcc-restart/01-nvt-round-1/md/scale-1p1/multi_nnap_md.xyz,2765,3.644302558,21.16813735,4.084683297,7.979663824,2266,2.4043552101601566,2.6837324163437755,0.9701636467549454,normalized_void>0.946305
nvt_scale,1.1,1.1,scale-1p1,W-potential/fcc-restart/01-nvt-round-1/md/scale-1p1/multi_nnap_md.xyz,2766,3.184088536,21.16813735,3.727367259,7.261915384,2267,2.3100350093782587,2.634357392960089,0.9523146792301621,normalized_void>0.946305
nvt_scale,1.1,1.1,scale-1p1,W-potential/fcc-restart/01-nvt-round-1/md/scale-1p1/multi_nnap_md.xyz,2781,15.12036375,21.16813735,10.20266309,8.937825942,2282,2.172523902471737,2.627088222948501,0.9496868894980801,normalized_void>0.946305
nvt_scale,1.1,1.1,scale-1p1,W-potential/fcc-restart/01-nvt-round-1/md/scale-1p1/multi_nnap_md.xyz,2782,16.43488518,21.16813735,10.89125865,9.851432771,2283,2.1700577410426343,2.6342894258830722,0.9522901092741948,normalized_void>0.946305
nvt_scale,1.1,1.1,scale-1p1,W-potential/fcc-restart/01-nvt-round-1/md/scale-1p1/multi_nnap_md.xyz,2783,6.213650493,21.16813735,7.2430789,10.86543847,2284,2.2368342416132534,2.652155848585123,0.9587487836552648,normalized_void>0.946305
nvt_scale,1.1,1.1,scale-1p1,W-potential/fcc-restart/01-nvt-round-1/md/scale-1p1/multi_nnap_md.xyz,2784,5.820647638,21.16813735,6.245546582,11.67820964,2285,2.225804754231574,2.665273811070841,0.9634908996149764,normalized_void>0.946305
nvt_scale,1.1,1.1,scale-1p1,W-potential/fcc-restart/01-nvt-round-1/md/scale-1p1/multi_nnap_md.xyz,2785,8.649922435,21.16813735,7.204053048,11.28150885,2286,2.2260931971694236,2.681937268310253,0.9695147045012166,normalized_void>0.946305
nvt_scale,1.1,1.1,scale-1p1,W-potential/fcc-restart/01-nvt-round-1/md/scale-1p1/multi_nnap_md.xyz,2786,10.09770686,21.16813735,7.536978167,9.893568881,2287,2.228220623989813,2.687479126023185,0.971518074455625,normalized_void>0.946305
nvt_scale,1.1,1.1,scale-1p1,W-potential/fcc-restart/01-nvt-round-1/md/scale-1p1/multi_nnap_md.xyz,2787,6.914587135,21.16813735,5.554993767,9.726163342,2288,2.248030306660812,2.67878148938222,0.9683738970293062,normalized_void>0.946305
nvt_scale,1.1,1.1,scale-1p1,W-potential/fcc-restart/01-nvt-round-1/md/scale-1p1/multi_nnap_md.xyz,2788,8.993706851,21.16813735,7.204797077,8.527112114,2289,2.1779448875100864,2.660933957324582,0.96192205157662,normalized_void>0.946305
nvt_scale,1.1,1.1,scale-1p1,W-potential/fcc-restart/01-nvt-round-1/md/scale-1p1/multi_nnap_md.xyz,2789,9.281318821,21.16813735,7.304311796,7.581222167,2290,2.184703168336656,2.641654530620922,0.9549525792088609,normalized_void>0.946305
nvt_scale,1.1,1.1,scale-1p1,W-potential/fcc-restart/01-nvt-round-1/md/scale-1p1/multi_nnap_md.xyz,2790,5.381555504,21.16813735,5.436104275,7.432417394,2291,2.202090073022317,2.6432796517554293,0.95554005709476,normalized_void>0.946305
nvt_scale,1.1,1.1,scale-1p1,W-potential/fcc-restart/01-nvt-round-1/md/scale-1p1/multi_nnap_md.xyz,2791,12.08736642,21.16813735,9.727780188,9.20276836,2292,2.2138977877234463,2.647579858049375,0.9570945726621564,normalized_void>0.946305
nvt_scale,1.1,1.1,scale-1p1,W-potential/fcc-restart/01-nvt-round-1/md/scale-1p1/multi_nnap_md.xyz,2792,8.305330863,21.16813735,8.219635852,10.70013936,2293,2.2381894795009436,2.635006214756592,0.9525492269504773,normalized_void>0.946305
nvt_scale,1.1,1.1,scale-1p1,W-potential/fcc-restart/01-nvt-round-1/md/scale-1p1/multi_nnap_md.xyz,2793,5.259727555,21.16813735,5.049535377,10.45959885,2294,2.3011368916657706,2.624605413015762,0.9487893589082655,normalized_void>0.946305
nvt_scale,1.1,1.1,scale-1p1,W-potential/fcc-restart/01-nvt-round-1/md/scale-1p1/multi_nnap_md.xyz,2794,7.193288744,21.16813735,6.457962514,10.08687107,2295,2.25476363680747,2.6530360568746856,0.9590669771081238,normalized_void>0.946305
nvt_scale,1.1,1.1,scale-1p1,W-potential/fcc-restart/01-nvt-round-1/md/scale-1p1/multi_nnap_md.xyz,2795,14.46392827,21.16813735,8.767352887,8.766887128,2296,2.1946413941634133,2.698525994091126,0.9755114941217388,normalized_void>0.946305
nvt_scale,1.1,1.1,scale-1p1,W-potential/fcc-restart/01-nvt-round-1/md/scale-1p1/multi_nnap_md.xyz,2796,11.83233142,21.16813735,7.285224271,9.129420147,2297,2.2042034047038848,2.726675938515901,0.9856876400641481,normalized_void>0.946305
nvt_scale,1.1,1.1,scale-1p1,W-potential/fcc-restart/01-nvt-round-1/md/scale-1p1/multi_nnap_md.xyz,2797,8.562654298,21.16813735,6.758838522,8.949908584,2298,2.2014718178013846,2.7481618950472306,0.9934547683424774,normalized_void>0.946305
nvt_scale,1.1,1.1,scale-1p1,W-potential/fcc-restart/01-nvt-round-1/md/scale-1p1/multi_nnap_md.xyz,2798,6.49605105,21.16813735,6.361800942,10.48260541,2299,2.2264872884738045,2.7586656001010366,0.9972518357167731,normalized_void>0.946305
nvt_scale,1.1,1.1,scale-1p1,W-potential/fcc-restart/01-nvt-round-1/md/scale-1p1/multi_nnap_md.xyz,2799,5.491667653,21.16813735,5.987470718,11.16817535,2300,2.2526822224515457,2.743090377339744,0.9916214253147918,normalized_void>0.946305
nvt_scale,1.1,1.1,scale-1p1,W-potential/fcc-restart/01-nvt-round-1/md/scale-1p1/multi_nnap_md.xyz,2800,5.000603112,21.16813735,7.02356948,11.77574066,2301,2.1639825678202995,2.705770110484777,0.9781302270234178,normalized_void>0.946305
nvt_scale,1.1,1.1,scale-1p1,W-potential/fcc-restart/01-nvt-round-1/md/scale-1p1/multi_nnap_md.xyz,2801,4.386228448,21.16813735,6.488763601,10.50135089,2302,2.1859066324142336,2.6811184822943783,0.9692187150716314,normalized_void>0.946305
nvt_scale,1.1,1.1,scale-1p1,W-potential/fcc-restart/01-nvt-round-1/md/scale-1p1/multi_nnap_md.xyz,2802,3.846398985,21.16813735,4.96359345,9.339407902,2303,2.2638154141080444,2.653822036035555,0.9593511069283468,normalized_void>0.946305
nvt_scale,1.1,1.1,scale-1p1,W-potential/fcc-restart/01-nvt-round-1/md/scale-1p1/multi_nnap_md.xyz,2925,9.981243337,21.16813735,6.968597254,9.31245196,2426,2.2674999662498854,2.624510791359074,0.9487551533775818,normalized_void>0.946305
nvt_scale,1.1,1.1,scale-1p1,W-potential/fcc-restart/01-nvt-round-1/md/scale-1p1/multi_nnap_md.xyz,2926,11.37613034,21.16813735,9.130061479,11.31686122,2427,2.2167227213028133,2.621641831436602,0.9477180303753671,normalized_void>0.946305
nvt_scale,1.1,1.1,scale-1p1,W-potential/fcc-restart/01-nvt-round-1/md/scale-1p1/multi_nnap_md.xyz,2927,8.85475932,21.16813735,6.584586356,12.91959983,2428,2.2468462988801385,2.6436904634002993,0.955688564643832,normalized_void>0.946305
nvt_scale,1.1,1.1,scale-1p1,W-potential/fcc-restart/01-nvt-round-1/md/scale-1p1/multi_nnap_md.xyz,2928,7.423532217,21.16813735,7.711079871,13.57338267,2429,2.233463166411494,2.625902309509702,0.9492581842741485,normalized_void>0.946305
nvt_scale,1.1,1.1,scale-1p1,W-potential/fcc-restart/01-nvt-round-1/md/scale-1p1/multi_nnap_md.xyz,2929,8.389782744,21.16813735,8.162149024,11.58214648,2430,2.2326794038371593,2.619168178097845,0.9468238098750963,normalized_void>0.946305
nvt_scale,1.1,1.1,scale-1p1,W-potential/fcc-restart/01-nvt-round-1/md/scale-1p1/multi_nnap_md.xyz,2933,6.848443247,21.16813735,5.576377628,10.52661825,2434,2.2944040464977133,2.628721953909379,0.9502774798181767,normalized_void>0.946305
nvt_scale,1.1,1.1,scale-1p1,W-potential/fcc-restart/01-nvt-round-1/md/scale-1p1/multi_nnap_md.xyz,2934,5.468405189,21.16813735,5.141906919,12.43728809,2435,2.2885065150755133,2.6319430073318535,0.9514418838830937,normalized_void>0.946305
nvt_scale,1.1,1.1,scale-1p1,W-potential/fcc-restart/01-nvt-round-1/md/scale-1p1/multi_nnap_md.xyz,2935,5.354498603,21.16813735,5.5401677,13.84859169,2436,2.307086182353146,2.650294762864011,0.9580760050655954,normalized_void>0.946305
nvt_scale,1.1,1.1,scale-1p1,W-potential/fcc-restart/01-nvt-round-1/md/scale-1p1/multi_nnap_md.xyz,2936,5.204547938,21.16813735,5.263022678,14.3735973,2437,2.296494428159933,2.685736670965493,0.9708881806022802,normalized_void>0.946305
nvt_scale,1.1,1.1,scale-1p1,W-potential/fcc-restart/01-nvt-round-1/md/scale-1p1/multi_nnap_md.xyz,2937,4.851505859,21.16813735,3.974760935,11.55348764,2438,2.2956313777635433,2.709766120998843,0.9795747764536024,normalized_void>0.946305
nvt_scale,1.1,1.1,scale-1p1,W-potential/fcc-restart/01-nvt-round-1/md/scale-1p1/multi_nnap_md.xyz,2938,4.371285323,21.16813735,5.177579263,11.38111516,2439,2.2985720991959475,2.7210174768693065,0.9836421180319769,normalized_void>0.946305
nvt_scale,1.1,1.1,scale-1p1,W-potential/fcc-restart/01-nvt-round-1/md/scale-1p1/multi_nnap_md.xyz,2939,4.60151772,21.16813735,5.629215959,12.04850068,2440,2.292389824760042,2.715625637536477,0.9816929794077243,normalized_void>0.946305
nvt_scale,1.1,1.1,scale-1p1,W-potential/fcc-restart/01-nvt-round-1/md/scale-1p1/multi_nnap_md.xyz,2940,4.257860551,21.16813735,5.222827908,10.9075859,2441,2.2538712883256147,2.711430897345549,0.9801765896156434,normalized_void>0.946305
nvt_scale,1.1,1.1,scale-1p1,W-potential/fcc-restart/01-nvt-round-1/md/scale-1p1/multi_nnap_md.xyz,2941,8.565553274,21.16813735,8.011362055,8.14908252,2442,2.153496662376126,2.6944891670090025,0.974052189587702,normalized_void>0.946305
nvt_scale,1.1,1.1,scale-1p1,W-potential/fcc-restart/01-nvt-round-1/md/scale-1p1/multi_nnap_md.xyz,2942,9.861373861,21.16813735,8.316266469,6.820571291,2443,2.138618462431458,2.6705810647717305,0.9654094607104685,normalized_void>0.946305
nvt_scale,1.1,1.1,scale-1p1,W-potential/fcc-restart/01-nvt-round-1/md/scale-1p1/multi_nnap_md.xyz,2943,7.326914024,21.16813735,6.634777532,7.58125796,2444,2.1728115325792965,2.6469936402618464,0.9568826561599455,normalized_void>0.946305
nvt_scale,1.1,1.1,scale-1p1,W-potential/fcc-restart/01-nvt-round-1/md/scale-1p1/multi_nnap_md.xyz,2944,3.892088183,21.16813735,4.974716828,8.831164792,2445,2.267796107522366,2.6272643413765167,0.9497505559408833,normalized_void>0.946305
nvt_scale,1.1,1.1,scale-1p1,W-potential/fcc-restart/01-nvt-round-1/md/scale-1p1/multi_nnap_md.xyz,2948,4.912887553,21.16813735,4.740319082,8.394076842,2449,2.2562969449878585,2.663277034770486,0.9627690691651487,normalized_void>0.946305
nvt_scale,1.1,1.1,scale-1p1,W-potential/fcc-restart/01-nvt-round-1/md/scale-1p1/multi_nnap_md.xyz,2949,8.962327121,21.16813735,7.514122631,10.41419243,2450,2.1849020808730955,2.7135567002609005,0.9809450629165134,normalized_void>0.946305
nvt_scale,1.1,1.1,scale-1p1,W-potential/fcc-restart/01-nvt-round-1/md/scale-1p1/multi_nnap_md.xyz,2950,9.208497258,21.16813735,7.666426414,11.81628511,2451,2.1861951338416405,2.743094754633212,0.9916230076972112,normalized_void>0.946305
nvt_scale,1.1,1.1,scale-1p1,W-potential/fcc-restart/01-nvt-round-1/md/scale-1p1/multi_nnap_md.xyz,2951,11.33421264,21.16813735,8.408136363,13.5315502,2452,2.148858645724866,2.7488989434135442,0.9937212097829664,normalized_void>0.946305
nvt_scale,1.1,1.1,scale-1p1,W-potential/fcc-restart/01-nvt-round-1/md/scale-1p1/multi_nnap_md.xyz,2952,12.72459995,21.16813735,9.146751277,13.86302692,2453,2.1442090392077735,2.73233194091137,0.9877322730821888,normalized_void>0.946305
nvt_scale,1.1,1.1,scale-1p1,W-potential/fcc-restart/01-nvt-round-1/md/scale-1p1/multi_nnap_md.xyz,2953,12.68954045,21.16813735,9.186797205,12.15636451,2454,2.160384599137975,2.7095828154321104,0.9795085118752082,normalized_void>0.946305
nvt_scale,1.1,1.1,scale-1p1,W-potential/fcc-restart/01-nvt-round-1/md/scale-1p1/multi_nnap_md.xyz,2954,8.720649084,21.16813735,7.253027285,10.66518559,2455,2.204404714232628,2.6930835756208156,0.9735440712452376,normalized_void>0.946305
nvt_scale,1.1,1.1,scale-1p1,W-potential/fcc-restart/01-nvt-round-1/md/scale-1p1/multi_nnap_md.xyz,2955,6.929064553,21.16813735,5.260425622,10.42310854,2456,2.2638749213325036,2.6925587423793638,0.9733543451278481,normalized_void>0.946305
nvt_scale,1.1,1.1,scale-1p1,W-potential/fcc-restart/01-nvt-round-1/md/scale-1p1/multi_nnap_md.xyz,2956,6.977894358,21.16813735,6.659193564,10.59471281,2457,2.2888168875411634,2.7004847920346116,0.9762195954751133,normalized_void>0.946305
nvt_scale,1.1,1.1,scale-1p1,W-potential/fcc-restart/01-nvt-round-1/md/scale-1p1/multi_nnap_md.xyz,2957,8.028932599,21.16813735,8.022858878,12.52568633,2458,2.282250993889453,2.730731299189645,0.9871536444527325,normalized_void>0.946305
nvt_scale,1.1,1.1,scale-1p1,W-potential/fcc-restart/01-nvt-round-1/md/scale-1p1/multi_nnap_md.xyz,2958,6.240372792,21.16813735,9.728474678,12.30364718,2459,2.2179801371358754,2.769549086487934,1.0011861932474337,normalized_void>0.946305
nvt_scale,1.1,1.1,scale-1p1,W-potential/fcc-restart/01-nvt-round-1/md/scale-1p1/multi_nnap_md.xyz,2959,5.844959981,21.16813735,9.317093534,11.82541233,2460,2.193046013772346,2.808420356218806,1.0152380758294814,normalized_void>0.946305
nvt_scale,1.1,1.1,scale-1p1,W-potential/fcc-restart/01-nvt-round-1/md/scale-1p1/multi_nnap_md.xyz,2960,8.716202676,21.16813735,8.681044299,11.2202169,2461,2.2008000162873134,2.8144915699720148,1.0174328068835805,normalized_void>0.946305
nvt_scale,1.1,1.1,scale-1p1,W-potential/fcc-restart/01-nvt-round-1/md/scale-1p1/multi_nnap_md.xyz,2961,10.31803817,21.16813735,9.133294347,9.490309803,2462,2.1781184609082755,2.807441003326471,1.0148840418104035,normalized_void>0.946305
nvt_scale,1.1,1.1,scale-1p1,W-potential/fcc-restart/01-nvt-round-1/md/scale-1p1/multi_nnap_md.xyz,2962,4.49231552,21.16813735,5.292248563,8.976656154,2463,2.256349911372715,2.7823310189147175,1.00580683504474,normalized_void>0.946305
nvt_scale,1.1,1.1,scale-1p1,W-potential/fcc-restart/01-nvt-round-1/md/scale-1p1/multi_nnap_md.xyz,2963,4.09092213,21.16813735,4.934777635,8.330316607,2464,2.2662003456552715,2.739717056908325,0.9904019770451029,normalized_void>0.946305
nvt_scale,1.1,1.1,scale-1p1,W-potential/fcc-restart/01-nvt-round-1/md/scale-1p1/multi_nnap_md.xyz,2964,7.241214468,21.16813735,7.056248336,8.050104968,2465,2.2083469601823613,2.7055543473713617,0.9780522291098883,normalized_void>0.946305
nvt_scale,1.1,1.1,scale-1p1,W-potential/fcc-restart/01-nvt-round-1/md/scale-1p1/multi_nnap_md.xyz,2965,3.965325238,21.16813735,5.049631411,8.12119343,2466,2.253956901399534,2.699154432221912,0.9757386731895961,normalized_void>0.946305
nvt_scale,1.1,1.1,scale-1p1,W-potential/fcc-restart/01-nvt-round-1/md/scale-1p1/multi_nnap_md.xyz,2966,4.669331355,21.16813735,6.087618241,8.865499636,2467,2.227577134560268,2.6617136685912337,0.9622039155662131,normalized_void>0.946305
nvt_scale,1.1,1.1,scale-1p1,W-potential/fcc-restart/01-nvt-round-1/md/scale-1p1/multi_nnap_md.xyz,2980,9.084116526,21.16813735,9.32966556,11.04495176,2481,2.209906368852226,2.6253319698830326,0.9490520076938276,normalized_void>0.946305
nvt_scale,1.1,1.1,scale-1p1,W-potential/fcc-restart/01-nvt-round-1/md/scale-1p1/multi_nnap_md.xyz,2981,11.2971242,21.16813735,9.80681507,9.528932701,2482,2.1673645308273,2.655619912404887,0.9600010354697556,normalized_void>0.946305
nvt_scale,1.1,1.1,scale-1p1,W-potential/fcc-restart/01-nvt-round-1/md/scale-1p1/multi_nnap_md.xyz,2982,8.801166112,21.16813735,10.08367726,9.651892201,2483,2.139291200242621,2.647129801018594,0.9569318779882869,normalized_void>0.946305
nvt_scale,1.1,1.1,scale-1p1,W-potential/fcc-restart/01-nvt-round-1/md/scale-1p1/multi_nnap_md.xyz,2983,6.289063605,21.16813735,7.98693396,10.23619687,2484,2.1749104234611303,2.6188253603007476,0.9466998819595637,normalized_void>0.946305
nvt_scale,1.1,1.1,scale-1p1,W-potential/fcc-restart/01-nvt-round-1/md/scale-1p1/multi_nnap_md.xyz,2990,5.076005438,21.16813735,5.388129905,10.01965106,2491,2.2830195685585446,2.618222124091267,0.9464818133334666,normalized_void>0.946305
nvt_scale,1.1,1.1,scale-1p1,W-potential/fcc-restart/01-nvt-round-1/md/scale-1p1/multi_nnap_md.xyz,2991,5.73315416,21.16813735,5.264531779,10.30828503,2492,2.2199814896682604,2.6542567313106464,0.9595082483597137,normalized_void>0.946305
nvt_scale,1.1,1.1,scale-1p1,W-potential/fcc-restart/01-nvt-round-1/md/scale-1p1/multi_nnap_md.xyz,2992,4.993718033,21.16813735,4.963758472,11.02529956,2493,2.2574125165857244,2.6825430095758467,0.969733678699851,normalized_void>0.946305
nvt_scale,1.1,1.1,scale-1p1,W-potential/fcc-restart/01-nvt-round-1/md/scale-1p1/multi_nnap_md.xyz,2993,4.993370386,21.16813735,5.077668798,10.51257862,2494,2.24121515455458,2.6809096984583176,0.9691432401522457,normalized_void>0.946305
nvt_scale,1.1,1.1,scale-1p1,W-potential/fcc-restart/01-nvt-round-1/md/scale-1p1/multi_nnap_md.xyz,2994,5.464194464,21.16813735,4.920602314,9.023020384,2495,2.235422907327021,2.676370448948818,0.9675023109631627,normalized_void>0.946305
nvt_scale,1.1,1.1,scale-1p1,W-potential/fcc-restart/01-nvt-round-1/md/scale-1p1/multi_nnap_md.xyz,2995,4.955530022,21.16813735,4.282269968,7.269302806,2496,2.2587529211844157,2.6725460507692866,0.9661197990324272,normalized_void>0.946305
nvt_scale,1.1,1.1,scale-1p1,W-potential/fcc-restart/01-nvt-round-1/md/scale-1p1/multi_nnap_md.xyz,2996,4.865021403,21.16813735,4.970656747,8.293323305,2497,2.2977507887409505,2.6698167598963924,0.9651331660990629,normalized_void>0.946305
nvt_scale,1.1,1.1,scale-1p1,W-potential/fcc-restart/01-nvt-round-1/md/scale-1p1/multi_nnap_md.xyz,2997,4.889467259,21.16813735,5.644447166,8.966811952,2498,2.358382526439772,2.688100351221726,0.971742646063585,normalized_void>0.946305
nvt_scale,1.1,1.1,scale-1p1,W-potential/fcc-restart/01-nvt-round-1/md/scale-1p1/multi_nnap_md.xyz,2998,4.749747365,21.16813735,5.920292427,9.700261058,2499,2.37330691028257,2.6995564122464377,0.9758839881264137,normalized_void>0.946305
nvt_scale,1.1,1.1,scale-1p1,W-potential/fcc-restart/01-nvt-round-1/md/scale-1p1/multi_nnap_md.xyz,2999,4.648731359,21.16813735,5.344577936,9.302261092,2500,2.2856486429124008,2.6967356346265587,0.9748642829256565,normalized_void>0.946305
nvt_scale,1.1,1.1,scale-1p1,W-potential/fcc-restart/01-nvt-round-1/md/scale-1p1/multi_nnap_md.xyz,3000,4.370263989,21.16813735,5.020515287,11.24878001,2501,2.2447723643930217,2.700310083747264,0.9761564387952076,normalized_void>0.946305
nvt_scale,1.1,1.1,scale-1p1,W-potential/fcc-restart/01-nvt-round-1/md/scale-1p1/multi_nnap_md.xyz,3001,4.518566889,21.16813735,5.532586844,12.31379829,2502,2.238232740262927,2.695365810705953,0.9743690944477986,normalized_void>0.946305
nvt_scale,1.1,1.1,scale-1p1,W-potential/fcc-restart/01-nvt-round-1/md/scale-1p1/multi_nnap_md.xyz,3002,4.400984687,21.16813735,5.167201123,10.08507169,2503,2.2463631059062377,2.6930020390314944,0.9735145959389968,normalized_void>0.946305
nvt_scale,1.1,1.1,scale-1p1,W-potential/fcc-restart/01-nvt-round-1/md/scale-1p1/multi_nnap_md.xyz,3003,4.006019037,21.16813735,5.76868662,10.34470666,2504,2.319858091415319,2.6932737962350854,0.9736128355988312,normalized_void>0.946305
nvt_scale,1.1,1.1,scale-1p1,W-potential/fcc-restart/01-nvt-round-1/md/scale-1p1/multi_nnap_md.xyz,3004,4.06989646,21.16813735,6.085516271,10.17953875,2505,2.4033684785895177,2.7079907174063345,0.9789329717739405,normalized_void>0.946305
nvt_scale,1.1,1.1,scale-1p1,W-potential/fcc-restart/01-nvt-round-1/md/scale-1p1/multi_nnap_md.xyz,3005,4.036125066,21.16813735,6.114883467,10.35427105,2506,2.373956826386728,2.7272699482301284,0.9859023733315383,normalized_void>0.946305
nvt_scale,1.1,1.1,scale-1p1,W-potential/fcc-restart/01-nvt-round-1/md/scale-1p1/multi_nnap_md.xyz,3006,4.707081963,21.16813735,6.087749787,9.213221167,2507,2.3454256344957876,2.712919599214406,0.9807147522227742,normalized_void>0.946305
nvt_scale,1.1,1.1,scale-1p1,W-potential/fcc-restart/01-nvt-round-1/md/scale-1p1/multi_nnap_md.xyz,3007,4.821003244,21.16813735,5.29230603,8.113481209,2508,2.326368476905352,2.6980031953572756,0.9753225034745855,normalized_void>0.946305
nvt_scale,1.1,1.1,scale-1p1,W-potential/fcc-restart/01-nvt-round-1/md/scale-1p1/multi_nnap_md.xyz,3008,5.380041055,21.16813735,5.444353593,8.446004551,2509,2.2569225814557594,2.684273278459057,0.9703591672766476,normalized_void>0.946305
nvt_scale,1.1,1.1,scale-1p1,W-potential/fcc-restart/01-nvt-round-1/md/scale-1p1/multi_nnap_md.xyz,3009,4.838957125,21.16813735,4.493760804,7.577534077,2510,2.278146143343711,2.6701753455495787,0.9652627940615417,normalized_void>0.946305
nvt_scale,1.1,1.1,scale-1p1,W-potential/fcc-restart/01-nvt-round-1/md/scale-1p1/multi_nnap_md.xyz,3010,4.063706739,21.16813735,3.708772508,8.622720097,2511,2.300700172475491,2.6390818616060856,0.9540225647491006,normalized_void>0.946305
nvt_scale,1.1,1.1,scale-1p1,W-potential/fcc-restart/01-nvt-round-1/md/scale-1p1/multi_nnap_md.xyz,3011,5.31436713,21.16813735,4.202704756,7.915044507,2512,2.248652317249464,2.6205259007013826,0.9473146237521832,normalized_void>0.946305
nvt_scale,1.1,1.1,scale-1p1,W-potential/fcc-restart/01-nvt-round-1/md/scale-1p1/multi_nnap_md.xyz,3012,5.808587288,21.16813735,4.046340247,8.013137626,2513,2.204642037725534,2.631134251985079,0.9511495205193764,normalized_void>0.946305
nvt_scale,1.1,1.1,scale-1p1,W-potential/fcc-restart/01-nvt-round-1/md/scale-1p1/multi_nnap_md.xyz,3013,7.007961896,21.16813735,5.127388503,11.51404072,2514,2.155546231406424,2.6347948925683653,0.952472834422101,normalized_void>0.946305
nvt_scale,1.1,1.1,scale-1p1,W-potential/fcc-restart/01-nvt-round-1/md/scale-1p1/multi_nnap_md.xyz,3014,6.990135393,21.16813735,5.213370533,12.5584542,2515,2.1645767343424342,2.639693706244028,0.9542437453040542,normalized_void>0.946305
nvt_scale,1.1,1.1,scale-1p1,W-potential/fcc-restart/01-nvt-round-1/md/scale-1p1/multi_nnap_md.xyz,3015,9.265267626,21.16813735,6.026121296,12.68125474,2516,2.207335104315789,2.6359265398406775,0.9528819225405216,normalized_void>0.946305
nvt_scale,1.1,1.1,scale-1p1,W-potential/fcc-restart/01-nvt-round-1/md/scale-1p1/multi_nnap_md.xyz,3016,10.18138973,21.16813735,6.953555515,11.56325552,2517,2.1913706281169985,2.6309615546144527,0.9510870907816531,normalized_void>0.946305
nvt_scale,1.1,1.1,scale-1p1,W-potential/fcc-restart/01-nvt-round-1/md/scale-1p1/multi_nnap_md.xyz,3017,9.459952525,21.16813735,7.279311148,9.558991753,2518,2.171390261988165,2.6341707518336497,0.9522472088539211,normalized_void>0.946305
nvt_scale,1.1,1.1,scale-1p1,W-potential/fcc-restart/01-nvt-round-1/md/scale-1p1/multi_nnap_md.xyz,3018,6.41798321,21.16813735,5.993780699,9.529365231,2519,2.215621511627007,2.6471566747914896,0.9569415928008947,normalized_void>0.946305
nvt_scale,1.1,1.1,scale-1p1,W-potential/fcc-restart/01-nvt-round-1/md/scale-1p1/multi_nnap_md.xyz,3019,5.082396288,21.16813735,5.506015238,8.92433244,2520,2.2813325761267316,2.6520095456335366,0.9586958954447348,normalized_void>0.946305
nvt_scale,1.1,1.1,scale-1p1,W-potential/fcc-restart/01-nvt-round-1/md/scale-1p1/multi_nnap_md.xyz,3020,4.663528823,21.16813735,4.794732512,7.507708376,2521,2.26401150492003,2.650197986688293,0.9580410206807957,normalized_void>0.946305
nvt_scale,1.1,1.1,scale-1p1,W-potential/fcc-restart/01-nvt-round-1/md/scale-1p1/multi_nnap_md.xyz,3021,4.0405208,21.16813735,5.113758364,6.219545515,2522,2.2967153363063946,2.6478194712724354,0.9571811923403625,normalized_void>0.946305
nvt_scale,1.1,1.1,scale-1p1,W-potential/fcc-restart/01-nvt-round-1/md/scale-1p1/multi_nnap_md.xyz,3022,3.749456389,21.16813735,5.106162425,5.055406552,2523,2.3523630928278836,2.6705882340205793,0.9654120523789096,normalized_void>0.946305
nvt_scale,1.1,1.1,scale-1p1,W-potential/fcc-restart/01-nvt-round-1/md/scale-1p1/multi_nnap_md.xyz,3023,4.458036637,21.16813735,5.533598098,6.800750466,2524,2.303467149073612,2.6867808865867224,0.9712656623619821,normalized_void>0.946305
nvt_scale,1.1,1.1,scale-1p1,W-potential/fcc-restart/01-nvt-round-1/md/scale-1p1/multi_nnap_md.xyz,3024,5.054501751,21.16813735,5.679928192,8.868578083,2525,2.2865497150109464,2.6782081066186194,0.9681666203613591,normalized_void>0.946305
nvt_scale,1.1,1.1,scale-1p1,W-potential/fcc-restart/01-nvt-round-1/md/scale-1p1/multi_nnap_md.xyz,3025,4.329671007,21.16813735,4.634734307,8.447800277,2526,2.3088675873468003,2.67891241375434,0.9684212259155736,normalized_void>0.946305
nvt_scale,1.1,1.1,scale-1p1,W-potential/fcc-restart/01-nvt-round-1/md/scale-1p1/multi_nnap_md.xyz,3026,3.72724871,21.16813735,4.176412273,7.119422289,2527,2.359073322407048,2.6615305864670997,0.9621377317618504,normalized_void>0.946305
nvt_scale,1.1,1.1,scale-1p1,W-potential/fcc-restart/01-nvt-round-1/md/scale-1p1/multi_nnap_md.xyz,3027,3.999597384,21.16813735,4.457069241,8.565725274,2528,2.2853811551749916,2.6411249769248735,0.9547611466570229,normalized_void>0.946305
nvt_scale,1.1,1.1,scale-1p1,W-potential/fcc-restart/01-nvt-round-1/md/scale-1p1/multi_nnap_md.xyz,3028,4.677582869,21.16813735,6.055216582,12.27425438,2529,2.2045097557140982,2.639401197044129,0.9541380038410249,normalized_void>0.946305
nvt_scale,1.1,1.1,scale-1p1,W-potential/fcc-restart/01-nvt-round-1/md/scale-1p1/multi_nnap_md.xyz,3029,5.037719565,21.16813735,6.50423427,14.16974834,2530,2.1884400040253142,2.628744464581555,0.9502856173790141,normalized_void>0.946305
nvt_scale,1.1,1.1,scale-1p1,W-potential/fcc-restart/01-nvt-round-1/md/scale-1p1/multi_nnap_md.xyz,3035,10.88286678,21.16813735,7.488890199,10.19743538,2536,2.186096046788423,2.6259140361292146,0.949262423422538,normalized_void>0.946305
nvt_scale,1.1,1.1,scale-1p1,W-potential/fcc-restart/01-nvt-round-1/md/scale-1p1/multi_nnap_md.xyz,3036,12.47041577,21.16813735,10.26082085,11.20764378,2537,2.142615778495916,2.6279319290446113,0.949991887484469,normalized_void>0.946305
nvt_scale,1.1,1.1,scale-1p1,W-potential/fcc-restart/01-nvt-round-1/md/scale-1p1/multi_nnap_md.xyz,3037,6.670662107,21.16813735,7.736526398,11.38418526,2538,2.1869252642555024,2.625022125151175,0.9489399994723089,normalized_void>0.946305
nvt_scale,1.1,1.1,scale-1p1,W-potential/fcc-restart/01-nvt-round-1/md/scale-1p1/multi_nnap_md.xyz,3038,4.324198568,21.16813735,6.572085809,10.67260107,2539,2.2455662171259836,2.619609551045163,0.9469833652709848,normalized_void>0.946305
nvt_scale,1.1,1.1,scale-1p1,W-potential/fcc-restart/01-nvt-round-1/md/scale-1p1/multi_nnap_md.xyz,3128,12.14015871,21.16813735,7.222171997,6.654205063,2629,2.237998355867093,2.635938015281791,0.9528860708884459,normalized_void>0.946305
nvt_scale,1.1,1.1,scale-1p1,W-potential/fcc-restart/01-nvt-round-1/md/scale-1p1/multi_nnap_md.xyz,3129,6.476566919,21.16813735,5.35699545,6.839239926,2630,2.2680681328007783,2.6589435316001,0.9612025168466678,normalized_void>0.946305
nvt_scale,1.1,1.1,scale-1p1,W-potential/fcc-restart/01-nvt-round-1/md/scale-1p1/multi_nnap_md.xyz,3130,6.105691803,21.16813735,4.878591374,6.957579873,2631,2.2589094704682973,2.6703854711788533,0.9653387540363635,normalized_void>0.946305
nvt_scale,1.1,1.1,scale-1p1,W-potential/fcc-restart/01-nvt-round-1/md/scale-1p1/multi_nnap_md.xyz,3131,5.473196222,21.16813735,4.588156212,8.559017147,2632,2.2589684498643354,2.67312007365224,0.9663273071021792,normalized_void>0.946305
nvt_scale,1.1,1.1,scale-1p1,W-potential/fcc-restart/01-nvt-round-1/md/scale-1p1/multi_nnap_md.xyz,3132,4.312755183,21.16813735,4.031260708,11.03932297,2633,2.306696973392595,2.685124582420077,0.970666911875286,normalized_void>0.946305
nvt_scale,1.1,1.1,scale-1p1,W-potential/fcc-restart/01-nvt-round-1/md/scale-1p1/multi_nnap_md.xyz,3133,5.119743349,21.16813735,4.441533621,10.59443174,2634,2.3264892652639313,2.6964809939215573,0.9747722308442075,normalized_void>0.946305
nvt_scale,1.1,1.1,scale-1p1,W-potential/fcc-restart/01-nvt-round-1/md/scale-1p1/multi_nnap_md.xyz,3134,6.193899877,21.16813735,6.544714017,9.673452176,2635,2.270382587498164,2.7001636204245583,0.9761034926108538,normalized_void>0.946305
nvt_scale,1.1,1.1,scale-1p1,W-potential/fcc-restart/01-nvt-round-1/md/scale-1p1/multi_nnap_md.xyz,3135,10.71533417,21.16813735,10.25538772,12.15749364,2636,2.2129552144112736,2.7004373315222203,0.9762024385993019,normalized_void>0.946305
nvt_scale,1.1,1.1,scale-1p1,W-potential/fcc-restart/01-nvt-round-1/md/scale-1p1/multi_nnap_md.xyz,3136,9.104345838,21.16813735,8.287762546,12.58061056,2637,2.244705365315693,2.7030803797328233,0.9771578949909049,normalized_void>0.946305
nvt_scale,1.1,1.1,scale-1p1,W-potential/fcc-restart/01-nvt-round-1/md/scale-1p1/multi_nnap_md.xyz,3137,6.451875553,21.16813735,4.893921746,9.451545577,2638,2.2829944503376427,2.7067668433691243,0.9784905438732013,normalized_void>0.946305
nvt_scale,1.1,1.1,scale-1p1,W-potential/fcc-restart/01-nvt-round-1/md/scale-1p1/multi_nnap_md.xyz,3138,9.550249239,21.16813735,6.098251355,9.778391371,2639,2.191104417449059,2.7354679997266924,0.988865951774663,normalized_void>0.946305
nvt_scale,1.1,1.1,scale-1p1,W-potential/fcc-restart/01-nvt-round-1/md/scale-1p1/multi_nnap_md.xyz,3139,13.77209917,21.16813735,9.17973643,10.29523463,2640,2.1480152790741753,2.7795384045870892,1.0047973108151362,normalized_void>0.946305
nvt_scale,1.1,1.1,scale-1p1,W-potential/fcc-restart/01-nvt-round-1/md/scale-1p1/multi_nnap_md.xyz,3140,5.917179609,21.16813735,5.478425791,8.009035957,2641,2.2064240883082507,2.7913638357892876,1.0090721794233874,normalized_void>0.946305
nvt_scale,1.1,1.1,scale-1p1,W-potential/fcc-restart/01-nvt-round-1/md/scale-1p1/multi_nnap_md.xyz,3141,5.414585593,21.16813735,5.124155093,7.208015892,2642,2.2331941055643916,2.771774482666488,1.0019906693043283,normalized_void>0.946305
nvt_scale,1.1,1.1,scale-1p1,W-potential/fcc-restart/01-nvt-round-1/md/scale-1p1/multi_nnap_md.xyz,3142,6.283823844,21.16813735,4.810971295,7.54729434,2643,2.219576423344802,2.7319699641326616,0.9876014192349373,normalized_void>0.946305
nvt_scale,1.1,1.1,scale-1p1,W-potential/fcc-restart/01-nvt-round-1/md/scale-1p1/multi_nnap_md.xyz,3143,7.732059094,21.16813735,5.275738446,7.324188326,2644,2.2538378116081366,2.6867497573879917,0.9712544092218489,normalized_void>0.946305
nvt_scale,1.1,1.1,scale-1p1,W-potential/fcc-restart/01-nvt-round-1/md/scale-1p1/multi_nnap_md.xyz,3144,7.803074608,21.16813735,6.044717278,7.454077345,2645,2.2500296599806315,2.644158335976386,0.9558576996000103,normalized_void>0.946305
nvt_scale,1.1,1.1,scale-1p1,W-potential/fcc-restart/01-nvt-round-1/md/scale-1p1/multi_nnap_md.xyz,3222,4.765713058,21.16813735,5.712167735,10.31508989,2723,2.2966962347124675,2.6351686309223576,0.95260794005418,normalized_void>0.946305
nvt_scale,1.1,1.1,scale-1p1,W-potential/fcc-restart/01-nvt-round-1/md/scale-1p1/multi_nnap_md.xyz,3223,4.932802878,21.16813735,5.803407204,8.996862704,2724,2.2784170422168444,2.684205623219449,0.9703347100492503,normalized_void>0.946305
nvt_scale,1.1,1.1,scale-1p1,W-potential/fcc-restart/01-nvt-round-1/md/scale-1p1/multi_nnap_md.xyz,3224,5.390491399,21.16813735,5.904696698,7.600702525,2725,2.268715567887824,2.728700264603786,0.9864194297044577,normalized_void>0.946305
nvt_scale,1.1,1.1,scale-1p1,W-potential/fcc-restart/01-nvt-round-1/md/scale-1p1/multi_nnap_md.xyz,3225,5.336428193,21.16813735,5.672526244,6.92146549,2726,2.3242748132294753,2.7272170965649556,0.9858832675652894,normalized_void>0.946305
nvt_scale,1.1,1.1,scale-1p1,W-potential/fcc-restart/01-nvt-round-1/md/scale-1p1/multi_nnap_md.xyz,3226,4.46729826,21.16813735,4.792074874,7.616825762,2727,2.3397740376450433,2.706725578115899,0.9784756265706008,normalized_void>0.946305
nvt_scale,1.1,1.1,scale-1p1,W-potential/fcc-restart/01-nvt-round-1/md/scale-1p1/multi_nnap_md.xyz,3227,8.627927685,21.16813735,7.850716386,8.024225676,2728,2.198843217722152,2.672959642593842,0.9662693116106316,normalized_void>0.946305
nvt_scale,1.1,1.1,scale-1p1,W-potential/fcc-restart/01-nvt-round-1/md/scale-1p1/multi_nnap_md.xyz,3228,14.51972045,21.16813735,11.26149286,10.62998631,2729,2.143146127928325,2.6406749148966693,0.9545984501765954,normalized_void>0.946305
nvt_scale,1.1,1.1,scale-1p1,W-potential/fcc-restart/01-nvt-round-1/md/scale-1p1/multi_nnap_md.xyz,3262,12.3399214,21.16813735,10.37219866,12.32549036,2763,2.1387670898549467,2.6439167626133004,0.9557703713352912,normalized_void>0.946305
nvt_scale,1.1,1.1,scale-1p1,W-potential/fcc-restart/01-nvt-round-1/md/scale-1p1/multi_nnap_md.xyz,3263,9.671745057,21.16813735,10.58851056,12.58700056,2764,2.128237428581087,2.657746073502898,0.9607696382529067,normalized_void>0.946305
nvt_scale,1.1,1.1,scale-1p1,W-potential/fcc-restart/01-nvt-round-1/md/scale-1p1/multi_nnap_md.xyz,3264,5.050072536,21.16813735,6.320599869,13.37662883,2765,2.2469295596333603,2.637741592520927,0.953538060282347,normalized_void>0.946305
nvt_scale,1.1,1.1,scale-1p1,W-potential/fcc-restart/01-nvt-round-1/md/scale-1p1/multi_nnap_md.xyz,3292,4.696864607,21.16813735,5.232861916,12.99959659,2793,2.2645849159423417,2.63082507326603,0.9510377530600929,normalized_void>0.946305
nvt_scale,1.1,1.1,scale-1p1,W-potential/fcc-restart/01-nvt-round-1/md/scale-1p1/multi_nnap_md.xyz,3293,5.520533897,21.16813735,4.858091029,11.80231058,2794,2.2690102911791885,2.6975166589765123,0.9751466215921125,normalized_void>0.946305
nvt_scale,1.1,1.1,scale-1p1,W-potential/fcc-restart/01-nvt-round-1/md/scale-1p1/multi_nnap_md.xyz,3294,6.276337075,21.16813735,4.876474688,9.713402795,2795,2.2312137218679404,2.719546627393766,0.9831104090276336,normalized_void>0.946305
nvt_scale,1.1,1.1,scale-1p1,W-potential/fcc-restart/01-nvt-round-1/md/scale-1p1/multi_nnap_md.xyz,3295,5.277164595,21.16813735,4.644567213,9.79325568,2796,2.256774326426099,2.719573663818128,0.9831201826384058,normalized_void>0.946305
nvt_scale,1.1,1.1,scale-1p1,W-potential/fcc-restart/01-nvt-round-1/md/scale-1p1/multi_nnap_md.xyz,3296,5.280709223,21.16813735,4.270763164,8.544008112,2797,2.268270202695982,2.7007437340863043,0.9763132024843809,normalized_void>0.946305
nvt_scale,1.1,1.1,scale-1p1,W-potential/fcc-restart/01-nvt-round-1/md/scale-1p1/multi_nnap_md.xyz,3297,7.668634111,21.16813735,6.427987092,8.426836764,2798,2.3239531730862666,2.686582736467409,0.9711940315089256,normalized_void>0.946305
nvt_scale,1.1,1.1,scale-1p1,W-potential/fcc-restart/01-nvt-round-1/md/scale-1p1/multi_nnap_md.xyz,3298,9.051416772,21.16813735,7.598242982,9.802564132,2799,2.279927611671979,2.6522792961524417,0.9587934096922586,normalized_void>0.946305
nvt_scale,1.1,1.1,scale-1p1,W-potential/fcc-restart/01-nvt-round-1/md/scale-1p1/multi_nnap_md.xyz,3299,8.630483177,21.16813735,8.251764089,9.011315059,2800,2.1878885644850614,2.6180175230645877,0.9464078504909104,normalized_void>0.946305
nvt_scale,1.1,1.1,scale-1p1,W-potential/fcc-restart/01-nvt-round-1/md/scale-1p1/multi_nnap_md.xyz,3319,12.81213959,21.16813735,10.93307968,8.57749345,2820,2.1221073530301826,2.6337035594880644,0.9520783197996441,normalized_void>0.946305
nvt_scale,1.1,1.1,scale-1p1,W-potential/fcc-restart/01-nvt-round-1/md/scale-1p1/multi_nnap_md.xyz,3320,7.535445453,21.16813735,6.760202252,9.771399439,2821,2.2162403674077535,2.6499907786217594,0.9579661153987931,normalized_void>0.946305
nvt_scale,1.1,1.1,scale-1p1,W-potential/fcc-restart/01-nvt-round-1/md/scale-1p1/multi_nnap_md.xyz,3321,13.42184969,21.16813735,10.34440631,13.16544398,2822,2.137533905456331,2.645352064776359,0.956289230060635,normalized_void>0.946305
nvt_scale,1.1,1.1,scale-1p1,W-potential/fcc-restart/01-nvt-round-1/md/scale-1p1/multi_nnap_md.xyz,3322,13.92190233,21.16813735,9.856930515,11.95280725,2823,2.147387752865321,2.63822003659612,0.9537110168133076,normalized_void>0.946305
nvt_scale,1.1,1.1,scale-1p1,W-potential/fcc-restart/01-nvt-round-1/md/scale-1p1/multi_nnap_md.xyz,3323,13.06419466,21.16813735,8.826976939,10.86695639,2824,2.194816802876536,2.6204520533689504,0.9472879280962008,normalized_void>0.946305
nvt_scale,1.1,1.1,scale-1p1,W-potential/fcc-restart/01-nvt-round-1/md/scale-1p1/multi_nnap_md.xyz,3324,14.46529258,21.16813735,10.02504091,9.152852977,2825,2.1817658371729975,2.630642281744597,0.9509716743079977,normalized_void>0.946305
nvt_scale,1.1,1.1,scale-1p1,W-potential/fcc-restart/01-nvt-round-1/md/scale-1p1/multi_nnap_md.xyz,3325,9.883114744,21.16813735,8.59237607,11.4993183,2826,2.1698605647860822,2.6422545182173534,0.9551694734681458,normalized_void>0.946305
nvt_scale,1.1,1.1,scale-1p1,W-potential/fcc-restart/01-nvt-round-1/md/scale-1p1/multi_nnap_md.xyz,3326,7.291038758,21.16813735,8.146722599,11.80176724,2827,2.190468895845805,2.629982857457316,0.9507332938094758,normalized_void>0.946305
nvt_scale,1.1,1.1,scale-1p1,W-potential/fcc-restart/01-nvt-round-1/md/scale-1p1/multi_nnap_md.xyz,3327,6.74250597,21.16813735,6.848311264,13.42785438,2828,2.209344484272836,2.6193860088838306,0.9469025552479285,normalized_void>0.946305
nvt_scale,1.1,1.1,scale-1p1,W-potential/fcc-restart/01-nvt-round-1/md/scale-1p1/multi_nnap_md.xyz,3366,7.162027424,21.16813735,8.630484147,13.32141671,2867,2.2505067438212545,2.623592281522145,0.9484231139955821,normalized_void>0.946305
nvt_scale,1.1,1.1,scale-1p1,W-potential/fcc-restart/01-nvt-round-1/md/scale-1p1/multi_nnap_md.xyz,3367,8.050093417,21.16813735,10.74566349,14.46582798,2868,2.2900988647148868,2.644942250057309,0.9561410828981586,normalized_void>0.946305
nvt_scale,1.1,1.1,scale-1p1,W-potential/fcc-restart/01-nvt-round-1/md/scale-1p1/multi_nnap_md.xyz,3368,9.03431553,21.16813735,11.74851825,13.0978638,2869,2.215763120342421,2.6190225862296868,0.9467711787197358,normalized_void>0.946305
nvt_scale,1.1,1.1,scale-1p1,W-potential/fcc-restart/01-nvt-round-1/md/scale-1p1/multi_nnap_md.xyz,3372,5.384448002,21.16813735,4.698589909,10.58868112,2873,2.2672820979769313,2.6197009611022217,0.9470164098151302,normalized_void>0.946305
nvt_scale,1.1,1.1,scale-1p1,W-potential/fcc-restart/01-nvt-round-1/md/scale-1p1/multi_nnap_md.xyz,3373,5.554235754,21.16813735,5.316330586,10.76192128,2874,2.2560658470551602,2.6210420556493648,0.9475012126846623,normalized_void>0.946305
nvt_scale,1.1,1.1,scale-1p1,W-potential/fcc-restart/01-nvt-round-1/md/scale-1p1/multi_nnap_md.xyz,3374,4.985319838,21.16813735,5.74974735,10.64191511,2875,2.2728853160796656,2.62499494360283,0.9489301733995208,normalized_void>0.946305
nvt_scale,1.1,1.1,scale-1p1,W-potential/fcc-restart/01-nvt-round-1/md/scale-1p1/multi_nnap_md.xyz,3375,4.923709788,21.16813735,5.488777205,10.42022717,2876,2.3075032260678854,2.6488143740213395,0.957540847600017,normalized_void>0.946305
nvt_scale,1.1,1.1,scale-1p1,W-potential/fcc-restart/01-nvt-round-1/md/scale-1p1/multi_nnap_md.xyz,3376,4.813873632,21.16813735,5.182573079,9.568653418,2877,2.283714711211454,2.6651981817282944,0.9634635597660703,normalized_void>0.946305
nvt_scale,1.1,1.1,scale-1p1,W-potential/fcc-restart/01-nvt-round-1/md/scale-1p1/multi_nnap_md.xyz,3377,5.47271536,21.16813735,5.647978545,12.90234134,2878,2.2802152135779603,2.672339058786447,0.9660449718642273,normalized_void>0.946305
nvt_scale,1.1,1.1,scale-1p1,W-potential/fcc-restart/01-nvt-round-1/md/scale-1p1/multi_nnap_md.xyz,3378,5.625133096,21.16813735,6.879723967,14.94561759,2879,2.270040894315328,2.689855707833351,0.972377203801651,normalized_void>0.946305
nvt_scale,1.1,1.1,scale-1p1,W-potential/fcc-restart/01-nvt-round-1/md/scale-1p1/multi_nnap_md.xyz,3379,6.301665578,21.16813735,7.223792455,15.51047891,2880,2.2433977642453433,2.7065151824996607,0.9783995689960573,normalized_void>0.946305
nvt_scale,1.1,1.1,scale-1p1,W-potential/fcc-restart/01-nvt-round-1/md/scale-1p1/multi_nnap_md.xyz,3380,11.03353929,21.16813735,8.90406131,13.14906836,2881,2.185212669436406,2.714964491769127,0.9814539765977635,normalized_void>0.946305
nvt_scale,1.1,1.1,scale-1p1,W-potential/fcc-restart/01-nvt-round-1/md/scale-1p1/multi_nnap_md.xyz,3381,11.93458457,21.16813735,9.217156789,9.872944372,2882,2.173321335668499,2.701475599482226,0.9765777702919303,normalized_void>0.946305
nvt_scale,1.1,1.1,scale-1p1,W-potential/fcc-restart/01-nvt-round-1/md/scale-1p1/multi_nnap_md.xyz,3382,8.228118588,21.16813735,6.90761396,9.759900744,2883,2.2130104472838363,2.675520565477561,0.9671950798685982,normalized_void>0.946305
nvt_scale,1.1,1.1,scale-1p1,W-potential/fcc-restart/01-nvt-round-1/md/scale-1p1/multi_nnap_md.xyz,3383,5.194065165,21.16813735,5.52823952,10.33325929,2884,2.307415589542007,2.652436442714232,0.9588502178451628,normalized_void>0.946305
nvt_scale,1.1,1.1,scale-1p1,W-potential/fcc-restart/01-nvt-round-1/md/scale-1p1/multi_nnap_md.xyz,3384,5.635291458,21.16813735,5.686780738,10.82342583,2885,2.2854901948536606,2.647464480503213,0.9570528639209062,normalized_void>0.946305
nvt_scale,1.1,1.1,scale-1p1,W-potential/fcc-restart/01-nvt-round-1/md/scale-1p1/multi_nnap_md.xyz,3385,5.525422717,21.16813735,5.7978298,9.614406484,2886,2.3173548367926466,2.6330452714211883,0.9518403500424185,normalized_void>0.946305
nvt_scale,1.1,1.1,scale-1p1,W-potential/fcc-restart/01-nvt-round-1/md/scale-1p1/multi_nnap_md.xyz,3386,5.560599491,21.16813735,5.131465835,8.874659443,2887,2.359605465178957,2.623031382152338,0.9482203500483417,normalized_void>0.946305
nvt_scale,1.1,1.1,scale-1p1,W-potential/fcc-restart/01-nvt-round-1/md/scale-1p1/multi_nnap_md.xyz,3387,5.68453009,21.16813735,3.763194969,7.732931995,2888,2.3610266991517914,2.6380256984251744,0.953640763971601,normalized_void>0.946305
nvt_scale,1.1,1.1,scale-1p1,W-potential/fcc-restart/01-nvt-round-1/md/scale-1p1/multi_nnap_md.xyz,3388,6.30321591,21.16813735,4.214345259,8.454973191,2889,2.30304980881093,2.625275240896353,0.949031500283976,normalized_void>0.946305
nvt_scale,1.1,1.1,scale-1p1,W-potential/fcc-restart/01-nvt-round-1/md/scale-1p1/multi_nnap_md.xyz,3398,4.96642735,21.16813735,7.468038598,12.98018708,2899,2.228124907937764,2.638781806650558,0.9539140955112182,normalized_void>0.946305
nvt_scale,1.1,1.1,scale-1p1,W-potential/fcc-restart/01-nvt-round-1/md/scale-1p1/multi_nnap_md.xyz,3399,4.081697178,21.16813735,6.735091728,9.969686737,2900,2.306467104734118,2.648882185783276,0.9575653614099081,normalized_void>0.946305
nvt_scale,1.1,1.1,scale-1p1,W-potential/fcc-restart/01-nvt-round-1/md/scale-1p1/multi_nnap_md.xyz,3400,4.072622441,21.16813735,6.250188494,8.382886989,2901,2.2413557240506075,2.638871354136253,0.9539464667397172,normalized_void>0.946305
nvt_scale,1.1,1.1,scale-1p1,W-potential/fcc-restart/01-nvt-round-1/md/scale-1p1/multi_nnap_md.xyz,3401,4.680484836,21.16813735,5.219999404,8.050917704,2902,2.20493314299606,2.6232600959471415,0.9483030296060646,normalized_void>0.946305
nvt_scale,1.1,1.1,scale-1p1,W-potential/fcc-restart/01-nvt-round-1/md/scale-1p1/multi_nnap_md.xyz,3402,4.847788743,21.16813735,4.60489878,8.783655382,2903,2.2708525635589423,2.6652537587402447,0.9634836507394704,normalized_void>0.946305
nvt_scale,1.1,1.1,scale-1p1,W-potential/fcc-restart/01-nvt-round-1/md/scale-1p1/multi_nnap_md.xyz,3403,5.011388393,21.16813735,4.090711422,11.53788569,2904,2.3341212591321905,2.7096336869403217,0.9795269018188634,normalized_void>0.946305
nvt_scale,1.1,1.1,scale-1p1,W-potential/fcc-restart/01-nvt-round-1/md/scale-1p1/multi_nnap_md.xyz,3404,5.054364762,21.16813735,4.256752552,10.3460716,2905,2.2916024099083927,2.7458539290873243,0.9926204434825872,normalized_void>0.946305
nvt_scale,1.1,1.1,scale-1p1,W-potential/fcc-restart/01-nvt-round-1/md/scale-1p1/multi_nnap_md.xyz,3405,4.93319686,21.16813735,4.961360238,7.918904872,2906,2.27765516224053,2.756963275024431,0.9966364487675288,normalized_void>0.946305
nvt_scale,1.1,1.1,scale-1p1,W-potential/fcc-restart/01-nvt-round-1/md/scale-1p1/multi_nnap_md.xyz,3406,5.032678127,21.16813735,5.560114576,8.476007232,2907,2.290386169503204,2.798897243403322,1.0117954904952418,normalized_void>0.946305
nvt_scale,1.1,1.1,scale-1p1,W-potential/fcc-restart/01-nvt-round-1/md/scale-1p1/multi_nnap_md.xyz,3407,5.50941554,21.16813735,7.40113468,9.739452699,2908,2.234465073359185,2.8304040378513355,1.023185130689284,normalized_void>0.946305
nvt_scale,1.1,1.1,scale-1p1,W-potential/fcc-restart/01-nvt-round-1/md/scale-1p1/multi_nnap_md.xyz,3408,5.264702823,21.16813735,7.269028561,8.561728309,2909,2.2333493861591847,2.8454420171752615,1.0286213287140489,normalized_void>0.946305
nvt_scale,1.1,1.1,scale-1p1,W-potential/fcc-restart/01-nvt-round-1/md/scale-1p1/multi_nnap_md.xyz,3409,4.446740502,21.16813735,5.592560073,8.228056597,2910,2.29180844724616,2.8611333530804752,1.0342937137743295,normalized_void>0.946305
nvt_scale,1.1,1.1,scale-1p1,W-potential/fcc-restart/01-nvt-round-1/md/scale-1p1/multi_nnap_md.xyz,3410,4.24571409,21.16813735,4.698733252,9.621757814,2911,2.245176089703225,2.8723427809514996,1.0383458984687355,normalized_void>0.946305
nvt_scale,1.1,1.1,scale-1p1,W-potential/fcc-restart/01-nvt-round-1/md/scale-1p1/multi_nnap_md.xyz,3411,4.483605351,21.16813735,5.423041593,10.69207343,2912,2.2270539408754733,2.8832113919496067,1.0422748785775087,normalized_void>0.946305
nvt_scale,1.1,1.1,scale-1p1,W-potential/fcc-restart/01-nvt-round-1/md/scale-1p1/multi_nnap_md.xyz,3412,5.428430048,21.16813735,6.181048059,12.60506901,2913,2.211809608774915,2.8974370191142866,1.0474174129983822,normalized_void>0.946305
nvt_scale,1.1,1.1,scale-1p1,W-potential/fcc-restart/01-nvt-round-1/md/scale-1p1/multi_nnap_md.xyz,3413,7.134041635,21.16813735,7.032523133,13.29344658,2914,2.199873321918268,2.924098812412091,1.0570555954256988,normalized_void>0.946305
nvt_scale,1.1,1.1,scale-1p1,W-potential/fcc-restart/01-nvt-round-1/md/scale-1p1/multi_nnap_md.xyz,3414,7.812888486,21.16813735,5.770752617,10.51883632,2915,2.207353110730512,2.9508032796433263,1.0667092043905595,normalized_void>0.946305
nvt_scale,1.1,1.1,scale-1p1,W-potential/fcc-restart/01-nvt-round-1/md/scale-1p1/multi_nnap_md.xyz,3415,6.51472936,21.16813735,6.399512754,11.52442551,2916,2.2277265241047868,2.953543419322644,1.0676997591447202,normalized_void>0.946305
nvt_scale,1.1,1.1,scale-1p1,W-potential/fcc-restart/01-nvt-round-1/md/scale-1p1/multi_nnap_md.xyz,3416,5.789552162,21.16813735,6.263847932,11.31416278,2917,2.3218841651988473,2.949776861121136,1.0663381562448797,normalized_void>0.946305
nvt_scale,1.1,1.1,scale-1p1,W-potential/fcc-restart/01-nvt-round-1/md/scale-1p1/multi_nnap_md.xyz,3417,5.174794802,21.16813735,5.690574414,10.34338614,2918,2.266060130666531,2.9572383006222616,1.0690354509946727,normalized_void>0.946305
nvt_scale,1.1,1.1,scale-1p1,W-potential/fcc-restart/01-nvt-round-1/md/scale-1p1/multi_nnap_md.xyz,3418,4.953749508,21.16813735,6.054387058,10.55363692,2919,2.212961875751863,2.9413201494029133,1.0632810726734543,normalized_void>0.946305
nvt_scale,1.1,1.1,scale-1p1,W-potential/fcc-restart/01-nvt-round-1/md/scale-1p1/multi_nnap_md.xyz,3419,5.113925112,21.16813735,6.14798042,10.84528201,2920,2.191764649879203,2.9323904914334626,1.060053020022915,normalized_void>0.946305
nvt_scale,1.1,1.1,scale-1p1,W-potential/fcc-restart/01-nvt-round-1/md/scale-1p1/multi_nnap_md.xyz,3420,4.607927131,21.16813735,5.117452508,10.08564394,2921,2.2252398814085663,2.923130093243414,1.0567054054754483,normalized_void>0.946305
nvt_scale,1.1,1.1,scale-1p1,W-potential/fcc-restart/01-nvt-round-1/md/scale-1p1/multi_nnap_md.xyz,3421,4.58182337,21.16813735,4.729312401,8.189917651,2922,2.2746591698416854,2.9118305250368905,1.052620635238581,normalized_void>0.946305
nvt_scale,1.1,1.1,scale-1p1,W-potential/fcc-restart/01-nvt-round-1/md/scale-1p1/multi_nnap_md.xyz,3422,6.182335476,21.16813735,6.64096564,9.381829628,2923,2.22655027065857,2.9043624489993385,1.0499209413947717,normalized_void>0.946305
nvt_scale,1.1,1.1,scale-1p1,W-potential/fcc-restart/01-nvt-round-1/md/scale-1p1/multi_nnap_md.xyz,3423,6.145140501,21.16813735,7.401413665,11.55923791,2924,2.209330647901791,2.902254171558197,1.049158803516117,normalized_void>0.946305
nvt_scale,1.1,1.1,scale-1p1,W-potential/fcc-restart/01-nvt-round-1/md/scale-1p1/multi_nnap_md.xyz,3424,5.2274374,21.16813735,7.127342006,11.59361621,2925,2.232511714792348,2.90625366263629,1.0506046111629064,normalized_void>0.946305
nvt_scale,1.1,1.1,scale-1p1,W-potential/fcc-restart/01-nvt-round-1/md/scale-1p1/multi_nnap_md.xyz,3425,4.449594453,21.16813735,5.990489245,11.52570451,2926,2.275145355657149,2.9068812999212708,1.0508315007266826,normalized_void>0.946305
nvt_scale,1.1,1.1,scale-1p1,W-potential/fcc-restart/01-nvt-round-1/md/scale-1p1/multi_nnap_md.xyz,3426,4.296957788,21.16813735,5.694582618,10.42833249,2927,2.276494018102113,2.9122483550733316,1.052771679921504,normalized_void>0.946305
nvt_scale,1.1,1.1,scale-1p1,W-potential/fcc-restart/01-nvt-round-1/md/scale-1p1/multi_nnap_md.xyz,3427,4.536193822,21.16813735,5.157332978,7.165948187,2928,2.285079288183843,2.9026373244569337,1.0492973124864,normalized_void>0.946305
nvt_scale,1.1,1.1,scale-1p1,W-potential/fcc-restart/01-nvt-round-1/md/scale-1p1/multi_nnap_md.xyz,3428,5.921319416,21.16813735,7.408607045,11.49713163,2929,2.224931208469541,2.886774677441545,1.0435629988186457,normalized_void>0.946305
nvt_scale,1.1,1.1,scale-1p1,W-potential/fcc-restart/01-nvt-round-1/md/scale-1p1/multi_nnap_md.xyz,3429,8.304023454,21.16813735,9.285658459,13.59446438,2930,2.182386093980982,2.8854555075422854,1.0430861216633969,normalized_void>0.946305
nvt_scale,1.1,1.1,scale-1p1,W-potential/fcc-restart/01-nvt-round-1/md/scale-1p1/multi_nnap_md.xyz,3430,5.397519151,21.16813735,6.562827697,10.6980824,2931,2.249049100695142,2.891066010665485,1.0451143067898219,normalized_void>0.946305
nvt_scale,1.1,1.1,scale-1p1,W-potential/fcc-restart/01-nvt-round-1/md/scale-1p1/multi_nnap_md.xyz,3431,5.483018397,21.16813735,6.293566757,9.373636196,2932,2.179484021139848,2.895607706389226,1.046756120280229,normalized_void>0.946305
nvt_scale,1.1,1.1,scale-1p1,W-potential/fcc-restart/01-nvt-round-1/md/scale-1p1/multi_nnap_md.xyz,3432,5.841650786,21.16813735,6.70511183,7.797793353,2933,2.1754345728337965,2.854480418737537,1.0318886919456036,normalized_void>0.946305
nvt_scale,1.1,1.1,scale-1p1,W-potential/fcc-restart/01-nvt-round-1/md/scale-1p1/multi_nnap_md.xyz,3433,5.503040626,21.16813735,6.242024045,9.160434349,2934,2.199464503937462,2.8312843500279863,1.0235033616971079,normalized_void>0.946305
nvt_scale,1.1,1.1,scale-1p1,W-potential/fcc-restart/01-nvt-round-1/md/scale-1p1/multi_nnap_md.xyz,3434,10.97306527,21.16813735,9.56657888,12.1635077,2935,2.1484238941517724,2.8275683124043174,1.022160021880328,normalized_void>0.946305
nvt_scale,1.1,1.1,scale-1p1,W-potential/fcc-restart/01-nvt-round-1/md/scale-1p1/multi_nnap_md.xyz,3435,12.76424465,21.16813735,10.71284702,14.15322164,2936,2.1396277601357463,2.8383102167400747,1.0260431977960807,normalized_void>0.946305
nvt_scale,1.1,1.1,scale-1p1,W-potential/fcc-restart/01-nvt-round-1/md/scale-1p1/multi_nnap_md.xyz,3436,7.69910662,21.16813735,7.568365307,10.06962549,2937,2.254399266199246,2.854862777740253,1.032026913924138,normalized_void>0.946305
nvt_scale,1.1,1.1,scale-1p1,W-potential/fcc-restart/01-nvt-round-1/md/scale-1p1/multi_nnap_md.xyz,3437,5.300881873,21.16813735,6.895750251,11.26869579,2938,2.294319047575105,2.8821151769917206,1.0418785991665311,normalized_void>0.946305
nvt_scale,1.1,1.1,scale-1p1,W-potential/fcc-restart/01-nvt-round-1/md/scale-1p1/multi_nnap_md.xyz,3438,5.191653546,21.16813735,6.510276399,11.31854964,2939,2.2617048592039146,2.903509941084732,1.049612761569434,normalized_void>0.946305
nvt_scale,1.1,1.1,scale-1p1,W-potential/fcc-restart/01-nvt-round-1/md/scale-1p1/multi_nnap_md.xyz,3439,5.865654246,21.16813735,5.722343946,10.14332225,2940,2.246981724060659,2.916818254783529,1.054423689093935,normalized_void>0.946305
nvt_scale,1.1,1.1,scale-1p1,W-potential/fcc-restart/01-nvt-round-1/md/scale-1p1/multi_nnap_md.xyz,3440,5.804081372,21.16813735,5.076709885,8.325126832,2941,2.2856259200858418,2.888826912144822,1.044304877364958,normalized_void>0.946305
nvt_scale,1.1,1.1,scale-1p1,W-potential/fcc-restart/01-nvt-round-1/md/scale-1p1/multi_nnap_md.xyz,3441,5.607017144,21.16813735,6.283172884,8.744947117,2942,2.2897374809028372,2.8505897659278454,1.030482229104852,normalized_void>0.946305
nvt_scale,1.1,1.1,scale-1p1,W-potential/fcc-restart/01-nvt-round-1/md/scale-1p1/multi_nnap_md.xyz,3442,6.025483753,21.16813735,7.73532745,10.75814362,2943,2.266829426161388,2.8152932931501575,1.017722628133068,normalized_void>0.946305
nvt_scale,1.1,1.1,scale-1p1,W-potential/fcc-restart/01-nvt-round-1/md/scale-1p1/multi_nnap_md.xyz,3443,5.194659035,21.16813735,7.49536296,12.3556385,2944,2.26946632699662,2.811052445262202,1.0161895705050958,normalized_void>0.946305
nvt_scale,1.1,1.1,scale-1p1,W-potential/fcc-restart/01-nvt-round-1/md/scale-1p1/multi_nnap_md.xyz,3444,5.031715402,21.16813735,6.537094695,11.41222348,2945,2.3169416082990453,2.8130717351541126,1.0169195395711104,normalized_void>0.946305
nvt_scale,1.1,1.1,scale-1p1,W-potential/fcc-restart/01-nvt-round-1/md/scale-1p1/multi_nnap_md.xyz,3445,4.587091797,21.16813735,6.776733342,9.153522215,2946,2.3116126509281756,2.82774612821232,1.022224301922441,normalized_void>0.946305
nvt_scale,1.1,1.1,scale-1p1,W-potential/fcc-restart/01-nvt-round-1/md/scale-1p1/multi_nnap_md.xyz,3446,4.723122617,21.16813735,6.051866933,9.176080492,2947,2.251413661809649,2.83696981635538,1.0255586458648198,normalized_void>0.946305
nvt_scale,1.1,1.1,scale-1p1,W-potential/fcc-restart/01-nvt-round-1/md/scale-1p1/multi_nnap_md.xyz,3447,9.287886965,21.16813735,8.536170407,10.71424292,2948,2.1226293629798993,2.834557921161545,1.0246867508045703,normalized_void>0.946305
nvt_scale,1.1,1.1,scale-1p1,W-potential/fcc-restart/01-nvt-round-1/md/scale-1p1/multi_nnap_md.xyz,3448,14.9340768,21.16813735,12.94509583,17.13442996,2949,2.0527215006503834,2.8475847871014053,1.0293959355537787,normalized_void>0.946305
nvt_scale,1.1,1.1,scale-1p1,W-potential/fcc-restart/01-nvt-round-1/md/scale-1p1/multi_nnap_md.xyz,3449,11.2250886,21.16813735,9.57661472,13.76239385,2950,2.0972768707866636,2.8531910100818143,1.0314225734175508,normalized_void>0.946305
nvt_scale,1.1,1.1,scale-1p1,W-potential/fcc-restart/01-nvt-round-1/md/scale-1p1/multi_nnap_md.xyz,3450,6.032905099,21.16813735,5.341145761,6.388447942,2951,2.1997249231233087,2.8504949647847444,1.0304479586902058,normalized_void>0.946305
nvt_scale,1.1,1.1,scale-1p1,W-potential/fcc-restart/01-nvt-round-1/md/scale-1p1/multi_nnap_md.xyz,3451,4.387352497,21.16813735,4.098991518,6.275038592,2952,2.315021227500756,2.8487315471569374,1.029810486911676,normalized_void>0.946305
nvt_scale,1.1,1.1,scale-1p1,W-potential/fcc-restart/01-nvt-round-1/md/scale-1p1/multi_nnap_md.xyz,3452,11.11967386,21.16813735,10.54898727,9.628433323,2953,2.2244980054868213,2.8386495162448506,1.026165853856309,normalized_void>0.946305
nvt_scale,1.1,1.1,scale-1p1,W-potential/fcc-restart/01-nvt-round-1/md/scale-1p1/multi_nnap_md.xyz,3453,11.71516297,21.16813735,10.76849352,9.988390391,2954,2.2242848274972356,2.8427859432912124,1.0276611635687807,normalized_void>0.946305
nvt_scale,1.1,1.1,scale-1p1,W-potential/fcc-restart/01-nvt-round-1/md/scale-1p1/multi_nnap_md.xyz,3454,4.454445784,21.16813735,5.502126866,7.74815437,2955,2.299456109797479,2.834332115098045,1.0246051223856227,normalized_void>0.946305
nvt_scale,1.1,1.1,scale-1p1,W-potential/fcc-restart/01-nvt-round-1/md/scale-1p1/multi_nnap_md.xyz,3455,4.350498165,21.16813735,5.630608081,9.878747622,2956,2.2901044914096174,2.8225288255999255,1.0203382579570144,normalized_void>0.946305
nvt_scale,1.1,1.1,scale-1p1,W-potential/fcc-restart/01-nvt-round-1/md/scale-1p1/multi_nnap_md.xyz,3456,4.619071435,21.16813735,6.08708963,10.30592471,2957,2.3064809272280478,2.8103064848190096,1.0159199073674838,normalized_void>0.946305
nvt_scale,1.1,1.1,scale-1p1,W-potential/fcc-restart/01-nvt-round-1/md/scale-1p1/multi_nnap_md.xyz,3457,4.540258939,21.16813735,5.766762936,11.62097294,2958,2.2975733000107956,2.7914345942624106,1.0090977584632002,normalized_void>0.946305
nvt_scale,1.1,1.1,scale-1p1,W-potential/fcc-restart/01-nvt-round-1/md/scale-1p1/multi_nnap_md.xyz,3458,5.055664965,21.16813735,6.078029845,11.12862801,2959,2.3004651899979898,2.779220710525759,1.0046824650774555,normalized_void>0.946305
nvt_scale,1.1,1.1,scale-1p1,W-potential/fcc-restart/01-nvt-round-1/md/scale-1p1/multi_nnap_md.xyz,3459,5.876226339,21.16813735,6.673368859,10.53855792,2960,2.218345952226226,2.7569673805331445,0.9966379329003286,normalized_void>0.946305
nvt_scale,1.1,1.1,scale-1p1,W-potential/fcc-restart/01-nvt-round-1/md/scale-1p1/multi_nnap_md.xyz,3460,8.72260635,21.16813735,8.072078634,9.103548691,2961,2.133795777956371,2.7186082618607683,0.9827711918530978,normalized_void>0.946305
nvt_scale,1.1,1.1,scale-1p1,W-potential/fcc-restart/01-nvt-round-1/md/scale-1p1/multi_nnap_md.xyz,3461,6.852843156,21.16813735,7.809345529,8.883049929,2962,2.151644018311331,2.701777403278825,0.9766868717321967,normalized_void>0.946305
nvt_scale,1.1,1.1,scale-1p1,W-potential/fcc-restart/01-nvt-round-1/md/scale-1p1/multi_nnap_md.xyz,3462,5.2647242,21.16813735,7.097837297,6.865601881,2963,2.220645665292119,2.6887402382299395,0.9719739638766497,normalized_void>0.946305
nvt_scale,1.1,1.1,scale-1p1,W-potential/fcc-restart/01-nvt-round-1/md/scale-1p1/multi_nnap_md.xyz,3463,4.257538607,21.16813735,6.560973606,10.39213986,2964,2.3359929992609927,2.677234012864801,0.9678144875098386,normalized_void>0.946305
nvt_scale,1.1,1.1,scale-1p1,W-potential/fcc-restart/01-nvt-round-1/md/scale-1p1/multi_nnap_md.xyz,3464,4.093096598,21.16813735,6.002659773,11.81758375,2965,2.343983696390349,2.6591828282118,0.9612890220705302,normalized_void>0.946305
nvt_scale,1.1,1.1,scale-1p1,W-potential/fcc-restart/01-nvt-round-1/md/scale-1p1/multi_nnap_md.xyz,3465,4.193918838,21.16813735,5.787547086,10.9886327,2966,2.3214289737206113,2.6528044008218834,0.9589832339302977,normalized_void>0.946305
nvt_scale,1.1,1.1,scale-1p1,W-potential/fcc-restart/01-nvt-round-1/md/scale-1p1/multi_nnap_md.xyz,3466,3.90601098,21.16813735,5.88439654,10.37825977,2967,2.3328220759573965,2.6691063950582885,0.9648763706981263,normalized_void>0.946305
nvt_scale,1.1,1.1,scale-1p1,W-potential/fcc-restart/01-nvt-round-1/md/scale-1p1/multi_nnap_md.xyz,3467,3.932580075,21.16813735,6.48386383,10.38550074,2968,2.278644614453527,2.6910970024940184,0.972825929221278,normalized_void>0.946305
nvt_scale,1.1,1.1,scale-1p1,W-potential/fcc-restart/01-nvt-round-1/md/scale-1p1/multi_nnap_md.xyz,3468,4.517729918,21.16813735,7.104655144,10.68057201,2969,2.2618010461555698,2.71591529343549,0.9817976894084601,normalized_void>0.946305
nvt_scale,1.1,1.1,scale-1p1,W-potential/fcc-restart/01-nvt-round-1/md/scale-1p1/multi_nnap_md.xyz,3469,4.805853827,21.16813735,6.764388689,9.444498277,2970,2.26724378239978,2.7491469416488736,0.9938108606255432,normalized_void>0.946305
nvt_scale,1.1,1.1,scale-1p1,W-potential/fcc-restart/01-nvt-round-1/md/scale-1p1/multi_nnap_md.xyz,3470,4.945167745,21.16813735,6.363817188,9.157497366,2971,2.2585138497177235,2.758957521052867,0.997357364529358,normalized_void>0.946305
nvt_scale,1.1,1.1,scale-1p1,W-potential/fcc-restart/01-nvt-round-1/md/scale-1p1/multi_nnap_md.xyz,3471,6.665153615,21.16813735,6.616319637,9.514714497,2972,2.2482623358309386,2.758603968320038,0.9972295559570453,normalized_void>0.946305
nvt_scale,1.1,1.1,scale-1p1,W-potential/fcc-restart/01-nvt-round-1/md/scale-1p1/multi_nnap_md.xyz,3472,7.154436573,21.16813735,6.508674869,9.337213885,2973,2.248915529932504,2.76029823134495,0.9978420284914906,normalized_void>0.946305
nvt_scale,1.1,1.1,scale-1p1,W-potential/fcc-restart/01-nvt-round-1/md/scale-1p1/multi_nnap_md.xyz,3473,5.506614129,21.16813735,6.2374411,8.892029935,2974,2.2532759313850153,2.77416237236994,1.00285388643009,normalized_void>0.946305
nvt_scale,1.1,1.1,scale-1p1,W-potential/fcc-restart/01-nvt-round-1/md/scale-1p1/multi_nnap_md.xyz,3474,5.051912185,21.16813735,5.428519708,8.932930096,2975,2.2417842613872714,2.7653002089458045,0.9996502329162978,normalized_void>0.946305
nvt_scale,1.1,1.1,scale-1p1,W-potential/fcc-restart/01-nvt-round-1/md/scale-1p1/multi_nnap_md.xyz,3475,4.484015655,21.16813735,4.13836218,8.74422506,2976,2.267748895775877,2.7850144846069225,1.0067769022712774,normalized_void>0.946305
nvt_scale,1.1,1.1,scale-1p1,W-potential/fcc-restart/01-nvt-round-1/md/scale-1p1/multi_nnap_md.xyz,3476,5.626269186,21.16813735,4.296967996,8.059294797,2977,2.259288584575871,2.815649032368512,1.0178512271153177,normalized_void>0.946305
nvt_scale,1.1,1.1,scale-1p1,W-potential/fcc-restart/01-nvt-round-1/md/scale-1p1/multi_nnap_md.xyz,3477,11.67586404,21.16813735,9.527982371,12.83971849,2978,2.1094672458602335,2.863941970230954,1.0353090229908717,normalized_void>0.946305
nvt_scale,1.1,1.1,scale-1p1,W-potential/fcc-restart/01-nvt-round-1/md/scale-1p1/multi_nnap_md.xyz,3478,14.17267059,21.16813735,12.59821184,18.42716795,2979,2.0329721374327927,2.922760720463345,1.0565718779891975,normalized_void>0.946305
nvt_scale,1.1,1.1,scale-1p1,W-potential/fcc-restart/01-nvt-round-1/md/scale-1p1/multi_nnap_md.xyz,3479,13.32525012,21.16813735,11.60013626,17.33664637,2980,2.0615340141332648,2.97878395690684,1.0768241606087452,normalized_void>0.946305
nvt_scale,1.1,1.1,scale-1p1,W-potential/fcc-restart/01-nvt-round-1/md/scale-1p1/multi_nnap_md.xyz,3480,10.73273167,21.16813735,12.83442339,17.75161661,2981,2.1175612625691964,3.0302895142842847,1.095443311709332,normalized_void>0.946305
nvt_scale,1.1,1.1,scale-1p1,W-potential/fcc-restart/01-nvt-round-1/md/scale-1p1/multi_nnap_md.xyz,3481,10.26169672,21.16813735,12.30419304,15.78782579,2982,2.109737799810356,3.042035976370856,1.099689633147705,normalized_void>0.946305
nvt_scale,1.1,1.1,scale-1p1,W-potential/fcc-restart/01-nvt-round-1/md/scale-1p1/multi_nnap_md.xyz,3482,11.05588554,21.16813735,8.628777974,9.657400527,2983,2.2038053677408627,3.025795273823151,1.0938186531969507,normalized_void>0.946305
nvt_scale,1.1,1.1,scale-1p1,W-potential/fcc-restart/01-nvt-round-1/md/scale-1p1/multi_nnap_md.xyz,3483,12.92437378,21.16813735,9.27144976,9.91466583,2984,2.2037814981704633,3.0028947391500544,1.0855401578835626,normalized_void>0.946305
nvt_scale,1.1,1.1,scale-1p1,W-potential/fcc-restart/01-nvt-round-1/md/scale-1p1/multi_nnap_md.xyz,3484,8.685263463,21.16813735,6.5606732,10.84877043,2985,2.2625533885049594,2.9832245462510047,1.0784294243547283,normalized_void>0.946305
nvt_scale,1.1,1.1,scale-1p1,W-potential/fcc-restart/01-nvt-round-1/md/scale-1p1/multi_nnap_md.xyz,3485,4.21524471,21.16813735,5.314957814,8.779428153,2986,2.282499449250101,2.9808133771761316,1.0775577917849624,normalized_void>0.946305
nvt_scale,1.1,1.1,scale-1p1,W-potential/fcc-restart/01-nvt-round-1/md/scale-1p1/multi_nnap_md.xyz,3486,3.814577447,21.16813735,4.70378141,6.694991804,2987,2.3344757564644154,2.979664625269876,1.0771425203772012,normalized_void>0.946305
nvt_scale,1.1,1.1,scale-1p1,W-potential/fcc-restart/01-nvt-round-1/md/scale-1p1/multi_nnap_md.xyz,3487,3.822501269,21.16813735,4.001216391,7.064914524,2988,2.291112610525591,2.976245825689366,1.0759066314903833,normalized_void>0.946305
nvt_scale,1.1,1.1,scale-1p1,W-potential/fcc-restart/01-nvt-round-1/md/scale-1p1/multi_nnap_md.xyz,3488,4.664256971,21.16813735,4.483040229,8.764527982,2989,2.284339625910909,2.9662905236709047,1.0723078106645965,normalized_void>0.946305
nvt_scale,1.1,1.1,scale-1p1,W-potential/fcc-restart/01-nvt-round-1/md/scale-1p1/multi_nnap_md.xyz,3489,5.931381442,21.16813735,5.145342739,9.004876995,2990,2.3135252879802395,2.9679591499463256,1.0729110155678032,normalized_void>0.946305
nvt_scale,1.1,1.1,scale-1p1,W-potential/fcc-restart/01-nvt-round-1/md/scale-1p1/multi_nnap_md.xyz,3490,5.805608551,21.16813735,7.034940993,9.564477163,2991,2.237799504779861,2.9735546260272434,1.0749337684499214,normalized_void>0.946305
nvt_scale,1.1,1.1,scale-1p1,W-potential/fcc-restart/01-nvt-round-1/md/scale-1p1/multi_nnap_md.xyz,3491,10.86335486,21.16813735,13.32980627,12.94663888,2992,2.148508284359674,2.9738518568934986,1.0750412167854477,normalized_void>0.946305
nvt_scale,1.1,1.1,scale-1p1,W-potential/fcc-restart/01-nvt-round-1/md/scale-1p1/multi_nnap_md.xyz,3492,10.52006824,21.16813735,10.76605063,10.25639031,2993,2.142397526179627,2.9688050924810185,1.073216822022055,normalized_void>0.946305
nvt_scale,1.1,1.1,scale-1p1,W-potential/fcc-restart/01-nvt-round-1/md/scale-1p1/multi_nnap_md.xyz,3493,10.99331085,21.16813735,9.014814779,8.856979889,2994,2.1661314461857017,2.9432261805790136,1.0639700989509524,normalized_void>0.946305
nvt_scale,1.1,1.1,scale-1p1,W-potential/fcc-restart/01-nvt-round-1/md/scale-1p1/multi_nnap_md.xyz,3494,8.107088478,21.16813735,7.489963484,8.938366519,2995,2.193099762308577,2.9281056065329163,1.058504043107138,normalized_void>0.946305
nvt_scale,1.1,1.1,scale-1p1,W-potential/fcc-restart/01-nvt-round-1/md/scale-1p1/multi_nnap_md.xyz,3495,8.037466457,21.16813735,6.708002478,9.194490646,2996,2.1994882910762117,2.917298308076875,1.0545972273538868,normalized_void>0.946305
nvt_scale,1.1,1.1,scale-1p1,W-potential/fcc-restart/01-nvt-round-1/md/scale-1p1/multi_nnap_md.xyz,3496,7.093397038,21.16813735,5.62061214,9.197785093,2997,2.2228569804924048,2.8943189241000473,1.0462902281823698,normalized_void>0.946305
nvt_scale,1.1,1.1,scale-1p1,W-potential/fcc-restart/01-nvt-round-1/md/scale-1p1/multi_nnap_md.xyz,3497,6.662038728,21.16813735,6.114582484,11.62819394,2998,2.2580068655569665,2.868206344194878,1.0368505852460252,normalized_void>0.946305
nvt_scale,1.1,1.1,scale-1p1,W-potential/fcc-restart/01-nvt-round-1/md/scale-1p1/multi_nnap_md.xyz,3498,6.238957225,21.16813735,6.407752937,13.66943643,2999,2.2747071306887436,2.8639735585908355,1.035320442116799,normalized_void>0.946305
nvt_scale,1.1,1.1,scale-1p1,W-potential/fcc-restart/01-nvt-round-1/md/scale-1p1/multi_nnap_md.xyz,3499,5.314066165,21.16813735,5.81394268,12.16156897,3000,2.3296768351386192,2.8674023076686663,1.0365599277260567,normalized_void>0.946305
nvt_scale,1.1,1.1,scale-1p1,W-potential/fcc-restart/01-nvt-round-1/md/scale-1p1/multi_nnap_md.xyz,3500,5.016265237,21.16813735,6.605605536,11.61925544,3001,2.2638305506725627,2.8681789496167,1.0368406821633986,normalized_void>0.946305
nvt_scale,1.1,1.1,scale-1p1,W-potential/fcc-restart/01-nvt-round-1/md/scale-1p1/multi_nnap_md.xyz,3501,7.73278095,21.16813735,10.66556305,13.83669737,3002,2.1962391374146626,2.8799786724530203,1.0411062572512377,normalized_void>0.946305
nvt_scale,1.1,1.1,scale-1p1,W-potential/fcc-restart/01-nvt-round-1/md/scale-1p1/multi_nnap_md.xyz,3502,7.273528316,21.16813735,10.18622521,12.25750768,3003,2.19525629750991,2.8845916115772163,1.042773825081672,normalized_void>0.946305
nvt_scale,1.1,1.1,scale-1p1,W-potential/fcc-restart/01-nvt-round-1/md/scale-1p1/multi_nnap_md.xyz,3503,5.920140087,21.16813735,7.384064689,9.256732658,3004,2.219073526078666,2.891351940902571,1.0452176699715756,normalized_void>0.946305
nvt_scale,1.1,1.1,scale-1p1,W-potential/fcc-restart/01-nvt-round-1/md/scale-1p1/multi_nnap_md.xyz,3504,5.145599828,21.16813735,5.042278638,6.543714216,3005,2.221138111926643,2.8818590826037807,1.041786021581745,normalized_void>0.946305
nvt_scale,1.1,1.1,scale-1p1,W-potential/fcc-restart/01-nvt-round-1/md/scale-1p1/multi_nnap_md.xyz,3505,3.911256188,21.16813735,5.089459298,7.550295399,3006,2.254212826432188,2.8780350011006632,1.0404036241288697,normalized_void>0.946305
nvt_scale,1.1,1.1,scale-1p1,W-potential/fcc-restart/01-nvt-round-1/md/scale-1p1/multi_nnap_md.xyz,3506,4.223517002,21.16813735,5.52914779,8.55338753,3007,2.3111278069108017,2.880027711205571,1.0411239846575606,normalized_void>0.946305
nvt_scale,1.1,1.1,scale-1p1,W-potential/fcc-restart/01-nvt-round-1/md/scale-1p1/multi_nnap_md.xyz,3507,4.513998403,21.16813735,5.383400104,8.786357203,3008,2.2852847405666536,2.876239971393904,1.0397547246500178,normalized_void>0.946305
nvt_scale,1.1,1.1,scale-1p1,W-potential/fcc-restart/01-nvt-round-1/md/scale-1p1/multi_nnap_md.xyz,3508,4.697588883,21.16813735,4.496028336,7.985370141,3009,2.3039270215914933,2.8666896781315563,1.0363023136411733,normalized_void>0.946305
nvt_scale,1.1,1.1,scale-1p1,W-potential/fcc-restart/01-nvt-round-1/md/scale-1p1/multi_nnap_md.xyz,3509,4.881280343,21.16813735,4.254950543,6.992488248,3010,2.3406244477767384,2.858379631536384,1.0332982492045035,normalized_void>0.946305
nvt_scale,1.1,1.1,scale-1p1,W-potential/fcc-restart/01-nvt-round-1/md/scale-1p1/multi_nnap_md.xyz,3510,4.468740561,21.16813735,4.774264507,9.610769609,3011,2.380332320385473,2.839999871889712,1.0266540045932666,normalized_void>0.946305
nvt_scale,1.1,1.1,scale-1p1,W-potential/fcc-restart/01-nvt-round-1/md/scale-1p1/multi_nnap_md.xyz,3511,5.500691245,21.16813735,4.672104126,11.96669829,3012,2.350856528789442,2.828130832903202,1.022363371862334,normalized_void>0.946305
nvt_scale,1.1,1.1,scale-1p1,W-potential/fcc-restart/01-nvt-round-1/md/scale-1p1/multi_nnap_md.xyz,3512,5.269516388,21.16813735,4.425605412,12.2596385,3013,2.293437325998943,2.7897115099417333,1.0084748670907093,normalized_void>0.946305
nvt_scale,1.1,1.1,scale-1p1,W-potential/fcc-restart/01-nvt-round-1/md/scale-1p1/multi_nnap_md.xyz,3513,5.384274997,21.16813735,5.370568212,10.80682904,3014,2.257087257818807,2.755072739042643,0.9959530239703159,normalized_void>0.946305
nvt_scale,1.1,1.1,scale-1p1,W-potential/fcc-restart/01-nvt-round-1/md/scale-1p1/multi_nnap_md.xyz,3514,5.928056451,21.16813735,5.354062297,8.948105195,3015,2.250703629835035,2.713292907410153,0.9808497023535486,normalized_void>0.946305
nvt_scale,1.1,1.1,scale-1p1,W-potential/fcc-restart/01-nvt-round-1/md/scale-1p1/multi_nnap_md.xyz,3515,6.450036933,21.16813735,6.727220622,7.226070376,3016,2.230503566631067,2.693770600992123,0.9737924294778175,normalized_void>0.946305
nvt_scale,1.1,1.1,scale-1p1,W-potential/fcc-restart/01-nvt-round-1/md/scale-1p1/multi_nnap_md.xyz,3516,8.720752432,21.16813735,6.297298686,9.403792405,3017,2.1882936631608683,2.700949031016419,0.9763874168945712,normalized_void>0.946305
nvt_scale,1.1,1.1,scale-1p1,W-potential/fcc-restart/01-nvt-round-1/md/scale-1p1/multi_nnap_md.xyz,3517,11.05239782,21.16813735,6.347852406,11.65767572,3018,2.1638637483286636,2.719478642316122,0.9830858325644772,normalized_void>0.946305
nvt_scale,1.1,1.1,scale-1p1,W-potential/fcc-restart/01-nvt-round-1/md/scale-1p1/multi_nnap_md.xyz,3518,6.413852659,21.16813735,5.387300451,12.24590052,3019,2.214001673884769,2.734644161381135,0.9885681359384808,normalized_void>0.946305
nvt_scale,1.1,1.1,scale-1p1,W-potential/fcc-restart/01-nvt-round-1/md/scale-1p1/multi_nnap_md.xyz,3519,4.762372183,21.16813735,5.938448556,13.75198245,3020,2.1720983548487056,2.7359163963101287,0.9890280462002957,normalized_void>0.946305
nvt_scale,1.1,1.1,scale-1p1,W-potential/fcc-restart/01-nvt-round-1/md/scale-1p1/multi_nnap_md.xyz,3520,4.458391661,21.16813735,5.189127435,14.04273464,3021,2.2009588300308085,2.724811708626122,0.9850137248640919,normalized_void>0.946305
nvt_scale,1.1,1.1,scale-1p1,W-potential/fcc-restart/01-nvt-round-1/md/scale-1p1/multi_nnap_md.xyz,3521,4.682471814,21.16813735,4.417339592,11.31271274,3022,2.2632848954290647,2.7129606602171727,0.9807295956892618,normalized_void>0.946305
nvt_scale,1.1,1.1,scale-1p1,W-potential/fcc-restart/01-nvt-round-1/md/scale-1p1/multi_nnap_md.xyz,3522,5.158024817,21.16813735,4.892824236,11.18696555,3023,2.2739348810928615,2.7062935231207805,0.9783194395949134,normalized_void>0.946305
nvt_scale,1.1,1.1,scale-1p1,W-potential/fcc-restart/01-nvt-round-1/md/scale-1p1/multi_nnap_md.xyz,3523,6.506777485,21.16813735,6.353559371,10.59626515,3024,2.2548751107989826,2.713602799569533,0.9809617277200174,normalized_void>0.946305
nvt_scale,1.1,1.1,scale-1p1,W-potential/fcc-restart/01-nvt-round-1/md/scale-1p1/multi_nnap_md.xyz,3524,7.566660187,21.16813735,7.624317111,9.418399312,3025,2.2185832029168013,2.735516220070985,0.9888833833281151,normalized_void>0.946305
nvt_scale,1.1,1.1,scale-1p1,W-potential/fcc-restart/01-nvt-round-1/md/scale-1p1/multi_nnap_md.xyz,3525,5.477761809,21.16813735,5.885033225,11.2325856,3026,2.2620648824584095,2.7664921021243476,1.0000810998036207,normalized_void>0.946305
nvt_scale,1.1,1.1,scale-1p1,W-potential/fcc-restart/01-nvt-round-1/md/scale-1p1/multi_nnap_md.xyz,3526,5.416798195,21.16813735,4.393129245,11.67926152,3027,2.2989894443909735,2.7715847538849943,1.001922082747253,normalized_void>0.946305
nvt_scale,1.1,1.1,scale-1p1,W-potential/fcc-restart/01-nvt-round-1/md/scale-1p1/multi_nnap_md.xyz,3527,5.762817187,21.16813735,6.040356201,8.734609693,3028,2.174569265678937,2.772780968003056,1.0023545116451607,normalized_void>0.946305
nvt_scale,1.1,1.1,scale-1p1,W-potential/fcc-restart/01-nvt-round-1/md/scale-1p1/multi_nnap_md.xyz,3528,15.04007765,21.16813735,10.10063424,7.280565766,3029,2.1318910920539365,2.750350167662065,0.9942458243088521,normalized_void>0.946305
nvt_scale,1.1,1.1,scale-1p1,W-potential/fcc-restart/01-nvt-round-1/md/scale-1p1/multi_nnap_md.xyz,3529,7.601845645,21.16813735,8.098067098,6.707599184,3030,2.139650249829814,2.731536015906161,0.9874445478600711,normalized_void>0.946305
nvt_scale,1.1,1.1,scale-1p1,W-potential/fcc-restart/01-nvt-round-1/md/scale-1p1/multi_nnap_md.xyz,3530,8.974209283,21.16813735,7.598857073,7.094554373,3031,2.1781111183301443,2.7195016371499774,0.9830941451487474,normalized_void>0.946305
nvt_scale,1.1,1.1,scale-1p1,W-potential/fcc-restart/01-nvt-round-1/md/scale-1p1/multi_nnap_md.xyz,3531,8.614242965,21.16813735,6.465432335,7.756627904,3032,2.199653275574762,2.7041609183511617,0.977548507437974,normalized_void>0.946305
nvt_scale,1.1,1.1,scale-1p1,W-potential/fcc-restart/01-nvt-round-1/md/scale-1p1/multi_nnap_md.xyz,3532,6.012572238,21.16813735,5.947688179,9.12101257,3033,2.2077552181169486,2.688473436843958,0.9718775157345001,normalized_void>0.946305
nvt_scale,1.1,1.1,scale-1p1,W-potential/fcc-restart/01-nvt-round-1/md/scale-1p1/multi_nnap_md.xyz,3533,5.460678521,21.16813735,5.548472529,10.77386956,3034,2.2319914578587237,2.673807317851708,0.966575744440681,normalized_void>0.946305
nvt_scale,1.1,1.1,scale-1p1,W-potential/fcc-restart/01-nvt-round-1/md/scale-1p1/multi_nnap_md.xyz,3534,5.267364513,21.16813735,6.40489209,14.10695098,3035,2.2500925982970306,2.63760920308207,0.9534902017775232,normalized_void>0.946305
nvt_scale,1.1,1.1,scale-1p1,W-potential/fcc-restart/01-nvt-round-1/md/scale-1p1/multi_nnap_md.xyz,3539,4.792799153,21.16813735,4.511986625,9.379625179,3040,2.274233357248506,2.636836989113203,0.9532110480453744,normalized_void>0.946305
nvt_scale,1.1,1.1,scale-1p1,W-potential/fcc-restart/01-nvt-round-1/md/scale-1p1/multi_nnap_md.xyz,3540,4.566576301,21.16813735,4.752549072,10.72617097,3041,2.3136336823207913,2.639902131229045,0.9543190904995392,normalized_void>0.946305
nvt_scale,1.1,1.1,scale-1p1,W-potential/fcc-restart/01-nvt-round-1/md/scale-1p1/multi_nnap_md.xyz,3541,3.744855953,21.16813735,5.403291347,11.97166355,3042,2.3406916289462907,2.6324197591936165,0.9516142286824442,normalized_void>0.946305
nvt_scale,1.1,1.1,scale-1p1,W-potential/fcc-restart/01-nvt-round-1/md/scale-1p1/multi_nnap_md.xyz,3542,3.834213923,21.16813735,5.086276306,11.36098029,3043,2.261689574276231,2.6206169608606826,0.9473475418090217,normalized_void>0.946305
nvt_scale,1.1,1.1,scale-1p1,W-potential/fcc-restart/01-nvt-round-1/md/scale-1p1/multi_nnap_md.xyz,3548,10.94797511,21.16813735,10.07406766,8.740180231,3049,2.1975017035929962,2.6254819618175262,0.9491062294639512,normalized_void>0.946305
nvt_scale,1.1,1.1,scale-1p1,W-potential/fcc-restart/01-nvt-round-1/md/scale-1p1/multi_nnap_md.xyz,3549,7.725078333,21.16813735,8.480644935,7.759100178,3050,2.188093603111159,2.63775366191399,0.9535424233426568,normalized_void>0.946305
nvt_scale,1.1,1.1,scale-1p1,W-potential/fcc-restart/01-nvt-round-1/md/scale-1p1/multi_nnap_md.xyz,3550,5.831716891,21.16813735,8.258098173,8.189444587,3051,2.2004299229407116,2.6476762294897136,0.9571294107359646,normalized_void>0.946305
nvt_scale,1.1,1.1,scale-1p1,W-potential/fcc-restart/01-nvt-round-1/md/scale-1p1/multi_nnap_md.xyz,3551,6.941580655,21.16813735,8.765312765,9.128987668,3052,2.206665868073087,2.6266758814970426,0.9495378289271309,normalized_void>0.946305
nvt_scale,1.1,1.1,scale-1p1,W-potential/fcc-restart/01-nvt-round-1/md/scale-1p1/multi_nnap_md.xyz,3552,12.12858512,21.16813735,8.356341179,10.14747053,3053,2.225560425782789,2.629704014794612,0.9506324927710146,normalized_void>0.946305
nvt_scale,1.1,1.1,scale-1p1,W-potential/fcc-restart/01-nvt-round-1/md/scale-1p1/multi_nnap_md.xyz,3553,16.95273909,21.16813735,10.74465592,9.063943697,3054,2.1575283808668586,2.6414849216322027,0.9548912659147277,normalized_void>0.946305
nvt_scale,1.1,1.1,scale-1p1,W-potential/fcc-restart/01-nvt-round-1/md/scale-1p1/multi_nnap_md.xyz,3554,11.37996446,21.16813735,7.563399334,11.45455428,3055,2.201566600452734,2.657327243427789,0.9606182320580999,normalized_void>0.946305
nvt_scale,1.1,1.1,scale-1p1,W-potential/fcc-restart/01-nvt-round-1/md/scale-1p1/multi_nnap_md.xyz,3555,8.006810554,21.16813735,7.71713944,15.61284211,3056,2.3224231049904875,2.672751475289382,0.9661940595661281,normalized_void>0.946305
nvt_scale,1.1,1.1,scale-1p1,W-potential/fcc-restart/01-nvt-round-1/md/scale-1p1/multi_nnap_md.xyz,3556,6.920711467,21.16813735,5.778061128,15.67865259,3057,2.31876512143373,2.7077506496311314,0.9788461877760869,normalized_void>0.946305
nvt_scale,1.1,1.1,scale-1p1,W-potential/fcc-restart/01-nvt-round-1/md/scale-1p1/multi_nnap_md.xyz,3557,5.627184011,21.16813735,5.184236735,13.40971421,3058,2.285082697588859,2.7177092534112615,0.9824462021818007,normalized_void>0.946305
nvt_scale,1.1,1.1,scale-1p1,W-potential/fcc-restart/01-nvt-round-1/md/scale-1p1/multi_nnap_md.xyz,3558,4.044492885,21.16813735,4.873786077,9.396274087,3059,2.3084858993623603,2.7360131226524658,0.9890630125704328,normalized_void>0.946305
nvt_scale,1.1,1.1,scale-1p1,W-potential/fcc-restart/01-nvt-round-1/md/scale-1p1/multi_nnap_md.xyz,3559,3.828106684,21.16813735,4.325687784,8.555662912,3060,2.29745765409574,2.751669706536159,0.9947228348477306,normalized_void>0.946305
nvt_scale,1.1,1.1,scale-1p1,W-potential/fcc-restart/01-nvt-round-1/md/scale-1p1/multi_nnap_md.xyz,3560,3.630481692,21.16813735,3.950895118,8.270018247,3061,2.305989547002569,2.7668935073620844,1.0002262069562182,normalized_void>0.946305
nvt_scale,1.1,1.1,scale-1p1,W-potential/fcc-restart/01-nvt-round-1/md/scale-1p1/multi_nnap_md.xyz,3561,3.863083312,21.16813735,4.905320113,9.636354455,3062,2.3189567669823075,2.758795151067095,0.9972986681196261,normalized_void>0.946305
nvt_scale,1.1,1.1,scale-1p1,W-potential/fcc-restart/01-nvt-round-1/md/scale-1p1/multi_nnap_md.xyz,3562,4.298961987,21.16813735,5.789451107,11.29560894,3063,2.270100996447131,2.7565587578319817,0.9964902166498214,normalized_void>0.946305
nvt_scale,1.1,1.1,scale-1p1,W-potential/fcc-restart/01-nvt-round-1/md/scale-1p1/multi_nnap_md.xyz,3563,3.889649795,21.16813735,5.044360547,11.30935977,3064,2.271980248400057,2.7576674485982506,0.9968910060393956,normalized_void>0.946305
nvt_scale,1.1,1.1,scale-1p1,W-potential/fcc-restart/01-nvt-round-1/md/scale-1p1/multi_nnap_md.xyz,3564,3.404196874,21.16813735,5.627556816,8.374298888,3065,2.2246669204803418,2.7369760033207555,0.9894110919150235,normalized_void>0.946305
nvt_scale,1.1,1.1,scale-1p1,W-potential/fcc-restart/01-nvt-round-1/md/scale-1p1/multi_nnap_md.xyz,3565,4.046452958,21.16813735,5.908143892,9.685710351,3066,2.2145716523091856,2.709377402397926,0.9794342554936398,normalized_void>0.946305
nvt_scale,1.1,1.1,scale-1p1,W-potential/fcc-restart/01-nvt-round-1/md/scale-1p1/multi_nnap_md.xyz,3566,4.602446818,21.16813735,5.493038975,8.107584377,3067,2.3154879559401436,2.660068955455608,0.9616093552129502,normalized_void>0.946305
nvt_scale,1.1,1.1,scale-1p1,W-potential/fcc-restart/01-nvt-round-1/md/scale-1p1/multi_nnap_md.xyz,3567,5.218273334,21.16813735,7.087371201,10.10869716,3068,2.222391434700944,2.62035892710544,0.9472542631470181,normalized_void>0.946305
nvt_scale,1.1,1.1,scale-1p1,W-potential/fcc-restart/01-nvt-round-1/md/scale-1p1/multi_nnap_md.xyz,3579,10.97413679,21.16813735,6.936287877,10.35321303,3080,2.2253773927634612,2.6185781578951115,0.9466105188077539,normalized_void>0.946305
nvt_scale,1.1,1.1,scale-1p1,W-potential/fcc-restart/01-nvt-round-1/md/scale-1p1/multi_nnap_md.xyz,3580,6.57478596,21.16813735,6.188022265,9.448153165,3081,2.229154887641578,2.6193756846693175,0.9468988230660087,normalized_void>0.946305
nvt_scale,1.1,1.1,scale-1p1,W-potential/fcc-restart/01-nvt-round-1/md/scale-1p1/multi_nnap_md.xyz,3581,7.085088382,21.16813735,6.678593947,8.643222427,3082,2.2090526743686536,2.618608731993471,0.9466215712802658,normalized_void>0.946305
nvt_scale,1.1,1.1,scale-1p1,W-potential/fcc-restart/01-nvt-round-1/md/scale-1p1/multi_nnap_md.xyz,3586,5.013673157,21.16813735,5.03877808,8.463592661,3087,2.2114905484454046,2.628565260536976,0.9502208354922866,normalized_void>0.946305
nvt_scale,1.1,1.1,scale-1p1,W-potential/fcc-restart/01-nvt-round-1/md/scale-1p1/multi_nnap_md.xyz,3587,5.099143158,21.16813735,6.786165944,10.06211957,3088,2.2207363452551396,2.6597433636509256,0.9614916544575915,normalized_void>0.946305
nvt_scale,1.1,1.1,scale-1p1,W-potential/fcc-restart/01-nvt-round-1/md/scale-1p1/multi_nnap_md.xyz,3588,5.166415892,21.16813735,6.686336042,8.327173623,3089,2.292968110159488,2.683735278802897,0.9701646815279217,normalized_void>0.946305
nvt_scale,1.1,1.1,scale-1p1,W-potential/fcc-restart/01-nvt-round-1/md/scale-1p1/multi_nnap_md.xyz,3589,4.281594039,21.16813735,4.787535672,8.760677174,3090,2.3124118364648973,2.7012749957240425,0.976505252453562,normalized_void>0.946305
nvt_scale,1.1,1.1,scale-1p1,W-potential/fcc-restart/01-nvt-round-1/md/scale-1p1/multi_nnap_md.xyz,3590,4.981757258,21.16813735,4.731829932,7.832032336,3091,2.243809943345267,2.6966582751177683,0.9748363176252777,normalized_void>0.946305
nvt_scale,1.1,1.1,scale-1p1,W-potential/fcc-restart/01-nvt-round-1/md/scale-1p1/multi_nnap_md.xyz,3591,8.456233881,21.16813735,7.458929441,8.191868688,3092,2.207479748436151,2.7107280153310773,0.9799224992397751,normalized_void>0.946305
nvt_scale,1.1,1.1,scale-1p1,W-potential/fcc-restart/01-nvt-round-1/md/scale-1p1/multi_nnap_md.xyz,3592,8.702657053,21.16813735,8.537245621,10.35208377,3093,2.1963211906836975,2.717119425457683,0.9822329806121253,normalized_void>0.946305
nvt_scale,1.1,1.1,scale-1p1,W-potential/fcc-restart/01-nvt-round-1/md/scale-1p1/multi_nnap_md.xyz,3593,7.759768962,21.16813735,7.507697704,11.03242879,3094,2.282050357670419,2.7134576089348803,0.9809092416097288,normalized_void>0.946305
nvt_scale,1.1,1.1,scale-1p1,W-potential/fcc-restart/01-nvt-round-1/md/scale-1p1/multi_nnap_md.xyz,3594,7.468358072,21.16813735,9.047318372,9.299485727,3095,2.1986646716779474,2.7188501502046574,0.9828586339827177,normalized_void>0.946305
nvt_scale,1.1,1.1,scale-1p1,W-potential/fcc-restart/01-nvt-round-1/md/scale-1p1/multi_nnap_md.xyz,3595,13.50216821,21.16813735,12.50406653,10.35453741,3096,2.1490591653719964,2.732072302630301,0.9876384143874601,normalized_void>0.946305
nvt_scale,1.1,1.1,scale-1p1,W-potential/fcc-restart/01-nvt-round-1/md/scale-1p1/multi_nnap_md.xyz,3596,11.25448229,21.16813735,8.399906277,11.9455724,3097,2.192161769711767,2.740512960317349,0.990689694460245,normalized_void>0.946305
nvt_scale,1.1,1.1,scale-1p1,W-potential/fcc-restart/01-nvt-round-1/md/scale-1p1/multi_nnap_md.xyz,3597,8.595455339,21.16813735,6.425111684,12.55312365,3098,2.2612664645497498,2.7321059721734997,0.9876505858567971,normalized_void>0.946305
nvt_scale,1.1,1.1,scale-1p1,W-potential/fcc-restart/01-nvt-round-1/md/scale-1p1/multi_nnap_md.xyz,3598,5.608069712,21.16813735,5.835184003,11.16722036,3099,2.2530336957454216,2.717134892602419,0.9822385719525474,normalized_void>0.946305
nvt_scale,1.1,1.1,scale-1p1,W-potential/fcc-restart/01-nvt-round-1/md/scale-1p1/multi_nnap_md.xyz,3599,5.805829755,21.16813735,7.465697978,8.391333336,3100,2.191722156703471,2.7187148422062535,0.9828097204247314,normalized_void>0.946305
nvt_scale,1.1,1.1,scale-1p1,W-potential/fcc-restart/01-nvt-round-1/md/scale-1p1/multi_nnap_md.xyz,3600,6.658673965,21.16813735,8.007865994,9.028893469,3101,2.1839470848320413,2.7198939352764713,0.9832359600997077,normalized_void>0.946305
nvt_scale,1.1,1.1,scale-1p1,W-potential/fcc-restart/01-nvt-round-1/md/scale-1p1/multi_nnap_md.xyz,3601,11.20792367,21.16813735,7.851506534,10.15892322,3102,2.1814297409365513,2.727033724707521,0.9858169790229454,normalized_void>0.946305
nvt_scale,1.1,1.1,scale-1p1,W-potential/fcc-restart/01-nvt-round-1/md/scale-1p1/multi_nnap_md.xyz,3602,12.29129522,21.16813735,9.011415606,11.22416838,3103,2.154342477138953,2.72632686331659,0.985561450110823,normalized_void>0.946305
nvt_scale,1.1,1.1,scale-1p1,W-potential/fcc-restart/01-nvt-round-1/md/scale-1p1/multi_nnap_md.xyz,3603,10.65431919,21.16813735,8.199884583,8.738986888,3104,2.1722315998781276,2.709721499833392,0.9795586459957621,normalized_void>0.946305
nvt_scale,1.1,1.1,scale-1p1,W-potential/fcc-restart/01-nvt-round-1/md/scale-1p1/multi_nnap_md.xyz,3604,6.355625004,21.16813735,5.701463859,8.385246517,3105,2.207116081057206,2.7056714272008278,0.9780945532229871,normalized_void>0.946305
nvt_scale,1.1,1.1,scale-1p1,W-potential/fcc-restart/01-nvt-round-1/md/scale-1p1/multi_nnap_md.xyz,3605,8.11699931,21.16813735,7.267079915,17.48626135,3106,2.175300285130148,2.7053670511244188,0.9779845219089576,normalized_void>0.946305
nvt_scale,1.1,1.1,scale-1p1,W-potential/fcc-restart/01-nvt-round-1/md/scale-1p1/multi_nnap_md.xyz,3606,7.238671169,21.16813735,6.490306561,20.70844718,3107,2.274324454631597,2.705959855760166,0.9781988195430016,normalized_void>0.946305
nvt_scale,1.1,1.1,scale-1p1,W-potential/fcc-restart/01-nvt-round-1/md/scale-1p1/multi_nnap_md.xyz,3607,6.251290075,21.16813735,9.285929317,17.35714571,3108,2.3524473672348543,2.6977426460654983,0.9752283154513941,normalized_void>0.946305
nvt_scale,1.1,1.1,scale-1p1,W-potential/fcc-restart/01-nvt-round-1/md/scale-1p1/multi_nnap_md.xyz,3608,6.203229395,21.16813735,9.424762347,14.67599588,3109,2.259401100642246,2.694687819890674,0.9741240021882978,normalized_void>0.946305
nvt_scale,1.1,1.1,scale-1p1,W-potential/fcc-restart/01-nvt-round-1/md/scale-1p1/multi_nnap_md.xyz,3609,7.752330262,21.16813735,7.875960004,14.55414986,3110,2.2421244769404742,2.685106897941078,0.9706605189731724,normalized_void>0.946305
nvt_scale,1.1,1.1,scale-1p1,W-potential/fcc-restart/01-nvt-round-1/md/scale-1p1/multi_nnap_md.xyz,3610,8.545630624,21.16813735,7.946952862,15.66358173,3111,2.2486858780979695,2.6596953765304945,0.9614743072140769,normalized_void>0.946305
nvt_scale,1.1,1.1,scale-1p1,W-potential/fcc-restart/01-nvt-round-1/md/scale-1p1/multi_nnap_md.xyz,3611,6.838468743,21.16813735,6.414853264,14.73050732,3112,2.243034090559332,2.625770175792523,0.9492104182121757,normalized_void>0.946305
nvt_scale,1.1,1.1,scale-1p1,W-potential/fcc-restart/01-nvt-round-1/md/scale-1p1/multi_nnap_md.xyz,3613,9.635829826,21.16813735,6.202326142,9.809104386,3114,2.2214377231152493,2.6275226879976223,0.949843947703241,normalized_void>0.946305
nvt_scale,1.1,1.1,scale-1p1,W-potential/fcc-restart/01-nvt-round-1/md/scale-1p1/multi_nnap_md.xyz,3614,14.23378729,21.16813735,8.598781349,9.525319185,3115,2.1878093740722355,2.6253047798460507,0.949042178552415,normalized_void>0.946305
nvt_scale,1.1,1.1,scale-1p1,W-potential/fcc-restart/01-nvt-round-1/md/scale-1p1/multi_nnap_md.xyz,3689,6.791681632,21.16813735,6.065404856,11.26672174,3190,2.1979475307544236,2.6272532842237015,0.9497465588033027,normalized_void>0.946305
nvt_scale,1.1,1.1,scale-1p1,W-potential/fcc-restart/01-nvt-round-1/md/scale-1p1/multi_nnap_md.xyz,3690,5.386085419,21.16813735,5.190813517,9.184443626,3191,2.2623155273973,2.6672381557163933,0.964201006089529,normalized_void>0.946305
nvt_scale,1.1,1.1,scale-1p1,W-potential/fcc-restart/01-nvt-round-1/md/scale-1p1/multi_nnap_md.xyz,3691,5.091333407,21.16813735,4.993436159,9.437094629,3192,2.2860021187185646,2.6947129063508437,0.9741330708910992,normalized_void>0.946305
nvt_scale,1.1,1.1,scale-1p1,W-potential/fcc-restart/01-nvt-round-1/md/scale-1p1/multi_nnap_md.xyz,3692,4.364948976,21.16813735,5.052629618,8.431743305,3193,2.311237375009027,2.709333539775964,0.9794183992476819,normalized_void>0.946305
nvt_scale,1.1,1.1,scale-1p1,W-potential/fcc-restart/01-nvt-round-1/md/scale-1p1/multi_nnap_md.xyz,3693,4.590755061,21.16813735,5.332544111,7.132447213,3194,2.330093090046277,2.7200865530674228,0.9833055910276502,normalized_void>0.946305
nvt_scale,1.1,1.1,scale-1p1,W-potential/fcc-restart/01-nvt-round-1/md/scale-1p1/multi_nnap_md.xyz,3694,5.28839373,21.16813735,5.271566752,9.47187289,3195,2.32712408375245,2.739617113205539,0.9903658476059032,normalized_void>0.946305
nvt_scale,1.1,1.1,scale-1p1,W-potential/fcc-restart/01-nvt-round-1/md/scale-1p1/multi_nnap_md.xyz,3695,5.763482186,21.16813735,5.240437437,11.37807984,3196,2.303946200993108,2.7740993952420356,1.002831120330274,normalized_void>0.946305
nvt_scale,1.1,1.1,scale-1p1,W-potential/fcc-restart/01-nvt-round-1/md/scale-1p1/multi_nnap_md.xyz,3696,6.287051164,21.16813735,6.72164257,11.37590073,3197,2.2464759642119123,2.808355322302573,1.0152145662049932,normalized_void>0.946305
nvt_scale,1.1,1.1,scale-1p1,W-potential/fcc-restart/01-nvt-round-1/md/scale-1p1/multi_nnap_md.xyz,3697,6.194502202,21.16813735,7.310616453,11.78938724,3198,2.240080704044207,2.8291100153153312,1.0227173442531745,normalized_void>0.946305
nvt_scale,1.1,1.1,scale-1p1,W-potential/fcc-restart/01-nvt-round-1/md/scale-1p1/multi_nnap_md.xyz,3698,9.292006208,21.16813735,9.329077561,10.78953901,3199,2.1740774553554725,2.8258459137524565,1.021537378375678,normalized_void>0.946305
nvt_scale,1.1,1.1,scale-1p1,W-potential/fcc-restart/01-nvt-round-1/md/scale-1p1/multi_nnap_md.xyz,3699,10.74279778,21.16813735,9.603647664,9.073382372,3200,2.1622499775758217,2.839416688054791,1.0264431848585678,normalized_void>0.946305
nvt_scale,1.1,1.1,scale-1p1,W-potential/fcc-restart/01-nvt-round-1/md/scale-1p1/multi_nnap_md.xyz,3700,6.508410402,21.16813735,6.647685782,8.500443627,3201,2.2032262932424436,2.8396796642189006,1.0265382501910236,normalized_void>0.946305
nvt_scale,1.1,1.1,scale-1p1,W-potential/fcc-restart/01-nvt-round-1/md/scale-1p1/multi_nnap_md.xyz,3701,4.672690529,21.16813735,4.867417052,9.141412273,3202,2.256269588668707,2.85253752855025,1.031186341212772,normalized_void>0.946305
nvt_scale,1.1,1.1,scale-1p1,W-potential/fcc-restart/01-nvt-round-1/md/scale-1p1/multi_nnap_md.xyz,3702,4.691529898,21.16813735,3.625111863,8.825056457,3203,2.3497284336077993,2.8766460610435653,1.0399015252077135,normalized_void>0.946305
nvt_scale,1.1,1.1,scale-1p1,W-potential/fcc-restart/01-nvt-round-1/md/scale-1p1/multi_nnap_md.xyz,3703,4.906510144,21.16813735,4.152583346,8.911989117,3204,2.3104432658587384,2.8762339462002027,1.0397525465551163,normalized_void>0.946305
nvt_scale,1.1,1.1,scale-1p1,W-potential/fcc-restart/01-nvt-round-1/md/scale-1p1/multi_nnap_md.xyz,3704,4.526438137,21.16813735,5.653846757,11.078461,3205,2.232766441454002,2.872186225993016,1.0382893041791874,normalized_void>0.946305
nvt_scale,1.1,1.1,scale-1p1,W-potential/fcc-restart/01-nvt-round-1/md/scale-1p1/multi_nnap_md.xyz,3705,7.793574992,21.16813735,8.954414161,10.30259025,3206,2.1626478979634793,2.8779924172107014,1.0403882301418512,normalized_void>0.946305
nvt_scale,1.1,1.1,scale-1p1,W-potential/fcc-restart/01-nvt-round-1/md/scale-1p1/multi_nnap_md.xyz,3706,7.824975915,21.16813735,8.14724028,10.88127725,3207,2.179574292249547,2.8865589603910835,1.0434850175567774,normalized_void>0.946305
nvt_scale,1.1,1.1,scale-1p1,W-potential/fcc-restart/01-nvt-round-1/md/scale-1p1/multi_nnap_md.xyz,3707,5.109385207,21.16813735,5.338957083,11.24466132,3208,2.248452362371777,2.8730362251327977,1.0385965770876813,normalized_void>0.946305
nvt_scale,1.1,1.1,scale-1p1,W-potential/fcc-restart/01-nvt-round-1/md/scale-1p1/multi_nnap_md.xyz,3708,7.67974626,21.16813735,6.866508738,9.390226925,3209,2.2619370325574675,2.8279212124319972,1.0222875945010963,normalized_void>0.946305
nvt_scale,1.1,1.1,scale-1p1,W-potential/fcc-restart/01-nvt-round-1/md/scale-1p1/multi_nnap_md.xyz,3709,20.08335435,21.16813735,12.58158689,10.59832957,3210,2.160781799292755,2.813835758687372,1.017195732477944,normalized_void>0.946305
nvt_scale,1.1,1.1,scale-1p1,W-potential/fcc-restart/01-nvt-round-1/md/scale-1p1/multi_nnap_md.xyz,3710,20.43769904,21.16813735,12.91463667,11.75108097,3211,2.1495515300455352,2.8198882174861204,1.0193836836552925,normalized_void>0.946305
nvt_scale,1.1,1.1,scale-1p1,W-potential/fcc-restart/01-nvt-round-1/md/scale-1p1/multi_nnap_md.xyz,3711,7.33763515,21.16813735,7.175293835,11.76043707,3212,2.2242066540848366,2.816758996564235,1.018252476846972,normalized_void>0.946305
nvt_scale,1.1,1.1,scale-1p1,W-potential/fcc-restart/01-nvt-round-1/md/scale-1p1/multi_nnap_md.xyz,3712,12.59463804,21.16813735,9.866567042,11.79703053,3213,2.129770100543599,2.8176458921759924,1.0185730877527963,normalized_void>0.946305
nvt_scale,1.1,1.1,scale-1p1,W-potential/fcc-restart/01-nvt-round-1/md/scale-1p1/multi_nnap_md.xyz,3713,13.39659974,21.16813735,10.76498433,9.508819367,3214,2.1200770222853476,2.8200547820084956,1.0194438963812198,normalized_void>0.946305
nvt_scale,1.1,1.1,scale-1p1,W-potential/fcc-restart/01-nvt-round-1/md/scale-1p1/multi_nnap_md.xyz,3714,4.535377588,21.16813735,5.34488666,10.59580908,3215,2.253001165954042,2.8168597184142126,1.0182888875847518,normalized_void>0.946305
nvt_scale,1.1,1.1,scale-1p1,W-potential/fcc-restart/01-nvt-round-1/md/scale-1p1/multi_nnap_md.xyz,3715,4.561345239,21.16813735,5.442635856,9.804682977,3216,2.33823696235829,2.8457231576344384,1.0287229604011219,normalized_void>0.946305
nvt_scale,1.1,1.1,scale-1p1,W-potential/fcc-restart/01-nvt-round-1/md/scale-1p1/multi_nnap_md.xyz,3716,5.311691874,21.16813735,4.547568489,8.53632676,3217,2.267658848269194,2.8379519619257274,1.0259136894311491,normalized_void>0.946305
nvt_scale,1.1,1.1,scale-1p1,W-potential/fcc-restart/01-nvt-round-1/md/scale-1p1/multi_nnap_md.xyz,3717,6.083968745,21.16813735,5.711676732,10.62130646,3218,2.1666148958706044,2.8156598471340475,1.0178551366304045,normalized_void>0.946305
nvt_scale,1.1,1.1,scale-1p1,W-potential/fcc-restart/01-nvt-round-1/md/scale-1p1/multi_nnap_md.xyz,3718,7.14280348,21.16813735,8.745466755,13.68864463,3219,2.09141047868327,2.7995898696773693,1.0120458734424298,normalized_void>0.946305
nvt_scale,1.1,1.1,scale-1p1,W-potential/fcc-restart/01-nvt-round-1/md/scale-1p1/multi_nnap_md.xyz,3719,7.367539971,21.16813735,8.363357897,12.25581739,3220,2.106641005881541,2.7837263566716564,1.0063112467209872,normalized_void>0.946305
nvt_scale,1.1,1.1,scale-1p1,W-potential/fcc-restart/01-nvt-round-1/md/scale-1p1/multi_nnap_md.xyz,3720,5.376096269,21.16813735,6.400485069,11.30375993,3221,2.175313938022519,2.7518516912215536,0.9947886219302879,normalized_void>0.946305
nvt_scale,1.1,1.1,scale-1p1,W-potential/fcc-restart/01-nvt-round-1/md/scale-1p1/multi_nnap_md.xyz,3721,4.712798388,21.16813735,6.041945672,10.11142429,3222,2.244530175099457,2.726000871916922,0.9854436049027142,normalized_void>0.946305
nvt_scale,1.1,1.1,scale-1p1,W-potential/fcc-restart/01-nvt-round-1/md/scale-1p1/multi_nnap_md.xyz,3722,4.797696694,21.16813735,4.693947558,8.744616505,3223,2.2643204075733103,2.7003127499729076,0.9761574026301928,normalized_void>0.946305
nvt_scale,1.1,1.1,scale-1p1,W-potential/fcc-restart/01-nvt-round-1/md/scale-1p1/multi_nnap_md.xyz,3723,5.901381019,21.16813735,6.811774778,8.363829634,3224,2.244422686194629,2.6771462506384824,0.9677827616488645,normalized_void>0.946305
nvt_scale,1.1,1.1,scale-1p1,W-potential/fcc-restart/01-nvt-round-1/md/scale-1p1/multi_nnap_md.xyz,3724,14.04577561,21.16813735,9.043435283,8.172816072,3225,2.1761724358775214,2.6529123149167173,0.959022244649527,normalized_void>0.946305
nvt_scale,1.1,1.1,scale-1p1,W-potential/fcc-restart/01-nvt-round-1/md/scale-1p1/multi_nnap_md.xyz,3725,12.59936057,21.16813735,8.571042723,10.75703561,3226,2.16507249119649,2.6244572307369984,0.9487357913248976,normalized_void>0.946305
nvt_scale,1.1,1.1,scale-1p1,W-potential/fcc-restart/01-nvt-round-1/md/scale-1p1/multi_nnap_md.xyz,3734,10.2731088,21.16813735,6.968305128,10.20975909,3235,2.2106758000734006,2.641747243252246,0.9549860946308746,normalized_void>0.946305
nvt_scale,1.1,1.1,scale-1p1,W-potential/fcc-restart/01-nvt-round-1/md/scale-1p1/multi_nnap_md.xyz,3735,6.449447727,21.16813735,5.056369721,10.44320425,3236,2.2918085323869386,2.674336513206906,0.9667670474530521,normalized_void>0.946305
nvt_scale,1.1,1.1,scale-1p1,W-potential/fcc-restart/01-nvt-round-1/md/scale-1p1/multi_nnap_md.xyz,3736,6.902473393,21.16813735,5.528713936,8.165928269,3237,2.2381625216664065,2.71118040021475,0.9800860354275888,normalized_void>0.946305
nvt_scale,1.1,1.1,scale-1p1,W-potential/fcc-restart/01-nvt-round-1/md/scale-1p1/multi_nnap_md.xyz,3737,12.04163089,21.16813735,9.801718882,7.425032309,3238,2.1896793309752245,2.6514243732105878,0.9584843568396297,normalized_void>0.946305
nvt_scale,1.1,1.1,scale-1p1,W-potential/fcc-restart/01-nvt-round-1/md/scale-1p1/multi_nnap_md.xyz,3738,12.80783306,21.16813735,10.81004304,7.489458233,3239,2.179806460034587,2.663347673555286,0.9627946049378833,normalized_void>0.946305
nvt_scale,1.1,1.1,scale-1p1,W-potential/fcc-restart/01-nvt-round-1/md/scale-1p1/multi_nnap_md.xyz,3739,10.1024225,21.16813735,8.44613411,8.701931534,3240,2.180160482134991,2.686258791840789,0.9710769262049861,normalized_void>0.946305
nvt_scale,1.1,1.1,scale-1p1,W-potential/fcc-restart/01-nvt-round-1/md/scale-1p1/multi_nnap_md.xyz,3740,7.355621365,21.16813735,6.429065207,9.42155151,3241,2.2292270062105697,2.6543674700242006,0.9595482801726933,normalized_void>0.946305
nvt_scale,1.1,1.1,scale-1p1,W-potential/fcc-restart/01-nvt-round-1/md/scale-1p1/multi_nnap_md.xyz,3741,6.438221666,21.16813735,8.025661867,9.707998899,3242,2.205531804622129,2.6387587460457866,0.9539057591508995,normalized_void>0.946305
nvt_scale,1.1,1.1,scale-1p1,W-potential/fcc-restart/01-nvt-round-1/md/scale-1p1/multi_nnap_md.xyz,3742,8.663125462,21.16813735,8.990880536,9.789766085,3243,2.2035287173440543,2.6462516736275656,0.956614436775889,normalized_void>0.946305
nvt_scale,1.1,1.1,scale-1p1,W-potential/fcc-restart/01-nvt-round-1/md/scale-1p1/multi_nnap_md.xyz,3743,7.915283484,21.16813735,8.224601353,11.66210529,3244,2.165733135014463,2.667897438831748,0.9644393355546951,normalized_void>0.946305
nvt_scale,1.1,1.1,scale-1p1,W-potential/fcc-restart/01-nvt-round-1/md/scale-1p1/multi_nnap_md.xyz,3744,14.69149825,21.16813735,11.75734062,8.656555698,3245,2.1068279443342024,2.679060786775093,0.9684748624517711,normalized_void>0.946305
nvt_scale,1.1,1.1,scale-1p1,W-potential/fcc-restart/01-nvt-round-1/md/scale-1p1/multi_nnap_md.xyz,3745,15.12802163,21.16813735,12.0389108,6.22362851,3246,2.094806030661822,2.6807420377110276,0.9690826311433081,normalized_void>0.946305
nvt_scale,1.1,1.1,scale-1p1,W-potential/fcc-restart/01-nvt-round-1/md/scale-1p1/multi_nnap_md.xyz,3746,17.81619578,21.16813735,13.19179049,7.543753739,3247,2.1653671810935853,2.6952619787238556,0.9743315594037727,normalized_void>0.946305
nvt_scale,1.1,1.1,scale-1p1,W-potential/fcc-restart/01-nvt-round-1/md/scale-1p1/multi_nnap_md.xyz,3747,10.69169407,21.16813735,10.51224455,7.937376409,3248,2.1889547173243513,2.7226002185251343,0.9842142758251077,normalized_void>0.946305
nvt_scale,1.1,1.1,scale-1p1,W-potential/fcc-restart/01-nvt-round-1/md/scale-1p1/multi_nnap_md.xyz,3748,5.71569388,21.16813735,4.725050559,6.887139474,3249,2.291281804087789,2.712305726521571,0.9804928385302253,normalized_void>0.946305
nvt_scale,1.1,1.1,scale-1p1,W-potential/fcc-restart/01-nvt-round-1/md/scale-1p1/multi_nnap_md.xyz,3749,12.76419483,21.16813735,8.156493538,8.19821089,3250,2.220023355410608,2.7157901926889494,0.9817524657506408,normalized_void>0.946305
nvt_scale,1.1,1.1,scale-1p1,W-potential/fcc-restart/01-nvt-round-1/md/scale-1p1/multi_nnap_md.xyz,3750,14.51551764,21.16813735,9.512526756,10.32186,3251,2.1888155805526632,2.758237372399312,0.9970970322996304,normalized_void>0.946305
nvt_scale,1.1,1.1,scale-1p1,W-potential/fcc-restart/01-nvt-round-1/md/scale-1p1/multi_nnap_md.xyz,3751,10.57914958,21.16813735,8.032891218,11.18849219,3252,2.233133564237723,2.8165347959449605,1.018171428792749,normalized_void>0.946305
nvt_scale,1.1,1.1,scale-1p1,W-potential/fcc-restart/01-nvt-round-1/md/scale-1p1/multi_nnap_md.xyz,3752,7.258505717,21.16813735,6.235189285,9.790539076,3253,2.2618519726254784,2.865603125279415,1.0359095270611827,normalized_void>0.946305
nvt_scale,1.1,1.1,scale-1p1,W-potential/fcc-restart/01-nvt-round-1/md/scale-1p1/multi_nnap_md.xyz,3753,7.904522279,21.16813735,6.702380426,10.77523273,3254,2.2195289781341394,2.8930311356187604,1.0458246953439818,normalized_void>0.946305
nvt_scale,1.1,1.1,scale-1p1,W-potential/fcc-restart/01-nvt-round-1/md/scale-1p1/multi_nnap_md.xyz,3754,6.682759392,21.16813735,6.095247767,10.67334785,3255,2.2277965615369495,2.905630904499473,1.050379485400971,normalized_void>0.946305
nvt_scale,1.1,1.1,scale-1p1,W-potential/fcc-restart/01-nvt-round-1/md/scale-1p1/multi_nnap_md.xyz,3755,9.14124557,21.16813735,6.642555913,9.275487982,3256,2.1713647418981195,2.899963300698466,1.0483306584991303,normalized_void>0.946305
nvt_scale,1.1,1.1,scale-1p1,W-potential/fcc-restart/01-nvt-round-1/md/scale-1p1/multi_nnap_md.xyz,3756,18.0073738,21.16813735,10.12274201,7.448512415,3257,2.151145887114396,2.8922587073191677,1.0455454641317248,normalized_void>0.946305
nvt_scale,1.1,1.1,scale-1p1,W-potential/fcc-restart/01-nvt-round-1/md/scale-1p1/multi_nnap_md.xyz,3757,17.95806713,21.16813735,10.51982898,8.160166358,3258,2.1880298382272834,2.8737272620274603,1.038846385477551,normalized_void>0.946305
nvt_scale,1.1,1.1,scale-1p1,W-potential/fcc-restart/01-nvt-round-1/md/scale-1p1/multi_nnap_md.xyz,3758,14.17766454,21.16813735,8.072497583,9.086017653,3259,2.2215467875125032,2.876320486455183,1.0397838306760112,normalized_void>0.946305
nvt_scale,1.1,1.1,scale-1p1,W-potential/fcc-restart/01-nvt-round-1/md/scale-1p1/multi_nnap_md.xyz,3759,7.69285559,21.16813735,6.205374169,8.938255485,3260,2.2758124217961875,2.8934684442020706,1.0459827814807956,normalized_void>0.946305
nvt_scale,1.1,1.1,scale-1p1,W-potential/fcc-restart/01-nvt-round-1/md/scale-1p1/multi_nnap_md.xyz,3760,5.712023075,21.16813735,5.124777823,9.537538802,3261,2.2963351457303665,2.90324476766294,1.0495169019329287,normalized_void>0.946305
nvt_scale,1.1,1.1,scale-1p1,W-potential/fcc-restart/01-nvt-round-1/md/scale-1p1/multi_nnap_md.xyz,3761,11.03907329,21.16813735,8.835104387,9.01966605,3262,2.248388446369538,2.8973786995482294,1.0473963305974174,normalized_void>0.946305
nvt_scale,1.1,1.1,scale-1p1,W-potential/fcc-restart/01-nvt-round-1/md/scale-1p1/multi_nnap_md.xyz,3762,9.860085102,21.16813735,8.464121498,9.382729968,3263,2.2465921862730074,2.860021097772897,1.0338916358105388,normalized_void>0.946305
nvt_scale,1.1,1.1,scale-1p1,W-potential/fcc-restart/01-nvt-round-1/md/scale-1p1/multi_nnap_md.xyz,3763,4.926636372,21.16813735,4.798356713,7.154479749,3264,2.343150128624031,2.820364390725859,1.0195558192839933,normalized_void>0.946305
nvt_scale,1.1,1.1,scale-1p1,W-potential/fcc-restart/01-nvt-round-1/md/scale-1p1/multi_nnap_md.xyz,3764,4.647373712,21.16813735,4.054963389,9.114986085,3265,2.3374119039990657,2.789279049075417,1.0083185333934341,normalized_void>0.946305
nvt_scale,1.1,1.1,scale-1p1,W-potential/fcc-restart/01-nvt-round-1/md/scale-1p1/multi_nnap_md.xyz,3765,5.174140654,21.16813735,4.264464753,9.533343208,3266,2.3040589545578345,2.7761363351383843,1.0035674698359205,normalized_void>0.946305
nvt_scale,1.1,1.1,scale-1p1,W-potential/fcc-restart/01-nvt-round-1/md/scale-1p1/multi_nnap_md.xyz,3766,5.326899027,21.16813735,4.948477706,9.006309793,3267,2.290081829466708,2.7667539329564628,1.00017575110096,normalized_void>0.946305
nvt_scale,1.1,1.1,scale-1p1,W-potential/fcc-restart/01-nvt-round-1/md/scale-1p1/multi_nnap_md.xyz,3767,5.632821952,21.16813735,5.074741171,8.752870613,3268,2.3082705062555355,2.7675709960807087,1.0004711177088303,normalized_void>0.946305
nvt_scale,1.1,1.1,scale-1p1,W-potential/fcc-restart/01-nvt-round-1/md/scale-1p1/multi_nnap_md.xyz,3768,6.838027199,21.16813735,4.701325645,9.167030856,3269,2.2729405388176316,2.743480716796969,0.9917625322109144,normalized_void>0.946305
nvt_scale,1.1,1.1,scale-1p1,W-potential/fcc-restart/01-nvt-round-1/md/scale-1p1/multi_nnap_md.xyz,3769,6.641673951,21.16813735,4.402970986,9.397911043,3270,2.2708247270377133,2.7152354889369916,0.9815519415062747,normalized_void>0.946305
nvt_scale,1.1,1.1,scale-1p1,W-potential/fcc-restart/01-nvt-round-1/md/scale-1p1/multi_nnap_md.xyz,3770,5.435653773,21.16813735,4.562058251,8.260072796,3271,2.298687544802838,2.6947544761387556,0.9741480982823509,normalized_void>0.946305
nvt_scale,1.1,1.1,scale-1p1,W-potential/fcc-restart/01-nvt-round-1/md/scale-1p1/multi_nnap_md.xyz,3771,4.91054529,21.16813735,4.516096928,10.45117968,3272,2.2977029126054376,2.694936169122872,0.9742137799155073,normalized_void>0.946305
nvt_scale,1.1,1.1,scale-1p1,W-potential/fcc-restart/01-nvt-round-1/md/scale-1p1/multi_nnap_md.xyz,3772,5.12825602,21.16813735,4.333760442,14.2849884,3273,2.2707117877513725,2.7058879456414364,0.9781728241857147,normalized_void>0.946305
nvt_scale,1.1,1.1,scale-1p1,W-potential/fcc-restart/01-nvt-round-1/md/scale-1p1/multi_nnap_md.xyz,3773,5.260032083,21.16813735,4.574368182,15.51568365,3274,2.267956504897306,2.722563194783598,0.984200891820098,normalized_void>0.946305
nvt_scale,1.1,1.1,scale-1p1,W-potential/fcc-restart/01-nvt-round-1/md/scale-1p1/multi_nnap_md.xyz,3774,4.965523432,21.16813735,4.158904673,13.64519648,3275,2.2771650310588707,2.7389958682782884,0.9901412688660559,normalized_void>0.946305
nvt_scale,1.1,1.1,scale-1p1,W-potential/fcc-restart/01-nvt-round-1/md/scale-1p1/multi_nnap_md.xyz,3775,4.951637642,21.16813735,4.569809648,9.867945765,3276,2.22904314325736,2.7902572007306525,1.0086721331678168,normalized_void>0.946305
nvt_scale,1.1,1.1,scale-1p1,W-potential/fcc-restart/01-nvt-round-1/md/scale-1p1/multi_nnap_md.xyz,3776,4.782047364,21.16813735,4.686970627,7.273510278,3277,2.2266002296887004,2.828397474315775,1.0224597621744316,normalized_void>0.946305
nvt_scale,1.1,1.1,scale-1p1,W-potential/fcc-restart/01-nvt-round-1/md/scale-1p1/multi_nnap_md.xyz,3777,4.459547431,21.16813735,3.997331417,7.086116508,3278,2.259326427710339,2.8674959569764957,1.0365937817546649,normalized_void>0.946305
nvt_scale,1.1,1.1,scale-1p1,W-potential/fcc-restart/01-nvt-round-1/md/scale-1p1/multi_nnap_md.xyz,3778,5.143909523,21.16813735,5.146127244,10.67706516,3279,2.2288561677308465,2.9098051134497664,1.0518884531925703,normalized_void>0.946305
nvt_scale,1.1,1.1,scale-1p1,W-potential/fcc-restart/01-nvt-round-1/md/scale-1p1/multi_nnap_md.xyz,3779,7.2224995,21.16813735,8.353119989,12.42819995,3280,2.15856579467201,2.933009051471235,1.06027662818084,normalized_void>0.946305
nvt_scale,1.1,1.1,scale-1p1,W-potential/fcc-restart/01-nvt-round-1/md/scale-1p1/multi_nnap_md.xyz,3780,7.555021397,21.16813735,8.678763454,12.0520339,3281,2.157038484414045,2.9479244420565505,1.06566851063339,normalized_void>0.946305
nvt_scale,1.1,1.1,scale-1p1,W-potential/fcc-restart/01-nvt-round-1/md/scale-1p1/multi_nnap_md.xyz,3781,6.310191556,21.16813735,4.965832821,10.84801578,3282,2.2336454398497536,2.948277529519665,1.0657961510116756,normalized_void>0.946305
nvt_scale,1.1,1.1,scale-1p1,W-potential/fcc-restart/01-nvt-round-1/md/scale-1p1/multi_nnap_md.xyz,3782,6.817109443,21.16813735,5.425148566,9.33366607,3283,2.3080244278859654,2.907330127452406,1.0509937509390057,normalized_void>0.946305
nvt_scale,1.1,1.1,scale-1p1,W-potential/fcc-restart/01-nvt-round-1/md/scale-1p1/multi_nnap_md.xyz,3783,7.872474046,21.16813735,6.444757101,9.191344141,3284,2.2804276912497325,2.875157648328816,1.039363467129187,normalized_void>0.946305
nvt_scale,1.1,1.1,scale-1p1,W-potential/fcc-restart/01-nvt-round-1/md/scale-1p1/multi_nnap_md.xyz,3784,14.09673117,21.16813735,11.63784121,9.401252503,3285,2.108021369899319,2.8421944088101037,1.0274473250929779,normalized_void>0.946305
nvt_scale,1.1,1.1,scale-1p1,W-potential/fcc-restart/01-nvt-round-1/md/scale-1p1/multi_nnap_md.xyz,3785,23.49176612,21.16813735,17.01901668,8.636470293,3286,2.0423715129827293,2.8002868720254024,1.0122978383311967,normalized_void>0.946305
nvt_scale,1.1,1.1,scale-1p1,W-potential/fcc-restart/01-nvt-round-1/md/scale-1p1/multi_nnap_md.xyz,3786,11.91818063,21.16813735,10.72388645,7.096191356,3287,2.1386147136693587,2.751865606080974,0.9947936521228202,normalized_void>0.946305
nvt_scale,1.1,1.1,scale-1p1,W-potential/fcc-restart/01-nvt-round-1/md/scale-1p1/multi_nnap_md.xyz,3787,6.621463757,21.16813735,4.663859162,7.194386916,3288,2.267974846684784,2.716648682287824,0.9820628079423114,normalized_void>0.946305
nvt_scale,1.1,1.1,scale-1p1,W-potential/fcc-restart/01-nvt-round-1/md/scale-1p1/multi_nnap_md.xyz,3788,5.587501206,21.16813735,5.632808639,9.4922781,3289,2.285246211648544,2.7008231531174247,0.9763419122977678,normalized_void>0.946305
nvt_scale,1.1,1.1,scale-1p1,W-potential/fcc-restart/01-nvt-round-1/md/scale-1p1/multi_nnap_md.xyz,3789,5.520434747,21.16813735,7.795000613,11.01770253,3290,2.1727029069911135,2.6792925445999716,0.9685586424199896,normalized_void>0.946305
nvt_scale,1.1,1.1,scale-1p1,W-potential/fcc-restart/01-nvt-round-1/md/scale-1p1/multi_nnap_md.xyz,3790,7.854054203,21.16813735,11.27330333,10.81658327,3291,2.0876228957597056,2.657861692570567,0.9608114343036759,normalized_void>0.946305
nvt_scale,1.1,1.1,scale-1p1,W-potential/fcc-restart/01-nvt-round-1/md/scale-1p1/multi_nnap_md.xyz,3791,7.237930554,21.16813735,10.50991018,10.13121035,3292,2.0866366489452988,2.632338184823717,0.9515847397186036,normalized_void>0.946305
nvt_scale,1.1,1.1,scale-1p1,W-potential/fcc-restart/01-nvt-round-1/md/scale-1p1/multi_nnap_md.xyz,3792,8.215745857,21.16813735,6.796778856,8.387777018,3293,2.165392137157004,2.617800663275305,0.9463294561313521,normalized_void>0.946305
nvt_scale,1.1,1.1,scale-1p1,W-potential/fcc-restart/01-nvt-round-1/md/scale-1p1/multi_nnap_md.xyz,3858,8.871247319,21.16813735,6.062095037,8.011928345,3359,2.2558200720495223,2.6342408222919556,0.9522725391778185,normalized_void>0.946305
nvt_scale,1.1,1.1,scale-1p1,W-potential/fcc-restart/01-nvt-round-1/md/scale-1p1/multi_nnap_md.xyz,3859,7.568426471,21.16813735,5.476174497,7.414803738,3360,2.3071627759908595,2.6347518364275078,0.9524572697173729,normalized_void>0.946305
nvt_scale,1.1,1.1,scale-1p1,W-potential/fcc-restart/01-nvt-round-1/md/scale-1p1/multi_nnap_md.xyz,3860,6.144963758,21.16813735,4.817263092,10.20347338,3361,2.3466979623299893,2.621806578588593,0.9477775861257074,normalized_void>0.946305
nvt_scale,1.1,1.1,scale-1p1,W-potential/fcc-restart/01-nvt-round-1/md/scale-1p1/multi_nnap_md.xyz,3932,5.361091542,21.16813735,6.898612073,8.436476166,3433,2.2458873486220488,2.6204416217729496,0.947284157096098,normalized_void>0.946305
nvt_scale,1.1,1.1,scale-1p1,W-potential/fcc-restart/01-nvt-round-1/md/scale-1p1/multi_nnap_md.xyz,3933,4.387395233,21.16813735,4.47736975,8.328401566,3434,2.2721765700993344,2.6236262845950162,0.9484354060351969,normalized_void>0.946305
nvt_scale,1.1,1.1,scale-1p1,W-potential/fcc-restart/01-nvt-round-1/md/scale-1p1/multi_nnap_md.xyz,3979,11.493703,21.16813735,7.079259874,11.21470001,3480,2.2437105005757223,2.6243065954806517,0.9486813369952718,normalized_void>0.946305
nvt_scale,1.1,1.1,scale-1p1,W-potential/fcc-restart/01-nvt-round-1/md/scale-1p1/multi_nnap_md.xyz,3980,6.919204554,21.16813735,6.905663366,11.45724189,3481,2.2694169570504616,2.640651334948046,0.9545899260745622,normalized_void>0.946305
nvt_scale,1.1,1.1,scale-1p1,W-potential/fcc-restart/01-nvt-round-1/md/scale-1p1/multi_nnap_md.xyz,3981,7.812290923,21.16813735,6.826004903,12.59085674,3482,2.2813745110898678,2.6594939977845478,0.9614015092192556,normalized_void>0.946305
nvt_scale,1.1,1.1,scale-1p1,W-potential/fcc-restart/01-nvt-round-1/md/scale-1p1/multi_nnap_md.xyz,3982,7.252682728,21.16813735,6.491123969,12.65139555,3483,2.2210546909973483,2.6514945574822093,0.9585097283068023,normalized_void>0.946305
nvt_scale,1.1,1.1,scale-1p1,W-potential/fcc-restart/01-nvt-round-1/md/scale-1p1/multi_nnap_md.xyz,3983,6.961119579,21.16813735,5.46663581,12.04649112,3484,2.1922967372923834,2.630685415997292,0.9509872672499914,normalized_void>0.946305
nvt_scale,1.1,1.1,scale-1p1,W-potential/fcc-restart/01-nvt-round-1/md/scale-1p1/multi_nnap_md.xyz,4002,6.747369302,21.16813735,6.365173637,10.71454988,3503,2.235469198710976,2.6213323925338057,0.9476061688602039,normalized_void>0.946305
nvt_scale,1.1,1.1,scale-1p1,W-potential/fcc-restart/01-nvt-round-1/md/scale-1p1/multi_nnap_md.xyz,4010,5.134159624,21.16813735,5.218511704,10.7222508,3511,2.306827980450719,2.6240641161330434,0.9485936812190454,normalized_void>0.946305
nvt_scale,1.1,1.1,scale-1p1,W-potential/fcc-restart/01-nvt-round-1/md/scale-1p1/multi_nnap_md.xyz,4011,5.59544532,21.16813735,5.883145063,10.28604111,3512,2.3319037008161003,2.652388865452693,0.9588330187647788,normalized_void>0.946305
nvt_scale,1.1,1.1,scale-1p1,W-potential/fcc-restart/01-nvt-round-1/md/scale-1p1/multi_nnap_md.xyz,4012,11.74820042,21.16813735,8.839719197,11.42735858,3513,2.2680321430960317,2.658064105232228,0.960884606056862,normalized_void>0.946305
nvt_scale,1.1,1.1,scale-1p1,W-potential/fcc-restart/01-nvt-round-1/md/scale-1p1/multi_nnap_md.xyz,4013,14.38739568,21.16813735,9.722380601,11.2210042,3514,2.248593289297046,2.64589925230782,0.9564870372070362,normalized_void>0.946305
nvt_scale,1.1,1.1,scale-1p1,W-potential/fcc-restart/01-nvt-round-1/md/scale-1p1/multi_nnap_md.xyz,4014,8.680643442,21.16813735,6.0580666,12.09565273,3515,2.283937868160171,2.621910110971243,0.9478150128651608,normalized_void>0.946305
nvt_scale,1.1,1.1,scale-1p1,W-potential/fcc-restart/01-nvt-round-1/md/scale-1p1/multi_nnap_md.xyz,4015,5.859217919,21.16813735,5.076675208,11.50504847,3516,2.2891290651085816,2.62424632492585,0.9486595493159629,normalized_void>0.946305
nvt_scale,1.1,1.1,scale-1p1,W-potential/fcc-restart/01-nvt-round-1/md/scale-1p1/multi_nnap_md.xyz,4016,4.550709599,21.16813735,4.715689008,10.15743639,3517,2.292330928191898,2.685894365576844,0.9709451868739526,normalized_void>0.946305
nvt_scale,1.1,1.1,scale-1p1,W-potential/fcc-restart/01-nvt-round-1/md/scale-1p1/multi_nnap_md.xyz,4017,4.234876475,21.16813735,4.694348101,10.08179355,3518,2.2921487006727355,2.7279564607608124,0.9861505461733072,normalized_void>0.946305
nvt_scale,1.1,1.1,scale-1p1,W-potential/fcc-restart/01-nvt-round-1/md/scale-1p1/multi_nnap_md.xyz,4018,5.447315427,21.16813735,6.507683514,9.423601237,3519,2.202406958494552,2.7538318989608697,0.9955044628800069,normalized_void>0.946305
nvt_scale,1.1,1.1,scale-1p1,W-potential/fcc-restart/01-nvt-round-1/md/scale-1p1/multi_nnap_md.xyz,4019,5.36810582,21.16813735,5.324218574,8.945975951,3520,2.227577304129449,2.799325835871144,1.0119504257745646,normalized_void>0.946305
nvt_scale,1.1,1.1,scale-1p1,W-potential/fcc-restart/01-nvt-round-1/md/scale-1p1/multi_nnap_md.xyz,4020,12.647258,21.16813735,10.66002524,9.169899679,3521,2.1523558840101025,2.8313029817534274,1.0235100970268258,normalized_void>0.946305
nvt_scale,1.1,1.1,scale-1p1,W-potential/fcc-restart/01-nvt-round-1/md/scale-1p1/multi_nnap_md.xyz,4021,11.68366592,21.16813735,10.20285978,7.793146573,3522,2.1681667382599272,2.8492479850696113,1.0299971781352983,normalized_void>0.946305
nvt_scale,1.1,1.1,scale-1p1,W-potential/fcc-restart/01-nvt-round-1/md/scale-1p1/multi_nnap_md.xyz,4022,5.369812061,21.16813735,5.368225429,9.743117078,3523,2.2445315516823143,2.8631318719853365,1.0350161741720356,normalized_void>0.946305
nvt_scale,1.1,1.1,scale-1p1,W-potential/fcc-restart/01-nvt-round-1/md/scale-1p1/multi_nnap_md.xyz,4023,6.033288545,21.16813735,6.920735122,12.78482109,3524,2.215026337450975,2.8585959618597134,1.033376452163229,normalized_void>0.946305
nvt_scale,1.1,1.1,scale-1p1,W-potential/fcc-restart/01-nvt-round-1/md/scale-1p1/multi_nnap_md.xyz,4024,5.89378442,21.16813735,7.428979391,13.87398474,3525,2.2429824551148925,2.847429044475749,1.0293396349208461,normalized_void>0.946305
nvt_scale,1.1,1.1,scale-1p1,W-potential/fcc-restart/01-nvt-round-1/md/scale-1p1/multi_nnap_md.xyz,4025,5.245076846,21.16813735,6.184298757,12.40058259,3526,2.246728371025974,2.8352702938869574,1.0249442720525628,normalized_void>0.946305
nvt_scale,1.1,1.1,scale-1p1,W-potential/fcc-restart/01-nvt-round-1/md/scale-1p1/multi_nnap_md.xyz,4026,6.667533035,21.16813735,5.158059285,9.898662697,3527,2.2293057005232018,2.82581240520087,1.0215252651044717,normalized_void>0.946305
nvt_scale,1.1,1.1,scale-1p1,W-potential/fcc-restart/01-nvt-round-1/md/scale-1p1/multi_nnap_md.xyz,4027,7.652434156,21.16813735,5.036381614,6.521634762,3528,2.25973112042413,2.8013426273339332,1.0126794916636854,normalized_void>0.946305
nvt_scale,1.1,1.1,scale-1p1,W-potential/fcc-restart/01-nvt-round-1/md/scale-1p1/multi_nnap_md.xyz,4028,7.119756629,21.16813735,4.232165244,6.925820122,3529,2.299723026973311,2.7738767067905177,1.0027506189215274,normalized_void>0.946305
nvt_scale,1.1,1.1,scale-1p1,W-potential/fcc-restart/01-nvt-round-1/md/scale-1p1/multi_nnap_md.xyz,4029,5.155481654,21.16813735,3.193744698,7.719990985,3530,2.2486582394848664,2.765680091593992,0.9997875596978578,normalized_void>0.946305
nvt_scale,1.1,1.1,scale-1p1,W-potential/fcc-restart/01-nvt-round-1/md/scale-1p1/multi_nnap_md.xyz,4030,9.05052757,21.16813735,7.664191541,8.841307012,3531,2.0915147862412815,2.742417346643211,0.9913781261278275,normalized_void>0.946305
nvt_scale,1.1,1.1,scale-1p1,W-potential/fcc-restart/01-nvt-round-1/md/scale-1p1/multi_nnap_md.xyz,4031,24.2681765,21.16813735,16.03784054,9.578055305,3532,2.045303593178114,2.722876200876657,0.9843140428670686,normalized_void>0.946305
nvt_scale,1.1,1.1,scale-1p1,W-potential/fcc-restart/01-nvt-round-1/md/scale-1p1/multi_nnap_md.xyz,4032,14.87574678,21.16813735,9.626691172,9.699076869,3533,2.152360087381721,2.7143647513029414,0.9812371716755448,normalized_void>0.946305
nvt_scale,1.1,1.1,scale-1p1,W-potential/fcc-restart/01-nvt-round-1/md/scale-1p1/multi_nnap_md.xyz,4033,4.794769045,21.16813735,4.821080239,10.15630736,3534,2.317332246372822,2.7186119327032916,0.9827725188549805,normalized_void>0.946305
nvt_scale,1.1,1.1,scale-1p1,W-potential/fcc-restart/01-nvt-round-1/md/scale-1p1/multi_nnap_md.xyz,4034,5.300299688,21.16813735,4.631926836,9.274361414,3535,2.2933116506241116,2.710515161257068,0.9798455529378973,normalized_void>0.946305
nvt_scale,1.1,1.1,scale-1p1,W-potential/fcc-restart/01-nvt-round-1/md/scale-1p1/multi_nnap_md.xyz,4035,6.458950972,21.16813735,5.034850092,9.081398084,3536,2.24621462158179,2.7022069184022164,0.9768421405495752,normalized_void>0.946305
nvt_scale,1.1,1.1,scale-1p1,W-potential/fcc-restart/01-nvt-round-1/md/scale-1p1/multi_nnap_md.xyz,4036,9.803129297,21.16813735,7.2098853,9.332879741,3537,2.2244610733895622,2.6903598000420224,0.9725594320791376,normalized_void>0.946305
nvt_scale,1.1,1.1,scale-1p1,W-potential/fcc-restart/01-nvt-round-1/md/scale-1p1/multi_nnap_md.xyz,4037,10.47036342,21.16813735,7.761689821,8.886704759,3538,2.2095895446474443,2.673370683493339,0.9664179020347712,normalized_void>0.946305
nvt_scale,1.1,1.1,scale-1p1,W-potential/fcc-restart/01-nvt-round-1/md/scale-1p1/multi_nnap_md.xyz,4038,5.863823686,21.16813735,4.878166852,10.57218735,3539,2.2739249441040728,2.670618726702769,0.9654230754196464,normalized_void>0.946305
nvt_scale,1.1,1.1,scale-1p1,W-potential/fcc-restart/01-nvt-round-1/md/scale-1p1/multi_nnap_md.xyz,4039,4.72261793,21.16813735,4.467409327,12.77852829,3540,2.3276454446753663,2.6610482096696146,0.9619633535600192,normalized_void>0.946305
nvt_scale,1.1,1.1,scale-1p1,W-potential/fcc-restart/01-nvt-round-1/md/scale-1p1/multi_nnap_md.xyz,4040,4.910578718,21.16813735,4.834633201,12.04790258,3541,2.2980995299296976,2.6371710360117016,0.9533318052994362,normalized_void>0.946305
nvt_scale,1.1,1.1,scale-1p1,W-potential/fcc-restart/01-nvt-round-1/md/scale-1p1/multi_nnap_md.xyz,4041,4.962064823,21.16813735,5.075039075,10.36888959,3542,2.3039136539604703,2.6417874390657863,0.9550006253332692,normalized_void>0.946305
nvt_scale,1.1,1.1,scale-1p1,W-potential/fcc-restart/01-nvt-round-1/md/scale-1p1/multi_nnap_md.xyz,4042,4.967217715,21.16813735,5.703776616,10.00098147,3543,2.3328248253909,2.6554639804736717,0.9599446664032599,normalized_void>0.946305
nvt_scale,1.1,1.1,scale-1p1,W-potential/fcc-restart/01-nvt-round-1/md/scale-1p1/multi_nnap_md.xyz,4043,4.827024277,21.16813735,5.714341192,9.965337289,3544,2.3094173163858236,2.664323687754381,0.9631474320263486,normalized_void>0.946305
nvt_scale,1.1,1.1,scale-1p1,W-potential/fcc-restart/01-nvt-round-1/md/scale-1p1/multi_nnap_md.xyz,4044,4.659435768,21.16813735,5.277979154,10.52691764,3545,2.261716025731069,2.647478245637096,0.9570578399879703,normalized_void>0.946305
nvt_scale,1.1,1.1,scale-1p1,W-potential/fcc-restart/01-nvt-round-1/md/scale-1p1/multi_nnap_md.xyz,4045,4.708170323,21.16813735,5.127060942,9.778518934,3546,2.237449147515557,2.6226345798240716,0.9480769068378758,normalized_void>0.946305
nvt_scale,1.1,1.1,scale-1p1,W-potential/fcc-restart/01-nvt-round-1/md/scale-1p1/multi_nnap_md.xyz,4047,9.557544837,21.16813735,11.84296528,9.425459932,3548,2.137184156527495,2.6209073296973058,0.9474525095352103,normalized_void>0.946305
nvt_scale,1.1,1.1,scale-1p1,W-potential/fcc-restart/01-nvt-round-1/md/scale-1p1/multi_nnap_md.xyz,4048,5.978917256,21.16813735,7.311435899,8.82737593,3549,2.2042198875819223,2.6427067361140177,0.9553329492905057,normalized_void>0.946305
nvt_scale,1.1,1.1,scale-1p1,W-potential/fcc-restart/01-nvt-round-1/md/scale-1p1/multi_nnap_md.xyz,4049,5.014059269,21.16813735,4.715017938,6.778615593,3550,2.2549407351252557,2.6458733892946973,0.9564776877819688,normalized_void>0.946305
nvt_scale,1.1,1.1,scale-1p1,W-potential/fcc-restart/01-nvt-round-1/md/scale-1p1/multi_nnap_md.xyz,4050,4.19380125,21.16813735,4.063087496,7.577652978,3551,2.3262981831881477,2.6402282462009565,0.9544369803787554,normalized_void>0.946305
nvt_scale,1.1,1.1,scale-1p1,W-potential/fcc-restart/01-nvt-round-1/md/scale-1p1/multi_nnap_md.xyz,4055,3.893773695,21.16813735,3.757852475,8.191947743,3556,2.3343514905976805,2.641513489894322,0.9549015932816405,normalized_void>0.946305
nvt_scale,1.1,1.1,scale-1p1,W-potential/fcc-restart/01-nvt-round-1/md/scale-1p1/multi_nnap_md.xyz,4056,5.911009749,21.16813735,5.98297716,8.380715736,3557,2.230447399330164,2.6749290431175083,0.9669812457745317,normalized_void>0.946305
nvt_scale,1.1,1.1,scale-1p1,W-potential/fcc-restart/01-nvt-round-1/md/scale-1p1/multi_nnap_md.xyz,4057,9.656205137,21.16813735,8.364974764,8.769899066,3558,2.1905253908295155,2.6972598384787716,0.9750537815201544,normalized_void>0.946305
nvt_scale,1.1,1.1,scale-1p1,W-potential/fcc-restart/01-nvt-round-1/md/scale-1p1/multi_nnap_md.xyz,4058,6.218883919,21.16813735,6.122903801,9.355967987,3559,2.2419165150881843,2.691992140250531,0.9731495196451659,normalized_void>0.946305
nvt_scale,1.1,1.1,scale-1p1,W-potential/fcc-restart/01-nvt-round-1/md/scale-1p1/multi_nnap_md.xyz,4059,4.156503093,21.16813735,4.937079646,9.267643635,3560,2.3186773096768922,2.677666187062107,0.9679707175768669,normalized_void>0.946305
nvt_scale,1.1,1.1,scale-1p1,W-potential/fcc-restart/01-nvt-round-1/md/scale-1p1/multi_nnap_md.xyz,4060,4.595646378,21.16813735,5.201509872,8.925840523,3561,2.2793287905199926,2.6535917179699857,0.9592678474301027,normalized_void>0.946305
nvt_scale,1.1,1.1,scale-1p1,W-potential/fcc-restart/01-nvt-round-1/md/scale-1p1/multi_nnap_md.xyz,4061,5.33542062,21.16813735,5.495172095,9.091788813,3562,2.249871813518236,2.6283070382610867,0.9501274886804643,normalized_void>0.946305
nvt_scale,1.1,1.1,scale-1p1,W-potential/fcc-restart/01-nvt-round-1/md/scale-1p1/multi_nnap_md.xyz,4065,4.573732188,21.16813735,5.644326735,11.99835168,3566,2.317464621641266,2.6276990200268737,0.9499076913624436,normalized_void>0.946305
nvt_scale,1.1,1.1,scale-1p1,W-potential/fcc-restart/01-nvt-round-1/md/scale-1p1/multi_nnap_md.xyz,4066,4.929711192,21.16813735,6.25291688,13.73228769,3567,2.316999845484444,2.634088513299053,0.9522174797959337,normalized_void>0.946305
nvt_scale,1.1,1.1,scale-1p1,W-potential/fcc-restart/01-nvt-round-1/md/scale-1p1/multi_nnap_md.xyz,4067,7.593305679,21.16813735,7.151090892,12.69800769,3568,2.19315770624137,2.6339904494151427,0.9521820299073197,normalized_void>0.946305
nvt_scale,1.1,1.1,scale-1p1,W-potential/fcc-restart/01-nvt-round-1/md/scale-1p1/multi_nnap_md.xyz,4068,12.75589635,21.16813735,10.81770742,11.42272273,3569,2.136783845912794,2.63112942939064,0.9511477771615888,normalized_void>0.946305
nvt_scale,1.1,1.1,scale-1p1,W-potential/fcc-restart/01-nvt-round-1/md/scale-1p1/multi_nnap_md.xyz,4069,8.476650165,21.16813735,7.369043502,10.55604761,3570,2.2218506083316383,2.6191281749488255,0.9468093488205224,normalized_void>0.946305
nvt_scale,1.1,1.1,scale-1p1,W-potential/fcc-restart/01-nvt-round-1/md/scale-1p1/multi_nnap_md.xyz,4081,5.031188718,21.16813735,8.119921051,10.79335719,3582,2.2709095546240716,2.6381140796933216,0.9536727136148994,normalized_void>0.946305
nvt_scale,1.1,1.1,scale-1p1,W-potential/fcc-restart/01-nvt-round-1/md/scale-1p1/multi_nnap_md.xyz,4082,5.293709678,21.16813735,4.843793436,7.004646023,3583,2.284557613783602,2.654084962170147,0.9594461541752369,normalized_void>0.946305
nvt_scale,1.1,1.1,scale-1p1,W-potential/fcc-restart/01-nvt-round-1/md/scale-1p1/multi_nnap_md.xyz,4083,5.580798296,21.16813735,5.037800251,6.754156893,3584,2.1824124776844998,2.6804049589901675,0.9689607778918133,normalized_void>0.946305
nvt_scale,1.1,1.1,scale-1p1,W-potential/fcc-restart/01-nvt-round-1/md/scale-1p1/multi_nnap_md.xyz,4084,7.87969689,21.16813735,7.043505998,11.14086148,3585,2.116889244960399,2.699200884787422,0.9757554656947213,normalized_void>0.946305
nvt_scale,1.1,1.1,scale-1p1,W-potential/fcc-restart/01-nvt-round-1/md/scale-1p1/multi_nnap_md.xyz,4085,9.559399743,21.16813735,7.877286734,11.7688293,3586,2.092980578324876,2.715929484064591,0.9818028192911544,normalized_void>0.946305
nvt_scale,1.1,1.1,scale-1p1,W-potential/fcc-restart/01-nvt-round-1/md/scale-1p1/multi_nnap_md.xyz,4086,7.615700091,21.16813735,6.694264722,9.368713706,3587,2.1719294023284226,2.7276177591162183,0.9860281062382823,normalized_void>0.946305
nvt_scale,1.1,1.1,scale-1p1,W-potential/fcc-restart/01-nvt-round-1/md/scale-1p1/multi_nnap_md.xyz,4087,8.311273534,21.16813735,7.145102645,9.523531571,3588,2.2209800931955326,2.7339430380887855,0.9883146813369758,normalized_void>0.946305
nvt_scale,1.1,1.1,scale-1p1,W-potential/fcc-restart/01-nvt-round-1/md/scale-1p1/multi_nnap_md.xyz,4088,6.749061775,21.16813735,6.753909338,9.411325759,3589,2.2073500801307078,2.7321579937640275,0.9876693915528006,normalized_void>0.946305
nvt_scale,1.1,1.1,scale-1p1,W-potential/fcc-restart/01-nvt-round-1/md/scale-1p1/multi_nnap_md.xyz,4089,5.992965805,21.16813735,7.10367425,9.428929263,3590,2.1820881337185147,2.739929726942077,0.9904788568168134,normalized_void>0.946305
nvt_scale,1.1,1.1,scale-1p1,W-potential/fcc-restart/01-nvt-round-1/md/scale-1p1/multi_nnap_md.xyz,4090,5.448923724,21.16813735,7.037817663,11.63187384,3591,2.23197943294838,2.7721519897439455,1.0021271373220455,normalized_void>0.946305
nvt_scale,1.1,1.1,scale-1p1,W-potential/fcc-restart/01-nvt-round-1/md/scale-1p1/multi_nnap_md.xyz,4091,7.176786382,21.16813735,7.388160939,11.4099877,3592,2.221224647503595,2.738953190666003,0.9901258409986138,normalized_void>0.946305
nvt_scale,1.1,1.1,scale-1p1,W-potential/fcc-restart/01-nvt-round-1/md/scale-1p1/multi_nnap_md.xyz,4092,8.223602039,21.16813735,7.541008797,10.00044649,3593,2.2030502150200335,2.7057423024815983,0.9781201744885195,normalized_void>0.946305
nvt_scale,1.1,1.1,scale-1p1,W-potential/fcc-restart/01-nvt-round-1/md/scale-1p1/multi_nnap_md.xyz,4093,6.132674775,21.16813735,5.413038583,9.944791711,3594,2.2358957333740994,2.7039256268355634,0.9774634500479624,normalized_void>0.946305
nvt_scale,1.1,1.1,scale-1p1,W-potential/fcc-restart/01-nvt-round-1/md/scale-1p1/multi_nnap_md.xyz,4094,4.443879869,21.16813735,4.518485531,9.123818556,3595,2.3265082457173762,2.704308651350722,0.977601912607851,normalized_void>0.946305
nvt_scale,1.1,1.1,scale-1p1,W-potential/fcc-restart/01-nvt-round-1/md/scale-1p1/multi_nnap_md.xyz,4095,4.570654679,21.16813735,7.088526831,9.403283206,3596,2.3399287994154476,2.6938360579576863,0.9738160920337525,normalized_void>0.946305
nvt_scale,1.1,1.1,scale-1p1,W-potential/fcc-restart/01-nvt-round-1/md/scale-1p1/multi_nnap_md.xyz,4096,4.773403724,21.16813735,7.536582756,12.99794934,3597,2.249132822599708,2.667691520231931,0.9643648964122097,normalized_void>0.946305
nvt_scale,1.1,1.1,scale-1p1,W-potential/fcc-restart/01-nvt-round-1/md/scale-1p1/multi_nnap_md.xyz,4097,5.716725808,21.16813735,6.437594378,14.05267351,3598,2.2203461624662033,2.638737284327157,0.9538980007845718,normalized_void>0.946305
nvt_scale,1.1,1.1,scale-1p1,W-potential/fcc-restart/01-nvt-round-1/md/scale-1p1/multi_nnap_md.xyz,4110,5.942494686,21.16813735,8.092456251,15.39300637,3611,2.2123990542367853,2.647169558317071,0.9569462501684046,normalized_void>0.946305
nvt_scale,1.1,1.1,scale-1p1,W-potential/fcc-restart/01-nvt-round-1/md/scale-1p1/multi_nnap_md.xyz,4111,12.03986523,21.16813735,9.091445176,14.83562775,3612,2.1830381108231047,2.668663228819978,0.9647161670313004,normalized_void>0.946305
nvt_scale,1.1,1.1,scale-1p1,W-potential/fcc-restart/01-nvt-round-1/md/scale-1p1/multi_nnap_md.xyz,4112,12.39216653,21.16813735,9.119455659,13.55316818,3613,2.1850964180073302,2.6679876803480456,0.9644719576738031,normalized_void>0.946305
nvt_scale,1.1,1.1,scale-1p1,W-potential/fcc-restart/01-nvt-round-1/md/scale-1p1/multi_nnap_md.xyz,4113,6.0623364,21.16813735,7.790864714,11.73408155,3614,2.205063510737378,2.658652204817751,0.961097202825106,normalized_void>0.946305
nvt_scale,1.1,1.1,scale-1p1,W-potential/fcc-restart/01-nvt-round-1/md/scale-1p1/multi_nnap_md.xyz,4114,6.889194848,21.16813735,5.882576864,10.59657139,3615,2.2748427843321206,2.6460125563243917,0.9565279963716831,normalized_void>0.946305
nvt_scale,1.1,1.1,scale-1p1,W-potential/fcc-restart/01-nvt-round-1/md/scale-1p1/multi_nnap_md.xyz,4118,5.431057446,21.16813735,6.184577659,11.16527529,3619,2.305093114326325,2.6355663274321786,0.9527517065094049,normalized_void>0.946305
nvt_scale,1.1,1.1,scale-1p1,W-potential/fcc-restart/01-nvt-round-1/md/scale-1p1/multi_nnap_md.xyz,4119,6.720044844,21.16813735,7.163388913,10.81756367,3620,2.285198902598224,2.6693827181851377,0.9649762609296539,normalized_void>0.946305
nvt_scale,1.1,1.1,scale-1p1,W-potential/fcc-restart/01-nvt-round-1/md/scale-1p1/multi_nnap_md.xyz,4120,7.947657388,21.16813735,8.085069713,10.0417213,3621,2.257479611707901,2.681116193716676,0.9692178877555859,normalized_void>0.946305
nvt_scale,1.1,1.1,scale-1p1,W-potential/fcc-restart/01-nvt-round-1/md/scale-1p1/multi_nnap_md.xyz,4121,13.57649511,21.16813735,10.15445295,10.02132676,3622,2.1819380109310726,2.6882529179856713,0.9717977986291617,normalized_void>0.946305
nvt_scale,1.1,1.1,scale-1p1,W-potential/fcc-restart/01-nvt-round-1/md/scale-1p1/multi_nnap_md.xyz,4122,14.53996658,21.16813735,10.83490301,12.90931851,3623,2.1677403811633775,2.6994109309659398,0.9758313969482609,normalized_void>0.946305
nvt_scale,1.1,1.1,scale-1p1,W-potential/fcc-restart/01-nvt-round-1/md/scale-1p1/multi_nnap_md.xyz,4123,6.699558219,21.16813735,5.736995663,11.15961492,3624,2.2445476379977167,2.692470002285782,0.9733222657699068,normalized_void>0.946305
nvt_scale,1.1,1.1,scale-1p1,W-potential/fcc-restart/01-nvt-round-1/md/scale-1p1/multi_nnap_md.xyz,4124,4.732649914,21.16813735,3.867528385,10.85963367,3625,2.3185186660008306,2.688545014511671,0.9719033909114408,normalized_void>0.946305
nvt_scale,1.1,1.1,scale-1p1,W-potential/fcc-restart/01-nvt-round-1/md/scale-1p1/multi_nnap_md.xyz,4125,4.218586953,21.16813735,3.766247978,11.24285613,3626,2.3538033410738413,2.695674495160379,0.9744806832314562,normalized_void>0.946305
nvt_scale,1.1,1.1,scale-1p1,W-potential/fcc-restart/01-nvt-round-1/md/scale-1p1/multi_nnap_md.xyz,4126,5.047326912,21.16813735,4.030025815,8.990689218,3627,2.294849075346396,2.689697373947489,0.9723199664335821,normalized_void>0.946305
nvt_scale,1.1,1.1,scale-1p1,W-potential/fcc-restart/01-nvt-round-1/md/scale-1p1/multi_nnap_md.xyz,4127,4.926525613,21.16813735,5.014122775,9.733913148,3628,2.2625535808285457,2.6724226557187705,0.9660751919801476,normalized_void>0.946305
nvt_scale,1.1,1.1,scale-1p1,W-potential/fcc-restart/01-nvt-round-1/md/scale-1p1/multi_nnap_md.xyz,4128,5.329620384,21.16813735,5.078836297,9.340038516,3629,2.2359493476545254,2.646101994044286,0.956560327920075,normalized_void>0.946305
nvt_scale,1.1,1.1,scale-1p1,W-potential/fcc-restart/01-nvt-round-1/md/scale-1p1/multi_nnap_md.xyz,4129,4.858310739,21.16813735,5.167350089,9.275822442,3630,2.2425184345466374,2.624838153526848,0.9488734941154896,normalized_void>0.946305
nvt_scale,1.1,1.1,scale-1p1,W-potential/fcc-restart/01-nvt-round-1/md/scale-1p1/multi_nnap_md.xyz,4137,5.987715102,21.16813735,5.894787261,9.791165234,3638,2.2674241111786286,2.6256621564043585,0.9491713694296281,normalized_void>0.946305
nvt_scale,1.1,1.1,scale-1p1,W-potential/fcc-restart/01-nvt-round-1/md/scale-1p1/multi_nnap_md.xyz,4139,5.061473139,21.16813735,7.326228527,9.650831892,3640,2.3105483130701323,2.624035227377001,0.9485832379942508,normalized_void>0.946305
nvt_scale,1.1,1.1,scale-1p1,W-potential/fcc-restart/01-nvt-round-1/md/scale-1p1/multi_nnap_md.xyz,4140,4.723301822,21.16813735,6.951044778,10.02932405,3641,2.3186361849871577,2.624766308323324,0.9488475222249134,normalized_void>0.946305
nvt_scale,1.1,1.1,scale-1p1,W-potential/fcc-restart/01-nvt-round-1/md/scale-1p1/multi_nnap_md.xyz,4238,4.615477492,21.16813735,4.407058681,10.66730344,3739,2.3369780451111963,2.655128325279051,0.959823327753519,normalized_void>0.946305
nvt_scale,1.1,1.1,scale-1p1,W-potential/fcc-restart/01-nvt-round-1/md/scale-1p1/multi_nnap_md.xyz,4239,4.262650838,21.16813735,4.543408245,11.63545798,3740,2.314560914199275,2.678816956677652,0.9683867183823097,normalized_void>0.946305
nvt_scale,1.1,1.1,scale-1p1,W-potential/fcc-restart/01-nvt-round-1/md/scale-1p1/multi_nnap_md.xyz,4240,4.218850804,21.16813735,5.510112538,11.44954675,3741,2.318551832836214,2.6914939139984617,0.9729694118987031,normalized_void>0.946305
nvt_scale,1.1,1.1,scale-1p1,W-potential/fcc-restart/01-nvt-round-1/md/scale-1p1/multi_nnap_md.xyz,4241,4.765607547,21.16813735,6.401088554,10.03491984,3742,2.27517524024165,2.7014251800863924,0.9765595437859526,normalized_void>0.946305
nvt_scale,1.1,1.1,scale-1p1,W-potential/fcc-restart/01-nvt-round-1/md/scale-1p1/multi_nnap_md.xyz,4242,5.549219446,21.16813735,6.809635888,8.367684791,3743,2.2559184033596678,2.7187597567607753,0.9828259569421062,normalized_void>0.946305
nvt_scale,1.1,1.1,scale-1p1,W-potential/fcc-restart/01-nvt-round-1/md/scale-1p1/multi_nnap_md.xyz,4243,4.549740693,21.16813735,5.552393284,10.26746329,3744,2.299988220221647,2.714069641875221,0.9811304902356048,normalized_void>0.946305
nvt_scale,1.1,1.1,scale-1p1,W-potential/fcc-restart/01-nvt-round-1/md/scale-1p1/multi_nnap_md.xyz,4244,5.313765316,21.16813735,5.013656165,11.02840565,3745,2.313302629332509,2.7131987534524957,0.9808156658950847,normalized_void>0.946305
nvt_scale,1.1,1.1,scale-1p1,W-potential/fcc-restart/01-nvt-round-1/md/scale-1p1/multi_nnap_md.xyz,4245,5.408333251,21.16813735,4.540426245,9.98446536,3746,2.3063749214394664,2.7055813324811675,0.978061984170556,normalized_void>0.946305
nvt_scale,1.1,1.1,scale-1p1,W-potential/fcc-restart/01-nvt-round-1/md/scale-1p1/multi_nnap_md.xyz,4246,5.308282368,21.16813735,4.255670354,11.80343171,3747,2.3218632871235028,2.6927550478839213,0.9734253091565344,normalized_void>0.946305
nvt_scale,1.1,1.1,scale-1p1,W-potential/fcc-restart/01-nvt-round-1/md/scale-1p1/multi_nnap_md.xyz,4247,5.964602875,21.16813735,6.028764391,12.23070948,3748,2.3000769112895303,2.666910075226902,0.9640824056798251,normalized_void>0.946305
nvt_scale,1.1,1.1,scale-1p1,W-potential/fcc-restart/01-nvt-round-1/md/scale-1p1/multi_nnap_md.xyz,4248,6.018353907,21.16813735,6.776220381,12.38482569,3749,2.2752348767781325,2.6278911645725453,0.9499771512132087,normalized_void>0.946305
nvt_scale,1.1,1.1,scale-1p1,W-potential/fcc-restart/01-nvt-round-1/md/scale-1p1/multi_nnap_md.xyz,4276,5.618421491,21.16813735,6.201323045,15.01781109,3777,2.29507083228495,2.6230242686702168,0.9482177785394559,normalized_void>0.946305
nvt_scale,1.1,1.1,scale-1p1,W-potential/fcc-restart/01-nvt-round-1/md/scale-1p1/multi_nnap_md.xyz,4277,5.143270161,21.16813735,5.862208223,15.21055377,3778,2.3331221367190786,2.6346919968549476,0.9524356378372414,normalized_void>0.946305
nvt_scale,1.1,1.1,scale-1p1,W-potential/fcc-restart/01-nvt-round-1/md/scale-1p1/multi_nnap_md.xyz,4278,4.497299025,21.16813735,5.417630556,13.36983192,3779,2.3267713910827243,2.6299355622459513,0.9507161966896392,normalized_void>0.946305
nvt_scale,1.1,1.1,scale-1p1,W-potential/fcc-restart/01-nvt-round-1/md/scale-1p1/multi_nnap_md.xyz,4279,4.175028125,21.16813735,4.960424873,12.74953202,3780,2.248180182145898,2.6203517440327544,0.9472516664812891,normalized_void>0.946305
nvt_scale,1.1,1.1,scale-1p1,W-potential/fcc-restart/01-nvt-round-1/md/scale-1p1/multi_nnap_md.xyz,4282,11.54858262,21.16813735,10.62676609,12.30215434,3783,2.114827554972262,2.6297676961863115,0.9506555134607172,normalized_void>0.946305
nvt_scale,1.1,1.1,scale-1p1,W-potential/fcc-restart/01-nvt-round-1/md/scale-1p1/multi_nnap_md.xyz,4283,7.612124339,21.16813735,8.406831856,10.43612157,3784,2.172400988241624,2.654803860623533,0.9597060344602221,normalized_void>0.946305
nvt_scale,1.1,1.1,scale-1p1,W-potential/fcc-restart/01-nvt-round-1/md/scale-1p1/multi_nnap_md.xyz,4284,7.906774573,21.16813735,5.619683871,11.61883314,3785,2.21596212316277,2.6684401241653126,0.9646355151659877,normalized_void>0.946305
nvt_scale,1.1,1.1,scale-1p1,W-potential/fcc-restart/01-nvt-round-1/md/scale-1p1/multi_nnap_md.xyz,4285,7.651546343,21.16813735,4.71122325,8.206867517,3786,2.2475589378692398,2.6921121651491435,0.9731929083945919,normalized_void>0.946305
nvt_scale,1.1,1.1,scale-1p1,W-potential/fcc-restart/01-nvt-round-1/md/scale-1p1/multi_nnap_md.xyz,4286,7.019395942,21.16813735,4.31018769,10.64313081,3787,2.292686248609842,2.695292319215914,0.9743425274280959,normalized_void>0.946305
nvt_scale,1.1,1.1,scale-1p1,W-potential/fcc-restart/01-nvt-round-1/md/scale-1p1/multi_nnap_md.xyz,4287,5.832812481,21.16813735,3.981215323,11.20948193,3788,2.267826531390106,2.701459841346243,0.9765720737587819,normalized_void>0.946305
nvt_scale,1.1,1.1,scale-1p1,W-potential/fcc-restart/01-nvt-round-1/md/scale-1p1/multi_nnap_md.xyz,4288,6.099670075,21.16813735,3.788294518,12.61600526,3789,2.286986691576162,2.725679037441997,0.9853272624141921,normalized_void>0.946305
nvt_scale,1.1,1.1,scale-1p1,W-potential/fcc-restart/01-nvt-round-1/md/scale-1p1/multi_nnap_md.xyz,4289,6.494379172,21.16813735,4.728660184,13.11561679,3790,2.2932355332657623,2.775789212657555,1.0034419857862362,normalized_void>0.946305
nvt_scale,1.1,1.1,scale-1p1,W-potential/fcc-restart/01-nvt-round-1/md/scale-1p1/multi_nnap_md.xyz,4290,5.638843007,21.16813735,4.576790896,9.180775053,3791,2.229762600126942,2.807352498721365,1.014852047581053,normalized_void>0.946305
nvt_scale,1.1,1.1,scale-1p1,W-potential/fcc-restart/01-nvt-round-1/md/scale-1p1/multi_nnap_md.xyz,4291,5.588472089,21.16813735,4.165492822,7.790770397,3792,2.220960563464994,2.8275045793443536,1.022136982512656,normalized_void>0.946305
nvt_scale,1.1,1.1,scale-1p1,W-potential/fcc-restart/01-nvt-round-1/md/scale-1p1/multi_nnap_md.xyz,4292,5.34907721,21.16813735,4.272149093,9.269837336,3793,2.2419737649020473,2.8323596706346255,1.023892087843878,normalized_void>0.946305
nvt_scale,1.1,1.1,scale-1p1,W-potential/fcc-restart/01-nvt-round-1/md/scale-1p1/multi_nnap_md.xyz,4293,6.987243645,21.16813735,6.410370552,9.285892441,3794,2.2632198556324794,2.8261272366681736,1.021639076020408,normalized_void>0.946305
nvt_scale,1.1,1.1,scale-1p1,W-potential/fcc-restart/01-nvt-round-1/md/scale-1p1/multi_nnap_md.xyz,4294,9.961049819,21.16813735,7.51577962,9.070878513,3795,2.2444157475359567,2.8232065770491155,1.0205832636861756,normalized_void>0.946305
nvt_scale,1.1,1.1,scale-1p1,W-potential/fcc-restart/01-nvt-round-1/md/scale-1p1/multi_nnap_md.xyz,4295,7.045398992,21.16813735,6.430047347,12.3479874,3796,2.2198345035258753,2.815447311350477,1.0177783053898537,normalized_void>0.946305
nvt_scale,1.1,1.1,scale-1p1,W-potential/fcc-restart/01-nvt-round-1/md/scale-1p1/multi_nnap_md.xyz,4296,10.60459725,21.16813735,8.324858701,14.65296241,3797,2.2574584007054637,2.806619991153774,1.0145872476297904,normalized_void>0.946305
nvt_scale,1.1,1.1,scale-1p1,W-potential/fcc-restart/01-nvt-round-1/md/scale-1p1/multi_nnap_md.xyz,4297,11.97345706,21.16813735,9.106194644,13.4706797,3798,2.1699185654911024,2.8038452761279204,1.0135841939602837,normalized_void>0.946305
nvt_scale,1.1,1.1,scale-1p1,W-potential/fcc-restart/01-nvt-round-1/md/scale-1p1/multi_nnap_md.xyz,4298,7.234991718,21.16813735,8.408039896,16.66697827,3799,2.1316007072577734,2.802139568153279,1.0129675841004857,normalized_void>0.946305
nvt_scale,1.1,1.1,scale-1p1,W-potential/fcc-restart/01-nvt-round-1/md/scale-1p1/multi_nnap_md.xyz,4299,6.649143888,21.16813735,7.149764547,16.82752596,3800,2.1597955115166614,2.7759139911886805,1.003487092963858,normalized_void>0.946305
nvt_scale,1.1,1.1,scale-1p1,W-potential/fcc-restart/01-nvt-round-1/md/scale-1p1/multi_nnap_md.xyz,4300,5.976224347,21.16813735,6.487114135,16.43625783,3801,2.1987436180157713,2.7348977677410113,0.9886598141063337,normalized_void>0.946305
nvt_scale,1.1,1.1,scale-1p1,W-potential/fcc-restart/01-nvt-round-1/md/scale-1p1/multi_nnap_md.xyz,4301,5.055719932,21.16813735,6.408517728,11.25218482,3802,2.283505502376596,2.6931550389730794,0.973569905097383,normalized_void>0.946305
nvt_scale,1.1,1.1,scale-1p1,W-potential/fcc-restart/01-nvt-round-1/md/scale-1p1/multi_nnap_md.xyz,4302,5.367823628,21.16813735,6.364253574,9.658355765,3803,2.2386366701895293,2.6632108346111774,0.9627451379462315,normalized_void>0.946305
nvt_scale,1.1,1.1,scale-1p1,W-potential/fcc-restart/01-nvt-round-1/md/scale-1p1/multi_nnap_md.xyz,4303,5.243907088,21.16813735,5.166609934,9.4226918,3804,2.2495045236749402,2.6404073340568512,0.9545017202635167,normalized_void>0.946305
nvt_scale,1.1,1.1,scale-1p1,W-potential/fcc-restart/01-nvt-round-1/md/scale-1p1/multi_nnap_md.xyz,4310,6.739590358,21.16813735,5.638064277,11.57234619,3811,2.2156079086054805,2.6183055230114984,0.9465119618684302,normalized_void>0.946305
nvt_scale,1.1,1.1,scale-1p1,W-potential/fcc-restart/01-nvt-round-1/md/scale-1p1/multi_nnap_md.xyz,4311,4.495226813,21.16813735,4.065750151,9.934806581,3812,2.2405229783492335,2.630135933218717,0.9507886303765666,normalized_void>0.946305
nvt_scale,1.1,1.1,scale-1p1,W-potential/fcc-restart/01-nvt-round-1/md/scale-1p1/multi_nnap_md.xyz,4312,5.085109156,21.16813735,4.248383632,7.897441309,3813,2.299142033747056,2.632487867789343,0.9516388497971286,normalized_void>0.946305
nvt_scale,1.1,1.1,scale-1p1,W-potential/fcc-restart/01-nvt-round-1/md/scale-1p1/multi_nnap_md.xyz,4386,5.059983496,21.16813735,5.618313101,8.394779653,3887,2.275199895578674,2.6318908837665504,0.9514230413234226,normalized_void>0.946305
nvt_scale,1.1,1.1,scale-1p1,W-potential/fcc-restart/01-nvt-round-1/md/scale-1p1/multi_nnap_md.xyz,4402,5.546054837,21.16813735,5.918539327,11.67141351,3903,2.2732673640274843,2.6223885736322687,0.9479879761148611,normalized_void>0.946305
nvt_scale,1.1,1.1,scale-1p1,W-potential/fcc-restart/01-nvt-round-1/md/scale-1p1/multi_nnap_md.xyz,4403,6.372045249,21.16813735,5.473153922,9.323203342,3904,2.279382051244518,2.6359826769380845,0.952902215983641,normalized_void>0.946305
nvt_scale,1.1,1.1,scale-1p1,W-potential/fcc-restart/01-nvt-round-1/md/scale-1p1/multi_nnap_md.xyz,4404,6.555177107,21.16813735,5.643969855,7.419754089,3905,2.2734248595781104,2.6487327865793033,0.9575113539106264,normalized_void>0.946305
nvt_scale,1.1,1.1,scale-1p1,W-potential/fcc-restart/01-nvt-round-1/md/scale-1p1/multi_nnap_md.xyz,4405,7.791300981,21.16813735,6.192807937,6.652669816,3906,2.249206195684455,2.6456535309591094,0.9563982094542025,normalized_void>0.946305
nvt_scale,1.1,1.1,scale-1p1,W-potential/fcc-restart/01-nvt-round-1/md/scale-1p1/multi_nnap_md.xyz,4406,9.477915497,21.16813735,7.129149594,8.080476394,3907,2.243377083946966,2.665496767133809,0.9635714977647016,normalized_void>0.946305
nvt_scale,1.1,1.1,scale-1p1,W-potential/fcc-restart/01-nvt-round-1/md/scale-1p1/multi_nnap_md.xyz,4407,9.799370793,21.16813735,8.864242567,9.480948191,3908,2.262715261042221,2.696220150594608,0.9746779365279175,normalized_void>0.946305
nvt_scale,1.1,1.1,scale-1p1,W-potential/fcc-restart/01-nvt-round-1/md/scale-1p1/multi_nnap_md.xyz,4408,7.436240927,21.16813735,5.957608423,10.41697306,3909,2.3399750554852106,2.704095268160036,0.9775247750314029,normalized_void>0.946305
nvt_scale,1.1,1.1,scale-1p1,W-potential/fcc-restart/01-nvt-round-1/md/scale-1p1/multi_nnap_md.xyz,4409,5.688943993,21.16813735,6.004784948,10.33759622,3910,2.336840917668055,2.6866700428071444,0.9712255925678549,normalized_void>0.946305
nvt_scale,1.1,1.1,scale-1p1,W-potential/fcc-restart/01-nvt-round-1/md/scale-1p1/multi_nnap_md.xyz,4410,5.088007591,21.16813735,5.857860793,9.22837969,3911,2.334172538169778,2.6506982908615035,0.958221879591398,normalized_void>0.946305
nvt_scale,1.1,1.1,scale-1p1,W-potential/fcc-restart/01-nvt-round-1/md/scale-1p1/multi_nnap_md.xyz,4411,5.156212542,21.16813735,6.614183922,9.333809261,3912,2.3527956437062927,2.6200986199300775,0.9471601626484035,normalized_void>0.946305
nvt_scale,1.1,1.1,scale-1p1,W-potential/fcc-restart/01-nvt-round-1/md/scale-1p1/multi_nnap_md.xyz,4497,7.406739945,21.16813735,8.033631218,13.03018423,3998,2.225431283258248,2.6438122316179795,0.9557325835994492,normalized_void>0.946305
nvt_scale,1.1,1.1,scale-1p1,W-potential/fcc-restart/01-nvt-round-1/md/scale-1p1/multi_nnap_md.xyz,4498,7.1797216,21.16813735,7.347881486,11.80521251,3999,2.233020597694307,2.663131017408106,0.9627162841945185,normalized_void>0.946305
nvt_scale,1.1,1.1,scale-1p1,W-potential/fcc-restart/01-nvt-round-1/md/scale-1p1/multi_nnap_md.xyz,4499,8.102277369,21.16813735,6.517840507,10.18021436,4000,2.259843254729915,2.681564510263163,0.9693799532480292,normalized_void>0.946305
nvt_scale,1.1,1.1,scale-1p1,W-potential/fcc-restart/01-nvt-round-1/md/scale-1p1/multi_nnap_md.xyz,4500,5.447351891,21.16813735,5.275191641,9.622411743,4001,2.276483334032222,2.699537225815577,0.9758770522718484,normalized_void>0.946305
nvt_scale,1.1,1.1,scale-1p1,W-potential/fcc-restart/01-nvt-round-1/md/scale-1p1/multi_nnap_md.xyz,4501,6.479333023,21.16813735,5.875964288,8.615390509,4002,2.3016981712398703,2.7060976068957436,0.9782486162899585,normalized_void>0.946305
nvt_scale,1.1,1.1,scale-1p1,W-potential/fcc-restart/01-nvt-round-1/md/scale-1p1/multi_nnap_md.xyz,4502,6.670644818,21.16813735,7.42363964,10.7256872,4003,2.2098441427894024,2.704194377464563,0.97756060283738,normalized_void>0.946305
nvt_scale,1.1,1.1,scale-1p1,W-potential/fcc-restart/01-nvt-round-1/md/scale-1p1/multi_nnap_md.xyz,4503,10.83465101,21.16813735,9.552295218,13.15713265,4004,2.1607563768063227,2.717322586891801,0.9823064230449862,normalized_void>0.946305
nvt_scale,1.1,1.1,scale-1p1,W-potential/fcc-restart/01-nvt-round-1/md/scale-1p1/multi_nnap_md.xyz,4504,7.362986534,21.16813735,7.609621238,13.29486379,4005,2.195833359611595,2.711093518113895,0.9800546277301261,normalized_void>0.946305
nvt_scale,1.1,1.1,scale-1p1,W-potential/fcc-restart/01-nvt-round-1/md/scale-1p1/multi_nnap_md.xyz,4505,6.806080767,21.16813735,6.626448198,11.65238649,4006,2.3170300109466804,2.7161623734308358,0.9818870083092064,normalized_void>0.946305
nvt_scale,1.1,1.1,scale-1p1,W-potential/fcc-restart/01-nvt-round-1/md/scale-1p1/multi_nnap_md.xyz,4506,7.474886429,21.16813735,7.329169309,12.79965714,4007,2.2555580426979396,2.721829712827952,0.9839357396295945,normalized_void>0.946305
nvt_scale,1.1,1.1,scale-1p1,W-potential/fcc-restart/01-nvt-round-1/md/scale-1p1/multi_nnap_md.xyz,4507,6.867311848,21.16813735,6.551555686,13.31885831,4008,2.255533735236223,2.725806557316298,0.9853733605816294,normalized_void>0.946305
nvt_scale,1.1,1.1,scale-1p1,W-potential/fcc-restart/01-nvt-round-1/md/scale-1p1/multi_nnap_md.xyz,4508,10.70499929,21.16813735,7.44717053,12.56652365,4009,2.241799424239702,2.72050037832506,0.983455187991425,normalized_void>0.946305
nvt_scale,1.1,1.1,scale-1p1,W-potential/fcc-restart/01-nvt-round-1/md/scale-1p1/multi_nnap_md.xyz,4509,13.3724827,21.16813735,8.44424788,11.04465185,4010,2.1732259688939717,2.7118088093046695,0.9803132039972337,normalized_void>0.946305
nvt_scale,1.1,1.1,scale-1p1,W-potential/fcc-restart/01-nvt-round-1/md/scale-1p1/multi_nnap_md.xyz,4510,11.28399335,21.16813735,7.89969657,13.06687778,4011,2.1821903779544862,2.6667624241680405,0.9640290301313389,normalized_void>0.946305
nvt_scale,1.1,1.1,scale-1p1,W-potential/fcc-restart/01-nvt-round-1/md/scale-1p1/multi_nnap_md.xyz,4531,5.813486798,21.16813735,5.769220072,10.23067938,4032,2.318871339933743,2.638499579689891,0.9538120710561324,normalized_void>0.946305
nvt_scale,1.1,1.1,scale-1p1,W-potential/fcc-restart/01-nvt-round-1/md/scale-1p1/multi_nnap_md.xyz,4532,5.604443344,21.16813735,5.152027523,12.63807573,4033,2.322201664310955,2.658127355413602,0.9609074708649353,normalized_void>0.946305
nvt_scale,1.1,1.1,scale-1p1,W-potential/fcc-restart/01-nvt-round-1/md/scale-1p1/multi_nnap_md.xyz,4533,7.179675461,21.16813735,7.143709349,11.98574441,4034,2.238406876492896,2.6737577164441606,0.9665578136357552,normalized_void>0.946305
nvt_scale,1.1,1.1,scale-1p1,W-potential/fcc-restart/01-nvt-round-1/md/scale-1p1/multi_nnap_md.xyz,4534,11.11992847,21.16813735,9.3887122,10.54596748,4035,2.19661617205197,2.6811154122730327,0.9692176052653458,normalized_void>0.946305
nvt_scale,1.1,1.1,scale-1p1,W-potential/fcc-restart/01-nvt-round-1/md/scale-1p1/multi_nnap_md.xyz,4535,5.431161537,21.16813735,6.25836991,12.12282135,4036,2.2948348446199107,2.6705716751328037,0.9654060663756655,normalized_void>0.946305
nvt_scale,1.1,1.1,scale-1p1,W-potential/fcc-restart/01-nvt-round-1/md/scale-1p1/multi_nnap_md.xyz,4536,7.183572388,21.16813735,7.657726307,12.11725354,4037,2.2621501666063892,2.6741227159815435,0.9666897602039357,normalized_void>0.946305
nvt_scale,1.1,1.1,scale-1p1,W-potential/fcc-restart/01-nvt-round-1/md/scale-1p1/multi_nnap_md.xyz,4537,6.025625868,21.16813735,6.91279861,13.84632139,4038,2.2213430699373733,2.6874157129503637,0.9714951507626348,normalized_void>0.946305
nvt_scale,1.1,1.1,scale-1p1,W-potential/fcc-restart/01-nvt-round-1/md/scale-1p1/multi_nnap_md.xyz,4538,5.169540633,21.16813735,6.763124743,13.96679823,4039,2.2375214602398543,2.6898613687400044,0.972379250207548,normalized_void>0.946305
nvt_scale,1.1,1.1,scale-1p1,W-potential/fcc-restart/01-nvt-round-1/md/scale-1p1/multi_nnap_md.xyz,4539,5.374016634,21.16813735,5.838649799,17.014027,4040,2.236578863358924,2.679479928460058,0.9686263812928881,normalized_void>0.946305
nvt_scale,1.1,1.1,scale-1p1,W-potential/fcc-restart/01-nvt-round-1/md/scale-1p1/multi_nnap_md.xyz,4540,6.926166844,21.16813735,7.377723911,20.67788483,4041,2.273360784885233,2.6737341760573847,0.966549303835247,normalized_void>0.946305
nvt_scale,1.1,1.1,scale-1p1,W-potential/fcc-restart/01-nvt-round-1/md/scale-1p1/multi_nnap_md.xyz,4541,7.024044863,21.16813735,7.439054651,20.13978766,4042,2.2539615143318383,2.6578180140300653,0.9607956446027802,normalized_void>0.946305
nvt_scale,1.1,1.1,scale-1p1,W-potential/fcc-restart/01-nvt-round-1/md/scale-1p1/multi_nnap_md.xyz,4542,4.310196963,21.16813735,4.395685017,12.20295513,4043,2.2976793314860355,2.6394095754048945,0.954141032600891,normalized_void>0.946305
nvt_scale,1.1,1.1,scale-1p1,W-potential/fcc-restart/01-nvt-round-1/md/scale-1p1/multi_nnap_md.xyz,4543,6.934050971,21.16813735,8.444361374,12.60347317,4044,2.155944749523295,2.6195414359220566,0.9469587417966662,normalized_void>0.946305
nvt_scale,1.1,1.1,scale-1p1,W-potential/fcc-restart/01-nvt-round-1/md/scale-1p1/multi_nnap_md.xyz,4545,7.206280861,21.16813735,9.251836851,10.31719662,4046,2.1520386678630006,2.6353350526826977,0.9526681011719307,normalized_void>0.946305
nvt_scale,1.1,1.1,scale-1p1,W-potential/fcc-restart/01-nvt-round-1/md/scale-1p1/multi_nnap_md.xyz,4546,5.759713599,21.16813735,7.911079277,11.31033496,4047,2.2427877970926375,2.6500046644024806,0.9579711350794365,normalized_void>0.946305
nvt_scale,1.1,1.1,scale-1p1,W-potential/fcc-restart/01-nvt-round-1/md/scale-1p1/multi_nnap_md.xyz,4547,5.028812271,21.16813735,6.009806528,11.20965564,4048,2.2708853832628115,2.6260909497426925,0.9493263773232202,normalized_void>0.946305
nvt_scale,1.1,1.1,scale-1p1,W-potential/fcc-restart/01-nvt-round-1/md/scale-1p1/multi_nnap_md.xyz,4563,8.026670329,21.16813735,5.835362744,8.044554838,4064,2.221234881173421,2.6386657498876107,0.9538721412345228,normalized_void>0.946305
nvt_scale,1.1,1.1,scale-1p1,W-potential/fcc-restart/01-nvt-round-1/md/scale-1p1/multi_nnap_md.xyz,4564,5.831004598,21.16813735,4.445604831,6.819598573,4065,2.241605086108899,2.6529743479807752,0.95904466947224,normalized_void>0.946305
nvt_scale,1.1,1.1,scale-1p1,W-potential/fcc-restart/01-nvt-round-1/md/scale-1p1/multi_nnap_md.xyz,4565,5.036816731,21.16813735,4.356875504,6.722097178,4066,2.2169475489000336,2.6679922917147816,0.9644736246732185,normalized_void>0.946305
nvt_scale,1.1,1.1,scale-1p1,W-potential/fcc-restart/01-nvt-round-1/md/scale-1p1/multi_nnap_md.xyz,4566,4.438356546,21.16813735,4.730314712,7.182460237,4067,2.237525850918135,2.6875201223241243,0.9715328945325374,normalized_void>0.946305
nvt_scale,1.1,1.1,scale-1p1,W-potential/fcc-restart/01-nvt-round-1/md/scale-1p1/multi_nnap_md.xyz,4567,6.203040419,21.16813735,5.979424172,9.973869632,4068,2.2179170604152234,2.685727273822672,0.9708847835548351,normalized_void>0.946305
nvt_scale,1.1,1.1,scale-1p1,W-potential/fcc-restart/01-nvt-round-1/md/scale-1p1/multi_nnap_md.xyz,4568,7.322997507,21.16813735,6.290011373,9.985768569,4069,2.183605869925688,2.6887855397204414,0.9719903402705707,normalized_void>0.946305
nvt_scale,1.1,1.1,scale-1p1,W-potential/fcc-restart/01-nvt-round-1/md/scale-1p1/multi_nnap_md.xyz,4569,7.343682665,21.16813735,5.76754223,9.259923817,4070,2.184315698487628,2.701090431931926,0.9764385330293273,normalized_void>0.946305
nvt_scale,1.1,1.1,scale-1p1,W-potential/fcc-restart/01-nvt-round-1/md/scale-1p1/multi_nnap_md.xyz,4570,6.807983336,21.16813735,6.837648599,13.34364448,4071,2.2028731495382106,2.7102975067952375,0.9797668713058776,normalized_void>0.946305
nvt_scale,1.1,1.1,scale-1p1,W-potential/fcc-restart/01-nvt-round-1/md/scale-1p1/multi_nnap_md.xyz,4571,6.034792156,21.16813735,8.832141936,17.79208548,4072,2.2340976003064665,2.7107184026083933,0.9799190242606611,normalized_void>0.946305
nvt_scale,1.1,1.1,scale-1p1,W-potential/fcc-restart/01-nvt-round-1/md/scale-1p1/multi_nnap_md.xyz,4572,5.452514721,21.16813735,8.737030581,17.76293145,4073,2.268899722458467,2.7138156628864043,0.9810386773631706,normalized_void>0.946305
nvt_scale,1.1,1.1,scale-1p1,W-potential/fcc-restart/01-nvt-round-1/md/scale-1p1/multi_nnap_md.xyz,4573,4.182921053,21.16813735,6.953473548,14.13789485,4074,2.2623573114285582,2.7104014731504136,0.9798044549254901,normalized_void>0.946305
nvt_scale,1.1,1.1,scale-1p1,W-potential/fcc-restart/01-nvt-round-1/md/scale-1p1/multi_nnap_md.xyz,4574,4.583190526,21.16813735,5.521751946,10.8099487,4075,2.266615336369742,2.709853498733744,0.9796063633217343,normalized_void>0.946305
nvt_scale,1.1,1.1,scale-1p1,W-potential/fcc-restart/01-nvt-round-1/md/scale-1p1/multi_nnap_md.xyz,4575,5.209928998,21.16813735,5.815761168,8.072351397,4076,2.2535565846089325,2.7280615756751416,0.9861885449946476,normalized_void>0.946305
nvt_scale,1.1,1.1,scale-1p1,W-potential/fcc-restart/01-nvt-round-1/md/scale-1p1/multi_nnap_md.xyz,4576,4.742215712,21.16813735,5.053658638,8.329982161,4077,2.3348894502282196,2.7088725581324162,0.9792517553491815,normalized_void>0.946305
nvt_scale,1.1,1.1,scale-1p1,W-potential/fcc-restart/01-nvt-round-1/md/scale-1p1/multi_nnap_md.xyz,4577,4.538474871,21.16813735,4.612361573,9.704436611,4078,2.383658594584227,2.6833745151477677,0.9700342662223027,normalized_void>0.946305
nvt_scale,1.1,1.1,scale-1p1,W-potential/fcc-restart/01-nvt-round-1/md/scale-1p1/multi_nnap_md.xyz,4578,4.725585413,21.16813735,6.064618205,11.02768187,4079,2.3492104762239805,2.67440063772027,0.9667902283303081,normalized_void>0.946305
nvt_scale,1.1,1.1,scale-1p1,W-potential/fcc-restart/01-nvt-round-1/md/scale-1p1/multi_nnap_md.xyz,4579,5.37679243,21.16813735,6.884881692,12.53289153,4080,2.3324604651699468,2.66374755874565,0.9629391625965396,normalized_void>0.946305
nvt_scale,1.1,1.1,scale-1p1,W-potential/fcc-restart/01-nvt-round-1/md/scale-1p1/multi_nnap_md.xyz,4580,5.751777428,21.16813735,5.900383352,12.12509231,4081,2.3527538682522597,2.654068098404654,0.9594400579593365,normalized_void>0.946305
nvt_scale,1.1,1.1,scale-1p1,W-potential/fcc-restart/01-nvt-round-1/md/scale-1p1/multi_nnap_md.xyz,4581,4.77058949,21.16813735,4.331950913,9.754978274,4082,2.262014778169852,2.6394885552037395,0.9541695836327304,normalized_void>0.946305
nvt_scale,1.1,1.1,scale-1p1,W-potential/fcc-restart/01-nvt-round-1/md/scale-1p1/multi_nnap_md.xyz,4589,16.30158755,21.16813735,12.15674996,11.96579169,4090,2.133735368930148,2.6289367207820633,0.9503551175927687,normalized_void>0.946305
nvt_scale,1.1,1.1,scale-1p1,W-potential/fcc-restart/01-nvt-round-1/md/scale-1p1/multi_nnap_md.xyz,4590,16.36889807,21.16813735,10.06685931,10.45280906,4091,2.186916701091397,2.6291835080704757,0.9504443306805717,normalized_void>0.946305
nvt_scale,1.1,1.1,scale-1p1,W-potential/fcc-restart/01-nvt-round-1/md/scale-1p1/multi_nnap_md.xyz,4591,11.96529628,21.16813735,7.859430607,7.699091886,4092,2.236436593671119,2.632890747240344,0.9517844898747331,normalized_void>0.946305
nvt_scale,1.1,1.1,scale-1p1,W-potential/fcc-restart/01-nvt-round-1/md/scale-1p1/multi_nnap_md.xyz,4592,8.148010312,21.16813735,6.45086776,7.586044006,4093,2.232861806768923,2.6294147318439944,0.9505279175903423,normalized_void>0.946305
nvt_scale,1.1,1.1,scale-1p1,W-potential/fcc-restart/01-nvt-round-1/md/scale-1p1/multi_nnap_md.xyz,4604,8.281677727,21.16813735,6.913337189,10.95816279,4105,2.130349035978547,2.62562207572256,0.949156880347117,normalized_void>0.946305
nvt_scale,1.1,1.1,scale-1p1,W-potential/fcc-restart/01-nvt-round-1/md/scale-1p1/multi_nnap_md.xyz,4605,5.724683319,21.16813735,5.370833797,7.69751979,4106,2.17485864109817,2.669657250352912,0.9650755037332276,normalized_void>0.946305
nvt_scale,1.1,1.1,scale-1p1,W-potential/fcc-restart/01-nvt-round-1/md/scale-1p1/multi_nnap_md.xyz,4606,7.438545683,21.16813735,6.279597395,10.93702403,4107,2.272938234411457,2.708487102921475,0.9791124140978593,normalized_void>0.946305
nvt_scale,1.1,1.1,scale-1p1,W-potential/fcc-restart/01-nvt-round-1/md/scale-1p1/multi_nnap_md.xyz,4607,6.772508693,21.16813735,7.450586181,14.21157097,4108,2.311117096029371,2.743872054694132,0.9919040000409831,normalized_void>0.946305
nvt_scale,1.1,1.1,scale-1p1,W-potential/fcc-restart/01-nvt-round-1/md/scale-1p1/multi_nnap_md.xyz,4608,7.530119178,21.16813735,7.526650698,15.43588797,4109,2.2488668574382817,2.772553585335505,1.0022723132871514,normalized_void>0.946305
nvt_scale,1.1,1.1,scale-1p1,W-potential/fcc-restart/01-nvt-round-1/md/scale-1p1/multi_nnap_md.xyz,4609,6.863330188,21.16813735,5.650716907,11.80736807,4110,2.2901286095402296,2.7759587222060076,1.0035032631329213,normalized_void>0.946305
nvt_scale,1.1,1.1,scale-1p1,W-potential/fcc-restart/01-nvt-round-1/md/scale-1p1/multi_nnap_md.xyz,4610,5.653894964,21.16813735,5.299251474,12.19685745,4111,2.3144211994947437,2.7507344582753293,0.9943847445605536,normalized_void>0.946305
nvt_scale,1.1,1.1,scale-1p1,W-potential/fcc-restart/01-nvt-round-1/md/scale-1p1/multi_nnap_md.xyz,4611,5.386673518,21.16813735,6.047707646,14.04322821,4112,2.25751995728062,2.7405726741984378,0.9907112809031728,normalized_void>0.946305
nvt_scale,1.1,1.1,scale-1p1,W-potential/fcc-restart/01-nvt-round-1/md/scale-1p1/multi_nnap_md.xyz,4612,5.987708011,21.16813735,7.011964312,14.35191272,4113,2.2009672862577188,2.7300192810709922,0.9868962513943407,normalized_void>0.946305
nvt_scale,1.1,1.1,scale-1p1,W-potential/fcc-restart/01-nvt-round-1/md/scale-1p1/multi_nnap_md.xyz,4613,5.547329882,21.16813735,6.578202559,12.56574906,4114,2.192285736799756,2.715903689666225,0.9817934946701778,normalized_void>0.946305
nvt_scale,1.1,1.1,scale-1p1,W-potential/fcc-restart/01-nvt-round-1/md/scale-1p1/multi_nnap_md.xyz,4614,6.340512366,21.16813735,5.910117291,10.20336664,4115,2.2185530628459436,2.713454873022791,0.9809082525832395,normalized_void>0.946305
nvt_scale,1.1,1.1,scale-1p1,W-potential/fcc-restart/01-nvt-round-1/md/scale-1p1/multi_nnap_md.xyz,4615,7.147292322,21.16813735,6.682596076,8.996325511,4116,2.2288159754896086,2.7097521223266745,0.9795697159629372,normalized_void>0.946305
nvt_scale,1.1,1.1,scale-1p1,W-potential/fcc-restart/01-nvt-round-1/md/scale-1p1/multi_nnap_md.xyz,4616,5.973886199,21.16813735,5.543039368,7.752337817,4117,2.2690851365666695,2.698983629632307,0.9756769284112429,normalized_void>0.946305
nvt_scale,1.1,1.1,scale-1p1,W-potential/fcc-restart/01-nvt-round-1/md/scale-1p1/multi_nnap_md.xyz,4617,5.03184085,21.16813735,5.247001588,10.92084051,4118,2.3104929066472573,2.69472827119911,0.9741386252515619,normalized_void>0.946305
nvt_scale,1.1,1.1,scale-1p1,W-potential/fcc-restart/01-nvt-round-1/md/scale-1p1/multi_nnap_md.xyz,4618,5.174638801,21.16813735,6.712095425,13.95919353,4119,2.30519576845258,2.6958769497303243,0.9745538701343994,normalized_void>0.946305
nvt_scale,1.1,1.1,scale-1p1,W-potential/fcc-restart/01-nvt-round-1/md/scale-1p1/multi_nnap_md.xyz,4619,6.675781765,21.16813735,6.608842005,14.30413096,4120,2.268067604811891,2.67603857854018,0.9673823405056262,normalized_void>0.946305
nvt_scale,1.1,1.1,scale-1p1,W-potential/fcc-restart/01-nvt-round-1/md/scale-1p1/multi_nnap_md.xyz,4620,11.18274298,21.16813735,9.187231086,13.38025195,4121,2.1966851918353845,2.6849571935439367,0.9706064011471993,normalized_void>0.946305
nvt_scale,1.1,1.1,scale-1p1,W-potential/fcc-restart/01-nvt-round-1/md/scale-1p1/multi_nnap_md.xyz,4621,13.71861468,21.16813735,10.81266423,11.76612316,4122,2.1618632590522315,2.683486630982729,0.9700747958617864,normalized_void>0.946305
nvt_scale,1.1,1.1,scale-1p1,W-potential/fcc-restart/01-nvt-round-1/md/scale-1p1/multi_nnap_md.xyz,4622,10.09473307,21.16813735,8.536956722,9.488295304,4123,2.200840391279331,2.681591798471171,0.969389817878062,normalized_void>0.946305
nvt_scale,1.1,1.1,scale-1p1,W-potential/fcc-restart/01-nvt-round-1/md/scale-1p1/multi_nnap_md.xyz,4623,15.22793877,21.16813735,9.247146936,9.989170021,4124,2.188399155095946,2.6608526527420606,0.9618926601403516,normalized_void>0.946305
nvt_scale,1.1,1.1,scale-1p1,W-potential/fcc-restart/01-nvt-round-1/md/scale-1p1/multi_nnap_md.xyz,4624,16.33348357,21.16813735,9.870026512,10.29643349,4125,2.148013787434872,2.656299105591808,0.9602465623840863,normalized_void>0.946305
nvt_scale,1.1,1.1,scale-1p1,W-potential/fcc-restart/01-nvt-round-1/md/scale-1p1/multi_nnap_md.xyz,4625,10.1549266,21.16813735,7.501730476,10.07184322,4126,2.1787202016576392,2.654872767546822,0.9597309441686482,normalized_void>0.946305
nvt_scale,1.1,1.1,scale-1p1,W-potential/fcc-restart/01-nvt-round-1/md/scale-1p1/multi_nnap_md.xyz,4626,5.287771835,21.16813735,5.404680724,11.12449923,4127,2.2576777490110587,2.6770034179787188,0.9677311279415588,normalized_void>0.946305
nvt_scale,1.1,1.1,scale-1p1,W-potential/fcc-restart/01-nvt-round-1/md/scale-1p1/multi_nnap_md.xyz,4627,6.009994333,21.16813735,4.541889455,9.461607579,4128,2.2925575204981015,2.675412465341068,0.967156001895699,normalized_void>0.946305
nvt_scale,1.1,1.1,scale-1p1,W-potential/fcc-restart/01-nvt-round-1/md/scale-1p1/multi_nnap_md.xyz,4628,6.907897381,21.16813735,5.029669645,8.74027074,4129,2.3085645797865446,2.6802697057625697,0.9689118841333587,normalized_void>0.946305
nvt_scale,1.1,1.1,scale-1p1,W-potential/fcc-restart/01-nvt-round-1/md/scale-1p1/multi_nnap_md.xyz,4629,6.738857539,21.16813735,5.232464612,10.60557517,4130,2.2889810791758487,2.682760037785991,0.9698121339431979,normalized_void>0.946305
nvt_scale,1.1,1.1,scale-1p1,W-potential/fcc-restart/01-nvt-round-1/md/scale-1p1/multi_nnap_md.xyz,4630,6.765265456,21.16813735,4.921546841,11.24336507,4131,2.310042718123411,2.6895289528799293,0.9722590825704596,normalized_void>0.946305
nvt_scale,1.1,1.1,scale-1p1,W-potential/fcc-restart/01-nvt-round-1/md/scale-1p1/multi_nnap_md.xyz,4631,6.602171754,21.16813735,4.218485079,9.88970585,4132,2.34813463171959,2.7093598441679947,0.9794279082302998,normalized_void>0.946305
nvt_scale,1.1,1.1,scale-1p1,W-potential/fcc-restart/01-nvt-round-1/md/scale-1p1/multi_nnap_md.xyz,4632,7.876635257,21.16813735,5.022555784,8.605091136,4133,2.328363209388758,2.7106680754438215,0.9799008310960914,normalized_void>0.946305
nvt_scale,1.1,1.1,scale-1p1,W-potential/fcc-restart/01-nvt-round-1/md/scale-1p1/multi_nnap_md.xyz,4633,9.456333788,21.16813735,7.877603704,11.82189048,4134,2.2564603258099725,2.7120467575946,0.9803992218056008,normalized_void>0.946305
nvt_scale,1.1,1.1,scale-1p1,W-potential/fcc-restart/01-nvt-round-1/md/scale-1p1/multi_nnap_md.xyz,4634,9.535941017,21.16813735,8.229513519,14.10052405,4135,2.2556027639765466,2.7376726233170285,0.9896629185844302,normalized_void>0.946305
nvt_scale,1.1,1.1,scale-1p1,W-potential/fcc-restart/01-nvt-round-1/md/scale-1p1/multi_nnap_md.xyz,4635,7.533046032,21.16813735,6.105966611,14.1049656,4136,2.309683218710493,2.7654883738606792,0.9997182541388663,normalized_void>0.946305
nvt_scale,1.1,1.1,scale-1p1,W-potential/fcc-restart/01-nvt-round-1/md/scale-1p1/multi_nnap_md.xyz,4636,6.605540716,21.16813735,4.850203995,15.98718242,4137,2.3386693223912443,2.776781833758062,1.0038008162347745,normalized_void>0.946305
nvt_scale,1.1,1.1,scale-1p1,W-potential/fcc-restart/01-nvt-round-1/md/scale-1p1/multi_nnap_md.xyz,4637,6.387386833,21.16813735,4.219505323,16.05623219,4138,2.3007554957742036,2.8200114867260906,1.0194282452273233,normalized_void>0.946305
nvt_scale,1.1,1.1,scale-1p1,W-potential/fcc-restart/01-nvt-round-1/md/scale-1p1/multi_nnap_md.xyz,4638,6.055445957,21.16813735,5.123291112,10.21753833,4139,2.224923266640602,2.86082393912174,1.034181861276392,normalized_void>0.946305
nvt_scale,1.1,1.1,scale-1p1,W-potential/fcc-restart/01-nvt-round-1/md/scale-1p1/multi_nnap_md.xyz,4639,9.423871147,21.16813735,8.557003999,12.50372059,4140,2.205212221891406,2.8933460006155363,1.0459385183807524,normalized_void>0.946305
nvt_scale,1.1,1.1,scale-1p1,W-potential/fcc-restart/01-nvt-round-1/md/scale-1p1/multi_nnap_md.xyz,4640,12.39361513,21.16813735,9.804949545,12.85585898,4141,2.1924794728247394,2.911528288982065,1.0525113775378712,normalized_void>0.946305
nvt_scale,1.1,1.1,scale-1p1,W-potential/fcc-restart/01-nvt-round-1/md/scale-1p1/multi_nnap_md.xyz,4641,6.118647877,21.16813735,6.914381954,10.64339181,4142,2.1653342719160755,2.8869730338997557,1.0436347042627812,normalized_void>0.946305
nvt_scale,1.1,1.1,scale-1p1,W-potential/fcc-restart/01-nvt-round-1/md/scale-1p1/multi_nnap_md.xyz,4642,5.872424045,21.16813735,6.663433095,9.505932701,4143,2.1922508588671374,2.852454659644971,1.0311563842771034,normalized_void>0.946305
nvt_scale,1.1,1.1,scale-1p1,W-potential/fcc-restart/01-nvt-round-1/md/scale-1p1/multi_nnap_md.xyz,4643,5.409150523,21.16813735,5.822030575,10.43784176,4144,2.238357495259484,2.8051243993640425,1.014046594330696,normalized_void>0.946305
nvt_scale,1.1,1.1,scale-1p1,W-potential/fcc-restart/01-nvt-round-1/md/scale-1p1/multi_nnap_md.xyz,4644,4.66304733,21.16813735,4.534763602,9.700102511,4145,2.251745850478639,2.7673546523936863,1.000392909919158,normalized_void>0.946305
nvt_scale,1.1,1.1,scale-1p1,W-potential/fcc-restart/01-nvt-round-1/md/scale-1p1/multi_nnap_md.xyz,4645,4.233175752,21.16813735,4.449717979,8.960082669,4146,2.260658874008058,2.744122525777798,0.9919945448130536,normalized_void>0.946305
nvt_scale,1.1,1.1,scale-1p1,W-potential/fcc-restart/01-nvt-round-1/md/scale-1p1/multi_nnap_md.xyz,4646,4.272012105,21.16813735,5.770182352,11.03672586,4147,2.3046353970539237,2.738902737924962,0.9901076024384134,normalized_void>0.946305
nvt_scale,1.1,1.1,scale-1p1,W-potential/fcc-restart/01-nvt-round-1/md/scale-1p1/multi_nnap_md.xyz,4647,4.127435912,21.16813735,6.19481817,11.28892751,4148,2.273689563236709,2.7406291481879044,0.990731696132066,normalized_void>0.946305
nvt_scale,1.1,1.1,scale-1p1,W-potential/fcc-restart/01-nvt-round-1/md/scale-1p1/multi_nnap_md.xyz,4648,4.166023234,21.16813735,6.104244598,10.38393068,4149,2.27754713237245,2.7452693177301954,0.9924091077016007,normalized_void>0.946305
nvt_scale,1.1,1.1,scale-1p1,W-potential/fcc-restart/01-nvt-round-1/md/scale-1p1/multi_nnap_md.xyz,4649,4.768927242,21.16813735,6.946810972,7.360038377,4150,2.2939262921146266,2.726477490825838,0.9856159016398889,normalized_void>0.946305
nvt_scale,1.1,1.1,scale-1p1,W-potential/fcc-restart/01-nvt-round-1/md/scale-1p1/multi_nnap_md.xyz,4650,7.192729705,21.16813735,7.104147937,9.396143464,4151,2.2944090942793913,2.7024673238063954,0.9769362765577012,normalized_void>0.946305
nvt_scale,1.1,1.1,scale-1p1,W-potential/fcc-restart/01-nvt-round-1/md/scale-1p1/multi_nnap_md.xyz,4651,6.678625299,21.16813735,6.268008144,12.22654804,4152,2.30089804005408,2.6877762645837735,0.9716254894228462,normalized_void>0.946305
nvt_scale,1.1,1.1,scale-1p1,W-potential/fcc-restart/01-nvt-round-1/md/scale-1p1/multi_nnap_md.xyz,4652,4.498376024,21.16813735,4.679099353,11.5544662,4153,2.3278289200023927,2.672244648448312,0.9660108427247578,normalized_void>0.946305
nvt_scale,1.1,1.1,scale-1p1,W-potential/fcc-restart/01-nvt-round-1/md/scale-1p1/multi_nnap_md.xyz,4653,4.161254276,21.16813735,3.338542454,8.605368954,4154,2.329536816249409,2.6524715113610977,0.9588628950875445,normalized_void>0.946305
nvt_scale,1.1,1.1,scale-1p1,W-potential/fcc-restart/01-nvt-round-1/md/scale-1p1/multi_nnap_md.xyz,4654,3.967370608,21.16813735,3.003262252,8.204923166,4155,2.3463813990487545,2.6426146737852934,0.9552996689515196,normalized_void>0.946305
nvt_scale,1.1,1.1,scale-1p1,W-potential/fcc-restart/01-nvt-round-1/md/scale-1p1/multi_nnap_md.xyz,4655,4.020770389,21.16813735,3.039826313,8.43217145,4156,2.3684597410548247,2.643457165487179,0.9556042279369401,normalized_void>0.946305
nvt_scale,1.1,1.1,scale-1p1,W-potential/fcc-restart/01-nvt-round-1/md/scale-1p1/multi_nnap_md.xyz,4656,4.070439095,21.16813735,2.764600388,7.040690503,4157,2.400376516052823,2.659879395154603,0.9615408295612187,normalized_void>0.946305
nvt_scale,1.1,1.1,scale-1p1,W-potential/fcc-restart/01-nvt-round-1/md/scale-1p1/multi_nnap_md.xyz,4657,4.211557611,21.16813735,4.017906011,7.335101845,4158,2.365485474307716,2.6630299014656136,0.9626797309931202,normalized_void>0.946305
nvt_scale,1.1,1.1,scale-1p1,W-potential/fcc-restart/01-nvt-round-1/md/scale-1p1/multi_nnap_md.xyz,4658,5.11854022,21.16813735,6.06268905,9.481411742,4159,2.2558965674188496,2.661346144787098,0.9620710564808892,normalized_void>0.946305
nvt_scale,1.1,1.1,scale-1p1,W-potential/fcc-restart/01-nvt-round-1/md/scale-1p1/multi_nnap_md.xyz,4659,5.394985104,21.16813735,6.346717274,9.919246367,4160,2.242868094450429,2.6373657153099086,0.9534021814579332,normalized_void>0.946305
nvt_scale,1.1,1.1,scale-1p1,W-potential/fcc-restart/01-nvt-round-1/md/scale-1p1/multi_nnap_md.xyz,4681,4.517870546,21.16813735,5.1337414,10.7931967,4182,2.2740241495558786,2.6414625001857193,0.9548831606087913,normalized_void>0.946305
nvt_scale,1.1,1.1,scale-1p1,W-potential/fcc-restart/01-nvt-round-1/md/scale-1p1/multi_nnap_md.xyz,4682,4.666145071,21.16813735,4.703748639,8.933759114,4183,2.2720421113099594,2.6621286507080986,0.9623539307321752,normalized_void>0.946305
nvt_scale,1.1,1.1,scale-1p1,W-potential/fcc-restart/01-nvt-round-1/md/scale-1p1/multi_nnap_md.xyz,4683,6.658117213,21.16813735,5.952295235,9.090750358,4184,2.1770595551458705,2.6730040655388914,0.966285370412212,normalized_void>0.946305
nvt_scale,1.1,1.1,scale-1p1,W-potential/fcc-restart/01-nvt-round-1/md/scale-1p1/multi_nnap_md.xyz,4684,10.21078161,21.16813735,7.475997629,9.32643379,4185,2.1339479279057056,2.6781703438411935,0.9681529691964234,normalized_void>0.946305
nvt_scale,1.1,1.1,scale-1p1,W-potential/fcc-restart/01-nvt-round-1/md/scale-1p1/multi_nnap_md.xyz,4685,11.31152143,21.16813735,7.620503431,9.223310131,4186,2.1902906123254198,2.6700626483685954,0.965222054266689,normalized_void>0.946305
nvt_scale,1.1,1.1,scale-1p1,W-potential/fcc-restart/01-nvt-round-1/md/scale-1p1/multi_nnap_md.xyz,4686,4.364662919,21.16813735,4.102588768,7.679508959,4187,2.317506834633698,2.6400739001417293,0.9543811846016613,normalized_void>0.946305
nvt_scale,1.1,1.1,scale-1p1,W-potential/fcc-restart/01-nvt-round-1/md/scale-1p1/multi_nnap_md.xyz,4713,7.099815467,21.16813735,4.64790574,15.61955433,4214,2.2080886333863985,2.6594183898089994,0.9613741770944748,normalized_void>0.946305
nvt_scale,1.1,1.1,scale-1p1,W-potential/fcc-restart/01-nvt-round-1/md/scale-1p1/multi_nnap_md.xyz,4714,9.572309677,21.16813735,7.897217907,12.36053301,4215,2.1628532458961525,2.692381993721424,0.9732904508582474,normalized_void>0.946305
nvt_scale,1.1,1.1,scale-1p1,W-potential/fcc-restart/01-nvt-round-1/md/scale-1p1/multi_nnap_md.xyz,4715,11.37943989,21.16813735,8.473583183,11.10746641,4216,2.184071810404467,2.6692756155764354,0.9649375435609614,normalized_void>0.946305
nvt_scale,1.1,1.1,scale-1p1,W-potential/fcc-restart/01-nvt-round-1/md/scale-1p1/multi_nnap_md.xyz,4716,10.21180512,21.16813735,7.517786314,12.35226875,4217,2.22964237404624,2.650543485900687,0.958165917922341,normalized_void>0.946305
nvt_scale,1.1,1.1,scale-1p1,W-potential/fcc-restart/01-nvt-round-1/md/scale-1p1/multi_nnap_md.xyz,4717,6.279542894,21.16813735,6.316762248,12.9418177,4218,2.289147852267706,2.66680416890869,0.9640441207676389,normalized_void>0.946305
nvt_scale,1.1,1.1,scale-1p1,W-potential/fcc-restart/01-nvt-round-1/md/scale-1p1/multi_nnap_md.xyz,4718,5.8264013,21.16813735,5.608126518,11.81045129,4219,2.2689571842474985,2.6856431682188915,0.9708543795552488,normalized_void>0.946305
nvt_scale,1.1,1.1,scale-1p1,W-potential/fcc-restart/01-nvt-round-1/md/scale-1p1/multi_nnap_md.xyz,4719,4.820581627,21.16813735,5.952600052,9.109274942,4220,2.3277001969312265,2.7284123359775103,0.9863153441091981,normalized_void>0.946305
nvt_scale,1.1,1.1,scale-1p1,W-potential/fcc-restart/01-nvt-round-1/md/scale-1p1/multi_nnap_md.xyz,4720,4.585814585,21.16813735,5.829487096,9.311876762,4221,2.372029423155727,2.7725498254406604,1.002270954093041,normalized_void>0.946305
nvt_scale,1.1,1.1,scale-1p1,W-potential/fcc-restart/01-nvt-round-1/md/scale-1p1/multi_nnap_md.xyz,4721,9.834450687,21.16813735,7.522043008,9.93985533,4222,2.2762224123928703,2.794523720468687,1.0102144711158163,normalized_void>0.946305
nvt_scale,1.1,1.1,scale-1p1,W-potential/fcc-restart/01-nvt-round-1/md/scale-1p1/multi_nnap_md.xyz,4722,17.44178036,21.16813735,11.68920874,14.6035975,4223,2.1772204408360367,2.8186442634961737,1.0189339968937017,normalized_void>0.946305
nvt_scale,1.1,1.1,scale-1p1,W-potential/fcc-restart/01-nvt-round-1/md/scale-1p1/multi_nnap_md.xyz,4723,18.9628784,21.16813735,13.45576073,16.11141834,4224,2.1553318258330427,2.8345766370468137,1.0246935165578896,normalized_void>0.946305
nvt_scale,1.1,1.1,scale-1p1,W-potential/fcc-restart/01-nvt-round-1/md/scale-1p1/multi_nnap_md.xyz,4724,10.64625515,21.16813735,9.282247194,11.86112668,4225,2.125135982444421,2.8375693635086217,1.025775380904814,normalized_void>0.946305
nvt_scale,1.1,1.1,scale-1p1,W-potential/fcc-restart/01-nvt-round-1/md/scale-1p1/multi_nnap_md.xyz,4725,10.14440847,21.16813735,11.51633415,12.61275251,4226,2.095344616266161,2.840929485032859,1.0269900577972053,normalized_void>0.946305
nvt_scale,1.1,1.1,scale-1p1,W-potential/fcc-restart/01-nvt-round-1/md/scale-1p1/multi_nnap_md.xyz,4726,9.044949337,21.16813735,10.76759874,13.29756066,4227,2.113034074172122,2.824470983961801,1.0210403441364928,normalized_void>0.946305
nvt_scale,1.1,1.1,scale-1p1,W-potential/fcc-restart/01-nvt-round-1/md/scale-1p1/multi_nnap_md.xyz,4727,7.848728489,21.16813735,6.918839375,11.51421849,4228,2.185541442639894,2.812611564611719,1.0167531888839783,normalized_void>0.946305
nvt_scale,1.1,1.1,scale-1p1,W-potential/fcc-restart/01-nvt-round-1/md/scale-1p1/multi_nnap_md.xyz,4728,13.76242263,21.16813735,7.119543849,15.90572622,4229,2.234917575221299,2.799158605725412,1.0118899724271881,normalized_void>0.946305
nvt_scale,1.1,1.1,scale-1p1,W-potential/fcc-restart/01-nvt-round-1/md/scale-1p1/multi_nnap_md.xyz,4729,13.31148015,21.16813735,7.189213057,15.33902135,4230,2.247570711920344,2.785415730856684,1.006921951950055,normalized_void>0.946305
nvt_scale,1.1,1.1,scale-1p1,W-potential/fcc-restart/01-nvt-round-1/md/scale-1p1/multi_nnap_md.xyz,4730,9.180402878,21.16813735,6.906761139,9.517958995,4231,2.2628366972356777,2.7790069017126435,1.0046051736393906,normalized_void>0.946305
nvt_scale,1.1,1.1,scale-1p1,W-potential/fcc-restart/01-nvt-round-1/md/scale-1p1/multi_nnap_md.xyz,4731,8.061284914,21.16813735,5.608387394,8.721790696,4232,2.246630764648726,2.787881154714166,1.0078131975100835,normalized_void>0.946305
nvt_scale,1.1,1.1,scale-1p1,W-potential/fcc-restart/01-nvt-round-1/md/scale-1p1/multi_nnap_md.xyz,4732,9.33432674,21.16813735,8.257974148,8.172138232,4233,2.140187612913052,2.822555418332143,1.020347871174006,normalized_void>0.946305
nvt_scale,1.1,1.1,scale-1p1,W-potential/fcc-restart/01-nvt-round-1/md/scale-1p1/multi_nnap_md.xyz,4733,11.31048,21.16813735,9.723716113,9.806611507,4234,2.1078791076340155,2.8719725081881005,1.0382120456403963,normalized_void>0.946305
nvt_scale,1.1,1.1,scale-1p1,W-potential/fcc-restart/01-nvt-round-1/md/scale-1p1/multi_nnap_md.xyz,4734,8.778141592,21.16813735,6.703855975,10.7478048,4235,2.1527947837655743,2.923955296007546,1.057003714546087,normalized_void>0.946305
nvt_scale,1.1,1.1,scale-1p1,W-potential/fcc-restart/01-nvt-round-1/md/scale-1p1/multi_nnap_md.xyz,4735,7.234322172,21.16813735,5.517309768,9.877873003,4236,2.234641450539227,2.954957528466877,1.0682109566381528,normalized_void>0.946305
nvt_scale,1.1,1.1,scale-1p1,W-potential/fcc-restart/01-nvt-round-1/md/scale-1p1/multi_nnap_md.xyz,4736,5.272968375,21.16813735,5.774931073,8.631204646,4237,2.294641176023229,2.9223005029570275,1.0564055103247054,normalized_void>0.946305
nvt_scale,1.1,1.1,scale-1p1,W-potential/fcc-restart/01-nvt-round-1/md/scale-1p1/multi_nnap_md.xyz,4737,5.310449186,21.16813735,6.044651051,9.381121751,4238,2.276403859081689,2.8862760899094035,1.0433827604701935,normalized_void>0.946305
nvt_scale,1.1,1.1,scale-1p1,W-potential/fcc-restart/01-nvt-round-1/md/scale-1p1/multi_nnap_md.xyz,4738,6.797607667,21.16813735,6.667251407,10.69409091,4239,2.251923192098891,2.8513938410583783,1.0307729005802018,normalized_void>0.946305
nvt_scale,1.1,1.1,scale-1p1,W-potential/fcc-restart/01-nvt-round-1/md/scale-1p1/multi_nnap_md.xyz,4739,7.313951169,21.16813735,6.410941749,9.737824048,4240,2.2853804491767153,2.8154607287894744,1.017783155765945,normalized_void>0.946305
nvt_scale,1.1,1.1,scale-1p1,W-potential/fcc-restart/01-nvt-round-1/md/scale-1p1/multi_nnap_md.xyz,4740,5.959427892,21.16813735,5.332716301,7.981194923,4241,2.3457336070125634,2.816934996058491,1.0183161002954704,normalized_void>0.946305
nvt_scale,1.1,1.1,scale-1p1,W-potential/fcc-restart/01-nvt-round-1/md/scale-1p1/multi_nnap_md.xyz,4741,5.735982273,21.16813735,4.289480263,7.963595488,4242,2.2960155533683246,2.827630660225133,1.0221825604869497,normalized_void>0.946305
nvt_scale,1.1,1.1,scale-1p1,W-potential/fcc-restart/01-nvt-round-1/md/scale-1p1/multi_nnap_md.xyz,4742,5.334216001,21.16813735,4.542390879,8.625721854,4243,2.2770040331762096,2.840050749778859,1.0266723968436167,normalized_void>0.946305
nvt_scale,1.1,1.1,scale-1p1,W-potential/fcc-restart/01-nvt-round-1/md/scale-1p1/multi_nnap_md.xyz,4743,5.198178775,21.16813735,4.902126576,10.86298361,4244,2.2955457512131705,2.873582864676558,1.0387941861376766,normalized_void>0.946305
nvt_scale,1.1,1.1,scale-1p1,W-potential/fcc-restart/01-nvt-round-1/md/scale-1p1/multi_nnap_md.xyz,4744,5.350830666,21.16813735,4.809922757,13.71361821,4245,2.23970718085264,2.904532127726609,1.049982279899245,normalized_void>0.946305
nvt_scale,1.1,1.1,scale-1p1,W-potential/fcc-restart/01-nvt-round-1/md/scale-1p1/multi_nnap_md.xyz,4745,5.612966042,21.16813735,5.213182855,13.53745909,4246,2.237476370941651,2.90837125424303,1.051370116092914,normalized_void>0.946305
nvt_scale,1.1,1.1,scale-1p1,W-potential/fcc-restart/01-nvt-round-1/md/scale-1p1/multi_nnap_md.xyz,4746,5.456424999,21.16813735,5.73729911,15.29225699,4247,2.2620285390547044,2.9061029580049498,1.0505501317543657,normalized_void>0.946305
nvt_scale,1.1,1.1,scale-1p1,W-potential/fcc-restart/01-nvt-round-1/md/scale-1p1/multi_nnap_md.xyz,4747,5.341239976,21.16813735,5.832637826,15.54274263,4248,2.2565910941954788,2.916469471719013,1.0542976047467263,normalized_void>0.946305
nvt_scale,1.1,1.1,scale-1p1,W-potential/fcc-restart/01-nvt-round-1/md/scale-1p1/multi_nnap_md.xyz,4748,5.200881672,21.16813735,6.027052841,15.39971727,4249,2.2547142056950706,2.923335719440369,1.0567797389149116,normalized_void>0.946305
nvt_scale,1.1,1.1,scale-1p1,W-potential/fcc-restart/01-nvt-round-1/md/scale-1p1/multi_nnap_md.xyz,4749,4.754444809,21.16813735,5.091240369,13.88481131,4250,2.2962520358233185,2.926230557695315,1.0578262168801071,normalized_void>0.946305
nvt_scale,1.1,1.1,scale-1p1,W-potential/fcc-restart/01-nvt-round-1/md/scale-1p1/multi_nnap_md.xyz,4750,4.352074727,21.16813735,4.388694477,11.58235536,4251,2.3431375791259788,2.918803257547909,1.05514126343517,normalized_void>0.946305
nvt_scale,1.1,1.1,scale-1p1,W-potential/fcc-restart/01-nvt-round-1/md/scale-1p1/multi_nnap_md.xyz,4751,4.206134751,21.16813735,4.625981007,8.446295562,4252,2.2890316995414426,2.9217608958494776,1.056210443485669,normalized_void>0.946305
nvt_scale,1.1,1.1,scale-1p1,W-potential/fcc-restart/01-nvt-round-1/md/scale-1p1/multi_nnap_md.xyz,4752,4.527246231,21.16813735,5.739522652,8.764910349,4253,2.2876767650003313,2.9240444192720183,1.0570359324195027,normalized_void>0.946305
nvt_scale,1.1,1.1,scale-1p1,W-potential/fcc-restart/01-nvt-round-1/md/scale-1p1/multi_nnap_md.xyz,4753,7.058017311,21.16813735,8.040677346,9.933837396,4254,2.2686123832957734,2.885746902132292,1.043191460197285,normalized_void>0.946305
nvt_scale,1.1,1.1,scale-1p1,W-potential/fcc-restart/01-nvt-round-1/md/scale-1p1/multi_nnap_md.xyz,4754,5.27236209,21.16813735,6.181606495,10.75052147,4255,2.35382249560242,2.8537404612970105,1.0316211988808803,normalized_void>0.946305
nvt_scale,1.1,1.1,scale-1p1,W-potential/fcc-restart/01-nvt-round-1/md/scale-1p1/multi_nnap_md.xyz,4755,5.697079193,21.16813735,5.065940783,10.80490457,4256,2.3458220058989196,2.8367144130305735,1.0254663180979087,normalized_void>0.946305
nvt_scale,1.1,1.1,scale-1p1,W-potential/fcc-restart/01-nvt-round-1/md/scale-1p1/multi_nnap_md.xyz,4756,7.092681373,21.16813735,6.145051267,9.631549248,4257,2.2123977177588463,2.838562742413109,1.026134485297904,normalized_void>0.946305
nvt_scale,1.1,1.1,scale-1p1,W-potential/fcc-restart/01-nvt-round-1/md/scale-1p1/multi_nnap_md.xyz,4757,9.667976775,21.16813735,8.902810662,8.074959545,4258,2.162070460249503,2.8346936071551374,1.0247358010070253,normalized_void>0.946305
nvt_scale,1.1,1.1,scale-1p1,W-potential/fcc-restart/01-nvt-round-1/md/scale-1p1/multi_nnap_md.xyz,4758,10.29057637,21.16813735,9.413250983,12.19004911,4259,2.193810937993539,2.830845260703517,1.0233446318260953,normalized_void>0.946305
nvt_scale,1.1,1.1,scale-1p1,W-potential/fcc-restart/01-nvt-round-1/md/scale-1p1/multi_nnap_md.xyz,4759,8.080418645,21.16813735,8.139774678,13.48695383,4260,2.2274370031113664,2.801321220147082,1.0126717530104814,normalized_void>0.946305
nvt_scale,1.1,1.1,scale-1p1,W-potential/fcc-restart/01-nvt-round-1/md/scale-1p1/multi_nnap_md.xyz,4760,6.382499153,21.16813735,7.11949817,10.18231211,4261,2.27146289055323,2.781848411140644,1.0056323733453558,normalized_void>0.946305
nvt_scale,1.1,1.1,scale-1p1,W-potential/fcc-restart/01-nvt-round-1/md/scale-1p1/multi_nnap_md.xyz,4761,8.605440335,21.16813735,7.566535222,10.7738438,4262,2.1898355682014516,2.7643317700813412,0.9993001442954335,normalized_void>0.946305
nvt_scale,1.1,1.1,scale-1p1,W-potential/fcc-restart/01-nvt-round-1/md/scale-1p1/multi_nnap_md.xyz,4762,12.97533145,21.16813735,10.79318167,10.90774939,4263,2.114239382717404,2.7548284762746467,0.9958647234913552,normalized_void>0.946305
nvt_scale,1.1,1.1,scale-1p1,W-potential/fcc-restart/01-nvt-round-1/md/scale-1p1/multi_nnap_md.xyz,4763,11.61784714,21.16813735,9.071383656,10.04504578,4264,2.1518173210938203,2.7589641931695557,0.9973597764855644,normalized_void>0.946305
nvt_scale,1.1,1.1,scale-1p1,W-potential/fcc-restart/01-nvt-round-1/md/scale-1p1/multi_nnap_md.xyz,4764,5.347056377,21.16813735,6.696678644,11.86698343,4265,2.265656159714316,2.762984874308424,0.9988132442949363,normalized_void>0.946305
nvt_scale,1.1,1.1,scale-1p1,W-potential/fcc-restart/01-nvt-round-1/md/scale-1p1/multi_nnap_md.xyz,4765,4.285089288,21.16813735,8.259197697,11.21585623,4266,2.285783617554894,2.760393356387565,0.9978764159951325,normalized_void>0.946305
nvt_scale,1.1,1.1,scale-1p1,W-potential/fcc-restart/01-nvt-round-1/md/scale-1p1/multi_nnap_md.xyz,4766,4.953654909,21.16813735,8.439662284,11.08416878,4267,2.245262034307898,2.758219005443128,0.9970903926834442,normalized_void>0.946305
nvt_scale,1.1,1.1,scale-1p1,W-potential/fcc-restart/01-nvt-round-1/md/scale-1p1/multi_nnap_md.xyz,4767,4.818783674,21.16813735,7.16386864,9.403251335,4268,2.2465151850969125,2.7464398030178963,0.9928322356812285,normalized_void>0.946305
nvt_scale,1.1,1.1,scale-1p1,W-potential/fcc-restart/01-nvt-round-1/md/scale-1p1/multi_nnap_md.xyz,4768,4.331801799,21.16813735,5.468107043,8.106649337,4269,2.2487142847051533,2.741984745911909,0.991221741869653,normalized_void>0.946305
nvt_scale,1.1,1.1,scale-1p1,W-potential/fcc-restart/01-nvt-round-1/md/scale-1p1/multi_nnap_md.xyz,4769,4.941989667,21.16813735,6.035275319,8.260183292,4270,2.239066690150177,2.725135576621975,0.9851308024661696,normalized_void>0.946305
nvt_scale,1.1,1.1,scale-1p1,W-potential/fcc-restart/01-nvt-round-1/md/scale-1p1/multi_nnap_md.xyz,4770,7.623811088,21.16813735,8.316008059,10.14130274,4271,2.2760091470834487,2.715284076211488,0.9815695057042269,normalized_void>0.946305
nvt_scale,1.1,1.1,scale-1p1,W-potential/fcc-restart/01-nvt-round-1/md/scale-1p1/multi_nnap_md.xyz,4771,12.03480031,21.16813735,9.599014067,11.94708883,4272,2.270212953077503,2.7186644410012706,0.982791500494708,normalized_void>0.946305
nvt_scale,1.1,1.1,scale-1p1,W-potential/fcc-restart/01-nvt-round-1/md/scale-1p1/multi_nnap_md.xyz,4772,8.192856612,21.16813735,7.192380899,12.08362723,4273,2.28547617215302,2.739515389275197,0.9903290746181708,normalized_void>0.946305
nvt_scale,1.1,1.1,scale-1p1,W-potential/fcc-restart/01-nvt-round-1/md/scale-1p1/multi_nnap_md.xyz,4773,5.025153168,21.16813735,5.685080156,10.69789407,4274,2.2741844392509556,2.7404785984307454,0.9906772727102174,normalized_void>0.946305
nvt_scale,1.1,1.1,scale-1p1,W-potential/fcc-restart/01-nvt-round-1/md/scale-1p1/multi_nnap_md.xyz,4774,6.208020359,21.16813735,5.574944565,7.873829153,4275,2.2776973907802036,2.6996582554041977,0.9759208042146078,normalized_void>0.946305
nvt_scale,1.1,1.1,scale-1p1,W-potential/fcc-restart/01-nvt-round-1/md/scale-1p1/multi_nnap_md.xyz,4775,6.562602248,21.16813735,5.552942793,6.211764427,4276,2.263557940287687,2.662203505119918,0.9623809904452466,normalized_void>0.946305
nvt_scale,1.1,1.1,scale-1p1,W-potential/fcc-restart/01-nvt-round-1/md/scale-1p1/multi_nnap_md.xyz,4776,6.365393516,21.16813735,5.541924408,7.231282186,4277,2.195458319035636,2.6336911672621794,0.9520738400359453,normalized_void>0.946305
nvt_scale,1.1,1.1,scale-1p1,W-potential/fcc-restart/01-nvt-round-1/md/scale-1p1/multi_nnap_md.xyz,4779,5.648719439,21.16813735,5.845415685,8.849651388,4280,2.2290680427933833,2.621323844458736,0.9476030787489723,normalized_void>0.946305
nvt_scale,1.1,1.1,scale-1p1,W-potential/fcc-restart/01-nvt-round-1/md/scale-1p1/multi_nnap_md.xyz,4780,5.199301058,21.16813735,5.924758881,9.789463127,4281,2.2231057510442622,2.6203300427766814,0.9472438215226774,normalized_void>0.946305
nvt_scale,1.1,1.1,scale-1p1,W-potential/fcc-restart/01-nvt-round-1/md/scale-1p1/multi_nnap_md.xyz,4781,4.837916155,21.16813735,5.655589588,10.62909776,4282,2.2796674986766003,2.6193276160431966,0.9468814463583579,normalized_void>0.946305
nvt_scale,1.1,1.1,scale-1p1,W-potential/fcc-restart/01-nvt-round-1/md/scale-1p1/multi_nnap_md.xyz,4789,9.297234521,21.16813735,6.185455959,11.41475036,4290,2.1382570156423735,2.6431297147134383,0.9554858551681611,normalized_void>0.946305
nvt_scale,1.1,1.1,scale-1p1,W-potential/fcc-restart/01-nvt-round-1/md/scale-1p1/multi_nnap_md.xyz,4790,14.3370963,21.16813735,9.56211159,10.0623091,4291,2.0908775628185254,2.6828796041285283,0.9698553569255635,normalized_void>0.946305
nvt_scale,1.1,1.1,scale-1p1,W-potential/fcc-restart/01-nvt-round-1/md/scale-1p1/multi_nnap_md.xyz,4791,9.871451439,21.16813735,5.881886747,6.9198093,4292,2.1518838354917236,2.7134716864133246,0.9809143305886976,normalized_void>0.946305
nvt_scale,1.1,1.1,scale-1p1,W-potential/fcc-restart/01-nvt-round-1/md/scale-1p1/multi_nnap_md.xyz,4792,7.445459362,21.16813735,7.465479778,8.057687761,4293,2.253419025167136,2.7218401540404566,0.9839395141060432,normalized_void>0.946305
nvt_scale,1.1,1.1,scale-1p1,W-potential/fcc-restart/01-nvt-round-1/md/scale-1p1/multi_nnap_md.xyz,4793,12.27403552,21.16813735,10.17104821,8.74327299,4294,2.234970463155629,2.7201018548388953,0.9833111225859842,normalized_void>0.946305
nvt_scale,1.1,1.1,scale-1p1,W-potential/fcc-restart/01-nvt-round-1/md/scale-1p1/multi_nnap_md.xyz,4794,4.986019471,21.16813735,4.817513806,8.794658754,4295,2.2900614509413653,2.7088679091596277,0.9792500747552569,normalized_void>0.946305
nvt_scale,1.1,1.1,scale-1p1,W-potential/fcc-restart/01-nvt-round-1/md/scale-1p1/multi_nnap_md.xyz,4795,5.324646085,21.16813735,6.98600331,8.693845602,4296,2.2320179987803885,2.705833345609739,0.9781530863886297,normalized_void>0.946305
nvt_scale,1.1,1.1,scale-1p1,W-potential/fcc-restart/01-nvt-round-1/md/scale-1p1/multi_nnap_md.xyz,4796,6.611284598,21.16813735,7.84259291,6.464479269,4297,2.2061088626884144,2.6833413445686327,0.9700222751274296,normalized_void>0.946305
nvt_scale,1.1,1.1,scale-1p1,W-potential/fcc-restart/01-nvt-round-1/md/scale-1p1/multi_nnap_md.xyz,4797,5.829401639,21.16813735,6.012177884,7.721282558,4298,2.2349002494099883,2.6344909572964306,0.9523629624579655,normalized_void>0.946305
nvt_scale,1.1,1.1,scale-1p1,W-potential/fcc-restart/01-nvt-round-1/md/scale-1p1/multi_nnap_md.xyz,4803,4.404979508,21.16813735,3.685098776,8.075163935,4304,2.2913368830463186,2.620106083582441,0.9471628607430984,normalized_void>0.946305
nvt_scale,1.1,1.1,scale-1p1,W-potential/fcc-restart/01-nvt-round-1/md/scale-1p1/multi_nnap_md.xyz,4804,4.985864427,21.16813735,4.133588658,7.548232631,4305,2.3673856055615725,2.669122728288201,0.9648822751265257,normalized_void>0.946305
nvt_scale,1.1,1.1,scale-1p1,W-potential/fcc-restart/01-nvt-round-1/md/scale-1p1/multi_nnap_md.xyz,4805,5.416547219,21.16813735,4.922076158,8.192919626,4306,2.280486214354913,2.721563548303201,0.9838395217114455,normalized_void>0.946305
nvt_scale,1.1,1.1,scale-1p1,W-potential/fcc-restart/01-nvt-round-1/md/scale-1p1/multi_nnap_md.xyz,4806,5.35815351,21.16813735,5.933520001,8.225406285,4307,2.2450390919801357,2.763625386346298,0.9990447880549138,normalized_void>0.946305
nvt_scale,1.1,1.1,scale-1p1,W-potential/fcc-restart/01-nvt-round-1/md/scale-1p1/multi_nnap_md.xyz,4807,4.91626808,21.16813735,4.53941124,8.823640629,4308,2.227478075142717,2.7810967326846976,1.005360643158111,normalized_void>0.946305
nvt_scale,1.1,1.1,scale-1p1,W-potential/fcc-restart/01-nvt-round-1/md/scale-1p1/multi_nnap_md.xyz,4808,5.479505397,21.16813735,5.365864206,10.65241578,4309,2.2373434259695757,2.7863252897767254,1.0072507555943497,normalized_void>0.946305
nvt_scale,1.1,1.1,scale-1p1,W-potential/fcc-restart/01-nvt-round-1/md/scale-1p1/multi_nnap_md.xyz,4809,6.415470932,21.16813735,6.452720394,13.13795403,4310,2.286586461821214,2.7779033864599914,1.0042062551871476,normalized_void>0.946305
nvt_scale,1.1,1.1,scale-1p1,W-potential/fcc-restart/01-nvt-round-1/md/scale-1p1/multi_nnap_md.xyz,4810,7.512051514,21.16813735,6.751175018,12.13157348,4311,2.3477244383853946,2.762957629966791,0.998803395522506,normalized_void>0.946305
nvt_scale,1.1,1.1,scale-1p1,W-potential/fcc-restart/01-nvt-round-1/md/scale-1p1/multi_nnap_md.xyz,4811,7.521411045,21.16813735,6.918956528,11.94411874,4312,2.3148872500478728,2.7413631377932397,0.9909970318368687,normalized_void>0.946305
nvt_scale,1.1,1.1,scale-1p1,W-potential/fcc-restart/01-nvt-round-1/md/scale-1p1/multi_nnap_md.xyz,4812,6.067409126,21.16813735,6.267396208,10.99078504,4313,2.2079613991215234,2.718362247569738,0.9826822582022292,normalized_void>0.946305
nvt_scale,1.1,1.1,scale-1p1,W-potential/fcc-restart/01-nvt-round-1/md/scale-1p1/multi_nnap_md.xyz,4813,5.817871426,21.16813735,8.28101021,12.77687582,4314,2.1760604437611346,2.699241319961728,0.9757700829255312,normalized_void>0.946305
nvt_scale,1.1,1.1,scale-1p1,W-potential/fcc-restart/01-nvt-round-1/md/scale-1p1/multi_nnap_md.xyz,4814,4.877181761,21.16813735,7.109889561,11.89029217,4315,2.214772310158497,2.702617488202694,0.976990560672406,normalized_void>0.946305
nvt_scale,1.1,1.1,scale-1p1,W-potential/fcc-restart/01-nvt-round-1/md/scale-1p1/multi_nnap_md.xyz,4815,4.424950764,21.16813735,5.34376475,11.56503369,4316,2.2879096474283487,2.7332600771475875,0.9880677923873664,normalized_void>0.946305
nvt_scale,1.1,1.1,scale-1p1,W-potential/fcc-restart/01-nvt-round-1/md/scale-1p1/multi_nnap_md.xyz,4816,5.282566979,21.16813735,4.468033921,10.06787827,4317,2.3079813316554576,2.757395841795077,0.9967928207489972,normalized_void>0.946305
nvt_scale,1.1,1.1,scale-1p1,W-potential/fcc-restart/01-nvt-round-1/md/scale-1p1/multi_nnap_md.xyz,4817,5.471634477,21.16813735,7.455966511,9.697428763,4318,2.291933603896628,2.7876370659689753,1.0077249599400024,normalized_void>0.946305
nvt_scale,1.1,1.1,scale-1p1,W-potential/fcc-restart/01-nvt-round-1/md/scale-1p1/multi_nnap_md.xyz,4818,12.66975892,21.16813735,12.65386399,8.895813059,4319,2.1849935598812293,2.804208348644793,1.0137154439145863,normalized_void>0.946305
nvt_scale,1.1,1.1,scale-1p1,W-potential/fcc-restart/01-nvt-round-1/md/scale-1p1/multi_nnap_md.xyz,4819,14.14078309,21.16813735,13.48097326,9.32448998,4320,2.1535862891745823,2.8475247105239823,1.0293742179968859,normalized_void>0.946305
nvt_scale,1.1,1.1,scale-1p1,W-potential/fcc-restart/01-nvt-round-1/md/scale-1p1/multi_nnap_md.xyz,4820,8.168617087,21.16813735,8.64941118,10.72932252,4321,2.215900751781664,2.887929042644575,1.0439802994214324,normalized_void>0.946305
nvt_scale,1.1,1.1,scale-1p1,W-potential/fcc-restart/01-nvt-round-1/md/scale-1p1/multi_nnap_md.xyz,4821,4.736983098,21.16813735,5.082262686,8.882799734,4322,2.3315841063944514,2.903095372551102,1.0494628959129448,normalized_void>0.946305
nvt_scale,1.1,1.1,scale-1p1,W-potential/fcc-restart/01-nvt-round-1/md/scale-1p1/multi_nnap_md.xyz,4822,3.98230517,21.16813735,5.039071574,9.309795806,4323,2.331402524584446,2.8797190593419226,1.0410124076554008,normalized_void>0.946305
nvt_scale,1.1,1.1,scale-1p1,W-potential/fcc-restart/01-nvt-round-1/md/scale-1p1/multi_nnap_md.xyz,4823,4.503263785,21.16813735,6.237210964,10.43440498,4324,2.292645579627254,2.8600405000294806,1.0338986496856508,normalized_void>0.946305
nvt_scale,1.1,1.1,scale-1p1,W-potential/fcc-restart/01-nvt-round-1/md/scale-1p1/multi_nnap_md.xyz,4824,4.522888848,21.16813735,6.496933554,11.54576415,4325,2.278122537316178,2.8553434170129903,1.0322006640144128,normalized_void>0.946305
nvt_scale,1.1,1.1,scale-1p1,W-potential/fcc-restart/01-nvt-round-1/md/scale-1p1/multi_nnap_md.xyz,4825,6.404706265,21.16813735,6.767563748,12.29949324,4326,2.225946704772355,2.8366209295199134,1.0254325240046298,normalized_void>0.946305
nvt_scale,1.1,1.1,scale-1p1,W-potential/fcc-restart/01-nvt-round-1/md/scale-1p1/multi_nnap_md.xyz,4826,7.063668831,21.16813735,7.955466593,9.478738115,4327,2.1727029855857394,2.8122231218179983,1.0166127676277394,normalized_void>0.946305
nvt_scale,1.1,1.1,scale-1p1,W-potential/fcc-restart/01-nvt-round-1/md/scale-1p1/multi_nnap_md.xyz,4827,5.072473575,21.16813735,6.857517962,8.409623196,4328,2.211508044104702,2.7596646673498646,0.9976129964344265,normalized_void>0.946305
nvt_scale,1.1,1.1,scale-1p1,W-potential/fcc-restart/01-nvt-round-1/md/scale-1p1/multi_nnap_md.xyz,4828,4.168795334,21.16813735,5.077476491,7.575315004,4329,2.3023238079823227,2.7050822417537947,0.9778815639180819,normalized_void>0.946305
nvt_scale,1.1,1.1,scale-1p1,W-potential/fcc-restart/01-nvt-round-1/md/scale-1p1/multi_nnap_md.xyz,4829,3.645232717,21.16813735,3.519116828,5.464275062,4330,2.336570134661186,2.6466460474195443,0.9567570020755741,normalized_void>0.946305
nvt_scale,1.1,1.1,scale-1p1,W-potential/fcc-restart/01-nvt-round-1/md/scale-1p1/multi_nnap_md.xyz,4832,4.532571431,21.16813735,3.625861662,5.7220089,4333,2.2628555383555837,2.6265274801985115,0.9494841821685758,normalized_void>0.946305
nvt_scale,1.1,1.1,scale-1p1,W-potential/fcc-restart/01-nvt-round-1/md/scale-1p1/multi_nnap_md.xyz,4833,4.550610894,21.16813735,3.567023603,5.948368959,4334,2.251272697442162,2.619170802135184,0.9468247584590975,normalized_void>0.946305
nvt_scale,1.1,1.1,scale-1p1,W-potential/fcc-restart/01-nvt-round-1/md/scale-1p1/multi_nnap_md.xyz,4838,7.772155483,21.16813735,7.153460481,11.74517681,4339,2.2685085133592358,2.619322159554803,0.9468794738492337,normalized_void>0.946305
nvt_scale,1.1,1.1,scale-1p1,W-potential/fcc-restart/01-nvt-round-1/md/scale-1p1/multi_nnap_md.xyz,4839,5.973837883,21.16813735,7.236185679,13.0820677,4340,2.164982004656166,2.6238063789732577,0.9485005097756782,normalized_void>0.946305
nvt_scale,1.1,1.1,scale-1p1,W-potential/fcc-restart/01-nvt-round-1/md/scale-1p1/multi_nnap_md.xyz,4840,8.446500531,21.16813735,7.898446007,13.34589694,4341,2.160630919778584,2.626655620818953,0.9495305047344427,normalized_void>0.946305
nvt_scale,1.1,1.1,scale-1p1,W-potential/fcc-restart/01-nvt-round-1/md/scale-1p1/multi_nnap_md.xyz,4841,12.88076154,21.16813735,10.62203554,15.89063161,4342,2.136532983194128,2.6432936600685215,0.9555451210705989,normalized_void>0.946305
nvt_scale,1.1,1.1,scale-1p1,W-potential/fcc-restart/01-nvt-round-1/md/scale-1p1/multi_nnap_md.xyz,4842,9.613951395,21.16813735,8.578176069,14.87900726,4343,2.1869555787606454,2.6763116839228958,0.96748106752939,normalized_void>0.946305
nvt_scale,1.1,1.1,scale-1p1,W-potential/fcc-restart/01-nvt-round-1/md/scale-1p1/multi_nnap_md.xyz,4843,5.098348611,21.16813735,5.370154434,12.6432614,4344,2.279486045669911,2.704540912346362,0.9776858744712458,normalized_void>0.946305
nvt_scale,1.1,1.1,scale-1p1,W-potential/fcc-restart/01-nvt-round-1/md/scale-1p1/multi_nnap_md.xyz,4844,5.046257664,21.16813735,4.250821308,11.94833672,4345,2.36245780576147,2.7301708561302966,0.9869510454607671,normalized_void>0.946305
nvt_scale,1.1,1.1,scale-1p1,W-potential/fcc-restart/01-nvt-round-1/md/scale-1p1/multi_nnap_md.xyz,4845,5.088617215,21.16813735,4.058605829,10.1414246,4346,2.3212600434858004,2.7647615659730738,0.9994555146099791,normalized_void>0.946305
nvt_scale,1.1,1.1,scale-1p1,W-potential/fcc-restart/01-nvt-round-1/md/scale-1p1/multi_nnap_md.xyz,4846,4.615788241,21.16813735,4.908738512,8.166160683,4347,2.2644631748780544,2.799304257228947,1.0119426251406123,normalized_void>0.946305
nvt_scale,1.1,1.1,scale-1p1,W-potential/fcc-restart/01-nvt-round-1/md/scale-1p1/multi_nnap_md.xyz,4847,6.285009184,21.16813735,8.667138798,14.18306705,4348,2.2565319489366065,2.8348017138696924,1.0247748813578803,normalized_void>0.946305
nvt_scale,1.1,1.1,scale-1p1,W-potential/fcc-restart/01-nvt-round-1/md/scale-1p1/multi_nnap_md.xyz,4848,8.684106796,21.16813735,9.532638376,15.44712883,4349,2.2201697212779528,2.872093756855131,1.0382558767795418,normalized_void>0.946305
nvt_scale,1.1,1.1,scale-1p1,W-potential/fcc-restart/01-nvt-round-1/md/scale-1p1/multi_nnap_md.xyz,4849,7.824742528,21.16813735,7.55903365,12.9443118,4350,2.199537712462846,2.8998566706442426,1.0482921119578918,normalized_void>0.946305
nvt_scale,1.1,1.1,scale-1p1,W-potential/fcc-restart/01-nvt-round-1/md/scale-1p1/multi_nnap_md.xyz,4850,6.040840285,21.16813735,5.838423033,15.68126771,4351,2.213776310215449,2.90513464162931,1.0502000874129545,normalized_void>0.946305
nvt_scale,1.1,1.1,scale-1p1,W-potential/fcc-restart/01-nvt-round-1/md/scale-1p1/multi_nnap_md.xyz,4851,8.07015763,21.16813735,6.967212902,14.09233159,4352,2.2297522044277374,2.903721593620235,1.0496892735176588,normalized_void>0.946305
nvt_scale,1.1,1.1,scale-1p1,W-potential/fcc-restart/01-nvt-round-1/md/scale-1p1/multi_nnap_md.xyz,4852,9.149397418,21.16813735,6.552493131,14.09057648,4353,2.2362365724460482,2.8774519325962697,1.0401928460859153,normalized_void>0.946305
nvt_scale,1.1,1.1,scale-1p1,W-potential/fcc-restart/01-nvt-round-1/md/scale-1p1/multi_nnap_md.xyz,4853,8.245072353,21.16813735,5.568127671,11.00421431,4354,2.2638882561656404,2.853602484906042,1.0315713207045716,normalized_void>0.946305
nvt_scale,1.1,1.1,scale-1p1,W-potential/fcc-restart/01-nvt-round-1/md/scale-1p1/multi_nnap_md.xyz,4854,7.037785169,21.16813735,6.626284583,11.44843718,4355,2.281935296848106,2.8110410158802166,1.0161854388074498,normalized_void>0.946305
nvt_scale,1.1,1.1,scale-1p1,W-potential/fcc-restart/01-nvt-round-1/md/scale-1p1/multi_nnap_md.xyz,4855,6.222836822,21.16813735,6.503271189,10.72369853,4356,2.2483226643432914,2.7699235217338654,1.001321550804489,normalized_void>0.946305
nvt_scale,1.1,1.1,scale-1p1,W-potential/fcc-restart/01-nvt-round-1/md/scale-1p1/multi_nnap_md.xyz,4856,5.892698047,21.16813735,5.526653795,8.700355199,4357,2.256254460422096,2.7457331450271982,0.9925767802978642,normalized_void>0.946305
nvt_scale,1.1,1.1,scale-1p1,W-potential/fcc-restart/01-nvt-round-1/md/scale-1p1/multi_nnap_md.xyz,4857,7.107024885,21.16813735,6.265864608,10.61943415,4358,2.2280574102771746,2.7203421694380805,0.9833979958101902,normalized_void>0.946305
nvt_scale,1.1,1.1,scale-1p1,W-potential/fcc-restart/01-nvt-round-1/md/scale-1p1/multi_nnap_md.xyz,4858,9.919571809,21.16813735,8.468987547,10.41569234,4359,2.156245476716274,2.6974444857537105,0.9751205311232547,normalized_void>0.946305
nvt_scale,1.1,1.1,scale-1p1,W-potential/fcc-restart/01-nvt-round-1/md/scale-1p1/multi_nnap_md.xyz,4859,10.07915155,21.16813735,8.787844107,10.82229245,4360,2.1516781656886295,2.686943388875402,0.9713244065989378,normalized_void>0.946305
nvt_scale,1.1,1.1,scale-1p1,W-potential/fcc-restart/01-nvt-round-1/md/scale-1p1/multi_nnap_md.xyz,4860,6.875558266,21.16813735,6.311992616,10.5393583,4361,2.1732731919188506,2.6710121495588877,0.9655652969580102,normalized_void>0.946305
nvt_scale,1.1,1.1,scale-1p1,W-potential/fcc-restart/01-nvt-round-1/md/scale-1p1/multi_nnap_md.xyz,4861,5.408902146,21.16813735,4.828201006,8.51514868,4362,2.1653533269481122,2.6688200238294204,0.9647728480987672,normalized_void>0.946305
nvt_scale,1.1,1.1,scale-1p1,W-potential/fcc-restart/01-nvt-round-1/md/scale-1p1/multi_nnap_md.xyz,4862,6.482082815,21.16813735,5.159256449,8.494572824,4363,2.1740727301509346,2.6610619622975418,0.9619683251062064,normalized_void>0.946305
nvt_scale,1.1,1.1,scale-1p1,W-potential/fcc-restart/01-nvt-round-1/md/scale-1p1/multi_nnap_md.xyz,4863,5.557562626,21.16813735,4.667100419,7.623195749,4364,2.246185586355844,2.656120519049126,0.9601820037230013,normalized_void>0.946305
nvt_scale,1.1,1.1,scale-1p1,W-potential/fcc-restart/01-nvt-round-1/md/scale-1p1/multi_nnap_md.xyz,4864,5.296119687,21.16813735,4.913087641,9.917722879,4365,2.3045363099999214,2.6539890827480423,0.9594114939649896,normalized_void>0.946305
nvt_scale,1.1,1.1,scale-1p1,W-potential/fcc-restart/01-nvt-round-1/md/scale-1p1/multi_nnap_md.xyz,4865,5.421360679,21.16813735,4.783228317,10.37518082,4366,2.3024950739385055,2.66479132007764,0.9633164801316331,normalized_void>0.946305
nvt_scale,1.1,1.1,scale-1p1,W-potential/fcc-restart/01-nvt-round-1/md/scale-1p1/multi_nnap_md.xyz,4866,5.108760299,21.16813735,6.559722575,12.57129916,4367,2.267250429531731,2.678880653510376,0.9684097446539104,normalized_void>0.946305
nvt_scale,1.1,1.1,scale-1p1,W-potential/fcc-restart/01-nvt-round-1/md/scale-1p1/multi_nnap_md.xyz,4867,4.950292028,21.16813735,6.275276716,12.96669613,4368,2.2652356664869027,2.6610092640941643,0.9619492748160752,normalized_void>0.946305
nvt_scale,1.1,1.1,scale-1p1,W-potential/fcc-restart/01-nvt-round-1/md/scale-1p1/multi_nnap_md.xyz,4868,5.809148233,21.16813735,5.484275932,10.72389038,4369,2.2735244984917773,2.6555224183687103,0.9599657915799035,normalized_void>0.946305
nvt_scale,1.1,1.1,scale-1p1,W-potential/fcc-restart/01-nvt-round-1/md/scale-1p1/multi_nnap_md.xyz,4869,6.936612318,21.16813735,5.434052961,10.40655523,4370,2.2515969445913244,2.641660739472935,0.9549548236958576,normalized_void>0.946305
nvt_scale,1.1,1.1,scale-1p1,W-potential/fcc-restart/01-nvt-round-1/md/scale-1p1/multi_nnap_md.xyz,4870,7.799233925,21.16813735,7.191025774,10.20355196,4371,2.2067358465972404,2.647588940133328,0.9570978558164807,normalized_void>0.946305
nvt_scale,1.1,1.1,scale-1p1,W-potential/fcc-restart/01-nvt-round-1/md/scale-1p1/multi_nnap_md.xyz,4871,9.704227443,21.16813735,8.528079956,9.821702508,4372,2.185285877845116,2.6657166489131607,0.9636509845673394,normalized_void>0.946305
nvt_scale,1.1,1.1,scale-1p1,W-potential/fcc-restart/01-nvt-round-1/md/scale-1p1/multi_nnap_md.xyz,4872,8.639665265,21.16813735,5.503012719,9.892734921,4373,2.247022369566872,2.6982746193394838,0.9754206226755878,normalized_void>0.946305
nvt_scale,1.1,1.1,scale-1p1,W-potential/fcc-restart/01-nvt-round-1/md/scale-1p1/multi_nnap_md.xyz,4873,7.900234518,21.16813735,4.043969319,14.59243461,4374,2.288582665499027,2.7442064092544096,0.9920248685141336,normalized_void>0.946305
nvt_scale,1.1,1.1,scale-1p1,W-potential/fcc-restart/01-nvt-round-1/md/scale-1p1/multi_nnap_md.xyz,4874,6.474811785,21.16813735,3.993875172,13.83252136,4375,2.2679904108662896,2.7787936743658315,1.0045280924001765,normalized_void>0.946305
nvt_scale,1.1,1.1,scale-1p1,W-potential/fcc-restart/01-nvt-round-1/md/scale-1p1/multi_nnap_md.xyz,4875,11.44713778,21.16813735,7.235013758,9.185626337,4376,2.1842250564941827,2.811453235125509,1.016334455201126,normalized_void>0.946305
nvt_scale,1.1,1.1,scale-1p1,W-potential/fcc-restart/01-nvt-round-1/md/scale-1p1/multi_nnap_md.xyz,4876,14.57868725,21.16813735,10.96973602,9.143994642,4377,2.083007324039306,2.842538313641355,1.02757164596908,normalized_void>0.946305
nvt_scale,1.1,1.1,scale-1p1,W-potential/fcc-restart/01-nvt-round-1/md/scale-1p1/multi_nnap_md.xyz,4877,14.70318359,21.16813735,11.91682685,11.89133394,4378,2.0715187293620296,2.8194295163730136,1.0192178641637695,normalized_void>0.946305
nvt_scale,1.1,1.1,scale-1p1,W-potential/fcc-restart/01-nvt-round-1/md/scale-1p1/multi_nnap_md.xyz,4878,9.289490189,21.16813735,9.911537668,10.52464792,4379,2.147182043824276,2.803669016482838,1.0135204764678065,normalized_void>0.946305
nvt_scale,1.1,1.1,scale-1p1,W-potential/fcc-restart/01-nvt-round-1/md/scale-1p1/multi_nnap_md.xyz,4879,7.290367388,21.16813735,9.169354481,10.01718327,4380,2.264740706536782,2.7878119304613764,1.0077881730877079,normalized_void>0.946305
nvt_scale,1.1,1.1,scale-1p1,W-potential/fcc-restart/01-nvt-round-1/md/scale-1p1/multi_nnap_md.xyz,4880,4.464594609,21.16813735,6.01080598,8.83405862,4381,2.352699322946528,2.7734830603636675,1.0026083165628126,normalized_void>0.946305
nvt_scale,1.1,1.1,scale-1p1,W-potential/fcc-restart/01-nvt-round-1/md/scale-1p1/multi_nnap_md.xyz,4881,4.371776537,21.16813735,4.874989061,8.992651439,4382,2.3360037020314603,2.761591722045058,0.9983096226700376,normalized_void>0.946305
nvt_scale,1.1,1.1,scale-1p1,W-potential/fcc-restart/01-nvt-round-1/md/scale-1p1/multi_nnap_md.xyz,4882,4.580413613,21.16813735,4.889272115,8.983164009,4383,2.3036147022891202,2.749915738745152,0.9940887791654087,normalized_void>0.946305
nvt_scale,1.1,1.1,scale-1p1,W-potential/fcc-restart/01-nvt-round-1/md/scale-1p1/multi_nnap_md.xyz,4883,5.3545097,21.16813735,4.63415326,8.159037113,4384,2.249631277683077,2.7467354688705874,0.9929391182676297,normalized_void>0.946305
nvt_scale,1.1,1.1,scale-1p1,W-potential/fcc-restart/01-nvt-round-1/md/scale-1p1/multi_nnap_md.xyz,4884,5.946619877,21.16813735,5.010417812,8.239601501,4385,2.1675943409685643,2.741476109706828,0.9910378709469828,normalized_void>0.946305
nvt_scale,1.1,1.1,scale-1p1,W-potential/fcc-restart/01-nvt-round-1/md/scale-1p1/multi_nnap_md.xyz,4885,6.384971407,21.16813735,6.196633685,10.03240067,4386,2.161412954181957,2.742063452294885,0.9912501940622285,normalized_void>0.946305
nvt_scale,1.1,1.1,scale-1p1,W-potential/fcc-restart/01-nvt-round-1/md/scale-1p1/multi_nnap_md.xyz,4886,7.579069475,21.16813735,6.497077838,11.45500291,4387,2.185888755425365,2.739478263290733,0.9903156536525568,normalized_void>0.946305
nvt_scale,1.1,1.1,scale-1p1,W-potential/fcc-restart/01-nvt-round-1/md/scale-1p1/multi_nnap_md.xyz,4887,10.73585199,21.16813735,5.939617462,10.41590486,4388,2.1564156489917563,2.7164766272313754,0.9820006103998178,normalized_void>0.946305
nvt_scale,1.1,1.1,scale-1p1,W-potential/fcc-restart/01-nvt-round-1/md/scale-1p1/multi_nnap_md.xyz,4888,11.75269466,21.16813735,5.796994326,10.7485842,4389,2.1538810872311815,2.6497195631663573,0.9578680715797943,normalized_void>0.946305
nvt_scale,1.1,1.1,scale-1p1,W-potential/fcc-restart/01-nvt-round-1/md/scale-1p1/multi_nnap_md.xyz,4983,8.073993451,21.16813735,7.509581382,9.684266618,4484,2.1752620452985805,2.6259031462032447,0.9492584867371116,normalized_void>0.946305
nvt_scale,1.1,1.1,scale-1p1,W-potential/fcc-restart/01-nvt-round-1/md/scale-1p1/multi_nnap_md.xyz,4984,11.91869054,21.16813735,9.386879209,10.17447209,4485,2.1448109212265347,2.691372872422126,0.9729256556224098,normalized_void>0.946305
nvt_scale,1.1,1.1,scale-1p1,W-potential/fcc-restart/01-nvt-round-1/md/scale-1p1/multi_nnap_md.xyz,4985,8.708043281,21.16813735,10.53784784,9.854814893,4486,2.1682967629354586,2.727854181274419,0.986113572353226,normalized_void>0.946305
nvt_scale,1.1,1.1,scale-1p1,W-potential/fcc-restart/01-nvt-round-1/md/scale-1p1/multi_nnap_md.xyz,4986,9.919505711,21.16813735,11.270016,6.659412439,4487,2.14997961450771,2.7497109155781794,0.9940147360196018,normalized_void>0.946305
nvt_scale,1.1,1.1,scale-1p1,W-potential/fcc-restart/01-nvt-round-1/md/scale-1p1/multi_nnap_md.xyz,4987,5.8823683,21.16813735,7.894747273,6.531690807,4488,2.207791187742655,2.75876848118797,0.9972890270141891,normalized_void>0.946305
nvt_scale,1.1,1.1,scale-1p1,W-potential/fcc-restart/01-nvt-round-1/md/scale-1p1/multi_nnap_md.xyz,4988,6.596772119,21.16813735,5.701262418,9.961701738,4489,2.2679526460132,2.772881779694403,1.0023909548604073,normalized_void>0.946305
nvt_scale,1.1,1.1,scale-1p1,W-potential/fcc-restart/01-nvt-round-1/md/scale-1p1/multi_nnap_md.xyz,4989,9.962452018,21.16813735,8.875337166,16.63161287,4490,2.2371332023422266,2.78177359998919,1.005605329270816,normalized_void>0.946305
nvt_scale,1.1,1.1,scale-1p1,W-potential/fcc-restart/01-nvt-round-1/md/scale-1p1/multi_nnap_md.xyz,4990,10.77075574,21.16813735,10.63159845,16.87650595,4491,2.1718018898898146,2.7858128902131596,1.0070655242254705,normalized_void>0.946305
nvt_scale,1.1,1.1,scale-1p1,W-potential/fcc-restart/01-nvt-round-1/md/scale-1p1/multi_nnap_md.xyz,4991,9.295855788,21.16813735,10.30210784,14.88401078,4492,2.1552377296963674,2.7927954609263157,1.0095897089115238,normalized_void>0.946305
nvt_scale,1.1,1.1,scale-1p1,W-potential/fcc-restart/01-nvt-round-1/md/scale-1p1/multi_nnap_md.xyz,4992,5.031370435,21.16813735,6.949411444,12.51747397,4493,2.2084434085120868,2.804105701506147,1.013678337188986,normalized_void>0.946305
nvt_scale,1.1,1.1,scale-1p1,W-potential/fcc-restart/01-nvt-round-1/md/scale-1p1/multi_nnap_md.xyz,4993,4.911499869,21.16813735,3.915316744,9.362811043,4494,2.265390681866322,2.8162529130230696,1.0180695287069603,normalized_void>0.946305
nvt_scale,1.1,1.1,scale-1p1,W-potential/fcc-restart/01-nvt-round-1/md/scale-1p1/multi_nnap_md.xyz,4994,4.867130296,21.16813735,4.019366251,10.49897175,4495,2.243815416696626,2.8186300505679855,1.0189288589499341,normalized_void>0.946305
nvt_scale,1.1,1.1,scale-1p1,W-potential/fcc-restart/01-nvt-round-1/md/scale-1p1/multi_nnap_md.xyz,4995,4.401719935,21.16813735,4.866779881,11.53578402,4496,2.229410562485008,2.8103396963198866,1.015931913255481,normalized_void>0.946305
nvt_scale,1.1,1.1,scale-1p1,W-potential/fcc-restart/01-nvt-round-1/md/scale-1p1/multi_nnap_md.xyz,4996,4.336137542,21.16813735,5.017960708,11.39551254,4497,2.2397206381351165,2.800672731257663,1.0124373256353796,normalized_void>0.946305
nvt_scale,1.1,1.1,scale-1p1,W-potential/fcc-restart/01-nvt-round-1/md/scale-1p1/multi_nnap_md.xyz,4997,5.795522024,21.16813735,6.613263926,10.41270697,4498,2.2081741033787217,2.7877178967531653,1.0077541800991667,normalized_void>0.946305
nvt_scale,1.1,1.1,scale-1p1,W-potential/fcc-restart/01-nvt-round-1/md/scale-1p1/multi_nnap_md.xyz,4998,6.077433975,21.16813735,6.565609657,9.192750886,4499,2.211288095691167,2.7907402233573637,1.0088467448355602,normalized_void>0.946305
nvt_scale,1.1,1.1,scale-1p1,W-potential/fcc-restart/01-nvt-round-1/md/scale-1p1/multi_nnap_md.xyz,4999,5.038827536,21.16813735,5.050364164,7.735915913,4500,2.268662441090816,2.7984885433500213,1.0116477462820987,normalized_void>0.946305
nvt_scale,1.1,1.1,scale-1p1,W-potential/fcc-restart/01-nvt-round-1/md/scale-1p1/multi_nnap_md.xyz,5000,5.714388124,21.16813735,5.629613686,9.417375528,4501,2.2571460607329357,2.8206323915568707,1.0196527010230088,normalized_void>0.946305
