source_type,source_value,scale_factor,trajectory,trajectory_path,frame,uncertainty,volume_per_atom,max_force,max_force_model0,instant_pressure_gpa,natoms,min_distance_A,physical_gate_status,candidate_rank_source,candidate_file,final_selected,cur_rank,cur_phase,cur_score,selected_file,singular_value,residual_norm,max_similarity_selected,max_similarity_base
npt_pressure,2,,P-2GPa,Ta-potential/04-npt-round-2/md/P-2GPa/multi_nnap_md.xyz,505,0.1807550254,20.226033835123033,5.354921029,5.386017558,0.452701954,16,2.179296498799957,passed,1,P-2GPa_frame00000505_U0.180755.poscar,True,91,cur-fill,0.007082677583,000091.poscar,5.287791644e-06,7.069751088e-07,0.996813323,0.999977274
npt_pressure,2,,P-2GPa,Ta-potential/04-npt-round-2/md/P-2GPa/multi_nnap_md.xyz,555,0.1943425236,19.348222453809626,5.556462616,5.624343333,8.380601351,16,2.2921489780919813,passed,2,P-2GPa_frame00000555_U0.194343.poscar,False,,,,,,,,0.9999934138
npt_pressure,2,,P-2GPa,Ta-potential/04-npt-round-2/md/P-2GPa/multi_nnap_md.xyz,613,0.1906573387,20.683854313779815,6.174487564,6.128521094,5.857399601,16,2.3312887465683776,passed,3,P-2GPa_frame00000613_U0.190657.poscar,True,44,cur-fill,0.03145307391,000044.poscar,0.0002044489415,4.507681405e-05,0.9977982748,0.9999865373
npt_pressure,2,,P-2GPa,Ta-potential/04-npt-round-2/md/P-2GPa/multi_nnap_md.xyz,675,0.1686565629,20.75657069326203,6.76484721,6.682063363,-3.804797061,16,2.20508770278571,passed,4,P-2GPa_frame00000675_U0.168657.poscar,False,,,,,,,,0.9999897981
npt_pressure,2,,P-2GPa,Ta-potential/04-npt-round-2/md/P-2GPa/multi_nnap_md.xyz,725,0.2467952807,20.575944725492498,6.996760731,7.088559679,7.68209252,16,2.451108515989384,passed,5,P-2GPa_frame00000725_U0.246795.poscar,True,41,cur-fill,0.03268439496,000041.poscar,0.0002386924897,6.255114733e-05,0.9959680008,0.9999760869
npt_pressure,2,,P-2GPa,Ta-potential/04-npt-round-2/md/P-2GPa/multi_nnap_md.xyz,776,0.1698138973,21.26208585385285,6.6765114,6.425992918,-4.868288997,16,2.2725373871737578,passed,6,P-2GPa_frame00000776_U0.169814.poscar,False,,,,,,,,0.999988031
npt_pressure,2,,P-2GPa,Ta-potential/04-npt-round-2/md/P-2GPa/multi_nnap_md.xyz,826,0.2072185703,19.216013101539,6.271544447,6.346321775,5.310158773,16,2.216567645212759,passed,7,P-2GPa_frame00000826_U0.207219.poscar,False,,,,,,,,0.9999833872
npt_pressure,2,,P-2GPa,Ta-potential/04-npt-round-2/md/P-2GPa/multi_nnap_md.xyz,889,0.1990971413,20.561006444765148,5.703035536,5.581771149,-5.790204982,16,2.18343781703818,passed,8,P-2GPa_frame00000889_U0.199097.poscar,False,,,,,,,,0.9999582658
npt_pressure,2,,P-2GPa,Ta-potential/04-npt-round-2/md/P-2GPa/multi_nnap_md.xyz,939,0.2211467846,19.10984182580945,5.705835582,5.648024217,7.750499163,16,2.212120345752813,passed,9,P-2GPa_frame00000939_U0.221147.poscar,True,17,cur-fill,0.04241130479,000017.poscar,0.005061855586,0.001207972581,0.9883118795,0.9999887524
npt_pressure,2,,P-2GPa,Ta-potential/04-npt-round-2/md/P-2GPa/multi_nnap_md.xyz,989,0.1790423961,20.79833581878752,6.637972332,6.845918634,0.7878083931,16,2.2120478105593806,passed,10,P-2GPa_frame00000989_U0.179042.poscar,False,,,,,,,,0.9999691369
npt_pressure,2,,P-2GPa,Ta-potential/04-npt-round-2/md/P-2GPa/multi_nnap_md.xyz,1039,0.2077540477,20.57580169184867,7.129957034,7.285975866,1.695015866,16,2.113805088436238,passed,11,P-2GPa_frame00001039_U0.207754.poscar,True,61,cur-fill,0.05627981379,000061.poscar,2.404572594e-05,6.971451529e-06,0.9977251964,0.9999706399
npt_pressure,2,,P-2GPa,Ta-potential/04-npt-round-2/md/P-2GPa/multi_nnap_md.xyz,1094,0.1682604808,20.467650264928604,5.218055857,5.193285686,-0.3169767405,16,2.3803016162780666,passed,12,P-2GPa_frame00001094_U0.168260.poscar,False,,,,,,,,0.9999845842
npt_pressure,2,,P-2GPa,Ta-potential/04-npt-round-2/md/P-2GPa/multi_nnap_md.xyz,1144,0.2100143775,19.932305787316395,6.392308334,6.328379319,0.3358919301,16,2.2521286968084357,passed,13,P-2GPa_frame00001144_U0.210014.poscar,False,,,,,,,,0.999971255
npt_pressure,2,,P-2GPa,Ta-potential/04-npt-round-2/md/P-2GPa/multi_nnap_md.xyz,1216,0.1803629722,19.816214043344687,6.538944461,6.486229925,2.60130951,16,2.176418397197206,passed,14,P-2GPa_frame00001216_U0.180363.poscar,False,,,,,,,,0.9999943315
npt_pressure,2,,P-2GPa,Ta-potential/04-npt-round-2/md/P-2GPa/multi_nnap_md.xyz,1285,0.1846618634,20.4024772528885,5.4562066,5.573349358,1.418299344,16,2.357233158439899,passed,15,P-2GPa_frame00001285_U0.184662.poscar,True,78,cur-fill,0.01310570487,000078.poscar,5.287791644e-06,6.963427485e-07,0.9989390621,0.9999909116
npt_pressure,2,,P-2GPa,Ta-potential/04-npt-round-2/md/P-2GPa/multi_nnap_md.xyz,1336,0.1903297616,19.32029750348735,7.243289706,7.220680634,9.407360203,16,2.297394580736788,passed,16,P-2GPa_frame00001336_U0.190330.poscar,False,,,,,,,,0.9999919055
npt_pressure,2,,P-2GPa,Ta-potential/04-npt-round-2/md/P-2GPa/multi_nnap_md.xyz,1400,0.1809214514,19.22336932570462,6.164462585,6.031061431,10.6030063,16,2.3576785475126245,passed,17,P-2GPa_frame00001400_U0.180921.poscar,False,,,,,,,,0.9999745282
npt_pressure,2,,P-2GPa,Ta-potential/04-npt-round-2/md/P-2GPa/multi_nnap_md.xyz,1468,0.2252099871,18.61512031787211,6.472221809,6.458232427,14.43692749,16,2.398693464928893,passed,18,P-2GPa_frame00001468_U0.225210.poscar,False,,,,,,,,0.999990017
npt_pressure,2,,P-2GPa,Ta-potential/04-npt-round-2/md/P-2GPa/multi_nnap_md.xyz,1525,0.1838765536,19.66414434698787,6.892927997,6.946241334,10.26770697,16,2.212028025986156,passed,19,P-2GPa_frame00001525_U0.183877.poscar,False,,,,,,,,0.9999854527
npt_pressure,2,,P-2GPa,Ta-potential/04-npt-round-2/md/P-2GPa/multi_nnap_md.xyz,1575,0.1741256253,19.77706945555171,6.301488123,6.279842878,1.860991968,16,2.242791158170048,passed,20,P-2GPa_frame00001575_U0.174126.poscar,True,38,cur-fill,0.02483528425,000038.poscar,0.0003713036862,6.90166921e-05,0.9966717306,0.9999858882
npt_pressure,2,,P-2GPa,Ta-potential/04-npt-round-2/md/P-2GPa/multi_nnap_md.xyz,1625,0.2379974279,19.498698842880106,5.76473589,5.831627864,10.14795307,16,2.168822134436545,passed,21,P-2GPa_frame00001625_U0.237997.poscar,False,,,,,,,,0.9999737282
npt_pressure,2,,P-2GPa,Ta-potential/04-npt-round-2/md/P-2GPa/multi_nnap_md.xyz,1676,0.1777649405,18.884961832705315,6.219612658,6.171856755,9.18312854,16,2.1307585810821075,passed,22,P-2GPa_frame00001676_U0.177765.poscar,False,,,,,,,,0.9999924152
npt_pressure,2,,P-2GPa,Ta-potential/04-npt-round-2/md/P-2GPa/multi_nnap_md.xyz,1726,0.1947269039,21.138847019369795,6.412299915,6.416227734,-1.509727265,16,2.2719431933459435,passed,23,P-2GPa_frame00001726_U0.194727.poscar,False,,,,,,,,0.9999853845
npt_pressure,2,,P-2GPa,Ta-potential/04-npt-round-2/md/P-2GPa/multi_nnap_md.xyz,1776,0.1897452183,20.76871450270229,6.76344421,6.637640551,4.139765394,16,2.3077897970766554,passed,24,P-2GPa_frame00001776_U0.189745.poscar,True,29,cur-fill,0.05814581868,000029.poscar,0.001151951404,0.0002989166913,0.9967472095,0.9999953699
npt_pressure,2,,P-2GPa,Ta-potential/04-npt-round-2/md/P-2GPa/multi_nnap_md.xyz,1830,0.18449821,20.410228331241594,6.246364644,6.29468147,1.826119155,16,2.2300038327752283,passed,25,P-2GPa_frame00001830_U0.184498.poscar,False,,,,,,,,0.9999920095
npt_pressure,2,,P-2GPa,Ta-potential/04-npt-round-2/md/P-2GPa/multi_nnap_md.xyz,1886,0.1823722792,19.652689742053532,7.448805129,7.251713913,4.388827766,16,2.2233747336146448,passed,26,P-2GPa_frame00001886_U0.182372.poscar,False,,,,,,,,0.9999503084
npt_pressure,2,,P-2GPa,Ta-potential/04-npt-round-2/md/P-2GPa/multi_nnap_md.xyz,1940,0.1761112083,21.934791452634695,5.450085881,5.396400013,-3.701807967,16,2.1612876927105265,passed,27,P-2GPa_frame00001940_U0.176111.poscar,True,21,cur-fill,0.01414196919,000021.poscar,0.002601876406,0.0003848910145,0.9897067029,0.9999729777
npt_pressure,2,,P-2GPa,Ta-potential/04-npt-round-2/md/P-2GPa/multi_nnap_md.xyz,2005,0.1656098311,19.856785319081947,6.644134683,6.519959096,1.179137586,16,2.195210444667071,passed,28,P-2GPa_frame00002005_U0.165610.poscar,False,,,,,,,,0.9999934422
npt_pressure,2,,P-2GPa,Ta-potential/04-npt-round-2/md/P-2GPa/multi_nnap_md.xyz,2055,0.1762901432,19.787098571136077,6.461183596,6.340735555,4.22188616,16,2.305426633639049,passed,29,P-2GPa_frame00002055_U0.176290.poscar,False,,,,,,,,0.9999803222
npt_pressure,2,,P-2GPa,Ta-potential/04-npt-round-2/md/P-2GPa/multi_nnap_md.xyz,2108,0.1848245207,21.275106000654013,5.601046288,5.502469998,0.4249541555,16,2.25708233562434,passed,30,P-2GPa_frame00002108_U0.184825.poscar,True,53,cur-fill,0.0359062718,000053.poscar,6.4172637e-05,1.376510532e-05,0.9986289713,0.9999832856
npt_pressure,2,,P-2GPa,Ta-potential/04-npt-round-2/md/P-2GPa/multi_nnap_md.xyz,2158,0.1740796979,21.580441775865403,6.372187275,6.453106309,0.4813425255,16,2.298317814572639,passed,31,P-2GPa_frame00002158_U0.174080.poscar,False,,,,,,,,0.9999783126
npt_pressure,2,,P-2GPa,Ta-potential/04-npt-round-2/md/P-2GPa/multi_nnap_md.xyz,2208,0.1727495354,20.028275573064214,5.757482423,5.571193219,7.326978223,16,2.403903591169919,passed,32,P-2GPa_frame00002208_U0.172750.poscar,True,4,cur-fill,0.01230743057,000004.poscar,0.05927871577,0.007178841337,0.9807832157,0.9999708921
npt_pressure,2,,P-2GPa,Ta-potential/04-npt-round-2/md/P-2GPa/multi_nnap_md.xyz,2265,0.2111766876,20.83776045241087,6.253589791,6.144195095,-3.699101538,16,2.2364882653678726,passed,33,P-2GPa_frame00002265_U0.211177.poscar,False,,,,,,,,0.9999765067
npt_pressure,2,,P-2GPa,Ta-potential/04-npt-round-2/md/P-2GPa/multi_nnap_md.xyz,2345,0.1779617842,20.196082926761804,5.735221105,5.596982545,2.77274489,16,2.2350051852309405,passed,34,P-2GPa_frame00002345_U0.177962.poscar,False,,,,,,,,0.9999777031
npt_pressure,2,,P-2GPa,Ta-potential/04-npt-round-2/md/P-2GPa/multi_nnap_md.xyz,2397,0.2051674255,21.680309858642573,5.327864232,5.211485754,-2.581528155,16,2.3794552659234665,passed,35,P-2GPa_frame00002397_U0.205167.poscar,True,27,cur-fill,0.0215465712,000027.poscar,0.001295546294,0.0002627472131,0.9974644407,0.9999630933
npt_pressure,2,,P-2GPa,Ta-potential/04-npt-round-2/md/P-2GPa/multi_nnap_md.xyz,2449,0.1790291663,18.894375364536852,5.109276945,4.8994112,11.95262881,16,2.3811840672223377,passed,36,P-2GPa_frame00002449_U0.179029.poscar,False,,,,,,,,0.9999773057
npt_pressure,2,,P-2GPa,Ta-potential/04-npt-round-2/md/P-2GPa/multi_nnap_md.xyz,2503,0.1860000725,19.32328462217575,5.970887126,5.782871283,12.21096962,16,2.2984423931830467,passed,37,P-2GPa_frame00002503_U0.186000.poscar,True,57,cur-fill,0.01591841441,000057.poscar,3.852599523e-05,5.835549897e-06,0.9968853876,0.9999825455
npt_pressure,2,,P-2GPa,Ta-potential/04-npt-round-2/md/P-2GPa/multi_nnap_md.xyz,2564,0.2306661175,19.00505872383874,7.33000415,7.363599269,12.17615429,16,2.292442858814045,passed,38,P-2GPa_frame00002564_U0.230666.poscar,False,,,,,,,,0.9999706657
npt_pressure,2,,P-2GPa,Ta-potential/04-npt-round-2/md/P-2GPa/multi_nnap_md.xyz,2619,0.2313802026,21.655641436909207,5.285301748,5.045182869,-10.75145613,16,2.2070329028427236,passed,39,P-2GPa_frame00002619_U0.231380.poscar,True,1,cur-fill,0.006516784699,000001.poscar,1.073189668,0.08819853824,0,0.9999771064
npt_pressure,2,,P-2GPa,Ta-potential/04-npt-round-2/md/P-2GPa/multi_nnap_md.xyz,2669,0.1824548516,21.377955828417193,3.849530751,3.841930879,0.3104471274,16,2.371915155345084,passed,40,P-2GPa_frame00002669_U0.182455.poscar,False,,,,,,,,0.999983142
npt_pressure,2,,P-2GPa,Ta-potential/04-npt-round-2/md/P-2GPa/multi_nnap_md.xyz,2724,0.1677199541,21.473565722013287,5.990326482,5.965687153,-5.748112692,16,2.319764935672002,passed,41,P-2GPa_frame00002724_U0.167720.poscar,True,69,cur-fill,0.01787486598,000069.poscar,8.531980029e-06,1.23501313e-06,0.998183048,0.9999487775
npt_pressure,2,,P-2GPa,Ta-potential/04-npt-round-2/md/P-2GPa/multi_nnap_md.xyz,2790,0.1670111325,20.04239168813249,6.489261315,6.543685585,4.602205417,16,2.2961583576581837,passed,42,P-2GPa_frame00002790_U0.167011.poscar,False,,,,,,,,0.999973888
npt_pressure,2,,P-2GPa,Ta-potential/04-npt-round-2/md/P-2GPa/multi_nnap_md.xyz,2856,0.174472442,20.171469537788962,6.371516557,6.322296392,0.9219919546,16,2.364003441421064,passed,43,P-2GPa_frame00002856_U0.174472.poscar,True,36,cur-fill,0.02140542143,000036.poscar,0.0005056653691,8.134961247e-05,0.9975138722,0.9999888839
npt_pressure,2,,P-2GPa,Ta-potential/04-npt-round-2/md/P-2GPa/multi_nnap_md.xyz,2906,0.1688331215,18.504858689212043,4.725733729,4.783494945,13.90639313,16,2.3784115126248007,passed,44,P-2GPa_frame00002906_U0.168833.poscar,False,,,,,,,,0.9999822227
npt_pressure,2,,P-2GPa,Ta-potential/04-npt-round-2/md/P-2GPa/multi_nnap_md.xyz,2961,0.1657891397,22.37849797576748,5.284929669,5.222272572,-3.338688927,16,2.3000196070201984,passed,45,P-2GPa_frame00002961_U0.165789.poscar,True,40,cur-fill,0.02849024913,000040.poscar,0.0002894746227,6.2540896e-05,0.9979501843,0.9999654207
npt_pressure,2,,P-2GPa,Ta-potential/04-npt-round-2/md/P-2GPa/multi_nnap_md.xyz,3011,0.2480989685,20.674052452414543,7.89989359,7.740756079,3.972137095,16,2.12642024877677,passed,46,P-2GPa_frame00003011_U0.248099.poscar,False,,,,,,,,0.9999907502
npt_pressure,2,,P-2GPa,Ta-potential/04-npt-round-2/md/P-2GPa/multi_nnap_md.xyz,3067,0.1716511476,20.56814516329543,6.12244219,6.12095144,0.4764646218,16,2.299534703895393,passed,47,P-2GPa_frame00003067_U0.171651.poscar,True,63,cur-fill,0.01890566617,000063.poscar,1.685263116e-05,3.42231095e-06,0.9981159118,0.9999846156
npt_pressure,2,,P-2GPa,Ta-potential/04-npt-round-2/md/P-2GPa/multi_nnap_md.xyz,3119,0.1646984825,19.92955701791687,7.043150069,7.016454655,2.278798864,16,2.215269772495597,passed,48,P-2GPa_frame00003119_U0.164698.poscar,False,,,,,,,,0.9999924077
npt_pressure,2,,P-2GPa,Ta-potential/04-npt-round-2/md/P-2GPa/multi_nnap_md.xyz,3184,0.1702684927,19.20410186044205,4.940979748,5.00161314,9.474089527,16,2.3642370969251294,passed,49,P-2GPa_frame00003184_U0.170268.poscar,True,79,cur-fill,0.01162522982,000079.poscar,5.287791644e-06,6.482783341e-07,0.9985214035,0.9999888133
npt_pressure,2,,P-2GPa,Ta-potential/04-npt-round-2/md/P-2GPa/multi_nnap_md.xyz,3241,0.1918071498,19.43030603177004,6.794735224,6.761401198,6.805564233,16,2.1661177832807805,passed,50,P-2GPa_frame00003241_U0.191807.poscar,False,,,,,,,,0.9999775149
npt_pressure,2,,P-2GPa,Ta-potential/04-npt-round-2/md/P-2GPa/multi_nnap_md.xyz,3299,0.1660327657,18.949578466150093,6.089722368,6.004003139,12.6005637,16,2.347628683392162,passed,51,P-2GPa_frame00003299_U0.166033.poscar,False,,,,,,,,0.9999810511
npt_pressure,2,,P-2GPa,Ta-potential/04-npt-round-2/md/P-2GPa/multi_nnap_md.xyz,3355,0.1792645578,21.19468585485628,5.844869699,5.811517077,-1.167696271,16,2.2972829009283138,passed,52,P-2GPa_frame00003355_U0.179265.poscar,False,,,,,,,,0.9999943635
npt_pressure,2,,P-2GPa,Ta-potential/04-npt-round-2/md/P-2GPa/multi_nnap_md.xyz,3405,0.2183241729,20.476446013216734,4.526192207,4.663729878,5.23349217,16,2.2304078336880866,passed,53,P-2GPa_frame00003405_U0.218324.poscar,True,32,cur-fill,0.05265750194,000032.poscar,0.0008107493707,0.0001902416229,0.9965276821,0.9999805647
npt_pressure,2,,P-2GPa,Ta-potential/04-npt-round-2/md/P-2GPa/multi_nnap_md.xyz,3455,0.1755041484,19.3453734325651,5.485677052,5.370625814,15.06854779,16,2.2783717301799897,passed,54,P-2GPa_frame00003455_U0.175504.poscar,False,,,,,,,,0.999973307
npt_pressure,2,,P-2GPa,Ta-potential/04-npt-round-2/md/P-2GPa/multi_nnap_md.xyz,3505,0.214714707,21.389708218416228,4.311336276,4.16297443,0.7834928798,16,2.2799308261135454,passed,55,P-2GPa_frame00003505_U0.214715.poscar,False,,,,,,,,0.999975748
npt_pressure,2,,P-2GPa,Ta-potential/04-npt-round-2/md/P-2GPa/multi_nnap_md.xyz,3555,0.1960826362,22.04079618656664,6.257260226,6.132421322,0.01934756182,16,2.3310572731696246,passed,56,P-2GPa_frame00003555_U0.196083.poscar,True,8,cur-fill,0.04125619098,000008.poscar,0.02393878853,0.005909050593,0.992524339,0.9999778275
npt_pressure,2,,P-2GPa,Ta-potential/04-npt-round-2/md/P-2GPa/multi_nnap_md.xyz,3605,0.3384016686,20.072212104242805,5.750185011,5.844964783,10.69026068,16,2.2471153981030874,passed,57,P-2GPa_frame00003605_U0.338402.poscar,False,,,,,,,,0.9999778851
npt_pressure,2,,P-2GPa,Ta-potential/04-npt-round-2/md/P-2GPa/multi_nnap_md.xyz,3655,0.2354579891,21.174350721101835,6.9545471,6.916100375,1.206680222,16,2.092262221809638,passed,58,P-2GPa_frame00003655_U0.235458.poscar,True,22,cur-fill,0.03033316487,000022.poscar,0.002033991239,0.0004729906433,0.9928535042,0.9999897494
npt_pressure,2,,P-2GPa,Ta-potential/04-npt-round-2/md/P-2GPa/multi_nnap_md.xyz,3711,0.1796018498,20.655785385634474,5.26575622,5.233764588,2.099390506,16,2.4401883700961746,passed,59,P-2GPa_frame00003711_U0.179602.poscar,False,,,,,,,,0.9999857204
npt_pressure,2,,P-2GPa,Ta-potential/04-npt-round-2/md/P-2GPa/multi_nnap_md.xyz,3763,0.177281586,20.831731406832933,5.874248582,5.931231598,5.981654718,16,2.337804392097277,passed,60,P-2GPa_frame00003763_U0.177282.poscar,False,,,,,,,,0.9999698239
npt_pressure,2,,P-2GPa,Ta-potential/04-npt-round-2/md/P-2GPa/multi_nnap_md.xyz,3815,0.1684516264,22.389054665374733,3.866365651,3.803736743,-4.383969464,16,2.4402138757209104,passed,61,P-2GPa_frame00003815_U0.168452.poscar,True,11,cur-fill,0.05142696135,000011.poscar,0.01133511097,0.002733374782,0.9900986754,0.9999777107
npt_pressure,2,,P-2GPa,Ta-potential/04-npt-round-2/md/P-2GPa/multi_nnap_md.xyz,3865,0.2162264033,20.564578370178165,4.859521675,4.898457794,8.860384118,16,2.2747145578624215,passed,62,P-2GPa_frame00003865_U0.216226.poscar,False,,,,,,,,0.9999701578
npt_pressure,2,,P-2GPa,Ta-potential/04-npt-round-2/md/P-2GPa/multi_nnap_md.xyz,3915,0.1686856312,21.15549924937556,6.766891563,6.559173318,-3.475446826,16,2.303980291526592,passed,63,P-2GPa_frame00003915_U0.168686.poscar,False,,,,,,,,0.9999744393
npt_pressure,2,,P-2GPa,Ta-potential/04-npt-round-2/md/P-2GPa/multi_nnap_md.xyz,3977,0.1707993066,19.739961835023145,5.157329698,5.232429225,3.983092775,16,2.3631824574309745,passed,64,P-2GPa_frame00003977_U0.170799.poscar,False,,,,,,,,0.9999623507
npt_pressure,2,,P-2GPa,Ta-potential/04-npt-round-2/md/P-2GPa/multi_nnap_md.xyz,4034,0.165622517,19.529408150494763,5.0711887,5.089889535,4.735647177,16,2.374492298775565,passed,65,P-2GPa_frame00004034_U0.165623.poscar,False,,,,,,,,0.999965247
npt_pressure,2,,P-2GPa,Ta-potential/04-npt-round-2/md/P-2GPa/multi_nnap_md.xyz,4091,0.1763501373,20.538022221492607,6.356817986,6.543189601,2.672311364,16,2.1866083568090287,passed,66,P-2GPa_frame00004091_U0.176350.poscar,True,39,cur-fill,0.0185240783,000039.poscar,0.0003461887036,6.012198118e-05,0.9989613979,0.999973891
npt_pressure,2,,P-2GPa,Ta-potential/04-npt-round-2/md/P-2GPa/multi_nnap_md.xyz,4146,0.1653765369,20.730361123728034,4.518790341,4.575669669,0.7334992154,16,2.3995943425594377,passed,67,P-2GPa_frame00004146_U0.165377.poscar,False,,,,,,,,0.9999826948
npt_pressure,2,,P-2GPa,Ta-potential/04-npt-round-2/md/P-2GPa/multi_nnap_md.xyz,4196,0.1792804609,20.008183165686575,7.72943494,7.831066023,4.598263765,16,2.248548364226796,passed,68,P-2GPa_frame00004196_U0.179280.poscar,False,,,,,,,,0.9999671462
npt_pressure,2,,P-2GPa,Ta-potential/04-npt-round-2/md/P-2GPa/multi_nnap_md.xyz,4250,0.1843080738,21.26630811906524,5.713962472,5.972430831,-1.163779702,16,2.1771791015785595,passed,69,P-2GPa_frame00004250_U0.184308.poscar,True,43,cur-fill,0.01407376171,000043.poscar,0.0002172637867,4.624548605e-05,0.9948626632,0.9999741528
npt_pressure,2,,P-2GPa,Ta-potential/04-npt-round-2/md/P-2GPa/multi_nnap_md.xyz,4300,0.1791932012,20.39237830206416,4.389215929,4.279601117,4.174027826,16,2.318841626924522,passed,70,P-2GPa_frame00004300_U0.179193.poscar,False,,,,,,,,0.9999774154
npt_pressure,2,,P-2GPa,Ta-potential/04-npt-round-2/md/P-2GPa/multi_nnap_md.xyz,4353,0.2395882819,21.102035997854372,5.544584346,5.571281019,4.089969044,16,2.154313577718644,passed,71,P-2GPa_frame00004353_U0.239588.poscar,True,16,cur-fill,0.03980710347,000016.poscar,0.005677735777,0.00139705692,0.9812160555,0.9999871379
npt_pressure,2,,P-2GPa,Ta-potential/04-npt-round-2/md/P-2GPa/multi_nnap_md.xyz,4403,0.1744399195,22.90181581467954,3.832634048,3.862024151,-1.308184712,16,2.3365270703530734,passed,72,P-2GPa_frame00004403_U0.174440.poscar,False,,,,,,,,0.9999585298
npt_pressure,2,,P-2GPa,Ta-potential/04-npt-round-2/md/P-2GPa/multi_nnap_md.xyz,4453,0.202808871,21.337413312867668,5.641946841,5.478909808,2.339234859,16,2.3586258200591232,passed,73,P-2GPa_frame00004453_U0.202809.poscar,False,,,,,,,,0.9999745018
npt_pressure,2,,P-2GPa,Ta-potential/04-npt-round-2/md/P-2GPa/multi_nnap_md.xyz,4503,0.2348993327,20.904251149927916,5.818653926,5.591451997,6.665631619,16,2.308794703675394,passed,74,P-2GPa_frame00004503_U0.234899.poscar,True,19,cur-fill,0.04204490443,000019.poscar,0.003867838553,0.000908397452,0.9964133139,0.999959479
npt_pressure,2,,P-2GPa,Ta-potential/04-npt-round-2/md/P-2GPa/multi_nnap_md.xyz,4565,0.1710508309,20.607665010645814,5.426754846,5.173739025,5.285807596,16,2.378882922027291,passed,75,P-2GPa_frame00004565_U0.171051.poscar,False,,,,,,,,0.9999683858
npt_pressure,2,,P-2GPa,Ta-potential/04-npt-round-2/md/P-2GPa/multi_nnap_md.xyz,4615,0.1952195177,22.605973323661672,2.987623698,3.06840871,-0.8133018456,16,2.2956613806791264,passed,76,P-2GPa_frame00004615_U0.195220.poscar,True,12,cur-fill,0.03742713286,000012.poscar,0.009661797393,0.002073923528,0.9937267767,0.9999839909
npt_pressure,2,,P-2GPa,Ta-potential/04-npt-round-2/md/P-2GPa/multi_nnap_md.xyz,4671,0.199649509,19.787287730856153,5.294815918,5.264015267,7.462536891,16,2.1454555947759575,passed,77,P-2GPa_frame00004671_U0.199650.poscar,False,,,,,,,,0.9999779955
npt_pressure,2,,P-2GPa,Ta-potential/04-npt-round-2/md/P-2GPa/multi_nnap_md.xyz,4721,0.2087231167,19.885515683359536,5.661224024,5.69152333,4.714765315,16,2.2934366133181014,passed,78,P-2GPa_frame00004721_U0.208723.poscar,False,,,,,,,,0.9999843379
npt_pressure,2,,P-2GPa,Ta-potential/04-npt-round-2/md/P-2GPa/multi_nnap_md.xyz,4773,0.198371442,20.012739408248628,5.791042749,5.503921404,2.902357383,16,2.195770191748121,passed,79,P-2GPa_frame00004773_U0.198371.poscar,False,,,,,,,,0.9999876419
npt_pressure,2,,P-2GPa,Ta-potential/04-npt-round-2/md/P-2GPa/multi_nnap_md.xyz,4823,0.1793431184,19.65108168615999,6.971086223,6.844496167,4.145012398,16,2.136929344398069,passed,80,P-2GPa_frame00004823_U0.179343.poscar,False,,,,,,,,0.9999782598
npt_pressure,2,,P-2GPa,Ta-potential/04-npt-round-2/md/P-2GPa/multi_nnap_md.xyz,4880,0.2028046593,21.07878117197668,6.277712195,6.313495467,1.389517359,16,2.26576949117825,passed,81,P-2GPa_frame00004880_U0.202805.poscar,True,15,cur-fill,0.01713522278,000015.poscar,0.006081825944,0.0009160445209,0.9914953274,0.9999910856
npt_pressure,2,,P-2GPa,Ta-potential/04-npt-round-2/md/P-2GPa/multi_nnap_md.xyz,4930,0.1849463282,19.633251721918462,7.053208451,6.958804833,4.486111403,16,2.242634376502721,passed,82,P-2GPa_frame00004930_U0.184946.poscar,False,,,,,,,,0.9999503622
npt_pressure,2,,P-2GPa,Ta-potential/04-npt-round-2/md/P-2GPa/multi_nnap_md.xyz,4981,0.202732467,21.100707471216218,5.339476965,5.209198407,-4.611011499,16,2.3542914809014044,passed,83,P-2GPa_frame00004981_U0.202732.poscar,True,20,cur-fill,0.01921324784,000020.poscar,0.003473434447,0.0005841726367,0.9964423164,0.9999871725
npt_pressure,8,,P-8GPa,Ta-potential/04-npt-round-2/md/P-8GPa/multi_nnap_md.xyz,514,0.1787341319,17.826599349889207,5.673311177,5.743229147,16.74839384,16,2.4064557043697725,passed,1,P-8GPa_frame00000514_U0.178734.poscar,False,,,,,,,,0.999971556
npt_pressure,8,,P-8GPa,Ta-potential/04-npt-round-2/md/P-8GPa/multi_nnap_md.xyz,565,0.1748108508,20.62826242729913,4.538337464,4.483020031,1.947389555,16,2.3575297520761618,passed,2,P-8GPa_frame00000565_U0.174811.poscar,False,,,,,,,,0.9999751912
npt_pressure,8,,P-8GPa,Ta-potential/04-npt-round-2/md/P-8GPa/multi_nnap_md.xyz,617,0.1701248045,17.588104380162886,4.795530246,4.969953323,20.71804047,16,2.2872639157047785,passed,3,P-8GPa_frame00000617_U0.170125.poscar,False,,,,,,,,0.9999934992
npt_pressure,8,,P-8GPa,Ta-potential/04-npt-round-2/md/P-8GPa/multi_nnap_md.xyz,673,0.1730275161,19.304079955564273,4.87452477,4.816055885,8.057950055,16,2.428350106486497,passed,4,P-8GPa_frame00000673_U0.173028.poscar,False,,,,,,,,0.999965424
npt_pressure,8,,P-8GPa,Ta-potential/04-npt-round-2/md/P-8GPa/multi_nnap_md.xyz,723,0.2138285056,20.04862912780422,7.285724241,7.307941131,7.254960236,16,2.2257120371333654,passed,5,P-8GPa_frame00000723_U0.213829.poscar,True,70,cur-fill,0.02271988423,000070.poscar,7.16921177e-06,1.113354353e-06,0.9984875573,0.9999827748
npt_pressure,8,,P-8GPa,Ta-potential/04-npt-round-2/md/P-8GPa/multi_nnap_md.xyz,776,0.1651267957,18.966514880328656,5.499419055,5.394729832,9.123321469,16,2.3054721416271544,passed,6,P-8GPa_frame00000776_U0.165127.poscar,False,,,,,,,,0.9999839177
npt_pressure,8,,P-8GPa,Ta-potential/04-npt-round-2/md/P-8GPa/multi_nnap_md.xyz,849,0.1741105734,19.304237785944025,6.403086913,6.492430546,9.930037269,16,2.233961367535721,passed,7,P-8GPa_frame00000849_U0.174111.poscar,False,,,,,,,,0.9999771498
npt_pressure,8,,P-8GPa,Ta-potential/04-npt-round-2/md/P-8GPa/multi_nnap_md.xyz,912,0.2035432811,19.179886357013874,6.481303102,6.445928914,10.35409389,16,2.25935320021885,passed,8,P-8GPa_frame00000912_U0.203543.poscar,False,,,,,,,,0.9999736001
npt_pressure,8,,P-8GPa,Ta-potential/04-npt-round-2/md/P-8GPa/multi_nnap_md.xyz,965,0.1673770684,19.430269973345627,6.531718816,6.47155283,3.864859688,16,2.1969762890189815,passed,9,P-8GPa_frame00000965_U0.167377.poscar,False,,,,,,,,0.9999869338
npt_pressure,8,,P-8GPa,Ta-potential/04-npt-round-2/md/P-8GPa/multi_nnap_md.xyz,1015,0.2221553725,19.340516798271906,7.834212401,7.732692821,10.6580961,16,2.223102411655332,passed,10,P-8GPa_frame00001015_U0.222155.poscar,True,50,cur-fill,0.02231504969,000050.poscar,9.94655635e-05,1.642347671e-05,0.9982534305,0.999977294
npt_pressure,8,,P-8GPa,Ta-potential/04-npt-round-2/md/P-8GPa/multi_nnap_md.xyz,1072,0.2329251688,18.00380511075735,8.412953514,8.346640641,17.25514507,16,2.1619261486417067,passed,11,P-8GPa_frame00001072_U0.232925.poscar,False,,,,,,,,0.9999920644
npt_pressure,8,,P-8GPa,Ta-potential/04-npt-round-2/md/P-8GPa/multi_nnap_md.xyz,1122,0.2341294062,18.991622386091866,6.922769064,6.563167559,11.24515166,16,2.234823770705466,passed,12,P-8GPa_frame00001122_U0.234129.poscar,True,42,cur-fill,0.03462742266,000042.poscar,0.0002218711091,4.5320782e-05,0.9981177027,0.9999927962
npt_pressure,8,,P-8GPa,Ta-potential/04-npt-round-2/md/P-8GPa/multi_nnap_md.xyz,1176,0.1862833571,20.625368893503317,5.539098705,5.702902412,0.5622728923,16,2.35673849421162,passed,13,P-8GPa_frame00001176_U0.186283.poscar,False,,,,,,,,0.9999749894
npt_pressure,8,,P-8GPa,Ta-potential/04-npt-round-2/md/P-8GPa/multi_nnap_md.xyz,1226,0.233954833,20.179841251783607,7.215540875,7.365110842,10.38369235,16,2.328507492520048,passed,14,P-8GPa_frame00001226_U0.233955.poscar,False,,,,,,,,0.999971316
npt_pressure,8,,P-8GPa,Ta-potential/04-npt-round-2/md/P-8GPa/multi_nnap_md.xyz,1278,0.1712386277,20.60474723102561,4.535847476,4.579009993,5.04249414,16,2.3546687724037008,passed,15,P-8GPa_frame00001278_U0.171239.poscar,True,33,cur-fill,0.04210501912,000033.poscar,0.0006755416783,0.0001834420376,0.9952628047,0.999983741
npt_pressure,8,,P-8GPa,Ta-potential/04-npt-round-2/md/P-8GPa/multi_nnap_md.xyz,1328,0.176174319,20.718179333696504,5.324317485,5.314059645,3.928521952,16,2.26626186553978,passed,16,P-8GPa_frame00001328_U0.176174.poscar,False,,,,,,,,0.9999858978
npt_pressure,8,,P-8GPa,Ta-potential/04-npt-round-2/md/P-8GPa/multi_nnap_md.xyz,1378,0.2816139248,19.245297973221955,6.029479555,5.927378864,14.02097176,16,2.196376002019212,passed,17,P-8GPa_frame00001378_U0.281614.poscar,True,31,cur-fill,0.03300220731,000031.poscar,0.0009321604706,0.0002032700104,0.9931291546,0.9999622068
npt_pressure,8,,P-8GPa,Ta-potential/04-npt-round-2/md/P-8GPa/multi_nnap_md.xyz,1447,0.1701500308,19.038746742546813,4.834682322,4.812734464,5.017822466,16,2.367554434969993,passed,18,P-8GPa_frame00001447_U0.170150.poscar,False,,,,,,,,0.99996435
npt_pressure,8,,P-8GPa,Ta-potential/04-npt-round-2/md/P-8GPa/multi_nnap_md.xyz,1533,0.1996275217,19.137817984045,6.623610807,6.535421809,11.34189926,16,2.1853157437014445,passed,19,P-8GPa_frame00001533_U0.199628.poscar,False,,,,,,,,0.9999825752
npt_pressure,8,,P-8GPa,Ta-potential/04-npt-round-2/md/P-8GPa/multi_nnap_md.xyz,1607,0.1767681891,19.020492409404472,7.366371434,7.411765299,13.12772409,16,2.1326316110271906,passed,20,P-8GPa_frame00001607_U0.176768.poscar,True,74,cur-fill,0.0164998318,000074.poscar,5.287791644e-06,7.524510298e-07,0.9978142361,0.9999769406
npt_pressure,8,,P-8GPa,Ta-potential/04-npt-round-2/md/P-8GPa/multi_nnap_md.xyz,1677,0.1912297583,18.942516193420015,6.037424495,6.140640948,9.727195509,16,2.2562503924159754,passed,21,P-8GPa_frame00001677_U0.191230.poscar,False,,,,,,,,0.9999914259
npt_pressure,8,,P-8GPa,Ta-potential/04-npt-round-2/md/P-8GPa/multi_nnap_md.xyz,1753,0.1778808981,19.76703960145395,4.812189227,4.762879032,6.118973339,16,2.4580944255428534,passed,22,P-8GPa_frame00001753_U0.177881.poscar,True,84,cur-fill,0.009639017255,000084.poscar,5.287791644e-06,6.195424124e-07,0.9983336018,0.9999801709
npt_pressure,8,,P-8GPa,Ta-potential/04-npt-round-2/md/P-8GPa/multi_nnap_md.xyz,1813,0.1761871338,19.677093015159837,5.573724784,5.528757042,3.106320089,16,2.351732281911523,passed,23,P-8GPa_frame00001813_U0.176187.poscar,False,,,,,,,,0.9999450278
npt_pressure,8,,P-8GPa,Ta-potential/04-npt-round-2/md/P-8GPa/multi_nnap_md.xyz,1863,0.1933793297,20.42111276411418,4.059138177,4.12610307,10.49528025,16,2.2587250298375103,passed,24,P-8GPa_frame00001863_U0.193379.poscar,True,35,cur-fill,0.031760952,000035.poscar,0.0005510325397,0.0001207670117,0.9944269925,0.9999787814
npt_pressure,8,,P-8GPa,Ta-potential/04-npt-round-2/md/P-8GPa/multi_nnap_md.xyz,1933,0.1785897475,18.81680811570332,5.578787681,5.60689488,10.99961633,16,2.3092744565341223,passed,25,P-8GPa_frame00001933_U0.178590.poscar,False,,,,,,,,0.9999757304
npt_pressure,8,,P-8GPa,Ta-potential/04-npt-round-2/md/P-8GPa/multi_nnap_md.xyz,1996,0.1708994131,18.376020034604153,5.78909896,5.775478164,14.22602609,16,2.339657422516582,passed,26,P-8GPa_frame00001996_U0.170899.poscar,False,,,,,,,,0.999984498
npt_pressure,8,,P-8GPa,Ta-potential/04-npt-round-2/md/P-8GPa/multi_nnap_md.xyz,2046,0.1770400037,20.16170280943036,7.237553812,7.256627795,5.349435591,16,2.232324990649293,passed,27,P-8GPa_frame00002046_U0.177040.poscar,True,34,cur-fill,0.02291532415,000034.poscar,0.0006518587262,0.0001205322279,0.9966907208,0.9999778054
npt_pressure,8,,P-8GPa,Ta-potential/04-npt-round-2/md/P-8GPa/multi_nnap_md.xyz,2100,0.2133724197,19.219072120619913,5.987154383,5.860251703,9.315898672,16,2.1342436068611503,passed,28,P-8GPa_frame00002100_U0.213372.poscar,False,,,,,,,,0.999974596
npt_pressure,8,,P-8GPa,Ta-potential/04-npt-round-2/md/P-8GPa/multi_nnap_md.xyz,2153,0.2032886555,18.471231752236058,7.315870309,7.143028603,14.71062349,16,2.3780427863085443,passed,29,P-8GPa_frame00002153_U0.203289.poscar,True,100,cur-fill,0.004726190187,000100.poscar,5.287791644e-06,5.629796813e-07,0.9968666777,0.9999871699
npt_pressure,8,,P-8GPa,Ta-potential/04-npt-round-2/md/P-8GPa/multi_nnap_md.xyz,2208,0.1700618472,18.577614310176624,5.053465786,4.917824237,11.16107287,16,2.3727950882945086,passed,30,P-8GPa_frame00002208_U0.170062.poscar,False,,,,,,,,0.9999824427
npt_pressure,8,,P-8GPa,Ta-potential/04-npt-round-2/md/P-8GPa/multi_nnap_md.xyz,2286,0.1776365704,19.523777935278574,6.73867373,6.834529974,4.302698379,16,2.3537953687058564,passed,31,P-8GPa_frame00002286_U0.177637.poscar,False,,,,,,,,0.9999947628
npt_pressure,8,,P-8GPa,Ta-potential/04-npt-round-2/md/P-8GPa/multi_nnap_md.xyz,2353,0.180087002,19.050946688797318,6.07356605,5.943868013,9.842919253,16,2.246724854127089,passed,32,P-8GPa_frame00002353_U0.180087.poscar,True,75,cur-fill,0.01455539739,000075.poscar,5.287791644e-06,7.009798112e-07,0.9973635884,0.999988448
npt_pressure,8,,P-8GPa,Ta-potential/04-npt-round-2/md/P-8GPa/multi_nnap_md.xyz,2413,0.2148636304,18.718592813272316,6.712881989,6.718217489,9.847837769,16,2.3649545563686085,passed,33,P-8GPa_frame00002413_U0.214864.poscar,False,,,,,,,,0.9999907992
npt_pressure,8,,P-8GPa,Ta-potential/04-npt-round-2/md/P-8GPa/multi_nnap_md.xyz,2467,0.1668995222,19.33610354137095,7.442869954,7.417458086,1.443633277,16,2.275126662359406,passed,34,P-8GPa_frame00002467_U0.166900.poscar,False,,,,,,,,0.9999843865
npt_pressure,8,,P-8GPa,Ta-potential/04-npt-round-2/md/P-8GPa/multi_nnap_md.xyz,2517,0.2921744005,18.61072007124858,5.318772447,5.277123449,21.5315998,16,2.2974092464367732,passed,35,P-8GPa_frame00002517_U0.292174.poscar,False,,,,,,,,0.9999650929
npt_pressure,8,,P-8GPa,Ta-potential/04-npt-round-2/md/P-8GPa/multi_nnap_md.xyz,2574,0.1884539825,18.39786365686744,7.36992639,7.471475578,17.03838825,16,2.201773914160347,passed,36,P-8GPa_frame00002574_U0.188454.poscar,False,,,,,,,,0.9999857498
npt_pressure,8,,P-8GPa,Ta-potential/04-npt-round-2/md/P-8GPa/multi_nnap_md.xyz,2624,0.1853379186,19.51809570412847,5.870969992,5.875868923,7.295793148,16,2.461936263356694,passed,37,P-8GPa_frame00002624_U0.185338.poscar,True,80,cur-fill,0.01158172618,000080.poscar,5.287791644e-06,6.73811505e-07,0.9968088377,0.9999703843
npt_pressure,8,,P-8GPa,Ta-potential/04-npt-round-2/md/P-8GPa/multi_nnap_md.xyz,2677,0.1789720193,19.424980465441955,6.083009069,6.046168134,6.512929165,16,2.285501063585302,passed,38,P-8GPa_frame00002677_U0.178972.poscar,False,,,,,,,,0.9999820492
npt_pressure,8,,P-8GPa,Ta-potential/04-npt-round-2/md/P-8GPa/multi_nnap_md.xyz,2727,0.16968055,20.066497460209977,5.76350051,5.915426455,5.502725813,16,2.165294709899712,passed,39,P-8GPa_frame00002727_U0.169681.poscar,True,7,cur-fill,0.0243800238,000007.poscar,0.02662627356,0.005779026177,0.9878105571,0.9999648398
npt_pressure,8,,P-8GPa,Ta-potential/04-npt-round-2/md/P-8GPa/multi_nnap_md.xyz,2777,0.1666451176,19.266085849979184,5.073889354,5.07387314,6.58468857,16,2.326220104916003,passed,40,P-8GPa_frame00002777_U0.166645.poscar,False,,,,,,,,0.9999712243
npt_pressure,8,,P-8GPa,Ta-potential/04-npt-round-2/md/P-8GPa/multi_nnap_md.xyz,2837,0.2147015122,18.410421592101134,6.49068552,6.30142585,12.97857002,16,2.248352683026299,passed,41,P-8GPa_frame00002837_U0.214702.poscar,False,,,,,,,,0.9999829783
npt_pressure,8,,P-8GPa,Ta-potential/04-npt-round-2/md/P-8GPa/multi_nnap_md.xyz,2887,0.1783577239,19.609841629546686,5.939622292,5.787612564,6.600620741,16,2.389469999911949,passed,42,P-8GPa_frame00002887_U0.178358.poscar,False,,,,,,,,0.999989617
npt_pressure,8,,P-8GPa,Ta-potential/04-npt-round-2/md/P-8GPa/multi_nnap_md.xyz,2937,0.1733285055,19.264872937230106,6.816986757,6.730481076,12.52735693,16,2.2075273226053866,passed,43,P-8GPa_frame00002937_U0.173329.poscar,True,18,cur-fill,0.0330429169,000018.poscar,0.004265321029,0.001110021856,0.9971953266,0.9999621682
npt_pressure,8,,P-8GPa,Ta-potential/04-npt-round-2/md/P-8GPa/multi_nnap_md.xyz,2987,0.1658453126,21.170476445241782,4.554665344,4.48201371,-0.1106371917,16,2.36903727720652,passed,44,P-8GPa_frame00002987_U0.165845.poscar,False,,,,,,,,0.9999778488
npt_pressure,8,,P-8GPa,Ta-potential/04-npt-round-2/md/P-8GPa/multi_nnap_md.xyz,3037,0.3242249806,17.807727666088343,5.95502337,6.128774852,24.04439046,16,2.258621733510613,passed,45,P-8GPa_frame00003037_U0.324225.poscar,True,72,cur-fill,0.01855219446,000072.poscar,5.287791644e-06,7.787609892e-07,0.9971591259,0.9999867775
npt_pressure,8,,P-8GPa,Ta-potential/04-npt-round-2/md/P-8GPa/multi_nnap_md.xyz,3090,0.1674357574,19.2767455892349,3.773158664,3.768779342,5.899532191,16,2.4544288054285857,passed,46,P-8GPa_frame00003090_U0.167436.poscar,False,,,,,,,,0.9999743245
npt_pressure,8,,P-8GPa,Ta-potential/04-npt-round-2/md/P-8GPa/multi_nnap_md.xyz,3140,0.1805157596,18.33135397818802,7.40219942,7.346375087,16.30265912,16,2.2423582538228986,passed,47,P-8GPa_frame00003140_U0.180516.poscar,False,,,,,,,,0.9999853539
npt_pressure,8,,P-8GPa,Ta-potential/04-npt-round-2/md/P-8GPa/multi_nnap_md.xyz,3190,0.2070094955,21.42984646271899,5.90487748,5.865053389,2.909552194,16,2.199588746057741,passed,48,P-8GPa_frame00003190_U0.207009.poscar,False,,,,,,,,0.9999875527
npt_pressure,8,,P-8GPa,Ta-potential/04-npt-round-2/md/P-8GPa/multi_nnap_md.xyz,3244,0.1886183674,19.995547372340862,5.793595752,5.62557232,3.252579045,16,2.4218087373872814,passed,49,P-8GPa_frame00003244_U0.188618.poscar,False,,,,,,,,0.9999862347
npt_pressure,8,,P-8GPa,Ta-potential/04-npt-round-2/md/P-8GPa/multi_nnap_md.xyz,3294,0.1939992309,21.540418049986336,5.152926382,5.31098499,6.094465326,16,2.2922816976361324,passed,50,P-8GPa_frame00003294_U0.193999.poscar,False,,,,,,,,0.9999810148
npt_pressure,8,,P-8GPa,Ta-potential/04-npt-round-2/md/P-8GPa/multi_nnap_md.xyz,3344,0.1757695157,20.60186551932084,4.901286425,4.897146194,5.040631209,16,2.2303770385381223,passed,51,P-8GPa_frame00003344_U0.175770.poscar,True,6,cur-fill,0.05220838443,000006.poscar,0.02943803917,0.007085822356,0.9323499241,0.9999743631
npt_pressure,8,,P-8GPa,Ta-potential/04-npt-round-2/md/P-8GPa/multi_nnap_md.xyz,3403,0.2094648038,19.0217562930682,6.80044766,6.613595505,8.28002868,16,2.211136367531304,passed,52,P-8GPa_frame00003403_U0.209465.poscar,False,,,,,,,,0.9999754124
npt_pressure,8,,P-8GPa,Ta-potential/04-npt-round-2/md/P-8GPa/multi_nnap_md.xyz,3459,0.1753858185,19.41395009017536,6.03100919,5.879046435,6.54307299,16,2.303757199570481,passed,53,P-8GPa_frame00003459_U0.175386.poscar,False,,,,,,,,0.9999782929
npt_pressure,8,,P-8GPa,Ta-potential/04-npt-round-2/md/P-8GPa/multi_nnap_md.xyz,3514,0.189137654,20.011857070538802,6.224134084,5.968244829,3.955251528,16,2.333136393866804,passed,54,P-8GPa_frame00003514_U0.189138.poscar,True,66,cur-fill,0.01670947857,000066.poscar,1.400191764e-05,2.090430189e-06,0.9978935042,0.9999847234
npt_pressure,8,,P-8GPa,Ta-potential/04-npt-round-2/md/P-8GPa/multi_nnap_md.xyz,3565,0.1882196412,18.757450826608043,7.629519291,7.661302184,15.59754934,16,2.306239668880743,passed,55,P-8GPa_frame00003565_U0.188220.poscar,False,,,,,,,,0.9999926299
npt_pressure,8,,P-8GPa,Ta-potential/04-npt-round-2/md/P-8GPa/multi_nnap_md.xyz,3624,0.1953592715,18.610641753611038,9.514492708,9.53686611,17.07981206,16,2.2745493141773885,passed,56,P-8GPa_frame00003624_U0.195359.poscar,False,,,,,,,,0.9999950366
npt_pressure,8,,P-8GPa,Ta-potential/04-npt-round-2/md/P-8GPa/multi_nnap_md.xyz,3675,0.1686085905,18.650288968872072,6.008077965,5.96273724,11.53452004,16,2.438239722487385,passed,57,P-8GPa_frame00003675_U0.168609.poscar,False,,,,,,,,0.9999780534
npt_pressure,8,,P-8GPa,Ta-potential/04-npt-round-2/md/P-8GPa/multi_nnap_md.xyz,3725,0.1956331094,19.26079031612123,6.369371968,6.410522027,8.456234805,16,2.1687306956037617,passed,58,P-8GPa_frame00003725_U0.195633.poscar,False,,,,,,,,0.9999887942
npt_pressure,8,,P-8GPa,Ta-potential/04-npt-round-2/md/P-8GPa/multi_nnap_md.xyz,3778,0.2487227951,18.24126904813064,8.964830023,9.053444823,17.25338216,16,2.27162758826772,passed,59,P-8GPa_frame00003778_U0.248723.poscar,False,,,,,,,,0.9999750531
npt_pressure,8,,P-8GPa,Ta-potential/04-npt-round-2/md/P-8GPa/multi_nnap_md.xyz,3831,0.1686689932,19.18101563116691,5.859644834,5.797554433,6.676842068,16,2.3343181229366734,passed,60,P-8GPa_frame00003831_U0.168669.poscar,False,,,,,,,,0.9999757516
npt_pressure,8,,P-8GPa,Ta-potential/04-npt-round-2/md/P-8GPa/multi_nnap_md.xyz,3881,0.3253338789,19.645011281252334,8.508727115,8.234680103,5.625874481,16,2.196593106578779,passed,61,P-8GPa_frame00003881_U0.325334.poscar,True,92,cur-fill,0.00702304335,000092.poscar,5.287791644e-06,5.701414092e-07,0.9991854022,0.9999929702
npt_pressure,8,,P-8GPa,Ta-potential/04-npt-round-2/md/P-8GPa/multi_nnap_md.xyz,3936,0.1649997032,18.90276249774526,6.185217817,6.157065131,10.69375896,16,2.3261326519359278,passed,62,P-8GPa_frame00003936_U0.165000.poscar,False,,,,,,,,0.9999863648
npt_pressure,8,,P-8GPa,Ta-potential/04-npt-round-2/md/P-8GPa/multi_nnap_md.xyz,4001,0.1740807305,18.69570844686895,5.683845842,5.633869465,8.929735225,16,2.328092533666657,passed,63,P-8GPa_frame00004001_U0.174081.poscar,False,,,,,,,,0.9999785979
npt_pressure,8,,P-8GPa,Ta-potential/04-npt-round-2/md/P-8GPa/multi_nnap_md.xyz,4055,0.2960123664,18.74850701636292,7.94102377,7.841937148,11.3906959,16,2.245483061321405,passed,64,P-8GPa_frame00004055_U0.296012.poscar,True,52,cur-fill,0.03458094366,000052.poscar,6.529294304e-05,1.49487458e-05,0.9992756853,0.9999876631
npt_pressure,8,,P-8GPa,Ta-potential/04-npt-round-2/md/P-8GPa/multi_nnap_md.xyz,4112,0.1719777407,19.144404938872864,6.577676872,6.623470364,6.389505209,16,2.231804654231699,passed,65,P-8GPa_frame00004112_U0.171978.poscar,False,,,,,,,,0.9999645135
npt_pressure,8,,P-8GPa,Ta-potential/04-npt-round-2/md/P-8GPa/multi_nnap_md.xyz,4165,0.1838119721,19.423408705409027,8.088483674,7.944372216,4.73243959,16,2.3029343300580334,passed,66,P-8GPa_frame00004165_U0.183812.poscar,False,,,,,,,,0.9999783121
npt_pressure,8,,P-8GPa,Ta-potential/04-npt-round-2/md/P-8GPa/multi_nnap_md.xyz,4230,0.1824474475,17.24660890203463,6.732652314,6.859897444,29.11330174,16,2.142212117754391,passed,67,P-8GPa_frame00004230_U0.182447.poscar,False,,,,,,,,0.9999909902
npt_pressure,8,,P-8GPa,Ta-potential/04-npt-round-2/md/P-8GPa/multi_nnap_md.xyz,4288,0.1959250593,18.45621656273726,7.57664661,7.614309989,14.72474853,16,2.302400205154339,passed,68,P-8GPa_frame00004288_U0.195925.poscar,True,48,cur-fill,0.01207211182,000048.poscar,0.0001109785715,1.457545129e-05,0.9966015042,0.999959339
npt_pressure,8,,P-8GPa,Ta-potential/04-npt-round-2/md/P-8GPa/multi_nnap_md.xyz,4338,0.1668627158,19.433352128892306,6.584247291,6.653689297,6.593620072,16,2.3192033095528437,passed,69,P-8GPa_frame00004338_U0.166863.poscar,False,,,,,,,,0.9999685183
npt_pressure,8,,P-8GPa,Ta-potential/04-npt-round-2/md/P-8GPa/multi_nnap_md.xyz,4388,0.2350315252,18.860059031809765,7.601391832,7.418188193,12.99903176,16,2.1647516971839726,passed,70,P-8GPa_frame00004388_U0.235032.poscar,False,,,,,,,,0.9999540895
npt_pressure,8,,P-8GPa,Ta-potential/04-npt-round-2/md/P-8GPa/multi_nnap_md.xyz,4438,0.1759891563,21.23105923857631,6.919709438,6.868740734,-3.784623382,16,2.3359050427398715,passed,71,P-8GPa_frame00004438_U0.175989.poscar,False,,,,,,,,0.9999624449
npt_pressure,8,,P-8GPa,Ta-potential/04-npt-round-2/md/P-8GPa/multi_nnap_md.xyz,4504,0.1742253997,20.312460672990102,5.793960148,5.778599523,2.155910621,16,2.211762756974484,passed,72,P-8GPa_frame00004504_U0.174225.poscar,False,,,,,,,,0.9999847794
npt_pressure,8,,P-8GPa,Ta-potential/04-npt-round-2/md/P-8GPa/multi_nnap_md.xyz,4556,0.1779254898,19.5194518876186,6.716847264,6.723589192,2.443886044,16,2.181246338781969,passed,73,P-8GPa_frame00004556_U0.177925.poscar,True,56,cur-fill,0.02343175348,000056.poscar,4.27198317e-05,6.866027554e-06,0.99891625,0.9999876711
npt_pressure,8,,P-8GPa,Ta-potential/04-npt-round-2/md/P-8GPa/multi_nnap_md.xyz,4609,0.166514211,18.029326291734364,7.692962546,7.82563209,17.40174596,16,2.230175947106415,passed,74,P-8GPa_frame00004609_U0.166514.poscar,False,,,,,,,,0.9999908293
npt_pressure,8,,P-8GPa,Ta-potential/04-npt-round-2/md/P-8GPa/multi_nnap_md.xyz,4659,0.3111631751,20.310990079867782,6.452141936,6.793432197,1.285497648,16,2.3811316008800714,passed,75,P-8GPa_frame00004659_U0.311163.poscar,False,,,,,,,,0.99998025
npt_pressure,8,,P-8GPa,Ta-potential/04-npt-round-2/md/P-8GPa/multi_nnap_md.xyz,4709,0.1727035151,19.6547629335127,7.406047897,7.49110843,5.093760639,16,2.336305652531339,passed,76,P-8GPa_frame00004709_U0.172704.poscar,True,90,cur-fill,0.007313863882,000090.poscar,5.287791644e-06,6.083840362e-07,0.9991568314,0.9999870959
npt_pressure,8,,P-8GPa,Ta-potential/04-npt-round-2/md/P-8GPa/multi_nnap_md.xyz,4780,0.1757370776,18.754784622764575,5.945956294,5.872420819,15.28534763,16,2.3870470769519083,passed,77,P-8GPa_frame00004780_U0.175737.poscar,False,,,,,,,,0.9999856819
npt_pressure,8,,P-8GPa,Ta-potential/04-npt-round-2/md/P-8GPa/multi_nnap_md.xyz,4832,0.1863525945,18.903565076351697,6.131343262,6.339175889,14.40171441,16,2.172942789155613,passed,78,P-8GPa_frame00004832_U0.186353.poscar,True,10,cur-fill,0.04149909722,000010.poscar,0.01256273516,0.003126393539,0.9618192063,0.9999652453
npt_pressure,8,,P-8GPa,Ta-potential/04-npt-round-2/md/P-8GPa/multi_nnap_md.xyz,4886,0.2674472343,19.405343485181962,6.842025753,6.722727329,7.220385324,16,2.2724522744554716,passed,79,P-8GPa_frame00004886_U0.267447.poscar,False,,,,,,,,0.9999715151
npt_pressure,8,,P-8GPa,Ta-potential/04-npt-round-2/md/P-8GPa/multi_nnap_md.xyz,4944,0.1698050899,19.010091356719986,7.543377683,7.509173998,6.700777068,16,2.2934351534580966,passed,80,P-8GPa_frame00004944_U0.169805.poscar,False,,,,,,,,0.9999919607
npt_pressure,8,,P-8GPa,Ta-potential/04-npt-round-2/md/P-8GPa/multi_nnap_md.xyz,4996,0.1726467994,21.00937579550342,3.573522002,3.573293292,-2.136501313,16,2.4687514528282395,passed,81,P-8GPa_frame00004996_U0.172647.poscar,False,,,,,,,,0.9999884853
npt_pressure,15,,P-15GPa,Ta-potential/04-npt-round-2/md/P-15GPa/multi_nnap_md.xyz,500,0.1881082405,17.518586562344744,7.000264521,7.138914285,25.34949206,16,2.1244548041093108,passed,1,P-15GPa_frame00000500_U0.188108.poscar,False,,,,,,,,0.99995668
npt_pressure,15,,P-15GPa,Ta-potential/04-npt-round-2/md/P-15GPa/multi_nnap_md.xyz,550,0.1748160902,18.023255289521664,6.984369468,6.855541676,18.66827288,16,2.245974546179399,passed,2,P-15GPa_frame00000550_U0.174816.poscar,False,,,,,,,,0.9999873375
npt_pressure,15,,P-15GPa,Ta-potential/04-npt-round-2/md/P-15GPa/multi_nnap_md.xyz,600,0.1695012818,18.483301953758833,7.143616356,7.250284913,10.77422196,16,2.363430298346775,passed,3,P-15GPa_frame00000600_U0.169501.poscar,False,,,,,,,,0.9999832571
npt_pressure,15,,P-15GPa,Ta-potential/04-npt-round-2/md/P-15GPa/multi_nnap_md.xyz,651,0.2546824629,18.129676838110207,8.721728823,8.771690467,16.92054956,16,2.291498419252976,passed,4,P-15GPa_frame00000651_U0.254682.poscar,False,,,,,,,,0.999987996
npt_pressure,15,,P-15GPa,Ta-potential/04-npt-round-2/md/P-15GPa/multi_nnap_md.xyz,706,0.2094542672,18.18005345427919,7.315045014,7.335463276,13.79527009,16,2.1456595430097414,passed,5,P-15GPa_frame00000706_U0.209454.poscar,False,,,,,,,,0.999976125
npt_pressure,15,,P-15GPa,Ta-potential/04-npt-round-2/md/P-15GPa/multi_nnap_md.xyz,763,0.1683714178,18.203724908379563,6.385298651,6.339727095,13.99954507,16,2.357258729259544,passed,6,P-15GPa_frame00000763_U0.168371.poscar,False,,,,,,,,0.9999735039
npt_pressure,15,,P-15GPa,Ta-potential/04-npt-round-2/md/P-15GPa/multi_nnap_md.xyz,813,0.1915480923,18.493974818700067,5.338537107,5.257197651,18.5459312,16,2.423657589819167,passed,7,P-15GPa_frame00000813_U0.191548.poscar,True,73,cur-fill,0.01779503428,000073.poscar,5.287791644e-06,9.217197342e-07,0.9943394516,0.9999834818
npt_pressure,15,,P-15GPa,Ta-potential/04-npt-round-2/md/P-15GPa/multi_nnap_md.xyz,866,0.2097213164,18.29088677166837,7.464424398,7.497537584,17.32880181,16,2.354801189855297,passed,8,P-15GPa_frame00000866_U0.209721.poscar,False,,,,,,,,0.9999923394
npt_pressure,15,,P-15GPa,Ta-potential/04-npt-round-2/md/P-15GPa/multi_nnap_md.xyz,921,0.1655251969,18.072734112431927,5.282210227,5.272519877,19.08905758,16,2.3609482612675596,passed,9,P-15GPa_frame00000921_U0.165525.poscar,False,,,,,,,,0.9999875497
npt_pressure,15,,P-15GPa,Ta-potential/04-npt-round-2/md/P-15GPa/multi_nnap_md.xyz,976,0.1758031172,18.699187530134353,6.76494502,6.813859033,9.229756148,16,2.207178519744455,passed,10,P-15GPa_frame00000976_U0.175803.poscar,False,,,,,,,,0.9999794918
npt_pressure,15,,P-15GPa,Ta-potential/04-npt-round-2/md/P-15GPa/multi_nnap_md.xyz,1026,0.3191637144,19.391734177749473,5.256175696,5.178136565,11.26318199,16,2.2840104524359215,passed,11,P-15GPa_frame00001026_U0.319164.poscar,False,,,,,,,,0.9999850141
npt_pressure,15,,P-15GPa,Ta-potential/04-npt-round-2/md/P-15GPa/multi_nnap_md.xyz,1080,0.205410664,18.5772778294524,6.646526839,6.467674631,9.278231585,16,2.2110951673806722,passed,12,P-15GPa_frame00001080_U0.205411.poscar,True,5,cur-fill,0.01541285707,000005.poscar,0.04385556076,0.005708295504,0.9850362139,0.9999824716
npt_pressure,15,,P-15GPa,Ta-potential/04-npt-round-2/md/P-15GPa/multi_nnap_md.xyz,1141,0.1820830333,18.71157623459025,5.996800139,6.099426061,8.692846302,16,2.240709830825538,passed,13,P-15GPa_frame00001141_U0.182083.poscar,False,,,,,,,,0.9999899777
npt_pressure,15,,P-15GPa,Ta-potential/04-npt-round-2/md/P-15GPa/multi_nnap_md.xyz,1207,0.1674443062,17.16816282166647,6.705232627,6.823514116,24.97206035,16,2.225262095626387,passed,14,P-15GPa_frame00001207_U0.167444.poscar,False,,,,,,,,0.9999952806
npt_pressure,15,,P-15GPa,Ta-potential/04-npt-round-2/md/P-15GPa/multi_nnap_md.xyz,1266,0.1764665633,17.5401825964557,6.836294096,6.827382398,16.83516216,16,2.247275208981793,passed,15,P-15GPa_frame00001266_U0.176467.poscar,False,,,,,,,,0.9999480042
npt_pressure,15,,P-15GPa,Ta-potential/04-npt-round-2/md/P-15GPa/multi_nnap_md.xyz,1332,0.2253553179,17.807377494469442,6.937729748,6.98249847,18.29909738,16,2.294375040843166,passed,16,P-15GPa_frame00001332_U0.225355.poscar,False,,,,,,,,0.9999873216
npt_pressure,15,,P-15GPa,Ta-potential/04-npt-round-2/md/P-15GPa/multi_nnap_md.xyz,1396,0.1878456111,17.05008414235415,7.598934325,7.704707954,30.4495732,16,2.245493817658444,passed,17,P-15GPa_frame00001396_U0.187846.poscar,False,,,,,,,,0.999992363
npt_pressure,15,,P-15GPa,Ta-potential/04-npt-round-2/md/P-15GPa/multi_nnap_md.xyz,1446,0.2776254609,19.77048067977541,7.366827768,7.178630941,10.68064573,16,2.129804263313431,passed,18,P-15GPa_frame00001446_U0.277625.poscar,True,45,cur-fill,0.02368666849,000045.poscar,0.0001916762227,3.187278313e-05,0.9993065877,0.9999812441
npt_pressure,15,,P-15GPa,Ta-potential/04-npt-round-2/md/P-15GPa/multi_nnap_md.xyz,1510,0.1733446709,18.149433771927143,5.279262241,5.348848834,21.30554224,16,2.320059629991686,passed,19,P-15GPa_frame00001510_U0.173345.poscar,False,,,,,,,,0.9999873637
npt_pressure,15,,P-15GPa,Ta-potential/04-npt-round-2/md/P-15GPa/multi_nnap_md.xyz,1578,0.1709626768,18.449105184792327,6.165329199,6.22644372,13.60752123,16,2.291816751040244,passed,20,P-15GPa_frame00001578_U0.170963.poscar,False,,,,,,,,0.9999737901
npt_pressure,15,,P-15GPa,Ta-potential/04-npt-round-2/md/P-15GPa/multi_nnap_md.xyz,1634,0.1710151934,17.44437219421434,7.402976066,7.430006152,22.90321522,16,2.381674796125893,passed,21,P-15GPa_frame00001634_U0.171015.poscar,False,,,,,,,,0.9999855083
npt_pressure,15,,P-15GPa,Ta-potential/04-npt-round-2/md/P-15GPa/multi_nnap_md.xyz,1684,0.1787059218,19.460688045249846,5.228918735,5.155802378,4.343082795,16,2.402429112806259,passed,22,P-15GPa_frame00001684_U0.178706.poscar,False,,,,,,,,0.9999670158
npt_pressure,15,,P-15GPa,Ta-potential/04-npt-round-2/md/P-15GPa/multi_nnap_md.xyz,1734,0.2658834779,18.210676215608917,9.244299495,9.398956937,20.69541633,16,2.143689995968864,passed,23,P-15GPa_frame00001734_U0.265883.poscar,True,49,cur-fill,0.02121080944,000049.poscar,0.000106652233,1.694291777e-05,0.997244162,0.9999747626
npt_pressure,15,,P-15GPa,Ta-potential/04-npt-round-2/md/P-15GPa/multi_nnap_md.xyz,1784,0.254129252,18.250125410354205,7.293262656,7.228825208,21.16444559,16,2.1968812520316483,passed,24,P-15GPa_frame00001784_U0.254129.poscar,False,,,,,,,,0.9999814374
npt_pressure,15,,P-15GPa,Ta-potential/04-npt-round-2/md/P-15GPa/multi_nnap_md.xyz,1838,0.192428807,18.31801980601101,6.680068505,6.751026882,10.8806564,16,2.2290306862669476,passed,25,P-15GPa_frame00001838_U0.192429.poscar,False,,,,,,,,0.9999854107
npt_pressure,15,,P-15GPa,Ta-potential/04-npt-round-2/md/P-15GPa/multi_nnap_md.xyz,1888,0.1801701352,19.538323416037418,4.447967392,4.250757402,6.589432001,16,2.34837370606535,passed,26,P-15GPa_frame00001888_U0.180170.poscar,False,,,,,,,,0.9999922939
npt_pressure,15,,P-15GPa,Ta-potential/04-npt-round-2/md/P-15GPa/multi_nnap_md.xyz,1938,0.8212744669,18.15647668318679,6.117298294,5.907320274,28.26465188,16,1.9987677674897306,passed,27,P-15GPa_frame00001938_U0.821274.poscar,True,2,cur-fill,0.01244282305,000002.poscar,0.358992338,0.04263955664,0.6362668601,0.9997206507
npt_pressure,15,,P-15GPa,Ta-potential/04-npt-round-2/md/P-15GPa/multi_nnap_md.xyz,1988,0.2138990735,19.18139296496744,6.683715657,6.718731261,18.39878764,16,2.371443281063713,passed,28,P-15GPa_frame00001988_U0.213899.poscar,False,,,,,,,,0.9999695861
npt_pressure,15,,P-15GPa,Ta-potential/04-npt-round-2/md/P-15GPa/multi_nnap_md.xyz,2039,0.2060894294,18.80137594019433,7.697999617,7.625834497,5.30574433,16,2.1529243326179497,passed,29,P-15GPa_frame00002039_U0.206089.poscar,False,,,,,,,,0.9999794993
npt_pressure,15,,P-15GPa,Ta-potential/04-npt-round-2/md/P-15GPa/multi_nnap_md.xyz,2105,0.168000669,17.05655070121981,6.097207778,6.044654699,25.26809909,16,2.177089252179196,passed,30,P-15GPa_frame00002105_U0.168001.poscar,False,,,,,,,,0.9999926345
npt_pressure,15,,P-15GPa,Ta-potential/04-npt-round-2/md/P-15GPa/multi_nnap_md.xyz,2155,0.2284419341,18.1772304656134,7.997444203,7.998680167,18.26924599,16,2.2344224711673273,passed,31,P-15GPa_frame00002155_U0.228442.poscar,False,,,,,,,,0.999981439
npt_pressure,15,,P-15GPa,Ta-potential/04-npt-round-2/md/P-15GPa/multi_nnap_md.xyz,2205,0.2443955701,20.0545987050293,5.770559703,5.906431942,7.591352721,16,2.1628275838091278,passed,32,P-15GPa_frame00002205_U0.244396.poscar,True,54,cur-fill,0.02172577015,000054.poscar,5.74814128e-05,1.006637703e-05,0.9976496223,0.9999720445
npt_pressure,15,,P-15GPa,Ta-potential/04-npt-round-2/md/P-15GPa/multi_nnap_md.xyz,2255,0.2084352115,16.918251070519787,6.836537352,6.9424935,34.24793974,16,2.2060234625071695,passed,33,P-15GPa_frame00002255_U0.208435.poscar,False,,,,,,,,0.9999883568
npt_pressure,15,,P-15GPa,Ta-potential/04-npt-round-2/md/P-15GPa/multi_nnap_md.xyz,2309,0.1934926552,17.157775499003503,6.516293961,6.417791573,28.9485343,16,2.256363501813853,passed,34,P-15GPa_frame00002309_U0.193493.poscar,False,,,,,,,,0.9999856411
npt_pressure,15,,P-15GPa,Ta-potential/04-npt-round-2/md/P-15GPa/multi_nnap_md.xyz,2368,0.1713751651,17.467888190257323,6.662166913,6.472733541,21.43566649,16,2.2312689680459483,passed,35,P-15GPa_frame00002368_U0.171375.poscar,False,,,,,,,,0.9999778242
npt_pressure,15,,P-15GPa,Ta-potential/04-npt-round-2/md/P-15GPa/multi_nnap_md.xyz,2424,0.1727054397,17.691287914747583,5.203636013,5.071551123,24.15694508,16,2.354377887674127,passed,36,P-15GPa_frame00002424_U0.172705.poscar,False,,,,,,,,0.9999625363
npt_pressure,15,,P-15GPa,Ta-potential/04-npt-round-2/md/P-15GPa/multi_nnap_md.xyz,2474,0.1695274137,17.989561990127722,6.489972338,6.48712502,21.29706842,16,2.2673927188434093,passed,37,P-15GPa_frame00002474_U0.169527.poscar,False,,,,,,,,0.9999799729
npt_pressure,15,,P-15GPa,Ta-potential/04-npt-round-2/md/P-15GPa/multi_nnap_md.xyz,2525,0.1801030908,19.151806402402393,4.62232225,4.798473311,9.275684673,16,2.35423816162647,passed,38,P-15GPa_frame00002525_U0.180103.poscar,True,60,cur-fill,0.01702930321,000060.poscar,2.630931662e-05,3.928194472e-06,0.9970880628,0.9999922448
npt_pressure,15,,P-15GPa,Ta-potential/04-npt-round-2/md/P-15GPa/multi_nnap_md.xyz,2587,0.1990200209,17.674010578028646,7.295267682,7.391965259,21.74743381,16,2.147423953172736,passed,39,P-15GPa_frame00002587_U0.199020.poscar,False,,,,,,,,0.9999909718
npt_pressure,15,,P-15GPa,Ta-potential/04-npt-round-2/md/P-15GPa/multi_nnap_md.xyz,2639,0.1780778271,17.768578235816506,6.944054787,6.913680942,21.45317893,16,2.2565491490462946,passed,40,P-15GPa_frame00002639_U0.178078.poscar,False,,,,,,,,0.9999834632
npt_pressure,15,,P-15GPa,Ta-potential/04-npt-round-2/md/P-15GPa/multi_nnap_md.xyz,2714,0.169493465,17.36966160279241,5.860833808,5.774535798,25.21908892,16,2.3192933267346088,passed,41,P-15GPa_frame00002714_U0.169493.poscar,False,,,,,,,,0.9999711905
npt_pressure,15,,P-15GPa,Ta-potential/04-npt-round-2/md/P-15GPa/multi_nnap_md.xyz,2769,0.2096512394,17.36096088434953,7.78023588,7.879668998,24.45942196,16,2.052852338533182,passed,42,P-15GPa_frame00002769_U0.209651.poscar,False,,,,,,,,0.9999934315
npt_pressure,15,,P-15GPa,Ta-potential/04-npt-round-2/md/P-15GPa/multi_nnap_md.xyz,2822,0.2268834064,17.194053304533046,6.976124002,7.299930976,25.47580919,16,2.349577652803481,passed,43,P-15GPa_frame00002822_U0.226883.poscar,False,,,,,,,,0.9999823747
npt_pressure,15,,P-15GPa,Ta-potential/04-npt-round-2/md/P-15GPa/multi_nnap_md.xyz,2881,0.1781937135,17.291968321016554,6.692199585,6.714121016,23.79208529,16,2.311330675382873,passed,44,P-15GPa_frame00002881_U0.178194.poscar,False,,,,,,,,0.9999862433
npt_pressure,15,,P-15GPa,Ta-potential/04-npt-round-2/md/P-15GPa/multi_nnap_md.xyz,2935,0.1724764882,18.492098025660763,6.383351682,6.497319001,13.40934678,16,2.34827791865752,passed,45,P-15GPa_frame00002935_U0.172476.poscar,False,,,,,,,,0.9999695276
npt_pressure,15,,P-15GPa,Ta-potential/04-npt-round-2/md/P-15GPa/multi_nnap_md.xyz,2985,0.3217736842,18.89732947373891,6.358217209,5.820413789,16.16762957,16,2.1335847387652023,passed,46,P-15GPa_frame00002985_U0.321774.poscar,False,,,,,,,,0.9999714823
npt_pressure,15,,P-15GPa,Ta-potential/04-npt-round-2/md/P-15GPa/multi_nnap_md.xyz,3047,0.1934349863,18.542739858381033,5.467195251,5.545745757,13.41883177,16,2.28846920934572,passed,47,P-15GPa_frame00003047_U0.193435.poscar,False,,,,,,,,0.9999776203
npt_pressure,15,,P-15GPa,Ta-potential/04-npt-round-2/md/P-15GPa/multi_nnap_md.xyz,3098,0.1799934031,17.948318197381695,6.527577457,6.319057695,16.55557002,16,2.3095249894230157,passed,48,P-15GPa_frame00003098_U0.179993.poscar,False,,,,,,,,0.9999657105
npt_pressure,15,,P-15GPa,Ta-potential/04-npt-round-2/md/P-15GPa/multi_nnap_md.xyz,3148,0.2213169962,19.025823732132356,7.29004523,7.534194201,16.26870216,16,2.1933404042468183,passed,49,P-15GPa_frame00003148_U0.221317.poscar,True,83,cur-fill,0.01070961346,000083.poscar,5.287791644e-06,6.566414084e-07,0.9971012991,0.9999812526
npt_pressure,15,,P-15GPa,Ta-potential/04-npt-round-2/md/P-15GPa/multi_nnap_md.xyz,3198,0.1757545977,18.075923877395358,6.821109894,6.86668629,20.2848136,16,2.227988922774807,passed,50,P-15GPa_frame00003198_U0.175755.poscar,False,,,,,,,,0.9999914155
npt_pressure,15,,P-15GPa,Ta-potential/04-npt-round-2/md/P-15GPa/multi_nnap_md.xyz,3258,0.1741935756,17.934743074367177,7.133873193,7.086405882,18.12598568,16,2.2967548507512956,passed,51,P-15GPa_frame00003258_U0.174194.poscar,False,,,,,,,,0.9999915812
npt_pressure,15,,P-15GPa,Ta-potential/04-npt-round-2/md/P-15GPa/multi_nnap_md.xyz,3308,0.2235575432,18.343641448042785,7.160496518,7.031380359,15.20437787,16,2.146818688483969,passed,52,P-15GPa_frame00003308_U0.223558.poscar,True,25,cur-fill,0.02896163304,000025.poscar,0.001579767488,0.0003498122593,0.9930012021,0.9999860951
npt_pressure,15,,P-15GPa,Ta-potential/04-npt-round-2/md/P-15GPa/multi_nnap_md.xyz,3367,0.1675165239,17.485471864759702,5.496048434,5.489070367,23.59689967,16,2.3489754732049213,passed,53,P-15GPa_frame00003367_U0.167517.poscar,False,,,,,,,,0.9999872057
npt_pressure,15,,P-15GPa,Ta-potential/04-npt-round-2/md/P-15GPa/multi_nnap_md.xyz,3423,0.1841390989,17.327572577251413,5.708495377,5.726451082,28.81791507,16,2.3545331272481986,passed,54,P-15GPa_frame00003423_U0.184139.poscar,False,,,,,,,,0.9999609871
npt_pressure,15,,P-15GPa,Ta-potential/04-npt-round-2/md/P-15GPa/multi_nnap_md.xyz,3477,0.280528818,18.269148247072938,6.188816978,6.050963585,17.27360179,16,2.0978953736776944,passed,55,P-15GPa_frame00003477_U0.280529.poscar,True,59,cur-fill,0.01789356182,000059.poscar,2.883825367e-05,5.433165977e-06,0.9954504886,0.9999767718
npt_pressure,15,,P-15GPa,Ta-potential/04-npt-round-2/md/P-15GPa/multi_nnap_md.xyz,3528,0.1712317488,19.421784905884632,4.528693101,4.501059452,9.200137043,16,2.3472957152782277,passed,56,P-15GPa_frame00003528_U0.171232.poscar,False,,,,,,,,0.9999826418
npt_pressure,15,,P-15GPa,Ta-potential/04-npt-round-2/md/P-15GPa/multi_nnap_md.xyz,3578,0.3074619015,18.01664337906937,5.02037243,4.955368456,30.85129237,16,2.2239567459895486,passed,57,P-15GPa_frame00003578_U0.307462.poscar,True,13,cur-fill,0.03035193535,000013.poscar,0.007289888377,0.002131527059,0.9870435666,0.9998566135
npt_pressure,15,,P-15GPa,Ta-potential/04-npt-round-2/md/P-15GPa/multi_nnap_md.xyz,3634,0.2038987847,16.99480026517482,5.584033276,5.605824434,27.50806415,16,2.164591763180283,passed,58,P-15GPa_frame00003634_U0.203899.poscar,False,,,,,,,,0.999995612
npt_pressure,15,,P-15GPa,Ta-potential/04-npt-round-2/md/P-15GPa/multi_nnap_md.xyz,3688,0.1662947043,18.856746529485513,6.780569166,6.678249422,12.18090193,16,2.3828454691682937,passed,59,P-15GPa_frame00003688_U0.166295.poscar,False,,,,,,,,0.999980432
npt_pressure,15,,P-15GPa,Ta-potential/04-npt-round-2/md/P-15GPa/multi_nnap_md.xyz,3744,0.1846045445,19.29171126196971,5.679644058,5.538418211,11.31203615,16,2.4414595557439425,passed,60,P-15GPa_frame00003744_U0.184605.poscar,True,47,cur-fill,0.01897045929,000047.poscar,0.0001466864873,2.421092087e-05,0.9950267679,0.9999823111
npt_pressure,15,,P-15GPa,Ta-potential/04-npt-round-2/md/P-15GPa/multi_nnap_md.xyz,3794,0.1657105716,18.747324937834847,5.383806752,5.433333579,9.862037815,16,2.3953924127682256,passed,61,P-15GPa_frame00003794_U0.165711.poscar,False,,,,,,,,0.9999830147
npt_pressure,15,,P-15GPa,Ta-potential/04-npt-round-2/md/P-15GPa/multi_nnap_md.xyz,3857,0.1710245957,17.917144024878034,6.603919002,6.714785815,20.13900312,16,2.313056284664521,passed,62,P-15GPa_frame00003857_U0.171025.poscar,False,,,,,,,,0.999986536
npt_pressure,15,,P-15GPa,Ta-potential/04-npt-round-2/md/P-15GPa/multi_nnap_md.xyz,3907,0.1658551331,18.998584290687575,5.034660928,4.951305561,8.410101618,16,2.393225110818173,passed,63,P-15GPa_frame00003907_U0.165855.poscar,False,,,,,,,,0.9999806947
npt_pressure,15,,P-15GPa,Ta-potential/04-npt-round-2/md/P-15GPa/multi_nnap_md.xyz,3968,0.1826331523,17.982367854429825,5.851051277,5.885337628,18.56120546,16,2.2052789600140725,passed,64,P-15GPa_frame00003968_U0.182633.poscar,False,,,,,,,,0.9999872296
npt_pressure,15,,P-15GPa,Ta-potential/04-npt-round-2/md/P-15GPa/multi_nnap_md.xyz,4021,0.1840362458,18.32075445499035,6.45578709,6.450172357,14.68705642,16,2.231655638179292,passed,65,P-15GPa_frame00004021_U0.184036.poscar,False,,,,,,,,0.999991724
npt_pressure,15,,P-15GPa,Ta-potential/04-npt-round-2/md/P-15GPa/multi_nnap_md.xyz,4077,0.1829119849,18.29394187021966,5.848023412,5.916989369,11.80695226,16,2.297684413964392,passed,66,P-15GPa_frame00004077_U0.182912.poscar,False,,,,,,,,0.9999873236
npt_pressure,15,,P-15GPa,Ta-potential/04-npt-round-2/md/P-15GPa/multi_nnap_md.xyz,4140,0.1672526631,17.869680257843523,7.147716185,7.041545365,20.65751157,16,2.3862189302276704,passed,67,P-15GPa_frame00004140_U0.167253.poscar,False,,,,,,,,0.9999923961
npt_pressure,15,,P-15GPa,Ta-potential/04-npt-round-2/md/P-15GPa/multi_nnap_md.xyz,4190,0.2288960938,18.75475545632083,6.649586881,6.64903681,10.69532022,16,2.2595085415250296,passed,68,P-15GPa_frame00004190_U0.228896.poscar,False,,,,,,,,0.9999709172
npt_pressure,15,,P-15GPa,Ta-potential/04-npt-round-2/md/P-15GPa/multi_nnap_md.xyz,4240,0.2719631739,18.60678330688905,7.201958056,6.926890784,15.05264158,16,2.0748068363091043,passed,69,P-15GPa_frame00004240_U0.271963.poscar,True,77,cur-fill,0.01333020677,000077.poscar,5.287791644e-06,7.103035569e-07,0.998812361,0.999979792
npt_pressure,15,,P-15GPa,Ta-potential/04-npt-round-2/md/P-15GPa/multi_nnap_md.xyz,4290,0.1910885736,18.49185273191909,6.005511512,6.149462409,17.39432347,16,2.284877619040736,passed,70,P-15GPa_frame00004290_U0.191089.poscar,False,,,,,,,,0.9999967797
npt_pressure,15,,P-15GPa,Ta-potential/04-npt-round-2/md/P-15GPa/multi_nnap_md.xyz,4354,0.2132833771,18.19861543699068,6.506740928,6.458679513,17.34263842,16,2.2252031268394097,passed,71,P-15GPa_frame00004354_U0.213283.poscar,False,,,,,,,,0.9999922938
npt_pressure,15,,P-15GPa,Ta-potential/04-npt-round-2/md/P-15GPa/multi_nnap_md.xyz,4405,0.1744609415,18.076864789829525,7.322552416,7.332314616,14.49461403,16,2.144460789377784,passed,72,P-15GPa_frame00004405_U0.174461.poscar,False,,,,,,,,0.9999862592
npt_pressure,15,,P-15GPa,Ta-potential/04-npt-round-2/md/P-15GPa/multi_nnap_md.xyz,4456,0.1698163702,17.920326086165563,6.330407746,6.421749279,18.85395248,16,2.27095134483273,passed,73,P-15GPa_frame00004456_U0.169816.poscar,True,64,cur-fill,0.01645793828,000064.poscar,1.567668745e-05,2.218850894e-06,0.9989517713,0.9999928563
npt_pressure,15,,P-15GPa,Ta-potential/04-npt-round-2/md/P-15GPa/multi_nnap_md.xyz,4511,0.1751780902,17.70420612511665,7.252088954,7.32985752,18.5605227,16,2.251840504651022,passed,74,P-15GPa_frame00004511_U0.175178.poscar,False,,,,,,,,0.9999925974
npt_pressure,15,,P-15GPa,Ta-potential/04-npt-round-2/md/P-15GPa/multi_nnap_md.xyz,4567,0.1865833512,17.964345927400192,4.376855139,4.349393241,15.80370036,16,2.3842022614790293,passed,75,P-15GPa_frame00004567_U0.186583.poscar,False,,,,,,,,0.9999829668
npt_pressure,15,,P-15GPa,Ta-potential/04-npt-round-2/md/P-15GPa/multi_nnap_md.xyz,4618,0.2034454416,18.148453749120417,6.678860305,6.596949473,18.85292789,16,2.185225262394754,passed,76,P-15GPa_frame00004618_U0.203445.poscar,False,,,,,,,,0.9999875969
npt_pressure,15,,P-15GPa,Ta-potential/04-npt-round-2/md/P-15GPa/multi_nnap_md.xyz,4672,0.2327559863,19.24580827636713,4.886569557,4.871302059,9.089798006,16,2.2217749373487883,passed,77,P-15GPa_frame00004672_U0.232756.poscar,True,97,cur-fill,0.005232110913,000097.poscar,5.287791644e-06,5.069670896e-07,0.9992561675,0.9999866697
npt_pressure,15,,P-15GPa,Ta-potential/04-npt-round-2/md/P-15GPa/multi_nnap_md.xyz,4727,0.1715210011,19.489115422641532,5.463373143,5.498934659,3.833508953,16,2.378629035060402,passed,78,P-15GPa_frame00004727_U0.171521.poscar,False,,,,,,,,0.9999612991
npt_pressure,15,,P-15GPa,Ta-potential/04-npt-round-2/md/P-15GPa/multi_nnap_md.xyz,4791,0.2055891874,17.419973711456503,6.631036355,6.588291068,27.13375828,16,2.319806466444474,passed,79,P-15GPa_frame00004791_U0.205589.poscar,False,,,,,,,,0.9999883793
npt_pressure,15,,P-15GPa,Ta-potential/04-npt-round-2/md/P-15GPa/multi_nnap_md.xyz,4841,0.1876103493,18.285766354955797,6.427777947,6.317916915,15.267806,16,2.3262157365808407,passed,80,P-15GPa_frame00004841_U0.187610.poscar,False,,,,,,,,0.9999914296
npt_pressure,15,,P-15GPa,Ta-potential/04-npt-round-2/md/P-15GPa/multi_nnap_md.xyz,4902,0.1818124664,17.39060578809669,6.118967922,6.063076288,26.60361484,16,2.2341721922394724,passed,81,P-15GPa_frame00004902_U0.181812.poscar,False,,,,,,,,0.99996971
npt_pressure,15,,P-15GPa,Ta-potential/04-npt-round-2/md/P-15GPa/multi_nnap_md.xyz,4952,0.2704316362,19.7689324526298,6.975866067,7.081760927,6.811596394,16,2.2888510624277054,passed,82,P-15GPa_frame00004952_U0.270432.poscar,True,37,cur-fill,0.03264147996,000037.poscar,0.0004030435115,0.0001031256946,0.9960338021,0.9999849018
npt_pressure,25,,P-25GPa,Ta-potential/04-npt-round-2/md/P-25GPa/multi_nnap_md.xyz,502,0.1950657601,16.938303085293782,6.30125716,6.166563603,33.70714853,16,2.305028181092007,passed,1,P-25GPa_frame00000502_U0.195066.poscar,False,,,,,,,,0.999989925
npt_pressure,25,,P-25GPa,Ta-potential/04-npt-round-2/md/P-25GPa/multi_nnap_md.xyz,552,0.2027488252,17.482958729857323,5.146540754,5.045861014,24.90453339,16,2.215866252233724,passed,2,P-25GPa_frame00000552_U0.202749.poscar,True,58,cur-fill,0.01434726378,000058.poscar,3.242128458e-05,5.322060903e-06,0.9958282244,0.9999883868
npt_pressure,25,,P-25GPa,Ta-potential/04-npt-round-2/md/P-25GPa/multi_nnap_md.xyz,609,0.1659738695,17.00325085023783,4.745980954,4.821985915,31.32280162,16,2.3174720533287227,passed,3,P-25GPa_frame00000609_U0.165974.poscar,False,,,,,,,,0.9999708573
npt_pressure,25,,P-25GPa,Ta-potential/04-npt-round-2/md/P-25GPa/multi_nnap_md.xyz,668,0.187331868,17.40905452027335,6.803514205,6.758025448,22.56144967,16,2.1497691192158355,passed,4,P-25GPa_frame00000668_U0.187332.poscar,True,46,cur-fill,0.01848900553,000046.poscar,0.0001745712411,2.770525881e-05,0.9975251858,0.9999824624
npt_pressure,25,,P-25GPa,Ta-potential/04-npt-round-2/md/P-25GPa/multi_nnap_md.xyz,718,0.1652306555,17.324863428799254,6.113301522,6.209335941,27.89988242,16,2.3542394526299777,passed,5,P-25GPa_frame00000718_U0.165231.poscar,False,,,,,,,,0.9999835911
npt_pressure,25,,P-25GPa,Ta-potential/04-npt-round-2/md/P-25GPa/multi_nnap_md.xyz,787,0.1818771854,17.41152034487893,8.391703277,8.278453828,23.20327033,16,2.28441710387054,passed,6,P-25GPa_frame00000787_U0.181877.poscar,False,,,,,,,,0.9999798069
npt_pressure,25,,P-25GPa,Ta-potential/04-npt-round-2/md/P-25GPa/multi_nnap_md.xyz,838,0.1744446319,17.364469608916654,7.198171673,7.129579218,20.20465477,16,2.2748383541078567,passed,7,P-25GPa_frame00000838_U0.174445.poscar,False,,,,,,,,0.999977259
npt_pressure,25,,P-25GPa,Ta-potential/04-npt-round-2/md/P-25GPa/multi_nnap_md.xyz,892,0.1799020994,17.479948389590497,4.493218071,4.528682214,22.95302285,16,2.3816088425473585,passed,8,P-25GPa_frame00000892_U0.179902.poscar,False,,,,,,,,0.9999827047
npt_pressure,25,,P-25GPa,Ta-potential/04-npt-round-2/md/P-25GPa/multi_nnap_md.xyz,947,0.1671642083,17.630696938354436,8.288846679,8.369864179,25.02862772,16,2.3503067393489068,passed,9,P-25GPa_frame00000947_U0.167164.poscar,False,,,,,,,,0.9999756381
npt_pressure,25,,P-25GPa,Ta-potential/04-npt-round-2/md/P-25GPa/multi_nnap_md.xyz,998,0.1737389068,17.645633937961563,7.859628851,7.926818912,24.47011861,16,2.254656068950048,passed,10,P-25GPa_frame00000998_U0.173739.poscar,True,51,cur-fill,0.03036267835,000051.poscar,7.97338718e-05,1.558313892e-05,0.9985741362,0.9999856638
npt_pressure,25,,P-25GPa,Ta-potential/04-npt-round-2/md/P-25GPa/multi_nnap_md.xyz,1048,0.1848613116,17.516239719573193,7.940450157,7.854244587,27.9129479,16,2.2734558970048506,passed,11,P-25GPa_frame00001048_U0.184861.poscar,False,,,,,,,,0.9999664082
npt_pressure,25,,P-25GPa,Ta-potential/04-npt-round-2/md/P-25GPa/multi_nnap_md.xyz,1105,0.1691797846,16.845963673107637,6.860318377,6.883161157,37.06670038,16,2.3674865007816464,passed,12,P-25GPa_frame00001105_U0.169180.poscar,False,,,,,,,,0.9999913715
npt_pressure,25,,P-25GPa,Ta-potential/04-npt-round-2/md/P-25GPa/multi_nnap_md.xyz,1155,0.3061029703,17.12807680868718,7.851185684,7.922602645,31.25185881,16,2.091558175622113,passed,13,P-25GPa_frame00001155_U0.306103.poscar,False,,,,,,,,0.9999402159
npt_pressure,25,,P-25GPa,Ta-potential/04-npt-round-2/md/P-25GPa/multi_nnap_md.xyz,1212,0.1757576634,16.967947295092614,6.228017891,6.232870462,31.44055767,16,2.357249083014205,passed,14,P-25GPa_frame00001212_U0.175758.poscar,False,,,,,,,,0.9999839232
npt_pressure,25,,P-25GPa,Ta-potential/04-npt-round-2/md/P-25GPa/multi_nnap_md.xyz,1266,0.2120247257,17.28833324212495,7.871774745,7.803149654,23.88757518,16,2.109043252120069,passed,15,P-25GPa_frame00001266_U0.212025.poscar,False,,,,,,,,0.9999865063
npt_pressure,25,,P-25GPa,Ta-potential/04-npt-round-2/md/P-25GPa/multi_nnap_md.xyz,1323,0.1717787342,17.2072868983575,6.152038394,6.112911236,28.61534095,16,2.3452269037795794,passed,16,P-25GPa_frame00001323_U0.171779.poscar,False,,,,,,,,0.9999874734
npt_pressure,25,,P-25GPa,Ta-potential/04-npt-round-2/md/P-25GPa/multi_nnap_md.xyz,1373,0.1710041232,16.69976092543002,6.440446768,6.481185715,32.63986515,16,2.2267009276962493,passed,17,P-25GPa_frame00001373_U0.171004.poscar,False,,,,,,,,0.9999809659
npt_pressure,25,,P-25GPa,Ta-potential/04-npt-round-2/md/P-25GPa/multi_nnap_md.xyz,1423,0.173645747,16.791424208895826,7.694082301,7.694988786,30.44840017,16,2.0830799535714024,passed,18,P-25GPa_frame00001423_U0.173646.poscar,False,,,,,,,,0.9999887641
npt_pressure,25,,P-25GPa,Ta-potential/04-npt-round-2/md/P-25GPa/multi_nnap_md.xyz,1492,0.1694365251,16.785662081765686,5.811556702,5.812720648,32.32970514,16,2.343496568811775,passed,19,P-25GPa_frame00001492_U0.169437.poscar,False,,,,,,,,0.9999867754
npt_pressure,25,,P-25GPa,Ta-potential/04-npt-round-2/md/P-25GPa/multi_nnap_md.xyz,1542,0.1790709716,17.307195189824224,3.970902958,3.96092723,25.14770173,16,2.3833114080811137,passed,20,P-25GPa_frame00001542_U0.179071.poscar,False,,,,,,,,0.9999700156
npt_pressure,25,,P-25GPa,Ta-potential/04-npt-round-2/md/P-25GPa/multi_nnap_md.xyz,1606,0.1715903141,17.30197916350634,6.546979115,6.469865882,27.35617316,16,2.2571372809762145,passed,21,P-25GPa_frame00001606_U0.171590.poscar,False,,,,,,,,0.9999639538
npt_pressure,25,,P-25GPa,Ta-potential/04-npt-round-2/md/P-25GPa/multi_nnap_md.xyz,1661,0.1775851013,17.319575658445405,5.783747063,5.743905222,27.40670704,16,2.333431072664752,passed,22,P-25GPa_frame00001661_U0.177585.poscar,False,,,,,,,,0.9999811758
npt_pressure,25,,P-25GPa,Ta-potential/04-npt-round-2/md/P-25GPa/multi_nnap_md.xyz,1711,0.1794140676,16.968465694980736,5.473683812,5.408039595,32.28761489,16,2.419764225911282,passed,23,P-25GPa_frame00001711_U0.179414.poscar,True,82,cur-fill,0.01072203041,000082.poscar,5.287791644e-06,6.336561221e-07,0.9977765725,0.9999852389
npt_pressure,25,,P-25GPa,Ta-potential/04-npt-round-2/md/P-25GPa/multi_nnap_md.xyz,1762,0.208113161,16.826359186602016,6.939232315,7.039813454,36.48772034,16,2.274718432163702,passed,24,P-25GPa_frame00001762_U0.208113.poscar,False,,,,,,,,0.999993415
npt_pressure,25,,P-25GPa,Ta-potential/04-npt-round-2/md/P-25GPa/multi_nnap_md.xyz,1813,0.1662222062,17.37628999129315,5.32386421,5.359893414,25.37488985,16,2.3117410920881856,passed,25,P-25GPa_frame00001813_U0.166222.poscar,False,,,,,,,,0.9999673209
npt_pressure,25,,P-25GPa,Ta-potential/04-npt-round-2/md/P-25GPa/multi_nnap_md.xyz,1869,0.1965754308,17.07818680267883,6.387230914,6.487658788,28.64341583,16,2.2412625698894497,passed,26,P-25GPa_frame00001869_U0.196575.poscar,False,,,,,,,,0.9999735864
npt_pressure,25,,P-25GPa,Ta-potential/04-npt-round-2/md/P-25GPa/multi_nnap_md.xyz,1921,0.1757209943,17.235910470503303,6.043958394,6.088497756,25.95397055,16,2.4009746845764073,passed,27,P-25GPa_frame00001921_U0.175721.poscar,False,,,,,,,,0.99999458
npt_pressure,25,,P-25GPa,Ta-potential/04-npt-round-2/md/P-25GPa/multi_nnap_md.xyz,1972,0.1912005712,17.578450114755206,6.651647382,6.514849416,23.06999931,16,2.173460798351839,passed,28,P-25GPa_frame00001972_U0.191201.poscar,False,,,,,,,,0.9999930433
npt_pressure,25,,P-25GPa,Ta-potential/04-npt-round-2/md/P-25GPa/multi_nnap_md.xyz,2022,0.1930987892,18.28626857723187,6.775564255,6.773916635,16.42115582,16,2.242418472054444,passed,29,P-25GPa_frame00002022_U0.193099.poscar,False,,,,,,,,0.9999871783
npt_pressure,25,,P-25GPa,Ta-potential/04-npt-round-2/md/P-25GPa/multi_nnap_md.xyz,2074,0.1888350413,17.869216732400687,7.16717054,7.393682777,19.75862485,16,2.1989441007429162,passed,30,P-25GPa_frame00002074_U0.188835.poscar,False,,,,,,,,0.9999869299
npt_pressure,25,,P-25GPa,Ta-potential/04-npt-round-2/md/P-25GPa/multi_nnap_md.xyz,2133,0.168366089,17.32825943268648,6.290729734,6.204569428,24.19255223,16,2.3195466066650776,passed,31,P-25GPa_frame00002133_U0.168366.poscar,False,,,,,,,,0.9999961304
npt_pressure,25,,P-25GPa,Ta-potential/04-npt-round-2/md/P-25GPa/multi_nnap_md.xyz,2183,0.1889692293,17.608350603739154,7.428670196,7.377674345,19.80503374,16,2.2659903366217033,passed,32,P-25GPa_frame00002183_U0.188969.poscar,False,,,,,,,,0.9999923095
npt_pressure,25,,P-25GPa,Ta-potential/04-npt-round-2/md/P-25GPa/multi_nnap_md.xyz,2235,0.1717391266,18.00769191115562,5.925962641,5.945149741,20.9705754,16,2.265104732809512,passed,33,P-25GPa_frame00002235_U0.171739.poscar,False,,,,,,,,0.9999931195
npt_pressure,25,,P-25GPa,Ta-potential/04-npt-round-2/md/P-25GPa/multi_nnap_md.xyz,2285,0.2330802639,16.908140699223967,7.414437075,7.300991019,35.72668385,16,2.105924472722974,passed,34,P-25GPa_frame00002285_U0.233080.poscar,False,,,,,,,,0.999975582
npt_pressure,25,,P-25GPa,Ta-potential/04-npt-round-2/md/P-25GPa/multi_nnap_md.xyz,2335,0.3341942161,16.963728398977917,6.779349586,6.732418006,37.1916574,16,2.0333764710625517,passed,35,P-25GPa_frame00002335_U0.334194.poscar,True,26,cur-fill,0.02492930737,000026.poscar,0.001349609608,0.0002516764821,0.9832560195,0.9999846187
npt_pressure,25,,P-25GPa,Ta-potential/04-npt-round-2/md/P-25GPa/multi_nnap_md.xyz,2385,0.182022345,17.33259331889406,7.164729686,7.364505877,28.4567828,16,2.197163132281806,passed,36,P-25GPa_frame00002385_U0.182022.poscar,False,,,,,,,,0.9999812978
npt_pressure,25,,P-25GPa,Ta-potential/04-npt-round-2/md/P-25GPa/multi_nnap_md.xyz,2435,0.1735802354,17.44359193792642,6.670562589,6.595279595,22.54503329,16,2.172626910983437,passed,37,P-25GPa_frame00002435_U0.173580.poscar,False,,,,,,,,0.9999865932
npt_pressure,25,,P-25GPa,Ta-potential/04-npt-round-2/md/P-25GPa/multi_nnap_md.xyz,2490,0.1797088278,16.686955494830492,6.510462794,6.485650518,35.95408044,16,2.349603165478055,passed,38,P-25GPa_frame00002490_U0.179709.poscar,False,,,,,,,,0.9999868808
npt_pressure,25,,P-25GPa,Ta-potential/04-npt-round-2/md/P-25GPa/multi_nnap_md.xyz,2540,0.1803020306,17.219083458611774,6.464195459,6.210165143,28.49082859,16,2.3253778001924363,passed,39,P-25GPa_frame00002540_U0.180302.poscar,False,,,,,,,,0.9999815123
npt_pressure,25,,P-25GPa,Ta-potential/04-npt-round-2/md/P-25GPa/multi_nnap_md.xyz,2590,0.1790438285,17.444049143726428,5.638283331,5.679127387,26.63423547,16,2.245206373353596,passed,40,P-25GPa_frame00002590_U0.179044.poscar,False,,,,,,,,0.9999746688
npt_pressure,25,,P-25GPa,Ta-potential/04-npt-round-2/md/P-25GPa/multi_nnap_md.xyz,2640,0.1985426998,17.953545240916704,7.266264139,7.359251307,18.78192747,16,2.1863500456135907,passed,41,P-25GPa_frame00002640_U0.198543.poscar,True,81,cur-fill,0.01094194034,000081.poscar,5.287791644e-06,6.537877348e-07,0.9981453308,0.9999782567
npt_pressure,25,,P-25GPa,Ta-potential/04-npt-round-2/md/P-25GPa/multi_nnap_md.xyz,2695,0.165331338,18.10994182835299,5.965336068,6.005884433,18.06331535,16,2.3631426103239352,passed,42,P-25GPa_frame00002695_U0.165331.poscar,False,,,,,,,,0.9999837302
npt_pressure,25,,P-25GPa,Ta-potential/04-npt-round-2/md/P-25GPa/multi_nnap_md.xyz,2747,0.1690100688,18.4778745143017,6.589464374,6.538659261,12.33156843,16,2.3323345270373737,passed,43,P-25GPa_frame00002747_U0.169010.poscar,False,,,,,,,,0.9999582169
npt_pressure,25,,P-25GPa,Ta-potential/04-npt-round-2/md/P-25GPa/multi_nnap_md.xyz,2806,0.1654169808,16.982896366683836,4.773566383,4.762377764,33.74995373,16,2.383045415596999,passed,44,P-25GPa_frame00002806_U0.165417.poscar,False,,,,,,,,0.9999892656
npt_pressure,25,,P-25GPa,Ta-potential/04-npt-round-2/md/P-25GPa/multi_nnap_md.xyz,2857,0.1888738035,17.12242854571219,6.296460964,6.311029726,29.77054026,16,2.268872139837244,passed,45,P-25GPa_frame00002857_U0.188874.poscar,False,,,,,,,,0.9999944485
npt_pressure,25,,P-25GPa,Ta-potential/04-npt-round-2/md/P-25GPa/multi_nnap_md.xyz,2907,0.2889640655,17.978488003563545,8.075961352,7.922145935,21.83629774,16,2.1507755489727662,passed,46,P-25GPa_frame00002907_U0.288964.poscar,False,,,,,,,,0.9999700883
npt_pressure,25,,P-25GPa,Ta-potential/04-npt-round-2/md/P-25GPa/multi_nnap_md.xyz,2957,0.3878355722,17.766179293497665,9.465934006,9.971766917,24.68456269,16,2.176779562724723,passed,47,P-25GPa_frame00002957_U0.387836.poscar,True,71,cur-fill,0.03413570444,000071.poscar,6.378326899e-06,1.240444262e-06,0.9974074641,0.999969496
npt_pressure,25,,P-25GPa,Ta-potential/04-npt-round-2/md/P-25GPa/multi_nnap_md.xyz,3007,0.1791477475,16.479338364858545,7.29466069,7.325472774,39.76964939,16,2.264760999061864,passed,48,P-25GPa_frame00003007_U0.179148.poscar,False,,,,,,,,0.999982265
npt_pressure,25,,P-25GPa,Ta-potential/04-npt-round-2/md/P-25GPa/multi_nnap_md.xyz,3067,0.1662853864,17.643713711552564,6.857340135,6.792512775,22.79239948,16,2.3544257471231544,passed,49,P-25GPa_frame00003067_U0.166285.poscar,False,,,,,,,,0.9999741129
npt_pressure,25,,P-25GPa,Ta-potential/04-npt-round-2/md/P-25GPa/multi_nnap_md.xyz,3125,0.1764484114,17.73499662073356,6.620308086,6.600360742,18.06155713,16,2.1642264663913577,passed,50,P-25GPa_frame00003125_U0.176448.poscar,False,,,,,,,,0.9999810996
npt_pressure,25,,P-25GPa,Ta-potential/04-npt-round-2/md/P-25GPa/multi_nnap_md.xyz,3196,0.2332261016,18.225098632867688,8.257769612,8.326854935,15.42721938,16,2.2117149275565993,passed,51,P-25GPa_frame00003196_U0.233226.poscar,False,,,,,,,,0.9999926634
npt_pressure,25,,P-25GPa,Ta-potential/04-npt-round-2/md/P-25GPa/multi_nnap_md.xyz,3252,0.1837358721,17.556290709220324,6.569693327,6.63145248,23.82276259,16,2.0759027155763614,passed,52,P-25GPa_frame00003252_U0.183736.poscar,False,,,,,,,,0.9999629554
npt_pressure,25,,P-25GPa,Ta-potential/04-npt-round-2/md/P-25GPa/multi_nnap_md.xyz,3304,0.1722581443,17.300171615486992,7.833599957,8.046055299,24.64300933,16,2.288490523812655,passed,53,P-25GPa_frame00003304_U0.172258.poscar,False,,,,,,,,0.9999907246
npt_pressure,25,,P-25GPa,Ta-potential/04-npt-round-2/md/P-25GPa/multi_nnap_md.xyz,3356,0.174610906,17.169440823277213,6.877717521,6.946189196,25.44047747,16,2.300506191437441,passed,54,P-25GPa_frame00003356_U0.174611.poscar,False,,,,,,,,0.9999799918
npt_pressure,25,,P-25GPa,Ta-potential/04-npt-round-2/md/P-25GPa/multi_nnap_md.xyz,3406,0.1895591878,17.774335867006066,7.122487068,7.328930267,24.63105088,16,2.212174305455969,passed,55,P-25GPa_frame00003406_U0.189559.poscar,False,,,,,,,,0.999944846
npt_pressure,25,,P-25GPa,Ta-potential/04-npt-round-2/md/P-25GPa/multi_nnap_md.xyz,3456,0.1915347424,18.283024564835305,5.396197588,5.265056782,19.93790256,16,2.3418883296765247,passed,56,P-25GPa_frame00003456_U0.191535.poscar,False,,,,,,,,0.9999833851
npt_pressure,25,,P-25GPa,Ta-potential/04-npt-round-2/md/P-25GPa/multi_nnap_md.xyz,3510,0.1805560312,17.833631570962808,5.606310321,5.633868951,19.78331315,16,2.1970671458943754,passed,57,P-25GPa_frame00003510_U0.180556.poscar,False,,,,,,,,0.9999943014
npt_pressure,25,,P-25GPa,Ta-potential/04-npt-round-2/md/P-25GPa/multi_nnap_md.xyz,3566,0.1747578668,17.0496093593377,6.081602038,6.013775697,30.07742936,16,2.3677354784910927,passed,58,P-25GPa_frame00003566_U0.174758.poscar,False,,,,,,,,0.9999900399
npt_pressure,25,,P-25GPa,Ta-potential/04-npt-round-2/md/P-25GPa/multi_nnap_md.xyz,3637,0.1797124424,16.6786933770268,6.264615324,6.461349568,35.16813566,16,2.1797791334211443,passed,59,P-25GPa_frame00003637_U0.179712.poscar,True,94,cur-fill,0.00645061862,000094.poscar,5.287791644e-06,4.485291937e-07,0.9991346323,0.9999957828
npt_pressure,25,,P-25GPa,Ta-potential/04-npt-round-2/md/P-25GPa/multi_nnap_md.xyz,3703,0.1751433269,17.202841045334647,7.345760526,7.365032188,28.28361845,16,2.1726040484550038,passed,60,P-25GPa_frame00003703_U0.175143.poscar,False,,,,,,,,0.9999558648
npt_pressure,25,,P-25GPa,Ta-potential/04-npt-round-2/md/P-25GPa/multi_nnap_md.xyz,3755,0.1817853505,16.89997574194093,8.021617578,8.088589522,29.76973145,16,2.253565891510001,passed,61,P-25GPa_frame00003755_U0.181785.poscar,False,,,,,,,,0.9999877427
npt_pressure,25,,P-25GPa,Ta-potential/04-npt-round-2/md/P-25GPa/multi_nnap_md.xyz,3808,0.2661015709,17.210795350683565,7.771090348,7.874333603,30.1423571,16,2.248528749666452,passed,62,P-25GPa_frame00003808_U0.266102.poscar,False,,,,,,,,0.9999543338
npt_pressure,25,,P-25GPa,Ta-potential/04-npt-round-2/md/P-25GPa/multi_nnap_md.xyz,3861,0.1678895295,16.72550828379755,6.415210679,6.416826398,35.53819524,16,2.3267468783614906,passed,63,P-25GPa_frame00003861_U0.167890.poscar,False,,,,,,,,0.999991308
npt_pressure,25,,P-25GPa,Ta-potential/04-npt-round-2/md/P-25GPa/multi_nnap_md.xyz,3923,0.1748134883,17.374456051518802,6.022034156,6.153644263,21.68868303,16,2.250029391764718,passed,64,P-25GPa_frame00003923_U0.174813.poscar,False,,,,,,,,0.9999969196
npt_pressure,25,,P-25GPa,Ta-potential/04-npt-round-2/md/P-25GPa/multi_nnap_md.xyz,3973,0.1999022807,17.249654527144475,6.3989687,6.384381131,26.11702474,16,2.229934798102418,passed,65,P-25GPa_frame00003973_U0.199902.poscar,False,,,,,,,,0.9999878392
npt_pressure,25,,P-25GPa,Ta-potential/04-npt-round-2/md/P-25GPa/multi_nnap_md.xyz,4023,0.1830165082,16.97353615497558,6.822030543,6.754399452,31.35928358,16,2.337786151725923,passed,66,P-25GPa_frame00004023_U0.183017.poscar,False,,,,,,,,0.999996816
npt_pressure,25,,P-25GPa,Ta-potential/04-npt-round-2/md/P-25GPa/multi_nnap_md.xyz,4074,0.1675330156,17.039032862822534,6.794249921,6.922985676,33.44675546,16,2.295147839604867,passed,67,P-25GPa_frame00004074_U0.167533.poscar,False,,,,,,,,0.9999928432
npt_pressure,25,,P-25GPa,Ta-potential/04-npt-round-2/md/P-25GPa/multi_nnap_md.xyz,4124,0.2131879537,17.334432520709044,7.586496696,7.584835128,30.97028766,16,2.203269200481836,passed,68,P-25GPa_frame00004124_U0.213188.poscar,True,85,cur-fill,0.009316462486,000085.poscar,5.287791644e-06,5.73403755e-07,0.9972082208,0.9999802261
npt_pressure,25,,P-25GPa,Ta-potential/04-npt-round-2/md/P-25GPa/multi_nnap_md.xyz,4176,0.1660777809,17.035484570675656,6.503376578,6.489651499,31.93653941,16,2.2793765923101157,passed,69,P-25GPa_frame00004176_U0.166078.poscar,False,,,,,,,,0.9999927017
npt_pressure,25,,P-25GPa,Ta-potential/04-npt-round-2/md/P-25GPa/multi_nnap_md.xyz,4244,0.1696562334,17.252200222323875,4.773753384,4.808775625,25.44406344,16,2.340274919948861,passed,70,P-25GPa_frame00004244_U0.169656.poscar,False,,,,,,,,0.9999807849
npt_pressure,25,,P-25GPa,Ta-potential/04-npt-round-2/md/P-25GPa/multi_nnap_md.xyz,4296,0.1921612037,17.02292401056038,6.381955553,6.286624358,31.99773757,16,2.3669932910379545,passed,71,P-25GPa_frame00004296_U0.192161.poscar,False,,,,,,,,0.9999854446
npt_pressure,25,,P-25GPa,Ta-potential/04-npt-round-2/md/P-25GPa/multi_nnap_md.xyz,4346,0.3090383365,16.50775077192807,7.554591464,7.510211977,36.65366466,16,2.0454389980349927,passed,72,P-25GPa_frame00004346_U0.309038.poscar,True,93,cur-fill,0.006682631941,000093.poscar,5.287791644e-06,6.545538773e-07,0.9981196303,0.9999957997
npt_pressure,25,,P-25GPa,Ta-potential/04-npt-round-2/md/P-25GPa/multi_nnap_md.xyz,4396,0.1885117243,17.720392870510157,4.968224837,5.016239322,23.16739308,16,2.3200143090207552,passed,73,P-25GPa_frame00004396_U0.188512.poscar,False,,,,,,,,0.9999917108
npt_pressure,25,,P-25GPa,Ta-potential/04-npt-round-2/md/P-25GPa/multi_nnap_md.xyz,4457,0.1789144864,17.514064352981965,6.442637567,6.336402418,24.14293778,16,2.275682968176856,passed,74,P-25GPa_frame00004457_U0.178914.poscar,True,89,cur-fill,0.007321889238,000089.poscar,5.287791644e-06,6.031190562e-07,0.9976915903,0.9999804089
npt_pressure,25,,P-25GPa,Ta-potential/04-npt-round-2/md/P-25GPa/multi_nnap_md.xyz,4507,0.2012320571,16.889129039365343,8.528712589,8.586241766,29.94896328,16,2.0448272778605747,passed,75,P-25GPa_frame00004507_U0.201232.poscar,False,,,,,,,,0.9999897763
npt_pressure,25,,P-25GPa,Ta-potential/04-npt-round-2/md/P-25GPa/multi_nnap_md.xyz,4557,0.1928577906,16.596436003326186,6.324462734,6.261159364,34.36073281,16,2.2077065446730555,passed,76,P-25GPa_frame00004557_U0.192858.poscar,False,,,,,,,,0.9999749065
npt_pressure,25,,P-25GPa,Ta-potential/04-npt-round-2/md/P-25GPa/multi_nnap_md.xyz,4607,0.1831228207,17.9767324122753,6.156747813,6.169376551,15.68465311,16,2.3511501035282163,passed,77,P-25GPa_frame00004607_U0.183123.poscar,False,,,,,,,,0.9999647398
npt_pressure,25,,P-25GPa,Ta-potential/04-npt-round-2/md/P-25GPa/multi_nnap_md.xyz,4661,0.1868427202,17.85276799082121,4.845452536,4.893274906,19.96963465,16,2.385087595287915,passed,78,P-25GPa_frame00004661_U0.186843.poscar,False,,,,,,,,0.9999864034
npt_pressure,25,,P-25GPa,Ta-potential/04-npt-round-2/md/P-25GPa/multi_nnap_md.xyz,4711,0.2107217068,17.94488244120882,7.111150058,7.081796079,18.72371939,16,2.2027479712963496,passed,79,P-25GPa_frame00004711_U0.210722.poscar,False,,,,,,,,0.9999917541
npt_pressure,25,,P-25GPa,Ta-potential/04-npt-round-2/md/P-25GPa/multi_nnap_md.xyz,4761,0.167500817,17.87433222268816,7.408058795,7.218681663,20.29192148,16,2.3222475521915467,passed,80,P-25GPa_frame00004761_U0.167501.poscar,False,,,,,,,,0.9999854837
npt_pressure,25,,P-25GPa,Ta-potential/04-npt-round-2/md/P-25GPa/multi_nnap_md.xyz,4811,0.1989913284,17.981595523178054,7.64408732,7.683548553,19.90744076,16,2.2325420670346925,passed,81,P-25GPa_frame00004811_U0.198991.poscar,False,,,,,,,,0.9999888657
npt_pressure,25,,P-25GPa,Ta-potential/04-npt-round-2/md/P-25GPa/multi_nnap_md.xyz,4866,0.1804741968,17.53172744898721,5.161488367,4.994632315,26.21673577,16,2.444154216360016,passed,82,P-25GPa_frame00004866_U0.180474.poscar,False,,,,,,,,0.9999692125
npt_pressure,25,,P-25GPa,Ta-potential/04-npt-round-2/md/P-25GPa/multi_nnap_md.xyz,4916,0.1662407244,17.351461807343085,5.663619371,5.696532154,26.32234842,16,2.362218198233528,passed,83,P-25GPa_frame00004916_U0.166241.poscar,False,,,,,,,,0.9999768907
npt_pressure,25,,P-25GPa,Ta-potential/04-npt-round-2/md/P-25GPa/multi_nnap_md.xyz,4967,0.1872701549,17.618979890314577,5.109000458,4.975721171,21.15245279,16,2.4682294227561643,passed,84,P-25GPa_frame00004967_U0.187270.poscar,True,3,cur-fill,0.004439482429,000003.poscar,0.1742443829,0.01201594715,0.8765392457,0.9999848327
npt_pressure,35,,P-35GPa,Ta-potential/04-npt-round-2/md/P-35GPa/multi_nnap_md.xyz,509,0.1711761296,16.857312747432967,7.875004802,7.868374454,29.39079457,16,2.19589859415244,passed,1,P-35GPa_frame00000509_U0.171176.poscar,False,,,,,,,,0.9999849588
npt_pressure,35,,P-35GPa,Ta-potential/04-npt-round-2/md/P-35GPa/multi_nnap_md.xyz,573,0.1672408355,17.395026642737662,5.795515196,5.881189184,23.88347805,16,2.2652567771994274,passed,2,P-35GPa_frame00000573_U0.167241.poscar,False,,,,,,,,0.9999942985
npt_pressure,35,,P-35GPa,Ta-potential/04-npt-round-2/md/P-35GPa/multi_nnap_md.xyz,624,0.1685985351,17.408271698123887,7.290803417,7.345217956,21.1249618,16,2.0893244773076316,passed,3,P-35GPa_frame00000624_U0.168599.poscar,False,,,,,,,,0.9999800132
npt_pressure,35,,P-35GPa,Ta-potential/04-npt-round-2/md/P-35GPa/multi_nnap_md.xyz,684,0.1860718025,15.493450130249807,7.887527708,7.850084413,55.20114567,16,2.198514432863417,passed,4,P-35GPa_frame00000684_U0.186072.poscar,False,,,,,,,,0.9999833335
npt_pressure,35,,P-35GPa,Ta-potential/04-npt-round-2/md/P-35GPa/multi_nnap_md.xyz,734,0.2123347431,15.703251173164073,6.366575098,6.463661032,56.52456073,16,2.286472852273891,passed,5,P-35GPa_frame00000734_U0.212335.poscar,False,,,,,,,,0.99997284
npt_pressure,35,,P-35GPa,Ta-potential/04-npt-round-2/md/P-35GPa/multi_nnap_md.xyz,785,0.1792825735,15.743295934720427,6.978287958,7.097897685,55.47759606,16,2.247151329561339,passed,6,P-35GPa_frame00000785_U0.179283.poscar,False,,,,,,,,0.9999703618
npt_pressure,35,,P-35GPa,Ta-potential/04-npt-round-2/md/P-35GPa/multi_nnap_md.xyz,835,0.2000431951,15.624471660286682,7.751727463,7.708170843,55.72455071,16,2.128104800276486,passed,7,P-35GPa_frame00000835_U0.200043.poscar,False,,,,,,,,0.9999906677
npt_pressure,35,,P-35GPa,Ta-potential/04-npt-round-2/md/P-35GPa/multi_nnap_md.xyz,885,0.2017822747,15.876200563553411,6.610943759,6.57866554,52.20447269,16,2.2384710736525997,passed,8,P-35GPa_frame00000885_U0.201782.poscar,False,,,,,,,,0.9999771297
npt_pressure,35,,P-35GPa,Ta-potential/04-npt-round-2/md/P-35GPa/multi_nnap_md.xyz,935,0.2512885899,16.39720698239474,6.373206981,6.213905581,40.49145422,16,2.2500655142816144,passed,9,P-35GPa_frame00000935_U0.251289.poscar,False,,,,,,,,0.9999986192
npt_pressure,35,,P-35GPa,Ta-potential/04-npt-round-2/md/P-35GPa/multi_nnap_md.xyz,989,0.1698528431,15.71035196887274,5.44707667,5.531263579,51.67549659,16,2.2220775289122474,passed,10,P-35GPa_frame00000989_U0.169853.poscar,True,96,cur-fill,0.005736800868,000096.poscar,5.287791644e-06,4.935133061e-07,0.9946194617,0.9999935517
npt_pressure,35,,P-35GPa,Ta-potential/04-npt-round-2/md/P-35GPa/multi_nnap_md.xyz,1039,0.20955552,15.905126091006137,6.171073471,6.137173741,50.14256864,16,2.249596513628803,passed,11,P-35GPa_frame00001039_U0.209556.poscar,False,,,,,,,,0.9999843421
npt_pressure,35,,P-35GPa,Ta-potential/04-npt-round-2/md/P-35GPa/multi_nnap_md.xyz,1089,0.1821049676,15.926999562393544,6.870849217,6.873581957,47.86541826,16,2.2583395741908348,passed,12,P-35GPa_frame00001089_U0.182105.poscar,False,,,,,,,,0.9999556852
npt_pressure,35,,P-35GPa,Ta-potential/04-npt-round-2/md/P-35GPa/multi_nnap_md.xyz,1139,0.2036160372,16.281954539540664,4.890673616,4.844082594,42.96712693,16,2.3456778045575337,passed,13,P-35GPa_frame00001139_U0.203616.poscar,False,,,,,,,,0.9999794934
npt_pressure,35,,P-35GPa,Ta-potential/04-npt-round-2/md/P-35GPa/multi_nnap_md.xyz,1189,0.2410354822,16.77137961888147,8.697606317,8.519888976,35.1112606,16,2.0843081707389612,passed,14,P-35GPa_frame00001189_U0.241035.poscar,False,,,,,,,,0.9999877916
npt_pressure,35,,P-35GPa,Ta-potential/04-npt-round-2/md/P-35GPa/multi_nnap_md.xyz,1239,0.1869669948,16.650187457489515,6.606843069,6.87336721,34.11146207,16,2.2218215814946376,passed,15,P-35GPa_frame00001239_U0.186967.poscar,False,,,,,,,,0.9999760426
npt_pressure,35,,P-35GPa,Ta-potential/04-npt-round-2/md/P-35GPa/multi_nnap_md.xyz,1299,0.1808682158,16.55985442399118,5.791017746,5.925149551,38.22017767,16,2.4011034082587406,passed,16,P-35GPa_frame00001299_U0.180868.poscar,False,,,,,,,,0.999992493
npt_pressure,35,,P-35GPa,Ta-potential/04-npt-round-2/md/P-35GPa/multi_nnap_md.xyz,1351,0.1736532889,16.168024631167928,6.466651705,6.493776271,44.16728939,16,2.1933009758561215,passed,17,P-35GPa_frame00001351_U0.173653.poscar,False,,,,,,,,0.9999855657
npt_pressure,35,,P-35GPa,Ta-potential/04-npt-round-2/md/P-35GPa/multi_nnap_md.xyz,1401,0.2081827366,15.810731227130452,7.486851142,7.509125499,48.86781595,16,2.1670016419604514,passed,18,P-35GPa_frame00001401_U0.208183.poscar,False,,,,,,,,0.9999734642
npt_pressure,35,,P-35GPa,Ta-potential/04-npt-round-2/md/P-35GPa/multi_nnap_md.xyz,1452,0.1885829666,16.060901761870273,7.931851275,7.928962638,42.47938195,16,2.0391266786769533,passed,19,P-35GPa_frame00001452_U0.188583.poscar,False,,,,,,,,0.9999522044
npt_pressure,35,,P-35GPa,Ta-potential/04-npt-round-2/md/P-35GPa/multi_nnap_md.xyz,1502,0.3075878491,16.36185396220041,6.593194878,6.617547734,41.66199347,16,2.301838522047944,passed,20,P-35GPa_frame00001502_U0.307588.poscar,False,,,,,,,,0.9999718211
npt_pressure,35,,P-35GPa,Ta-potential/04-npt-round-2/md/P-35GPa/multi_nnap_md.xyz,1553,0.1725621635,16.563712840220994,5.191159526,5.098495917,38.26003399,16,2.2931507334215517,passed,21,P-35GPa_frame00001553_U0.172562.poscar,False,,,,,,,,0.9999900318
npt_pressure,35,,P-35GPa,Ta-potential/04-npt-round-2/md/P-35GPa/multi_nnap_md.xyz,1603,0.2137897657,16.74632871934366,6.868394303,6.82812365,34.19864753,16,2.2399646026023023,passed,22,P-35GPa_frame00001603_U0.213790.poscar,False,,,,,,,,0.999990893
npt_pressure,35,,P-35GPa,Ta-potential/04-npt-round-2/md/P-35GPa/multi_nnap_md.xyz,1661,0.211563309,16.59157938842878,9.289123912,9.398448751,36.19807986,16,2.1818377019767516,passed,23,P-35GPa_frame00001661_U0.211563.poscar,False,,,,,,,,0.999993494
npt_pressure,35,,P-35GPa,Ta-potential/04-npt-round-2/md/P-35GPa/multi_nnap_md.xyz,1711,0.1649616072,16.68785704859313,5.780349972,5.886963501,36.07805948,16,2.1951127305002722,passed,24,P-35GPa_frame00001711_U0.164962.poscar,False,,,,,,,,0.99999196
npt_pressure,35,,P-35GPa,Ta-potential/04-npt-round-2/md/P-35GPa/multi_nnap_md.xyz,1761,0.20325555,16.560159037803025,7.905660964,7.804826511,37.60432174,16,2.0446465239632374,passed,25,P-35GPa_frame00001761_U0.203256.poscar,False,,,,,,,,0.9999893954
npt_pressure,35,,P-35GPa,Ta-potential/04-npt-round-2/md/P-35GPa/multi_nnap_md.xyz,1816,0.1849125188,16.604185441350335,7.249882729,7.350320809,41.16747121,16,2.2667584674489683,passed,26,P-35GPa_frame00001816_U0.184913.poscar,False,,,,,,,,0.9999596304
npt_pressure,35,,P-35GPa,Ta-potential/04-npt-round-2/md/P-35GPa/multi_nnap_md.xyz,1866,0.1787354955,16.49631474559377,7.088753346,7.178573818,40.81516166,16,2.2415841379481853,passed,27,P-35GPa_frame00001866_U0.178735.poscar,False,,,,,,,,0.9999889662
npt_pressure,35,,P-35GPa,Ta-potential/04-npt-round-2/md/P-35GPa/multi_nnap_md.xyz,1916,0.1886895445,16.49087933632837,6.389247033,6.25900421,39.09918955,16,2.2706427993813576,passed,28,P-35GPa_frame00001916_U0.188690.poscar,False,,,,,,,,0.9999781885
npt_pressure,35,,P-35GPa,Ta-potential/04-npt-round-2/md/P-35GPa/multi_nnap_md.xyz,1969,0.2152479608,16.694745051440464,7.533850084,7.455650869,36.46652501,16,2.309058947843398,passed,29,P-35GPa_frame00001969_U0.215248.poscar,False,,,,,,,,0.9999814131
npt_pressure,35,,P-35GPa,Ta-potential/04-npt-round-2/md/P-35GPa/multi_nnap_md.xyz,2033,0.1822222177,16.58341477806177,6.303248486,6.192497502,35.29077955,16,2.3934962903678985,passed,30,P-35GPa_frame00002033_U0.182222.poscar,False,,,,,,,,0.9999781514
npt_pressure,35,,P-35GPa,Ta-potential/04-npt-round-2/md/P-35GPa/multi_nnap_md.xyz,2083,0.1878600522,16.37070429632901,6.942556659,6.945168653,36.69882857,16,2.229895506217389,passed,31,P-35GPa_frame00002083_U0.187860.poscar,False,,,,,,,,0.9999919498
npt_pressure,35,,P-35GPa,Ta-potential/04-npt-round-2/md/P-35GPa/multi_nnap_md.xyz,2141,0.1664105565,16.178798486117127,6.60953689,6.564941458,40.96893003,16,2.3048948589544387,passed,32,P-35GPa_frame00002141_U0.166411.poscar,False,,,,,,,,0.9999753115
npt_pressure,35,,P-35GPa,Ta-potential/04-npt-round-2/md/P-35GPa/multi_nnap_md.xyz,2191,0.1778077561,16.354015468646303,7.3025142,7.350976491,42.41878879,16,2.1308901971011305,passed,33,P-35GPa_frame00002191_U0.177808.poscar,False,,,,,,,,0.9999686581
npt_pressure,35,,P-35GPa,Ta-potential/04-npt-round-2/md/P-35GPa/multi_nnap_md.xyz,2241,0.1796272371,16.442908179235673,8.798781718,8.868683308,45.05324955,16,2.287813968701309,passed,34,P-35GPa_frame00002241_U0.179627.poscar,False,,,,,,,,0.9999615442
npt_pressure,35,,P-35GPa,Ta-potential/04-npt-round-2/md/P-35GPa/multi_nnap_md.xyz,2291,0.2847312207,16.656542796199307,7.005190375,7.040313684,38.9762681,16,2.223219547133626,passed,35,P-35GPa_frame00002291_U0.284731.poscar,False,,,,,,,,0.9999895816
npt_pressure,35,,P-35GPa,Ta-potential/04-npt-round-2/md/P-35GPa/multi_nnap_md.xyz,2341,0.211816689,16.552936140256115,8.214341339,8.336951036,41.86197757,16,2.2367648728714986,passed,36,P-35GPa_frame00002341_U0.211817.poscar,True,87,cur-fill,0.008055976585,000087.poscar,5.287791644e-06,6.908637949e-07,0.9974042287,0.9999494879
npt_pressure,35,,P-35GPa,Ta-potential/04-npt-round-2/md/P-35GPa/multi_nnap_md.xyz,2391,0.170301188,16.401091114549132,7.071109449,7.090762793,39.75662174,16,2.2804579261601217,passed,37,P-35GPa_frame00002391_U0.170301.poscar,False,,,,,,,,0.9999579854
npt_pressure,35,,P-35GPa,Ta-potential/04-npt-round-2/md/P-35GPa/multi_nnap_md.xyz,2445,0.1741994684,16.328349573775107,7.440076401,7.477641624,38.95808786,16,2.332343524126495,passed,38,P-35GPa_frame00002445_U0.174199.poscar,True,9,cur-fill,0.008164296957,000009.poscar,0.01850088939,0.001864974977,0.9938128511,0.9999682734
npt_pressure,35,,P-35GPa,Ta-potential/04-npt-round-2/md/P-35GPa/multi_nnap_md.xyz,2508,0.1672921102,16.898059231772546,4.853393354,5.034559287,33.1280387,16,2.3696541274630842,passed,39,P-35GPa_frame00002508_U0.167292.poscar,False,,,,,,,,0.9999807715
npt_pressure,35,,P-35GPa,Ta-potential/04-npt-round-2/md/P-35GPa/multi_nnap_md.xyz,2561,0.1695078619,16.793082327077762,7.237252358,7.207270055,32.39380579,16,2.3940741975595565,passed,40,P-35GPa_frame00002561_U0.169508.poscar,False,,,,,,,,0.999988526
npt_pressure,35,,P-35GPa,Ta-potential/04-npt-round-2/md/P-35GPa/multi_nnap_md.xyz,2611,0.2211803459,17.36076142700465,7.206983172,7.044837339,23.87622288,16,2.261191212868406,passed,41,P-35GPa_frame00002611_U0.221180.poscar,False,,,,,,,,0.9999970734
npt_pressure,35,,P-35GPa,Ta-potential/04-npt-round-2/md/P-35GPa/multi_nnap_md.xyz,2666,0.17119229,16.606288898559722,7.749966605,7.83915766,34.66116495,16,2.2786527462491546,passed,42,P-35GPa_frame00002666_U0.171192.poscar,False,,,,,,,,0.9999786332
npt_pressure,35,,P-35GPa,Ta-potential/04-npt-round-2/md/P-35GPa/multi_nnap_md.xyz,2717,0.1754445708,16.925033095630287,7.547292932,7.673557132,32.74967301,16,2.36903142754893,passed,43,P-35GPa_frame00002717_U0.175445.poscar,False,,,,,,,,0.9999908027
npt_pressure,35,,P-35GPa,Ta-potential/04-npt-round-2/md/P-35GPa/multi_nnap_md.xyz,2770,0.18279305,16.41255582190571,6.563045484,6.526382781,40.10502322,16,2.191727976002809,passed,44,P-35GPa_frame00002770_U0.182793.poscar,True,76,cur-fill,0.01454043657,000076.poscar,5.287791644e-06,7.649267625e-07,0.9939454969,0.9999893412
npt_pressure,35,,P-35GPa,Ta-potential/04-npt-round-2/md/P-35GPa/multi_nnap_md.xyz,2820,0.1920456233,16.870928468258786,5.791401498,5.724172448,34.17597189,16,2.246931342308907,passed,45,P-35GPa_frame00002820_U0.192046.poscar,False,,,,,,,,0.9999888144
npt_pressure,35,,P-35GPa,Ta-potential/04-npt-round-2/md/P-35GPa/multi_nnap_md.xyz,2875,0.1913293009,15.356149481977717,7.947744889,7.988044618,58.8290585,16,2.044557752042843,passed,46,P-35GPa_frame00002875_U0.191329.poscar,False,,,,,,,,0.9999751296
npt_pressure,35,,P-35GPa,Ta-potential/04-npt-round-2/md/P-35GPa/multi_nnap_md.xyz,2926,0.1652919589,15.597245549698089,6.99818694,7.042765627,53.38697251,16,2.288361918435575,passed,47,P-35GPa_frame00002926_U0.165292.poscar,False,,,,,,,,0.9999794947
npt_pressure,35,,P-35GPa,Ta-potential/04-npt-round-2/md/P-35GPa/multi_nnap_md.xyz,2977,0.1924429678,15.960587923850055,8.170642833,8.454271631,45.15925548,16,2.0887120592414203,passed,48,P-35GPa_frame00002977_U0.192443.poscar,False,,,,,,,,0.9999502884
npt_pressure,35,,P-35GPa,Ta-potential/04-npt-round-2/md/P-35GPa/multi_nnap_md.xyz,3027,0.2386189363,16.30448861796809,7.259784099,7.27475874,40.861898,16,2.1692218634743594,passed,49,P-35GPa_frame00003027_U0.238619.poscar,True,98,cur-fill,0.005212329286,000098.poscar,5.287791644e-06,4.474240573e-07,0.9978598272,0.99998959
npt_pressure,35,,P-35GPa,Ta-potential/04-npt-round-2/md/P-35GPa/multi_nnap_md.xyz,3077,0.2529445021,16.931657083717138,5.747604438,5.45910462,36.71496067,16,2.303034881726797,passed,50,P-35GPa_frame00003077_U0.252945.poscar,False,,,,,,,,0.9999897541
npt_pressure,35,,P-35GPa,Ta-potential/04-npt-round-2/md/P-35GPa/multi_nnap_md.xyz,3127,0.2668562438,16.615048195344297,7.778392508,7.97587059,40.91419657,16,2.204915442288008,passed,51,P-35GPa_frame00003127_U0.266856.poscar,False,,,,,,,,0.9999785896
npt_pressure,35,,P-35GPa,Ta-potential/04-npt-round-2/md/P-35GPa/multi_nnap_md.xyz,3177,0.201888554,16.748509202010066,8.634407052,8.709030483,32.02311638,16,2.150955814100258,passed,52,P-35GPa_frame00003177_U0.201889.poscar,False,,,,,,,,0.9999767259
npt_pressure,35,,P-35GPa,Ta-potential/04-npt-round-2/md/P-35GPa/multi_nnap_md.xyz,3231,0.1899008761,16.033191418312594,5.715603112,5.785347247,43.19378384,16,2.2975253992030646,passed,53,P-35GPa_frame00003231_U0.189901.poscar,False,,,,,,,,0.9999542633
npt_pressure,35,,P-35GPa,Ta-potential/04-npt-round-2/md/P-35GPa/multi_nnap_md.xyz,3298,0.1778981121,16.36276756773145,7.837747652,7.960435141,41.92396225,16,2.3024508925777316,passed,54,P-35GPa_frame00003298_U0.177898.poscar,False,,,,,,,,0.999966846
npt_pressure,35,,P-35GPa,Ta-potential/04-npt-round-2/md/P-35GPa/multi_nnap_md.xyz,3350,0.1812463542,15.906356990411878,6.82228848,7.033498286,45.21093436,16,2.2415384826886178,passed,55,P-35GPa_frame00003350_U0.181246.poscar,False,,,,,,,,0.999968704
npt_pressure,35,,P-35GPa,Ta-potential/04-npt-round-2/md/P-35GPa/multi_nnap_md.xyz,3404,0.2198305348,15.715217544142678,6.900972563,7.058107899,50.54390984,16,2.1730056916681075,passed,56,P-35GPa_frame00003404_U0.219831.poscar,False,,,,,,,,0.99997259
npt_pressure,35,,P-35GPa,Ta-potential/04-npt-round-2/md/P-35GPa/multi_nnap_md.xyz,3455,0.1850890906,15.868315096679662,5.871921521,5.91555068,45.96553829,16,2.2793080810241464,passed,57,P-35GPa_frame00003455_U0.185089.poscar,False,,,,,,,,0.9999878776
npt_pressure,35,,P-35GPa,Ta-potential/04-npt-round-2/md/P-35GPa/multi_nnap_md.xyz,3520,0.2193832103,16.05389253425509,8.224108178,8.444855871,42.56136348,16,2.0636492357481826,passed,58,P-35GPa_frame00003520_U0.219383.poscar,True,99,cur-fill,0.005059487317,000099.poscar,5.287791644e-06,5.41797804e-07,0.9971642435,0.9999657781
npt_pressure,35,,P-35GPa,Ta-potential/04-npt-round-2/md/P-35GPa/multi_nnap_md.xyz,3570,0.190631102,16.422647263643366,9.115402426,9.310295505,36.21779988,16,2.2234793962276935,passed,59,P-35GPa_frame00003570_U0.190631.poscar,False,,,,,,,,0.9999970567
npt_pressure,35,,P-35GPa,Ta-potential/04-npt-round-2/md/P-35GPa/multi_nnap_md.xyz,3623,0.1775520675,16.260156713384035,6.211309247,6.365153131,37.27264033,16,2.303525477051986,passed,60,P-35GPa_frame00003623_U0.177552.poscar,False,,,,,,,,0.9999955638
npt_pressure,35,,P-35GPa,Ta-potential/04-npt-round-2/md/P-35GPa/multi_nnap_md.xyz,3678,0.1652950251,15.879773730275705,5.728303543,5.776732835,48.2400985,16,2.354576075103378,passed,61,P-35GPa_frame00003678_U0.165295.poscar,False,,,,,,,,0.9999860013
npt_pressure,35,,P-35GPa,Ta-potential/04-npt-round-2/md/P-35GPa/multi_nnap_md.xyz,3728,0.2000415228,16.031576249570612,7.418263167,7.461359725,48.59657477,16,2.334565587615801,passed,62,P-35GPa_frame00003728_U0.200042.poscar,False,,,,,,,,0.9999634364
npt_pressure,35,,P-35GPa,Ta-potential/04-npt-round-2/md/P-35GPa/multi_nnap_md.xyz,3778,0.1924473504,16.51407123003639,6.865304857,6.851021386,40.81791934,16,2.1755212415313787,passed,63,P-35GPa_frame00003778_U0.192447.poscar,False,,,,,,,,0.9999931264
npt_pressure,35,,P-35GPa,Ta-potential/04-npt-round-2/md/P-35GPa/multi_nnap_md.xyz,3828,0.3173720989,16.136383455189403,8.487294028,8.301575355,52.17303736,16,2.247760109464112,passed,64,P-35GPa_frame00003828_U0.317372.poscar,True,65,cur-fill,0.01681418042,000065.poscar,1.454233763e-05,2.375559878e-06,0.9848069426,0.9999779035
npt_pressure,35,,P-35GPa,Ta-potential/04-npt-round-2/md/P-35GPa/multi_nnap_md.xyz,3879,0.2027329833,15.572055027744721,6.818993247,7.098985538,54.42941784,16,2.304870466299864,passed,65,P-35GPa_frame00003879_U0.202733.poscar,False,,,,,,,,0.9999894378
npt_pressure,35,,P-35GPa,Ta-potential/04-npt-round-2/md/P-35GPa/multi_nnap_md.xyz,3929,0.1762841132,15.777770613102042,7.759723049,7.774634149,48.17449611,16,2.3016363204102235,passed,66,P-35GPa_frame00003929_U0.176284.poscar,False,,,,,,,,0.9999725335
npt_pressure,35,,P-35GPa,Ta-potential/04-npt-round-2/md/P-35GPa/multi_nnap_md.xyz,3979,0.196889964,16.39507451854456,5.851054603,5.549597233,40.13821336,16,2.3055722633265527,passed,67,P-35GPa_frame00003979_U0.196890.poscar,True,88,cur-fill,0.007654650345,000088.poscar,5.287791644e-06,5.372514239e-07,0.9950883116,0.9999910037
npt_pressure,35,,P-35GPa,Ta-potential/04-npt-round-2/md/P-35GPa/multi_nnap_md.xyz,4038,0.1658864662,16.889574049488846,7.435598633,7.654092177,30.07942389,16,2.3051580446277358,passed,68,P-35GPa_frame00004038_U0.165886.poscar,False,,,,,,,,0.9999853447
npt_pressure,35,,P-35GPa,Ta-potential/04-npt-round-2/md/P-35GPa/multi_nnap_md.xyz,4103,0.208898042,16.723112389390085,6.024742654,6.115472829,33.13941653,16,2.3493836748957557,passed,69,P-35GPa_frame00004103_U0.208898.poscar,False,,,,,,,,0.9999863982
npt_pressure,35,,P-35GPa,Ta-potential/04-npt-round-2/md/P-35GPa/multi_nnap_md.xyz,4153,0.1983243435,16.640103420826467,6.295276751,6.292622541,35.83330303,16,2.134827611742202,passed,70,P-35GPa_frame00004153_U0.198324.poscar,False,,,,,,,,0.9999898363
npt_pressure,35,,P-35GPa,Ta-potential/04-npt-round-2/md/P-35GPa/multi_nnap_md.xyz,4203,0.3080733223,16.374210111231022,8.634713895,8.609520048,40.9783681,16,2.0803349094156243,passed,71,P-35GPa_frame00004203_U0.308073.poscar,False,,,,,,,,0.9999861988
npt_pressure,35,,P-35GPa,Ta-potential/04-npt-round-2/md/P-35GPa/multi_nnap_md.xyz,4253,0.1692944425,16.219857338094048,6.036590458,5.845266172,45.25246489,16,2.369899714301788,passed,72,P-35GPa_frame00004253_U0.169294.poscar,False,,,,,,,,0.9999781084
npt_pressure,35,,P-35GPa,Ta-potential/04-npt-round-2/md/P-35GPa/multi_nnap_md.xyz,4305,0.1741863342,16.449081226789136,7.0453017,7.117382392,40.10573766,16,2.395504595938882,passed,73,P-35GPa_frame00004305_U0.174186.poscar,False,,,,,,,,0.9999884011
npt_pressure,35,,P-35GPa,Ta-potential/04-npt-round-2/md/P-35GPa/multi_nnap_md.xyz,4355,0.2491360586,16.408558023116424,6.427075805,6.525580527,42.62228414,16,2.2321070083252414,passed,74,P-35GPa_frame00004355_U0.249136.poscar,False,,,,,,,,0.9999674377
npt_pressure,35,,P-35GPa,Ta-potential/04-npt-round-2/md/P-35GPa/multi_nnap_md.xyz,4405,0.1821389447,16.13259676154354,8.415491897,8.556481991,45.2734144,16,2.158572994047684,passed,75,P-35GPa_frame00004405_U0.182139.poscar,False,,,,,,,,0.9999769043
npt_pressure,35,,P-35GPa,Ta-potential/04-npt-round-2/md/P-35GPa/multi_nnap_md.xyz,4455,0.1840901884,15.770269389326044,7.289144243,7.241695855,54.96830693,16,2.3492441647606057,passed,76,P-35GPa_frame00004455_U0.184090.poscar,False,,,,,,,,0.9999894492
npt_pressure,35,,P-35GPa,Ta-potential/04-npt-round-2/md/P-35GPa/multi_nnap_md.xyz,4505,0.1784757813,15.887394008862866,6.575834852,6.494206517,49.74364267,16,2.377406378081145,passed,77,P-35GPa_frame00004505_U0.178476.poscar,False,,,,,,,,0.9999863478
npt_pressure,35,,P-35GPa,Ta-potential/04-npt-round-2/md/P-35GPa/multi_nnap_md.xyz,4559,0.1696546842,16.753573895597434,7.48058598,7.655844889,31.66897699,16,2.2744911724973425,passed,78,P-35GPa_frame00004559_U0.169655.poscar,False,,,,,,,,0.9999774036
npt_pressure,35,,P-35GPa,Ta-potential/04-npt-round-2/md/P-35GPa/multi_nnap_md.xyz,4622,0.2206433053,15.689514928806455,8.869542448,9.056464239,50.93191824,16,2.2085469346269426,passed,79,P-35GPa_frame00004622_U0.220643.poscar,False,,,,,,,,0.9999789959
npt_pressure,35,,P-35GPa,Ta-potential/04-npt-round-2/md/P-35GPa/multi_nnap_md.xyz,4672,0.2297275043,15.862538225146595,7.245588637,7.270102585,49.4901912,16,2.1653185301717883,passed,80,P-35GPa_frame00004672_U0.229728.poscar,False,,,,,,,,0.9999556204
npt_pressure,35,,P-35GPa,Ta-potential/04-npt-round-2/md/P-35GPa/multi_nnap_md.xyz,4722,0.2350806886,16.225742903312,5.835539939,5.888063067,46.9984742,16,2.2976000048215006,passed,81,P-35GPa_frame00004722_U0.235081.poscar,False,,,,,,,,0.9999692854
npt_pressure,35,,P-35GPa,Ta-potential/04-npt-round-2/md/P-35GPa/multi_nnap_md.xyz,4772,0.3235427991,16.425617374974728,7.984297795,7.82203693,45.23136936,16,2.290406425484957,passed,82,P-35GPa_frame00004772_U0.323543.poscar,True,67,cur-fill,0.01844620098,000067.poscar,1.2979673e-05,1.831909754e-06,0.9924099541,0.9999583659
npt_pressure,35,,P-35GPa,Ta-potential/04-npt-round-2/md/P-35GPa/multi_nnap_md.xyz,4822,0.2761314886,16.612477241401884,7.898925855,8.012514721,38.69761718,16,2.220128549365658,passed,83,P-35GPa_frame00004822_U0.276131.poscar,False,,,,,,,,0.9999973244
npt_pressure,35,,P-35GPa,Ta-potential/04-npt-round-2/md/P-35GPa/multi_nnap_md.xyz,4878,0.192175444,16.383628342033557,6.222829285,6.226914652,42.31861961,16,2.360372893437192,passed,84,P-35GPa_frame00004878_U0.192175.poscar,False,,,,,,,,0.9999903014
npt_pressure,35,,P-35GPa,Ta-potential/04-npt-round-2/md/P-35GPa/multi_nnap_md.xyz,4935,0.1835038966,17.249590049345063,5.07211531,4.997946051,26.91751726,16,2.349894849393189,passed,85,P-35GPa_frame00004935_U0.183504.poscar,False,,,,,,,,0.9999512867
npt_pressure,35,,P-35GPa,Ta-potential/04-npt-round-2/md/P-35GPa/multi_nnap_md.xyz,4986,0.1736543351,17.070606851344145,6.11800699,5.899388402,30.03271553,16,2.472473335149359,passed,86,P-35GPa_frame00004986_U0.173654.poscar,False,,,,,,,,0.9999956271
npt_pressure,45,,P-45GPa,Ta-potential/04-npt-round-2/md/P-45GPa/multi_nnap_md.xyz,500,0.1887424123,15.297434227590884,7.31233068,7.301686669,61.18348023,16,2.238468492277801,passed,1,P-45GPa_frame00000500_U0.188742.poscar,False,,,,,,,,0.9999687092
npt_pressure,45,,P-45GPa,Ta-potential/04-npt-round-2/md/P-45GPa/multi_nnap_md.xyz,550,0.2392528963,15.417911634453391,6.553472502,6.466377748,62.03476623,16,2.1793658860649137,passed,2,P-45GPa_frame00000550_U0.239253.poscar,False,,,,,,,,0.999961861
npt_pressure,45,,P-45GPa,Ta-potential/04-npt-round-2/md/P-45GPa/multi_nnap_md.xyz,600,0.2535813194,15.719607394976583,7.642200549,7.648510208,56.01185328,16,2.1107520834132134,passed,3,P-45GPa_frame00000600_U0.253581.poscar,False,,,,,,,,0.9999817297
npt_pressure,45,,P-45GPa,Ta-potential/04-npt-round-2/md/P-45GPa/multi_nnap_md.xyz,650,0.2447213338,15.823759264226219,6.176026575,6.164421655,55.52263722,16,2.2339408344731093,passed,4,P-45GPa_frame00000650_U0.244721.poscar,False,,,,,,,,0.9999569608
npt_pressure,45,,P-45GPa,Ta-potential/04-npt-round-2/md/P-45GPa/multi_nnap_md.xyz,700,0.2014253415,15.870547343275122,7.937948519,7.885294986,47.45728068,16,2.095069657379232,passed,5,P-45GPa_frame00000700_U0.201425.poscar,False,,,,,,,,0.9999855334
npt_pressure,45,,P-45GPa,Ta-potential/04-npt-round-2/md/P-45GPa/multi_nnap_md.xyz,759,0.1739095636,15.818238124847632,5.89454713,5.895897966,50.86659515,16,2.248994372294033,passed,6,P-45GPa_frame00000759_U0.173910.poscar,False,,,,,,,,0.9999935464
npt_pressure,45,,P-45GPa,Ta-potential/04-npt-round-2/md/P-45GPa/multi_nnap_md.xyz,809,0.187559606,15.626857922670494,8.296585631,8.382432922,51.77509492,16,2.3513345341184966,passed,7,P-45GPa_frame00000809_U0.187560.poscar,False,,,,,,,,0.99997803
npt_pressure,45,,P-45GPa,Ta-potential/04-npt-round-2/md/P-45GPa/multi_nnap_md.xyz,868,0.172772889,16.00287371034554,7.403768579,7.5545053,46.35900358,16,2.216157619369734,passed,8,P-45GPa_frame00000868_U0.172773.poscar,False,,,,,,,,0.999942891
npt_pressure,45,,P-45GPa,Ta-potential/04-npt-round-2/md/P-45GPa/multi_nnap_md.xyz,922,0.1647254287,15.435295740693897,7.837512158,7.915884472,55.56873442,16,2.2428330116937856,passed,9,P-45GPa_frame00000922_U0.164725.poscar,False,,,,,,,,0.9999852678
npt_pressure,45,,P-45GPa,Ta-potential/04-npt-round-2/md/P-45GPa/multi_nnap_md.xyz,972,0.2040338678,15.764292801509317,6.378622566,6.368788955,52.90210897,16,2.3375817113740194,passed,10,P-45GPa_frame00000972_U0.204034.poscar,False,,,,,,,,0.9999895569
npt_pressure,45,,P-45GPa,Ta-potential/04-npt-round-2/md/P-45GPa/multi_nnap_md.xyz,1025,0.1715362071,16.165244580664456,5.691146251,5.792393529,44.11465046,16,2.2607904283800395,passed,11,P-45GPa_frame00001025_U0.171536.poscar,False,,,,,,,,0.9999573469
npt_pressure,45,,P-45GPa,Ta-potential/04-npt-round-2/md/P-45GPa/multi_nnap_md.xyz,1075,0.1761852286,16.36467837644883,7.08125204,7.092872523,41.75199655,16,2.29375501853795,passed,12,P-45GPa_frame00001075_U0.176185.poscar,False,,,,,,,,0.99996629
npt_pressure,45,,P-45GPa,Ta-potential/04-npt-round-2/md/P-45GPa/multi_nnap_md.xyz,1128,0.1672086269,16.376506015374737,7.28061089,7.276918361,41.49802799,16,2.258584173124193,passed,13,P-45GPa_frame00001128_U0.167209.poscar,False,,,,,,,,0.9999640077
npt_pressure,45,,P-45GPa,Ta-potential/04-npt-round-2/md/P-45GPa/multi_nnap_md.xyz,1178,0.1921106783,16.220912763086343,8.580369359,8.596034189,42.85731187,16,2.1618401625055874,passed,14,P-45GPa_frame00001178_U0.192111.poscar,False,,,,,,,,0.9999656499
npt_pressure,45,,P-45GPa,Ta-potential/04-npt-round-2/md/P-45GPa/multi_nnap_md.xyz,1231,0.2341184981,15.552275771806348,7.991221414,8.211029541,55.83415749,16,2.1423153127128893,passed,15,P-45GPa_frame00001231_U0.234118.poscar,False,,,,,,,,0.9999972439
npt_pressure,45,,P-45GPa,Ta-potential/04-npt-round-2/md/P-45GPa/multi_nnap_md.xyz,1281,0.1759939863,15.831347014540999,8.192655354,8.294281359,50.33959214,16,2.2853956977935903,passed,16,P-45GPa_frame00001281_U0.175994.poscar,False,,,,,,,,0.9999898583
npt_pressure,45,,P-45GPa,Ta-potential/04-npt-round-2/md/P-45GPa/multi_nnap_md.xyz,1332,0.167304494,16.288773367688552,5.56863009,5.596578516,41.14800137,16,2.325552316502124,passed,17,P-45GPa_frame00001332_U0.167304.poscar,False,,,,,,,,0.9999787715
npt_pressure,45,,P-45GPa,Ta-potential/04-npt-round-2/md/P-45GPa/multi_nnap_md.xyz,1384,0.1862520494,16.17649852315242,8.186485283,8.28428447,44.26718771,16,2.2814387523420567,passed,18,P-45GPa_frame00001384_U0.186252.poscar,False,,,,,,,,0.9999671353
npt_pressure,45,,P-45GPa,Ta-potential/04-npt-round-2/md/P-45GPa/multi_nnap_md.xyz,1434,0.1895007134,16.13895820900148,6.577662873,6.484787652,45.69389763,16,2.353823445663319,passed,19,P-45GPa_frame00001434_U0.189501.poscar,False,,,,,,,,0.999971975
npt_pressure,45,,P-45GPa,Ta-potential/04-npt-round-2/md/P-45GPa/multi_nnap_md.xyz,1484,0.1757497808,16.023702893647236,6.944432314,6.969188102,48.06179258,16,2.2440124968704382,passed,20,P-45GPa_frame00001484_U0.175750.poscar,False,,,,,,,,0.999960662
npt_pressure,45,,P-45GPa,Ta-potential/04-npt-round-2/md/P-45GPa/multi_nnap_md.xyz,1534,0.226509266,15.89386791787515,7.691238623,7.618174782,52.34931809,16,2.3743041858346685,passed,21,P-45GPa_frame00001534_U0.226509.poscar,False,,,,,,,,0.9999797611
npt_pressure,45,,P-45GPa,Ta-potential/04-npt-round-2/md/P-45GPa/multi_nnap_md.xyz,1584,0.2871791216,16.0881662644167,9.673243192,9.881376417,44.99222029,16,2.2759212305406544,passed,22,P-45GPa_frame00001584_U0.287179.poscar,False,,,,,,,,0.9999733928
npt_pressure,45,,P-45GPa,Ta-potential/04-npt-round-2/md/P-45GPa/multi_nnap_md.xyz,1634,0.3257942629,15.873081331814143,8.166174137,8.127990881,51.6495446,16,2.0733766037926515,passed,23,P-45GPa_frame00001634_U0.325794.poscar,False,,,,,,,,0.999987011
npt_pressure,45,,P-45GPa,Ta-potential/04-npt-round-2/md/P-45GPa/multi_nnap_md.xyz,1684,0.1905454984,15.95450305741899,7.054633408,7.094645525,46.93657282,16,2.218657543827014,passed,24,P-45GPa_frame00001684_U0.190545.poscar,False,,,,,,,,0.9999561878
npt_pressure,45,,P-45GPa,Ta-potential/04-npt-round-2/md/P-45GPa/multi_nnap_md.xyz,1738,0.2002126057,16.29974752827866,6.866937611,7.046404124,39.86240138,16,2.275534323639208,passed,25,P-45GPa_frame00001738_U0.200213.poscar,False,,,,,,,,0.9999727558
npt_pressure,45,,P-45GPa,Ta-potential/04-npt-round-2/md/P-45GPa/multi_nnap_md.xyz,1789,0.1911600229,16.22011637618008,7.9932438,7.996299876,42.03937281,16,2.313649935957065,passed,26,P-45GPa_frame00001789_U0.191160.poscar,False,,,,,,,,0.9999731296
npt_pressure,45,,P-45GPa,Ta-potential/04-npt-round-2/md/P-45GPa/multi_nnap_md.xyz,1841,0.2080763753,16.31580841293371,7.493547487,7.507784138,42.12667324,16,2.3222301211957626,passed,27,P-45GPa_frame00001841_U0.208076.poscar,False,,,,,,,,0.9999493057
npt_pressure,45,,P-45GPa,Ta-potential/04-npt-round-2/md/P-45GPa/multi_nnap_md.xyz,1893,0.1879903679,16.568386729465455,6.766620647,6.832986999,37.30751802,16,2.303460416925723,passed,28,P-45GPa_frame00001893_U0.187990.poscar,False,,,,,,,,0.999994033
npt_pressure,45,,P-45GPa,Ta-potential/04-npt-round-2/md/P-45GPa/multi_nnap_md.xyz,1943,0.2223388557,16.88005997654445,6.958334565,6.939438511,33.11459246,16,2.4204493625881343,passed,29,P-45GPa_frame00001943_U0.222339.poscar,False,,,,,,,,0.9999881357
npt_pressure,45,,P-45GPa,Ta-potential/04-npt-round-2/md/P-45GPa/multi_nnap_md.xyz,1993,0.1981203479,17.031170540444016,7.056665995,7.101396943,34.26098335,16,2.266965347664993,passed,30,P-45GPa_frame00001993_U0.198120.poscar,False,,,,,,,,0.9999869788
npt_pressure,45,,P-45GPa,Ta-potential/04-npt-round-2/md/P-45GPa/multi_nnap_md.xyz,2043,0.1707121873,16.413338337863074,5.555153219,5.634627625,43.34297458,16,2.251309930146198,passed,31,P-45GPa_frame00002043_U0.170712.poscar,False,,,,,,,,0.9999721059
npt_pressure,45,,P-45GPa,Ta-potential/04-npt-round-2/md/P-45GPa/multi_nnap_md.xyz,2093,0.1925352366,15.930251844530781,6.771022093,6.684510962,46.00947937,16,2.3323487083045795,passed,32,P-45GPa_frame00002093_U0.192535.poscar,False,,,,,,,,0.9999675869
npt_pressure,45,,P-45GPa,Ta-potential/04-npt-round-2/md/P-45GPa/multi_nnap_md.xyz,2143,0.1915788119,15.530605642220387,6.742639998,6.707011754,54.22606564,16,2.3587345537472304,passed,33,P-45GPa_frame00002143_U0.191579.poscar,False,,,,,,,,0.9999819962
npt_pressure,45,,P-45GPa,Ta-potential/04-npt-round-2/md/P-45GPa/multi_nnap_md.xyz,2193,0.1661893021,15.63954471180373,5.960703149,5.829371588,54.62856679,16,2.3836850853669533,passed,34,P-45GPa_frame00002193_U0.166189.poscar,False,,,,,,,,0.9999930158
npt_pressure,45,,P-45GPa,Ta-potential/04-npt-round-2/md/P-45GPa/multi_nnap_md.xyz,2245,0.1994929191,15.667306215370516,8.04201291,8.063491597,56.71346242,16,2.3415224306417084,passed,35,P-45GPa_frame00002245_U0.199493.poscar,False,,,,,,,,0.99998817
npt_pressure,45,,P-45GPa,Ta-potential/04-npt-round-2/md/P-45GPa/multi_nnap_md.xyz,2295,0.2367335413,16.005076206273433,7.625840005,7.566558075,53.20156792,16,2.320679911763858,passed,36,P-45GPa_frame00002295_U0.236734.poscar,False,,,,,,,,0.9999193496
npt_pressure,45,,P-45GPa,Ta-potential/04-npt-round-2/md/P-45GPa/multi_nnap_md.xyz,2345,0.221144048,16.046449247117767,5.488592973,5.297148539,47.30832104,16,2.306674708187543,passed,37,P-45GPa_frame00002345_U0.221144.poscar,False,,,,,,,,0.9999463345
npt_pressure,45,,P-45GPa,Ta-potential/04-npt-round-2/md/P-45GPa/multi_nnap_md.xyz,2400,0.1774668524,16.587243851060823,6.26584516,6.309894425,35.53523172,16,2.331431283109237,passed,38,P-45GPa_frame00002400_U0.177467.poscar,False,,,,,,,,0.9999756094
npt_pressure,45,,P-45GPa,Ta-potential/04-npt-round-2/md/P-45GPa/multi_nnap_md.xyz,2459,0.1844377227,15.702858384828355,5.98651046,6.021593736,52.59092255,16,2.3129059048217266,passed,39,P-45GPa_frame00002459_U0.184438.poscar,False,,,,,,,,0.9999886309
npt_pressure,45,,P-45GPa,Ta-potential/04-npt-round-2/md/P-45GPa/multi_nnap_md.xyz,2509,0.1705369113,15.93068996612762,7.220140389,7.213592902,44.42651253,16,2.4090662465453168,passed,40,P-45GPa_frame00002509_U0.170537.poscar,False,,,,,,,,0.9999685083
npt_pressure,45,,P-45GPa,Ta-potential/04-npt-round-2/md/P-45GPa/multi_nnap_md.xyz,2570,0.183640709,14.996721521416164,6.949958485,7.098164853,68.00062049,16,2.229923421790516,passed,41,P-45GPa_frame00002570_U0.183641.poscar,False,,,,,,,,0.9999744328
npt_pressure,45,,P-45GPa,Ta-potential/04-npt-round-2/md/P-45GPa/multi_nnap_md.xyz,2620,0.1757790846,15.1460614011541,6.936032259,7.004581428,62.67246601,16,2.379028682226765,passed,42,P-45GPa_frame00002620_U0.175779.poscar,False,,,,,,,,0.9999561719
npt_pressure,45,,P-45GPa,Ta-potential/04-npt-round-2/md/P-45GPa/multi_nnap_md.xyz,2692,0.1657890499,16.7334727416153,6.49233004,6.446057752,32.11262621,16,2.261940207004404,passed,43,P-45GPa_frame00002692_U0.165789.poscar,False,,,,,,,,0.9999865813
npt_pressure,45,,P-45GPa,Ta-potential/04-npt-round-2/md/P-45GPa/multi_nnap_md.xyz,2752,0.1724536783,15.69457462541425,6.572059553,6.571124815,47.23997618,16,2.3043047189645227,passed,44,P-45GPa_frame00002752_U0.172454.poscar,False,,,,,,,,0.9999929552
npt_pressure,45,,P-45GPa,Ta-potential/04-npt-round-2/md/P-45GPa/multi_nnap_md.xyz,2828,0.1965660493,15.797313343869055,4.97915121,4.886595081,54.23564662,16,2.4468758963375152,passed,45,P-45GPa_frame00002828_U0.196566.poscar,True,24,cur-fill,0.01997163101,000024.poscar,0.001802109456,0.0002640514173,0.9840618617,0.9999873289
npt_pressure,45,,P-45GPa,Ta-potential/04-npt-round-2/md/P-45GPa/multi_nnap_md.xyz,2883,0.1697509313,16.305813217624582,7.296553924,7.414471228,37.27207982,16,2.328636326066616,passed,46,P-45GPa_frame00002883_U0.169751.poscar,False,,,,,,,,0.9999984903
npt_pressure,45,,P-45GPa,Ta-potential/04-npt-round-2/md/P-45GPa/multi_nnap_md.xyz,2944,0.1670866745,15.573981070839324,6.967600178,6.975972607,52.27327623,16,2.2447657117485456,passed,47,P-45GPa_frame00002944_U0.167087.poscar,False,,,,,,,,0.9999778583
npt_pressure,45,,P-45GPa,Ta-potential/04-npt-round-2/md/P-45GPa/multi_nnap_md.xyz,3004,0.1725362108,16.149728008833826,6.057189215,6.042202515,43.20001958,16,2.3856101301545487,passed,48,P-45GPa_frame00003004_U0.172536.poscar,False,,,,,,,,0.9999677909
npt_pressure,45,,P-45GPa,Ta-potential/04-npt-round-2/md/P-45GPa/multi_nnap_md.xyz,3067,0.1877470792,16.37414234463774,6.163824534,6.016604702,40.16574038,16,2.351162692507394,passed,49,P-45GPa_frame00003067_U0.187747.poscar,False,,,,,,,,0.9999753083
npt_pressure,45,,P-45GPa,Ta-potential/04-npt-round-2/md/P-45GPa/multi_nnap_md.xyz,3118,0.1920259997,15.6140184321078,7.28394871,7.266629948,52.71121181,16,2.411334762918478,passed,50,P-45GPa_frame00003118_U0.192026.poscar,False,,,,,,,,0.999979119
npt_pressure,45,,P-45GPa,Ta-potential/04-npt-round-2/md/P-45GPa/multi_nnap_md.xyz,3187,0.1879497974,15.686450584851261,6.669993022,6.680179442,54.27907557,16,2.25723925416194,passed,51,P-45GPa_frame00003187_U0.187950.poscar,False,,,,,,,,0.9999931823
npt_pressure,45,,P-45GPa,Ta-potential/04-npt-round-2/md/P-45GPa/multi_nnap_md.xyz,3238,0.1674220586,15.645018490887306,6.210644951,6.23579009,50.60022449,16,2.2685520327785715,passed,52,P-45GPa_frame00003238_U0.167422.poscar,False,,,,,,,,0.9999680196
npt_pressure,45,,P-45GPa,Ta-potential/04-npt-round-2/md/P-45GPa/multi_nnap_md.xyz,3288,0.2299195952,15.987896030510827,7.624658773,7.625380558,47.64913135,16,2.0826745564181404,passed,53,P-45GPa_frame00003288_U0.229920.poscar,False,,,,,,,,0.9999892814
npt_pressure,45,,P-45GPa,Ta-potential/04-npt-round-2/md/P-45GPa/multi_nnap_md.xyz,3338,0.1744156458,16.580532358072322,6.580610911,6.608812474,39.84588224,16,2.274654225769451,passed,54,P-45GPa_frame00003338_U0.174416.poscar,False,,,,,,,,0.9999872123
npt_pressure,45,,P-45GPa,Ta-potential/04-npt-round-2/md/P-45GPa/multi_nnap_md.xyz,3388,0.2552848632,16.58104910104198,7.170006453,6.777019208,39.31593709,16,2.226178398880506,passed,55,P-45GPa_frame00003388_U0.255285.poscar,True,30,cur-fill,0.01727591637,000030.poscar,0.001084094631,0.0001511853237,0.9919463812,0.9999709499
npt_pressure,45,,P-45GPa,Ta-potential/04-npt-round-2/md/P-45GPa/multi_nnap_md.xyz,3438,0.2900772275,16.90808341155069,9.35502129,9.603853561,34.27398236,16,2.1159811123698646,passed,56,P-45GPa_frame00003438_U0.290077.poscar,False,,,,,,,,0.9999826912
npt_pressure,45,,P-45GPa,Ta-potential/04-npt-round-2/md/P-45GPa/multi_nnap_md.xyz,3489,0.1846206477,16.56407526675127,7.037483829,7.251410918,37.73326483,16,2.2450314713100585,passed,57,P-45GPa_frame00003489_U0.184621.poscar,False,,,,,,,,0.9999898061
npt_pressure,45,,P-45GPa,Ta-potential/04-npt-round-2/md/P-45GPa/multi_nnap_md.xyz,3545,0.1787371836,16.02279903671262,6.60922618,6.831183987,47.27016103,16,2.291340141003822,passed,58,P-45GPa_frame00003545_U0.178737.poscar,False,,,,,,,,0.999953729
npt_pressure,45,,P-45GPa,Ta-potential/04-npt-round-2/md/P-45GPa/multi_nnap_md.xyz,3602,0.1848647209,15.802294939792175,6.261140905,6.483843067,49.00391807,16,2.1867332255142164,passed,59,P-45GPa_frame00003602_U0.184865.poscar,False,,,,,,,,0.9999760581
npt_pressure,45,,P-45GPa,Ta-potential/04-npt-round-2/md/P-45GPa/multi_nnap_md.xyz,3655,0.179529347,15.729989442144763,5.371459546,5.470039844,49.91298188,16,2.2660324117429416,passed,60,P-45GPa_frame00003655_U0.179529.poscar,False,,,,,,,,0.9999612323
npt_pressure,45,,P-45GPa,Ta-potential/04-npt-round-2/md/P-45GPa/multi_nnap_md.xyz,3705,0.176791404,16.284954765489108,5.585693796,5.572096906,43.00762182,16,2.3375531119311357,passed,61,P-45GPa_frame00003705_U0.176791.poscar,False,,,,,,,,0.9999870358
npt_pressure,45,,P-45GPa,Ta-potential/04-npt-round-2/md/P-45GPa/multi_nnap_md.xyz,3755,0.1830337538,17.04531611203597,5.167317818,5.038456481,31.87659946,16,2.1755618557659537,passed,62,P-45GPa_frame00003755_U0.183034.poscar,False,,,,,,,,0.9999575801
npt_pressure,45,,P-45GPa,Ta-potential/04-npt-round-2/md/P-45GPa/multi_nnap_md.xyz,3810,0.1870175103,16.526398933115406,5.855128056,5.998005679,39.30714075,16,2.350316795235817,passed,63,P-45GPa_frame00003810_U0.187018.poscar,True,68,cur-fill,0.01435558921,000068.poscar,9.069755103e-06,1.246276021e-06,0.9937737269,0.9999975477
npt_pressure,45,,P-45GPa,Ta-potential/04-npt-round-2/md/P-45GPa/multi_nnap_md.xyz,3863,0.1954674642,15.315898057970355,7.166297243,7.271419536,58.98684733,16,2.19815588177708,passed,64,P-45GPa_frame00003863_U0.195467.poscar,False,,,,,,,,0.9999713337
npt_pressure,45,,P-45GPa,Ta-potential/04-npt-round-2/md/P-45GPa/multi_nnap_md.xyz,3927,0.1656367322,15.725694510369005,6.546633478,6.475353672,53.73301826,16,2.2678807923574444,passed,65,P-45GPa_frame00003927_U0.165637.poscar,False,,,,,,,,0.999990342
npt_pressure,45,,P-45GPa,Ta-potential/04-npt-round-2/md/P-45GPa/multi_nnap_md.xyz,3994,0.2058821403,15.66357149212472,8.668215086,8.958777487,54.85236539,16,2.262651269468424,passed,66,P-45GPa_frame00003994_U0.205882.poscar,False,,,,,,,,0.999997362
npt_pressure,45,,P-45GPa,Ta-potential/04-npt-round-2/md/P-45GPa/multi_nnap_md.xyz,4048,0.1690869974,15.966143471383232,7.79947469,7.918677489,45.29387454,16,2.186916476848154,passed,67,P-45GPa_frame00004048_U0.169087.poscar,False,,,,,,,,0.999989526
npt_pressure,45,,P-45GPa,Ta-potential/04-npt-round-2/md/P-45GPa/multi_nnap_md.xyz,4115,0.1727766203,15.581269473427875,5.886899615,5.997950969,54.39237606,16,2.193091840264053,passed,68,P-45GPa_frame00004115_U0.172777.poscar,False,,,,,,,,0.9999952263
npt_pressure,45,,P-45GPa,Ta-potential/04-npt-round-2/md/P-45GPa/multi_nnap_md.xyz,4173,0.1780615104,16.788007835975197,7.085577118,7.3446227,29.44517315,16,2.2860999204330477,passed,69,P-45GPa_frame00004173_U0.178062.poscar,False,,,,,,,,0.9999921157
npt_pressure,45,,P-45GPa,Ta-potential/04-npt-round-2/md/P-45GPa/multi_nnap_md.xyz,4240,0.2399035363,16.501088640965374,7.211396163,7.336716451,36.24952639,16,2.0560477998491655,passed,70,P-45GPa_frame00004240_U0.239904.poscar,False,,,,,,,,0.99998275
npt_pressure,45,,P-45GPa,Ta-potential/04-npt-round-2/md/P-45GPa/multi_nnap_md.xyz,4290,0.182943666,16.254465180310476,5.164939145,5.324160124,36.9248881,16,2.282815035903728,passed,71,P-45GPa_frame00004290_U0.182944.poscar,False,,,,,,,,0.9999882423
npt_pressure,45,,P-45GPa,Ta-potential/04-npt-round-2/md/P-45GPa/multi_nnap_md.xyz,4357,0.189273703,16.300492754513073,6.399109199,6.307562046,39.64886876,16,2.2559399024836155,passed,72,P-45GPa_frame00004357_U0.189274.poscar,False,,,,,,,,0.9999613454
npt_pressure,45,,P-45GPa,Ta-potential/04-npt-round-2/md/P-45GPa/multi_nnap_md.xyz,4409,0.1740459298,16.051690374855628,6.637083657,6.631300713,43.67568554,16,2.2802996760683976,passed,73,P-45GPa_frame00004409_U0.174046.poscar,False,,,,,,,,0.9999697701
npt_pressure,45,,P-45GPa,Ta-potential/04-npt-round-2/md/P-45GPa/multi_nnap_md.xyz,4474,0.2005795893,16.581367596812907,8.739075513,8.808321538,35.286585,16,2.09980825477829,passed,74,P-45GPa_frame00004474_U0.200580.poscar,False,,,,,,,,0.9999863249
npt_pressure,45,,P-45GPa,Ta-potential/04-npt-round-2/md/P-45GPa/multi_nnap_md.xyz,4526,0.1702468911,15.741481537358991,7.082361478,7.114317085,49.33046924,16,2.171947859160683,passed,75,P-45GPa_frame00004526_U0.170247.poscar,False,,,,,,,,0.9999788137
npt_pressure,45,,P-45GPa,Ta-potential/04-npt-round-2/md/P-45GPa/multi_nnap_md.xyz,4578,0.1734718927,15.517978844045373,7.429372434,7.432277551,54.81082332,16,2.2601532058452887,passed,76,P-45GPa_frame00004578_U0.173472.poscar,False,,,,,,,,0.9999977297
npt_pressure,45,,P-45GPa,Ta-potential/04-npt-round-2/md/P-45GPa/multi_nnap_md.xyz,4628,0.2290147199,15.77034929613828,8.300780493,8.486732591,47.58776844,16,2.130622391890801,passed,77,P-45GPa_frame00004628_U0.229015.poscar,True,55,cur-fill,0.02118895712,000055.poscar,4.872653069e-05,7.531969522e-06,0.9878526362,0.9999876985
npt_pressure,45,,P-45GPa,Ta-potential/04-npt-round-2/md/P-45GPa/multi_nnap_md.xyz,4678,0.1922136493,15.84726110985656,7.69960262,7.50934034,50.41826544,16,2.289819011311217,passed,78,P-45GPa_frame00004678_U0.192214.poscar,False,,,,,,,,0.999977967
npt_pressure,45,,P-45GPa,Ta-potential/04-npt-round-2/md/P-45GPa/multi_nnap_md.xyz,4728,0.2875817585,15.94125833585024,5.910619677,5.66729222,51.68719895,16,2.3111019392719547,passed,79,P-45GPa_frame00004728_U0.287582.poscar,False,,,,,,,,0.9999348938
npt_pressure,45,,P-45GPa,Ta-potential/04-npt-round-2/md/P-45GPa/multi_nnap_md.xyz,4778,0.3646619476,15.649371406984674,10.18011223,10.13058989,56.42398506,16,2.1480747405164986,passed,80,P-45GPa_frame00004778_U0.364662.poscar,False,,,,,,,,0.99998126
npt_pressure,45,,P-45GPa,Ta-potential/04-npt-round-2/md/P-45GPa/multi_nnap_md.xyz,4828,0.2616248006,15.198533279133075,8.654443805,8.436543272,61.59123185,16,2.095840377498807,passed,81,P-45GPa_frame00004828_U0.261625.poscar,False,,,,,,,,0.999979559
npt_pressure,45,,P-45GPa,Ta-potential/04-npt-round-2/md/P-45GPa/multi_nnap_md.xyz,4889,0.1794851101,16.38360368239839,6.20674669,6.151718157,37.55320292,16,2.302356957640047,passed,82,P-45GPa_frame00004889_U0.179485.poscar,True,95,cur-fill,0.006006476703,000095.poscar,5.287791644e-06,4.647382379e-07,0.9952197942,0.9999899858
npt_pressure,45,,P-45GPa,Ta-potential/04-npt-round-2/md/P-45GPa/multi_nnap_md.xyz,4945,0.1671504653,15.295926825918588,6.152635836,6.093637598,60.46607964,16,2.340363058624063,passed,83,P-45GPa_frame00004945_U0.167150.poscar,False,,,,,,,,0.9999807977
npt_pressure,45,,P-45GPa,Ta-potential/04-npt-round-2/md/P-45GPa/multi_nnap_md.xyz,4995,0.2159620464,15.484246632306716,8.941357583,9.051353863,51.44265567,16,2.0682808647848967,passed,84,P-45GPa_frame00004995_U0.215962.poscar,False,,,,,,,,0.9999859317
npt_pressure,55,,P-55GPa,Ta-potential/04-npt-round-2/md/P-55GPa/multi_nnap_md.xyz,510,0.1711868646,15.944465022594336,6.236561246,6.268313108,46.78374303,16,2.2503454884865737,passed,1,P-55GPa_frame00000510_U0.171187.poscar,False,,,,,,,,0.9999460109
npt_pressure,55,,P-55GPa,Ta-potential/04-npt-round-2/md/P-55GPa/multi_nnap_md.xyz,560,0.1774443861,15.31142422236922,7.202172328,7.481652357,55.91084504,16,2.1894404192722496,passed,2,P-55GPa_frame00000560_U0.177444.poscar,False,,,,,,,,0.9999967782
npt_pressure,55,,P-55GPa,Ta-potential/04-npt-round-2/md/P-55GPa/multi_nnap_md.xyz,621,0.2197770823,15.414130418117,5.795214591,5.823221951,55.59522701,16,2.3864477733968807,passed,3,P-55GPa_frame00000621_U0.219777.poscar,False,,,,,,,,0.9999775047
npt_pressure,55,,P-55GPa,Ta-potential/04-npt-round-2/md/P-55GPa/multi_nnap_md.xyz,682,0.2098589149,15.664090175625972,8.745977319,8.940425124,50.89493619,16,2.1817382636134566,passed,4,P-55GPa_frame00000682_U0.209859.poscar,False,,,,,,,,0.9999728068
npt_pressure,55,,P-55GPa,Ta-potential/04-npt-round-2/md/P-55GPa/multi_nnap_md.xyz,737,0.2019627964,15.097056386708022,8.285260985,8.356375771,61.34332267,16,2.1741301473260024,passed,5,P-55GPa_frame00000737_U0.201963.poscar,False,,,,,,,,0.9999647364
npt_pressure,55,,P-55GPa,Ta-potential/04-npt-round-2/md/P-55GPa/multi_nnap_md.xyz,787,0.1708876833,15.50204069804,5.918337238,6.050289761,50.71839457,16,2.4018823004320002,passed,6,P-55GPa_frame00000787_U0.170888.poscar,False,,,,,,,,0.9999945503
npt_pressure,55,,P-55GPa,Ta-potential/04-npt-round-2/md/P-55GPa/multi_nnap_md.xyz,854,0.1671492182,15.479432268681593,6.111131394,6.097852325,52.49843137,16,2.3220542008483855,passed,7,P-55GPa_frame00000854_U0.167149.poscar,False,,,,,,,,0.9999856342
npt_pressure,55,,P-55GPa,Ta-potential/04-npt-round-2/md/P-55GPa/multi_nnap_md.xyz,905,0.1651709489,15.49048863088332,6.631662082,6.80499457,51.86984195,16,2.2511785971588707,passed,8,P-55GPa_frame00000905_U0.165171.poscar,False,,,,,,,,0.9999904932
npt_pressure,55,,P-55GPa,Ta-potential/04-npt-round-2/md/P-55GPa/multi_nnap_md.xyz,965,0.1698874237,15.430910985257812,6.436612282,6.466451447,52.17993164,16,2.203111680159153,passed,9,P-55GPa_frame00000965_U0.169887.poscar,False,,,,,,,,0.9999764978
npt_pressure,55,,P-55GPa,Ta-potential/04-npt-round-2/md/P-55GPa/multi_nnap_md.xyz,1018,0.1818024442,15.597759170887409,7.481598164,7.670039472,50.77678067,16,2.2370305113206683,passed,10,P-55GPa_frame00001018_U0.181802.poscar,False,,,,,,,,0.9999860522
npt_pressure,55,,P-55GPa,Ta-potential/04-npt-round-2/md/P-55GPa/multi_nnap_md.xyz,1068,0.2153730624,15.146329765048185,8.560862461,8.919441332,61.79534649,16,2.1932190319383653,passed,11,P-55GPa_frame00001068_U0.215373.poscar,False,,,,,,,,0.999982452
npt_pressure,55,,P-55GPa,Ta-potential/04-npt-round-2/md/P-55GPa/multi_nnap_md.xyz,1134,0.1902092021,15.175838753377883,6.96830281,7.192056113,63.46756438,16,2.2233878384907357,passed,12,P-55GPa_frame00001134_U0.190209.poscar,False,,,,,,,,0.999986233
npt_pressure,55,,P-55GPa,Ta-potential/04-npt-round-2/md/P-55GPa/multi_nnap_md.xyz,1196,0.1768765787,15.66357123561991,7.094812904,7.090077178,54.6083878,16,2.2689190102482177,passed,13,P-55GPa_frame00001196_U0.176877.poscar,False,,,,,,,,0.999982142
npt_pressure,55,,P-55GPa,Ta-potential/04-npt-round-2/md/P-55GPa/multi_nnap_md.xyz,1246,0.1670555738,15.367189035847744,5.367768009,5.353461885,57.06437224,16,2.247814051992817,passed,14,P-55GPa_frame00001246_U0.167056.poscar,False,,,,,,,,0.9999913232
npt_pressure,55,,P-55GPa,Ta-potential/04-npt-round-2/md/P-55GPa/multi_nnap_md.xyz,1298,0.1677725312,15.386949796549867,5.770341568,5.708280952,58.23478359,16,2.302039234408512,passed,15,P-55GPa_frame00001298_U0.167773.poscar,False,,,,,,,,0.9999851532
npt_pressure,55,,P-55GPa,Ta-potential/04-npt-round-2/md/P-55GPa/multi_nnap_md.xyz,1348,0.1666757474,15.71104887012016,6.556802957,6.580248841,50.66478141,16,2.2843696672297553,passed,16,P-55GPa_frame00001348_U0.166676.poscar,False,,,,,,,,0.9999735848
npt_pressure,55,,P-55GPa,Ta-potential/04-npt-round-2/md/P-55GPa/multi_nnap_md.xyz,1398,0.195523416,15.69331625853706,7.775891073,7.901819482,51.78245619,16,2.3468072221217424,passed,17,P-55GPa_frame00001398_U0.195523.poscar,False,,,,,,,,0.9999817945
npt_pressure,55,,P-55GPa,Ta-potential/04-npt-round-2/md/P-55GPa/multi_nnap_md.xyz,1448,0.1949873694,15.522572826704632,8.53676578,8.603176524,56.24260413,16,2.130602427595699,passed,18,P-55GPa_frame00001448_U0.194987.poscar,False,,,,,,,,0.9999943819
npt_pressure,55,,P-55GPa,Ta-potential/04-npt-round-2/md/P-55GPa/multi_nnap_md.xyz,1498,0.23014701,15.617779271577527,7.801425601,7.813816483,56.45703232,16,2.2299955304142642,passed,19,P-55GPa_frame00001498_U0.230147.poscar,False,,,,,,,,0.99998148
npt_pressure,55,,P-55GPa,Ta-potential/04-npt-round-2/md/P-55GPa/multi_nnap_md.xyz,1548,0.2789428547,15.618142729159922,9.082448638,8.881091681,60.14275606,16,2.2122176238329314,passed,20,P-55GPa_frame00001548_U0.278943.poscar,False,,,,,,,,0.9999679559
npt_pressure,55,,P-55GPa,Ta-potential/04-npt-round-2/md/P-55GPa/multi_nnap_md.xyz,1598,0.1964000129,15.629524034484707,6.594311967,6.587240977,54.96296739,16,2.386710979134615,passed,21,P-55GPa_frame00001598_U0.196400.poscar,False,,,,,,,,0.9999810159
npt_pressure,55,,P-55GPa,Ta-potential/04-npt-round-2/md/P-55GPa/multi_nnap_md.xyz,1651,0.1842942139,15.649190685979494,7.737948458,7.83140045,53.39111265,16,2.169772869965381,passed,22,P-55GPa_frame00001651_U0.184294.poscar,False,,,,,,,,0.9999791416
npt_pressure,55,,P-55GPa,Ta-potential/04-npt-round-2/md/P-55GPa/multi_nnap_md.xyz,1701,0.2178416474,15.275663894736605,7.752304354,7.752835992,62.12438795,16,2.2358006449711856,passed,23,P-55GPa_frame00001701_U0.217842.poscar,False,,,,,,,,0.9999708539
npt_pressure,55,,P-55GPa,Ta-potential/04-npt-round-2/md/P-55GPa/multi_nnap_md.xyz,1751,0.1989365064,15.41005820324019,4.996052861,5.034261005,56.29572198,16,2.236361292989498,passed,24,P-55GPa_frame00001751_U0.198937.poscar,False,,,,,,,,0.9999908876
npt_pressure,55,,P-55GPa,Ta-potential/04-npt-round-2/md/P-55GPa/multi_nnap_md.xyz,1805,0.183402676,15.641614996603021,4.924989194,4.980070659,51.93780632,16,2.40257361355028,passed,25,P-55GPa_frame00001805_U0.183403.poscar,False,,,,,,,,0.9999590756
npt_pressure,55,,P-55GPa,Ta-potential/04-npt-round-2/md/P-55GPa/multi_nnap_md.xyz,1858,0.1738525577,15.706142666652246,6.634134541,6.708831929,51.25245991,16,2.298228737546112,passed,26,P-55GPa_frame00001858_U0.173853.poscar,False,,,,,,,,0.9999720805
npt_pressure,55,,P-55GPa,Ta-potential/04-npt-round-2/md/P-55GPa/multi_nnap_md.xyz,1909,0.1779164157,15.215756679634492,6.129510687,6.149820092,60.49048902,16,2.260280038545235,passed,27,P-55GPa_frame00001909_U0.177916.poscar,False,,,,,,,,0.9999781584
npt_pressure,55,,P-55GPa,Ta-potential/04-npt-round-2/md/P-55GPa/multi_nnap_md.xyz,1959,0.231795119,15.207837512912107,7.020873962,7.087091524,62.71251715,16,2.192117800099463,passed,28,P-55GPa_frame00001959_U0.231795.poscar,False,,,,,,,,0.9999836639
npt_pressure,55,,P-55GPa,Ta-potential/04-npt-round-2/md/P-55GPa/multi_nnap_md.xyz,2009,0.1938100299,15.548527545241079,8.028749416,8.149254159,52.94092526,16,2.276434147821893,passed,29,P-55GPa_frame00002009_U0.193810.poscar,False,,,,,,,,0.9999881853
npt_pressure,55,,P-55GPa,Ta-potential/04-npt-round-2/md/P-55GPa/multi_nnap_md.xyz,2061,0.1689298332,15.728198985330454,8.411971446,8.327925256,50.18988816,16,2.2663096710416086,passed,30,P-55GPa_frame00002061_U0.168930.poscar,False,,,,,,,,0.9999823222
npt_pressure,55,,P-55GPa,Ta-potential/04-npt-round-2/md/P-55GPa/multi_nnap_md.xyz,2111,0.3244040997,15.686686279891164,7.345345398,7.098694841,57.35720516,16,2.2000018467481817,passed,31,P-55GPa_frame00002111_U0.324404.poscar,False,,,,,,,,0.9999879278
npt_pressure,55,,P-55GPa,Ta-potential/04-npt-round-2/md/P-55GPa/multi_nnap_md.xyz,2161,0.2232283725,15.256838341387722,7.156709014,7.156620404,66.03199015,16,2.223075639352424,passed,32,P-55GPa_frame00002161_U0.223228.poscar,False,,,,,,,,0.9999964259
npt_pressure,55,,P-55GPa,Ta-potential/04-npt-round-2/md/P-55GPa/multi_nnap_md.xyz,2214,0.2426594059,15.819020095647188,8.432975135,8.323499126,51.60325238,16,2.0190059009759094,passed,33,P-55GPa_frame00002214_U0.242659.poscar,False,,,,,,,,0.9999954488
npt_pressure,55,,P-55GPa,Ta-potential/04-npt-round-2/md/P-55GPa/multi_nnap_md.xyz,2267,0.1741907486,16.081137621285638,6.423289659,6.319654991,44.75133074,16,2.245827114892137,passed,34,P-55GPa_frame00002267_U0.174191.poscar,True,86,cur-fill,0.008284539418,000086.poscar,5.287791644e-06,5.914663521e-07,0.99564427,0.9999690989
npt_pressure,55,,P-55GPa,Ta-potential/04-npt-round-2/md/P-55GPa/multi_nnap_md.xyz,2325,0.1837294568,15.864628801088667,6.614472322,6.656577626,49.1126676,16,2.182794013069525,passed,35,P-55GPa_frame00002325_U0.183729.poscar,False,,,,,,,,0.9999842684
npt_pressure,55,,P-55GPa,Ta-potential/04-npt-round-2/md/P-55GPa/multi_nnap_md.xyz,2381,0.3661860672,14.887228429380109,9.506362035,9.252190009,67.85409831,16,2.071759470434437,passed,36,P-55GPa_frame00002381_U0.366186.poscar,True,14,cur-fill,0.02691690855,000014.poscar,0.006827827721,0.001195404244,0.9564548217,0.9999919384
npt_pressure,55,,P-55GPa,Ta-potential/04-npt-round-2/md/P-55GPa/multi_nnap_md.xyz,2431,0.2896219746,14.656021356003945,8.549163106,8.528970027,72.98489814,16,2.122107079495465,passed,37,P-55GPa_frame00002431_U0.289622.poscar,False,,,,,,,,0.9999632435
npt_pressure,55,,P-55GPa,Ta-potential/04-npt-round-2/md/P-55GPa/multi_nnap_md.xyz,2481,0.2433199908,14.982155478922369,7.039235615,7.026010143,64.25058126,16,1.987004065896104,passed,38,P-55GPa_frame00002481_U0.243320.poscar,False,,,,,,,,0.9999932251
npt_pressure,55,,P-55GPa,Ta-potential/04-npt-round-2/md/P-55GPa/multi_nnap_md.xyz,2537,0.2171483622,15.523583911169478,7.971098961,7.963008774,53.30764515,16,2.247241371200208,passed,39,P-55GPa_frame00002537_U0.217148.poscar,False,,,,,,,,0.9999939831
npt_pressure,55,,P-55GPa,Ta-potential/04-npt-round-2/md/P-55GPa/multi_nnap_md.xyz,2587,0.1777638667,15.338337502773506,7.773324634,7.844696194,57.162889,16,2.1972260619524184,passed,40,P-55GPa_frame00002587_U0.177764.poscar,False,,,,,,,,0.9999832339
npt_pressure,55,,P-55GPa,Ta-potential/04-npt-round-2/md/P-55GPa/multi_nnap_md.xyz,2637,0.201840158,15.397003115476087,8.120250203,8.264299667,54.43157888,16,2.206534830805282,passed,41,P-55GPa_frame00002637_U0.201840.poscar,False,,,,,,,,0.999982552
npt_pressure,55,,P-55GPa,Ta-potential/04-npt-round-2/md/P-55GPa/multi_nnap_md.xyz,2687,0.2198189797,15.162680738188104,5.949265014,6.141139294,62.03238224,16,2.259347762376187,passed,42,P-55GPa_frame00002687_U0.219819.poscar,False,,,,,,,,0.999979536
npt_pressure,55,,P-55GPa,Ta-potential/04-npt-round-2/md/P-55GPa/multi_nnap_md.xyz,2737,0.166938467,15.268391717729392,9.140491835,9.151636267,60.67876414,16,2.137939307597871,passed,43,P-55GPa_frame00002737_U0.166938.poscar,False,,,,,,,,0.999964606
npt_pressure,55,,P-55GPa,Ta-potential/04-npt-round-2/md/P-55GPa/multi_nnap_md.xyz,2787,0.1688545323,15.314769499688255,7.225338042,7.433041552,62.65248496,16,2.307987993744884,passed,44,P-55GPa_frame00002787_U0.168855.poscar,False,,,,,,,,0.9999764635
npt_pressure,55,,P-55GPa,Ta-potential/04-npt-round-2/md/P-55GPa/multi_nnap_md.xyz,2837,0.2387864279,15.507791789272948,7.399460213,7.237590251,54.57656422,16,2.1844137471727554,passed,45,P-55GPa_frame00002837_U0.238786.poscar,False,,,,,,,,0.9999837624
npt_pressure,55,,P-55GPa,Ta-potential/04-npt-round-2/md/P-55GPa/multi_nnap_md.xyz,2892,0.2146503345,15.59425334540951,8.379404253,8.400388235,52.68336594,16,2.1355047172237027,passed,46,P-55GPa_frame00002892_U0.214650.poscar,False,,,,,,,,0.9999941143
npt_pressure,55,,P-55GPa,Ta-potential/04-npt-round-2/md/P-55GPa/multi_nnap_md.xyz,2944,0.171174211,14.845367041722616,6.103023363,6.160510173,69.12559985,16,2.211198798651311,passed,47,P-55GPa_frame00002944_U0.171174.poscar,False,,,,,,,,0.9999820384
npt_pressure,55,,P-55GPa,Ta-potential/04-npt-round-2/md/P-55GPa/multi_nnap_md.xyz,2996,0.1866157159,15.489726986352938,6.860743818,6.846824022,56.54979841,16,2.2287505785426456,passed,48,P-55GPa_frame00002996_U0.186616.poscar,False,,,,,,,,0.9999785062
npt_pressure,55,,P-55GPa,Ta-potential/04-npt-round-2/md/P-55GPa/multi_nnap_md.xyz,3046,0.2211409908,15.947402213618162,6.503380995,6.399994564,49.27040792,16,2.1916746771083333,passed,49,P-55GPa_frame00003046_U0.221141.poscar,False,,,,,,,,0.9999928517
npt_pressure,55,,P-55GPa,Ta-potential/04-npt-round-2/md/P-55GPa/multi_nnap_md.xyz,3098,0.1729361089,15.897351351919191,7.465176528,7.670215133,48.80254969,16,2.207289269208733,passed,50,P-55GPa_frame00003098_U0.172936.poscar,False,,,,,,,,0.9999939911
npt_pressure,55,,P-55GPa,Ta-potential/04-npt-round-2/md/P-55GPa/multi_nnap_md.xyz,3148,0.3589144902,15.556398032874998,7.75179871,7.658149469,56.24310495,16,2.2023644419362656,passed,51,P-55GPa_frame00003148_U0.358914.poscar,True,23,cur-fill,0.02354830217,000023.poscar,0.001902356118,0.0003401059482,0.9566386472,0.9999905067
npt_pressure,55,,P-55GPa,Ta-potential/04-npt-round-2/md/P-55GPa/multi_nnap_md.xyz,3199,0.2505615424,15.163485054332007,8.350545092,8.273202305,66.61781542,16,2.207298869161298,passed,52,P-55GPa_frame00003199_U0.250562.poscar,False,,,,,,,,0.9999827505
npt_pressure,55,,P-55GPa,Ta-potential/04-npt-round-2/md/P-55GPa/multi_nnap_md.xyz,3249,0.2083255812,15.247908999074586,8.276311408,8.077373021,64.29964121,16,2.2433628037483246,passed,53,P-55GPa_frame00003249_U0.208326.poscar,False,,,,,,,,0.9999675718
npt_pressure,55,,P-55GPa,Ta-potential/04-npt-round-2/md/P-55GPa/multi_nnap_md.xyz,3305,0.1652173504,15.918616895569947,6.698846628,6.740209116,48.35417302,16,2.226110482432625,passed,54,P-55GPa_frame00003305_U0.165217.poscar,False,,,,,,,,0.9999735833
npt_pressure,55,,P-55GPa,Ta-potential/04-npt-round-2/md/P-55GPa/multi_nnap_md.xyz,3356,0.1942680658,14.785662260753115,8.964205845,9.156669226,72.67127827,16,2.2042539439586064,passed,55,P-55GPa_frame00003356_U0.194268.poscar,False,,,,,,,,0.9999651387
npt_pressure,55,,P-55GPa,Ta-potential/04-npt-round-2/md/P-55GPa/multi_nnap_md.xyz,3412,0.2109801333,16.08925986852296,9.032606127,9.080394895,41.55531726,16,2.0741064361567134,passed,56,P-55GPa_frame00003412_U0.210980.poscar,False,,,,,,,,0.9999757766
npt_pressure,55,,P-55GPa,Ta-potential/04-npt-round-2/md/P-55GPa/multi_nnap_md.xyz,3473,0.1690000376,15.533986979858371,7.331720798,7.464082342,53.56769442,16,2.2044941474957245,passed,57,P-55GPa_frame00003473_U0.169000.poscar,False,,,,,,,,0.9999765284
npt_pressure,55,,P-55GPa,Ta-potential/04-npt-round-2/md/P-55GPa/multi_nnap_md.xyz,3523,0.1656498961,16.0276550361083,6.306696792,6.219996659,41.36808275,16,2.2906566518967004,passed,58,P-55GPa_frame00003523_U0.165650.poscar,False,,,,,,,,0.9999871365
npt_pressure,55,,P-55GPa,Ta-potential/04-npt-round-2/md/P-55GPa/multi_nnap_md.xyz,3580,0.232167048,14.750626021778054,7.843188497,8.117181937,71.64585897,16,2.282297824689578,passed,59,P-55GPa_frame00003580_U0.232167.poscar,False,,,,,,,,0.9999803816
npt_pressure,55,,P-55GPa,Ta-potential/04-npt-round-2/md/P-55GPa/multi_nnap_md.xyz,3630,0.2098941718,15.3739373384449,7.792129801,8.029612402,57.77857135,16,2.302772972358346,passed,60,P-55GPa_frame00003630_U0.209894.poscar,False,,,,,,,,0.9999885664
npt_pressure,55,,P-55GPa,Ta-potential/04-npt-round-2/md/P-55GPa/multi_nnap_md.xyz,3680,0.3249848313,15.416962292838134,5.99059784,5.973984673,64.57253257,16,2.284633120742879,passed,61,P-55GPa_frame00003680_U0.324985.poscar,False,,,,,,,,0.9999913836
npt_pressure,55,,P-55GPa,Ta-potential/04-npt-round-2/md/P-55GPa/multi_nnap_md.xyz,3730,0.2978821078,15.905154330432012,6.856248659,7.015177095,53.07238023,16,2.143660763638378,passed,62,P-55GPa_frame00003730_U0.297882.poscar,False,,,,,,,,0.9999526483
npt_pressure,55,,P-55GPa,Ta-potential/04-npt-round-2/md/P-55GPa/multi_nnap_md.xyz,3780,0.2559954241,15.921446311124559,8.148274859,7.950289683,51.60953861,16,2.3042331302751773,passed,63,P-55GPa_frame00003780_U0.255995.poscar,False,,,,,,,,0.9999925223
npt_pressure,55,,P-55GPa,Ta-potential/04-npt-round-2/md/P-55GPa/multi_nnap_md.xyz,3831,0.1694520757,16.120247035455318,6.498660801,6.455902459,43.30829839,16,2.306290718390217,passed,64,P-55GPa_frame00003831_U0.169452.poscar,False,,,,,,,,0.9999673156
npt_pressure,55,,P-55GPa,Ta-potential/04-npt-round-2/md/P-55GPa/multi_nnap_md.xyz,3888,0.1857630868,14.869750892133588,6.512122074,6.612052668,70.23651506,16,2.1826143070619315,passed,65,P-55GPa_frame00003888_U0.185763.poscar,False,,,,,,,,0.9999858284
npt_pressure,55,,P-55GPa,Ta-potential/04-npt-round-2/md/P-55GPa/multi_nnap_md.xyz,3951,0.1931850314,14.65757721769421,7.830734188,7.734168407,78.19100639,16,2.147883651341978,passed,66,P-55GPa_frame00003951_U0.193185.poscar,True,28,cur-fill,0.01921403254,000028.poscar,0.00123834713,0.0002175924579,0.9797000486,0.9999184589
npt_pressure,55,,P-55GPa,Ta-potential/04-npt-round-2/md/P-55GPa/multi_nnap_md.xyz,4009,0.1856126483,16.030572126021738,6.208154889,6.25415138,46.14957903,16,2.2758672568841876,passed,67,P-55GPa_frame00004009_U0.185613.poscar,False,,,,,,,,0.9999454271
npt_pressure,55,,P-55GPa,Ta-potential/04-npt-round-2/md/P-55GPa/multi_nnap_md.xyz,4069,0.16624497,15.713378583306241,8.14714552,8.221966098,50.89382231,16,2.1813706667828914,passed,68,P-55GPa_frame00004069_U0.166245.poscar,False,,,,,,,,0.9999803807
npt_pressure,55,,P-55GPa,Ta-potential/04-npt-round-2/md/P-55GPa/multi_nnap_md.xyz,4119,0.2293415324,15.748938256596276,7.119415738,7.3427164,44.00664682,16,2.0715134739432055,passed,69,P-55GPa_frame00004119_U0.229342.poscar,False,,,,,,,,0.9999959787
npt_pressure,55,,P-55GPa,Ta-potential/04-npt-round-2/md/P-55GPa/multi_nnap_md.xyz,4176,0.1929981481,14.904740220678574,7.394182967,7.484068008,64.98955359,16,2.1961557214563183,passed,70,P-55GPa_frame00004176_U0.192998.poscar,False,,,,,,,,0.9999781145
npt_pressure,55,,P-55GPa,Ta-potential/04-npt-round-2/md/P-55GPa/multi_nnap_md.xyz,4232,0.1687961436,16.05340467221004,7.23743564,7.456486233,39.72683499,16,2.2723835705139144,passed,71,P-55GPa_frame00004232_U0.168796.poscar,False,,,,,,,,0.9999855849
npt_pressure,55,,P-55GPa,Ta-potential/04-npt-round-2/md/P-55GPa/multi_nnap_md.xyz,4305,0.1920631079,15.24726806862691,8.744242233,8.850029569,62.4614877,16,2.250446246745598,passed,72,P-55GPa_frame00004305_U0.192063.poscar,False,,,,,,,,0.999972137
npt_pressure,55,,P-55GPa,Ta-potential/04-npt-round-2/md/P-55GPa/multi_nnap_md.xyz,4360,0.1764695028,15.925094172550027,5.049651851,5.014036529,46.27768819,16,2.397301726298736,passed,73,P-55GPa_frame00004360_U0.176470.poscar,False,,,,,,,,0.9999735882
npt_pressure,55,,P-55GPa,Ta-potential/04-npt-round-2/md/P-55GPa/multi_nnap_md.xyz,4412,0.1731385217,14.794859139482233,6.243386681,6.253328219,70.27374638,16,2.2514985051624,passed,74,P-55GPa_frame00004412_U0.173139.poscar,False,,,,,,,,0.9999881948
npt_pressure,55,,P-55GPa,Ta-potential/04-npt-round-2/md/P-55GPa/multi_nnap_md.xyz,4479,0.1814244072,15.238740325790893,6.028637235,6.093703159,60.33894907,16,2.207826031998575,passed,75,P-55GPa_frame00004479_U0.181424.poscar,False,,,,,,,,0.9999935954
npt_pressure,55,,P-55GPa,Ta-potential/04-npt-round-2/md/P-55GPa/multi_nnap_md.xyz,4539,0.1790256632,14.50847175362764,8.670514801,8.519573976,81.84681634,16,2.151843130707743,passed,76,P-55GPa_frame00004539_U0.179026.poscar,True,62,cur-fill,0.01575990976,000062.poscar,2.170553956e-05,2.933898865e-06,0.9498887826,0.99990593
npt_pressure,55,,P-55GPa,Ta-potential/04-npt-round-2/md/P-55GPa/multi_nnap_md.xyz,4604,0.2087539006,14.721833501522715,7.964414911,7.824018998,74.30430385,16,2.149553678832658,passed,77,P-55GPa_frame00004604_U0.208754.poscar,False,,,,,,,,0.9999732208
npt_pressure,55,,P-55GPa,Ta-potential/04-npt-round-2/md/P-55GPa/multi_nnap_md.xyz,4654,0.1702074821,15.24868358781285,6.242772821,6.364648641,57.92554959,16,2.1842181769969056,passed,78,P-55GPa_frame00004654_U0.170207.poscar,False,,,,,,,,0.9999810158
npt_pressure,55,,P-55GPa,Ta-potential/04-npt-round-2/md/P-55GPa/multi_nnap_md.xyz,4710,0.1755330383,15.403672968891774,6.479299569,6.536937031,54.77416995,16,2.349676256914822,passed,79,P-55GPa_frame00004710_U0.175533.poscar,False,,,,,,,,0.9999856381
npt_pressure,55,,P-55GPa,Ta-potential/04-npt-round-2/md/P-55GPa/multi_nnap_md.xyz,4763,0.1777419213,14.391852496770817,7.044910375,7.049048663,84.00359807,16,2.333390280428158,passed,80,P-55GPa_frame00004763_U0.177742.poscar,False,,,,,,,,0.9999767885
npt_pressure,55,,P-55GPa,Ta-potential/04-npt-round-2/md/P-55GPa/multi_nnap_md.xyz,4813,0.2283759322,15.896641690958878,9.254927361,8.977011537,50.73258588,16,2.227105715671419,passed,81,P-55GPa_frame00004813_U0.228376.poscar,False,,,,,,,,0.9999879337
npt_pressure,55,,P-55GPa,Ta-potential/04-npt-round-2/md/P-55GPa/multi_nnap_md.xyz,4863,0.1853900872,17.080661484461398,6.167660982,6.392897557,32.01784103,16,2.330609302390201,passed,82,P-55GPa_frame00004863_U0.185390.poscar,False,,,,,,,,0.9999864884
npt_pressure,55,,P-55GPa,Ta-potential/04-npt-round-2/md/P-55GPa/multi_nnap_md.xyz,4913,0.183622379,16.856367600427387,6.058829156,5.965927862,35.52134167,16,2.3211084635935855,passed,83,P-55GPa_frame00004913_U0.183622.poscar,False,,,,,,,,0.9999836871
npt_pressure,55,,P-55GPa,Ta-potential/04-npt-round-2/md/P-55GPa/multi_nnap_md.xyz,4963,0.2119953392,15.832704125365359,6.265653392,6.476733911,50.28839756,16,2.304969722582228,passed,84,P-55GPa_frame00004963_U0.211995.poscar,False,,,,,,,,0.9999688422
