source_type,source_value,scale_factor,trajectory,trajectory_path,frame,uncertainty,volume_per_atom,max_force,max_force_model0,instant_pressure_gpa,natoms,min_distance_A,physical_gate_status,candidate_rank_source,candidate_file,final_selected,cur_rank,cur_phase,cur_score,selected_file,singular_value,residual_norm,max_similarity_selected,max_similarity_base
npt_pressure,2,,P-2GPa,Ti-potential/04-npt-round-2/md/P-2GPa/multi_nnap_md.xyz,504,0.1395669843,17.520118092538862,3.150029973,3.275098962,4.517053676,16,2.0088486205095775,passed,1,P-2GPa_frame00000504_U0.139567.poscar,False,,,,,,,,0.9999765222
npt_pressure,2,,P-2GPa,Ti-potential/04-npt-round-2/md/P-2GPa/multi_nnap_md.xyz,556,0.1431635955,17.47355022132802,3.732733527,3.755968209,3.5850925,16,2.132151301462308,passed,2,P-2GPa_frame00000556_U0.143164.poscar,False,,,,,,,,0.9999754461
npt_pressure,2,,P-2GPa,Ti-potential/04-npt-round-2/md/P-2GPa/multi_nnap_md.xyz,607,0.1545326579,17.72231770016169,3.662807675,3.701802647,3.420676518,16,2.1806185908204014,passed,3,P-2GPa_frame00000607_U0.154533.poscar,False,,,,,,,,0.9999774645
npt_pressure,2,,P-2GPa,Ti-potential/04-npt-round-2/md/P-2GPa/multi_nnap_md.xyz,659,0.1388235382,18.612932160754095,3.551345393,3.509272499,-0.460188329,16,2.2616129801695104,passed,4,P-2GPa_frame00000659_U0.138824.poscar,False,,,,,,,,0.9999023937
npt_pressure,2,,P-2GPa,Ti-potential/04-npt-round-2/md/P-2GPa/multi_nnap_md.xyz,716,0.1478549451,18.517350874653417,4.250520458,4.303229523,1.423259237,16,2.1384892650935377,passed,5,P-2GPa_frame00000716_U0.147855.poscar,False,,,,,,,,0.9999762095
npt_pressure,2,,P-2GPa,Ti-potential/04-npt-round-2/md/P-2GPa/multi_nnap_md.xyz,768,0.1679026391,18.37282213664789,3.613842888,3.596273507,0.05060486086,16,2.086040829172316,passed,6,P-2GPa_frame00000768_U0.167903.poscar,False,,,,,,,,0.999870445
npt_pressure,2,,P-2GPa,Ti-potential/04-npt-round-2/md/P-2GPa/multi_nnap_md.xyz,818,0.1883694086,18.414151388101317,2.910644487,2.950705551,3.801369874,16,2.3212170282786473,passed,7,P-2GPa_frame00000818_U0.188369.poscar,True,23,cur-fill,0.04209503434,000023.poscar,0.003303961329,0.0007529802431,0.9835583078,0.999966734
npt_pressure,2,,P-2GPa,Ti-potential/04-npt-round-2/md/P-2GPa/multi_nnap_md.xyz,869,0.1664624752,17.452526101939114,2.913873761,2.895322728,4.229957087,16,1.9418415632668629,passed,8,P-2GPa_frame00000869_U0.166462.poscar,False,,,,,,,,0.9999839346
npt_pressure,2,,P-2GPa,Ti-potential/04-npt-round-2/md/P-2GPa/multi_nnap_md.xyz,925,0.1358174093,17.16841606514553,3.097393821,3.12674181,5.174637912,16,2.225933260071976,passed,9,P-2GPa_frame00000925_U0.135817.poscar,True,4,cur-fill,0.01715740975,000004.poscar,0.0896400715,0.01292909888,0.8611125576,0.9999461068
npt_pressure,2,,P-2GPa,Ti-potential/04-npt-round-2/md/P-2GPa/multi_nnap_md.xyz,975,0.2435007424,17.912601323335842,3.0080256,3.043690632,2.584944633,16,1.98801853492511,passed,10,P-2GPa_frame00000975_U0.243501.poscar,False,,,,,,,,0.9999700793
npt_pressure,2,,P-2GPa,Ti-potential/04-npt-round-2/md/P-2GPa/multi_nnap_md.xyz,1029,0.136548863,18.782926374150325,3.719008123,3.685711768,0.384875992,16,2.121210215033861,passed,11,P-2GPa_frame00001029_U0.136549.poscar,True,36,cur-fill,0.03100350786,000036.poscar,0.0007754913543,0.0001537005325,0.9948554425,0.9999916442
npt_pressure,2,,P-2GPa,Ti-potential/04-npt-round-2/md/P-2GPa/multi_nnap_md.xyz,1081,0.1396378711,19.366294845820143,3.100082139,3.049472984,-3.312016849,16,2.0349041399241052,passed,12,P-2GPa_frame00001081_U0.139638.poscar,False,,,,,,,,0.9999775698
npt_pressure,2,,P-2GPa,Ti-potential/04-npt-round-2/md/P-2GPa/multi_nnap_md.xyz,1131,0.1903313956,18.523029638873208,4.295514921,4.261359794,-0.6825516593,16,1.873445387195629,passed,13,P-2GPa_frame00001131_U0.190331.poscar,False,,,,,,,,0.9999548574
npt_pressure,2,,P-2GPa,Ti-potential/04-npt-round-2/md/P-2GPa/multi_nnap_md.xyz,1185,0.1431930532,18.08003448555097,3.710971188,3.698646836,2.132366885,16,2.1161150536648683,passed,14,P-2GPa_frame00001185_U0.143193.poscar,True,15,cur-fill,0.0361589751,000015.poscar,0.008555054159,0.001855105465,0.9886983133,0.9999634381
npt_pressure,2,,P-2GPa,Ti-potential/04-npt-round-2/md/P-2GPa/multi_nnap_md.xyz,1244,0.1627360125,17.46269611672958,3.852153154,3.927835747,4.33140647,16,1.9520920734811888,passed,15,P-2GPa_frame00001244_U0.162736.poscar,False,,,,,,,,0.9999857656
npt_pressure,2,,P-2GPa,Ti-potential/04-npt-round-2/md/P-2GPa/multi_nnap_md.xyz,1300,0.1455420463,17.209743244987433,3.293468761,3.286656812,5.537051368,16,2.1075206644643747,passed,16,P-2GPa_frame00001300_U0.145542.poscar,False,,,,,,,,0.9999832513
npt_pressure,2,,P-2GPa,Ti-potential/04-npt-round-2/md/P-2GPa/multi_nnap_md.xyz,1353,0.1434802155,17.965217102282583,2.698530683,2.658452068,2.272201587,16,2.2546351069002744,passed,17,P-2GPa_frame00001353_U0.143480.poscar,False,,,,,,,,0.9999852547
npt_pressure,2,,P-2GPa,Ti-potential/04-npt-round-2/md/P-2GPa/multi_nnap_md.xyz,1405,0.1384972828,17.793544702203015,2.671824062,2.674432014,3.47134144,16,2.095637846092144,passed,18,P-2GPa_frame00001405_U0.138497.poscar,False,,,,,,,,0.9999464773
npt_pressure,2,,P-2GPa,Ti-potential/04-npt-round-2/md/P-2GPa/multi_nnap_md.xyz,1459,0.1796372881,17.81931178784278,3.560109523,3.7501517,2.633487858,16,2.11860625432608,passed,19,P-2GPa_frame00001459_U0.179637.poscar,False,,,,,,,,0.9999768972
npt_pressure,2,,P-2GPa,Ti-potential/04-npt-round-2/md/P-2GPa/multi_nnap_md.xyz,1520,0.1449672546,17.579417124031085,2.435439473,2.503201738,2.280195586,16,2.1892920172687416,passed,20,P-2GPa_frame00001520_U0.144967.poscar,False,,,,,,,,0.9999853021
npt_pressure,2,,P-2GPa,Ti-potential/04-npt-round-2/md/P-2GPa/multi_nnap_md.xyz,1582,0.1828041088,17.20400273992382,2.866263918,2.78063956,5.895152603,16,2.031358763743562,passed,21,P-2GPa_frame00001582_U0.182804.poscar,True,33,cur-fill,0.01487099758,000033.poscar,0.001035411288,0.0001684937213,0.9876634949,0.9999692467
npt_pressure,2,,P-2GPa,Ti-potential/04-npt-round-2/md/P-2GPa/multi_nnap_md.xyz,1638,0.1443874468,16.83844477352934,3.571711284,3.546540259,8.19419751,16,2.166029113183501,passed,22,P-2GPa_frame00001638_U0.144387.poscar,False,,,,,,,,0.9999691229
npt_pressure,2,,P-2GPa,Ti-potential/04-npt-round-2/md/P-2GPa/multi_nnap_md.xyz,1688,0.142296759,18.056738012764868,2.761563906,2.679144655,-1.093668682,16,2.090191122150786,passed,23,P-2GPa_frame00001688_U0.142297.poscar,True,7,cur-fill,0.02823979215,000007.poscar,0.03955389409,0.007178963329,0.8408912262,0.9998834424
npt_pressure,2,,P-2GPa,Ti-potential/04-npt-round-2/md/P-2GPa/multi_nnap_md.xyz,1767,0.1536595282,18.552193779064208,3.483361557,3.524647376,-1.634807729,16,2.033651339996465,passed,24,P-2GPa_frame00001767_U0.153660.poscar,False,,,,,,,,0.9999722069
npt_pressure,2,,P-2GPa,Ti-potential/04-npt-round-2/md/P-2GPa/multi_nnap_md.xyz,1818,0.1341634062,19.033011803636445,3.83732841,3.790596154,-3.028396925,16,2.3212756710202425,passed,25,P-2GPa_frame00001818_U0.134163.poscar,True,41,cur-fill,0.01916593754,000041.poscar,0.0004451245588,7.099283778e-05,0.9773180841,0.9999794808
npt_pressure,2,,P-2GPa,Ti-potential/04-npt-round-2/md/P-2GPa/multi_nnap_md.xyz,1885,0.1718820201,17.92694233079336,3.423568929,3.332344206,3.362076175,16,2.115615654618301,passed,26,P-2GPa_frame00001885_U0.171882.poscar,False,,,,,,,,0.999974396
npt_pressure,2,,P-2GPa,Ti-potential/04-npt-round-2/md/P-2GPa/multi_nnap_md.xyz,1935,0.1450963379,18.375962146170462,3.20000598,3.234156628,2.220994272,16,2.0994656135095457,passed,27,P-2GPa_frame00001935_U0.145096.poscar,True,3,cur-fill,0.00894458077,000003.poscar,0.178981995,0.0173833477,0.8534808699,0.9999590619
npt_pressure,2,,P-2GPa,Ti-potential/04-npt-round-2/md/P-2GPa/multi_nnap_md.xyz,1985,0.2688987155,18.170976173731283,4.749549633,4.672456681,3.12846937,16,1.874474148602463,passed,28,P-2GPa_frame00001985_U0.268899.poscar,False,,,,,,,,0.9999911032
npt_pressure,2,,P-2GPa,Ti-potential/04-npt-round-2/md/P-2GPa/multi_nnap_md.xyz,2035,0.1718742371,16.884514832933704,3.616793064,3.680165542,7.518375654,16,2.017049361222188,passed,29,P-2GPa_frame00002035_U0.171874.poscar,False,,,,,,,,0.9999868167
npt_pressure,2,,P-2GPa,Ti-potential/04-npt-round-2/md/P-2GPa/multi_nnap_md.xyz,2092,0.14091485,16.82853167506104,2.822544115,2.92772132,9.050766385,16,2.1558828395897236,passed,30,P-2GPa_frame00002092_U0.140915.poscar,False,,,,,,,,0.9999759132
npt_pressure,2,,P-2GPa,Ti-potential/04-npt-round-2/md/P-2GPa/multi_nnap_md.xyz,2143,0.1609997794,17.53889186657203,3.074406616,3.121272433,2.004930599,16,1.980661911876664,passed,31,P-2GPa_frame00002143_U0.161000.poscar,False,,,,,,,,0.9999572511
npt_pressure,2,,P-2GPa,Ti-potential/04-npt-round-2/md/P-2GPa/multi_nnap_md.xyz,2230,0.200110777,17.004689628114146,3.216090233,3.239091585,5.851984263,16,2.0449173423253653,passed,32,P-2GPa_frame00002230_U0.200111.poscar,True,85,cur-fill,0.008583624447,000085.poscar,4.866441109e-06,5.435550976e-07,0.9925517097,0.9999876063
npt_pressure,2,,P-2GPa,Ti-potential/04-npt-round-2/md/P-2GPa/multi_nnap_md.xyz,2291,0.1565652992,17.03968440590888,3.545357872,3.670835036,5.67436813,16,1.8855488539438983,passed,33,P-2GPa_frame00002291_U0.156565.poscar,False,,,,,,,,0.9999817743
npt_pressure,2,,P-2GPa,Ti-potential/04-npt-round-2/md/P-2GPa/multi_nnap_md.xyz,2342,0.1434558031,17.1225524709227,3.204618761,3.253644412,4.517973132,16,2.0649588076243908,passed,34,P-2GPa_frame00002342_U0.143456.poscar,False,,,,,,,,0.999994916
npt_pressure,2,,P-2GPa,Ti-potential/04-npt-round-2/md/P-2GPa/multi_nnap_md.xyz,2392,0.1598155679,18.72301717946777,3.572260652,3.592815339,0.9977015424,16,2.1661351553289387,passed,35,P-2GPa_frame00002392_U0.159816.poscar,False,,,,,,,,0.9999887473
npt_pressure,2,,P-2GPa,Ti-potential/04-npt-round-2/md/P-2GPa/multi_nnap_md.xyz,2442,0.1561647668,18.85120361916859,3.3377517,3.228453625,-1.840190575,16,2.1992043673868094,passed,36,P-2GPa_frame00002442_U0.156165.poscar,True,50,cur-fill,0.03505508763,000050.poscar,0.0001677479782,3.373003858e-05,0.9906478285,0.9999280155
npt_pressure,2,,P-2GPa,Ti-potential/04-npt-round-2/md/P-2GPa/multi_nnap_md.xyz,2492,0.1950605733,17.724212548213828,3.88045163,4.070100415,4.374817693,16,1.9658530044758076,passed,37,P-2GPa_frame00002492_U0.195061.poscar,False,,,,,,,,0.9999838383
npt_pressure,2,,P-2GPa,Ti-potential/04-npt-round-2/md/P-2GPa/multi_nnap_md.xyz,2542,0.1482705237,16.7887433130994,3.432989067,3.356850323,8.113532582,16,1.9636647778996597,passed,38,P-2GPa_frame00002542_U0.148271.poscar,True,65,cur-fill,0.01844589904,000065.poscar,3.532571718e-05,5.711286922e-06,0.9635607623,0.9999701718
npt_pressure,2,,P-2GPa,Ti-potential/04-npt-round-2/md/P-2GPa/multi_nnap_md.xyz,2592,0.1511672606,18.723170821104357,3.251617327,3.384554413,-0.0531893046,16,2.13681442821279,passed,39,P-2GPa_frame00002592_U0.151167.poscar,False,,,,,,,,0.9999666429
npt_pressure,2,,P-2GPa,Ti-potential/04-npt-round-2/md/P-2GPa/multi_nnap_md.xyz,2646,0.1345696269,18.67417779925006,1.991807694,1.987110843,-2.376975339,16,2.1293410493106277,passed,40,P-2GPa_frame00002646_U0.134570.poscar,True,40,cur-fill,0.02096256241,000040.poscar,0.000478968145,8.025224125e-05,0.9894448238,0.9999833447
npt_pressure,2,,P-2GPa,Ti-potential/04-npt-round-2/md/P-2GPa/multi_nnap_md.xyz,2702,0.1413195981,19.128823943370705,3.075139984,3.159191339,-4.357486011,16,2.061574828312251,passed,41,P-2GPa_frame00002702_U0.141320.poscar,False,,,,,,,,0.9999667356
npt_pressure,2,,P-2GPa,Ti-potential/04-npt-round-2/md/P-2GPa/multi_nnap_md.xyz,2766,0.143980127,16.760589559478344,3.553853067,3.592403875,8.596290012,16,1.9579987808694648,passed,42,P-2GPa_frame00002766_U0.143980.poscar,False,,,,,,,,0.9999770562
npt_pressure,2,,P-2GPa,Ti-potential/04-npt-round-2/md/P-2GPa/multi_nnap_md.xyz,2820,0.1458171117,16.517594450843223,2.439751856,2.52138109,8.79065776,16,2.1919344934099523,passed,43,P-2GPa_frame00002820_U0.145817.poscar,False,,,,,,,,0.9999783862
npt_pressure,2,,P-2GPa,Ti-potential/04-npt-round-2/md/P-2GPa/multi_nnap_md.xyz,2873,0.1586000695,17.52768202167936,3.356932802,3.176522326,2.472046168,16,1.9640635747280784,passed,44,P-2GPa_frame00002873_U0.158600.poscar,True,98,cur-fill,0.006556228332,000098.poscar,4.866441109e-06,5.255653426e-07,0.9909518925,0.9999657766
npt_pressure,2,,P-2GPa,Ti-potential/04-npt-round-2/md/P-2GPa/multi_nnap_md.xyz,2934,0.1436563296,16.53440306257458,3.501214463,3.46594566,8.909793781,16,2.1267663047055145,passed,45,P-2GPa_frame00002934_U0.143656.poscar,False,,,,,,,,0.9999723109
npt_pressure,2,,P-2GPa,Ti-potential/04-npt-round-2/md/P-2GPa/multi_nnap_md.xyz,2987,0.1913335273,16.606287503715926,3.793081447,3.804243544,11.2465114,16,1.9654501543254213,passed,46,P-2GPa_frame00002987_U0.191334.poscar,False,,,,,,,,0.999961196
npt_pressure,2,,P-2GPa,Ti-potential/04-npt-round-2/md/P-2GPa/multi_nnap_md.xyz,3037,0.178478682,17.586629729295936,3.630418437,3.716435289,3.242707203,16,2.0528624272288867,passed,47,P-2GPa_frame00003037_U0.178479.poscar,True,12,cur-fill,0.02186148818,000012.poscar,0.0137765259,0.002204960491,0.9545056585,0.9999726604
npt_pressure,2,,P-2GPa,Ti-potential/04-npt-round-2/md/P-2GPa/multi_nnap_md.xyz,3097,0.1539185597,17.950693735290514,4.118342535,4.031821885,4.295121654,16,2.3008783408505704,passed,48,P-2GPa_frame00003097_U0.153919.poscar,False,,,,,,,,0.9999852797
npt_pressure,2,,P-2GPa,Ti-potential/04-npt-round-2/md/P-2GPa/multi_nnap_md.xyz,3147,0.1353704802,19.397001704777566,3.984275003,3.932625798,-3.217184983,16,2.3008515164279535,passed,49,P-2GPa_frame00003147_U0.135370.poscar,True,87,cur-fill,0.008101603881,000087.poscar,4.866441109e-06,5.664410397e-07,0.9889872461,0.9999189834
npt_pressure,2,,P-2GPa,Ti-potential/04-npt-round-2/md/P-2GPa/multi_nnap_md.xyz,3197,0.1864720357,19.049164242232138,3.456707489,3.535380502,-1.443982761,16,1.94882689887155,passed,50,P-2GPa_frame00003197_U0.186472.poscar,False,,,,,,,,0.9999772266
npt_pressure,2,,P-2GPa,Ti-potential/04-npt-round-2/md/P-2GPa/multi_nnap_md.xyz,3265,0.1697439316,18.62573561992352,3.411872094,3.55062173,-0.859480152,16,1.9330866821369657,passed,51,P-2GPa_frame00003265_U0.169744.poscar,True,13,cur-fill,0.02647832479,000013.poscar,0.01131432666,0.002594476332,0.9311063595,0.9999545103
npt_pressure,2,,P-2GPa,Ti-potential/04-npt-round-2/md/P-2GPa/multi_nnap_md.xyz,3319,0.1474197484,19.044184391151063,3.526920098,3.619087448,-1.197072375,16,2.24491587938813,passed,52,P-2GPa_frame00003319_U0.147420.poscar,False,,,,,,,,0.9998161458
npt_pressure,2,,P-2GPa,Ti-potential/04-npt-round-2/md/P-2GPa/multi_nnap_md.xyz,3375,0.1362723625,18.250564533328845,2.165529951,2.206160724,-0.1206044831,16,2.3093811589920943,passed,53,P-2GPa_frame00003375_U0.136272.poscar,False,,,,,,,,0.9999619002
npt_pressure,2,,P-2GPa,Ti-potential/04-npt-round-2/md/P-2GPa/multi_nnap_md.xyz,3431,0.1354154376,18.130655666793764,3.217660932,3.182694068,1.458845696,16,1.9191320513013306,passed,54,P-2GPa_frame00003431_U0.135415.poscar,True,27,cur-fill,0.02084419468,000027.poscar,0.00206634719,0.0003606863954,0.9776046732,0.9999452396
npt_pressure,2,,P-2GPa,Ti-potential/04-npt-round-2/md/P-2GPa/multi_nnap_md.xyz,3498,0.1372562912,17.49360787625609,3.739600669,3.682653134,3.995212928,16,2.073558463879498,passed,55,P-2GPa_frame00003498_U0.137256.poscar,False,,,,,,,,0.9999877217
npt_pressure,2,,P-2GPa,Ti-potential/04-npt-round-2/md/P-2GPa/multi_nnap_md.xyz,3550,0.1401088579,17.869072416471322,2.982737206,3.153844551,1.97342833,16,2.124411892119711,passed,56,P-2GPa_frame00003550_U0.140109.poscar,False,,,,,,,,0.9999676756
npt_pressure,2,,P-2GPa,Ti-potential/04-npt-round-2/md/P-2GPa/multi_nnap_md.xyz,3620,0.1889098623,17.734153364207998,4.344543306,4.039768646,4.150091398,16,1.8771190076378415,passed,57,P-2GPa_frame00003620_U0.188910.poscar,False,,,,,,,,0.9999687505
npt_pressure,2,,P-2GPa,Ti-potential/04-npt-round-2/md/P-2GPa/multi_nnap_md.xyz,3670,0.1652545803,18.39288306357621,3.537058316,3.506997245,3.357447422,16,2.062367322202206,passed,58,P-2GPa_frame00003670_U0.165255.poscar,True,34,cur-fill,0.01920527272,000034.poscar,0.0009597903575,0.0001579104853,0.9939819171,0.9999825944
npt_pressure,2,,P-2GPa,Ti-potential/04-npt-round-2/md/P-2GPa/multi_nnap_md.xyz,3722,0.2114969474,18.621232523659206,4.680467121,4.590170474,0.8378018289,16,2.1636224153364534,passed,59,P-2GPa_frame00003722_U0.211497.poscar,False,,,,,,,,0.9999770261
npt_pressure,2,,P-2GPa,Ti-potential/04-npt-round-2/md/P-2GPa/multi_nnap_md.xyz,3772,0.1448580173,18.90079855796263,2.864542554,2.870428312,-0.7581424959,16,2.189332755171549,passed,60,P-2GPa_frame00003772_U0.144858.poscar,False,,,,,,,,0.9999614166
npt_pressure,2,,P-2GPa,Ti-potential/04-npt-round-2/md/P-2GPa/multi_nnap_md.xyz,3823,0.1349861773,18.27101822661984,2.706425563,2.694042255,1.832123738,16,2.181978955127258,passed,61,P-2GPa_frame00003823_U0.134986.poscar,True,66,cur-fill,0.02373062251,000066.poscar,3.33620065e-05,5.577866143e-06,0.9815083458,0.9999424931
npt_pressure,2,,P-2GPa,Ti-potential/04-npt-round-2/md/P-2GPa/multi_nnap_md.xyz,3873,0.1832050668,18.044418564125074,4.504334768,4.546473204,1.062469782,16,1.880562280216952,passed,62,P-2GPa_frame00003873_U0.183205.poscar,False,,,,,,,,0.9998953074
npt_pressure,2,,P-2GPa,Ti-potential/04-npt-round-2/md/P-2GPa/multi_nnap_md.xyz,3927,0.1727097279,18.3269490764072,2.770550678,2.879767712,0.7520382364,16,1.998280820129184,passed,63,P-2GPa_frame00003927_U0.172710.poscar,True,55,cur-fill,0.01635585902,000055.poscar,9.306272713e-05,1.415018552e-05,0.9933384155,0.9999846267
npt_pressure,2,,P-2GPa,Ti-potential/04-npt-round-2/md/P-2GPa/multi_nnap_md.xyz,3978,0.1508147077,17.558534496188628,2.608162526,2.649428373,2.310944976,16,2.0432464848753487,passed,64,P-2GPa_frame00003978_U0.150815.poscar,False,,,,,,,,0.9999380923
npt_pressure,2,,P-2GPa,Ti-potential/04-npt-round-2/md/P-2GPa/multi_nnap_md.xyz,4042,0.135148958,18.563559434167573,3.294623006,3.326700825,0.5046892865,16,2.07693141868257,passed,65,P-2GPa_frame00004042_U0.135149.poscar,False,,,,,,,,0.9999558085
npt_pressure,2,,P-2GPa,Ti-potential/04-npt-round-2/md/P-2GPa/multi_nnap_md.xyz,4099,0.18280258,18.516084224061657,3.231255145,3.30888936,1.502433416,16,2.144611109693453,passed,66,P-2GPa_frame00004099_U0.182803.poscar,False,,,,,,,,0.9999863261
npt_pressure,2,,P-2GPa,Ti-potential/04-npt-round-2/md/P-2GPa/multi_nnap_md.xyz,4156,0.1555131914,18.201751739876343,2.951590836,2.995549835,3.773116101,16,2.262387447137908,passed,67,P-2GPa_frame00004156_U0.155513.poscar,True,30,cur-fill,0.02640339128,000030.poscar,0.00146034436,0.0002582403166,0.9924789727,0.9999807413
npt_pressure,2,,P-2GPa,Ti-potential/04-npt-round-2/md/P-2GPa/multi_nnap_md.xyz,4211,0.1494570362,17.886278236537294,2.704889236,2.672544832,2.105092325,16,2.084526066348351,passed,68,P-2GPa_frame00004211_U0.149457.poscar,False,,,,,,,,0.9999853014
npt_pressure,2,,P-2GPa,Ti-potential/04-npt-round-2/md/P-2GPa/multi_nnap_md.xyz,4267,0.1489624258,17.516180418375935,2.609771929,2.617732745,3.464960453,16,2.0747638771927037,passed,69,P-2GPa_frame00004267_U0.148962.poscar,True,64,cur-fill,0.02199502985,000064.poscar,3.729667333e-05,7.877422525e-06,0.9930498845,0.9999832986
npt_pressure,2,,P-2GPa,Ti-potential/04-npt-round-2/md/P-2GPa/multi_nnap_md.xyz,4328,0.1530226967,17.11735470436653,3.550287063,3.414580063,6.270433462,16,2.098436351658583,passed,70,P-2GPa_frame00004328_U0.153023.poscar,False,,,,,,,,0.9999103919
npt_pressure,2,,P-2GPa,Ti-potential/04-npt-round-2/md/P-2GPa/multi_nnap_md.xyz,4379,0.1382583641,17.89347433614582,3.530060149,3.484673527,3.956202315,16,2.0223947874753323,passed,71,P-2GPa_frame00004379_U0.138258.poscar,True,60,cur-fill,0.02063719113,000060.poscar,5.55142993e-05,9.016549533e-06,0.9959369044,0.9999805886
npt_pressure,2,,P-2GPa,Ti-potential/04-npt-round-2/md/P-2GPa/multi_nnap_md.xyz,4432,0.1860988993,18.441449337767967,2.876676693,2.868708996,1.90981494,16,2.2821620308049178,passed,72,P-2GPa_frame00004432_U0.186099.poscar,False,,,,,,,,0.9999789821
npt_pressure,2,,P-2GPa,Ti-potential/04-npt-round-2/md/P-2GPa/multi_nnap_md.xyz,4482,0.1495861498,19.835380873887665,2.670212912,2.713652692,-4.452662798,16,2.076447083154417,passed,73,P-2GPa_frame00004482_U0.149586.poscar,True,1,cur-fill,0.01101654063,000001.poscar,0.5926640849,0.06606673993,0,0.9999339595
npt_pressure,2,,P-2GPa,Ti-potential/04-npt-round-2/md/P-2GPa/multi_nnap_md.xyz,4537,0.1439650874,19.838691255374577,3.912785582,3.968707806,-4.233724511,16,2.2016907664642926,passed,74,P-2GPa_frame00004537_U0.143965.poscar,False,,,,,,,,0.9999519923
npt_pressure,2,,P-2GPa,Ti-potential/04-npt-round-2/md/P-2GPa/multi_nnap_md.xyz,4587,0.2850795948,19.373617341296672,3.310519322,3.400813164,-2.783016963,16,1.9633594195543262,passed,75,P-2GPa_frame00004587_U0.285080.poscar,True,56,cur-fill,0.0168921255,000056.poscar,8.856335782e-05,1.592255572e-05,0.9942306391,0.9999679666
npt_pressure,2,,P-2GPa,Ti-potential/04-npt-round-2/md/P-2GPa/multi_nnap_md.xyz,4637,0.1419741139,17.387028520450283,2.646783363,2.619727615,5.058302897,16,2.033363802909587,passed,76,P-2GPa_frame00004637_U0.141974.poscar,False,,,,,,,,0.9999715564
npt_pressure,2,,P-2GPa,Ti-potential/04-npt-round-2/md/P-2GPa/multi_nnap_md.xyz,4688,0.1364799954,16.818492653233676,2.279299664,2.256612044,5.702681372,16,2.2610027117263884,passed,77,P-2GPa_frame00004688_U0.136480.poscar,False,,,,,,,,0.9999818315
npt_pressure,2,,P-2GPa,Ti-potential/04-npt-round-2/md/P-2GPa/multi_nnap_md.xyz,4754,0.1435783013,17.73551795259358,2.861435779,2.87723101,1.968241397,16,2.093657600241351,passed,78,P-2GPa_frame00004754_U0.143578.poscar,True,81,cur-fill,0.01058495389,000081.poscar,4.866441109e-06,5.506188985e-07,0.9987529504,0.9999858359
npt_pressure,2,,P-2GPa,Ti-potential/04-npt-round-2/md/P-2GPa/multi_nnap_md.xyz,4808,0.1386014064,17.427935104555406,3.325822775,3.241765266,3.343621456,16,2.2717854621937215,passed,79,P-2GPa_frame00004808_U0.138601.poscar,False,,,,,,,,0.9999879356
npt_pressure,2,,P-2GPa,Ti-potential/04-npt-round-2/md/P-2GPa/multi_nnap_md.xyz,4863,0.1923897354,17.81111365726052,3.489254571,3.359264393,2.252038356,16,1.8789049839897223,passed,80,P-2GPa_frame00004863_U0.192390.poscar,False,,,,,,,,0.9999935275
npt_pressure,2,,P-2GPa,Ti-potential/04-npt-round-2/md/P-2GPa/multi_nnap_md.xyz,4920,0.1372715616,17.836508330450325,2.746610739,2.757961894,0.9843188168,16,2.0883354035698285,passed,81,P-2GPa_frame00004920_U0.137272.poscar,False,,,,,,,,0.9999738188
npt_pressure,2,,P-2GPa,Ti-potential/04-npt-round-2/md/P-2GPa/multi_nnap_md.xyz,4974,0.1491362763,18.160151486128452,3.445367971,3.170912305,1.174624336,16,2.242339926606521,passed,82,P-2GPa_frame00004974_U0.149136.poscar,False,,,,,,,,0.9999891355
npt_pressure,8,,P-8GPa,Ti-potential/04-npt-round-2/md/P-8GPa/multi_nnap_md.xyz,508,0.1375076728,16.130984033881088,2.90129027,2.90130591,14.44817143,16,2.042783500240006,passed,1,P-8GPa_frame00000508_U0.137508.poscar,False,,,,,,,,0.99996422
npt_pressure,8,,P-8GPa,Ti-potential/04-npt-round-2/md/P-8GPa/multi_nnap_md.xyz,560,0.1628811075,15.968077165391444,4.315307752,4.304675402,15.50313705,16,2.0586918123919014,passed,2,P-8GPa_frame00000560_U0.162881.poscar,False,,,,,,,,0.999973456
npt_pressure,8,,P-8GPa,Ti-potential/04-npt-round-2/md/P-8GPa/multi_nnap_md.xyz,610,0.1741559315,15.910743089147132,3.2502465,3.202696231,12.0598662,16,1.9785456391920642,passed,3,P-8GPa_frame00000610_U0.174156.poscar,False,,,,,,,,0.9999811764
npt_pressure,8,,P-8GPa,Ti-potential/04-npt-round-2/md/P-8GPa/multi_nnap_md.xyz,664,0.1916991939,16.0290385616039,3.159033338,3.240822787,13.60174447,16,2.1066534487712563,passed,4,P-8GPa_frame00000664_U0.191699.poscar,False,,,,,,,,0.9999462103
npt_pressure,8,,P-8GPa,Ti-potential/04-npt-round-2/md/P-8GPa/multi_nnap_md.xyz,715,0.1688726252,16.107069451864877,4.139747818,4.183908449,13.36406114,16,1.9652982392834903,passed,5,P-8GPa_frame00000715_U0.168873.poscar,True,47,cur-fill,0.03329212554,000047.poscar,0.0002330211156,4.812974759e-05,0.9813876314,0.9999589648
npt_pressure,8,,P-8GPa,Ti-potential/04-npt-round-2/md/P-8GPa/multi_nnap_md.xyz,766,0.1433128622,16.417785874230585,3.077316972,3.093872706,11.12395919,16,2.0085360137206236,passed,6,P-8GPa_frame00000766_U0.143313.poscar,False,,,,,,,,0.9999672032
npt_pressure,8,,P-8GPa,Ti-potential/04-npt-round-2/md/P-8GPa/multi_nnap_md.xyz,816,0.1543460653,16.514894932209486,3.150690016,3.116659634,10.39654123,16,2.1534299833525443,passed,7,P-8GPa_frame00000816_U0.154346.poscar,False,,,,,,,,0.9999706878
npt_pressure,8,,P-8GPa,Ti-potential/04-npt-round-2/md/P-8GPa/multi_nnap_md.xyz,866,0.140227358,16.661660478627574,3.542623369,3.483203706,9.011383324,16,2.0669986575150805,passed,8,P-8GPa_frame00000866_U0.140227.poscar,False,,,,,,,,0.9999688777
npt_pressure,8,,P-8GPa,Ti-potential/04-npt-round-2/md/P-8GPa/multi_nnap_md.xyz,919,0.1725207684,15.888370052894452,2.792479774,2.800084123,13.33397955,16,2.0334548205038656,passed,9,P-8GPa_frame00000919_U0.172521.poscar,False,,,,,,,,0.9999843401
npt_pressure,8,,P-8GPa,Ti-potential/04-npt-round-2/md/P-8GPa/multi_nnap_md.xyz,985,0.158508106,17.153771113222074,4.392950509,4.260942481,5.803053144,16,2.180152440269943,passed,10,P-8GPa_frame00000985_U0.158508.poscar,False,,,,,,,,0.999971341
npt_pressure,8,,P-8GPa,Ti-potential/04-npt-round-2/md/P-8GPa/multi_nnap_md.xyz,1035,0.1535192691,17.39484711335351,3.433374246,3.429047573,6.236412022,16,2.1037945461318923,passed,11,P-8GPa_frame00001035_U0.153519.poscar,False,,,,,,,,0.9999767276
npt_pressure,8,,P-8GPa,Ti-potential/04-npt-round-2/md/P-8GPa/multi_nnap_md.xyz,1085,0.1889171507,16.628281647948377,3.589263036,3.449870346,9.764775044,16,1.9819877932585517,passed,12,P-8GPa_frame00001085_U0.188917.poscar,False,,,,,,,,0.9999750578
npt_pressure,8,,P-8GPa,Ti-potential/04-npt-round-2/md/P-8GPa/multi_nnap_md.xyz,1137,0.1381340612,16.254304864891356,2.819651805,2.909816944,10.0536328,16,2.1051250686598872,passed,13,P-8GPa_frame00001137_U0.138134.poscar,False,,,,,,,,0.9999863072
npt_pressure,8,,P-8GPa,Ti-potential/04-npt-round-2/md/P-8GPa/multi_nnap_md.xyz,1187,0.1521484599,15.999905866750689,3.082977331,3.040057764,12.16781554,16,2.1447515520000557,passed,14,P-8GPa_frame00001187_U0.152148.poscar,False,,,,,,,,0.9999969924
npt_pressure,8,,P-8GPa,Ti-potential/04-npt-round-2/md/P-8GPa/multi_nnap_md.xyz,1243,0.2470540459,16.32690712155155,4.381123358,4.31191575,10.15765552,16,1.8720003559553038,passed,15,P-8GPa_frame00001243_U0.247054.poscar,False,,,,,,,,0.9999836746
npt_pressure,8,,P-8GPa,Ti-potential/04-npt-round-2/md/P-8GPa/multi_nnap_md.xyz,1295,0.1391736299,16.288706373917094,3.280803343,3.203240198,10.19295174,16,2.1576023604827133,passed,16,P-8GPa_frame00001295_U0.139174.poscar,False,,,,,,,,0.9999820345
npt_pressure,8,,P-8GPa,Ti-potential/04-npt-round-2/md/P-8GPa/multi_nnap_md.xyz,1345,0.212221717,17.13241504190512,3.587182688,3.612910014,7.088756724,16,2.0104279357878068,passed,17,P-8GPa_frame00001345_U0.212222.poscar,True,42,cur-fill,0.01553754422,000042.poscar,0.0003863818975,6.051811907e-05,0.9646623275,0.9999272886
npt_pressure,8,,P-8GPa,Ti-potential/04-npt-round-2/md/P-8GPa/multi_nnap_md.xyz,1395,0.2175797333,16.894545031222126,4.315476427,4.356408817,6.83710624,16,1.9976420461864188,passed,18,P-8GPa_frame00001395_U0.217580.poscar,False,,,,,,,,0.9999692946
npt_pressure,8,,P-8GPa,Ti-potential/04-npt-round-2/md/P-8GPa/multi_nnap_md.xyz,1447,0.1737801397,17.10464399518714,4.546505223,4.547199581,7.65763068,16,2.1576846254303397,passed,19,P-8GPa_frame00001447_U0.173780.poscar,False,,,,,,,,0.9999910967
npt_pressure,8,,P-8GPa,Ti-potential/04-npt-round-2/md/P-8GPa/multi_nnap_md.xyz,1499,0.1575575005,17.54972781605092,2.939338849,2.911794758,5.039746963,16,1.948898908339474,passed,20,P-8GPa_frame00001499_U0.157558.poscar,True,28,cur-fill,0.02657409706,000028.poscar,0.001851000195,0.0003692820611,0.9914833305,0.9999888062
npt_pressure,8,,P-8GPa,Ti-potential/04-npt-round-2/md/P-8GPa/multi_nnap_md.xyz,1549,0.3103443927,17.375370916135193,4.696825017,4.789428525,5.094393959,16,2.0221673592380323,passed,21,P-8GPa_frame00001549_U0.310344.poscar,False,,,,,,,,0.9999781254
npt_pressure,8,,P-8GPa,Ti-potential/04-npt-round-2/md/P-8GPa/multi_nnap_md.xyz,1599,0.1772539432,16.580496608728602,3.457077012,3.48339153,11.42794186,16,1.981229162973752,passed,22,P-8GPa_frame00001599_U0.177254.poscar,False,,,,,,,,0.9999808844
npt_pressure,8,,P-8GPa,Ti-potential/04-npt-round-2/md/P-8GPa/multi_nnap_md.xyz,1653,0.1438691502,17.06148483054648,3.341939834,3.331202924,7.194200841,16,2.041261624370519,passed,23,P-8GPa_frame00001653_U0.143869.poscar,False,,,,,,,,0.9999720787
npt_pressure,8,,P-8GPa,Ti-potential/04-npt-round-2/md/P-8GPa/multi_nnap_md.xyz,1703,0.2181226321,16.24754588533404,3.295350148,3.240538244,10.40938673,16,1.9187791293155962,passed,24,P-8GPa_frame00001703_U0.218123.poscar,False,,,,,,,,0.9999708141
npt_pressure,8,,P-8GPa,Ti-potential/04-npt-round-2/md/P-8GPa/multi_nnap_md.xyz,1753,0.1341299538,16.70434701219725,3.626820852,3.634019807,10.20196968,16,2.280630355083654,passed,25,P-8GPa_frame00001753_U0.134130.poscar,False,,,,,,,,0.9999043066
npt_pressure,8,,P-8GPa,Ti-potential/04-npt-round-2/md/P-8GPa/multi_nnap_md.xyz,1806,0.2056623387,16.371516546433167,3.854110239,3.808717535,11.03041215,16,2.011339708028051,passed,26,P-8GPa_frame00001806_U0.205662.poscar,False,,,,,,,,0.9999924485
npt_pressure,8,,P-8GPa,Ti-potential/04-npt-round-2/md/P-8GPa/multi_nnap_md.xyz,1856,0.150439945,15.771352453454194,3.218321607,3.179854708,15.55626577,16,2.1497185734283653,passed,27,P-8GPa_frame00001856_U0.150440.poscar,False,,,,,,,,0.9999782956
npt_pressure,8,,P-8GPa,Ti-potential/04-npt-round-2/md/P-8GPa/multi_nnap_md.xyz,1919,0.2025973986,17.116639555810828,3.046389342,3.077361898,4.735567606,16,2.001845529429317,passed,28,P-8GPa_frame00001919_U0.202597.poscar,False,,,,,,,,0.9999806007
npt_pressure,8,,P-8GPa,Ti-potential/04-npt-round-2/md/P-8GPa/multi_nnap_md.xyz,1981,0.1584423614,16.274495247843436,3.581290479,3.57928724,11.88390747,16,1.9943854551660658,passed,29,P-8GPa_frame00001981_U0.158442.poscar,False,,,,,,,,0.9999749128
npt_pressure,8,,P-8GPa,Ti-potential/04-npt-round-2/md/P-8GPa/multi_nnap_md.xyz,2031,0.1496370986,17.070642897219287,3.210438625,3.266591814,4.575444596,16,1.975227952584881,passed,30,P-8GPa_frame00002031_U0.149637.poscar,False,,,,,,,,0.9999703562
npt_pressure,8,,P-8GPa,Ti-potential/04-npt-round-2/md/P-8GPa/multi_nnap_md.xyz,2086,0.1383649061,16.01403976779323,3.13802927,3.177996289,14.0382117,16,2.252861081192776,passed,31,P-8GPa_frame00002086_U0.138365.poscar,False,,,,,,,,0.9999600808
npt_pressure,8,,P-8GPa,Ti-potential/04-npt-round-2/md/P-8GPa/multi_nnap_md.xyz,2153,0.1911172462,17.311947845778484,3.74540665,3.667847439,5.093506061,16,1.9789442584377803,passed,32,P-8GPa_frame00002153_U0.191117.poscar,False,,,,,,,,0.9999745816
npt_pressure,8,,P-8GPa,Ti-potential/04-npt-round-2/md/P-8GPa/multi_nnap_md.xyz,2203,0.1361272963,17.047673452517515,3.170167278,3.2654517,5.798446466,16,1.952131670964296,passed,33,P-8GPa_frame00002203_U0.136127.poscar,True,57,cur-fill,0.01678935665,000057.poscar,8.102780229e-05,1.456536087e-05,0.9917685124,0.9999785677
npt_pressure,8,,P-8GPa,Ti-potential/04-npt-round-2/md/P-8GPa/multi_nnap_md.xyz,2253,0.2072748044,16.74275497663647,5.737145197,5.479337007,9.827111061,16,2.087335686275719,passed,34,P-8GPa_frame00002253_U0.207275.poscar,False,,,,,,,,0.9999300058
npt_pressure,8,,P-8GPa,Ti-potential/04-npt-round-2/md/P-8GPa/multi_nnap_md.xyz,2303,0.1902407475,16.535482022766978,3.706459524,3.682830206,9.983193106,16,1.9927782041127482,passed,35,P-8GPa_frame00002303_U0.190241.poscar,False,,,,,,,,0.9999797182
npt_pressure,8,,P-8GPa,Ti-potential/04-npt-round-2/md/P-8GPa/multi_nnap_md.xyz,2355,0.1524663577,16.57064275301488,3.039359521,3.058512808,8.889545885,16,2.192561898318534,passed,36,P-8GPa_frame00002355_U0.152466.poscar,False,,,,,,,,0.9999945694
npt_pressure,8,,P-8GPa,Ti-potential/04-npt-round-2/md/P-8GPa/multi_nnap_md.xyz,2405,0.1993735749,17.23910780289056,3.046440868,3.070023711,6.168366266,16,2.028307174495788,passed,37,P-8GPa_frame00002405_U0.199374.poscar,False,,,,,,,,0.9999699072
npt_pressure,8,,P-8GPa,Ti-potential/04-npt-round-2/md/P-8GPa/multi_nnap_md.xyz,2455,0.1502102237,17.913269597348084,3.192517059,3.20512324,4.603938001,16,2.0533699540016803,passed,38,P-8GPa_frame00002455_U0.150210.poscar,False,,,,,,,,0.9999732996
npt_pressure,8,,P-8GPa,Ti-potential/04-npt-round-2/md/P-8GPa/multi_nnap_md.xyz,2511,0.1355318293,17.388724010583793,3.036356137,3.047617419,4.124125206,16,2.2282480457658296,passed,39,P-8GPa_frame00002511_U0.135532.poscar,False,,,,,,,,0.9999810067
npt_pressure,8,,P-8GPa,Ti-potential/04-npt-round-2/md/P-8GPa/multi_nnap_md.xyz,2561,0.1348226953,17.450967802722243,3.034348104,2.998825465,5.453654448,16,2.1901351103545146,passed,40,P-8GPa_frame00002561_U0.134823.poscar,False,,,,,,,,0.9999830858
npt_pressure,8,,P-8GPa,Ti-potential/04-npt-round-2/md/P-8GPa/multi_nnap_md.xyz,2614,0.1401383177,16.963459444455008,3.238015903,3.297967606,6.221331899,16,2.0926706315974712,passed,41,P-8GPa_frame00002614_U0.140138.poscar,False,,,,,,,,0.9999733965
npt_pressure,8,,P-8GPa,Ti-potential/04-npt-round-2/md/P-8GPa/multi_nnap_md.xyz,2673,0.1624676423,16.91863395378969,3.447776102,3.483114411,6.520797143,16,2.096730861406038,passed,42,P-8GPa_frame00002673_U0.162468.poscar,True,25,cur-fill,0.02176496757,000025.poscar,0.002448162402,0.0004953816878,0.9597817351,0.9999130342
npt_pressure,8,,P-8GPa,Ti-potential/04-npt-round-2/md/P-8GPa/multi_nnap_md.xyz,2726,0.1659284316,16.74561390237201,4.744053967,4.531429582,10.22759579,16,2.0971170382053392,passed,43,P-8GPa_frame00002726_U0.165928.poscar,False,,,,,,,,0.9999251853
npt_pressure,8,,P-8GPa,Ti-potential/04-npt-round-2/md/P-8GPa/multi_nnap_md.xyz,2777,0.1370129317,15.91323136126112,4.032744866,4.143861365,15.0480655,16,2.21853026510724,passed,44,P-8GPa_frame00002777_U0.137013.poscar,False,,,,,,,,0.9999452295
npt_pressure,8,,P-8GPa,Ti-potential/04-npt-round-2/md/P-8GPa/multi_nnap_md.xyz,2844,0.1348228042,17.171183264371038,3.183547296,3.18159758,6.396140805,16,2.0843782096332792,passed,45,P-8GPa_frame00002844_U0.134823.poscar,False,,,,,,,,0.9999756103
npt_pressure,8,,P-8GPa,Ti-potential/04-npt-round-2/md/P-8GPa/multi_nnap_md.xyz,2899,0.1847654609,17.252667603244618,3.685574908,3.774186186,3.630168573,16,2.1297497158231367,passed,46,P-8GPa_frame00002899_U0.184765.poscar,False,,,,,,,,0.9999922798
npt_pressure,8,,P-8GPa,Ti-potential/04-npt-round-2/md/P-8GPa/multi_nnap_md.xyz,2950,0.1486347101,17.227572490075342,2.775601542,2.817298478,5.815028197,16,2.02274344271232,passed,47,P-8GPa_frame00002950_U0.148635.poscar,False,,,,,,,,0.9999880024
npt_pressure,8,,P-8GPa,Ti-potential/04-npt-round-2/md/P-8GPa/multi_nnap_md.xyz,3000,0.1391856376,16.90920916113491,2.836430559,2.809134799,7.773942982,16,2.0227784898072216,passed,48,P-8GPa_frame00003000_U0.139186.poscar,False,,,,,,,,0.9999932994
npt_pressure,8,,P-8GPa,Ti-potential/04-npt-round-2/md/P-8GPa/multi_nnap_md.xyz,3050,0.1445583592,17.238539412015566,2.355991862,2.339578347,5.250013466,16,2.2329183083233852,passed,49,P-8GPa_frame00003050_U0.144558.poscar,False,,,,,,,,0.9999885239
npt_pressure,8,,P-8GPa,Ti-potential/04-npt-round-2/md/P-8GPa/multi_nnap_md.xyz,3100,0.1480513235,16.92451650812823,3.047631523,3.171501279,4.9267226,16,1.9686843776735068,passed,50,P-8GPa_frame00003100_U0.148051.poscar,True,24,cur-fill,0.02652992818,000024.poscar,0.002683172807,0.0005665192429,0.9860179996,0.9999881913
npt_pressure,8,,P-8GPa,Ti-potential/04-npt-round-2/md/P-8GPa/multi_nnap_md.xyz,3157,0.1455203205,17.46492780943082,2.8924095,2.896362231,3.849861283,16,2.105424492935534,passed,51,P-8GPa_frame00003157_U0.145520.poscar,False,,,,,,,,0.9998938396
npt_pressure,8,,P-8GPa,Ti-potential/04-npt-round-2/md/P-8GPa/multi_nnap_md.xyz,3211,0.1688531313,16.92865607150946,3.173557356,3.191189228,6.605875955,16,2.0909969303929627,passed,52,P-8GPa_frame00003211_U0.168853.poscar,True,8,cur-fill,0.01220867492,000008.poscar,0.03686714628,0.005451692795,0.9689649789,0.9999932842
npt_pressure,8,,P-8GPa,Ti-potential/04-npt-round-2/md/P-8GPa/multi_nnap_md.xyz,3264,0.1497880612,16.68718844174861,2.964448876,2.914557069,8.735849866,16,2.0103684094433096,passed,53,P-8GPa_frame00003264_U0.149788.poscar,False,,,,,,,,0.9999169032
npt_pressure,8,,P-8GPa,Ti-potential/04-npt-round-2/md/P-8GPa/multi_nnap_md.xyz,3317,0.1459269003,16.5993501212884,3.454782759,3.46321077,7.77846715,16,2.1632246756703304,passed,54,P-8GPa_frame00003317_U0.145927.poscar,False,,,,,,,,0.9999707788
npt_pressure,8,,P-8GPa,Ti-potential/04-npt-round-2/md/P-8GPa/multi_nnap_md.xyz,3373,0.1429195511,16.478385469527456,3.810892361,3.703065785,10.24724053,16,2.045974077680996,passed,55,P-8GPa_frame00003373_U0.142920.poscar,False,,,,,,,,0.999979313
npt_pressure,8,,P-8GPa,Ti-potential/04-npt-round-2/md/P-8GPa/multi_nnap_md.xyz,3429,0.1420197642,15.998015300741518,3.012464573,3.088755115,15.18089321,16,2.11725719691895,passed,56,P-8GPa_frame00003429_U0.142020.poscar,False,,,,,,,,0.9999589373
npt_pressure,8,,P-8GPa,Ti-potential/04-npt-round-2/md/P-8GPa/multi_nnap_md.xyz,3479,0.1990100193,16.49744727868382,3.407660838,3.401546181,9.644873287,16,1.9994575103136512,passed,57,P-8GPa_frame00003479_U0.199010.poscar,False,,,,,,,,0.9999901392
npt_pressure,8,,P-8GPa,Ti-potential/04-npt-round-2/md/P-8GPa/multi_nnap_md.xyz,3529,0.13835782,17.001753867321348,2.484780731,2.450295634,5.270889792,16,2.123791364269851,passed,58,P-8GPa_frame00003529_U0.138358.poscar,False,,,,,,,,0.9999819378
npt_pressure,8,,P-8GPa,Ti-potential/04-npt-round-2/md/P-8GPa/multi_nnap_md.xyz,3580,0.1456562457,16.79600727157955,3.529795673,3.536053869,6.93841165,16,2.1893808526984415,passed,59,P-8GPa_frame00003580_U0.145656.poscar,False,,,,,,,,0.9999616069
npt_pressure,8,,P-8GPa,Ti-potential/04-npt-round-2/md/P-8GPa/multi_nnap_md.xyz,3632,0.1341335252,17.03018695404187,2.895103046,2.893453299,3.647660627,16,2.131152854729821,passed,60,P-8GPa_frame00003632_U0.134134.poscar,False,,,,,,,,0.9999773681
npt_pressure,8,,P-8GPa,Ti-potential/04-npt-round-2/md/P-8GPa/multi_nnap_md.xyz,3691,0.1741821708,16.059193753168497,4.040232263,4.006460647,14.00570335,16,1.943600724008059,passed,61,P-8GPa_frame00003691_U0.174182.poscar,False,,,,,,,,0.9998813976
npt_pressure,8,,P-8GPa,Ti-potential/04-npt-round-2/md/P-8GPa/multi_nnap_md.xyz,3741,0.1928057155,16.426788670597606,4.955395856,4.900482641,13.751832,16,2.084723125493744,passed,62,P-8GPa_frame00003741_U0.192806.poscar,False,,,,,,,,0.9999929617
npt_pressure,8,,P-8GPa,Ti-potential/04-npt-round-2/md/P-8GPa/multi_nnap_md.xyz,3794,0.1385617462,16.20934037499625,3.304857961,3.280845955,12.92597714,16,2.1748188326070705,passed,63,P-8GPa_frame00003794_U0.138562.poscar,False,,,,,,,,0.9999653631
npt_pressure,8,,P-8GPa,Ti-potential/04-npt-round-2/md/P-8GPa/multi_nnap_md.xyz,3844,0.1677033168,16.69546397074402,3.953350441,3.792795907,8.559079513,16,2.106338411672921,passed,64,P-8GPa_frame00003844_U0.167703.poscar,False,,,,,,,,0.9999790308
npt_pressure,8,,P-8GPa,Ti-potential/04-npt-round-2/md/P-8GPa/multi_nnap_md.xyz,3894,0.1340365462,17.07556817946172,3.259393793,3.10040818,5.464987885,16,2.157111571631969,passed,65,P-8GPa_frame00003894_U0.134037.poscar,False,,,,,,,,0.9999769467
npt_pressure,8,,P-8GPa,Ti-potential/04-npt-round-2/md/P-8GPa/multi_nnap_md.xyz,3948,0.1603723501,16.430626665523427,3.904135461,3.903094138,12.44365029,16,2.0607616488328495,passed,66,P-8GPa_frame00003948_U0.160372.poscar,False,,,,,,,,0.9998648694
npt_pressure,8,,P-8GPa,Ti-potential/04-npt-round-2/md/P-8GPa/multi_nnap_md.xyz,4002,0.142945363,15.649794517927383,3.679337208,3.571971387,17.86888483,16,2.139392029363729,passed,67,P-8GPa_frame00004002_U0.142945.poscar,False,,,,,,,,0.9999526883
npt_pressure,8,,P-8GPa,Ti-potential/04-npt-round-2/md/P-8GPa/multi_nnap_md.xyz,4054,0.1691192507,15.631359562090752,3.786564258,3.711603472,17.69959711,16,2.212194466543777,passed,68,P-8GPa_frame00004054_U0.169119.poscar,False,,,,,,,,0.9999785993
npt_pressure,8,,P-8GPa,Ti-potential/04-npt-round-2/md/P-8GPa/multi_nnap_md.xyz,4104,0.1438874604,15.936377259395469,2.827309962,2.927846849,14.91227262,16,1.9890066128415351,passed,69,P-8GPa_frame00004104_U0.143887.poscar,False,,,,,,,,0.9999637764
npt_pressure,8,,P-8GPa,Ti-potential/04-npt-round-2/md/P-8GPa/multi_nnap_md.xyz,4154,0.138070198,15.965583602099466,3.227816334,3.302234167,13.68006259,16,2.1475277450892705,passed,70,P-8GPa_frame00004154_U0.138070.poscar,False,,,,,,,,0.9999799216
npt_pressure,8,,P-8GPa,Ti-potential/04-npt-round-2/md/P-8GPa/multi_nnap_md.xyz,4205,0.1397873217,15.87553076730464,3.113576409,3.135726024,13.50233267,16,2.011191370374583,passed,71,P-8GPa_frame00004205_U0.139787.poscar,False,,,,,,,,0.9999661247
npt_pressure,8,,P-8GPa,Ti-potential/04-npt-round-2/md/P-8GPa/multi_nnap_md.xyz,4259,0.1339810469,15.760145600340456,2.835835026,2.838916708,15.16834855,16,2.2200145471797548,passed,72,P-8GPa_frame00004259_U0.133981.poscar,False,,,,,,,,0.999941074
npt_pressure,8,,P-8GPa,Ti-potential/04-npt-round-2/md/P-8GPa/multi_nnap_md.xyz,4312,0.1836451468,16.025882906487862,3.666202336,3.574881092,14.38553642,16,2.255822804489925,passed,73,P-8GPa_frame00004312_U0.183645.poscar,False,,,,,,,,0.9998772787
npt_pressure,8,,P-8GPa,Ti-potential/04-npt-round-2/md/P-8GPa/multi_nnap_md.xyz,4362,0.2797286421,15.754662968751502,4.385343385,4.204578547,14.2842944,16,1.9917039197551258,passed,74,P-8GPa_frame00004362_U0.279729.poscar,False,,,,,,,,0.999946334
npt_pressure,8,,P-8GPa,Ti-potential/04-npt-round-2/md/P-8GPa/multi_nnap_md.xyz,4414,0.2113541525,16.184618136888613,3.764457621,3.775616793,12.10916516,16,2.0216346123276785,passed,75,P-8GPa_frame00004414_U0.211354.poscar,False,,,,,,,,0.9999771684
npt_pressure,8,,P-8GPa,Ti-potential/04-npt-round-2/md/P-8GPa/multi_nnap_md.xyz,4467,0.1555848681,16.0873052882177,3.535400601,3.460212364,11.65171492,16,2.0468910590800578,passed,76,P-8GPa_frame00004467_U0.155585.poscar,False,,,,,,,,0.9999522153
npt_pressure,8,,P-8GPa,Ti-potential/04-npt-round-2/md/P-8GPa/multi_nnap_md.xyz,4519,0.1391468541,15.959827152928655,2.64678994,2.720534599,11.9292461,16,2.0761564265642805,passed,77,P-8GPa_frame00004519_U0.139147.poscar,False,,,,,,,,0.9999675814
npt_pressure,8,,P-8GPa,Ti-potential/04-npt-round-2/md/P-8GPa/multi_nnap_md.xyz,4569,0.1813350218,16.350065564004545,4.494205141,4.579474079,11.76678125,16,2.0374892158943543,passed,78,P-8GPa_frame00004569_U0.181335.poscar,False,,,,,,,,0.9999798263
npt_pressure,8,,P-8GPa,Ti-potential/04-npt-round-2/md/P-8GPa/multi_nnap_md.xyz,4619,0.2370590846,16.517473891300313,4.252910873,4.234771905,11.81839169,16,1.8404447418889378,passed,79,P-8GPa_frame00004619_U0.237059.poscar,True,22,cur-fill,0.01945655464,000022.poscar,0.003594321941,0.0005639936941,0.9908848964,0.999980748
npt_pressure,8,,P-8GPa,Ti-potential/04-npt-round-2/md/P-8GPa/multi_nnap_md.xyz,4669,0.1457310281,16.51998111112231,2.719100415,2.718028442,9.791767672,16,2.0600255791188538,passed,80,P-8GPa_frame00004669_U0.145731.poscar,False,,,,,,,,0.9999798167
npt_pressure,8,,P-8GPa,Ti-potential/04-npt-round-2/md/P-8GPa/multi_nnap_md.xyz,4719,0.1524415296,17.169852585849444,3.249744243,3.242083592,6.567012822,16,2.1146090284913854,passed,81,P-8GPa_frame00004719_U0.152442.poscar,False,,,,,,,,0.9999851996
npt_pressure,8,,P-8GPa,Ti-potential/04-npt-round-2/md/P-8GPa/multi_nnap_md.xyz,4769,0.1934769674,18.066274950277297,2.79891734,2.936800839,1.633094251,16,1.9347949106948599,passed,82,P-8GPa_frame00004769_U0.193477.poscar,True,44,cur-fill,0.0320999424,000044.poscar,0.0003092936373,6.201348403e-05,0.9891022224,0.9999697128
npt_pressure,8,,P-8GPa,Ti-potential/04-npt-round-2/md/P-8GPa/multi_nnap_md.xyz,4822,0.1782654309,17.888029916585946,4.283666032,4.375760272,1.10985892,16,1.929494011141087,passed,83,P-8GPa_frame00004822_U0.178265.poscar,False,,,,,,,,0.9999836618
npt_pressure,8,,P-8GPa,Ti-potential/04-npt-round-2/md/P-8GPa/multi_nnap_md.xyz,4872,0.2675915929,17.803190967142086,3.911889548,3.947553642,0.7364621639,16,1.8670510705119059,passed,84,P-8GPa_frame00004872_U0.267592.poscar,False,,,,,,,,0.9999418729
npt_pressure,8,,P-8GPa,Ti-potential/04-npt-round-2/md/P-8GPa/multi_nnap_md.xyz,4927,0.1655715699,16.792890232826178,4.381230654,4.260122994,9.363736404,16,2.147462195642352,passed,85,P-8GPa_frame00004927_U0.165572.poscar,False,,,,,,,,0.9999741077
npt_pressure,8,,P-8GPa,Ti-potential/04-npt-round-2/md/P-8GPa/multi_nnap_md.xyz,4979,0.1425313074,16.391731513385423,3.374295919,3.358694282,10.69822212,16,2.1065344333525515,passed,86,P-8GPa_frame00004979_U0.142531.poscar,False,,,,,,,,0.999990588
npt_pressure,15,,P-15GPa,Ti-potential/04-npt-round-2/md/P-15GPa/multi_nnap_md.xyz,501,0.1353007905,14.772754295307447,3.091601461,3.026674801,26.37859694,16,2.1041062079406894,passed,1,P-15GPa_frame00000501_U0.135301.poscar,True,16,cur-fill,0.0121175146,000016.poscar,0.008291817468,0.001034567767,0.9459550117,0.999972165
npt_pressure,15,,P-15GPa,Ti-potential/04-npt-round-2/md/P-15GPa/multi_nnap_md.xyz,552,0.1839021692,15.590382920016221,3.683810442,3.654583035,16.16913862,16,2.0335586543604807,passed,2,P-15GPa_frame00000552_U0.183902.poscar,False,,,,,,,,0.9999686417
npt_pressure,15,,P-15GPa,Ti-potential/04-npt-round-2/md/P-15GPa/multi_nnap_md.xyz,606,0.137152794,16.90789456456698,2.619689802,2.659686807,6.134180687,16,2.1666873924907444,passed,3,P-15GPa_frame00000606_U0.137153.poscar,True,88,cur-fill,0.007977762046,000088.poscar,4.866441109e-06,6.693584867e-07,0.9977199785,0.9999473794
npt_pressure,15,,P-15GPa,Ti-potential/04-npt-round-2/md/P-15GPa/multi_nnap_md.xyz,657,0.1461287592,16.657214598336957,2.549337989,2.583754322,7.997734943,16,2.06501306562836,passed,4,P-15GPa_frame00000657_U0.146129.poscar,False,,,,,,,,0.9999480668
npt_pressure,15,,P-15GPa,Ti-potential/04-npt-round-2/md/P-15GPa/multi_nnap_md.xyz,707,0.1560758412,16.494961174995172,2.995325559,3.053844915,9.065448982,16,2.065474778645223,passed,5,P-15GPa_frame00000707_U0.156076.poscar,False,,,,,,,,0.9999753407
npt_pressure,15,,P-15GPa,Ti-potential/04-npt-round-2/md/P-15GPa/multi_nnap_md.xyz,759,0.1527511305,15.622074993026274,4.407387173,4.431935285,17.59921277,16,1.9652660659658137,passed,6,P-15GPa_frame00000759_U0.152751.poscar,False,,,,,,,,0.9999620058
npt_pressure,15,,P-15GPa,Ti-potential/04-npt-round-2/md/P-15GPa/multi_nnap_md.xyz,809,0.2043755791,15.429016808521837,3.274889096,3.220654926,18.94382375,16,2.0636788722235657,passed,7,P-15GPa_frame00000809_U0.204376.poscar,False,,,,,,,,0.9999209062
npt_pressure,15,,P-15GPa,Ti-potential/04-npt-round-2/md/P-15GPa/multi_nnap_md.xyz,859,0.2017410887,15.279648066944581,3.902071411,3.762081234,20.28258448,16,1.9642490536020847,passed,8,P-15GPa_frame00000859_U0.201741.poscar,True,75,cur-fill,0.02331692634,000075.poscar,6.956243619e-06,1.078021769e-06,0.9816625095,0.9999744597
npt_pressure,15,,P-15GPa,Ti-potential/04-npt-round-2/md/P-15GPa/multi_nnap_md.xyz,909,0.1448653879,14.953753373930384,3.43722401,3.416613024,25.85552795,16,1.9604155558164869,passed,9,P-15GPa_frame00000909_U0.144865.poscar,False,,,,,,,,0.9999755053
npt_pressure,15,,P-15GPa,Ti-potential/04-npt-round-2/md/P-15GPa/multi_nnap_md.xyz,960,0.1473876799,14.584678024998848,3.031709635,3.017645165,27.1527532,16,2.1606398781050533,passed,10,P-15GPa_frame00000960_U0.147388.poscar,False,,,,,,,,0.999972398
npt_pressure,15,,P-15GPa,Ti-potential/04-npt-round-2/md/P-15GPa/multi_nnap_md.xyz,1012,0.1916390395,15.655592785789306,4.198802123,4.272751573,15.98744043,16,2.120739710812628,passed,11,P-15GPa_frame00001012_U0.191639.poscar,False,,,,,,,,0.9999800094
npt_pressure,15,,P-15GPa,Ti-potential/04-npt-round-2/md/P-15GPa/multi_nnap_md.xyz,1062,0.1371956635,16.28704406568717,3.058245951,3.096156671,10.93527969,16,2.1836491181818323,passed,12,P-15GPa_frame00001062_U0.137196.poscar,False,,,,,,,,0.9999766404
npt_pressure,15,,P-15GPa,Ti-potential/04-npt-round-2/md/P-15GPa/multi_nnap_md.xyz,1113,0.1555312426,16.785485744615755,2.80643105,2.877978196,7.446748311,16,2.2011972709490832,passed,13,P-15GPa_frame00001113_U0.155531.poscar,False,,,,,,,,0.9999339864
npt_pressure,15,,P-15GPa,Ti-potential/04-npt-round-2/md/P-15GPa/multi_nnap_md.xyz,1165,0.1491479028,16.251259720811156,3.338642618,3.297049276,11.6797757,16,2.06670922334234,passed,14,P-15GPa_frame00001165_U0.149148.poscar,False,,,,,,,,0.9999325918
npt_pressure,15,,P-15GPa,Ti-potential/04-npt-round-2/md/P-15GPa/multi_nnap_md.xyz,1218,0.1346224847,16.11605994077695,3.495879881,3.45838823,11.86713284,16,2.195313021155641,passed,15,P-15GPa_frame00001218_U0.134622.poscar,False,,,,,,,,0.999982008
npt_pressure,15,,P-15GPa,Ti-potential/04-npt-round-2/md/P-15GPa/multi_nnap_md.xyz,1268,0.1830509104,15.945725260589448,4.362503246,4.5032584,15.08611395,16,2.10481230617236,passed,16,P-15GPa_frame00001268_U0.183051.poscar,False,,,,,,,,0.9999688113
npt_pressure,15,,P-15GPa,Ti-potential/04-npt-round-2/md/P-15GPa/multi_nnap_md.xyz,1318,0.2270522226,15.559439346152628,4.132632846,4.25983232,18.58500475,16,1.9880790677059597,passed,17,P-15GPa_frame00001318_U0.227052.poscar,True,26,cur-fill,0.01756605829,000026.poscar,0.002303319605,0.000393274374,0.9729279572,0.9999672778
npt_pressure,15,,P-15GPa,Ti-potential/04-npt-round-2/md/P-15GPa/multi_nnap_md.xyz,1368,0.3078336598,14.856832695685087,4.063048398,3.989425314,23.29178331,16,1.8085458728050203,passed,18,P-15GPa_frame00001368_U0.307834.poscar,False,,,,,,,,0.9999742309
npt_pressure,15,,P-15GPa,Ti-potential/04-npt-round-2/md/P-15GPa/multi_nnap_md.xyz,1418,0.3987532632,14.865348399920347,7.397284486,7.361032529,24.75144894,16,1.7464275742908308,passed,19,P-15GPa_frame00001418_U0.398753.poscar,True,35,cur-fill,0.02020385808,000035.poscar,0.0008944802911,0.0001770887045,0.9467933795,0.9999918231
npt_pressure,15,,P-15GPa,Ti-potential/04-npt-round-2/md/P-15GPa/multi_nnap_md.xyz,1468,0.1360602005,14.691586863599538,3.652750482,3.760145387,27.5915784,16,2.2763240177280983,passed,20,P-15GPa_frame00001468_U0.136060.poscar,False,,,,,,,,0.9999698882
npt_pressure,15,,P-15GPa,Ti-potential/04-npt-round-2/md/P-15GPa/multi_nnap_md.xyz,1518,0.2419379282,14.439287815544057,4.696561293,4.681092946,28.59572532,16,1.9817485962376473,passed,21,P-15GPa_frame00001518_U0.241938.poscar,False,,,,,,,,0.9999901786
npt_pressure,15,,P-15GPa,Ti-potential/04-npt-round-2/md/P-15GPa/multi_nnap_md.xyz,1569,0.1530249992,14.98704457788615,2.876694373,2.856653438,23.57891089,16,2.01113675425959,passed,22,P-15GPa_frame00001569_U0.153025.poscar,True,90,cur-fill,0.007950854276,000090.poscar,4.866441109e-06,5.442152057e-07,0.9837980295,0.9999625494
npt_pressure,15,,P-15GPa,Ti-potential/04-npt-round-2/md/P-15GPa/multi_nnap_md.xyz,1620,0.1564853614,15.337043455185448,2.816982962,2.828030201,17.46157357,16,2.1165086852947006,passed,23,P-15GPa_frame00001620_U0.156485.poscar,False,,,,,,,,0.9999552615
npt_pressure,15,,P-15GPa,Ti-potential/04-npt-round-2/md/P-15GPa/multi_nnap_md.xyz,1672,0.1675866548,16.37370324561042,2.965675968,2.968711649,10.17564097,16,1.9825140850236307,passed,24,P-15GPa_frame00001672_U0.167587.poscar,False,,,,,,,,0.9999442923
npt_pressure,15,,P-15GPa,Ti-potential/04-npt-round-2/md/P-15GPa/multi_nnap_md.xyz,1729,0.1570873945,15.466537144043249,3.675689119,3.579620334,18.53582499,16,2.151427001034073,passed,25,P-15GPa_frame00001729_U0.157087.poscar,False,,,,,,,,0.99995284
npt_pressure,15,,P-15GPa,Ti-potential/04-npt-round-2/md/P-15GPa/multi_nnap_md.xyz,1783,0.1343159741,15.219363140549858,2.85841986,2.969139,19.49245731,16,2.1153974453904874,passed,26,P-15GPa_frame00001783_U0.134316.poscar,False,,,,,,,,0.9999733454
npt_pressure,15,,P-15GPa,Ti-potential/04-npt-round-2/md/P-15GPa/multi_nnap_md.xyz,1833,0.1466864661,15.169048475636552,3.617999897,3.546233833,19.43492427,16,2.027086190679004,passed,27,P-15GPa_frame00001833_U0.146686.poscar,False,,,,,,,,0.9999504795
npt_pressure,15,,P-15GPa,Ti-potential/04-npt-round-2/md/P-15GPa/multi_nnap_md.xyz,1883,0.201365667,15.188712638916074,3.64092362,3.663677588,18.68151154,16,1.985244358570698,passed,28,P-15GPa_frame00001883_U0.201366.poscar,False,,,,,,,,0.9999542003
npt_pressure,15,,P-15GPa,Ti-potential/04-npt-round-2/md/P-15GPa/multi_nnap_md.xyz,1941,0.1441853463,15.574303592977671,3.107896197,3.138387619,15.44386944,16,2.001869130981463,passed,29,P-15GPa_frame00001941_U0.144185.poscar,False,,,,,,,,0.9999655158
npt_pressure,15,,P-15GPa,Ti-potential/04-npt-round-2/md/P-15GPa/multi_nnap_md.xyz,1991,0.1413585396,16.199960356817034,2.969586325,3.029873411,11.20101831,16,2.164144227954818,passed,30,P-15GPa_frame00001991_U0.141359.poscar,False,,,,,,,,0.9999714562
npt_pressure,15,,P-15GPa,Ti-potential/04-npt-round-2/md/P-15GPa/multi_nnap_md.xyz,2041,0.1814760105,16.46956990835469,3.713189102,3.87098121,10.41548879,16,2.1537039985142177,passed,31,P-15GPa_frame00002041_U0.181476.poscar,False,,,,,,,,0.9999353046
npt_pressure,15,,P-15GPa,Ti-potential/04-npt-round-2/md/P-15GPa/multi_nnap_md.xyz,2091,0.1741378543,16.36124018079052,3.99351246,4.19910568,12.60103618,16,2.130906754941294,passed,32,P-15GPa_frame00002091_U0.174138.poscar,False,,,,,,,,0.9999616597
npt_pressure,15,,P-15GPa,Ti-potential/04-npt-round-2/md/P-15GPa/multi_nnap_md.xyz,2144,0.1460787125,15.701210311128122,3.317819671,3.245303279,17.360458,16,2.118716174243032,passed,33,P-15GPa_frame00002144_U0.146079.poscar,False,,,,,,,,0.9998744195
npt_pressure,15,,P-15GPa,Ti-potential/04-npt-round-2/md/P-15GPa/multi_nnap_md.xyz,2197,0.136870803,16.353129994937255,3.328212659,3.275471437,10.18592546,16,2.139137363589356,passed,34,P-15GPa_frame00002197_U0.136871.poscar,False,,,,,,,,0.999937899
npt_pressure,15,,P-15GPa,Ti-potential/04-npt-round-2/md/P-15GPa/multi_nnap_md.xyz,2250,0.1492990572,16.24139893037846,3.448288496,3.433890699,12.05676386,16,2.1809747274297613,passed,35,P-15GPa_frame00002250_U0.149299.poscar,False,,,,,,,,0.9999148031
npt_pressure,15,,P-15GPa,Ti-potential/04-npt-round-2/md/P-15GPa/multi_nnap_md.xyz,2303,0.1396619592,15.678569612585694,3.360851522,3.292268132,16.13188546,16,2.1666735698941313,passed,36,P-15GPa_frame00002303_U0.139662.poscar,False,,,,,,,,0.9999763475
npt_pressure,15,,P-15GPa,Ti-potential/04-npt-round-2/md/P-15GPa/multi_nnap_md.xyz,2353,0.1475959741,15.557613873671947,3.787343165,3.891307886,17.25492686,16,2.1224486727312906,passed,37,P-15GPa_frame00002353_U0.147596.poscar,False,,,,,,,,0.9999906133
npt_pressure,15,,P-15GPa,Ti-potential/04-npt-round-2/md/P-15GPa/multi_nnap_md.xyz,2403,0.3658056713,15.620762793413256,3.642226184,3.675651855,22.09834619,16,1.8292848428214719,passed,38,P-15GPa_frame00002403_U0.365806.poscar,False,,,,,,,,0.9999716103
npt_pressure,15,,P-15GPa,Ti-potential/04-npt-round-2/md/P-15GPa/multi_nnap_md.xyz,2453,0.1756827752,15.380075665512603,3.30837066,3.372864724,17.73977402,16,1.9992883957120708,passed,39,P-15GPa_frame00002453_U0.175683.poscar,False,,,,,,,,0.9999617076
npt_pressure,15,,P-15GPa,Ti-potential/04-npt-round-2/md/P-15GPa/multi_nnap_md.xyz,2504,0.1615331164,15.703693986160232,3.760791112,3.942823024,16.28720312,16,1.9261233670387168,passed,40,P-15GPa_frame00002504_U0.161533.poscar,False,,,,,,,,0.9999622804
npt_pressure,15,,P-15GPa,Ti-potential/04-npt-round-2/md/P-15GPa/multi_nnap_md.xyz,2556,0.1777517533,15.903928599248134,3.87858029,3.740543915,15.36667882,16,2.235609954776971,passed,41,P-15GPa_frame00002556_U0.177752.poscar,True,48,cur-fill,0.01722260764,000048.poscar,0.0002139384332,2.988136796e-05,0.9292698047,0.9999168449
npt_pressure,15,,P-15GPa,Ti-potential/04-npt-round-2/md/P-15GPa/multi_nnap_md.xyz,2610,0.143206596,16.22786901710401,3.609137893,3.626402276,11.78281963,16,2.149228088514308,passed,42,P-15GPa_frame00002610_U0.143207.poscar,False,,,,,,,,0.9999644379
npt_pressure,15,,P-15GPa,Ti-potential/04-npt-round-2/md/P-15GPa/multi_nnap_md.xyz,2662,0.1423508187,15.97953580193048,3.67959093,3.586197471,13.43158634,16,1.9903282441288772,passed,43,P-15GPa_frame00002662_U0.142351.poscar,False,,,,,,,,0.9999915029
npt_pressure,15,,P-15GPa,Ti-potential/04-npt-round-2/md/P-15GPa/multi_nnap_md.xyz,2712,0.1399395484,15.869606985452572,3.558827511,3.403001344,14.47296445,16,2.1904873811812644,passed,44,P-15GPa_frame00002712_U0.139940.poscar,True,59,cur-fill,0.01796355219,000059.poscar,6.188713395e-05,9.468205094e-06,0.9807005319,0.9998622116
npt_pressure,15,,P-15GPa,Ti-potential/04-npt-round-2/md/P-15GPa/multi_nnap_md.xyz,2762,0.1370274876,15.971485785420766,2.77966095,2.844813565,12.23615897,16,1.9925463529901388,passed,45,P-15GPa_frame00002762_U0.137027.poscar,False,,,,,,,,0.9999667245
npt_pressure,15,,P-15GPa,Ti-potential/04-npt-round-2/md/P-15GPa/multi_nnap_md.xyz,2814,0.1715662964,15.585710628780486,3.635202532,3.754242177,15.13864463,16,2.134188265848373,passed,46,P-15GPa_frame00002814_U0.171566.poscar,False,,,,,,,,0.9999786607
npt_pressure,15,,P-15GPa,Ti-potential/04-npt-round-2/md/P-15GPa/multi_nnap_md.xyz,2864,0.2287322185,15.336508066242716,3.796169777,3.873188616,18.4017099,16,1.9529223979021848,passed,47,P-15GPa_frame00002864_U0.228732.poscar,True,79,cur-fill,0.01129797327,000079.poscar,4.866441109e-06,6.341899266e-07,0.9868035928,0.9999677264
npt_pressure,15,,P-15GPa,Ti-potential/04-npt-round-2/md/P-15GPa/multi_nnap_md.xyz,2914,0.2370576597,15.105516452621293,4.104513509,4.21799079,20.17883096,16,2.0071858498707753,passed,48,P-15GPa_frame00002914_U0.237058.poscar,False,,,,,,,,0.9999641121
npt_pressure,15,,P-15GPa,Ti-potential/04-npt-round-2/md/P-15GPa/multi_nnap_md.xyz,2964,0.4965661164,14.788240268482616,3.50523521,3.344624555,25.0383614,16,1.7927136427277872,passed,49,P-15GPa_frame00002964_U0.496566.poscar,False,,,,,,,,0.9999913975
npt_pressure,15,,P-15GPa,Ti-potential/04-npt-round-2/md/P-15GPa/multi_nnap_md.xyz,3014,0.4482775677,15.018052407482747,5.454022844,5.161069517,25.43151039,16,1.794757380472404,passed,50,P-15GPa_frame00003014_U0.448278.poscar,True,51,cur-fill,0.01665674693,000051.poscar,0.0001282863952,2.528712967e-05,0.982421792,0.9999830784
npt_pressure,15,,P-15GPa,Ti-potential/04-npt-round-2/md/P-15GPa/multi_nnap_md.xyz,3064,0.154113592,14.676275184476888,3.399772612,3.454139184,25.69228262,16,1.959592263697191,passed,51,P-15GPa_frame00003064_U0.154114.poscar,False,,,,,,,,0.9999794296
npt_pressure,15,,P-15GPa,Ti-potential/04-npt-round-2/md/P-15GPa/multi_nnap_md.xyz,3115,0.1399816495,14.795125852078005,3.885711663,3.883596466,27.59895414,16,2.083536929268444,passed,52,P-15GPa_frame00003115_U0.139982.poscar,True,69,cur-fill,0.01788829668,000069.poscar,1.931028131e-05,2.763640096e-06,0.9871612827,0.999985042
npt_pressure,15,,P-15GPa,Ti-potential/04-npt-round-2/md/P-15GPa/multi_nnap_md.xyz,3165,0.1482655625,14.825372791573209,4.229873245,4.248017907,26.04472324,16,2.2524434083570073,passed,53,P-15GPa_frame00003165_U0.148266.poscar,False,,,,,,,,0.9999831643
npt_pressure,15,,P-15GPa,Ti-potential/04-npt-round-2/md/P-15GPa/multi_nnap_md.xyz,3215,0.2636905339,14.891905339616367,5.551688977,5.506190138,22.60967532,16,2.104470639036859,passed,54,P-15GPa_frame00003215_U0.263691.poscar,False,,,,,,,,0.9999643433
npt_pressure,15,,P-15GPa,Ti-potential/04-npt-round-2/md/P-15GPa/multi_nnap_md.xyz,3265,0.1445758216,15.525113935634822,3.8086197,3.733373461,19.79083194,16,2.071780182206957,passed,55,P-15GPa_frame00003265_U0.144576.poscar,False,,,,,,,,0.999978791
npt_pressure,15,,P-15GPa,Ti-potential/04-npt-round-2/md/P-15GPa/multi_nnap_md.xyz,3315,0.166327761,15.956476030261175,3.461916448,3.500761159,16.19914156,16,2.1251796554447413,passed,56,P-15GPa_frame00003315_U0.166328.poscar,False,,,,,,,,0.9999739594
npt_pressure,15,,P-15GPa,Ti-potential/04-npt-round-2/md/P-15GPa/multi_nnap_md.xyz,3365,0.176598499,15.653410071708986,4.061571694,4.026051627,18.87675335,16,1.9809162437948553,passed,57,P-15GPa_frame00003365_U0.176598.poscar,False,,,,,,,,0.9999868446
npt_pressure,15,,P-15GPa,Ti-potential/04-npt-round-2/md/P-15GPa/multi_nnap_md.xyz,3415,0.1944244302,15.70084805011714,2.943441724,2.851445211,16.23975652,16,2.1310042737655595,passed,58,P-15GPa_frame00003415_U0.194424.poscar,False,,,,,,,,0.9999845527
npt_pressure,15,,P-15GPa,Ti-potential/04-npt-round-2/md/P-15GPa/multi_nnap_md.xyz,3465,0.1492954397,15.974860616227044,2.994431817,3.000074617,13.11671994,16,2.046932673712888,passed,59,P-15GPa_frame00003465_U0.149295.poscar,False,,,,,,,,0.9999442147
npt_pressure,15,,P-15GPa,Ti-potential/04-npt-round-2/md/P-15GPa/multi_nnap_md.xyz,3515,0.1860570615,16.199430834599006,3.086566519,3.129922415,10.62710348,16,2.006670318331488,passed,60,P-15GPa_frame00003515_U0.186057.poscar,False,,,,,,,,0.9999748609
npt_pressure,15,,P-15GPa,Ti-potential/04-npt-round-2/md/P-15GPa/multi_nnap_md.xyz,3565,0.1589219836,16.058636931115842,3.104858638,3.25438376,13.00962824,16,2.0357303555397004,passed,61,P-15GPa_frame00003565_U0.158922.poscar,False,,,,,,,,0.9999700935
npt_pressure,15,,P-15GPa,Ti-potential/04-npt-round-2/md/P-15GPa/multi_nnap_md.xyz,3620,0.1960764089,16.08376690460506,3.623643528,3.943528678,12.98341206,16,2.0837759563976648,passed,62,P-15GPa_frame00003620_U0.196076.poscar,False,,,,,,,,0.9999594891
npt_pressure,15,,P-15GPa,Ti-potential/04-npt-round-2/md/P-15GPa/multi_nnap_md.xyz,3674,0.1390076294,15.811499855574235,3.226876215,3.309836468,13.28215285,16,2.04102813848221,passed,63,P-15GPa_frame00003674_U0.139008.poscar,False,,,,,,,,0.9999128808
npt_pressure,15,,P-15GPa,Ti-potential/04-npt-round-2/md/P-15GPa/multi_nnap_md.xyz,3725,0.1490148134,15.984085309787476,3.166982308,3.259531869,15.25783235,16,2.092706396867006,passed,64,P-15GPa_frame00003725_U0.149015.poscar,False,,,,,,,,0.999956375
npt_pressure,15,,P-15GPa,Ti-potential/04-npt-round-2/md/P-15GPa/multi_nnap_md.xyz,3778,0.1490576667,14.732363269731701,3.62630367,3.589445761,26.94155289,16,2.0864790504419,passed,65,P-15GPa_frame00003778_U0.149058.poscar,False,,,,,,,,0.999971774
npt_pressure,15,,P-15GPa,Ti-potential/04-npt-round-2/md/P-15GPa/multi_nnap_md.xyz,3828,0.188156831,14.737490740305274,3.889822129,3.916283996,29.52798401,16,2.0878419899131786,passed,66,P-15GPa_frame00003828_U0.188157.poscar,False,,,,,,,,0.999959101
npt_pressure,15,,P-15GPa,Ti-potential/04-npt-round-2/md/P-15GPa/multi_nnap_md.xyz,3878,0.2112399861,14.429795659833138,3.81439639,3.768431512,27.54529355,16,1.9633276730992983,passed,67,P-15GPa_frame00003878_U0.211240.poscar,False,,,,,,,,0.9999860475
npt_pressure,15,,P-15GPa,Ti-potential/04-npt-round-2/md/P-15GPa/multi_nnap_md.xyz,3928,0.1490098299,14.905810200798673,3.786962033,3.839821229,24.46163296,16,2.1672160619814846,passed,68,P-15GPa_frame00003928_U0.149010.poscar,False,,,,,,,,0.999976431
npt_pressure,15,,P-15GPa,Ti-potential/04-npt-round-2/md/P-15GPa/multi_nnap_md.xyz,3978,0.2759502373,15.235735244734188,2.744161192,2.743575333,19.80334536,16,2.037738713422271,passed,69,P-15GPa_frame00003978_U0.275950.poscar,False,,,,,,,,0.9999842867
npt_pressure,15,,P-15GPa,Ti-potential/04-npt-round-2/md/P-15GPa/multi_nnap_md.xyz,4028,0.1733708305,16.17103730411487,3.793634021,3.703454833,13.82101077,16,2.062716716348988,passed,70,P-15GPa_frame00004028_U0.173371.poscar,False,,,,,,,,0.999963362
npt_pressure,15,,P-15GPa,Ti-potential/04-npt-round-2/md/P-15GPa/multi_nnap_md.xyz,4080,0.1390486147,16.70981571419795,3.013687273,3.038109345,9.115128421,16,1.9950638281694517,passed,71,P-15GPa_frame00004080_U0.139049.poscar,False,,,,,,,,0.9999848192
npt_pressure,15,,P-15GPa,Ti-potential/04-npt-round-2/md/P-15GPa/multi_nnap_md.xyz,4132,0.1600434346,17.522101210364372,3.035614323,3.1718669,3.330281142,16,1.9891553767987264,passed,72,P-15GPa_frame00004132_U0.160043.poscar,True,49,cur-fill,0.01941312645,000049.poscar,0.0001912193283,2.938887042e-05,0.9887872595,0.9999775132
npt_pressure,15,,P-15GPa,Ti-potential/04-npt-round-2/md/P-15GPa/multi_nnap_md.xyz,4186,0.1767850514,15.625441533525429,3.865116605,3.831252824,16.25617275,16,2.058676331521407,passed,73,P-15GPa_frame00004186_U0.176785.poscar,False,,,,,,,,0.9999729103
npt_pressure,15,,P-15GPa,Ti-potential/04-npt-round-2/md/P-15GPa/multi_nnap_md.xyz,4236,0.1496460741,15.693524046389173,3.455905747,3.545659249,17.6619659,16,2.1156347375430564,passed,74,P-15GPa_frame00004236_U0.149646.poscar,False,,,,,,,,0.9999555742
npt_pressure,15,,P-15GPa,Ti-potential/04-npt-round-2/md/P-15GPa/multi_nnap_md.xyz,4286,0.1618637318,15.344123095884491,3.053746743,3.128225801,18.88074845,16,2.032770441011877,passed,75,P-15GPa_frame00004286_U0.161864.poscar,False,,,,,,,,0.9999728265
npt_pressure,15,,P-15GPa,Ti-potential/04-npt-round-2/md/P-15GPa/multi_nnap_md.xyz,4336,0.1691995974,15.137883496417784,3.26000349,3.367207354,20.82554806,16,1.9802568564115537,passed,76,P-15GPa_frame00004336_U0.169200.poscar,False,,,,,,,,0.9999944856
npt_pressure,15,,P-15GPa,Ti-potential/04-npt-round-2/md/P-15GPa/multi_nnap_md.xyz,4386,0.1788099844,14.79516355671377,4.118971428,4.191925459,27.160094,16,1.9171200964214241,passed,77,P-15GPa_frame00004386_U0.178810.poscar,False,,,,,,,,0.9999722341
npt_pressure,15,,P-15GPa,Ti-potential/04-npt-round-2/md/P-15GPa/multi_nnap_md.xyz,4436,0.1667130373,15.021324022860767,3.951899337,4.044622991,22.98133765,16,2.0398059627550706,passed,78,P-15GPa_frame00004436_U0.166713.poscar,False,,,,,,,,0.9999650949
npt_pressure,15,,P-15GPa,Ti-potential/04-npt-round-2/md/P-15GPa/multi_nnap_md.xyz,4486,0.1835532859,15.317859062560965,3.858548971,4.052460957,20.80084166,16,2.0467059118460247,passed,79,P-15GPa_frame00004486_U0.183553.poscar,False,,,,,,,,0.9999685147
npt_pressure,15,,P-15GPa,Ti-potential/04-npt-round-2/md/P-15GPa/multi_nnap_md.xyz,4536,0.3712958842,15.358161351274793,5.043434689,5.103816759,17.6698896,16,1.79191973654067,passed,80,P-15GPa_frame00004536_U0.371296.poscar,False,,,,,,,,0.9999517789
npt_pressure,15,,P-15GPa,Ti-potential/04-npt-round-2/md/P-15GPa/multi_nnap_md.xyz,4586,0.1390956329,15.063631685378676,3.558106995,3.658116719,22.00604609,16,2.0931036488562382,passed,81,P-15GPa_frame00004586_U0.139096.poscar,False,,,,,,,,0.9999639161
npt_pressure,15,,P-15GPa,Ti-potential/04-npt-round-2/md/P-15GPa/multi_nnap_md.xyz,4636,0.2117356965,15.030047473791221,3.964086065,4.106140104,20.73473451,16,1.946204479136994,passed,82,P-15GPa_frame00004636_U0.211736.poscar,False,,,,,,,,0.999905954
npt_pressure,15,,P-15GPa,Ti-potential/04-npt-round-2/md/P-15GPa/multi_nnap_md.xyz,4686,0.1810469203,15.193771995223809,3.687235128,3.667500108,20.18238954,16,2.104339234715682,passed,83,P-15GPa_frame00004686_U0.181047.poscar,False,,,,,,,,0.9999638694
npt_pressure,15,,P-15GPa,Ti-potential/04-npt-round-2/md/P-15GPa/multi_nnap_md.xyz,4736,0.1373330997,15.327293386921093,3.716233643,3.738994634,18.57265166,16,2.0436572423593367,passed,84,P-15GPa_frame00004736_U0.137333.poscar,False,,,,,,,,0.9999561107
npt_pressure,15,,P-15GPa,Ti-potential/04-npt-round-2/md/P-15GPa/multi_nnap_md.xyz,4788,0.1721260562,16.187746818731256,4.114294927,4.084565793,11.44154904,16,2.1252279587185163,passed,85,P-15GPa_frame00004788_U0.172126.poscar,False,,,,,,,,0.9999798543
npt_pressure,15,,P-15GPa,Ti-potential/04-npt-round-2/md/P-15GPa/multi_nnap_md.xyz,4839,0.1390089166,16.36337557265659,3.549171589,3.607790987,11.03868934,16,2.1930652867408784,passed,86,P-15GPa_frame00004839_U0.139009.poscar,False,,,,,,,,0.9999335523
npt_pressure,15,,P-15GPa,Ti-potential/04-npt-round-2/md/P-15GPa/multi_nnap_md.xyz,4899,0.1449758151,15.03049505798728,3.717685455,3.636080915,21.81959047,16,2.114649551718421,passed,87,P-15GPa_frame00004899_U0.144976.poscar,False,,,,,,,,0.9999720611
npt_pressure,15,,P-15GPa,Ti-potential/04-npt-round-2/md/P-15GPa/multi_nnap_md.xyz,4949,0.2094125297,15.203632135875308,3.598380482,3.67544327,19.26203922,16,1.9401084204984962,passed,88,P-15GPa_frame00004949_U0.209413.poscar,False,,,,,,,,0.9999811023
npt_pressure,25,,P-25GPa,Ti-potential/04-npt-round-2/md/P-25GPa/multi_nnap_md.xyz,506,0.1432855707,14.785296710987899,3.228851237,3.27838022,25.31314734,16,2.1542941881275555,passed,1,P-25GPa_frame00000506_U0.143286.poscar,False,,,,,,,,0.9999779419
npt_pressure,25,,P-25GPa,Ti-potential/04-npt-round-2/md/P-25GPa/multi_nnap_md.xyz,556,0.1683059621,13.660516463079306,3.300764604,3.290004989,39.59138301,16,2.0705305914811034,passed,2,P-25GPa_frame00000556_U0.168306.poscar,False,,,,,,,,0.9999795341
npt_pressure,25,,P-25GPa,Ti-potential/04-npt-round-2/md/P-25GPa/multi_nnap_md.xyz,606,0.1696489753,13.775714963077508,3.492126176,3.480116566,36.6836779,16,1.9896074623896487,passed,3,P-25GPa_frame00000606_U0.169649.poscar,False,,,,,,,,0.9999848437
npt_pressure,25,,P-25GPa,Ti-potential/04-npt-round-2/md/P-25GPa/multi_nnap_md.xyz,656,0.2144825201,15.010768295752397,3.285220748,3.473903514,21.23680707,16,1.9812917869218316,passed,4,P-25GPa_frame00000656_U0.214483.poscar,False,,,,,,,,0.9999806334
npt_pressure,25,,P-25GPa,Ti-potential/04-npt-round-2/md/P-25GPa/multi_nnap_md.xyz,706,0.236101348,15.33816429858153,4.161544206,4.396653005,18.56645811,16,1.9222446229877561,passed,5,P-25GPa_frame00000706_U0.236101.poscar,False,,,,,,,,0.9999038685
npt_pressure,25,,P-25GPa,Ti-potential/04-npt-round-2/md/P-25GPa/multi_nnap_md.xyz,756,0.2323125611,15.494500896258419,4.286175446,4.280994909,18.07659298,16,1.9597934251738267,passed,6,P-25GPa_frame00000756_U0.232313.poscar,False,,,,,,,,0.9999931254
npt_pressure,25,,P-25GPa,Ti-potential/04-npt-round-2/md/P-25GPa/multi_nnap_md.xyz,806,0.2452167977,14.617706825513832,4.50621231,4.57356225,30.27606525,16,1.9317323472076948,passed,7,P-25GPa_frame00000806_U0.245217.poscar,False,,,,,,,,0.9999730004
npt_pressure,25,,P-25GPa,Ti-potential/04-npt-round-2/md/P-25GPa/multi_nnap_md.xyz,856,0.2822850497,13.899600936403198,4.013381121,4.233353866,37.45459709,16,1.9997457247276875,passed,8,P-25GPa_frame00000856_U0.282285.poscar,True,9,cur-fill,0.0130651013,000009.poscar,0.02905529191,0.003583423539,0.9528406617,0.9999817418
npt_pressure,25,,P-25GPa,Ti-potential/04-npt-round-2/md/P-25GPa/multi_nnap_md.xyz,906,0.2605125321,14.411948897638023,3.108094653,3.063925892,29.85095375,16,2.0492582927157224,passed,9,P-25GPa_frame00000906_U0.260513.poscar,False,,,,,,,,0.9999856304
npt_pressure,25,,P-25GPa,Ti-potential/04-npt-round-2/md/P-25GPa/multi_nnap_md.xyz,956,0.2105985227,15.420095634188383,3.464928706,3.561463374,18.2194668,16,1.9330195811410595,passed,10,P-25GPa_frame00000956_U0.210599.poscar,False,,,,,,,,0.9999944775
npt_pressure,25,,P-25GPa,Ti-potential/04-npt-round-2/md/P-25GPa/multi_nnap_md.xyz,1006,0.1702888795,15.166921266776917,3.134160317,3.230860092,20.51371747,16,1.985704627465822,passed,11,P-25GPa_frame00001006_U0.170289.poscar,False,,,,,,,,0.9999609881
npt_pressure,25,,P-25GPa,Ti-potential/04-npt-round-2/md/P-25GPa/multi_nnap_md.xyz,1056,0.1411006145,15.251602050675771,3.450319711,3.58770644,20.90160778,16,2.2139937877082114,passed,12,P-25GPa_frame00001056_U0.141101.poscar,False,,,,,,,,0.9999759623
npt_pressure,25,,P-25GPa,Ti-potential/04-npt-round-2/md/P-25GPa/multi_nnap_md.xyz,1107,0.1339679262,14.503469643494167,2.492720561,2.564023949,27.4414789,16,2.1535117464107154,passed,13,P-25GPa_frame00001107_U0.133968.poscar,False,,,,,,,,0.9999850171
npt_pressure,25,,P-25GPa,Ti-potential/04-npt-round-2/md/P-25GPa/multi_nnap_md.xyz,1158,0.1998557429,14.45315473740405,4.493549501,4.36899687,27.89753957,16,2.133876042114816,passed,14,P-25GPa_frame00001158_U0.199856.poscar,False,,,,,,,,0.9999827379
npt_pressure,25,,P-25GPa,Ti-potential/04-npt-round-2/md/P-25GPa/multi_nnap_md.xyz,1208,0.1421670984,14.581927896390091,3.883752369,3.88401994,26.66417997,16,2.01782595055435,passed,15,P-25GPa_frame00001208_U0.142167.poscar,False,,,,,,,,0.9999834037
npt_pressure,25,,P-25GPa,Ti-potential/04-npt-round-2/md/P-25GPa/multi_nnap_md.xyz,1258,0.1764626551,14.93791009718038,2.991152943,3.06327082,23.21427745,16,2.0040462264495997,passed,16,P-25GPa_frame00001258_U0.176463.poscar,False,,,,,,,,0.9999712694
npt_pressure,25,,P-25GPa,Ti-potential/04-npt-round-2/md/P-25GPa/multi_nnap_md.xyz,1308,0.370634612,14.761247683264841,3.15603888,3.37610628,25.12706863,16,1.9511957656138508,passed,17,P-25GPa_frame00001308_U0.370635.poscar,False,,,,,,,,0.9999903028
npt_pressure,25,,P-25GPa,Ti-potential/04-npt-round-2/md/P-25GPa/multi_nnap_md.xyz,1358,0.184341051,14.612037705878578,3.477057593,3.524109546,25.06534098,16,1.9545048042051658,passed,18,P-25GPa_frame00001358_U0.184341.poscar,False,,,,,,,,0.9999586351
npt_pressure,25,,P-25GPa,Ti-potential/04-npt-round-2/md/P-25GPa/multi_nnap_md.xyz,1408,0.2030956046,14.999770379927126,3.044043638,3.049462984,21.76068993,16,2.008625268665778,passed,19,P-25GPa_frame00001408_U0.203096.poscar,True,61,cur-fill,0.02253294137,000061.poscar,5.115478886e-05,9.09705758e-06,0.9836309747,0.9999739565
npt_pressure,25,,P-25GPa,Ti-potential/04-npt-round-2/md/P-25GPa/multi_nnap_md.xyz,1458,0.2317575565,15.062449230260942,4.109318075,3.895847335,24.50998186,16,2.070561749847622,passed,20,P-25GPa_frame00001458_U0.231758.poscar,False,,,,,,,,0.9999574635
npt_pressure,25,,P-25GPa,Ti-potential/04-npt-round-2/md/P-25GPa/multi_nnap_md.xyz,1508,0.2142681287,14.409840509146223,3.578617625,3.673710345,28.38667194,16,2.0651568434212813,passed,21,P-25GPa_frame00001508_U0.214268.poscar,False,,,,,,,,0.9999674951
npt_pressure,25,,P-25GPa,Ti-potential/04-npt-round-2/md/P-25GPa/multi_nnap_md.xyz,1558,0.1388628322,14.864421264614958,3.534721483,3.593649932,25.3573888,16,2.0142545277850474,passed,22,P-25GPa_frame00001558_U0.138863.poscar,True,92,cur-fill,0.007799236438,000092.poscar,4.866441109e-06,5.004211473e-07,0.9866563895,0.999964011
npt_pressure,25,,P-25GPa,Ti-potential/04-npt-round-2/md/P-25GPa/multi_nnap_md.xyz,1608,0.143925885,14.7203901332898,3.610442914,3.632841866,24.66000603,16,2.12665553461547,passed,23,P-25GPa_frame00001608_U0.143926.poscar,False,,,,,,,,0.9999602678
npt_pressure,25,,P-25GPa,Ti-potential/04-npt-round-2/md/P-25GPa/multi_nnap_md.xyz,1658,0.1365090869,14.340935785751286,2.787922581,2.755903373,29.71864963,16,2.0183293683044545,passed,24,P-25GPa_frame00001658_U0.136509.poscar,False,,,,,,,,0.9999006236
npt_pressure,25,,P-25GPa,Ti-potential/04-npt-round-2/md/P-25GPa/multi_nnap_md.xyz,1708,0.1361699841,14.914030278613886,2.927560316,3.026544527,22.4974459,16,2.1571492704017836,passed,25,P-25GPa_frame00001708_U0.136170.poscar,False,,,,,,,,0.9999739167
npt_pressure,25,,P-25GPa,Ti-potential/04-npt-round-2/md/P-25GPa/multi_nnap_md.xyz,1758,0.2471899024,14.732757114065349,3.609876635,3.594470362,25.96242248,16,2.0681500186848387,passed,26,P-25GPa_frame00001758_U0.247190.poscar,False,,,,,,,,0.999996208
npt_pressure,25,,P-25GPa,Ti-potential/04-npt-round-2/md/P-25GPa/multi_nnap_md.xyz,1808,0.1779072634,14.622496048378755,3.475966284,3.474981193,27.44134362,16,2.0190635276839126,passed,27,P-25GPa_frame00001808_U0.177907.poscar,False,,,,,,,,0.9999866196
npt_pressure,25,,P-25GPa,Ti-potential/04-npt-round-2/md/P-25GPa/multi_nnap_md.xyz,1858,0.1366059221,14.678663475808678,3.57952948,3.532956157,27.01785577,16,2.182003211621196,passed,28,P-25GPa_frame00001858_U0.136606.poscar,False,,,,,,,,0.9999758221
npt_pressure,25,,P-25GPa,Ti-potential/04-npt-round-2/md/P-25GPa/multi_nnap_md.xyz,1908,0.2329289593,14.925833539310386,3.996918886,4.253102301,23.4552638,16,2.0343736962973686,passed,29,P-25GPa_frame00001908_U0.232929.poscar,False,,,,,,,,0.9999775056
npt_pressure,25,,P-25GPa,Ti-potential/04-npt-round-2/md/P-25GPa/multi_nnap_md.xyz,1958,0.2201015315,14.774846477730025,4.032479649,4.075598195,28.4530984,16,2.0444216597171723,passed,30,P-25GPa_frame00001958_U0.220102.poscar,False,,,,,,,,0.9999905416
npt_pressure,25,,P-25GPa,Ti-potential/04-npt-round-2/md/P-25GPa/multi_nnap_md.xyz,2008,0.1457893228,14.881889374000151,2.874843763,2.947659426,21.31392321,16,2.0837952052834448,passed,31,P-25GPa_frame00002008_U0.145789.poscar,False,,,,,,,,0.9999892853
npt_pressure,25,,P-25GPa,Ti-potential/04-npt-round-2/md/P-25GPa/multi_nnap_md.xyz,2058,0.1677475468,14.86668177949695,3.190646031,3.193024418,22.04884009,16,2.060185665168088,passed,32,P-25GPa_frame00002058_U0.167748.poscar,False,,,,,,,,0.9999612757
npt_pressure,25,,P-25GPa,Ti-potential/04-npt-round-2/md/P-25GPa/multi_nnap_md.xyz,2108,0.3794511804,14.443105576762646,5.374046971,5.277958002,31.33421921,16,2.1612371567477,passed,33,P-25GPa_frame00002108_U0.379451.poscar,False,,,,,,,,0.9999877878
npt_pressure,25,,P-25GPa,Ti-potential/04-npt-round-2/md/P-25GPa/multi_nnap_md.xyz,2158,0.2568036335,14.341454780966174,3.768143484,3.817976392,29.36813932,16,1.992649409571967,passed,34,P-25GPa_frame00002158_U0.256804.poscar,False,,,,,,,,0.9999812884
npt_pressure,25,,P-25GPa,Ti-potential/04-npt-round-2/md/P-25GPa/multi_nnap_md.xyz,2208,0.4388050116,14.26364786107079,6.650635342,6.292786263,33.95823474,16,1.7292516011954349,passed,35,P-25GPa_frame00002208_U0.438805.poscar,True,17,cur-fill,0.01674322448,000017.poscar,0.006549417384,0.001029757879,0.9817655901,0.9999075385
npt_pressure,25,,P-25GPa,Ti-potential/04-npt-round-2/md/P-25GPa/multi_nnap_md.xyz,2258,0.1958106471,14.74609718845497,3.884298256,3.895263105,25.41268998,16,2.001543294577605,passed,36,P-25GPa_frame00002258_U0.195811.poscar,False,,,,,,,,0.9999691813
npt_pressure,25,,P-25GPa,Ti-potential/04-npt-round-2/md/P-25GPa/multi_nnap_md.xyz,2308,0.1758456034,14.63729043976832,3.255431256,3.280312287,26.21332301,16,2.101564141689483,passed,37,P-25GPa_frame00002308_U0.175846.poscar,False,,,,,,,,0.9999538548
npt_pressure,25,,P-25GPa,Ti-potential/04-npt-round-2/md/P-25GPa/multi_nnap_md.xyz,2358,0.1443409475,14.596398497392002,3.446853467,3.465052315,29.12146027,16,2.088847906917853,passed,38,P-25GPa_frame00002358_U0.144341.poscar,False,,,,,,,,0.9999816147
npt_pressure,25,,P-25GPa,Ti-potential/04-npt-round-2/md/P-25GPa/multi_nnap_md.xyz,2408,0.2274853716,14.645308258692715,4.106750402,4.181693079,27.26583448,16,2.000247470983155,passed,39,P-25GPa_frame00002408_U0.227485.poscar,False,,,,,,,,0.9999797641
npt_pressure,25,,P-25GPa,Ti-potential/04-npt-round-2/md/P-25GPa/multi_nnap_md.xyz,2458,0.4851227131,15.057535809384975,5.646114815,5.618842024,23.24158704,16,1.7829648039081134,passed,40,P-25GPa_frame00002458_U0.485123.poscar,True,14,cur-fill,0.01719644054,000014.poscar,0.0102016114,0.001617165371,0.9541662346,0.999909949
npt_pressure,25,,P-25GPa,Ti-potential/04-npt-round-2/md/P-25GPa/multi_nnap_md.xyz,2508,0.3050499244,14.928441105920978,4.37263719,4.572438524,21.44623019,16,1.8983036507554583,passed,41,P-25GPa_frame00002508_U0.305050.poscar,False,,,,,,,,0.999925466
npt_pressure,25,,P-25GPa,Ti-potential/04-npt-round-2/md/P-25GPa/multi_nnap_md.xyz,2558,0.1476455031,14.524515429658324,2.722721358,2.70791021,28.06010533,16,2.066564366114635,passed,42,P-25GPa_frame00002558_U0.147646.poscar,False,,,,,,,,0.9999836714
npt_pressure,25,,P-25GPa,Ti-potential/04-npt-round-2/md/P-25GPa/multi_nnap_md.xyz,2610,0.150439731,14.996034594356452,3.184327047,3.242056132,23.18996151,16,2.003554190743228,passed,43,P-25GPa_frame00002610_U0.150440.poscar,False,,,,,,,,0.9999852867
npt_pressure,25,,P-25GPa,Ti-potential/04-npt-round-2/md/P-25GPa/multi_nnap_md.xyz,2662,0.1343026885,14.903535323681623,2.574468717,2.610132056,22.26236373,16,2.179843943933369,passed,44,P-25GPa_frame00002662_U0.134303.poscar,False,,,,,,,,0.999990316
npt_pressure,25,,P-25GPa,Ti-potential/04-npt-round-2/md/P-25GPa/multi_nnap_md.xyz,2712,0.1783314822,14.32534727748321,3.738905192,3.749198886,28.72905341,16,1.9344220930886142,passed,45,P-25GPa_frame00002712_U0.178331.poscar,False,,,,,,,,0.9999826269
npt_pressure,25,,P-25GPa,Ti-potential/04-npt-round-2/md/P-25GPa/multi_nnap_md.xyz,2762,0.1654855136,13.782585287149743,2.95096164,2.910272092,38.13559921,16,2.2250476447884244,passed,46,P-25GPa_frame00002762_U0.165486.poscar,False,,,,,,,,0.999943914
npt_pressure,25,,P-25GPa,Ti-potential/04-npt-round-2/md/P-25GPa/multi_nnap_md.xyz,2812,0.1575097116,14.767124623411142,3.690242419,3.668366032,23.89994065,16,1.9563761284845769,passed,47,P-25GPa_frame00002812_U0.157510.poscar,False,,,,,,,,0.9999583355
npt_pressure,25,,P-25GPa,Ti-potential/04-npt-round-2/md/P-25GPa/multi_nnap_md.xyz,2862,0.1721321503,16.40422405580165,3.545695772,3.612151869,9.118880718,16,1.925994293740358,passed,48,P-25GPa_frame00002862_U0.172132.poscar,False,,,,,,,,0.9999690718
npt_pressure,25,,P-25GPa,Ti-potential/04-npt-round-2/md/P-25GPa/multi_nnap_md.xyz,2913,0.1496133474,15.19842056646241,2.590173603,2.582159197,18.00447829,16,1.981504720652443,passed,49,P-25GPa_frame00002913_U0.149613.poscar,False,,,,,,,,0.9999860337
npt_pressure,25,,P-25GPa,Ti-potential/04-npt-round-2/md/P-25GPa/multi_nnap_md.xyz,2964,0.141197786,13.633115744388054,3.88638173,3.851128619,40.5190265,16,2.1104308319458474,passed,50,P-25GPa_frame00002964_U0.141198.poscar,False,,,,,,,,0.9999737397
npt_pressure,25,,P-25GPa,Ti-potential/04-npt-round-2/md/P-25GPa/multi_nnap_md.xyz,3014,0.2869714419,14.084880791524307,3.018986329,3.116461192,32.59344589,16,2.016343084619917,passed,51,P-25GPa_frame00003014_U0.286971.poscar,False,,,,,,,,0.999967161
npt_pressure,25,,P-25GPa,Ti-potential/04-npt-round-2/md/P-25GPa/multi_nnap_md.xyz,3064,0.2391227852,15.363525420625512,3.723296223,3.78041831,17.57760913,16,1.8849505054790519,passed,52,P-25GPa_frame00003064_U0.239123.poscar,False,,,,,,,,0.9999772814
npt_pressure,25,,P-25GPa,Ti-potential/04-npt-round-2/md/P-25GPa/multi_nnap_md.xyz,3115,0.1417625389,15.354459922961658,2.657247432,2.682947399,20.40500116,16,2.4078653231854696,passed,53,P-25GPa_frame00003115_U0.141763.poscar,False,,,,,,,,0.9999497811
npt_pressure,25,,P-25GPa,Ti-potential/04-npt-round-2/md/P-25GPa/multi_nnap_md.xyz,3167,0.1499413195,14.00041262435471,3.743889765,3.800396465,33.26503626,16,2.0086031329527274,passed,54,P-25GPa_frame00003167_U0.149941.poscar,False,,,,,,,,0.9999923038
npt_pressure,25,,P-25GPa,Ti-potential/04-npt-round-2/md/P-25GPa/multi_nnap_md.xyz,3217,0.1650538753,14.258195047112538,3.704054804,3.707017378,31.29367269,16,1.996356012827782,passed,55,P-25GPa_frame00003217_U0.165054.poscar,False,,,,,,,,0.9999890935
npt_pressure,25,,P-25GPa,Ti-potential/04-npt-round-2/md/P-25GPa/multi_nnap_md.xyz,3267,0.186877164,14.985457549807316,4.200645933,4.059357885,22.26723064,16,1.8897865148105277,passed,56,P-25GPa_frame00003267_U0.186877.poscar,False,,,,,,,,0.9999660231
npt_pressure,25,,P-25GPa,Ti-potential/04-npt-round-2/md/P-25GPa/multi_nnap_md.xyz,3317,0.1736099483,14.920442401756487,3.912737345,3.764410844,25.39324174,16,2.113644275469869,passed,57,P-25GPa_frame00003317_U0.173610.poscar,False,,,,,,,,0.9999732547
npt_pressure,25,,P-25GPa,Ti-potential/04-npt-round-2/md/P-25GPa/multi_nnap_md.xyz,3367,0.1643324569,15.12431193685047,2.944519664,2.92229127,22.52122147,16,2.0075959914982002,passed,58,P-25GPa_frame00003367_U0.164332.poscar,False,,,,,,,,0.9999745589
npt_pressure,25,,P-25GPa,Ti-potential/04-npt-round-2/md/P-25GPa/multi_nnap_md.xyz,3418,0.1906838236,15.168314626212451,2.970915958,3.043324109,22.12546073,16,2.044342650118945,passed,59,P-25GPa_frame00003418_U0.190684.poscar,False,,,,,,,,0.9999826647
npt_pressure,25,,P-25GPa,Ti-potential/04-npt-round-2/md/P-25GPa/multi_nnap_md.xyz,3468,0.1649755681,14.35050793635479,4.056392651,4.067763887,31.32085608,16,2.1836205130319772,passed,60,P-25GPa_frame00003468_U0.164976.poscar,False,,,,,,,,0.9999890033
npt_pressure,25,,P-25GPa,Ti-potential/04-npt-round-2/md/P-25GPa/multi_nnap_md.xyz,3518,0.2823139376,14.418741545241263,3.934178321,3.799728544,30.08999895,16,1.9904413049053724,passed,61,P-25GPa_frame00003518_U0.282314.poscar,False,,,,,,,,0.9999718719
npt_pressure,25,,P-25GPa,Ti-potential/04-npt-round-2/md/P-25GPa/multi_nnap_md.xyz,3568,0.1741333374,14.88928912648244,4.643448734,4.609248679,26.6099767,16,2.0657122530264913,passed,62,P-25GPa_frame00003568_U0.174133.poscar,False,,,,,,,,0.9999790284
npt_pressure,25,,P-25GPa,Ti-potential/04-npt-round-2/md/P-25GPa/multi_nnap_md.xyz,3619,0.1472986075,15.658276786592673,3.380408718,3.324174567,17.79690835,16,2.015500540724021,passed,63,P-25GPa_frame00003619_U0.147299.poscar,False,,,,,,,,0.9999564276
npt_pressure,25,,P-25GPa,Ti-potential/04-npt-round-2/md/P-25GPa/multi_nnap_md.xyz,3669,0.1700171217,15.125972103414538,3.293889368,3.176103548,22.31345014,16,2.0455090702777396,passed,64,P-25GPa_frame00003669_U0.170017.poscar,False,,,,,,,,0.9999653882
npt_pressure,25,,P-25GPa,Ti-potential/04-npt-round-2/md/P-25GPa/multi_nnap_md.xyz,3719,0.3568629881,14.699661185828568,4.292560117,3.954685151,25.45168211,16,1.8129885197274895,passed,65,P-25GPa_frame00003719_U0.356863.poscar,False,,,,,,,,0.9999338055
npt_pressure,25,,P-25GPa,Ti-potential/04-npt-round-2/md/P-25GPa/multi_nnap_md.xyz,3769,0.4814636787,14.681190584174129,6.294268747,6.214488005,28.29599747,16,2.1024172348128816,passed,66,P-25GPa_frame00003769_U0.481464.poscar,False,,,,,,,,0.9999967468
npt_pressure,25,,P-25GPa,Ti-potential/04-npt-round-2/md/P-25GPa/multi_nnap_md.xyz,3819,0.1816675987,15.194591903665472,3.871628359,4.086861296,22.4392328,16,2.0147448910972408,passed,67,P-25GPa_frame00003819_U0.181668.poscar,False,,,,,,,,0.9999637692
npt_pressure,25,,P-25GPa,Ti-potential/04-npt-round-2/md/P-25GPa/multi_nnap_md.xyz,3869,0.2576632414,14.934280608814518,2.96413381,3.083816194,22.48858737,16,1.8948046010582271,passed,68,P-25GPa_frame00003869_U0.257663.poscar,True,52,cur-fill,0.02361424084,000052.poscar,0.0001258843395,2.132707631e-05,0.9759495574,0.9999792281
npt_pressure,25,,P-25GPa,Ti-potential/04-npt-round-2/md/P-25GPa/multi_nnap_md.xyz,3919,0.2619704341,14.341536819799867,3.9234067,3.888383039,31.17616418,16,2.145218308203659,passed,69,P-25GPa_frame00003919_U0.261970.poscar,False,,,,,,,,0.9999838436
npt_pressure,25,,P-25GPa,Ti-potential/04-npt-round-2/md/P-25GPa/multi_nnap_md.xyz,3970,0.137555926,14.668781455395614,3.764705682,3.686461236,26.01224548,16,2.1145836205578497,passed,70,P-25GPa_frame00003970_U0.137556.poscar,False,,,,,,,,0.9999798174
npt_pressure,25,,P-25GPa,Ti-potential/04-npt-round-2/md/P-25GPa/multi_nnap_md.xyz,4020,0.1488731474,14.636738958976112,2.878409517,2.870324091,24.99279635,16,2.049890469473149,passed,71,P-25GPa_frame00004020_U0.148873.poscar,False,,,,,,,,0.9999516535
npt_pressure,25,,P-25GPa,Ti-potential/04-npt-round-2/md/P-25GPa/multi_nnap_md.xyz,4072,0.1618908457,15.269443637275806,4.294895407,4.317160135,22.20656478,16,2.195490125142942,passed,72,P-25GPa_frame00004072_U0.161891.poscar,False,,,,,,,,0.9999749608
npt_pressure,25,,P-25GPa,Ti-potential/04-npt-round-2/md/P-25GPa/multi_nnap_md.xyz,4122,0.1817184602,15.178065284253707,3.644695249,3.777103385,19.18969056,16,1.9547526827289743,passed,73,P-25GPa_frame00004122_U0.181718.poscar,False,,,,,,,,0.9999703755
npt_pressure,25,,P-25GPa,Ti-potential/04-npt-round-2/md/P-25GPa/multi_nnap_md.xyz,4172,0.1666334351,14.614279334319198,3.057652739,3.052021929,25.30831416,16,1.9834135433370896,passed,74,P-25GPa_frame00004172_U0.166633.poscar,False,,,,,,,,0.9999762137
npt_pressure,25,,P-25GPa,Ti-potential/04-npt-round-2/md/P-25GPa/multi_nnap_md.xyz,4227,0.1453610485,14.577298596807754,2.953893687,3.034373741,25.78576366,16,2.120005243242205,passed,75,P-25GPa_frame00004227_U0.145361.poscar,False,,,,,,,,0.9999702749
npt_pressure,25,,P-25GPa,Ti-potential/04-npt-round-2/md/P-25GPa/multi_nnap_md.xyz,4278,0.1794462744,15.20486431961317,5.148672712,5.03984202,21.99238965,16,1.9881105046992305,passed,76,P-25GPa_frame00004278_U0.179446.poscar,False,,,,,,,,0.999971118
npt_pressure,25,,P-25GPa,Ti-potential/04-npt-round-2/md/P-25GPa/multi_nnap_md.xyz,4328,0.135528112,14.471328459573407,3.438302837,3.493850507,28.66716407,16,2.1743512712081703,passed,77,P-25GPa_frame00004328_U0.135528.poscar,False,,,,,,,,0.9999853391
npt_pressure,25,,P-25GPa,Ti-potential/04-npt-round-2/md/P-25GPa/multi_nnap_md.xyz,4378,0.1355642098,14.845673887308713,3.71949654,3.780865628,24.72874589,16,2.1042287465543654,passed,78,P-25GPa_frame00004378_U0.135564.poscar,False,,,,,,,,0.9999521958
npt_pressure,25,,P-25GPa,Ti-potential/04-npt-round-2/md/P-25GPa/multi_nnap_md.xyz,4428,0.1492340768,15.020614185428993,2.811126368,2.82812031,22.52393579,16,2.1456925973068466,passed,79,P-25GPa_frame00004428_U0.149234.poscar,False,,,,,,,,0.9999876188
npt_pressure,25,,P-25GPa,Ti-potential/04-npt-round-2/md/P-25GPa/multi_nnap_md.xyz,4478,0.2852467724,14.505562880506254,3.942615769,4.138144481,26.62973029,16,1.930782041317922,passed,80,P-25GPa_frame00004478_U0.285247.poscar,False,,,,,,,,0.999971428
npt_pressure,25,,P-25GPa,Ti-potential/04-npt-round-2/md/P-25GPa/multi_nnap_md.xyz,4531,0.1347496986,14.83882242545902,3.787638887,3.691085299,28.37945991,16,2.1439564186593034,passed,81,P-25GPa_frame00004531_U0.134750.poscar,False,,,,,,,,0.9999652605
npt_pressure,25,,P-25GPa,Ti-potential/04-npt-round-2/md/P-25GPa/multi_nnap_md.xyz,4581,0.1504643239,14.72589699874606,3.22092153,3.132414323,26.94791364,16,2.1313889462435696,passed,82,P-25GPa_frame00004581_U0.150464.poscar,False,,,,,,,,0.9999918522
npt_pressure,25,,P-25GPa,Ti-potential/04-npt-round-2/md/P-25GPa/multi_nnap_md.xyz,4631,0.1886382827,14.933409382147703,3.815266587,3.662234671,23.88817315,16,2.0843219565250193,passed,83,P-25GPa_frame00004631_U0.188638.poscar,False,,,,,,,,0.9999742265
npt_pressure,25,,P-25GPa,Ti-potential/04-npt-round-2/md/P-25GPa/multi_nnap_md.xyz,4683,0.1423863397,15.29744375128003,2.386474659,2.41433911,20.51727302,16,2.166766613231668,passed,84,P-25GPa_frame00004683_U0.142386.poscar,False,,,,,,,,0.999978004
npt_pressure,25,,P-25GPa,Ti-potential/04-npt-round-2/md/P-25GPa/multi_nnap_md.xyz,4735,0.1519465798,14.951900151871376,3.334053701,3.324310164,22.63758053,16,2.121527559774191,passed,85,P-25GPa_frame00004735_U0.151947.poscar,True,38,cur-fill,0.01318596112,000038.poscar,0.000665805054,8.321359756e-05,0.9408516824,0.9999620096
npt_pressure,25,,P-25GPa,Ti-potential/04-npt-round-2/md/P-25GPa/multi_nnap_md.xyz,4785,0.1877618763,14.663919354241283,3.822275761,3.843576236,27.42404829,16,2.0805463975957603,passed,86,P-25GPa_frame00004785_U0.187762.poscar,False,,,,,,,,0.9999636815
npt_pressure,25,,P-25GPa,Ti-potential/04-npt-round-2/md/P-25GPa/multi_nnap_md.xyz,4835,0.5413841189,14.233300546282242,5.717012356,5.402035289,32.10495119,16,1.7372152843938133,passed,87,P-25GPa_frame00004835_U0.541384.poscar,False,,,,,,,,0.9999779859
npt_pressure,25,,P-25GPa,Ti-potential/04-npt-round-2/md/P-25GPa/multi_nnap_md.xyz,4886,0.1347349893,15.181105208635445,4.117859854,4.199391613,22.77062447,16,2.1698594195997916,passed,88,P-25GPa_frame00004886_U0.134735.poscar,False,,,,,,,,0.9999771565
npt_pressure,25,,P-25GPa,Ti-potential/04-npt-round-2/md/P-25GPa/multi_nnap_md.xyz,4939,0.174093099,14.923110048600497,4.438562705,4.383660887,23.94448666,16,2.168332359681364,passed,89,P-25GPa_frame00004939_U0.174093.poscar,False,,,,,,,,0.9999409072
npt_pressure,25,,P-25GPa,Ti-potential/04-npt-round-2/md/P-25GPa/multi_nnap_md.xyz,4989,0.1666408467,14.166500757870221,3.09736717,3.271556458,31.7100822,16,1.963175104405682,passed,90,P-25GPa_frame00004989_U0.166641.poscar,True,70,cur-fill,0.0168586509,000070.poscar,1.76664389e-05,2.400384017e-06,0.9116383469,0.9999901657
npt_pressure,35,,P-35GPa,Ti-potential/04-npt-round-2/md/P-35GPa/multi_nnap_md.xyz,500,0.2316705206,14.189682602430516,2.907244161,2.926065888,31.42831789,16,1.9061762099101887,passed,1,P-35GPa_frame00000500_U0.231671.poscar,False,,,,,,,,0.9999406771
npt_pressure,35,,P-35GPa,Ti-potential/04-npt-round-2/md/P-35GPa/multi_nnap_md.xyz,550,0.1966623063,14.111754997938155,3.261227492,3.124056216,29.63308671,16,1.9866023434243731,passed,2,P-35GPa_frame00000550_U0.196662.poscar,False,,,,,,,,0.9999630431
npt_pressure,35,,P-35GPa,Ti-potential/04-npt-round-2/md/P-35GPa/multi_nnap_md.xyz,600,0.3204346024,13.764438641379448,4.901314161,4.636100333,37.44927015,16,1.8343385471523705,passed,3,P-35GPa_frame00000600_U0.320435.poscar,False,,,,,,,,0.9999957356
npt_pressure,35,,P-35GPa,Ti-potential/04-npt-round-2/md/P-35GPa/multi_nnap_md.xyz,650,0.175640095,13.510523348082529,3.641324061,3.674723885,41.49049875,16,2.1311094711234553,passed,4,P-35GPa_frame00000650_U0.175640.poscar,False,,,,,,,,0.9999545436
npt_pressure,35,,P-35GPa,Ti-potential/04-npt-round-2/md/P-35GPa/multi_nnap_md.xyz,700,0.181960637,14.78257139439441,3.085423649,3.238681732,25.62325582,16,1.9729678001794881,passed,5,P-35GPa_frame00000700_U0.181961.poscar,False,,,,,,,,0.9999675218
npt_pressure,35,,P-35GPa,Ti-potential/04-npt-round-2/md/P-35GPa/multi_nnap_md.xyz,750,0.2399948255,14.336547123908975,4.058116555,3.893451075,32.59747027,16,2.095980421972616,passed,6,P-35GPa_frame00000750_U0.239995.poscar,False,,,,,,,,0.999994368
npt_pressure,35,,P-35GPa,Ti-potential/04-npt-round-2/md/P-35GPa/multi_nnap_md.xyz,800,0.3811603944,13.44924555049733,3.437338974,3.652472001,43.5726892,16,1.8868395981559827,passed,7,P-35GPa_frame00000800_U0.381160.poscar,True,53,cur-fill,0.03352478299,000053.poscar,0.0001037404813,1.991691079e-05,0.9621768814,0.9999556255
npt_pressure,35,,P-35GPa,Ti-potential/04-npt-round-2/md/P-35GPa/multi_nnap_md.xyz,850,0.2522071954,13.856083478572115,3.445661126,3.603747382,36.13460634,16,2.0446237222299,passed,8,P-35GPa_frame00000850_U0.252207.poscar,False,,,,,,,,0.9999732864
npt_pressure,35,,P-35GPa,Ti-potential/04-npt-round-2/md/P-35GPa/multi_nnap_md.xyz,900,0.170773951,14.860787641325137,3.211909708,3.303149242,23.98148209,16,2.0785793250427327,passed,9,P-35GPa_frame00000900_U0.170774.poscar,False,,,,,,,,0.9999844569
npt_pressure,35,,P-35GPa,Ti-potential/04-npt-round-2/md/P-35GPa/multi_nnap_md.xyz,950,0.3587662991,13.14108369510419,5.159472761,5.253320976,48.27176885,16,1.8794297010896353,passed,10,P-35GPa_frame00000950_U0.358766.poscar,False,,,,,,,,0.999989327
npt_pressure,35,,P-35GPa,Ti-potential/04-npt-round-2/md/P-35GPa/multi_nnap_md.xyz,1000,0.3301349001,13.321039876954977,4.375497895,4.402703216,45.36099212,16,1.9505295648999075,passed,11,P-35GPa_frame00001000_U0.330135.poscar,False,,,,,,,,0.9999770442
npt_pressure,35,,P-35GPa,Ti-potential/04-npt-round-2/md/P-35GPa/multi_nnap_md.xyz,1050,0.1803145139,14.80402133935015,3.417776517,3.257222696,25.184546,16,2.1512675013213465,passed,12,P-35GPa_frame00001050_U0.180315.poscar,False,,,,,,,,0.9999720982
npt_pressure,35,,P-35GPa,Ti-potential/04-npt-round-2/md/P-35GPa/multi_nnap_md.xyz,1100,0.3076984422,14.72113521019672,2.88937585,2.830448674,24.83042976,16,1.9294531556033103,passed,13,P-35GPa_frame00001100_U0.307698.poscar,False,,,,,,,,0.9999728592
npt_pressure,35,,P-35GPa,Ti-potential/04-npt-round-2/md/P-35GPa/multi_nnap_md.xyz,1150,0.5301049358,13.133969317112449,6.41981523,5.960616608,48.57975942,16,1.796713769806809,passed,14,P-35GPa_frame00001150_U0.530105.poscar,False,,,,,,,,0.9999866416
npt_pressure,35,,P-35GPa,Ti-potential/04-npt-round-2/md/P-35GPa/multi_nnap_md.xyz,1200,0.2262695246,13.84688992569996,4.825007688,4.863668346,38.18467495,16,1.8935851463246636,passed,15,P-35GPa_frame00001200_U0.226270.poscar,False,,,,,,,,0.9999214842
npt_pressure,35,,P-35GPa,Ti-potential/04-npt-round-2/md/P-35GPa/multi_nnap_md.xyz,1251,0.1544112041,14.985214171277486,3.674340212,3.616532773,21.56800512,16,2.09573389254901,passed,16,P-35GPa_frame00001251_U0.154411.poscar,False,,,,,,,,0.999975321
npt_pressure,35,,P-35GPa,Ti-potential/04-npt-round-2/md/P-35GPa/multi_nnap_md.xyz,1301,0.2224139395,13.048569202872429,4.039246883,3.977380231,51.7711064,16,2.1866723393384553,passed,17,P-35GPa_frame00001301_U0.222414.poscar,False,,,,,,,,0.9999945476
npt_pressure,35,,P-35GPa,Ti-potential/04-npt-round-2/md/P-35GPa/multi_nnap_md.xyz,1351,0.2900202166,13.505253528597354,5.325693973,5.157107297,43.47101449,16,1.8796518679963605,passed,18,P-35GPa_frame00001351_U0.290020.poscar,False,,,,,,,,0.9999611968
npt_pressure,35,,P-35GPa,Ti-potential/04-npt-round-2/md/P-35GPa/multi_nnap_md.xyz,1403,0.1377969663,14.822439421494986,2.700069695,2.800533341,24.4554892,16,2.229037004531565,passed,19,P-35GPa_frame00001403_U0.137797.poscar,False,,,,,,,,0.999967762
npt_pressure,35,,P-35GPa,Ti-potential/04-npt-round-2/md/P-35GPa/multi_nnap_md.xyz,1453,0.1920960642,12.798485590703375,3.49185205,3.374520692,52.10887045,16,2.0973876819061568,passed,20,P-35GPa_frame00001453_U0.192096.poscar,False,,,,,,,,0.9999860326
npt_pressure,35,,P-35GPa,Ti-potential/04-npt-round-2/md/P-35GPa/multi_nnap_md.xyz,1503,0.3662199571,13.743769740317509,6.016392237,6.038542293,37.00948977,16,1.7207856364429104,passed,21,P-35GPa_frame00001503_U0.366220.poscar,True,71,cur-fill,0.01728882288,000071.poscar,1.572382151e-05,2.487699964e-06,0.9704570261,0.9999913704
npt_pressure,35,,P-35GPa,Ti-potential/04-npt-round-2/md/P-35GPa/multi_nnap_md.xyz,1553,0.1594653075,14.849312132723586,3.343746827,3.426222896,24.47477382,16,2.1667165392236645,passed,22,P-35GPa_frame00001553_U0.159465.poscar,False,,,,,,,,0.9999592358
npt_pressure,35,,P-35GPa,Ti-potential/04-npt-round-2/md/P-35GPa/multi_nnap_md.xyz,1603,0.1896410351,13.939832088345703,3.911952608,3.893111766,35.77383776,16,2.1080280021845854,passed,23,P-35GPa_frame00001603_U0.189641.poscar,False,,,,,,,,0.9999826063
npt_pressure,35,,P-35GPa,Ti-potential/04-npt-round-2/md/P-35GPa/multi_nnap_md.xyz,1653,0.3553875211,14.089290413130376,4.761189645,4.674224638,37.71200906,16,1.9740977437381124,passed,24,P-35GPa_frame00001653_U0.355388.poscar,True,18,cur-fill,0.01858885151,000018.poscar,0.005293685541,0.0008434016947,0.9341216001,0.9999307451
npt_pressure,35,,P-35GPa,Ti-potential/04-npt-round-2/md/P-35GPa/multi_nnap_md.xyz,1703,0.1667477889,14.453645017522257,4.048741077,3.990467218,30.92469243,16,2.0604391299718414,passed,25,P-35GPa_frame00001703_U0.166748.poscar,False,,,,,,,,0.9999821463
npt_pressure,35,,P-35GPa,Ti-potential/04-npt-round-2/md/P-35GPa/multi_nnap_md.xyz,1753,0.2900261557,14.167213684975058,3.334385306,3.303611536,31.69850652,16,1.9076458683469002,passed,26,P-35GPa_frame00001753_U0.290026.poscar,False,,,,,,,,0.9999768944
npt_pressure,35,,P-35GPa,Ti-potential/04-npt-round-2/md/P-35GPa/multi_nnap_md.xyz,1803,0.2077342233,13.965741211715283,4.529696501,4.4597215,37.64602434,16,2.148390331679051,passed,27,P-35GPa_frame00001803_U0.207734.poscar,False,,,,,,,,0.9999785903
npt_pressure,35,,P-35GPa,Ti-potential/04-npt-round-2/md/P-35GPa/multi_nnap_md.xyz,1853,0.1691041541,14.210850699908914,2.672516104,2.695727268,33.15172101,16,2.0557433377984426,passed,28,P-35GPa_frame00001853_U0.169104.poscar,True,37,cur-fill,0.01188937566,000037.poscar,0.0007133349201,0.0001137211191,0.9948052796,0.9999842101
npt_pressure,35,,P-35GPa,Ti-potential/04-npt-round-2/md/P-35GPa/multi_nnap_md.xyz,1903,0.1806022324,14.073886563556846,4.112081427,4.174609469,36.75953819,16,1.944464853933119,passed,29,P-35GPa_frame00001903_U0.180602.poscar,False,,,,,,,,0.999969271
npt_pressure,35,,P-35GPa,Ti-potential/04-npt-round-2/md/P-35GPa/multi_nnap_md.xyz,1953,0.2655845298,14.490526175457319,2.890771784,2.927308742,29.47321436,16,2.0549267809319067,passed,30,P-35GPa_frame00001953_U0.265585.poscar,False,,,,,,,,0.9999848546
npt_pressure,35,,P-35GPa,Ti-potential/04-npt-round-2/md/P-35GPa/multi_nnap_md.xyz,2003,0.1757451806,13.696860183314037,3.225468931,3.270196435,38.15445364,16,2.1262276249992307,passed,31,P-35GPa_frame00002003_U0.175745.poscar,False,,,,,,,,0.9999731961
npt_pressure,35,,P-35GPa,Ti-potential/04-npt-round-2/md/P-35GPa/multi_nnap_md.xyz,2053,0.1999832736,14.310703384107397,4.113291295,4.21120101,31.58979856,16,1.9541685062644436,passed,32,P-35GPa_frame00002053_U0.199983.poscar,False,,,,,,,,0.99997919
npt_pressure,35,,P-35GPa,Ti-potential/04-npt-round-2/md/P-35GPa/multi_nnap_md.xyz,2103,0.3373594756,13.995743256282642,3.0666045,3.151080874,32.55243952,16,1.9302427068427122,passed,33,P-35GPa_frame00002103_U0.337359.poscar,True,6,cur-fill,0.01732245105,000006.poscar,0.04286348063,0.006950432601,0.8392082991,0.9999753372
npt_pressure,35,,P-35GPa,Ti-potential/04-npt-round-2/md/P-35GPa/multi_nnap_md.xyz,2153,0.3236013396,13.488898157928604,4.529531681,4.450330859,41.25245276,16,1.9014918629774231,passed,34,P-35GPa_frame00002153_U0.323601.poscar,False,,,,,,,,0.9999821916
npt_pressure,35,,P-35GPa,Ti-potential/04-npt-round-2/md/P-35GPa/multi_nnap_md.xyz,2203,0.1696485792,14.57522912303213,2.988997303,2.845344046,25.08663397,16,1.9720605667246105,passed,35,P-35GPa_frame00002203_U0.169649.poscar,False,,,,,,,,0.9999833982
npt_pressure,35,,P-35GPa,Ti-potential/04-npt-round-2/md/P-35GPa/multi_nnap_md.xyz,2253,0.138805992,14.514405949875057,3.819430923,3.785982111,28.81270413,16,2.0763959517409467,passed,36,P-35GPa_frame00002253_U0.138806.poscar,False,,,,,,,,0.9999774385
npt_pressure,35,,P-35GPa,Ti-potential/04-npt-round-2/md/P-35GPa/multi_nnap_md.xyz,2303,0.1878444678,13.351170195494072,2.408122809,2.585991028,44.36393002,16,1.9869807993672461,passed,37,P-35GPa_frame00002303_U0.187844.poscar,False,,,,,,,,0.9999867856
npt_pressure,35,,P-35GPa,Ti-potential/04-npt-round-2/md/P-35GPa/multi_nnap_md.xyz,2353,0.273976663,13.656506634233956,4.842185886,4.812194674,40.59990705,16,1.973223127696739,passed,38,P-35GPa_frame00002353_U0.273977.poscar,False,,,,,,,,0.9999344355
npt_pressure,35,,P-35GPa,Ti-potential/04-npt-round-2/md/P-35GPa/multi_nnap_md.xyz,2403,0.1455450829,14.261449811210209,3.467699896,3.466903615,30.5497747,16,2.061394450601198,passed,39,P-35GPa_frame00002403_U0.145545.poscar,False,,,,,,,,0.9999908986
npt_pressure,35,,P-35GPa,Ti-potential/04-npt-round-2/md/P-35GPa/multi_nnap_md.xyz,2453,0.1859208736,13.92046402061001,2.899362606,2.92013755,34.46702377,16,1.9466745145279054,passed,40,P-35GPa_frame00002453_U0.185921.poscar,False,,,,,,,,0.9999877984
npt_pressure,35,,P-35GPa,Ti-potential/04-npt-round-2/md/P-35GPa/multi_nnap_md.xyz,2503,0.2262561149,13.483203195582304,4.142096372,4.09194081,40.76383608,16,1.946911765571623,passed,41,P-35GPa_frame00002503_U0.226256.poscar,False,,,,,,,,0.9999738426
npt_pressure,35,,P-35GPa,Ti-potential/04-npt-round-2/md/P-35GPa/multi_nnap_md.xyz,2553,0.2803527845,13.800693327264034,6.138551671,6.343745084,36.79237017,16,1.78644160218299,passed,42,P-35GPa_frame00002553_U0.280353.poscar,False,,,,,,,,0.9999761431
npt_pressure,35,,P-35GPa,Ti-potential/04-npt-round-2/md/P-35GPa/multi_nnap_md.xyz,2603,0.2209084781,13.637555386914258,3.906119772,3.781135174,38.5018846,16,2.024821404160823,passed,43,P-35GPa_frame00002603_U0.220908.poscar,False,,,,,,,,0.9999597453
npt_pressure,35,,P-35GPa,Ti-potential/04-npt-round-2/md/P-35GPa/multi_nnap_md.xyz,2653,0.2024989122,14.396885438997902,4.290139089,4.252096772,29.59600797,16,1.9261418114691282,passed,44,P-35GPa_frame00002653_U0.202499.poscar,True,67,cur-fill,0.02187992386,000067.poscar,2.754245135e-05,4.271872636e-06,0.9676695317,0.999961432
npt_pressure,35,,P-35GPa,Ti-potential/04-npt-round-2/md/P-35GPa/multi_nnap_md.xyz,2703,0.1747426476,14.179234853724667,4.617067637,4.645237136,34.58675953,16,2.0797181262876503,passed,45,P-35GPa_frame00002703_U0.174743.poscar,False,,,,,,,,0.9999536113
npt_pressure,35,,P-35GPa,Ti-potential/04-npt-round-2/md/P-35GPa/multi_nnap_md.xyz,2753,0.3106563951,13.483245857809386,4.120601352,4.129222866,41.625527,16,1.9219469376284766,passed,46,P-35GPa_frame00002753_U0.310656.poscar,False,,,,,,,,0.9999769633
npt_pressure,35,,P-35GPa,Ti-potential/04-npt-round-2/md/P-35GPa/multi_nnap_md.xyz,2803,0.6457617343,13.282395205242166,5.086933825,5.57250651,43.32294616,16,1.8159075299315237,passed,47,P-35GPa_frame00002803_U0.645762.poscar,False,,,,,,,,0.9999702161
npt_pressure,35,,P-35GPa,Ti-potential/04-npt-round-2/md/P-35GPa/multi_nnap_md.xyz,2853,0.1343847862,14.392614871606023,3.259438617,3.182277731,30.32866061,16,2.145728571178285,passed,48,P-35GPa_frame00002853_U0.134385.poscar,False,,,,,,,,0.9999334762
npt_pressure,35,,P-35GPa,Ti-potential/04-npt-round-2/md/P-35GPa/multi_nnap_md.xyz,2906,0.2437872124,14.279057430270672,4.491972872,4.212599586,32.07568682,16,2.0616487205843645,passed,49,P-35GPa_frame00002906_U0.243787.poscar,False,,,,,,,,0.9999943506
npt_pressure,35,,P-35GPa,Ti-potential/04-npt-round-2/md/P-35GPa/multi_nnap_md.xyz,2956,0.2826017923,13.287987093663611,3.671810918,3.671781323,44.81212078,16,1.9659402000565864,passed,50,P-35GPa_frame00002956_U0.282602.poscar,True,95,cur-fill,0.007068784,000095.poscar,4.866441109e-06,5.094033687e-07,0.9922982891,0.9999658792
npt_pressure,35,,P-35GPa,Ti-potential/04-npt-round-2/md/P-35GPa/multi_nnap_md.xyz,3006,0.242539833,14.053248926650609,4.746579088,4.651579254,35.0684948,16,1.9706315458839854,passed,51,P-35GPa_frame00003006_U0.242540.poscar,False,,,,,,,,0.9999917712
npt_pressure,35,,P-35GPa,Ti-potential/04-npt-round-2/md/P-35GPa/multi_nnap_md.xyz,3056,0.2148057918,14.247167766259983,3.547350539,3.7617246,31.8013155,16,1.981268922228371,passed,52,P-35GPa_frame00003056_U0.214806.poscar,False,,,,,,,,0.9999903914
npt_pressure,35,,P-35GPa,Ti-potential/04-npt-round-2/md/P-35GPa/multi_nnap_md.xyz,3106,0.2680099265,13.41668589677226,3.563862004,3.62437059,43.12974538,16,2.0131758361908436,passed,53,P-35GPa_frame00003106_U0.268010.poscar,False,,,,,,,,0.999968958
npt_pressure,35,,P-35GPa,Ti-potential/04-npt-round-2/md/P-35GPa/multi_nnap_md.xyz,3156,0.1917509621,13.8773982374922,3.435605195,3.35366945,35.87036069,16,2.036331251879478,passed,54,P-35GPa_frame00003156_U0.191751.poscar,False,,,,,,,,0.9999858223
npt_pressure,35,,P-35GPa,Ti-potential/04-npt-round-2/md/P-35GPa/multi_nnap_md.xyz,3214,0.16319123,13.272097552892648,2.990156471,2.857421381,45.25397535,16,1.9440285988263521,passed,55,P-35GPa_frame00003214_U0.163191.poscar,False,,,,,,,,0.9999323039
npt_pressure,35,,P-35GPa,Ti-potential/04-npt-round-2/md/P-35GPa/multi_nnap_md.xyz,3264,0.1418183824,13.853279462135168,3.426722822,3.52060473,35.66587578,16,2.0214663207723653,passed,56,P-35GPa_frame00003264_U0.141818.poscar,False,,,,,,,,0.999975864
npt_pressure,35,,P-35GPa,Ti-potential/04-npt-round-2/md/P-35GPa/multi_nnap_md.xyz,3314,0.1488976713,14.386611940112138,3.29191348,3.344084147,29.51090171,16,2.1708761006831967,passed,57,P-35GPa_frame00003314_U0.148898.poscar,False,,,,,,,,0.9999781174
npt_pressure,35,,P-35GPa,Ti-potential/04-npt-round-2/md/P-35GPa/multi_nnap_md.xyz,3365,0.1402414014,14.013624804469243,3.052427385,3.062281996,34.93399908,16,2.1727965808781446,passed,58,P-35GPa_frame00003365_U0.140241.poscar,False,,,,,,,,0.9999669462
npt_pressure,35,,P-35GPa,Ti-potential/04-npt-round-2/md/P-35GPa/multi_nnap_md.xyz,3415,0.2704089511,13.745198611279443,3.079527718,3.095593784,35.43352563,16,1.9281776824469137,passed,59,P-35GPa_frame00003415_U0.270409.poscar,False,,,,,,,,0.9999292827
npt_pressure,35,,P-35GPa,Ti-potential/04-npt-round-2/md/P-35GPa/multi_nnap_md.xyz,3467,0.1386345218,13.523948606168307,2.753421958,2.766655303,40.0110519,16,2.2308222901246397,passed,60,P-35GPa_frame00003467_U0.138635.poscar,False,,,,,,,,0.9999565978
npt_pressure,35,,P-35GPa,Ti-potential/04-npt-round-2/md/P-35GPa/multi_nnap_md.xyz,3518,0.1912174087,14.273109623732436,3.688710264,3.814275497,29.65005573,16,1.9170434427032885,passed,61,P-35GPa_frame00003518_U0.191217.poscar,True,46,cur-fill,0.01766581966,000046.poscar,0.0002550454997,3.518881388e-05,0.9502365064,0.9999208721
npt_pressure,35,,P-35GPa,Ti-potential/04-npt-round-2/md/P-35GPa/multi_nnap_md.xyz,3568,0.1756414974,13.670162443418189,2.540360324,2.664025244,36.53252753,16,2.029106936970988,passed,62,P-35GPa_frame00003568_U0.175641.poscar,False,,,,,,,,0.9999830983
npt_pressure,35,,P-35GPa,Ti-potential/04-npt-round-2/md/P-35GPa/multi_nnap_md.xyz,3618,0.3195313943,13.634172500800013,3.714303429,3.969949678,38.66780912,16,1.8891673699090104,passed,63,P-35GPa_frame00003618_U0.319531.poscar,False,,,,,,,,0.9999764011
npt_pressure,35,,P-35GPa,Ti-potential/04-npt-round-2/md/P-35GPa/multi_nnap_md.xyz,3669,0.1633654907,14.528108797535973,3.66922877,3.667683778,29.05907392,16,2.0045842474864672,passed,64,P-35GPa_frame00003669_U0.163365.poscar,False,,,,,,,,0.9999627735
npt_pressure,35,,P-35GPa,Ti-potential/04-npt-round-2/md/P-35GPa/multi_nnap_md.xyz,3719,0.2276083985,13.693460808073016,3.408598554,3.468846942,37.9260695,16,1.9364729654958428,passed,65,P-35GPa_frame00003719_U0.227608.poscar,False,,,,,,,,0.9999718
npt_pressure,35,,P-35GPa,Ti-potential/04-npt-round-2/md/P-35GPa/multi_nnap_md.xyz,3769,0.2104734433,13.71586011568657,3.771785068,3.709422525,40.1228334,16,1.914535854465355,passed,66,P-35GPa_frame00003769_U0.210473.poscar,False,,,,,,,,0.9999406479
npt_pressure,35,,P-35GPa,Ti-potential/04-npt-round-2/md/P-35GPa/multi_nnap_md.xyz,3819,0.273977965,14.53096690679278,4.697580181,4.784176121,27.3207068,16,1.9674476609489024,passed,67,P-35GPa_frame00003819_U0.273978.poscar,True,80,cur-fill,0.01125407821,000080.poscar,4.866441109e-06,6.915148803e-07,0.9879307718,0.9999597469
npt_pressure,35,,P-35GPa,Ti-potential/04-npt-round-2/md/P-35GPa/multi_nnap_md.xyz,3869,0.2204079428,14.072520357103988,4.333965365,4.446309645,34.28920218,16,2.0766214122665416,passed,68,P-35GPa_frame00003869_U0.220408.poscar,False,,,,,,,,0.999988299
npt_pressure,35,,P-35GPa,Ti-potential/04-npt-round-2/md/P-35GPa/multi_nnap_md.xyz,3919,0.2052536071,13.577700100325202,4.151768985,3.948400486,41.01231134,16,2.06305127843294,passed,69,P-35GPa_frame00003919_U0.205254.poscar,False,,,,,,,,0.9999803049
npt_pressure,35,,P-35GPa,Ti-potential/04-npt-round-2/md/P-35GPa/multi_nnap_md.xyz,3969,0.2957141566,14.363905737528524,6.209154532,5.863725389,30.86684707,16,1.7734118156519487,passed,70,P-35GPa_frame00003969_U0.295714.poscar,False,,,,,,,,0.9999851753
npt_pressure,35,,P-35GPa,Ti-potential/04-npt-round-2/md/P-35GPa/multi_nnap_md.xyz,4019,0.3051082434,14.36117167923629,3.509720518,3.406623441,30.00313308,16,1.8609578084021134,passed,71,P-35GPa_frame00004019_U0.305108.poscar,False,,,,,,,,0.9999434249
npt_pressure,35,,P-35GPa,Ti-potential/04-npt-round-2/md/P-35GPa/multi_nnap_md.xyz,4069,0.2614257772,13.272736316088741,3.750049883,3.894958542,47.1180862,16,1.9138451928227438,passed,72,P-35GPa_frame00004069_U0.261426.poscar,False,,,,,,,,0.9999879583
npt_pressure,35,,P-35GPa,Ti-potential/04-npt-round-2/md/P-35GPa/multi_nnap_md.xyz,4119,0.2758780683,13.744037229051033,3.73732965,3.595183253,37.41102527,16,1.8708253724295325,passed,73,P-35GPa_frame00004119_U0.275878.poscar,False,,,,,,,,0.9999565608
npt_pressure,35,,P-35GPa,Ti-potential/04-npt-round-2/md/P-35GPa/multi_nnap_md.xyz,4169,0.1687475715,14.504340009460842,2.846787121,2.889332582,28.10332821,16,2.108719384661583,passed,74,P-35GPa_frame00004169_U0.168748.poscar,False,,,,,,,,0.999990171
npt_pressure,35,,P-35GPa,Ti-potential/04-npt-round-2/md/P-35GPa/multi_nnap_md.xyz,4219,0.1640346067,13.468587311713794,3.689737934,3.741852763,41.77356731,16,1.9411605458751855,passed,75,P-35GPa_frame00004219_U0.164035.poscar,False,,,,,,,,0.9999736684
npt_pressure,35,,P-35GPa,Ti-potential/04-npt-round-2/md/P-35GPa/multi_nnap_md.xyz,4271,0.1374044456,13.91691286599244,3.21554286,3.164157693,36.05763046,16,2.1098132012600783,passed,76,P-35GPa_frame00004271_U0.137404.poscar,False,,,,,,,,0.9999823039
npt_pressure,35,,P-35GPa,Ti-potential/04-npt-round-2/md/P-35GPa/multi_nnap_md.xyz,4321,0.1383587279,14.376275118720052,3.173481282,3.237192257,28.75298386,16,2.086600736171455,passed,77,P-35GPa_frame00004321_U0.138359.poscar,False,,,,,,,,0.9999867809
npt_pressure,35,,P-35GPa,Ti-potential/04-npt-round-2/md/P-35GPa/multi_nnap_md.xyz,4371,0.1422032747,14.167992289540862,3.46533812,3.444999051,34.14472961,16,2.205664169999678,passed,78,P-35GPa_frame00004371_U0.142203.poscar,False,,,,,,,,0.9999784911
npt_pressure,35,,P-35GPa,Ti-potential/04-npt-round-2/md/P-35GPa/multi_nnap_md.xyz,4421,0.186473139,13.590714005580239,3.919828988,3.68185492,41.36117422,16,2.0599079168567695,passed,79,P-35GPa_frame00004421_U0.186473.poscar,False,,,,,,,,0.9999726436
npt_pressure,35,,P-35GPa,Ti-potential/04-npt-round-2/md/P-35GPa/multi_nnap_md.xyz,4471,0.1966689714,13.279165888007416,3.358678532,3.447003367,44.35263665,16,2.0746967916568573,passed,80,P-35GPa_frame00004471_U0.196669.poscar,False,,,,,,,,0.9999295761
npt_pressure,35,,P-35GPa,Ti-potential/04-npt-round-2/md/P-35GPa/multi_nnap_md.xyz,4521,0.1551116214,14.139549883709323,2.985082733,2.891027124,30.40633498,16,2.0842346443362767,passed,81,P-35GPa_frame00004521_U0.155112.poscar,False,,,,,,,,0.9999769649
npt_pressure,35,,P-35GPa,Ti-potential/04-npt-round-2/md/P-35GPa/multi_nnap_md.xyz,4571,0.1517404156,14.31729523417902,2.513595362,2.557621944,29.35469833,16,2.1533951920011605,passed,82,P-35GPa_frame00004571_U0.151740.poscar,False,,,,,,,,0.9999868737
npt_pressure,35,,P-35GPa,Ti-potential/04-npt-round-2/md/P-35GPa/multi_nnap_md.xyz,4621,0.1633328689,13.486832096863035,3.483830084,3.464399612,40.68269348,16,2.0744469219665143,passed,83,P-35GPa_frame00004621_U0.163333.poscar,False,,,,,,,,0.9999826011
npt_pressure,35,,P-35GPa,Ti-potential/04-npt-round-2/md/P-35GPa/multi_nnap_md.xyz,4671,0.1683329439,14.095116459442766,2.949946857,2.992489143,31.10490236,16,1.9786799407610125,passed,84,P-35GPa_frame00004671_U0.168333.poscar,True,83,cur-fill,0.00965034673,000083.poscar,4.866441109e-06,5.961654201e-07,0.9705698844,0.9999548541
npt_pressure,35,,P-35GPa,Ti-potential/04-npt-round-2/md/P-35GPa/multi_nnap_md.xyz,4721,0.1708772767,14.511206792038573,2.554178988,2.481599883,25.41234699,16,1.966141177016849,passed,85,P-35GPa_frame00004721_U0.170877.poscar,False,,,,,,,,0.9999807671
npt_pressure,35,,P-35GPa,Ti-potential/04-npt-round-2/md/P-35GPa/multi_nnap_md.xyz,4771,0.330372015,13.270040648179933,5.882077253,6.213586128,43.54018183,16,1.787080293256755,passed,86,P-35GPa_frame00004771_U0.330372.poscar,False,,,,,,,,0.9999674071
npt_pressure,35,,P-35GPa,Ti-potential/04-npt-round-2/md/P-35GPa/multi_nnap_md.xyz,4821,0.2841518125,13.21160072618725,4.305189763,4.485110669,45.60013219,16,1.8287300710868815,passed,87,P-35GPa_frame00004821_U0.284152.poscar,False,,,,,,,,0.9999510714
npt_pressure,35,,P-35GPa,Ti-potential/04-npt-round-2/md/P-35GPa/multi_nnap_md.xyz,4875,0.1536129409,14.889084161098355,4.427452771,4.409392338,23.62083947,16,2.209956015121018,passed,88,P-35GPa_frame00004875_U0.153613.poscar,False,,,,,,,,0.9999781745
npt_pressure,35,,P-35GPa,Ti-potential/04-npt-round-2/md/P-35GPa/multi_nnap_md.xyz,4925,0.2094559383,13.314638972902236,4.402574648,4.52531016,43.75582985,16,2.0552689600385547,passed,89,P-35GPa_frame00004925_U0.209456.poscar,False,,,,,,,,0.9999773144
npt_pressure,35,,P-35GPa,Ti-potential/04-npt-round-2/md/P-35GPa/multi_nnap_md.xyz,4975,0.2663814786,13.50982363535981,4.139035286,4.256284255,42.71068862,16,2.068646285459586,passed,90,P-35GPa_frame00004975_U0.266381.poscar,True,31,cur-fill,0.02190083086,000031.poscar,0.001307094198,0.0002161592781,0.8373055707,0.9999269188
npt_pressure,45,,P-45GPa,Ti-potential/04-npt-round-2/md/P-45GPa/multi_nnap_md.xyz,500,0.3931129825,12.573051060495175,5.305728737,5.014088907,56.40593871,16,1.8813139484993604,passed,1,P-45GPa_frame00000500_U0.393113.poscar,False,,,,,,,,0.9999904814
npt_pressure,45,,P-45GPa,Ti-potential/04-npt-round-2/md/P-45GPa/multi_nnap_md.xyz,550,0.2042054457,14.189621095161357,3.91661372,3.920079081,31.30860435,16,1.9010184058672965,passed,2,P-45GPa_frame00000550_U0.204205.poscar,False,,,,,,,,0.9999704411
npt_pressure,45,,P-45GPa,Ti-potential/04-npt-round-2/md/P-45GPa/multi_nnap_md.xyz,600,0.2256751841,12.929348699472072,4.112818003,4.093035624,50.75744482,16,1.9849779979429722,passed,3,P-45GPa_frame00000600_U0.225675.poscar,False,,,,,,,,0.9999791287
npt_pressure,45,,P-45GPa,Ti-potential/04-npt-round-2/md/P-45GPa/multi_nnap_md.xyz,650,0.2292624536,13.060743882091844,3.153542772,3.083545473,46.59318025,16,1.9312915666789578,passed,4,P-45GPa_frame00000650_U0.229262.poscar,True,20,cur-fill,0.02145970592,000020.poscar,0.004170372733,0.0007598741074,0.9745005941,0.9999630939
npt_pressure,45,,P-45GPa,Ti-potential/04-npt-round-2/md/P-45GPa/multi_nnap_md.xyz,700,0.2191157415,13.727304830410455,3.385969133,3.327625435,39.12124186,16,2.0747659504514826,passed,5,P-45GPa_frame00000700_U0.219116.poscar,False,,,,,,,,0.9999803694
npt_pressure,45,,P-45GPa,Ti-potential/04-npt-round-2/md/P-45GPa/multi_nnap_md.xyz,750,0.4558027554,13.116078461283422,4.581657603,4.685308472,48.03821619,16,1.8213074684010504,passed,6,P-45GPa_frame00000750_U0.455803.poscar,False,,,,,,,,0.9999956318
npt_pressure,45,,P-45GPa,Ti-potential/04-npt-round-2/md/P-45GPa/multi_nnap_md.xyz,800,0.1770212454,13.33064208006131,3.764232607,3.728062005,45.68156092,16,1.889268777534522,passed,7,P-45GPa_frame00000800_U0.177021.poscar,False,,,,,,,,0.999950503
npt_pressure,45,,P-45GPa,Ti-potential/04-npt-round-2/md/P-45GPa/multi_nnap_md.xyz,850,0.2581701739,14.154723425443636,3.60615431,3.595055269,33.08054971,16,2.0976744941987913,passed,8,P-45GPa_frame00000850_U0.258170.poscar,True,58,cur-fill,0.01810869489,000058.poscar,7.308805961e-05,1.102103475e-05,0.9917257518,0.9999584521
npt_pressure,45,,P-45GPa,Ti-potential/04-npt-round-2/md/P-45GPa/multi_nnap_md.xyz,900,0.4403173114,12.315840521746631,4.259318133,4.056745273,63.20284769,16,1.8575554503493195,passed,9,P-45GPa_frame00000900_U0.440317.poscar,False,,,,,,,,0.9999816372
npt_pressure,45,,P-45GPa,Ti-potential/04-npt-round-2/md/P-45GPa/multi_nnap_md.xyz,950,0.3704125874,14.010430476894221,4.400676803,4.442084006,34.95866292,16,1.941180914332489,passed,10,P-45GPa_frame00000950_U0.370413.poscar,False,,,,,,,,0.9999416092
npt_pressure,45,,P-45GPa,Ti-potential/04-npt-round-2/md/P-45GPa/multi_nnap_md.xyz,1000,0.2301763783,13.216818856966725,4.819256879,4.766333356,48.46305992,16,2.045793137836517,passed,11,P-45GPa_frame00001000_U0.230176.poscar,False,,,,,,,,0.9999889568
npt_pressure,45,,P-45GPa,Ti-potential/04-npt-round-2/md/P-45GPa/multi_nnap_md.xyz,1050,0.2550923478,13.265101645751473,3.370827557,3.365616911,46.56568066,16,2.094647986113989,passed,12,P-45GPa_frame00001050_U0.255092.poscar,False,,,,,,,,0.9999893985
npt_pressure,45,,P-45GPa,Ti-potential/04-npt-round-2/md/P-45GPa/multi_nnap_md.xyz,1100,0.2939070963,13.509268734030625,3.370453601,3.265645101,42.6436462,16,1.8997007148942335,passed,13,P-45GPa_frame00001100_U0.293907.poscar,True,74,cur-fill,0.02319745295,000074.poscar,8.658966677e-06,1.370543354e-06,0.9838848442,0.9999805292
npt_pressure,45,,P-45GPa,Ti-potential/04-npt-round-2/md/P-45GPa/multi_nnap_md.xyz,1150,0.16296342,12.901143491860228,4.474410013,4.521907941,52.71707507,16,2.0926156034299477,passed,14,P-45GPa_frame00001150_U0.162963.poscar,False,,,,,,,,0.9999867258
npt_pressure,45,,P-45GPa,Ti-potential/04-npt-round-2/md/P-45GPa/multi_nnap_md.xyz,1200,0.343734551,13.641852988550268,5.275290503,5.473142712,41.54112721,16,1.7713491881570684,passed,15,P-45GPa_frame00001200_U0.343735.poscar,False,,,,,,,,0.9999817193
npt_pressure,45,,P-45GPa,Ti-potential/04-npt-round-2/md/P-45GPa/multi_nnap_md.xyz,1250,0.3124664581,13.447602618535583,4.925556543,4.890398083,44.2970618,16,1.9012981396900948,passed,16,P-45GPa_frame00001250_U0.312466.poscar,False,,,,,,,,0.999986703
npt_pressure,45,,P-45GPa,Ti-potential/04-npt-round-2/md/P-45GPa/multi_nnap_md.xyz,1300,0.250100881,12.848891146349159,3.387348014,3.230478696,54.53096042,16,2.078328463024416,passed,17,P-45GPa_frame00001300_U0.250101.poscar,False,,,,,,,,0.9999963324
npt_pressure,45,,P-45GPa,Ti-potential/04-npt-round-2/md/P-45GPa/multi_nnap_md.xyz,1350,0.2017215583,13.788986785104486,3.355076801,3.498523429,37.90375489,16,2.074731024977818,passed,18,P-45GPa_frame00001350_U0.201722.poscar,False,,,,,,,,0.9999774568
npt_pressure,45,,P-45GPa,Ti-potential/04-npt-round-2/md/P-45GPa/multi_nnap_md.xyz,1400,0.3681334157,13.3229741611941,4.038978357,3.826986219,46.30530224,16,1.9029852216166667,passed,19,P-45GPa_frame00001400_U0.368133.poscar,False,,,,,,,,0.9999370626
npt_pressure,45,,P-45GPa,Ti-potential/04-npt-round-2/md/P-45GPa/multi_nnap_md.xyz,1450,0.2565393649,12.7792780533723,3.175748224,3.102230138,53.01086917,16,1.9723121767324947,passed,20,P-45GPa_frame00001450_U0.256539.poscar,False,,,,,,,,0.9999858638
npt_pressure,45,,P-45GPa,Ti-potential/04-npt-round-2/md/P-45GPa/multi_nnap_md.xyz,1500,0.2016309034,13.190391715656467,3.665105025,3.701586388,44.70084111,16,2.0469238797146154,passed,21,P-45GPa_frame00001500_U0.201631.poscar,False,,,,,,,,0.9999343069
npt_pressure,45,,P-45GPa,Ti-potential/04-npt-round-2/md/P-45GPa/multi_nnap_md.xyz,1550,0.3546347434,13.184840875915583,4.891271636,4.805177455,46.06785604,16,1.8021598050860996,passed,22,P-45GPa_frame00001550_U0.354635.poscar,True,93,cur-fill,0.007200269142,000093.poscar,4.866441109e-06,7.643293228e-07,0.9925937903,0.9999918743
npt_pressure,45,,P-45GPa,Ti-potential/04-npt-round-2/md/P-45GPa/multi_nnap_md.xyz,1600,0.300848098,13.002352963020073,3.587491429,3.552974015,48.37033531,16,1.8901778768769841,passed,23,P-45GPa_frame00001600_U0.300848.poscar,False,,,,,,,,0.9999896359
npt_pressure,45,,P-45GPa,Ti-potential/04-npt-round-2/md/P-45GPa/multi_nnap_md.xyz,1650,0.320978414,13.180737519884659,3.669059303,3.682381413,45.47130763,16,1.956826746560112,passed,24,P-45GPa_frame00001650_U0.320978.poscar,False,,,,,,,,0.9999913673
npt_pressure,45,,P-45GPa,Ti-potential/04-npt-round-2/md/P-45GPa/multi_nnap_md.xyz,1700,0.3234793709,13.37178286430131,3.830234414,3.616868086,46.75257501,16,1.9500615787021638,passed,25,P-45GPa_frame00001700_U0.323479.poscar,False,,,,,,,,0.9999748083
npt_pressure,45,,P-45GPa,Ti-potential/04-npt-round-2/md/P-45GPa/multi_nnap_md.xyz,1750,0.2649780219,13.235517292515741,3.839550009,3.902937872,45.93630951,16,1.977635187058051,passed,26,P-45GPa_frame00001750_U0.264978.poscar,False,,,,,,,,0.9999930153
npt_pressure,45,,P-45GPa,Ti-potential/04-npt-round-2/md/P-45GPa/multi_nnap_md.xyz,1800,0.3080021857,13.501948142248583,5.228426869,5.14181479,43.60584513,16,1.753748624076011,passed,27,P-45GPa_frame00001800_U0.308002.poscar,False,,,,,,,,0.9999783121
npt_pressure,45,,P-45GPa,Ti-potential/04-npt-round-2/md/P-45GPa/multi_nnap_md.xyz,1850,0.2214752468,13.593872975827535,4.071506712,4.058974346,41.49779493,16,1.8730576428315402,passed,28,P-45GPa_frame00001850_U0.221475.poscar,False,,,,,,,,0.9999765444
npt_pressure,45,,P-45GPa,Ti-potential/04-npt-round-2/md/P-45GPa/multi_nnap_md.xyz,1900,0.2012376893,13.116755376774114,3.747143783,3.724410365,48.39899357,16,1.9608217480947463,passed,29,P-45GPa_frame00001900_U0.201238.poscar,False,,,,,,,,0.9999917097
npt_pressure,45,,P-45GPa,Ti-potential/04-npt-round-2/md/P-45GPa/multi_nnap_md.xyz,1950,0.496318127,12.804796260954673,4.996455363,4.773658203,51.45568404,16,1.8023926988707175,passed,30,P-45GPa_frame00001950_U0.496318.poscar,True,72,cur-fill,0.02411043985,000072.poscar,1.269480217e-05,2.022723814e-06,0.9922246824,0.9999929534
npt_pressure,45,,P-45GPa,Ti-potential/04-npt-round-2/md/P-45GPa/multi_nnap_md.xyz,2000,0.5707426379,13.67056800586464,4.807976456,4.605541461,39.69656185,16,1.8020519130282193,passed,31,P-45GPa_frame00002000_U0.570743.poscar,False,,,,,,,,0.9999273935
npt_pressure,45,,P-45GPa,Ti-potential/04-npt-round-2/md/P-45GPa/multi_nnap_md.xyz,2050,0.2656982052,13.544996351031111,3.891992523,3.796037706,40.25228143,16,1.9993773201243548,passed,32,P-45GPa_frame00002050_U0.265698.poscar,False,,,,,,,,0.9999731846
npt_pressure,45,,P-45GPa,Ti-potential/04-npt-round-2/md/P-45GPa/multi_nnap_md.xyz,2100,0.3829707442,12.549849680290443,5.835263866,5.57508115,58.26010173,16,1.8652272949888222,passed,33,P-45GPa_frame00002100_U0.382971.poscar,False,,,,,,,,0.9999865361
npt_pressure,45,,P-45GPa,Ti-potential/04-npt-round-2/md/P-45GPa/multi_nnap_md.xyz,2150,0.5568414197,13.786612803291154,5.833875746,5.552411497,35.71167183,16,1.9558721247973163,passed,34,P-45GPa_frame00002150_U0.556841.poscar,True,73,cur-fill,0.02571174567,000073.poscar,1.219102743e-05,2.088306e-06,0.9900388589,0.9999771008
npt_pressure,45,,P-45GPa,Ti-potential/04-npt-round-2/md/P-45GPa/multi_nnap_md.xyz,2200,0.2106717072,13.584683717037887,3.74487012,3.794015204,39.67351158,16,1.9125220430767602,passed,35,P-45GPa_frame00002200_U0.210672.poscar,False,,,,,,,,0.9999684174
npt_pressure,45,,P-45GPa,Ti-potential/04-npt-round-2/md/P-45GPa/multi_nnap_md.xyz,2250,0.3197870876,12.605546341522333,6.379602366,6.606994455,56.66530785,16,1.711831859019778,passed,36,P-45GPa_frame00002250_U0.319787.poscar,True,43,cur-fill,0.03251578059,000043.poscar,0.0003417678534,6.489650022e-05,0.9786540239,0.9999827199
npt_pressure,45,,P-45GPa,Ti-potential/04-npt-round-2/md/P-45GPa/multi_nnap_md.xyz,2300,0.1709649749,13.792625518791786,3.231756689,3.1238325,36.56155163,16,2.000862270450731,passed,37,P-45GPa_frame00002300_U0.170965.poscar,False,,,,,,,,0.9999785231
npt_pressure,45,,P-45GPa,Ti-potential/04-npt-round-2/md/P-45GPa/multi_nnap_md.xyz,2350,0.3376773359,13.591247249018009,4.711223774,4.566064104,39.8709864,16,1.9101136437461173,passed,38,P-45GPa_frame00002350_U0.337677.poscar,False,,,,,,,,0.9999909241
npt_pressure,45,,P-45GPa,Ti-potential/04-npt-round-2/md/P-45GPa/multi_nnap_md.xyz,2400,0.1883093998,12.981291752256174,3.432187078,3.363187878,51.79824542,16,1.9497440088910871,passed,39,P-45GPa_frame00002400_U0.188309.poscar,False,,,,,,,,0.9999899747
npt_pressure,45,,P-45GPa,Ti-potential/04-npt-round-2/md/P-45GPa/multi_nnap_md.xyz,2450,0.1796915246,14.082069700066066,3.824774215,3.848005489,34.74049061,16,2.1916688728778886,passed,40,P-45GPa_frame00002450_U0.179692.poscar,False,,,,,,,,0.9999726006
npt_pressure,45,,P-45GPa,Ti-potential/04-npt-round-2/md/P-45GPa/multi_nnap_md.xyz,2500,0.2435935808,12.885465671995119,3.856059289,3.894881235,52.08606467,16,1.9286916524049722,passed,41,P-45GPa_frame00002500_U0.243594.poscar,False,,,,,,,,0.999983686
npt_pressure,45,,P-45GPa,Ti-potential/04-npt-round-2/md/P-45GPa/multi_nnap_md.xyz,2550,0.2987960572,13.662533667524832,3.537217613,3.519874874,37.66362616,16,1.9873293500453968,passed,42,P-45GPa_frame00002550_U0.298796.poscar,False,,,,,,,,0.9999914196
npt_pressure,45,,P-45GPa,Ti-potential/04-npt-round-2/md/P-45GPa/multi_nnap_md.xyz,2600,0.1878878003,13.201421945929145,4.498709112,4.575724934,45.91415549,16,1.970153609055355,passed,43,P-45GPa_frame00002600_U0.187888.poscar,False,,,,,,,,0.9999868402
npt_pressure,45,,P-45GPa,Ti-potential/04-npt-round-2/md/P-45GPa/multi_nnap_md.xyz,2650,0.2554864431,13.059110216364273,4.587129289,4.445246858,48.07020585,16,1.9996602087745485,passed,44,P-45GPa_frame00002650_U0.255486.poscar,True,97,cur-fill,0.006994621763,000097.poscar,4.866441109e-06,5.065811665e-07,0.9962136747,0.9999889595
npt_pressure,45,,P-45GPa,Ti-potential/04-npt-round-2/md/P-45GPa/multi_nnap_md.xyz,2700,0.3472700856,13.832510982876943,4.213356271,4.080391392,34.36761446,16,1.8639457498250818,passed,45,P-45GPa_frame00002700_U0.347270.poscar,False,,,,,,,,0.9999925083
npt_pressure,45,,P-45GPa,Ti-potential/04-npt-round-2/md/P-45GPa/multi_nnap_md.xyz,2750,0.1901983611,12.702309669908448,3.889514365,4.000346172,58.7424781,16,2.0885402489478158,passed,46,P-45GPa_frame00002750_U0.190198.poscar,True,94,cur-fill,0.007180624505,000094.poscar,4.866441109e-06,4.585294528e-07,0.9796670493,0.9999957424
npt_pressure,45,,P-45GPa,Ti-potential/04-npt-round-2/md/P-45GPa/multi_nnap_md.xyz,2800,0.175811596,14.062823437801148,2.522655269,2.623295231,31.56636348,16,1.9912888735930878,passed,47,P-45GPa_frame00002800_U0.175812.poscar,False,,,,,,,,0.999973354
npt_pressure,45,,P-45GPa,Ti-potential/04-npt-round-2/md/P-45GPa/multi_nnap_md.xyz,2850,0.1870576189,12.946998539721406,3.96259602,3.924320662,50.06303678,16,2.0560894515930395,passed,48,P-45GPa_frame00002850_U0.187058.poscar,False,,,,,,,,0.9999707753
npt_pressure,45,,P-45GPa,Ti-potential/04-npt-round-2/md/P-45GPa/multi_nnap_md.xyz,2900,0.1660862095,13.233049819858408,3.598942532,3.675029325,45.54355186,16,1.9774394284675911,passed,49,P-45GPa_frame00002900_U0.166086.poscar,True,86,cur-fill,0.008204866534,000086.poscar,4.866441109e-06,5.303548102e-07,0.9852554163,0.9999633237
npt_pressure,45,,P-45GPa,Ti-potential/04-npt-round-2/md/P-45GPa/multi_nnap_md.xyz,2950,0.1807391847,13.644797086846127,4.267055475,4.070463067,41.96663766,16,2.0249284354874635,passed,50,P-45GPa_frame00002950_U0.180739.poscar,False,,,,,,,,0.9999629367
npt_pressure,45,,P-45GPa,Ti-potential/04-npt-round-2/md/P-45GPa/multi_nnap_md.xyz,3000,0.2338181522,13.153332692439234,5.764824211,5.595169203,47.56190524,16,1.7890438908337938,passed,51,P-45GPa_frame00003000_U0.233818.poscar,False,,,,,,,,0.9999626563
npt_pressure,45,,P-45GPa,Ti-potential/04-npt-round-2/md/P-45GPa/multi_nnap_md.xyz,3050,0.2895769059,13.648836247110157,4.531199363,4.526058956,39.60312339,16,2.028739740852576,passed,52,P-45GPa_frame00003050_U0.289577.poscar,False,,,,,,,,0.9999726756
npt_pressure,45,,P-45GPa,Ti-potential/04-npt-round-2/md/P-45GPa/multi_nnap_md.xyz,3100,0.5376915791,13.040057912149557,4.59319121,4.901118164,46.30957861,16,1.7510801855123317,passed,53,P-45GPa_frame00003100_U0.537692.poscar,False,,,,,,,,0.9999762275
npt_pressure,45,,P-45GPa,Ti-potential/04-npt-round-2/md/P-45GPa/multi_nnap_md.xyz,3150,0.2200354611,12.701591553416554,3.840372902,3.867238406,54.69652138,16,2.0185134218032705,passed,54,P-45GPa_frame00003150_U0.220035.poscar,False,,,,,,,,0.9999980792
npt_pressure,45,,P-45GPa,Ti-potential/04-npt-round-2/md/P-45GPa/multi_nnap_md.xyz,3200,0.3318264072,13.617859652395996,3.524360733,3.453568097,41.6622929,16,2.06162336001042,passed,55,P-45GPa_frame00003200_U0.331826.poscar,False,,,,,,,,0.9999788215
npt_pressure,45,,P-45GPa,Ti-potential/04-npt-round-2/md/P-45GPa/multi_nnap_md.xyz,3250,0.2779582132,13.04289138637329,3.868040243,3.694759595,48.50470146,16,2.0407795430599145,passed,56,P-45GPa_frame00003250_U0.277958.poscar,False,,,,,,,,0.9999686243
npt_pressure,45,,P-45GPa,Ti-potential/04-npt-round-2/md/P-45GPa/multi_nnap_md.xyz,3300,0.2566899797,12.921108970788044,3.762983658,3.700129615,49.9417382,16,2.0110822604831586,passed,57,P-45GPa_frame00003300_U0.256690.poscar,True,10,cur-fill,0.02610128776,000010.poscar,0.01595084064,0.002683111194,0.9585438896,0.9999892537
npt_pressure,45,,P-45GPa,Ti-potential/04-npt-round-2/md/P-45GPa/multi_nnap_md.xyz,3350,0.18477355,13.246951538694818,3.56617494,3.679354276,45.2833657,16,1.946557077407929,passed,58,P-45GPa_frame00003350_U0.184774.poscar,False,,,,,,,,0.9999643051
npt_pressure,45,,P-45GPa,Ti-potential/04-npt-round-2/md/P-45GPa/multi_nnap_md.xyz,3400,0.2832952298,13.516709449250824,3.448915163,3.350042669,40.63861726,16,1.9190587457275057,passed,59,P-45GPa_frame00003400_U0.283295.poscar,False,,,,,,,,0.9999956652
npt_pressure,45,,P-45GPa,Ti-potential/04-npt-round-2/md/P-45GPa/multi_nnap_md.xyz,3450,0.217858318,13.379547759348508,3.548904315,3.664681709,42.56846864,16,1.983743508874494,passed,60,P-45GPa_frame00003450_U0.217858.poscar,False,,,,,,,,0.9999788321
npt_pressure,45,,P-45GPa,Ti-potential/04-npt-round-2/md/P-45GPa/multi_nnap_md.xyz,3500,0.2938388682,13.120493918700538,3.866101509,3.824372684,48.99417292,16,1.9056121229010303,passed,61,P-45GPa_frame00003500_U0.293839.poscar,False,,,,,,,,0.9999885522
npt_pressure,45,,P-45GPa,Ti-potential/04-npt-round-2/md/P-45GPa/multi_nnap_md.xyz,3550,0.1523312568,13.39546579970734,3.152618027,3.185474535,41.21784311,16,2.090791621440791,passed,62,P-45GPa_frame00003550_U0.152331.poscar,False,,,,,,,,0.9999776289
npt_pressure,45,,P-45GPa,Ti-potential/04-npt-round-2/md/P-45GPa/multi_nnap_md.xyz,3600,0.1450003014,12.915670649423742,3.146007429,3.201260829,49.40729585,16,2.047314026015647,passed,63,P-45GPa_frame00003600_U0.145000.poscar,False,,,,,,,,0.9999579465
npt_pressure,45,,P-45GPa,Ti-potential/04-npt-round-2/md/P-45GPa/multi_nnap_md.xyz,3650,0.1762559221,12.856271108970867,4.4358637,4.605248604,51.50386899,16,2.082211876668753,passed,64,P-45GPa_frame00003650_U0.176256.poscar,False,,,,,,,,0.9999831109
npt_pressure,45,,P-45GPa,Ti-potential/04-npt-round-2/md/P-45GPa/multi_nnap_md.xyz,3700,0.210431284,13.59103453056681,4.258415454,4.076632079,40.23714299,16,1.9821555467585807,passed,65,P-45GPa_frame00003700_U0.210431.poscar,True,82,cur-fill,0.01035219277,000082.poscar,4.866441109e-06,5.445896288e-07,0.9792144736,0.9999473537
npt_pressure,45,,P-45GPa,Ti-potential/04-npt-round-2/md/P-45GPa/multi_nnap_md.xyz,3750,0.2481488631,13.025823712478076,4.262675166,4.317015021,51.18441839,16,2.0881478700264218,passed,66,P-45GPa_frame00003750_U0.248149.poscar,False,,,,,,,,0.9999814054
npt_pressure,45,,P-45GPa,Ti-potential/04-npt-round-2/md/P-45GPa/multi_nnap_md.xyz,3800,0.3777145303,13.280751169786079,3.611404514,3.483669506,45.63815603,16,1.9120488974423797,passed,67,P-45GPa_frame00003800_U0.377715.poscar,True,91,cur-fill,0.007832144588,000091.poscar,4.866441109e-06,5.103446431e-07,0.9952201147,0.9999812858
npt_pressure,45,,P-45GPa,Ti-potential/04-npt-round-2/md/P-45GPa/multi_nnap_md.xyz,3850,0.151888203,13.649770502636205,3.97831044,3.894677342,39.9524229,16,2.0913756099153895,passed,68,P-45GPa_frame00003850_U0.151888.poscar,False,,,,,,,,0.9999566186
npt_pressure,45,,P-45GPa,Ti-potential/04-npt-round-2/md/P-45GPa/multi_nnap_md.xyz,3900,0.2277318165,13.475010471952904,3.646316078,3.772960249,42.89747057,16,2.033215668254799,passed,69,P-45GPa_frame00003900_U0.227732.poscar,False,,,,,,,,0.9999760932
npt_pressure,45,,P-45GPa,Ti-potential/04-npt-round-2/md/P-45GPa/multi_nnap_md.xyz,3950,0.4083948361,12.793346573570252,5.813019609,5.721145133,53.14792908,16,1.8454966082175508,passed,70,P-45GPa_frame00003950_U0.408395.poscar,False,,,,,,,,0.9999938945
npt_pressure,45,,P-45GPa,Ti-potential/04-npt-round-2/md/P-45GPa/multi_nnap_md.xyz,4000,0.2235081163,13.615693206313487,4.044869844,4.028989426,41.28442036,16,2.0639303707681482,passed,71,P-45GPa_frame00004000_U0.223508.poscar,False,,,,,,,,0.9999825125
npt_pressure,45,,P-45GPa,Ti-potential/04-npt-round-2/md/P-45GPa/multi_nnap_md.xyz,4050,0.3127563798,13.76838854135034,6.813093313,6.510896153,40.25677689,16,1.7720020226504143,passed,72,P-45GPa_frame00004050_U0.312756.poscar,False,,,,,,,,0.9999874802
npt_pressure,45,,P-45GPa,Ti-potential/04-npt-round-2/md/P-45GPa/multi_nnap_md.xyz,4100,0.4674579545,13.171684391875415,4.457468747,4.482076803,47.37314047,16,1.870464080254415,passed,73,P-45GPa_frame00004100_U0.467458.poscar,False,,,,,,,,0.9999839445
npt_pressure,45,,P-45GPa,Ti-potential/04-npt-round-2/md/P-45GPa/multi_nnap_md.xyz,4150,0.1901952173,13.376016284107868,3.888080952,3.937148165,43.05948807,16,1.869247134531451,passed,74,P-45GPa_frame00004150_U0.190195.poscar,False,,,,,,,,0.9999834775
npt_pressure,45,,P-45GPa,Ti-potential/04-npt-round-2/md/P-45GPa/multi_nnap_md.xyz,4200,0.4954738102,13.348978938846265,5.495765008,5.504484486,42.95889502,16,1.7400999335293523,passed,75,P-45GPa_frame00004200_U0.495474.poscar,True,11,cur-fill,0.01671157077,000011.poscar,0.01478213546,0.002287594059,0.9845266406,0.999957816
npt_pressure,45,,P-45GPa,Ti-potential/04-npt-round-2/md/P-45GPa/multi_nnap_md.xyz,4250,0.2137194983,13.48333682087751,2.960423223,2.888539638,40.66476787,16,1.9231873676926063,passed,76,P-45GPa_frame00004250_U0.213719.poscar,False,,,,,,,,0.9999775437
npt_pressure,45,,P-45GPa,Ti-potential/04-npt-round-2/md/P-45GPa/multi_nnap_md.xyz,4300,0.1849973832,13.118767281116805,3.010156765,2.912255571,47.18687433,16,1.9235755796328677,passed,77,P-45GPa_frame00004300_U0.184997.poscar,False,,,,,,,,0.999989556
npt_pressure,45,,P-45GPa,Ti-potential/04-npt-round-2/md/P-45GPa/multi_nnap_md.xyz,4350,0.2814289933,13.503677244488053,4.56770234,4.484964161,40.90914938,16,1.8319615815787207,passed,78,P-45GPa_frame00004350_U0.281429.poscar,True,5,cur-fill,0.008331793264,000005.poscar,0.0565649075,0.005669784897,0.8022750758,0.9999779831
npt_pressure,45,,P-45GPa,Ti-potential/04-npt-round-2/md/P-45GPa/multi_nnap_md.xyz,4400,0.2086856945,13.154700369068154,4.326298515,4.210497025,47.32719878,16,1.9436223462764162,passed,79,P-45GPa_frame00004400_U0.208686.poscar,False,,,,,,,,0.9999676888
npt_pressure,45,,P-45GPa,Ti-potential/04-npt-round-2/md/P-45GPa/multi_nnap_md.xyz,4450,0.3023120957,13.457265528791575,2.838252422,2.61528665,40.96006913,16,1.876134039471214,passed,80,P-45GPa_frame00004450_U0.302312.poscar,True,76,cur-fill,0.01491608212,000076.poscar,4.866441109e-06,7.448789167e-07,0.9755152338,0.9999807565
npt_pressure,45,,P-45GPa,Ti-potential/04-npt-round-2/md/P-45GPa/multi_nnap_md.xyz,4500,0.2072605911,13.223496406997699,3.715182994,3.624389902,45.25027602,16,1.9117805388322164,passed,81,P-45GPa_frame00004500_U0.207261.poscar,False,,,,,,,,0.9999707165
npt_pressure,45,,P-45GPa,Ti-potential/04-npt-round-2/md/P-45GPa/multi_nnap_md.xyz,4550,0.1795926482,13.367903975295242,3.566161624,3.60582009,42.95306606,16,2.0051071640047624,passed,82,P-45GPa_frame00004550_U0.179593.poscar,False,,,,,,,,0.999968909
npt_pressure,45,,P-45GPa,Ti-potential/04-npt-round-2/md/P-45GPa/multi_nnap_md.xyz,4600,0.1768198279,13.223980807268042,4.204866505,4.320814078,45.8461486,16,2.129928909358307,passed,83,P-45GPa_frame00004600_U0.176820.poscar,False,,,,,,,,0.9999933623
npt_pressure,45,,P-45GPa,Ti-potential/04-npt-round-2/md/P-45GPa/multi_nnap_md.xyz,4650,0.2778890889,13.504665589605112,3.987602925,4.071637565,43.4702984,16,1.8940698186826892,passed,84,P-45GPa_frame00004650_U0.277889.poscar,True,68,cur-fill,0.02439254591,000068.poscar,2.403828295e-05,4.234473746e-06,0.9836787941,0.9999134437
npt_pressure,45,,P-45GPa,Ti-potential/04-npt-round-2/md/P-45GPa/multi_nnap_md.xyz,4700,0.3337663326,13.67160036603025,4.784219846,4.664032793,42.38603975,16,2.0471187401199793,passed,85,P-45GPa_frame00004700_U0.333766.poscar,False,,,,,,,,0.9999699585
npt_pressure,45,,P-45GPa,Ti-potential/04-npt-round-2/md/P-45GPa/multi_nnap_md.xyz,4750,0.3179615143,12.866862438757973,4.111980006,4.290178681,51.15722261,16,1.8932681267257456,passed,86,P-45GPa_frame00004750_U0.317962.poscar,False,,,,,,,,0.9999842059
npt_pressure,45,,P-45GPa,Ti-potential/04-npt-round-2/md/P-45GPa/multi_nnap_md.xyz,4800,0.3354467957,13.440532123268262,3.758888805,3.919684967,40.17236586,16,1.8503106523288553,passed,87,P-45GPa_frame00004800_U0.335447.poscar,False,,,,,,,,0.9999372138
npt_pressure,45,,P-45GPa,Ti-potential/04-npt-round-2/md/P-45GPa/multi_nnap_md.xyz,4850,0.1787242126,13.146983733693734,3.551107335,3.449692087,48.48068466,16,2.1532535052010577,passed,88,P-45GPa_frame00004850_U0.178724.poscar,False,,,,,,,,0.9999965384
npt_pressure,45,,P-45GPa,Ti-potential/04-npt-round-2/md/P-45GPa/multi_nnap_md.xyz,4900,0.1965405263,13.01303941842892,3.668328715,3.572010708,48.02616211,16,1.836104170156658,passed,89,P-45GPa_frame00004900_U0.196541.poscar,False,,,,,,,,0.9999942655
npt_pressure,45,,P-45GPa,Ti-potential/04-npt-round-2/md/P-45GPa/multi_nnap_md.xyz,4950,0.2561180149,13.811363534207896,3.110699805,3.050649051,36.95641872,16,1.9946034831394754,passed,90,P-45GPa_frame00004950_U0.256118.poscar,False,,,,,,,,0.9999737849
npt_pressure,45,,P-45GPa,Ti-potential/04-npt-round-2/md/P-45GPa/multi_nnap_md.xyz,5000,0.2182658683,12.669273428278412,3.291737958,3.379261203,56.31277834,16,2.0038564626875264,passed,91,P-45GPa_frame00005000_U0.218266.poscar,False,,,,,,,,0.9999951165
npt_pressure,55,,P-55GPa,Ti-potential/04-npt-round-2/md/P-55GPa/multi_nnap_md.xyz,500,0.2700960301,13.159939204562916,4.884948823,4.621112879,48.75134863,16,1.8043275785935113,passed,1,P-55GPa_frame00000500_U0.270096.poscar,False,,,,,,,,0.9999904712
npt_pressure,55,,P-55GPa,Ti-potential/04-npt-round-2/md/P-55GPa/multi_nnap_md.xyz,550,0.4828165617,12.197062187502032,5.030597683,4.856045026,64.96698723,16,1.7557440887597653,passed,2,P-55GPa_frame00000550_U0.482817.poscar,False,,,,,,,,0.9999937768
npt_pressure,55,,P-55GPa,Ti-potential/04-npt-round-2/md/P-55GPa/multi_nnap_md.xyz,600,0.2751632005,13.20611135962598,4.002326119,3.890851365,44.57442553,16,1.9264465428785056,passed,3,P-55GPa_frame00000600_U0.275163.poscar,True,89,cur-fill,0.007970392681,000089.poscar,4.866441109e-06,5.063729762e-07,0.9914053794,0.9999803088
npt_pressure,55,,P-55GPa,Ti-potential/04-npt-round-2/md/P-55GPa/multi_nnap_md.xyz,650,0.368154527,12.164715649802178,5.163788802,5.327946891,68.08566988,16,2.0704351340650575,passed,4,P-55GPa_frame00000650_U0.368155.poscar,False,,,,,,,,0.9999656648
npt_pressure,55,,P-55GPa,Ti-potential/04-npt-round-2/md/P-55GPa/multi_nnap_md.xyz,700,0.2159873433,13.1849495206133,3.860253344,3.762310302,45.29607826,16,1.9137674728223566,passed,5,P-55GPa_frame00000700_U0.215987.poscar,True,77,cur-fill,0.01376537662,000077.poscar,4.866441109e-06,7.134076414e-07,0.9870748472,0.9999822779
npt_pressure,55,,P-55GPa,Ti-potential/04-npt-round-2/md/P-55GPa/multi_nnap_md.xyz,750,0.3020061995,12.292111577179368,4.058034289,3.709531157,60.70935542,16,1.9449203268499278,passed,6,P-55GPa_frame00000750_U0.302006.poscar,False,,,,,,,,0.9999873907
npt_pressure,55,,P-55GPa,Ti-potential/04-npt-round-2/md/P-55GPa/multi_nnap_md.xyz,800,0.3148590934,13.045417795938421,4.247140588,4.392193579,47.2844409,16,1.9688783664464833,passed,7,P-55GPa_frame00000800_U0.314859.poscar,False,,,,,,,,0.9999873039
npt_pressure,55,,P-55GPa,Ti-potential/04-npt-round-2/md/P-55GPa/multi_nnap_md.xyz,850,0.2297475229,12.529286038796473,3.840470145,3.973023723,58.32998007,16,1.9780568443960151,passed,8,P-55GPa_frame00000850_U0.229748.poscar,False,,,,,,,,0.999963096
npt_pressure,55,,P-55GPa,Ti-potential/04-npt-round-2/md/P-55GPa/multi_nnap_md.xyz,900,0.2812995582,12.75077912422199,4.550516595,4.455867642,53.47592013,16,1.9765872272353577,passed,9,P-55GPa_frame00000900_U0.281300.poscar,True,62,cur-fill,0.01954751908,000062.poscar,4.505276349e-05,7.348800276e-06,0.9959003356,0.9999916314
npt_pressure,55,,P-55GPa,Ti-potential/04-npt-round-2/md/P-55GPa/multi_nnap_md.xyz,950,0.2626597655,12.478632957694526,3.322857825,3.058011917,58.41066766,16,1.9624617976027512,passed,10,P-55GPa_frame00000950_U0.262660.poscar,False,,,,,,,,0.9999921871
npt_pressure,55,,P-55GPa,Ti-potential/04-npt-round-2/md/P-55GPa/multi_nnap_md.xyz,1000,0.3089837522,12.311877835576484,6.362880445,6.599400275,61.88969535,16,1.7283532313519363,passed,11,P-55GPa_frame00001000_U0.308984.poscar,False,,,,,,,,0.9999829937
npt_pressure,55,,P-55GPa,Ti-potential/04-npt-round-2/md/P-55GPa/multi_nnap_md.xyz,1050,0.2169323939,13.224594834610876,4.504881713,4.516884798,45.09784479,16,2.0044459401683596,passed,12,P-55GPa_frame00001050_U0.216932.poscar,False,,,,,,,,0.9999888945
npt_pressure,55,,P-55GPa,Ti-potential/04-npt-round-2/md/P-55GPa/multi_nnap_md.xyz,1100,0.2421968249,12.089427760330343,4.604257251,4.435086066,68.73826107,16,2.023536694752164,passed,13,P-55GPa_frame00001100_U0.242197.poscar,False,,,,,,,,0.9999669857
npt_pressure,55,,P-55GPa,Ti-potential/04-npt-round-2/md/P-55GPa/multi_nnap_md.xyz,1150,0.1785111596,13.133753721164007,3.173048438,3.285004935,44.43676501,16,2.096652562616679,passed,14,P-55GPa_frame00001150_U0.178511.poscar,False,,,,,,,,0.9999855312
npt_pressure,55,,P-55GPa,Ti-potential/04-npt-round-2/md/P-55GPa/multi_nnap_md.xyz,1200,0.4283535736,12.408221985056473,4.665378743,4.827000832,61.19917016,16,1.7812382494606187,passed,15,P-55GPa_frame00001200_U0.428354.poscar,True,29,cur-fill,0.02106293223,000029.poscar,0.001527691014,0.000254543548,0.9804823222,0.9999920285
npt_pressure,55,,P-55GPa,Ti-potential/04-npt-round-2/md/P-55GPa/multi_nnap_md.xyz,1250,0.5081769201,12.617006257805288,4.866042583,4.458640296,57.92516174,16,1.8069658568426046,passed,16,P-55GPa_frame00001250_U0.508177.poscar,False,,,,,,,,0.9999920915
npt_pressure,55,,P-55GPa,Ti-potential/04-npt-round-2/md/P-55GPa/multi_nnap_md.xyz,1300,0.1993475384,12.937516002117375,4.407520304,4.50909866,53.00653521,16,2.052835366128023,passed,17,P-55GPa_frame00001300_U0.199348.poscar,False,,,,,,,,0.9999925695
npt_pressure,55,,P-55GPa,Ti-potential/04-npt-round-2/md/P-55GPa/multi_nnap_md.xyz,1350,0.2626123237,12.590077643549444,3.845497602,4.126080307,56.94208883,16,1.9162410244702848,passed,18,P-55GPa_frame00001350_U0.262612.poscar,False,,,,,,,,0.9999809355
npt_pressure,55,,P-55GPa,Ti-potential/04-npt-round-2/md/P-55GPa/multi_nnap_md.xyz,1400,0.4490213958,12.565852325965016,4.766125999,4.658804379,57.08513713,16,1.9627718181275051,passed,19,P-55GPa_frame00001400_U0.449021.poscar,False,,,,,,,,0.9999872442
npt_pressure,55,,P-55GPa,Ti-potential/04-npt-round-2/md/P-55GPa/multi_nnap_md.xyz,1450,0.2734865755,12.807957180766406,4.139565411,4.129513203,53.16645568,16,1.8712782555598078,passed,20,P-55GPa_frame00001450_U0.273487.poscar,True,78,cur-fill,0.01225694726,000078.poscar,4.866441109e-06,6.994356428e-07,0.9954527764,0.9999876753
npt_pressure,55,,P-55GPa,Ti-potential/04-npt-round-2/md/P-55GPa/multi_nnap_md.xyz,1500,0.3685938884,12.528948832143872,5.248372136,5.118481647,57.94923755,16,1.8802610642662265,passed,21,P-55GPa_frame00001500_U0.368594.poscar,False,,,,,,,,0.9999876334
npt_pressure,55,,P-55GPa,Ti-potential/04-npt-round-2/md/P-55GPa/multi_nnap_md.xyz,1550,0.2020791816,12.701653725663672,3.672250594,3.713133994,54.89013353,16,1.9362949861671592,passed,22,P-55GPa_frame00001550_U0.202079.poscar,False,,,,,,,,0.9999871375
npt_pressure,55,,P-55GPa,Ti-potential/04-npt-round-2/md/P-55GPa/multi_nnap_md.xyz,1600,0.3232903645,12.86976170277732,4.22889341,4.154143953,52.03893714,16,1.7675430862400652,passed,23,P-55GPa_frame00001600_U0.323290.poscar,False,,,,,,,,0.9999910968
npt_pressure,55,,P-55GPa,Ti-potential/04-npt-round-2/md/P-55GPa/multi_nnap_md.xyz,1650,0.3899121718,13.064526801219293,4.802412316,4.606617261,48.31809565,16,1.9413959055597638,passed,24,P-55GPa_frame00001650_U0.389912.poscar,False,,,,,,,,0.9999838758
npt_pressure,55,,P-55GPa,Ti-potential/04-npt-round-2/md/P-55GPa/multi_nnap_md.xyz,1700,0.3584259056,12.385599108298267,4.292208222,4.041287411,62.88918736,16,1.8532439344272502,passed,25,P-55GPa_frame00001700_U0.358426.poscar,False,,,,,,,,0.9999866219
npt_pressure,55,,P-55GPa,Ti-potential/04-npt-round-2/md/P-55GPa/multi_nnap_md.xyz,1750,0.2546396974,13.139698046561499,4.108448123,4.145317588,49.08301927,16,1.9791464577378313,passed,26,P-55GPa_frame00001750_U0.254640.poscar,False,,,,,,,,0.999989521
npt_pressure,55,,P-55GPa,Ti-potential/04-npt-round-2/md/P-55GPa/multi_nnap_md.xyz,1800,0.2937000884,12.353877057696128,3.315668533,3.321363721,61.07990934,16,1.9657531524644618,passed,27,P-55GPa_frame00001800_U0.293700.poscar,False,,,,,,,,0.9999784099
npt_pressure,55,,P-55GPa,Ti-potential/04-npt-round-2/md/P-55GPa/multi_nnap_md.xyz,1850,0.2320861569,13.18050808947817,4.192903083,4.094130509,44.49622995,16,1.962325271858168,passed,28,P-55GPa_frame00001850_U0.232086.poscar,False,,,,,,,,0.9999673295
npt_pressure,55,,P-55GPa,Ti-potential/04-npt-round-2/md/P-55GPa/multi_nnap_md.xyz,1900,0.3020369899,12.329872194328395,4.105702164,4.187416761,64.61047195,16,1.9493092979680278,passed,29,P-55GPa_frame00001900_U0.302037.poscar,False,,,,,,,,0.999963961
npt_pressure,55,,P-55GPa,Ti-potential/04-npt-round-2/md/P-55GPa/multi_nnap_md.xyz,1950,0.391938339,12.994262866211077,5.52131198,5.522904223,49.99063654,16,1.741353637972743,passed,30,P-55GPa_frame00001950_U0.391938.poscar,False,,,,,,,,0.999987788
npt_pressure,55,,P-55GPa,Ti-potential/04-npt-round-2/md/P-55GPa/multi_nnap_md.xyz,2000,0.2457621568,12.585877722494306,3.902322725,4.055342827,60.5458811,16,1.9175372193009377,passed,31,P-55GPa_frame00002000_U0.245762.poscar,True,99,cur-fill,0.006468349479,000099.poscar,4.866441109e-06,4.900006314e-07,0.9951538998,0.9999866533
npt_pressure,55,,P-55GPa,Ti-potential/04-npt-round-2/md/P-55GPa/multi_nnap_md.xyz,2050,0.2291043569,12.939442825795568,4.839922219,4.83716668,50.41838799,16,1.8415312892677003,passed,32,P-55GPa_frame00002050_U0.229104.poscar,False,,,,,,,,0.9999906267
npt_pressure,55,,P-55GPa,Ti-potential/04-npt-round-2/md/P-55GPa/multi_nnap_md.xyz,2100,0.2987358866,12.496863209078006,5.392900534,5.366159001,58.7220097,16,1.802743372471371,passed,33,P-55GPa_frame00002100_U0.298736.poscar,False,,,,,,,,0.9999800049
npt_pressure,55,,P-55GPa,Ti-potential/04-npt-round-2/md/P-55GPa/multi_nnap_md.xyz,2150,0.5434549249,12.96725715173086,3.931655439,4.238115552,49.53757805,16,1.7822811993344658,passed,34,P-55GPa_frame00002150_U0.543455.poscar,False,,,,,,,,0.9999590476
npt_pressure,55,,P-55GPa,Ti-potential/04-npt-round-2/md/P-55GPa/multi_nnap_md.xyz,2200,0.2543952847,12.09724960958414,3.850504506,4.010367109,67.02565977,16,1.9902118408665634,passed,35,P-55GPa_frame00002200_U0.254395.poscar,False,,,,,,,,0.9999403967
npt_pressure,55,,P-55GPa,Ti-potential/04-npt-round-2/md/P-55GPa/multi_nnap_md.xyz,2250,0.2336508979,12.821761066307685,3.037148941,3.011873942,53.59252574,16,1.998493451270898,passed,36,P-55GPa_frame00002250_U0.233651.poscar,False,,,,,,,,0.9999945541
npt_pressure,55,,P-55GPa,Ti-potential/04-npt-round-2/md/P-55GPa/multi_nnap_md.xyz,2300,0.3165288713,13.457036671279862,5.638764381,5.40281306,43.03222088,16,1.855524052699575,passed,37,P-55GPa_frame00002300_U0.316529.poscar,False,,,,,,,,0.9999615149
npt_pressure,55,,P-55GPa,Ti-potential/04-npt-round-2/md/P-55GPa/multi_nnap_md.xyz,2350,1.000309844,11.766874798203133,5.413037557,5.304886175,76.64086162,16,1.7696914847208036,passed,38,P-55GPa_frame00002350_U1.000310.poscar,False,,,,,,,,0.9999041745
npt_pressure,55,,P-55GPa,Ti-potential/04-npt-round-2/md/P-55GPa/multi_nnap_md.xyz,2400,0.2026911063,13.89230817420651,4.087168613,4.103546133,36.50151321,16,1.9876447506463706,passed,39,P-55GPa_frame00002400_U0.202691.poscar,False,,,,,,,,0.9999721251
npt_pressure,55,,P-55GPa,Ti-potential/04-npt-round-2/md/P-55GPa/multi_nnap_md.xyz,2450,0.6145680856,11.776503013378578,5.827131286,6.077733125,73.19427019,16,1.7860107999961197,passed,40,P-55GPa_frame00002450_U0.614568.poscar,False,,,,,,,,0.9998993409
npt_pressure,55,,P-55GPa,Ti-potential/04-npt-round-2/md/P-55GPa/multi_nnap_md.xyz,2500,0.2185363159,13.567698550039895,4.288884291,4.263155232,41.47634511,16,2.01258256109142,passed,41,P-55GPa_frame00002500_U0.218536.poscar,False,,,,,,,,0.9999611909
npt_pressure,55,,P-55GPa,Ti-potential/04-npt-round-2/md/P-55GPa/multi_nnap_md.xyz,2550,0.2713564544,12.638756031460764,5.291073902,5.393314319,55.20763827,16,1.8450491541645897,passed,42,P-55GPa_frame00002550_U0.271356.poscar,False,,,,,,,,0.9999925376
npt_pressure,55,,P-55GPa,Ti-potential/04-npt-round-2/md/P-55GPa/multi_nnap_md.xyz,2600,0.2484181295,12.303751892883382,4.31360402,4.134811478,62.77511927,16,1.8751554505022654,passed,43,P-55GPa_frame00002600_U0.248418.poscar,False,,,,,,,,0.9999587568
npt_pressure,55,,P-55GPa,Ti-potential/04-npt-round-2/md/P-55GPa/multi_nnap_md.xyz,2650,0.2186153921,13.471382081958701,4.013572219,3.90508225,41.74653333,16,1.8974257568700366,passed,44,P-55GPa_frame00002650_U0.218615.poscar,False,,,,,,,,0.9999580702
npt_pressure,55,,P-55GPa,Ti-potential/04-npt-round-2/md/P-55GPa/multi_nnap_md.xyz,2700,0.3372914581,11.959574310036226,3.876581491,3.970615154,69.69122569,16,1.934983560903346,passed,45,P-55GPa_frame00002700_U0.337291.poscar,False,,,,,,,,0.999973484
npt_pressure,55,,P-55GPa,Ti-potential/04-npt-round-2/md/P-55GPa/multi_nnap_md.xyz,2750,0.1345955108,13.57014511016522,3.013284645,3.129422633,38.9972405,16,2.0223561072554257,passed,46,P-55GPa_frame00002750_U0.134596.poscar,False,,,,,,,,0.9999673314
npt_pressure,55,,P-55GPa,Ti-potential/04-npt-round-2/md/P-55GPa/multi_nnap_md.xyz,2800,0.3887705465,11.87810211805074,3.437153551,3.418298853,70.78593151,16,1.9814930492416067,passed,47,P-55GPa_frame00002800_U0.388771.poscar,False,,,,,,,,0.9999740896
npt_pressure,55,,P-55GPa,Ti-potential/04-npt-round-2/md/P-55GPa/multi_nnap_md.xyz,2850,0.2245120979,13.16366852853021,3.598694409,3.543679346,45.89277286,16,2.0017652129873986,passed,48,P-55GPa_frame00002850_U0.224512.poscar,False,,,,,,,,0.9999772196
npt_pressure,55,,P-55GPa,Ti-potential/04-npt-round-2/md/P-55GPa/multi_nnap_md.xyz,2900,0.2362541012,12.735304057914139,4.607567184,4.542681083,54.20709011,16,2.126512204658484,passed,49,P-55GPa_frame00002900_U0.236254.poscar,False,,,,,,,,0.9999891378
npt_pressure,55,,P-55GPa,Ti-potential/04-npt-round-2/md/P-55GPa/multi_nnap_md.xyz,2950,0.2398493597,12.684200926817551,3.684237439,3.594648487,55.15231952,16,1.8689647703264562,passed,50,P-55GPa_frame00002950_U0.239849.poscar,False,,,,,,,,0.9999868678
npt_pressure,55,,P-55GPa,Ti-potential/04-npt-round-2/md/P-55GPa/multi_nnap_md.xyz,3000,0.3086167537,13.052019805862145,4.454849519,4.025975878,51.52623645,16,2.0168702348237844,passed,51,P-55GPa_frame00003000_U0.308617.poscar,False,,,,,,,,0.999959608
npt_pressure,55,,P-55GPa,Ti-potential/04-npt-round-2/md/P-55GPa/multi_nnap_md.xyz,3050,0.4939482729,12.511967353023024,4.883530308,5.080881932,59.36910788,16,1.8048814704167047,passed,52,P-55GPa_frame00003050_U0.493948.poscar,False,,,,,,,,0.9999918234
npt_pressure,55,,P-55GPa,Ti-potential/04-npt-round-2/md/P-55GPa/multi_nnap_md.xyz,3100,0.3307439043,12.684617481582142,4.897061542,5.02353544,55.30390341,16,1.8921646753897987,passed,53,P-55GPa_frame00003100_U0.330744.poscar,False,,,,,,,,0.9999778288
npt_pressure,55,,P-55GPa,Ti-potential/04-npt-round-2/md/P-55GPa/multi_nnap_md.xyz,3150,0.3588218042,12.951657440022892,4.047117943,3.963371344,50.45066766,16,1.9611140781914662,passed,54,P-55GPa_frame00003150_U0.358822.poscar,False,,,,,,,,0.9999939751
npt_pressure,55,,P-55GPa,Ti-potential/04-npt-round-2/md/P-55GPa/multi_nnap_md.xyz,3200,0.4312909571,12.24888180794701,6.338028224,6.119047485,63.17401877,16,1.9542130522815575,passed,55,P-55GPa_frame00003200_U0.431291.poscar,True,84,cur-fill,0.009244804183,000084.poscar,4.866441109e-06,5.06353512e-07,0.9849711216,0.9999727419
npt_pressure,55,,P-55GPa,Ti-potential/04-npt-round-2/md/P-55GPa/multi_nnap_md.xyz,3250,0.232580487,12.932795659911942,5.05377994,5.213181779,52.83970929,16,1.9607136922260633,passed,56,P-55GPa_frame00003250_U0.232580.poscar,False,,,,,,,,0.9999868036
npt_pressure,55,,P-55GPa,Ti-potential/04-npt-round-2/md/P-55GPa/multi_nnap_md.xyz,3300,0.5101715826,12.992713234144961,3.532135701,3.369090452,49.27415108,16,1.8566964314210999,passed,57,P-55GPa_frame00003300_U0.510172.poscar,False,,,,,,,,0.999991795
npt_pressure,55,,P-55GPa,Ti-potential/04-npt-round-2/md/P-55GPa/multi_nnap_md.xyz,3350,0.367221975,11.988187811957097,3.855049562,3.745906467,67.48571853,16,1.995469828350672,passed,58,P-55GPa_frame00003350_U0.367222.poscar,False,,,,,,,,0.9999829116
npt_pressure,55,,P-55GPa,Ti-potential/04-npt-round-2/md/P-55GPa/multi_nnap_md.xyz,3400,0.2003724759,13.03639090772214,3.848635985,3.679672769,50.17439755,16,2.002827055538232,passed,59,P-55GPa_frame00003400_U0.200372.poscar,False,,,,,,,,0.9999854081
npt_pressure,55,,P-55GPa,Ti-potential/04-npt-round-2/md/P-55GPa/multi_nnap_md.xyz,3451,0.2071598833,12.849037524129495,3.950316187,3.848806093,52.92435938,16,2.1243710533687437,passed,60,P-55GPa_frame00003451_U0.207160.poscar,True,21,cur-fill,0.0314597737,000021.poscar,0.003983972619,0.0007342763453,0.9447100871,0.9999924039
npt_pressure,55,,P-55GPa,Ti-potential/04-npt-round-2/md/P-55GPa/multi_nnap_md.xyz,3501,0.2341205089,11.996164823611123,3.576932649,3.512240272,68.11650717,16,1.9399451669763825,passed,61,P-55GPa_frame00003501_U0.234121.poscar,False,,,,,,,,0.9999611286
npt_pressure,55,,P-55GPa,Ti-potential/04-npt-round-2/md/P-55GPa/multi_nnap_md.xyz,3551,0.1883548613,13.561589808611433,4.056105954,4.079088954,39.59700964,16,1.9751514707411573,passed,62,P-55GPa_frame00003551_U0.188355.poscar,False,,,,,,,,0.999996787
npt_pressure,55,,P-55GPa,Ti-potential/04-npt-round-2/md/P-55GPa/multi_nnap_md.xyz,3601,0.445120079,11.761715200541003,3.420070191,3.211771411,75.30217641,16,1.9991429967706436,passed,63,P-55GPa_frame00003601_U0.445120.poscar,False,,,,,,,,0.999937652
npt_pressure,55,,P-55GPa,Ti-potential/04-npt-round-2/md/P-55GPa/multi_nnap_md.xyz,3651,0.1852313109,13.543209257712988,3.460608603,3.389302443,40.95235078,16,1.965095159335836,passed,64,P-55GPa_frame00003651_U0.185231.poscar,True,96,cur-fill,0.007001842505,000096.poscar,4.866441109e-06,4.38543685e-07,0.9748033769,0.9999743887
npt_pressure,55,,P-55GPa,Ti-potential/04-npt-round-2/md/P-55GPa/multi_nnap_md.xyz,3701,0.4644738076,12.03012527957728,7.040749768,7.192656612,71.03059701,16,1.713906381196504,passed,65,P-55GPa_frame00003701_U0.464474.poscar,False,,,,,,,,0.9999538948
npt_pressure,55,,P-55GPa,Ti-potential/04-npt-round-2/md/P-55GPa/multi_nnap_md.xyz,3751,0.200412926,12.967798425951718,3.851937184,3.827873565,50.87199794,16,1.9578402320619277,passed,66,P-55GPa_frame00003751_U0.200413.poscar,True,63,cur-fill,0.02287610167,000063.poscar,3.982717781e-05,7.078300879e-06,0.9796196695,0.9999896943
npt_pressure,55,,P-55GPa,Ti-potential/04-npt-round-2/md/P-55GPa/multi_nnap_md.xyz,3801,0.3634183833,13.164909895647288,5.937998679,5.909254859,47.71060247,16,1.7671706844700872,passed,67,P-55GPa_frame00003801_U0.363418.poscar,False,,,,,,,,0.9999882722
npt_pressure,55,,P-55GPa,Ti-potential/04-npt-round-2/md/P-55GPa/multi_nnap_md.xyz,3851,0.4095654313,11.808180023421333,4.72046674,4.793391177,72.54412663,16,1.841497196150486,passed,68,P-55GPa_frame00003851_U0.409565.poscar,False,,,,,,,,0.9999610309
npt_pressure,55,,P-55GPa,Ti-potential/04-npt-round-2/md/P-55GPa/multi_nnap_md.xyz,3901,0.158795363,14.355208869744223,3.582050008,3.424854838,29.78831599,16,2.1539946863266612,passed,69,P-55GPa_frame00003901_U0.158795.poscar,False,,,,,,,,0.9999777596
npt_pressure,55,,P-55GPa,Ti-potential/04-npt-round-2/md/P-55GPa/multi_nnap_md.xyz,3951,0.5168416992,11.057404892802047,4.948961296,4.811659046,92.93248658,16,1.9853496255042933,passed,70,P-55GPa_frame00003951_U0.516842.poscar,True,2,cur-fill,0.01377189175,000002.poscar,0.4249289287,0.05026836763,0.2304636742,0.9999171839
npt_pressure,55,,P-55GPa,Ti-potential/04-npt-round-2/md/P-55GPa/multi_nnap_md.xyz,4002,0.1475586737,13.979267740926668,3.294348944,3.293204655,35.56473422,16,1.9665208970424044,passed,71,P-55GPa_frame00004002_U0.147559.poscar,False,,,,,,,,0.9999823166
npt_pressure,55,,P-55GPa,Ti-potential/04-npt-round-2/md/P-55GPa/multi_nnap_md.xyz,4052,0.3784590278,11.865503544252887,4.663935469,4.887564191,70.62443264,16,1.935672668667081,passed,72,P-55GPa_frame00004052_U0.378459.poscar,False,,,,,,,,0.9999624181
npt_pressure,55,,P-55GPa,Ti-potential/04-npt-round-2/md/P-55GPa/multi_nnap_md.xyz,4102,0.5959925173,12.871387847745376,4.910479383,4.86470293,52.48629708,16,1.830865943291727,passed,73,P-55GPa_frame00004102_U0.595993.poscar,True,54,cur-fill,0.01789901966,000054.poscar,9.738449237e-05,1.812333203e-05,0.9789758953,0.9999916776
npt_pressure,55,,P-55GPa,Ti-potential/04-npt-round-2/md/P-55GPa/multi_nnap_md.xyz,4152,0.3948912398,12.573231615735155,5.656846987,5.659472782,58.39042036,16,1.7536149173374838,passed,74,P-55GPa_frame00004152_U0.394891.poscar,False,,,,,,,,0.9999947291
npt_pressure,55,,P-55GPa,Ti-potential/04-npt-round-2/md/P-55GPa/multi_nnap_md.xyz,4202,0.3409484427,12.385594269190204,4.29243569,4.104870769,59.12449166,16,1.927146707405672,passed,75,P-55GPa_frame00004202_U0.340948.poscar,False,,,,,,,,0.9999714582
npt_pressure,55,,P-55GPa,Ti-potential/04-npt-round-2/md/P-55GPa/multi_nnap_md.xyz,4252,0.1943068727,12.984241527075104,3.726147672,3.529670555,48.01622329,16,2.128863220863202,passed,76,P-55GPa_frame00004252_U0.194307.poscar,True,19,cur-fill,0.01374127375,000019.poscar,0.00477577193,0.0006145933869,0.9615075087,0.9999771928
npt_pressure,55,,P-55GPa,Ti-potential/04-npt-round-2/md/P-55GPa/multi_nnap_md.xyz,4302,0.1999198973,12.791222244024322,3.496107331,3.260504306,51.2907566,16,2.084152387323711,passed,77,P-55GPa_frame00004302_U0.199920.poscar,False,,,,,,,,0.9999842226
npt_pressure,55,,P-55GPa,Ti-potential/04-npt-round-2/md/P-55GPa/multi_nnap_md.xyz,4352,0.3948619202,12.062026198073811,2.967021873,3.004408862,62.28433974,16,1.8291607333434543,passed,78,P-55GPa_frame00004352_U0.394862.poscar,False,,,,,,,,0.9999803755
npt_pressure,55,,P-55GPa,Ti-potential/04-npt-round-2/md/P-55GPa/multi_nnap_md.xyz,4402,0.1931736818,13.146618128768159,3.379169337,3.361668466,47.94215718,16,1.929781647908781,passed,79,P-55GPa_frame00004402_U0.193174.poscar,False,,,,,,,,0.9999933139
npt_pressure,55,,P-55GPa,Ti-potential/04-npt-round-2/md/P-55GPa/multi_nnap_md.xyz,4452,0.4677148703,12.469433774209682,3.709444873,3.746929003,59.32393947,16,1.8059350978445263,passed,80,P-55GPa_frame00004452_U0.467715.poscar,True,45,cur-fill,0.03657142454,000045.poscar,0.0002732839226,6.660560125e-05,0.9750714508,0.9999852523
npt_pressure,55,,P-55GPa,Ti-potential/04-npt-round-2/md/P-55GPa/multi_nnap_md.xyz,4502,0.3158307468,12.644344120812171,2.905732979,2.990624747,57.0632797,16,1.9399259212301179,passed,81,P-55GPa_frame00004502_U0.315831.poscar,False,,,,,,,,0.9999841807
npt_pressure,55,,P-55GPa,Ti-potential/04-npt-round-2/md/P-55GPa/multi_nnap_md.xyz,4552,0.2441967533,12.385311897832825,3.467487193,3.459428311,61.43542679,16,2.028638504976769,passed,82,P-55GPa_frame00004552_U0.244197.poscar,False,,,,,,,,0.9999712235
npt_pressure,55,,P-55GPa,Ti-potential/04-npt-round-2/md/P-55GPa/multi_nnap_md.xyz,4602,0.1917176556,13.042660842303306,3.282492397,3.374952738,44.81132083,16,2.040311611501813,passed,83,P-55GPa_frame00004602_U0.191718.poscar,False,,,,,,,,0.9999657825
npt_pressure,55,,P-55GPa,Ti-potential/04-npt-round-2/md/P-55GPa/multi_nnap_md.xyz,4652,0.214255034,12.462062182951199,3.951002327,4.033877655,58.70508644,16,2.0202947982820127,passed,84,P-55GPa_frame00004652_U0.214255.poscar,True,100,cur-fill,0.006347060765,000100.poscar,4.866441109e-06,4.208450152e-07,0.9967472523,0.9999670652
npt_pressure,55,,P-55GPa,Ti-potential/04-npt-round-2/md/P-55GPa/multi_nnap_md.xyz,4702,0.2945655453,13.143113143507911,3.019063582,3.174752914,46.7334513,16,1.9307169806388904,passed,85,P-55GPa_frame00004702_U0.294566.poscar,False,,,,,,,,0.9999893208
npt_pressure,55,,P-55GPa,Ti-potential/04-npt-round-2/md/P-55GPa/multi_nnap_md.xyz,4752,0.4023890957,12.021018926200584,4.440450929,4.413738686,69.65349985,16,1.774438413359133,passed,86,P-55GPa_frame00004752_U0.402389.poscar,False,,,,,,,,0.9999789033
npt_pressure,55,,P-55GPa,Ti-potential/04-npt-round-2/md/P-55GPa/multi_nnap_md.xyz,4802,0.7535465591,13.49034111378838,3.692502133,3.64221409,39.22190829,16,1.8159403667883753,passed,87,P-55GPa_frame00004802_U0.753547.poscar,True,39,cur-fill,0.03366192768,000039.poscar,0.0005340401899,0.00011284389,0.9911434104,0.999979213
npt_pressure,55,,P-55GPa,Ti-potential/04-npt-round-2/md/P-55GPa/multi_nnap_md.xyz,4852,0.2714091373,12.062675607758639,2.949540159,2.789959139,66.08474636,16,1.9730378791527832,passed,88,P-55GPa_frame00004852_U0.271409.poscar,False,,,,,,,,0.9999714964
npt_pressure,55,,P-55GPa,Ti-potential/04-npt-round-2/md/P-55GPa/multi_nnap_md.xyz,4902,0.2301505822,12.97030493649442,3.041721778,3.001180189,47.01163314,16,1.9310604820169646,passed,89,P-55GPa_frame00004902_U0.230151.poscar,True,32,cur-fill,0.02589231734,000032.poscar,0.001150593267,0.0002086131839,0.953965258,0.9999804242
npt_pressure,55,,P-55GPa,Ti-potential/04-npt-round-2/md/P-55GPa/multi_nnap_md.xyz,4952,0.2555811637,12.671814339144445,4.978146623,5.031923799,55.98762832,16,2.056562060392834,passed,90,P-55GPa_frame00004952_U0.255581.poscar,False,,,,,,,,0.999997116
