source_type,source_value,scale_factor,trajectory,trajectory_path,frame,uncertainty,volume_per_atom,max_force,max_force_model0,instant_pressure_gpa,natoms,min_distance_A,physical_gate_status,candidate_rank_source,candidate_file,final_selected,cur_rank,cur_phase,cur_score,selected_file,singular_value,residual_norm,max_similarity_selected,max_similarity_base
npt_pressure,1,,P-1GPa,W-potential/03-npt-round-1/md/P-1GPa/multi_nnap_md.xyz,500,0.309866824,19.174890253728503,9.368688713,9.690695568,-3.338190153,16,2.081396539408032,passed,1,P-1GPa_frame00000500_U0.309867.poscar,True,60,cur-fill,0.0287466408,000060.poscar,3.550280797e-05,7.689616671e-06,0.9992107793,0.9999715255
npt_pressure,1,,P-1GPa,W-potential/03-npt-round-1/md/P-1GPa/multi_nnap_md.xyz,550,0.2819063526,18.780813896736582,6.117170074,6.33139173,3.120390669,16,2.3267622065961096,passed,2,P-1GPa_frame00000550_U0.281906.poscar,False,,,,,,,,0.9999810594
npt_pressure,1,,P-1GPa,W-potential/03-npt-round-1/md/P-1GPa/multi_nnap_md.xyz,600,0.2726229257,17.211597523468505,5.393152333,5.466105576,4.401052488,16,2.35357065579745,passed,3,P-1GPa_frame00000600_U0.272623.poscar,False,,,,,,,,0.999737887
npt_pressure,1,,P-1GPa,W-potential/03-npt-round-1/md/P-1GPa/multi_nnap_md.xyz,650,0.4115715972,17.867386479190646,8.297205292,7.934940007,9.796556003,16,2.161864590097447,passed,4,P-1GPa_frame00000650_U0.411572.poscar,False,,,,,,,,0.9999688511
npt_pressure,1,,P-1GPa,W-potential/03-npt-round-1/md/P-1GPa/multi_nnap_md.xyz,700,0.1993961462,19.153489126851657,4.498924033,4.306170156,-2.743591624,16,2.3301632488248747,passed,5,P-1GPa_frame00000700_U0.199396.poscar,True,45,cur-fill,0.01459410754,000045.poscar,0.0002029970497,4.401946651e-05,0.9984966684,0.9999776944
npt_pressure,1,,P-1GPa,W-potential/03-npt-round-1/md/P-1GPa/multi_nnap_md.xyz,750,0.3014228301,19.970259564476102,5.754256814,5.905178561,-3.765889813,16,2.2036922079510486,passed,6,P-1GPa_frame00000750_U0.301423.poscar,False,,,,,,,,0.9999892641
npt_pressure,1,,P-1GPa,W-potential/03-npt-round-1/md/P-1GPa/multi_nnap_md.xyz,800,0.27516617,20.119458526118102,8.683535792,8.664924037,-0.1333367546,16,2.2424489963423357,passed,7,P-1GPa_frame00000800_U0.275166.poscar,True,14,cur-fill,0.04157463571,000014.poscar,0.00792211983,0.002035305061,0.9964766068,0.9999666711
npt_pressure,1,,P-1GPa,W-potential/03-npt-round-1/md/P-1GPa/multi_nnap_md.xyz,850,0.2515330463,19.93458227063253,5.462545451,5.618972082,-2.277774651,16,2.360945392436399,passed,8,P-1GPa_frame00000850_U0.251533.poscar,False,,,,,,,,0.9999796985
npt_pressure,1,,P-1GPa,W-potential/03-npt-round-1/md/P-1GPa/multi_nnap_md.xyz,900,0.2480118052,21.764554099173626,5.10488251,5.108503049,0.2961322435,16,2.180402673316313,passed,9,P-1GPa_frame00000900_U0.248012.poscar,True,44,cur-fill,0.04416057389,000044.poscar,0.0002205707915,6.252761465e-05,0.9993805355,0.9999749852
npt_pressure,1,,P-1GPa,W-potential/03-npt-round-1/md/P-1GPa/multi_nnap_md.xyz,950,0.3361505277,17.01645836750208,7.229563606,7.38056232,13.04920009,16,2.2848881509670544,passed,10,P-1GPa_frame00000950_U0.336151.poscar,False,,,,,,,,0.9998598176
npt_pressure,1,,P-1GPa,W-potential/03-npt-round-1/md/P-1GPa/multi_nnap_md.xyz,1000,0.3190225208,17.095222081739223,5.973870546,5.777594484,11.39035564,16,2.3317976434043906,passed,11,P-1GPa_frame00001000_U0.319023.poscar,False,,,,,,,,0.9998880934
npt_pressure,1,,P-1GPa,W-potential/03-npt-round-1/md/P-1GPa/multi_nnap_md.xyz,1050,0.3363390606,19.92831839795696,6.860159316,7.183459057,5.591249279,16,2.147770280753955,passed,12,P-1GPa_frame00001050_U0.336339.poscar,True,11,cur-fill,0.02444314597,000011.poscar,0.01254018282,0.003415564141,0.9963801238,0.9999677924
npt_pressure,1,,P-1GPa,W-potential/03-npt-round-1/md/P-1GPa/multi_nnap_md.xyz,1100,0.3364450605,17.014618009273626,6.885148616,7.197643026,7.833137226,16,2.2102849127704673,passed,13,P-1GPa_frame00001100_U0.336445.poscar,False,,,,,,,,0.9997864771
npt_pressure,1,,P-1GPa,W-potential/03-npt-round-1/md/P-1GPa/multi_nnap_md.xyz,1150,0.3921220924,18.644783566071382,7.550454407,7.629706512,-2.084183316,16,2.19432525902957,passed,14,P-1GPa_frame00001150_U0.392122.poscar,False,,,,,,,,0.9999713856
npt_pressure,1,,P-1GPa,W-potential/03-npt-round-1/md/P-1GPa/multi_nnap_md.xyz,1200,0.2108790008,20.4224281979685,5.962804264,6.065749737,-2.100066639,16,2.0915364612969096,passed,15,P-1GPa_frame00001200_U0.210879.poscar,True,31,cur-fill,0.03207258395,000031.poscar,0.0009093903375,0.0002010037807,0.9984655863,0.9999856176
npt_pressure,1,,P-1GPa,W-potential/03-npt-round-1/md/P-1GPa/multi_nnap_md.xyz,1250,0.4213504497,19.30993707461032,8.594278839,8.427714758,10.68273517,16,2.064345588268857,passed,16,P-1GPa_frame00001250_U0.421350.poscar,False,,,,,,,,0.9999823514
npt_pressure,1,,P-1GPa,W-potential/03-npt-round-1/md/P-1GPa/multi_nnap_md.xyz,1300,0.2203968376,20.033189517913826,4.92758913,4.969111188,1.327855354,16,2.3766959849365703,passed,17,P-1GPa_frame00001300_U0.220397.poscar,False,,,,,,,,0.999978493
npt_pressure,1,,P-1GPa,W-potential/03-npt-round-1/md/P-1GPa/multi_nnap_md.xyz,1350,0.6427902214,17.925665633094297,9.271724203,8.611679386,18.23123217,16,2.003884276614957,passed,18,P-1GPa_frame00001350_U0.642790.poscar,True,34,cur-fill,0.05366813291,000034.poscar,0.0005917524877,0.0001653344854,0.9986640287,0.9999792559
npt_pressure,1,,P-1GPa,W-potential/03-npt-round-1/md/P-1GPa/multi_nnap_md.xyz,1400,0.2659134218,18.851146871885547,4.842067472,5.049997127,5.891568183,16,2.323169654638468,passed,19,P-1GPa_frame00001400_U0.265913.poscar,False,,,,,,,,0.9999834514
npt_pressure,1,,P-1GPa,W-potential/03-npt-round-1/md/P-1GPa/multi_nnap_md.xyz,1450,0.2965377569,18.078569224663703,9.22649437,9.182987621,-4.547182936,16,2.1394676228725342,passed,20,P-1GPa_frame00001450_U0.296538.poscar,False,,,,,,,,0.9999878563
npt_pressure,1,,P-1GPa,W-potential/03-npt-round-1/md/P-1GPa/multi_nnap_md.xyz,1500,0.3781476618,17.847856155839644,10.56631886,10.61211423,10.47175585,16,2.0890860155893116,passed,21,P-1GPa_frame00001500_U0.378148.poscar,True,72,cur-fill,0.02261332775,000072.poscar,7.115256844e-06,1.140762551e-06,0.9990862684,0.9999779387
npt_pressure,1,,P-1GPa,W-potential/03-npt-round-1/md/P-1GPa/multi_nnap_md.xyz,1550,0.2589480813,17.933182064894368,4.468210007,4.633267409,-3.243041005,16,2.310758013868626,passed,22,P-1GPa_frame00001550_U0.258948.poscar,False,,,,,,,,0.9999391015
npt_pressure,1,,P-1GPa,W-potential/03-npt-round-1/md/P-1GPa/multi_nnap_md.xyz,1600,0.2269066215,18.118696666878908,5.625763329,5.682955204,4.862322338,16,2.233535179999292,passed,23,P-1GPa_frame00001600_U0.226907.poscar,False,,,,,,,,0.9999608897
npt_pressure,1,,P-1GPa,W-potential/03-npt-round-1/md/P-1GPa/multi_nnap_md.xyz,1650,0.2179222643,17.835708898808907,7.167285243,6.960510766,-7.477883702,16,2.2623649927979956,passed,24,P-1GPa_frame00001650_U0.217922.poscar,False,,,,,,,,0.999781758
npt_pressure,1,,P-1GPa,W-potential/03-npt-round-1/md/P-1GPa/multi_nnap_md.xyz,1700,0.2967360633,19.017824217740117,5.256841861,5.296737251,-6.038173109,16,2.219319809150393,passed,25,P-1GPa_frame00001700_U0.296736.poscar,True,41,cur-fill,0.02666107945,000041.poscar,0.0002908277419,5.814657868e-05,0.9991052932,0.9999667407
npt_pressure,1,,P-1GPa,W-potential/03-npt-round-1/md/P-1GPa/multi_nnap_md.xyz,1751,0.2052600956,19.42078154716083,3.568034976,3.862493323,-9.167463898,16,2.329831946339917,passed,26,P-1GPa_frame00001751_U0.205260.poscar,False,,,,,,,,0.9999807193
npt_pressure,1,,P-1GPa,W-potential/03-npt-round-1/md/P-1GPa/multi_nnap_md.xyz,1801,0.2972014672,19.915248288129217,6.301677302,6.424467799,-3.927936867,16,2.236675651519508,passed,27,P-1GPa_frame00001801_U0.297201.poscar,False,,,,,,,,0.9999816159
npt_pressure,1,,P-1GPa,W-potential/03-npt-round-1/md/P-1GPa/multi_nnap_md.xyz,1851,0.469120424,19.103382202545877,8.479981824,8.54451727,8.22639483,16,1.9619302154380547,passed,28,P-1GPa_frame00001851_U0.469120.poscar,True,7,cur-fill,0.03830531479,000007.poscar,0.0306159944,0.006669276823,0.9909789086,0.9999772025
npt_pressure,1,,P-1GPa,W-potential/03-npt-round-1/md/P-1GPa/multi_nnap_md.xyz,1901,0.2377649779,19.854252991268197,6.555982002,6.681237725,0.7194010635,16,2.217353962487471,passed,29,P-1GPa_frame00001901_U0.237765.poscar,False,,,,,,,,0.9999804338
npt_pressure,1,,P-1GPa,W-potential/03-npt-round-1/md/P-1GPa/multi_nnap_md.xyz,1951,0.3477260615,21.12500411158028,7.194775419,7.25054572,-4.520618452,16,2.0980805596195724,passed,30,P-1GPa_frame00001951_U0.347726.poscar,True,8,cur-fill,0.02456761429,000008.poscar,0.02596050635,0.006279425032,0.9957166829,0.9999438404
npt_pressure,1,,P-1GPa,W-potential/03-npt-round-1/md/P-1GPa/multi_nnap_md.xyz,2001,0.2412108137,19.089544254603656,5.368988257,5.538076377,6.905265509,16,2.327242160358268,passed,31,P-1GPa_frame00002001_U0.241211.poscar,False,,,,,,,,0.999970843
npt_pressure,1,,P-1GPa,W-potential/03-npt-round-1/md/P-1GPa/multi_nnap_md.xyz,2051,0.2955693875,19.705342838822002,9.819857648,9.63029386,0.3183634584,16,2.076404044721369,passed,32,P-1GPa_frame00002051_U0.295569.poscar,True,40,cur-fill,0.03208630738,000040.poscar,0.0003259329472,7.131000758e-05,0.9977602162,0.9999855463
npt_pressure,1,,P-1GPa,W-potential/03-npt-round-1/md/P-1GPa/multi_nnap_md.xyz,2103,0.1982609812,17.648811030715247,4.347880836,4.283514961,-9.200056709,16,2.4176594008202796,passed,33,P-1GPa_frame00002103_U0.198261.poscar,False,,,,,,,,0.9997339721
npt_pressure,1,,P-1GPa,W-potential/03-npt-round-1/md/P-1GPa/multi_nnap_md.xyz,2153,0.2414049417,18.067512317389177,4.815211936,4.958399904,5.122351433,16,2.341903302218669,passed,34,P-1GPa_frame00002153_U0.241405.poscar,True,66,cur-fill,0.01226300345,000066.poscar,1.540973306e-05,2.538427589e-06,0.9991503578,0.9999787995
npt_pressure,1,,P-1GPa,W-potential/03-npt-round-1/md/P-1GPa/multi_nnap_md.xyz,2203,0.2915992768,18.582685636455533,6.436548289,6.831411008,6.604739148,16,2.24494144580199,passed,35,P-1GPa_frame00002203_U0.291599.poscar,False,,,,,,,,0.999985699
npt_pressure,1,,P-1GPa,W-potential/03-npt-round-1/md/P-1GPa/multi_nnap_md.xyz,2253,0.3526151662,18.39182821305972,8.041459552,8.055123453,1.182812145,16,2.1832250069191703,passed,36,P-1GPa_frame00002253_U0.352615.poscar,False,,,,,,,,0.9999500302
npt_pressure,1,,P-1GPa,W-potential/03-npt-round-1/md/P-1GPa/multi_nnap_md.xyz,2303,0.2528939039,17.867626037083507,4.53203276,4.676403969,2.898916096,16,2.3645701446442446,passed,37,P-1GPa_frame00002303_U0.252894.poscar,False,,,,,,,,0.9999472054
npt_pressure,1,,P-1GPa,W-potential/03-npt-round-1/md/P-1GPa/multi_nnap_md.xyz,2353,0.3264441409,18.15651171455396,4.97192204,4.84067379,1.407990979,16,2.3245357229627563,passed,38,P-1GPa_frame00002353_U0.326444.poscar,False,,,,,,,,0.9999660634
npt_pressure,1,,P-1GPa,W-potential/03-npt-round-1/md/P-1GPa/multi_nnap_md.xyz,2403,0.2719142926,16.784678094519194,6.579848988,6.464316591,8.119643409,16,2.2523699077282098,passed,39,P-1GPa_frame00002403_U0.271914.poscar,False,,,,,,,,0.9997256093
npt_pressure,1,,P-1GPa,W-potential/03-npt-round-1/md/P-1GPa/multi_nnap_md.xyz,2453,0.2672971902,18.371807203030052,6.303414495,6.126476445,7.981092208,16,2.2118690179176443,passed,40,P-1GPa_frame00002453_U0.267297.poscar,False,,,,,,,,0.9999800907
npt_pressure,1,,P-1GPa,W-potential/03-npt-round-1/md/P-1GPa/multi_nnap_md.xyz,2503,0.3165864236,16.538596466346924,7.45714645,7.428468065,11.12554632,16,2.2893812025231317,passed,41,P-1GPa_frame00002503_U0.316586.poscar,False,,,,,,,,0.9999424322
npt_pressure,1,,P-1GPa,W-potential/03-npt-round-1/md/P-1GPa/multi_nnap_md.xyz,2553,0.2818691014,17.27152559382677,6.585563435,6.511435947,8.575380187,16,2.2915840724148775,passed,42,P-1GPa_frame00002553_U0.281869.poscar,False,,,,,,,,0.9999040261
npt_pressure,1,,P-1GPa,W-potential/03-npt-round-1/md/P-1GPa/multi_nnap_md.xyz,2603,0.2078000828,17.635928102993066,4.583802188,4.6448329,0.8972296416,16,2.370391859689627,passed,43,P-1GPa_frame00002603_U0.207800.poscar,False,,,,,,,,0.999780385
npt_pressure,1,,P-1GPa,W-potential/03-npt-round-1/md/P-1GPa/multi_nnap_md.xyz,2653,0.3113076347,18.142703052321185,5.81092311,5.691289219,0.5401797837,16,2.314513957429346,passed,44,P-1GPa_frame00002653_U0.311308.poscar,False,,,,,,,,0.9999619816
npt_pressure,1,,P-1GPa,W-potential/03-npt-round-1/md/P-1GPa/multi_nnap_md.xyz,2705,0.2039279309,19.458889110747613,5.713758304,5.683191379,1.284816443,16,2.2259059209454364,passed,45,P-1GPa_frame00002705_U0.203928.poscar,True,5,cur-fill,0.01520237592,000005.poscar,0.05428915238,0.008746103071,0.9788478501,0.9999847023
npt_pressure,1,,P-1GPa,W-potential/03-npt-round-1/md/P-1GPa/multi_nnap_md.xyz,2755,0.3383908512,18.851726843421112,7.728849524,7.954917931,5.018351889,16,2.193427458230389,passed,46,P-1GPa_frame00002755_U0.338391.poscar,False,,,,,,,,0.9999855481
npt_pressure,1,,P-1GPa,W-potential/03-npt-round-1/md/P-1GPa/multi_nnap_md.xyz,2805,0.2311062454,17.14404083682391,5.162325498,5.032939236,-2.018802132,16,2.394723088433756,passed,47,P-1GPa_frame00002805_U0.231106.poscar,False,,,,,,,,0.9998978249
npt_pressure,1,,P-1GPa,W-potential/03-npt-round-1/md/P-1GPa/multi_nnap_md.xyz,2855,0.2318802585,19.666895419469604,4.652058106,4.736417504,-5.980245263,16,2.3270869760051207,passed,48,P-1GPa_frame00002855_U0.231880.poscar,True,32,cur-fill,0.03111332485,000032.poscar,0.0008107758874,0.0001581849426,0.9975892431,0.9999777746
npt_pressure,1,,P-1GPa,W-potential/03-npt-round-1/md/P-1GPa/multi_nnap_md.xyz,2905,0.4345531217,18.120652873234622,9.604804123,9.707086408,-2.775366739,16,2.1190814510033915,passed,49,P-1GPa_frame00002905_U0.434553.poscar,False,,,,,,,,0.9998786192
npt_pressure,1,,P-1GPa,W-potential/03-npt-round-1/md/P-1GPa/multi_nnap_md.xyz,2955,0.5437910933,18.034837862082345,9.561171386,8.981037813,11.98993689,16,2.191202963396874,passed,50,P-1GPa_frame00002955_U0.543791.poscar,False,,,,,,,,0.9999522173
npt_pressure,1,,P-1GPa,W-potential/03-npt-round-1/md/P-1GPa/multi_nnap_md.xyz,3005,0.3002872112,17.31766081351761,5.914715219,6.111224898,9.98121081,16,2.297568929135746,passed,51,P-1GPa_frame00003005_U0.300287.poscar,False,,,,,,,,0.9999124621
npt_pressure,1,,P-1GPa,W-potential/03-npt-round-1/md/P-1GPa/multi_nnap_md.xyz,3055,0.4540200333,16.123607158514726,8.007394897,7.583411949,32.34657716,16,2.254030263707051,passed,52,P-1GPa_frame00003055_U0.454020.poscar,False,,,,,,,,0.9999532069
npt_pressure,1,,P-1GPa,W-potential/03-npt-round-1/md/P-1GPa/multi_nnap_md.xyz,3105,0.3260881767,17.01632834028963,6.062830758,6.155090998,13.16889147,16,2.3223286144443778,passed,53,P-1GPa_frame00003105_U0.326088.poscar,False,,,,,,,,0.9998785808
npt_pressure,1,,P-1GPa,W-potential/03-npt-round-1/md/P-1GPa/multi_nnap_md.xyz,3155,0.2903150717,18.09268658737247,7.205040335,7.493208935,0.1927826612,16,2.1281947288972636,passed,54,P-1GPa_frame00003155_U0.290315.poscar,True,46,cur-fill,0.01819945369,000046.poscar,0.0001883443865,3.091604495e-05,0.9990638979,0.9998938988
npt_pressure,1,,P-1GPa,W-potential/03-npt-round-1/md/P-1GPa/multi_nnap_md.xyz,3205,0.2180954264,18.264351908173566,5.14239254,5.02337837,-17.88316235,16,2.391289666348087,passed,55,P-1GPa_frame00003205_U0.218095.poscar,False,,,,,,,,0.9999789512
npt_pressure,1,,P-1GPa,W-potential/03-npt-round-1/md/P-1GPa/multi_nnap_md.xyz,3255,0.2875171745,17.651686511777953,6.415796279,6.522143713,2.935976067,16,2.3325417918942586,passed,56,P-1GPa_frame00003255_U0.287517.poscar,False,,,,,,,,0.9998518913
npt_pressure,1,,P-1GPa,W-potential/03-npt-round-1/md/P-1GPa/multi_nnap_md.xyz,3305,0.3682660231,18.056004309492213,7.388741586,7.020474585,10.84002423,16,2.1438641870972903,passed,57,P-1GPa_frame00003305_U0.368266.poscar,True,27,cur-fill,0.04291747143,000027.poscar,0.001580113154,0.0003435691295,0.9988496401,0.9999200072
npt_pressure,1,,P-1GPa,W-potential/03-npt-round-1/md/P-1GPa/multi_nnap_md.xyz,3355,0.2456368379,18.182469142944754,7.039550261,7.393569909,1.503052436,16,2.199811698696573,passed,58,P-1GPa_frame00003355_U0.245637.poscar,False,,,,,,,,0.9999535325
npt_pressure,1,,P-1GPa,W-potential/03-npt-round-1/md/P-1GPa/multi_nnap_md.xyz,3405,0.4211348226,19.12676078950556,7.069029251,6.766729406,9.705119873,16,2.0888228090716114,passed,59,P-1GPa_frame00003405_U0.421135.poscar,True,58,cur-fill,0.0250885366,000058.poscar,4.493511753e-05,9.525326065e-06,0.9987332494,0.999967507
npt_pressure,1,,P-1GPa,W-potential/03-npt-round-1/md/P-1GPa/multi_nnap_md.xyz,3455,0.2889102989,18.83110755512512,8.746907243,8.320908536,2.038645381,16,2.086436451219365,passed,60,P-1GPa_frame00003455_U0.288910.poscar,False,,,,,,,,0.9999807695
npt_pressure,1,,P-1GPa,W-potential/03-npt-round-1/md/P-1GPa/multi_nnap_md.xyz,3505,0.2921690936,21.122935442153008,5.411619456,5.071514452,-3.658643814,16,2.2286118263537253,passed,61,P-1GPa_frame00003505_U0.292169.poscar,True,10,cur-fill,0.04258943783,000010.poscar,0.01507044087,0.00373049234,0.9899915981,0.9999832435
npt_pressure,1,,P-1GPa,W-potential/03-npt-round-1/md/P-1GPa/multi_nnap_md.xyz,3555,0.2296207267,19.91485885213734,6.523169322,6.560922821,-0.3105739413,16,2.181266008828322,passed,62,P-1GPa_frame00003555_U0.229621.poscar,False,,,,,,,,0.9999735232
npt_pressure,1,,P-1GPa,W-potential/03-npt-round-1/md/P-1GPa/multi_nnap_md.xyz,3605,0.3373438611,17.8188951856506,7.711596943,7.728228871,-3.70724482,16,2.271485584095584,passed,63,P-1GPa_frame00003605_U0.337344.poscar,False,,,,,,,,0.9998698731
npt_pressure,1,,P-1GPa,W-potential/03-npt-round-1/md/P-1GPa/multi_nnap_md.xyz,3655,0.2322733657,17.720046053815835,4.456061709,4.736034594,3.18180135,16,2.2840127569599646,passed,64,P-1GPa_frame00003655_U0.232273.poscar,False,,,,,,,,0.9999652022
npt_pressure,1,,P-1GPa,W-potential/03-npt-round-1/md/P-1GPa/multi_nnap_md.xyz,3705,0.2157885949,20.12455638344124,3.268732843,3.238531699,-0.3041241426,16,2.292714109687246,passed,65,P-1GPa_frame00003705_U0.215789.poscar,True,38,cur-fill,0.03677780139,000038.poscar,0.0004436145075,0.0001092990625,0.9981686539,0.9999851311
npt_pressure,1,,P-1GPa,W-potential/03-npt-round-1/md/P-1GPa/multi_nnap_md.xyz,3755,0.2840696915,18.811852720837827,6.721250486,6.614058746,2.397768459,16,2.150538025919528,passed,66,P-1GPa_frame00003755_U0.284070.poscar,False,,,,,,,,0.9999767799
npt_pressure,1,,P-1GPa,W-potential/03-npt-round-1/md/P-1GPa/multi_nnap_md.xyz,3805,0.2559330157,19.809178990670535,5.411747072,5.562313738,-3.875551457,16,2.262440684181779,passed,67,P-1GPa_frame00003805_U0.255933.poscar,False,,,,,,,,0.9999790011
npt_pressure,1,,P-1GPa,W-potential/03-npt-round-1/md/P-1GPa/multi_nnap_md.xyz,3855,0.2085239267,21.87543925037384,5.605285984,5.842345369,-11.35124074,16,2.246496598363586,passed,68,P-1GPa_frame00003855_U0.208524.poscar,True,2,cur-fill,0.0250416564,000002.poscar,0.4991179555,0.07949347083,0.8064934473,0.9999881775
npt_pressure,1,,P-1GPa,W-potential/03-npt-round-1/md/P-1GPa/multi_nnap_md.xyz,3905,0.2457155743,21.013978393800937,4.449673422,4.583844851,-11.13985628,16,2.3004787623773315,passed,69,P-1GPa_frame00003905_U0.245716.poscar,False,,,,,,,,0.9999646134
npt_pressure,1,,P-1GPa,W-potential/03-npt-round-1/md/P-1GPa/multi_nnap_md.xyz,3955,0.4877474383,17.76113472047839,8.716107502,8.234268996,12.81487083,16,2.159721882006282,passed,70,P-1GPa_frame00003955_U0.487747.poscar,False,,,,,,,,0.9999782107
npt_pressure,1,,P-1GPa,W-potential/03-npt-round-1/md/P-1GPa/multi_nnap_md.xyz,4005,0.3962407688,19.466310709841128,8.021409257,7.773910181,9.276932853,16,2.0891898906791786,passed,71,P-1GPa_frame00004005_U0.396241.poscar,True,4,cur-fill,0.01595602951,000004.poscar,0.0702314865,0.01188579157,0.9854932075,0.999935453
npt_pressure,1,,P-1GPa,W-potential/03-npt-round-1/md/P-1GPa/multi_nnap_md.xyz,4055,0.5723738959,18.343907448604035,11.85743703,11.91219296,9.301856338,16,2.178475306045529,passed,72,P-1GPa_frame00004055_U0.572374.poscar,False,,,,,,,,0.9999912983
npt_pressure,1,,P-1GPa,W-potential/03-npt-round-1/md/P-1GPa/multi_nnap_md.xyz,4105,0.24321314,20.30361251278248,5.917271096,5.991519093,-5.087980656,16,2.2448706002365078,passed,73,P-1GPa_frame00004105_U0.243213.poscar,True,20,cur-fill,0.02033024238,000020.poscar,0.003776988201,0.0006315635929,0.9966955527,0.999975221
npt_pressure,1,,P-1GPa,W-potential/03-npt-round-1/md/P-1GPa/multi_nnap_md.xyz,4155,0.2224050933,19.78807216263575,7.087073526,7.205787064,-5.59453448,16,2.2095940644999095,passed,74,P-1GPa_frame00004155_U0.222405.poscar,False,,,,,,,,0.9999733784
npt_pressure,1,,P-1GPa,W-potential/03-npt-round-1/md/P-1GPa/multi_nnap_md.xyz,4205,0.304063002,18.04995626189493,4.758999149,4.874130992,13.77710368,16,2.2137618135001347,passed,75,P-1GPa_frame00004205_U0.304063.poscar,False,,,,,,,,0.9999675349
npt_pressure,1,,P-1GPa,W-potential/03-npt-round-1/md/P-1GPa/multi_nnap_md.xyz,4255,0.3781608164,18.111868503391335,9.700320519,9.819991566,20.5262295,16,2.1333455912993387,passed,76,P-1GPa_frame00004255_U0.378161.poscar,False,,,,,,,,0.9999856269
npt_pressure,1,,P-1GPa,W-potential/03-npt-round-1/md/P-1GPa/multi_nnap_md.xyz,4305,0.2882725344,21.122818014280075,6.430529318,6.071975972,0.6390407393,16,2.262398850878857,passed,77,P-1GPa_frame00004305_U0.288273.poscar,True,16,cur-fill,0.03436575623,000016.poscar,0.006383881659,0.001473557738,0.9911904554,0.9999778108
npt_pressure,1,,P-1GPa,W-potential/03-npt-round-1/md/P-1GPa/multi_nnap_md.xyz,4355,0.2447286375,19.57947313019838,5.846446717,5.856450887,1.773841735,16,2.1759051797022755,passed,78,P-1GPa_frame00004355_U0.244729.poscar,False,,,,,,,,0.9999761344
npt_pressure,1,,P-1GPa,W-potential/03-npt-round-1/md/P-1GPa/multi_nnap_md.xyz,4405,0.277569872,19.47369601570242,4.776657067,4.755307847,-0.8174173463,16,2.173562412103836,passed,79,P-1GPa_frame00004405_U0.277570.poscar,True,15,cur-fill,0.07321717058,000015.poscar,0.00699700024,0.002061178266,0.9975004042,0.9999896182
npt_pressure,1,,P-1GPa,W-potential/03-npt-round-1/md/P-1GPa/multi_nnap_md.xyz,4455,0.2083411064,17.466490293963048,4.022856282,4.097713102,-4.197614089,16,2.4385852589603023,passed,80,P-1GPa_frame00004455_U0.208341.poscar,False,,,,,,,,0.9997570215
npt_pressure,1,,P-1GPa,W-potential/03-npt-round-1/md/P-1GPa/multi_nnap_md.xyz,4505,0.271136597,18.682377613507818,6.949320395,6.713056079,5.649278782,16,2.235259801528489,passed,81,P-1GPa_frame00004505_U0.271137.poscar,True,50,cur-fill,0.01965880046,000050.poscar,0.0001195884845,1.774933379e-05,0.999785462,0.9999758193
npt_pressure,1,,P-1GPa,W-potential/03-npt-round-1/md/P-1GPa/multi_nnap_md.xyz,4555,0.2748332554,17.833744399193332,5.067359456,5.050468517,8.540446786,16,2.271110867642347,passed,82,P-1GPa_frame00004555_U0.274833.poscar,False,,,,,,,,0.9999645244
npt_pressure,1,,P-1GPa,W-potential/03-npt-round-1/md/P-1GPa/multi_nnap_md.xyz,4605,0.2793380111,17.46507590863737,7.629941823,7.483428135,3.535696333,16,2.1620443674643677,passed,83,P-1GPa_frame00004605_U0.279338.poscar,False,,,,,,,,0.9998933135
npt_pressure,1,,P-1GPa,W-potential/03-npt-round-1/md/P-1GPa/multi_nnap_md.xyz,4655,0.379461072,17.874106860810894,7.610239996,7.785897191,5.594799269,16,2.2777173533835096,passed,84,P-1GPa_frame00004655_U0.379461.poscar,False,,,,,,,,0.9999578304
npt_pressure,1,,P-1GPa,W-potential/03-npt-round-1/md/P-1GPa/multi_nnap_md.xyz,4705,0.2424143902,17.925506077891203,4.948681411,4.901934594,8.217111484,16,2.307524636691482,passed,85,P-1GPa_frame00004705_U0.242414.poscar,True,9,cur-fill,0.02031907635,000009.poscar,0.02159657387,0.003242054084,0.9805236519,0.999940004
npt_pressure,1,,P-1GPa,W-potential/03-npt-round-1/md/P-1GPa/multi_nnap_md.xyz,4755,0.2261379099,16.773845826337126,4.797022604,4.800146449,6.957894025,16,2.3586289540317757,passed,86,P-1GPa_frame00004755_U0.226138.poscar,False,,,,,,,,0.9997731366
npt_pressure,1,,P-1GPa,W-potential/03-npt-round-1/md/P-1GPa/multi_nnap_md.xyz,4805,0.250161243,18.439717109514383,5.409079072,5.554403347,0.7083381246,16,2.36535427723605,passed,87,P-1GPa_frame00004805_U0.250161.poscar,True,17,cur-fill,0.03062260426,000017.poscar,0.005297328719,0.00101312791,0.997534745,0.9999606349
npt_pressure,1,,P-1GPa,W-potential/03-npt-round-1/md/P-1GPa/multi_nnap_md.xyz,4855,0.3788434946,18.18577900463259,6.181365569,6.392715056,-0.9083543996,16,2.2743076230866377,passed,88,P-1GPa_frame00004855_U0.378843.poscar,False,,,,,,,,0.9998705815
npt_pressure,1,,P-1GPa,W-potential/03-npt-round-1/md/P-1GPa/multi_nnap_md.xyz,4905,0.2271871694,19.309405611422008,6.335702485,6.222082629,-1.71894692,16,2.1811091812048033,passed,89,P-1GPa_frame00004905_U0.227187.poscar,True,13,cur-fill,0.021115083,000013.poscar,0.009394010793,0.001608750846,0.9925174877,0.9999800474
npt_pressure,1,,P-1GPa,W-potential/03-npt-round-1/md/P-1GPa/multi_nnap_md.xyz,4955,0.2725126023,19.324594285114795,5.888562195,5.902893288,6.813064323,16,2.2607097573029744,passed,90,P-1GPa_frame00004955_U0.272513.poscar,False,,,,,,,,0.9999612016
npt_pressure,5,,P-5GPa,W-potential/03-npt-round-1/md/P-5GPa/multi_nnap_md.xyz,500,0.3961257188,18.136217378668608,6.386702759,5.913181078,9.169559154,16,2.263899017765189,passed,1,P-5GPa_frame00000500_U0.396126.poscar,True,63,cur-fill,0.01564844553,000063.poscar,2.758334884e-05,3.721399286e-06,0.9980839294,0.9999704524
npt_pressure,5,,P-5GPa,W-potential/03-npt-round-1/md/P-5GPa/multi_nnap_md.xyz,550,0.4259915704,15.93909208812308,10.64939263,10.50774515,19.84954875,16,2.1218817775262777,passed,2,P-5GPa_frame00000550_U0.425992.poscar,False,,,,,,,,0.9999915857
npt_pressure,5,,P-5GPa,W-potential/03-npt-round-1/md/P-5GPa/multi_nnap_md.xyz,600,0.2745418659,16.96880749941777,5.817655483,5.797366788,6.568098336,16,2.285545772642716,passed,3,P-5GPa_frame00000600_U0.274542.poscar,False,,,,,,,,0.9997430277
npt_pressure,5,,P-5GPa,W-potential/03-npt-round-1/md/P-5GPa/multi_nnap_md.xyz,650,0.2809341504,17.82021358358734,7.541896548,7.740121852,5.207886179,16,2.2124065426258115,passed,4,P-5GPa_frame00000650_U0.280934.poscar,False,,,,,,,,0.9999530872
npt_pressure,5,,P-5GPa,W-potential/03-npt-round-1/md/P-5GPa/multi_nnap_md.xyz,700,0.2322530679,17.799827375527737,5.245467999,5.316956306,-5.559990289,16,2.378932842303711,passed,5,P-5GPa_frame00000700_U0.232253.poscar,False,,,,,,,,0.9997902306
npt_pressure,5,,P-5GPa,W-potential/03-npt-round-1/md/P-5GPa/multi_nnap_md.xyz,750,0.2782241585,17.340869131328343,7.32626207,6.984626976,-1.647165571,16,2.2398777122963827,passed,6,P-5GPa_frame00000750_U0.278224.poscar,False,,,,,,,,0.999802314
npt_pressure,5,,P-5GPa,W-potential/03-npt-round-1/md/P-5GPa/multi_nnap_md.xyz,800,0.2409794498,17.035736694065502,5.077506755,5.165584054,2.002322307,16,2.351991790758441,passed,7,P-5GPa_frame00000800_U0.240979.poscar,False,,,,,,,,0.9999024929
npt_pressure,5,,P-5GPa,W-potential/03-npt-round-1/md/P-5GPa/multi_nnap_md.xyz,850,0.3042878762,16.90382261465331,7.352670993,7.483817097,14.82738272,16,2.2317873258021534,passed,8,P-5GPa_frame00000850_U0.304288.poscar,False,,,,,,,,0.9998093396
npt_pressure,5,,P-5GPa,W-potential/03-npt-round-1/md/P-5GPa/multi_nnap_md.xyz,900,0.3380876863,17.393430051141394,7.849945626,7.349826395,5.544938152,16,2.245510522891948,passed,9,P-5GPa_frame00000900_U0.338088.poscar,False,,,,,,,,0.9998113406
npt_pressure,5,,P-5GPa,W-potential/03-npt-round-1/md/P-5GPa/multi_nnap_md.xyz,950,0.3508823292,17.015961839773638,7.529079704,7.470828792,6.074667727,16,2.3834486730640987,passed,10,P-5GPa_frame00000950_U0.350882.poscar,False,,,,,,,,0.9998735605
npt_pressure,5,,P-5GPa,W-potential/03-npt-round-1/md/P-5GPa/multi_nnap_md.xyz,1000,0.2858037062,16.983384787906832,5.417311701,5.431255859,13.26842725,16,2.3538757172629126,passed,11,P-5GPa_frame00001000_U0.285804.poscar,False,,,,,,,,0.9998193934
npt_pressure,5,,P-5GPa,W-potential/03-npt-round-1/md/P-5GPa/multi_nnap_md.xyz,1050,0.2500382301,17.246723279230036,6.942853845,7.086143063,2.689787,16,2.2664384493722265,passed,12,P-5GPa_frame00001050_U0.250038.poscar,False,,,,,,,,0.9998601587
npt_pressure,5,,P-5GPa,W-potential/03-npt-round-1/md/P-5GPa/multi_nnap_md.xyz,1100,0.2595278946,16.986923012559796,6.676753351,6.622817782,7.731481465,16,2.303232672731185,passed,13,P-5GPa_frame00001100_U0.259528.poscar,False,,,,,,,,0.9997925991
npt_pressure,5,,P-5GPa,W-potential/03-npt-round-1/md/P-5GPa/multi_nnap_md.xyz,1150,0.4179328873,17.129001675196257,8.330438058,8.18415735,10.22889317,16,2.2761742213248133,passed,14,P-5GPa_frame00001150_U0.417933.poscar,False,,,,,,,,0.9998500857
npt_pressure,5,,P-5GPa,W-potential/03-npt-round-1/md/P-5GPa/multi_nnap_md.xyz,1200,0.3050549527,17.344124873866278,6.046742247,6.07968656,-1.041934116,16,2.3280163006416874,passed,15,P-5GPa_frame00001200_U0.305055.poscar,False,,,,,,,,0.9997997166
npt_pressure,5,,P-5GPa,W-potential/03-npt-round-1/md/P-5GPa/multi_nnap_md.xyz,1250,0.3799747766,16.621253942828147,8.637676399,8.626898453,11.41043693,16,2.1909804404338717,passed,16,P-5GPa_frame00001250_U0.379975.poscar,False,,,,,,,,0.9999636802
npt_pressure,5,,P-5GPa,W-potential/03-npt-round-1/md/P-5GPa/multi_nnap_md.xyz,1300,0.3038894427,17.668674626026423,7.813217005,7.755434703,0.3709756445,16,2.214226920974027,passed,17,P-5GPa_frame00001300_U0.303889.poscar,False,,,,,,,,0.9997302142
npt_pressure,5,,P-5GPa,W-potential/03-npt-round-1/md/P-5GPa/multi_nnap_md.xyz,1350,0.2819113272,18.255035277725078,6.269215585,6.503865096,-6.267626113,16,2.3475422372254675,passed,18,P-5GPa_frame00001350_U0.281911.poscar,False,,,,,,,,0.9999525105
npt_pressure,5,,P-5GPa,W-potential/03-npt-round-1/md/P-5GPa/multi_nnap_md.xyz,1400,0.3113718693,17.650996233783253,6.62244081,6.511912669,3.714241895,16,2.30139257867227,passed,19,P-5GPa_frame00001400_U0.311372.poscar,False,,,,,,,,0.9998880579
npt_pressure,5,,P-5GPa,W-potential/03-npt-round-1/md/P-5GPa/multi_nnap_md.xyz,1450,0.2127855619,17.685227924591366,4.905256491,4.615563589,-4.213059824,16,2.374894650132965,passed,20,P-5GPa_frame00001450_U0.212786.poscar,False,,,,,,,,0.9998050734
npt_pressure,5,,P-5GPa,W-potential/03-npt-round-1/md/P-5GPa/multi_nnap_md.xyz,1500,0.3331131544,17.253016886172762,6.486795166,6.505061308,2.39658661,16,2.34846186298921,passed,21,P-5GPa_frame00001500_U0.333113.poscar,True,28,cur-fill,0.01353726258,000028.poscar,0.001372539014,0.0001786099111,0.9986287019,0.9998054268
npt_pressure,5,,P-5GPa,W-potential/03-npt-round-1/md/P-5GPa/multi_nnap_md.xyz,1550,0.238131016,17.6762806414796,5.133916152,5.389564016,0.4129555936,16,2.299025548313221,passed,22,P-5GPa_frame00001550_U0.238131.poscar,False,,,,,,,,0.9998576769
npt_pressure,5,,P-5GPa,W-potential/03-npt-round-1/md/P-5GPa/multi_nnap_md.xyz,1600,0.277443334,17.228458044820922,6.632285022,6.770484483,9.045866371,16,2.3071180570514382,passed,23,P-5GPa_frame00001600_U0.277443.poscar,False,,,,,,,,0.9998962759
npt_pressure,5,,P-5GPa,W-potential/03-npt-round-1/md/P-5GPa/multi_nnap_md.xyz,1650,0.3948985161,16.77100418681009,7.995577792,7.864121748,15.82229109,16,2.2581985365025434,passed,24,P-5GPa_frame00001650_U0.394899.poscar,False,,,,,,,,0.9998033241
npt_pressure,5,,P-5GPa,W-potential/03-npt-round-1/md/P-5GPa/multi_nnap_md.xyz,1700,0.245255008,18.00569347004801,4.288150336,4.179239334,0.7722689915,16,2.35909126563383,passed,25,P-5GPa_frame00001700_U0.245255.poscar,False,,,,,,,,0.9999632588
npt_pressure,5,,P-5GPa,W-potential/03-npt-round-1/md/P-5GPa/multi_nnap_md.xyz,1750,0.2003091009,18.809629705119107,2.984941278,3.147385959,-9.083682787,16,2.4238254731385944,passed,26,P-5GPa_frame00001750_U0.200309.poscar,True,19,cur-fill,0.02301815949,000019.poscar,0.004198567954,0.0008011982262,0.9978089865,0.9999815327
npt_pressure,5,,P-5GPa,W-potential/03-npt-round-1/md/P-5GPa/multi_nnap_md.xyz,1800,0.3179724025,17.29669832771028,5.423976349,5.692281541,3.741913365,16,2.3286929884158347,passed,27,P-5GPa_frame00001800_U0.317972.poscar,False,,,,,,,,0.9998335545
npt_pressure,5,,P-5GPa,W-potential/03-npt-round-1/md/P-5GPa/multi_nnap_md.xyz,1850,0.2513635032,18.766548483582355,3.467113813,3.591417458,5.993549722,16,2.3551264947038026,passed,28,P-5GPa_frame00001850_U0.251364.poscar,True,37,cur-fill,0.02049914396,000037.poscar,0.0004623631652,0.0001010991354,0.9992766515,0.9999851852
npt_pressure,5,,P-5GPa,W-potential/03-npt-round-1/md/P-5GPa/multi_nnap_md.xyz,1900,0.2603372037,19.075641621039306,5.925861155,5.774756813,3.882553102,16,2.2245876340520656,passed,29,P-5GPa_frame00001900_U0.260337.poscar,False,,,,,,,,0.9999683168
npt_pressure,5,,P-5GPa,W-potential/03-npt-round-1/md/P-5GPa/multi_nnap_md.xyz,1950,0.2607381226,19.674828464470046,8.055183267,8.251455924,3.91958179,16,2.152320529524496,passed,30,P-5GPa_frame00001950_U0.260738.poscar,True,22,cur-fill,0.0307166608,000022.poscar,0.002877901644,0.0005913118817,0.997109729,0.9999613436
npt_pressure,5,,P-5GPa,W-potential/03-npt-round-1/md/P-5GPa/multi_nnap_md.xyz,2000,0.3411442316,18.35697583764736,7.543219631,7.655115039,11.59800954,16,2.2101279511953624,passed,31,P-5GPa_frame00002000_U0.341144.poscar,False,,,,,,,,0.9999895752
npt_pressure,5,,P-5GPa,W-potential/03-npt-round-1/md/P-5GPa/multi_nnap_md.xyz,2050,0.4421103545,17.904369816912535,8.866821717,9.094506565,13.64319834,16,2.0285728182618086,passed,32,P-5GPa_frame00002050_U0.442110.poscar,True,25,cur-fill,0.05644065653,000025.poscar,0.001768535422,0.0004691647359,0.9977422011,0.9999768965
npt_pressure,5,,P-5GPa,W-potential/03-npt-round-1/md/P-5GPa/multi_nnap_md.xyz,2100,0.3423447497,18.232143576490106,5.475562034,5.828384815,20.80710656,16,2.214141723954472,passed,33,P-5GPa_frame00002100_U0.342345.poscar,False,,,,,,,,0.9999339418
npt_pressure,5,,P-5GPa,W-potential/03-npt-round-1/md/P-5GPa/multi_nnap_md.xyz,2150,0.3483997809,18.341363990506206,9.207699096,9.204881428,13.97180936,16,2.19084921019933,passed,34,P-5GPa_frame00002150_U0.348400.poscar,True,54,cur-fill,0.03163051596,000054.poscar,6.211047268e-05,1.169974486e-05,0.9983064167,0.9999696199
npt_pressure,5,,P-5GPa,W-potential/03-npt-round-1/md/P-5GPa/multi_nnap_md.xyz,2200,0.2762840778,18.969191923232703,7.731363534,7.843210382,9.308077139,16,2.207887644784553,passed,35,P-5GPa_frame00002200_U0.276284.poscar,False,,,,,,,,0.9999642037
npt_pressure,5,,P-5GPa,W-potential/03-npt-round-1/md/P-5GPa/multi_nnap_md.xyz,2250,0.2573739505,19.378041972815133,5.999549021,6.098376894,-3.835685467,16,2.283997185783019,passed,36,P-5GPa_frame00002250_U0.257374.poscar,True,30,cur-fill,0.02966931011,000030.poscar,0.0010510894,0.0002293861633,0.9982486789,0.9999366255
npt_pressure,5,,P-5GPa,W-potential/03-npt-round-1/md/P-5GPa/multi_nnap_md.xyz,2300,0.3161671331,17.9886079386664,5.293645466,5.24053111,6.579859003,16,2.2203241419622226,passed,37,P-5GPa_frame00002300_U0.316167.poscar,False,,,,,,,,0.9999801677
npt_pressure,5,,P-5GPa,W-potential/03-npt-round-1/md/P-5GPa/multi_nnap_md.xyz,2350,0.2780623838,17.0261712946714,6.563560477,6.689212195,11.72176208,16,2.261010248616243,passed,38,P-5GPa_frame00002350_U0.278062.poscar,False,,,,,,,,0.999766094
npt_pressure,5,,P-5GPa,W-potential/03-npt-round-1/md/P-5GPa/multi_nnap_md.xyz,2400,0.4515046769,16.308979949901374,7.393071565,7.137536504,35.38739779,16,2.240114274319961,passed,39,P-5GPa_frame00002400_U0.451505.poscar,False,,,,,,,,0.999971816
npt_pressure,5,,P-5GPa,W-potential/03-npt-round-1/md/P-5GPa/multi_nnap_md.xyz,2450,0.2920405114,15.929186411203528,6.931897574,6.929654048,27.49192465,16,2.294424642872384,passed,40,P-5GPa_frame00002450_U0.292041.poscar,True,93,cur-fill,0.005578852073,000093.poscar,5.173962253e-06,5.437842737e-07,0.999621464,0.9998970175
npt_pressure,5,,P-5GPa,W-potential/03-npt-round-1/md/P-5GPa/multi_nnap_md.xyz,2500,0.2423373468,17.37248005775826,3.619196487,3.644362026,1.694193424,16,2.3775723324111726,passed,41,P-5GPa_frame00002500_U0.242337.poscar,False,,,,,,,,0.9998964293
npt_pressure,5,,P-5GPa,W-potential/03-npt-round-1/md/P-5GPa/multi_nnap_md.xyz,2550,0.3092464837,18.255748011011512,6.976103409,7.002908151,10.36994462,16,2.265108112755961,passed,42,P-5GPa_frame00002550_U0.309246.poscar,True,24,cur-fill,0.0223312584,000024.poscar,0.002186643368,0.0003649361781,0.9976281567,0.9999827614
npt_pressure,5,,P-5GPa,W-potential/03-npt-round-1/md/P-5GPa/multi_nnap_md.xyz,2600,0.3613585781,18.39799970111167,6.230638247,6.255973984,7.243908862,16,2.2857204413396937,passed,43,P-5GPa_frame00002600_U0.361359.poscar,False,,,,,,,,0.9999792828
npt_pressure,5,,P-5GPa,W-potential/03-npt-round-1/md/P-5GPa/multi_nnap_md.xyz,2650,0.3555093456,19.77427215563108,8.060664607,8.178923498,2.042952022,16,2.160096458201293,passed,44,P-5GPa_frame00002650_U0.355509.poscar,False,,,,,,,,0.9999877705
npt_pressure,5,,P-5GPa,W-potential/03-npt-round-1/md/P-5GPa/multi_nnap_md.xyz,2700,0.3126816949,17.488356519579238,8.228336666,8.319332789,-2.241245058,16,2.219361031367822,passed,45,P-5GPa_frame00002700_U0.312682.poscar,False,,,,,,,,0.9997940676
npt_pressure,5,,P-5GPa,W-potential/03-npt-round-1/md/P-5GPa/multi_nnap_md.xyz,2750,0.3931496966,17.564431470451417,9.395206756,9.021961326,8.449370941,16,2.134822058934868,passed,46,P-5GPa_frame00002750_U0.393150.poscar,True,90,cur-fill,0.005698042222,000090.poscar,5.173962253e-06,4.761190793e-07,0.9998800027,0.9999382764
npt_pressure,5,,P-5GPa,W-potential/03-npt-round-1/md/P-5GPa/multi_nnap_md.xyz,2800,0.4311314479,16.77127005141153,8.82786679,8.184180159,15.70288717,16,2.1743578140161435,passed,47,P-5GPa_frame00002800_U0.431131.poscar,False,,,,,,,,0.9997767177
npt_pressure,5,,P-5GPa,W-potential/03-npt-round-1/md/P-5GPa/multi_nnap_md.xyz,2850,0.4165731971,16.193695867574483,9.403694902,9.788181322,23.16218763,16,2.154437544639734,passed,48,P-5GPa_frame00002850_U0.416573.poscar,False,,,,,,,,0.999809105
npt_pressure,5,,P-5GPa,W-potential/03-npt-round-1/md/P-5GPa/multi_nnap_md.xyz,2900,0.3082307659,16.144077722865596,6.260199956,6.211492368,25.66154707,16,2.352510495091072,passed,49,P-5GPa_frame00002900_U0.308231.poscar,False,,,,,,,,0.9998805681
npt_pressure,5,,P-5GPa,W-potential/03-npt-round-1/md/P-5GPa/multi_nnap_md.xyz,2950,0.2219442306,16.705786110759018,6.02778847,6.100667156,11.43022711,16,2.3606470251416956,passed,50,P-5GPa_frame00002950_U0.221944.poscar,False,,,,,,,,0.999874209
npt_pressure,5,,P-5GPa,W-potential/03-npt-round-1/md/P-5GPa/multi_nnap_md.xyz,3000,0.5925198884,17.5759442969675,9.324068562,9.386297003,5.498600792,16,2.177737626327916,passed,51,P-5GPa_frame00003000_U0.592520.poscar,True,74,cur-fill,0.009687621695,000074.poscar,5.173962253e-06,5.968307987e-07,0.9996505611,0.9999092138
npt_pressure,5,,P-5GPa,W-potential/03-npt-round-1/md/P-5GPa/multi_nnap_md.xyz,3050,0.2602965956,17.315856181738535,6.558849166,6.545229889,3.235916541,16,2.286422537981219,passed,52,P-5GPa_frame00003050_U0.260297.poscar,False,,,,,,,,0.9997428503
npt_pressure,5,,P-5GPa,W-potential/03-npt-round-1/md/P-5GPa/multi_nnap_md.xyz,3100,0.266865822,17.038965745183194,4.899046251,4.761760826,9.559770615,16,2.2853333238246716,passed,53,P-5GPa_frame00003100_U0.266866.poscar,True,70,cur-fill,0.009105162901,000070.poscar,1.031761201e-05,1.110476509e-06,0.9994560499,0.9998888647
npt_pressure,5,,P-5GPa,W-potential/03-npt-round-1/md/P-5GPa/multi_nnap_md.xyz,3150,0.2385232723,16.688320757354735,5.576455601,5.71984864,7.783035053,16,2.4073218218735204,passed,54,P-5GPa_frame00003150_U0.238523.poscar,False,,,,,,,,0.9999294552
npt_pressure,5,,P-5GPa,W-potential/03-npt-round-1/md/P-5GPa/multi_nnap_md.xyz,3200,0.4919428759,17.715085831687777,7.462995557,7.477418391,7.482701552,16,2.0124268359533666,passed,55,P-5GPa_frame00003200_U0.491943.poscar,True,61,cur-fill,0.01494526625,000061.poscar,3.015502779e-05,5.103493427e-06,0.9992143243,0.9999577252
npt_pressure,5,,P-5GPa,W-potential/03-npt-round-1/md/P-5GPa/multi_nnap_md.xyz,3250,0.3754871745,18.239585473646596,6.660080857,7.20659212,8.819116654,16,2.238514375100198,passed,56,P-5GPa_frame00003250_U0.375487.poscar,False,,,,,,,,0.9999790715
npt_pressure,5,,P-5GPa,W-potential/03-npt-round-1/md/P-5GPa/multi_nnap_md.xyz,3300,0.2216605197,19.43152514888258,5.35304987,5.036470964,-0.3985505524,16,2.2119051949023016,passed,57,P-5GPa_frame00003300_U0.221661.poscar,True,71,cur-fill,0.01406170752,000071.poscar,8.107141859e-06,1.04573608e-06,0.9989988229,0.9999847342
npt_pressure,5,,P-5GPa,W-potential/03-npt-round-1/md/P-5GPa/multi_nnap_md.xyz,3350,0.2463942678,16.540551058355234,6.233183175,6.272127407,6.657049728,16,2.286668580693095,passed,58,P-5GPa_frame00003350_U0.246394.poscar,False,,,,,,,,0.9999292021
npt_pressure,5,,P-5GPa,W-potential/03-npt-round-1/md/P-5GPa/multi_nnap_md.xyz,3400,0.2998027279,16.40061266829458,8.181021249,8.601048274,17.52474117,16,2.20047209876207,passed,59,P-5GPa_frame00003400_U0.299803.poscar,False,,,,,,,,0.9998852338
npt_pressure,5,,P-5GPa,W-potential/03-npt-round-1/md/P-5GPa/multi_nnap_md.xyz,3450,0.2530991651,17.544304795688202,7.505420828,7.461431297,10.11915962,16,2.1409390765230984,passed,60,P-5GPa_frame00003450_U0.253099.poscar,False,,,,,,,,0.999986408
npt_pressure,5,,P-5GPa,W-potential/03-npt-round-1/md/P-5GPa/multi_nnap_md.xyz,3500,0.3732121583,16.66278712480934,8.254680054,8.606753697,10.25606232,16,2.2474815102614136,passed,61,P-5GPa_frame00003500_U0.373212.poscar,False,,,,,,,,0.9998714129
npt_pressure,5,,P-5GPa,W-potential/03-npt-round-1/md/P-5GPa/multi_nnap_md.xyz,3550,0.2470737452,18.271958652267124,6.377006664,6.315194528,-18.05455225,16,2.2370647020841323,passed,62,P-5GPa_frame00003550_U0.247074.poscar,True,1,cur-fill,0.003993543529,000001.poscar,2.583615795,0.1635175317,0,0.9999923289
npt_pressure,5,,P-5GPa,W-potential/03-npt-round-1/md/P-5GPa/multi_nnap_md.xyz,3600,0.2643053391,17.41338394129117,5.252960739,5.075928107,-1.076201996,16,2.390275390405113,passed,63,P-5GPa_frame00003600_U0.264305.poscar,False,,,,,,,,0.9997800964
npt_pressure,5,,P-5GPa,W-potential/03-npt-round-1/md/P-5GPa/multi_nnap_md.xyz,3650,0.2635182174,18.609914616716008,4.829666653,4.841364052,-2.809248566,16,2.338074581494732,passed,64,P-5GPa_frame00003650_U0.263518.poscar,False,,,,,,,,0.9999597294
npt_pressure,5,,P-5GPa,W-potential/03-npt-round-1/md/P-5GPa/multi_nnap_md.xyz,3700,0.2335643927,16.570392900980206,6.133291008,6.304042414,9.107780589,16,2.3228972299531065,passed,65,P-5GPa_frame00003700_U0.233564.poscar,False,,,,,,,,0.999884458
npt_pressure,5,,P-5GPa,W-potential/03-npt-round-1/md/P-5GPa/multi_nnap_md.xyz,3750,0.2205081623,15.705299265650698,7.801244055,7.744014707,23.53373996,16,2.241682076272429,passed,66,P-5GPa_frame00003750_U0.220508.poscar,False,,,,,,,,0.9999784889
npt_pressure,5,,P-5GPa,W-potential/03-npt-round-1/md/P-5GPa/multi_nnap_md.xyz,3800,0.3274778237,18.111655659897725,8.353672697,8.281977142,9.232318369,16,2.1450223385227916,passed,67,P-5GPa_frame00003800_U0.327478.poscar,False,,,,,,,,0.9999230262
npt_pressure,5,,P-5GPa,W-potential/03-npt-round-1/md/P-5GPa/multi_nnap_md.xyz,3850,0.2366115364,17.762625769088537,5.679260762,5.855453264,-3.440723171,16,2.3408899470786233,passed,68,P-5GPa_frame00003850_U0.236612.poscar,False,,,,,,,,0.9997430186
npt_pressure,5,,P-5GPa,W-potential/03-npt-round-1/md/P-5GPa/multi_nnap_md.xyz,3900,0.2881381508,17.858390798994446,5.933172481,6.003283546,-1.882301709,16,2.2881296487647935,passed,69,P-5GPa_frame00003900_U0.288138.poscar,False,,,,,,,,0.9998646109
npt_pressure,5,,P-5GPa,W-potential/03-npt-round-1/md/P-5GPa/multi_nnap_md.xyz,3950,0.2765203978,19.04579591508935,5.36435194,5.389155205,1.539962556,16,2.2501633446328912,passed,70,P-5GPa_frame00003950_U0.276520.poscar,True,56,cur-fill,0.0244061686,000056.poscar,5.3978132e-05,1.043198572e-05,0.9992430413,0.9999774054
npt_pressure,5,,P-5GPa,W-potential/03-npt-round-1/md/P-5GPa/multi_nnap_md.xyz,4000,0.2316076712,17.15978129125267,5.512636607,5.602234229,-1.428893167,16,2.354056727745392,passed,71,P-5GPa_frame00004000_U0.231608.poscar,False,,,,,,,,0.9998941954
npt_pressure,5,,P-5GPa,W-potential/03-npt-round-1/md/P-5GPa/multi_nnap_md.xyz,4050,0.2834909163,18.566914762052086,8.320268331,8.546816366,3.793927465,16,2.1328244666493332,passed,72,P-5GPa_frame00004050_U0.283491.poscar,True,47,cur-fill,0.03341530648,000047.poscar,0.000166683681,3.31026489e-05,0.9993973824,0.9999896097
npt_pressure,5,,P-5GPa,W-potential/03-npt-round-1/md/P-5GPa/multi_nnap_md.xyz,4100,0.2626493246,16.42411503783091,6.764903653,7.057685987,11.3627311,16,2.307731957237853,passed,73,P-5GPa_frame00004100_U0.262649.poscar,False,,,,,,,,0.9999595357
npt_pressure,5,,P-5GPa,W-potential/03-npt-round-1/md/P-5GPa/multi_nnap_md.xyz,4150,0.3926490202,18.06748180484249,8.305826604,8.48375262,5.878227621,16,2.089657372056873,passed,74,P-5GPa_frame00004150_U0.392649.poscar,False,,,,,,,,0.9999612969
npt_pressure,5,,P-5GPa,W-potential/03-npt-round-1/md/P-5GPa/multi_nnap_md.xyz,4200,0.2339363035,17.49290668770813,4.987380126,4.76443412,4.835029544,16,2.3167909067326327,passed,75,P-5GPa_frame00004200_U0.233936.poscar,True,85,cur-fill,0.006796949991,000085.poscar,5.173962253e-06,4.67489001e-07,0.9997937693,0.999911447
npt_pressure,5,,P-5GPa,W-potential/03-npt-round-1/md/P-5GPa/multi_nnap_md.xyz,4250,0.2393893258,19.279105561372372,6.015836239,5.871227943,-3.713235244,16,2.167856292717072,passed,76,P-5GPa_frame00004250_U0.239389.poscar,False,,,,,,,,0.9999711359
npt_pressure,5,,P-5GPa,W-potential/03-npt-round-1/md/P-5GPa/multi_nnap_md.xyz,4300,0.3704190808,18.149481796079833,8.983738647,8.993438577,3.284005857,16,2.1558186118845315,passed,77,P-5GPa_frame00004300_U0.370419.poscar,False,,,,,,,,0.9999369488
npt_pressure,5,,P-5GPa,W-potential/03-npt-round-1/md/P-5GPa/multi_nnap_md.xyz,4350,0.24361965,17.892944622343094,5.445904129,5.751010415,-1.47156416,16,2.266080786450095,passed,78,P-5GPa_frame00004350_U0.243620.poscar,False,,,,,,,,0.9999445313
npt_pressure,5,,P-5GPa,W-potential/03-npt-round-1/md/P-5GPa/multi_nnap_md.xyz,4400,0.2266343535,17.4836749929281,6.464367984,6.487683178,3.942495449,16,2.2066553014572072,passed,79,P-5GPa_frame00004400_U0.226634.poscar,False,,,,,,,,0.9999254565
npt_pressure,5,,P-5GPa,W-potential/03-npt-round-1/md/P-5GPa/multi_nnap_md.xyz,4450,0.2554839854,16.983988472935643,7.044892667,6.911746808,12.16859274,16,2.258094558919947,passed,80,P-5GPa_frame00004450_U0.255484.poscar,False,,,,,,,,0.9999336639
npt_pressure,5,,P-5GPa,W-potential/03-npt-round-1/md/P-5GPa/multi_nnap_md.xyz,4500,0.2699053698,17.18245816841325,4.814837147,4.878258281,8.051225948,16,2.3276804032045004,passed,81,P-5GPa_frame00004500_U0.269905.poscar,False,,,,,,,,0.9998537916
npt_pressure,5,,P-5GPa,W-potential/03-npt-round-1/md/P-5GPa/multi_nnap_md.xyz,4550,0.2768186564,17.214338502804093,6.227646824,6.314432313,8.885310103,16,2.346487068307808,passed,82,P-5GPa_frame00004550_U0.276819.poscar,False,,,,,,,,0.9998764001
npt_pressure,5,,P-5GPa,W-potential/03-npt-round-1/md/P-5GPa/multi_nnap_md.xyz,4600,0.2690385942,18.23319734556283,4.877406615,4.830118525,-12.68456605,16,2.4264758747221156,passed,83,P-5GPa_frame00004600_U0.269039.poscar,False,,,,,,,,0.9998921933
npt_pressure,5,,P-5GPa,W-potential/03-npt-round-1/md/P-5GPa/multi_nnap_md.xyz,4650,0.2726972693,17.41799209422223,8.051764922,7.909624183,-0.5475323698,16,2.30897872652433,passed,84,P-5GPa_frame00004650_U0.272697.poscar,False,,,,,,,,0.9998707006
npt_pressure,5,,P-5GPa,W-potential/03-npt-round-1/md/P-5GPa/multi_nnap_md.xyz,4700,0.2579728793,18.420946853904777,6.69864382,6.753628746,-5.759200847,16,2.226661916115557,passed,85,P-5GPa_frame00004700_U0.257973.poscar,False,,,,,,,,0.9999527234
npt_pressure,5,,P-5GPa,W-potential/03-npt-round-1/md/P-5GPa/multi_nnap_md.xyz,4750,0.3302624439,18.103715478396964,7.188394763,7.275010941,-5.55925184,16,2.2331950724325242,passed,86,P-5GPa_frame00004750_U0.330262.poscar,False,,,,,,,,0.999755701
npt_pressure,5,,P-5GPa,W-potential/03-npt-round-1/md/P-5GPa/multi_nnap_md.xyz,4800,0.2214086991,17.195969605804805,6.32761943,6.373647309,-1.764155976,16,2.3727116491861433,passed,87,P-5GPa_frame00004800_U0.221409.poscar,False,,,,,,,,0.9999422253
npt_pressure,5,,P-5GPa,W-potential/03-npt-round-1/md/P-5GPa/multi_nnap_md.xyz,4850,0.3917621047,17.377563558459414,6.13802961,6.167014163,2.098001223,16,2.3152989154316157,passed,88,P-5GPa_frame00004850_U0.391762.poscar,False,,,,,,,,0.9998024842
npt_pressure,5,,P-5GPa,W-potential/03-npt-round-1/md/P-5GPa/multi_nnap_md.xyz,4900,0.329926856,17.86509798479071,10.03269597,9.691577955,-4.190323541,16,2.122773868412968,passed,89,P-5GPa_frame00004900_U0.329927.poscar,False,,,,,,,,0.999798374
npt_pressure,5,,P-5GPa,W-potential/03-npt-round-1/md/P-5GPa/multi_nnap_md.xyz,4950,0.343488626,17.77844284060263,7.090865399,7.112021592,-2.813835601,16,2.29925787474273,passed,90,P-5GPa_frame00004950_U0.343489.poscar,False,,,,,,,,0.9997777883
npt_pressure,5,,P-5GPa,W-potential/03-npt-round-1/md/P-5GPa/multi_nnap_md.xyz,5000,0.3105542711,17.70140403409264,5.396351751,5.338180201,-0.5978777024,16,2.272609776639921,passed,91,P-5GPa_frame00005000_U0.310554.poscar,True,55,cur-fill,0.01678957999,000055.poscar,5.770669306e-05,8.21546447e-06,0.9997555699,0.9999018145
npt_pressure,10,,P-10GPa,W-potential/03-npt-round-1/md/P-10GPa/multi_nnap_md.xyz,500,0.4005408338,17.98811222959808,6.805960453,6.540226141,15.70491087,16,2.2003286367855486,passed,1,P-10GPa_frame00000500_U0.400541.poscar,False,,,,,,,,0.9999870204
npt_pressure,10,,P-10GPa,W-potential/03-npt-round-1/md/P-10GPa/multi_nnap_md.xyz,550,0.322024034,18.783478887635685,6.918644388,6.950094579,8.05764474,16,2.2669732097657556,passed,2,P-10GPa_frame00000550_U0.322024.poscar,True,12,cur-fill,0.0305401001,000012.poscar,0.0120292394,0.002208408864,0.9971845036,0.9999878942
npt_pressure,10,,P-10GPa,W-potential/03-npt-round-1/md/P-10GPa/multi_nnap_md.xyz,600,0.3044020247,15.710017230013582,9.039348442,8.998803934,29.08898519,16,2.282354504084339,passed,3,P-10GPa_frame00000600_U0.304402.poscar,False,,,,,,,,0.9998774359
npt_pressure,10,,P-10GPa,W-potential/03-npt-round-1/md/P-10GPa/multi_nnap_md.xyz,650,0.3599096682,17.27935612290111,8.624913292,8.405971165,18.46687491,16,2.188561410951846,passed,4,P-10GPa_frame00000650_U0.359910.poscar,True,43,cur-fill,0.01658802909,000043.poscar,0.0002427129168,3.658354129e-05,0.9989762953,0.9999151877
npt_pressure,10,,P-10GPa,W-potential/03-npt-round-1/md/P-10GPa/multi_nnap_md.xyz,700,0.3540746966,17.433829625427915,6.297345979,6.310644626,-1.065900058,16,2.302754884666465,passed,5,P-10GPa_frame00000700_U0.354075.poscar,False,,,,,,,,0.99988511
npt_pressure,10,,P-10GPa,W-potential/03-npt-round-1/md/P-10GPa/multi_nnap_md.xyz,750,0.3511527536,15.89459445979349,10.86112794,10.61662548,24.63774197,16,2.0664327051762834,passed,6,P-10GPa_frame00000750_U0.351153.poscar,False,,,,,,,,0.9998755688
npt_pressure,10,,P-10GPa,W-potential/03-npt-round-1/md/P-10GPa/multi_nnap_md.xyz,800,0.2508215899,17.63084827585044,3.561210973,3.598184526,-0.7075102736,16,2.4174485686119858,passed,7,P-10GPa_frame00000800_U0.250822.poscar,False,,,,,,,,0.999925455
npt_pressure,10,,P-10GPa,W-potential/03-npt-round-1/md/P-10GPa/multi_nnap_md.xyz,850,0.3576370738,16.68612480813642,9.13960755,9.195650646,14.91294805,16,2.172544916160674,passed,8,P-10GPa_frame00000850_U0.357637.poscar,False,,,,,,,,0.9998207856
npt_pressure,10,,P-10GPa,W-potential/03-npt-round-1/md/P-10GPa/multi_nnap_md.xyz,900,0.2896258008,16.57182189340524,9.67063311,9.825787245,9.141377087,16,2.172850926602728,passed,9,P-10GPa_frame00000900_U0.289626.poscar,False,,,,,,,,0.9998841101
npt_pressure,10,,P-10GPa,W-potential/03-npt-round-1/md/P-10GPa/multi_nnap_md.xyz,950,0.2178279864,16.674015831060103,5.19806933,5.293026633,7.017625534,16,2.3080539152275144,passed,10,P-10GPa_frame00000950_U0.217828.poscar,False,,,,,,,,0.9999161955
npt_pressure,10,,P-10GPa,W-potential/03-npt-round-1/md/P-10GPa/multi_nnap_md.xyz,1000,0.5465265263,16.90231544721138,11.6064857,11.68941237,15.31006271,16,1.962934064742135,passed,11,P-10GPa_frame00001000_U0.546527.poscar,True,21,cur-fill,0.04298760971,000021.poscar,0.003163878324,0.0006901879915,0.9981841656,0.9999320209
npt_pressure,10,,P-10GPa,W-potential/03-npt-round-1/md/P-10GPa/multi_nnap_md.xyz,1050,0.4829693105,17.26243520205036,7.608555575,7.395635974,11.95346683,16,2.2930823218671614,passed,12,P-10GPa_frame00001050_U0.482969.poscar,False,,,,,,,,0.9998272068
npt_pressure,10,,P-10GPa,W-potential/03-npt-round-1/md/P-10GPa/multi_nnap_md.xyz,1100,0.2324887232,16.61982354797433,7.224494236,7.2902007,7.915056601,16,2.2783178086687346,passed,13,P-10GPa_frame00001100_U0.232489.poscar,False,,,,,,,,0.9999362853
npt_pressure,10,,P-10GPa,W-potential/03-npt-round-1/md/P-10GPa/multi_nnap_md.xyz,1150,0.3433448298,16.791296571378428,10.46192361,10.47128811,12.78504201,16,2.1292934830665984,passed,14,P-10GPa_frame00001150_U0.343345.poscar,False,,,,,,,,0.999820282
npt_pressure,10,,P-10GPa,W-potential/03-npt-round-1/md/P-10GPa/multi_nnap_md.xyz,1200,0.3568845972,16.76211151769508,7.756489382,7.562105424,13.29791256,16,2.1610395093317587,passed,15,P-10GPa_frame00001200_U0.356885.poscar,False,,,,,,,,0.9998530315
npt_pressure,10,,P-10GPa,W-potential/03-npt-round-1/md/P-10GPa/multi_nnap_md.xyz,1250,0.2859997065,16.667105667256454,8.427083616,8.520770583,13.62899031,16,2.261551054580681,passed,16,P-10GPa_frame00001250_U0.286000.poscar,False,,,,,,,,0.9998685898
npt_pressure,10,,P-10GPa,W-potential/03-npt-round-1/md/P-10GPa/multi_nnap_md.xyz,1300,0.2364595806,16.582050742362444,6.533170175,6.753549641,9.313951135,16,2.2485298235412277,passed,17,P-10GPa_frame00001300_U0.236460.poscar,True,51,cur-fill,0.01132586476,000051.poscar,9.60572602e-05,1.086289988e-05,0.9991436561,0.9998597074
npt_pressure,10,,P-10GPa,W-potential/03-npt-round-1/md/P-10GPa/multi_nnap_md.xyz,1350,0.2322739933,16.872261288173707,5.530365592,5.428418721,5.17561705,16,2.3663674019232017,passed,18,P-10GPa_frame00001350_U0.232274.poscar,False,,,,,,,,0.9998463654
npt_pressure,10,,P-10GPa,W-potential/03-npt-round-1/md/P-10GPa/multi_nnap_md.xyz,1400,0.2764412517,16.246944550011577,5.644646744,5.636398858,22.91496291,16,2.3087153295857545,passed,19,P-10GPa_frame00001400_U0.276441.poscar,False,,,,,,,,0.9998121595
npt_pressure,10,,P-10GPa,W-potential/03-npt-round-1/md/P-10GPa/multi_nnap_md.xyz,1450,0.2867064836,17.307849260163003,5.182198468,5.372513271,1.844406917,16,2.376429129198559,passed,20,P-10GPa_frame00001450_U0.286706.poscar,False,,,,,,,,0.9997422477
npt_pressure,10,,P-10GPa,W-potential/03-npt-round-1/md/P-10GPa/multi_nnap_md.xyz,1500,0.2476118176,16.573033064463193,6.789175561,7.103059401,12.30698441,16,2.336027347281829,passed,21,P-10GPa_frame00001500_U0.247612.poscar,False,,,,,,,,0.9998711383
npt_pressure,10,,P-10GPa,W-potential/03-npt-round-1/md/P-10GPa/multi_nnap_md.xyz,1550,0.327628341,16.468521689630535,6.798447703,6.95793619,18.10073523,16,2.2534277912008123,passed,22,P-10GPa_frame00001550_U0.327628.poscar,False,,,,,,,,0.9997695965
npt_pressure,10,,P-10GPa,W-potential/03-npt-round-1/md/P-10GPa/multi_nnap_md.xyz,1600,0.2484136851,16.958101182929212,5.747948768,6.072687184,9.588243245,16,2.2998269879542823,passed,23,P-10GPa_frame00001600_U0.248414.poscar,False,,,,,,,,0.9997840845
npt_pressure,10,,P-10GPa,W-potential/03-npt-round-1/md/P-10GPa/multi_nnap_md.xyz,1650,0.2499476178,17.215445747463118,6.635253321,6.815920908,2.593862051,16,2.335367173394274,passed,24,P-10GPa_frame00001650_U0.249948.poscar,False,,,,,,,,0.9998340062
npt_pressure,10,,P-10GPa,W-potential/03-npt-round-1/md/P-10GPa/multi_nnap_md.xyz,1700,0.2388787235,16.961902899584533,6.050502524,6.178805706,5.527954052,16,2.3421328119729656,passed,25,P-10GPa_frame00001700_U0.238879.poscar,False,,,,,,,,0.9998253718
npt_pressure,10,,P-10GPa,W-potential/03-npt-round-1/md/P-10GPa/multi_nnap_md.xyz,1750,0.3569337395,15.91939539689253,6.005826992,6.165541086,28.86551736,16,2.3024888472146277,passed,26,P-10GPa_frame00001750_U0.356934.poscar,False,,,,,,,,0.9999397174
npt_pressure,10,,P-10GPa,W-potential/03-npt-round-1/md/P-10GPa/multi_nnap_md.xyz,1800,0.2690185217,16.398942165344994,6.298118921,6.338440853,16.18015816,16,2.318621739328568,passed,27,P-10GPa_frame00001800_U0.269019.poscar,False,,,,,,,,0.9999446159
npt_pressure,10,,P-10GPa,W-potential/03-npt-round-1/md/P-10GPa/multi_nnap_md.xyz,1850,0.3466359917,16.98026988518367,6.247177221,6.524556273,12.23240851,16,2.298628367279078,passed,28,P-10GPa_frame00001850_U0.346636.poscar,True,67,cur-fill,0.01783270504,000067.poscar,1.381674818e-05,2.108492775e-06,0.9994544405,0.9997603651
npt_pressure,10,,P-10GPa,W-potential/03-npt-round-1/md/P-10GPa/multi_nnap_md.xyz,1900,0.261589696,16.71156039567166,4.193907315,4.243156285,5.411828857,16,2.382024659079834,passed,29,P-10GPa_frame00001900_U0.261590.poscar,False,,,,,,,,0.9998140169
npt_pressure,10,,P-10GPa,W-potential/03-npt-round-1/md/P-10GPa/multi_nnap_md.xyz,1950,0.2760423715,17.70622367639089,8.935736212,8.670045502,11.17488773,16,2.173363669881229,passed,30,P-10GPa_frame00001950_U0.276042.poscar,False,,,,,,,,0.9999482
npt_pressure,10,,P-10GPa,W-potential/03-npt-round-1/md/P-10GPa/multi_nnap_md.xyz,2000,0.2215660867,16.099524326093427,6.066947684,6.117887605,16.07885445,16,2.385390269335993,passed,31,P-10GPa_frame00002000_U0.221566.poscar,False,,,,,,,,0.9999802277
npt_pressure,10,,P-10GPa,W-potential/03-npt-round-1/md/P-10GPa/multi_nnap_md.xyz,2050,0.2552041115,16.323728910674628,6.86539054,6.965916801,14.16876687,16,2.2968414044424827,passed,32,P-10GPa_frame00002050_U0.255204.poscar,False,,,,,,,,0.9999273475
npt_pressure,10,,P-10GPa,W-potential/03-npt-round-1/md/P-10GPa/multi_nnap_md.xyz,2100,0.2683122945,17.730624050205474,7.772168436,7.74310281,11.01349272,16,2.2490237052715916,passed,33,P-10GPa_frame00002100_U0.268312.poscar,False,,,,,,,,0.9999953601
npt_pressure,10,,P-10GPa,W-potential/03-npt-round-1/md/P-10GPa/multi_nnap_md.xyz,2150,0.2012027901,16.99324400916001,5.990529732,6.070262534,2.148749682,16,2.3046241558649343,passed,34,P-10GPa_frame00002150_U0.201203.poscar,False,,,,,,,,0.9999415355
npt_pressure,10,,P-10GPa,W-potential/03-npt-round-1/md/P-10GPa/multi_nnap_md.xyz,2200,0.2723225609,16.361801805718592,5.088493721,5.240838904,15.24515097,16,2.3161772293080007,passed,35,P-10GPa_frame00002200_U0.272323.poscar,False,,,,,,,,0.9998639575
npt_pressure,10,,P-10GPa,W-potential/03-npt-round-1/md/P-10GPa/multi_nnap_md.xyz,2250,0.2424711906,17.41826379389906,6.107016676,6.031643028,11.85374367,16,2.2951205856684527,passed,36,P-10GPa_frame00002250_U0.242471.poscar,False,,,,,,,,0.9999676282
npt_pressure,10,,P-10GPa,W-potential/03-npt-round-1/md/P-10GPa/multi_nnap_md.xyz,2300,0.2106099777,16.63193110430364,4.872097529,4.904715863,5.103491307,16,2.3937189164586017,passed,37,P-10GPa_frame00002300_U0.210610.poscar,False,,,,,,,,0.9998952599
npt_pressure,10,,P-10GPa,W-potential/03-npt-round-1/md/P-10GPa/multi_nnap_md.xyz,2350,0.3716357137,17.49955023946397,6.164138011,6.211097342,12.20386642,16,2.26150406286791,passed,38,P-10GPa_frame00002350_U0.371636.poscar,True,57,cur-fill,0.01241670689,000057.poscar,5.073461875e-05,6.590787467e-06,0.9990685096,0.9999424954
npt_pressure,10,,P-10GPa,W-potential/03-npt-round-1/md/P-10GPa/multi_nnap_md.xyz,2400,0.2814912442,16.639121132331013,5.738672577,5.984260118,13.88996974,16,2.3578968787535683,passed,39,P-10GPa_frame00002400_U0.281491.poscar,False,,,,,,,,0.9997904556
npt_pressure,10,,P-10GPa,W-potential/03-npt-round-1/md/P-10GPa/multi_nnap_md.xyz,2450,0.4094234535,16.814130842362427,8.248890728,8.135550429,9.390531002,16,2.2576887574562474,passed,40,P-10GPa_frame00002450_U0.409423.poscar,False,,,,,,,,0.9998495614
npt_pressure,10,,P-10GPa,W-potential/03-npt-round-1/md/P-10GPa/multi_nnap_md.xyz,2500,0.2141132325,17.593287393841802,5.420767385,5.599861073,-0.8754299214,16,2.3153678910420985,passed,41,P-10GPa_frame00002500_U0.214113.poscar,False,,,,,,,,0.9998743018
npt_pressure,10,,P-10GPa,W-potential/03-npt-round-1/md/P-10GPa/multi_nnap_md.xyz,2550,0.2814968009,16.75141361911953,6.01684027,6.207144396,13.25327591,16,2.3108456556433485,passed,42,P-10GPa_frame00002550_U0.281497.poscar,False,,,,,,,,0.9998477693
npt_pressure,10,,P-10GPa,W-potential/03-npt-round-1/md/P-10GPa/multi_nnap_md.xyz,2600,0.2605731662,17.863138726126344,5.486069553,5.155381041,-6.487835402,16,2.268142924805179,passed,43,P-10GPa_frame00002600_U0.260573.poscar,False,,,,,,,,0.9998043319
npt_pressure,10,,P-10GPa,W-potential/03-npt-round-1/md/P-10GPa/multi_nnap_md.xyz,2650,0.2545085034,16.587404142253934,6.976454691,7.045803576,10.78253152,16,2.2405364741099136,passed,44,P-10GPa_frame00002650_U0.254509.poscar,False,,,,,,,,0.999918774
npt_pressure,10,,P-10GPa,W-potential/03-npt-round-1/md/P-10GPa/multi_nnap_md.xyz,2700,0.3749461881,17.07161204843897,8.22953233,7.893424411,17.15899102,16,2.234048892088227,passed,45,P-10GPa_frame00002700_U0.374946.poscar,False,,,,,,,,0.9998153357
npt_pressure,10,,P-10GPa,W-potential/03-npt-round-1/md/P-10GPa/multi_nnap_md.xyz,2750,0.5853272977,16.553663704709358,10.39044101,11.03597088,17.18494227,16,2.1675168431893086,passed,46,P-10GPa_frame00002750_U0.585327.poscar,False,,,,,,,,0.9998317666
npt_pressure,10,,P-10GPa,W-potential/03-npt-round-1/md/P-10GPa/multi_nnap_md.xyz,2800,0.2575815582,15.728499388410027,7.242336301,7.171503197,25.61118409,16,2.3680567216873927,passed,47,P-10GPa_frame00002800_U0.257582.poscar,False,,,,,,,,0.9999101065
npt_pressure,10,,P-10GPa,W-potential/03-npt-round-1/md/P-10GPa/multi_nnap_md.xyz,2850,0.2091345024,15.658605768746108,7.714263529,7.66832393,21.86150684,16,2.4107017089131437,passed,48,P-10GPa_frame00002850_U0.209135.poscar,False,,,,,,,,0.9999858599
npt_pressure,10,,P-10GPa,W-potential/03-npt-round-1/md/P-10GPa/multi_nnap_md.xyz,2900,0.2661344114,16.77442049325783,6.54413002,6.520082716,10.53035557,16,2.3442518216796033,passed,49,P-10GPa_frame00002900_U0.266134.poscar,True,79,cur-fill,0.008289095757,000079.poscar,5.173962253e-06,5.260819133e-07,0.999669487,0.9998908447
npt_pressure,10,,P-10GPa,W-potential/03-npt-round-1/md/P-10GPa/multi_nnap_md.xyz,2950,0.2747664086,17.307410414375532,4.836854346,4.75017494,12.33362172,16,2.2390189390685826,passed,50,P-10GPa_frame00002950_U0.274766.poscar,False,,,,,,,,0.9999832756
npt_pressure,10,,P-10GPa,W-potential/03-npt-round-1/md/P-10GPa/multi_nnap_md.xyz,3000,0.5102300795,17.466902368816633,5.002495689,5.411010369,18.88141195,16,2.234253418181956,passed,51,P-10GPa_frame00003000_U0.510230.poscar,False,,,,,,,,0.9999446748
npt_pressure,10,,P-10GPa,W-potential/03-npt-round-1/md/P-10GPa/multi_nnap_md.xyz,3050,0.3668963243,17.983406031151915,7.406331482,7.334410587,19.64930866,16,2.118175823791484,passed,52,P-10GPa_frame00003050_U0.366896.poscar,True,26,cur-fill,0.02705499094,000026.poscar,0.001672103871,0.0003763759324,0.998384481,0.9999786741
npt_pressure,10,,P-10GPa,W-potential/03-npt-round-1/md/P-10GPa/multi_nnap_md.xyz,3100,0.2600442855,18.580045754671925,7.08220896,7.210277579,10.81813816,16,2.1756935838991733,passed,53,P-10GPa_frame00003100_U0.260044.poscar,False,,,,,,,,0.9999833119
npt_pressure,10,,P-10GPa,W-potential/03-npt-round-1/md/P-10GPa/multi_nnap_md.xyz,3150,0.4459610682,17.236185886002392,12.00052813,11.96393511,24.73395414,16,2.0363783922487992,passed,54,P-10GPa_frame00003150_U0.445961.poscar,True,23,cur-fill,0.01723531484,000023.poscar,0.002465896062,0.0004366745291,0.9962207283,0.9999784363
npt_pressure,10,,P-10GPa,W-potential/03-npt-round-1/md/P-10GPa/multi_nnap_md.xyz,3200,0.2745608809,18.316997365196315,5.078325191,5.33204101,8.153785723,16,2.194713909911937,passed,55,P-10GPa_frame00003200_U0.274561.poscar,False,,,,,,,,0.9999797751
npt_pressure,10,,P-10GPa,W-potential/03-npt-round-1/md/P-10GPa/multi_nnap_md.xyz,3250,0.5018410939,18.052951388547953,9.135381004,8.833389289,15.78528863,16,2.137579205571941,passed,56,P-10GPa_frame00003250_U0.501841.poscar,False,,,,,,,,0.9999498855
npt_pressure,10,,P-10GPa,W-potential/03-npt-round-1/md/P-10GPa/multi_nnap_md.xyz,3300,0.2284281771,18.954432783007107,4.886191472,4.934031701,0.4288830975,16,2.3389247934385926,passed,57,P-10GPa_frame00003300_U0.228428.poscar,True,36,cur-fill,0.0201762585,000036.poscar,0.0005242882847,9.913969238e-05,0.9990849354,0.9999818482
npt_pressure,10,,P-10GPa,W-potential/03-npt-round-1/md/P-10GPa/multi_nnap_md.xyz,3350,0.2722014154,18.295831503504154,3.399200295,3.596564077,-2.161276601,16,2.394185666284556,passed,58,P-10GPa_frame00003350_U0.272201.poscar,False,,,,,,,,0.9999204251
npt_pressure,10,,P-10GPa,W-potential/03-npt-round-1/md/P-10GPa/multi_nnap_md.xyz,3400,0.282265499,18.649850270414223,6.119491401,5.818887543,6.306026119,16,2.247382810411688,passed,59,P-10GPa_frame00003400_U0.282265.poscar,True,39,cur-fill,0.01807586299,000039.poscar,0.0004294183012,7.09356639e-05,0.9994383236,0.9999842845
npt_pressure,10,,P-10GPa,W-potential/03-npt-round-1/md/P-10GPa/multi_nnap_md.xyz,3450,0.2983253617,18.097953270837106,8.323331764,8.252863726,12.67494041,16,2.1950979574267144,passed,60,P-10GPa_frame00003450_U0.298325.poscar,False,,,,,,,,0.999985686
npt_pressure,10,,P-10GPa,W-potential/03-npt-round-1/md/P-10GPa/multi_nnap_md.xyz,3500,0.4005411136,17.05437152631986,7.290258551,7.59072858,29.14484151,16,2.1338790497360933,passed,61,P-10GPa_frame00003500_U0.400541.poscar,True,53,cur-fill,0.02013899617,000053.poscar,6.544160268e-05,1.302515086e-05,0.998225595,0.9999539574
npt_pressure,10,,P-10GPa,W-potential/03-npt-round-1/md/P-10GPa/multi_nnap_md.xyz,3550,0.3003413543,17.359985448869644,5.693538493,5.589114463,16.85185991,16,2.2425336869572434,passed,62,P-10GPa_frame00003550_U0.300341.poscar,False,,,,,,,,0.999986936
npt_pressure,10,,P-10GPa,W-potential/03-npt-round-1/md/P-10GPa/multi_nnap_md.xyz,3600,0.3351595542,18.007645755458878,5.937168986,5.785796282,11.15535768,16,2.1848634832925864,passed,63,P-10GPa_frame00003600_U0.335160.poscar,False,,,,,,,,0.9999884415
npt_pressure,10,,P-10GPa,W-potential/03-npt-round-1/md/P-10GPa/multi_nnap_md.xyz,3650,0.2392523685,17.457812469270802,6.860344845,6.906838871,4.622124896,16,2.180651875038041,passed,64,P-10GPa_frame00003650_U0.239252.poscar,True,59,cur-fill,0.01214248339,000059.poscar,3.950656144e-05,5.404800866e-06,0.9991570699,0.9999477915
npt_pressure,10,,P-10GPa,W-potential/03-npt-round-1/md/P-10GPa/multi_nnap_md.xyz,3700,0.2656955466,17.567101388831393,7.30729136,7.359052748,6.70149581,16,2.146729163475473,passed,65,P-10GPa_frame00003700_U0.265696.poscar,False,,,,,,,,0.9999528422
npt_pressure,10,,P-10GPa,W-potential/03-npt-round-1/md/P-10GPa/multi_nnap_md.xyz,3750,0.2478351794,17.07563210780369,5.914762406,5.90689273,3.202838699,16,2.3570353607875263,passed,66,P-10GPa_frame00003750_U0.247835.poscar,False,,,,,,,,0.9998300749
npt_pressure,10,,P-10GPa,W-potential/03-npt-round-1/md/P-10GPa/multi_nnap_md.xyz,3800,0.3203694909,17.296268843392106,5.3308614,5.374584665,5.096888436,16,2.3204795763663766,passed,67,P-10GPa_frame00003800_U0.320369.poscar,False,,,,,,,,0.9998656596
npt_pressure,10,,P-10GPa,W-potential/03-npt-round-1/md/P-10GPa/multi_nnap_md.xyz,3850,0.3252741399,16.88365592409587,8.269902519,8.41646972,13.43422994,16,2.151069386323776,passed,68,P-10GPa_frame00003850_U0.325274.poscar,False,,,,,,,,0.9998353235
npt_pressure,10,,P-10GPa,W-potential/03-npt-round-1/md/P-10GPa/multi_nnap_md.xyz,3900,0.2296369562,16.43824371487464,6.544718981,6.663003944,16.3781991,16,2.2849685487251983,passed,69,P-10GPa_frame00003900_U0.229637.poscar,False,,,,,,,,0.9998603148
npt_pressure,10,,P-10GPa,W-potential/03-npt-round-1/md/P-10GPa/multi_nnap_md.xyz,3950,0.2185510081,15.824818230203046,6.253280131,6.319116765,21.77938021,16,2.3367354922324175,passed,70,P-10GPa_frame00003950_U0.218551.poscar,False,,,,,,,,0.9999722109
npt_pressure,10,,P-10GPa,W-potential/03-npt-round-1/md/P-10GPa/multi_nnap_md.xyz,4000,0.3875902825,16.757067031832435,9.341474943,9.207181975,12.14327983,16,2.076603658815152,passed,71,P-10GPa_frame00004000_U0.387590.poscar,False,,,,,,,,0.9998051904
npt_pressure,10,,P-10GPa,W-potential/03-npt-round-1/md/P-10GPa/multi_nnap_md.xyz,4050,0.3837691524,17.490815295096876,6.360292108,6.380935331,8.079133812,16,2.290140492443642,passed,72,P-10GPa_frame00004050_U0.383769.poscar,False,,,,,,,,0.9999517007
npt_pressure,10,,P-10GPa,W-potential/03-npt-round-1/md/P-10GPa/multi_nnap_md.xyz,4100,0.4291381116,17.154560477887372,8.975618304,9.200350855,14.41571554,16,2.1496984644838086,passed,73,P-10GPa_frame00004100_U0.429138.poscar,False,,,,,,,,0.9998389185
npt_pressure,10,,P-10GPa,W-potential/03-npt-round-1/md/P-10GPa/multi_nnap_md.xyz,4150,0.3435881916,16.355584791849882,8.592685263,8.480897945,12.33691679,16,2.2074107202782285,passed,74,P-10GPa_frame00004150_U0.343588.poscar,False,,,,,,,,0.9999544257
npt_pressure,10,,P-10GPa,W-potential/03-npt-round-1/md/P-10GPa/multi_nnap_md.xyz,4200,0.6241681739,17.111745264671384,11.1724669,10.11691413,7.909885436,16,2.0686905352590497,passed,75,P-10GPa_frame00004200_U0.624168.poscar,True,48,cur-fill,0.01821112082,000048.poscar,0.0001577472238,2.301164084e-05,0.9985019927,0.9998670359
npt_pressure,10,,P-10GPa,W-potential/03-npt-round-1/md/P-10GPa/multi_nnap_md.xyz,4250,0.311191135,17.782222562603533,5.942867527,6.308523738,1.879509913,16,2.2936018515464474,passed,76,P-10GPa_frame00004250_U0.311191.poscar,False,,,,,,,,0.9999476836
npt_pressure,10,,P-10GPa,W-potential/03-npt-round-1/md/P-10GPa/multi_nnap_md.xyz,4300,0.2160232578,16.48444794943413,5.783945159,5.980291752,15.30047758,16,2.3027491763387804,passed,77,P-10GPa_frame00004300_U0.216023.poscar,False,,,,,,,,0.9998406545
npt_pressure,10,,P-10GPa,W-potential/03-npt-round-1/md/P-10GPa/multi_nnap_md.xyz,4350,0.2719253604,17.4904310875376,6.55199228,6.708935665,6.986095214,16,2.3082194176025337,passed,78,P-10GPa_frame00004350_U0.271925.poscar,False,,,,,,,,0.9999596907
npt_pressure,10,,P-10GPa,W-potential/03-npt-round-1/md/P-10GPa/multi_nnap_md.xyz,4400,0.2654464156,16.88793521620868,7.017532911,6.907925788,8.936188294,16,2.2331944920088223,passed,79,P-10GPa_frame00004400_U0.265446.poscar,False,,,,,,,,0.9998479467
npt_pressure,10,,P-10GPa,W-potential/03-npt-round-1/md/P-10GPa/multi_nnap_md.xyz,4450,0.2286875895,17.554316746773427,3.640563737,3.850729464,-1.279327603,16,2.418824130076092,passed,80,P-10GPa_frame00004450_U0.228688.poscar,False,,,,,,,,0.9997888274
npt_pressure,10,,P-10GPa,W-potential/03-npt-round-1/md/P-10GPa/multi_nnap_md.xyz,4500,0.2978877759,18.700354934036888,8.853434177,8.296421129,8.05843058,16,2.163979263550851,passed,81,P-10GPa_frame00004500_U0.297888.poscar,False,,,,,,,,0.9999855809
npt_pressure,10,,P-10GPa,W-potential/03-npt-round-1/md/P-10GPa/multi_nnap_md.xyz,4550,0.3249322241,17.801873261556405,8.845296758,8.501151984,18.04211533,16,2.075074463710246,passed,82,P-10GPa_frame00004550_U0.324932.poscar,False,,,,,,,,0.9999953251
npt_pressure,10,,P-10GPa,W-potential/03-npt-round-1/md/P-10GPa/multi_nnap_md.xyz,4600,0.3579094697,18.355912840141198,7.812682903,7.577968479,4.768207644,16,2.1133360231181277,passed,83,P-10GPa_frame00004600_U0.357909.poscar,True,42,cur-fill,0.01764171655,000042.poscar,0.0002578582811,4.259241393e-05,0.9983072935,0.9999838942
npt_pressure,10,,P-10GPa,W-potential/03-npt-round-1/md/P-10GPa/multi_nnap_md.xyz,4650,0.3997135796,17.816990441979883,6.777549168,6.684846084,14.33100271,16,2.0933911574293247,passed,84,P-10GPa_frame00004650_U0.399714.poscar,False,,,,,,,,0.9999821663
npt_pressure,10,,P-10GPa,W-potential/03-npt-round-1/md/P-10GPa/multi_nnap_md.xyz,4700,0.2964070819,18.283029110372254,5.364186144,5.605912614,11.83795329,16,2.319597624117342,passed,85,P-10GPa_frame00004700_U0.296407.poscar,True,65,cur-fill,0.06891642574,000065.poscar,1.873403657e-05,5.045224154e-06,0.9985440311,0.9999843065
npt_pressure,10,,P-10GPa,W-potential/03-npt-round-1/md/P-10GPa/multi_nnap_md.xyz,4750,0.3138166404,18.311981771564042,5.93339228,6.154102672,14.45915942,16,2.2672450894082363,passed,86,P-10GPa_frame00004750_U0.313817.poscar,False,,,,,,,,0.9999553748
npt_pressure,10,,P-10GPa,W-potential/03-npt-round-1/md/P-10GPa/multi_nnap_md.xyz,4800,0.2926331213,17.777450857505066,6.90513121,6.747434262,8.301378946,16,2.175668117371331,passed,87,P-10GPa_frame00004800_U0.292633.poscar,True,29,cur-fill,0.02955792756,000029.poscar,0.001241640562,0.0002317053833,0.9977980613,0.9999798842
npt_pressure,10,,P-10GPa,W-potential/03-npt-round-1/md/P-10GPa/multi_nnap_md.xyz,4850,0.309638115,15.75335264465253,7.585634497,7.832115445,27.90077187,16,2.2884300774569164,passed,88,P-10GPa_frame00004850_U0.309638.poscar,False,,,,,,,,0.9999072772
npt_pressure,10,,P-10GPa,W-potential/03-npt-round-1/md/P-10GPa/multi_nnap_md.xyz,4900,0.2341046639,16.392565873142882,8.52535465,8.911266924,15.64324992,16,2.233329119724331,passed,89,P-10GPa_frame00004900_U0.234105.poscar,False,,,,,,,,0.9998772026
npt_pressure,10,,P-10GPa,W-potential/03-npt-round-1/md/P-10GPa/multi_nnap_md.xyz,4950,0.2843303494,18.00432539422237,7.603869634,7.617260061,5.069870461,16,2.2889534159585168,passed,90,P-10GPa_frame00004950_U0.284330.poscar,False,,,,,,,,0.9999601653
npt_pressure,10,,P-10GPa,W-potential/03-npt-round-1/md/P-10GPa/multi_nnap_md.xyz,5000,0.2764364525,17.632611825637564,4.542051388,4.593491727,-6.169144922,16,2.4006651586785344,passed,91,P-10GPa_frame00005000_U0.276436.poscar,False,,,,,,,,0.9998881891
npt_pressure,20,,P-20GPa,W-potential/03-npt-round-1/md/P-20GPa/multi_nnap_md.xyz,500,0.5022040474,15.335010011920483,11.46328612,11.42263546,37.73299521,16,2.230707688081672,passed,1,P-20GPa_frame00000500_U0.502204.poscar,False,,,,,,,,0.999855966
npt_pressure,20,,P-20GPa,W-potential/03-npt-round-1/md/P-20GPa/multi_nnap_md.xyz,550,0.221085969,16.9130400920493,5.732215803,5.591826955,3.90445396,16,2.35860075306147,passed,2,P-20GPa_frame00000550_U0.221086.poscar,False,,,,,,,,0.9998807253
npt_pressure,20,,P-20GPa,W-potential/03-npt-round-1/md/P-20GPa/multi_nnap_md.xyz,600,0.3343921033,16.60649421739374,10.78454363,10.45961025,15.51354999,16,2.121953513922013,passed,3,P-20GPa_frame00000600_U0.334392.poscar,False,,,,,,,,0.9999548549
npt_pressure,20,,P-20GPa,W-potential/03-npt-round-1/md/P-20GPa/multi_nnap_md.xyz,650,0.4119341862,15.507969611844803,8.389497298,8.65694827,35.87115718,16,2.2075905531002733,passed,4,P-20GPa_frame00000650_U0.411934.poscar,False,,,,,,,,0.999857276
npt_pressure,20,,P-20GPa,W-potential/03-npt-round-1/md/P-20GPa/multi_nnap_md.xyz,700,0.2615785833,15.956955869955694,6.901756846,7.104694304,21.98300477,16,2.317993694581668,passed,5,P-20GPa_frame00000700_U0.261579.poscar,False,,,,,,,,0.9999644192
npt_pressure,20,,P-20GPa,W-potential/03-npt-round-1/md/P-20GPa/multi_nnap_md.xyz,750,0.2191246628,16.861410741212204,6.508386026,6.255220739,3.738137902,16,2.378704229339048,passed,6,P-20GPa_frame00000750_U0.219125.poscar,False,,,,,,,,0.9999004396
npt_pressure,20,,P-20GPa,W-potential/03-npt-round-1/md/P-20GPa/multi_nnap_md.xyz,800,0.269232882,15.681438896869759,9.903993615,9.765418295,28.09976582,16,2.2364767634895246,passed,7,P-20GPa_frame00000800_U0.269233.poscar,False,,,,,,,,0.9998992271
npt_pressure,20,,P-20GPa,W-potential/03-npt-round-1/md/P-20GPa/multi_nnap_md.xyz,850,0.329349153,15.514146995054787,8.017834287,8.085212838,38.06958966,16,2.297690657792681,passed,8,P-20GPa_frame00000850_U0.329349.poscar,False,,,,,,,,0.9998430622
npt_pressure,20,,P-20GPa,W-potential/03-npt-round-1/md/P-20GPa/multi_nnap_md.xyz,900,0.2972311579,16.626151281322567,6.86486359,6.953576173,15.23676205,16,2.2824932787876766,passed,9,P-20GPa_frame00000900_U0.297231.poscar,False,,,,,,,,0.9998566868
npt_pressure,20,,P-20GPa,W-potential/03-npt-round-1/md/P-20GPa/multi_nnap_md.xyz,950,0.3634987058,16.530860047632093,8.077475947,8.335051259,19.92201078,16,2.226727484598173,passed,10,P-20GPa_frame00000950_U0.363499.poscar,False,,,,,,,,0.9998552689
npt_pressure,20,,P-20GPa,W-potential/03-npt-round-1/md/P-20GPa/multi_nnap_md.xyz,1000,0.3338043833,15.944762936047514,8.492194125,8.709766601,21.79438761,16,2.257007397275247,passed,11,P-20GPa_frame00001000_U0.333804.poscar,False,,,,,,,,0.9999586418
npt_pressure,20,,P-20GPa,W-potential/03-npt-round-1/md/P-20GPa/multi_nnap_md.xyz,1051,0.1991234218,15.738840301488866,6.360175429,6.401105089,22.44999779,16,2.3557307723581857,passed,12,P-20GPa_frame00001051_U0.199123.poscar,False,,,,,,,,0.9999847855
npt_pressure,20,,P-20GPa,W-potential/03-npt-round-1/md/P-20GPa/multi_nnap_md.xyz,1101,0.2818280545,16.3858214987919,7.579881931,7.340402686,13.02873172,16,2.3038167828424245,passed,13,P-20GPa_frame00001101_U0.281828.poscar,False,,,,,,,,0.9999536133
npt_pressure,20,,P-20GPa,W-potential/03-npt-round-1/md/P-20GPa/multi_nnap_md.xyz,1151,0.2826611325,16.758128681252565,6.925436267,6.612742003,10.30713319,16,2.302580503666787,passed,14,P-20GPa_frame00001151_U0.282661.poscar,False,,,,,,,,0.9998103867
npt_pressure,20,,P-20GPa,W-potential/03-npt-round-1/md/P-20GPa/multi_nnap_md.xyz,1201,0.2317300356,16.971603043389745,5.252090973,5.254265667,5.629579835,16,2.3261433272391665,passed,15,P-20GPa_frame00001201_U0.231730.poscar,False,,,,,,,,0.9998042236
npt_pressure,20,,P-20GPa,W-potential/03-npt-round-1/md/P-20GPa/multi_nnap_md.xyz,1251,0.3232621465,15.052058604364358,8.665512875,8.858869535,47.51498383,16,2.238762569535473,passed,16,P-20GPa_frame00001251_U0.323262.poscar,False,,,,,,,,0.9998370272
npt_pressure,20,,P-20GPa,W-potential/03-npt-round-1/md/P-20GPa/multi_nnap_md.xyz,1301,0.5690860443,15.45225310307516,10.26284105,10.56030748,38.39791706,16,2.3457648265068682,passed,17,P-20GPa_frame00001301_U0.569086.poscar,False,,,,,,,,0.9998556243
npt_pressure,20,,P-20GPa,W-potential/03-npt-round-1/md/P-20GPa/multi_nnap_md.xyz,1351,0.322587393,16.119625016867605,6.013038406,6.171533473,18.60832712,16,2.3205487463343455,passed,18,P-20GPa_frame00001351_U0.322587.poscar,False,,,,,,,,0.9999045127
npt_pressure,20,,P-20GPa,W-potential/03-npt-round-1/md/P-20GPa/multi_nnap_md.xyz,1401,0.5065142007,15.637428347479915,11.35822223,11.45224166,30.40675715,16,2.1994844000537066,passed,19,P-20GPa_frame00001401_U0.506514.poscar,False,,,,,,,,0.9998790609
npt_pressure,20,,P-20GPa,W-potential/03-npt-round-1/md/P-20GPa/multi_nnap_md.xyz,1451,0.308979313,16.648188362105728,7.159627575,7.070085571,18.70276596,16,2.2101946301264697,passed,20,P-20GPa_frame00001451_U0.308979.poscar,False,,,,,,,,0.9998006952
npt_pressure,20,,P-20GPa,W-potential/03-npt-round-1/md/P-20GPa/multi_nnap_md.xyz,1501,0.303425956,16.616617025429033,7.911999024,8.221128977,19.30920792,16,2.210319661913144,passed,21,P-20GPa_frame00001501_U0.303426.poscar,False,,,,,,,,0.9998563884
npt_pressure,20,,P-20GPa,W-potential/03-npt-round-1/md/P-20GPa/multi_nnap_md.xyz,1551,0.3661687249,16.748543351927893,9.8586182,10.12258477,13.2721016,16,2.1377591791082393,passed,22,P-20GPa_frame00001551_U0.366169.poscar,False,,,,,,,,0.9998352258
npt_pressure,20,,P-20GPa,W-potential/03-npt-round-1/md/P-20GPa/multi_nnap_md.xyz,1601,0.4968568434,15.964951503182197,9.914788698,9.699015137,26.27704156,16,2.2418061411328822,passed,23,P-20GPa_frame00001601_U0.496857.poscar,False,,,,,,,,0.9998245637
npt_pressure,20,,P-20GPa,W-potential/03-npt-round-1/md/P-20GPa/multi_nnap_md.xyz,1651,0.2989206012,15.79919543354663,7.467766938,7.248388567,23.88477922,16,2.306954241239347,passed,24,P-20GPa_frame00001651_U0.298921.poscar,False,,,,,,,,0.999944323
npt_pressure,20,,P-20GPa,W-potential/03-npt-round-1/md/P-20GPa/multi_nnap_md.xyz,1701,0.3197677571,16.346110304865174,8.089644181,7.773068075,15.62224507,16,2.2318302067916296,passed,25,P-20GPa_frame00001701_U0.319768.poscar,False,,,,,,,,0.9999420777
npt_pressure,20,,P-20GPa,W-potential/03-npt-round-1/md/P-20GPa/multi_nnap_md.xyz,1751,0.281051191,16.280617179181156,8.506517809,8.448975804,20.74824143,16,2.281288840380891,passed,26,P-20GPa_frame00001751_U0.281051.poscar,False,,,,,,,,0.9997717425
npt_pressure,20,,P-20GPa,W-potential/03-npt-round-1/md/P-20GPa/multi_nnap_md.xyz,1801,0.2794916488,16.479453558767208,7.667989106,7.871078579,15.21347281,16,2.1778828619349575,passed,27,P-20GPa_frame00001801_U0.279492.poscar,False,,,,,,,,0.999860718
npt_pressure,20,,P-20GPa,W-potential/03-npt-round-1/md/P-20GPa/multi_nnap_md.xyz,1851,0.2247267947,16.32476117507747,7.166479986,7.40695192,11.78655635,16,2.220329843613621,passed,28,P-20GPa_frame00001851_U0.224727.poscar,False,,,,,,,,0.999969647
npt_pressure,20,,P-20GPa,W-potential/03-npt-round-1/md/P-20GPa/multi_nnap_md.xyz,1901,0.5084013375,16.410829579731292,8.65396766,8.573594094,22.00840323,16,2.2581794069495893,passed,29,P-20GPa_frame00001901_U0.508401.poscar,False,,,,,,,,0.9998264159
npt_pressure,20,,P-20GPa,W-potential/03-npt-round-1/md/P-20GPa/multi_nnap_md.xyz,1951,0.2880613205,16.431802134598506,6.265001311,6.505677814,17.87417806,16,2.3179183197083466,passed,30,P-20GPa_frame00001951_U0.288061.poscar,False,,,,,,,,0.9999653988
npt_pressure,20,,P-20GPa,W-potential/03-npt-round-1/md/P-20GPa/multi_nnap_md.xyz,2001,0.3894180502,15.843777560097497,8.557888538,8.658758783,31.94381596,16,2.193712647892563,passed,31,P-20GPa_frame00002001_U0.389418.poscar,False,,,,,,,,0.9998828218
npt_pressure,20,,P-20GPa,W-potential/03-npt-round-1/md/P-20GPa/multi_nnap_md.xyz,2051,0.2652159383,16.052592949935708,7.83286211,7.895664353,19.37164897,16,2.30169811099656,passed,32,P-20GPa_frame00002051_U0.265216.poscar,False,,,,,,,,0.9999586556
npt_pressure,20,,P-20GPa,W-potential/03-npt-round-1/md/P-20GPa/multi_nnap_md.xyz,2103,0.2304324346,15.442435154565295,7.182912668,7.266921707,29.42514482,16,2.319673433103986,passed,33,P-20GPa_frame00002103_U0.230432.poscar,False,,,,,,,,0.9999495791
npt_pressure,20,,P-20GPa,W-potential/03-npt-round-1/md/P-20GPa/multi_nnap_md.xyz,2153,0.2485297823,16.802414300097528,7.389589651,7.185739773,7.014430548,16,2.3098488310084755,passed,34,P-20GPa_frame00002153_U0.248530.poscar,False,,,,,,,,0.9998191095
npt_pressure,20,,P-20GPa,W-potential/03-npt-round-1/md/P-20GPa/multi_nnap_md.xyz,2203,0.3611567218,17.261155784625895,7.685307759,7.411960389,12.25521905,16,2.1901876402703397,passed,35,P-20GPa_frame00002203_U0.361157.poscar,False,,,,,,,,0.9998885499
npt_pressure,20,,P-20GPa,W-potential/03-npt-round-1/md/P-20GPa/multi_nnap_md.xyz,2253,0.2937348315,15.441365249637974,7.491680102,7.580868346,34.70708089,16,2.243139189555553,passed,36,P-20GPa_frame00002253_U0.293735.poscar,False,,,,,,,,0.9998625703
npt_pressure,20,,P-20GPa,W-potential/03-npt-round-1/md/P-20GPa/multi_nnap_md.xyz,2303,0.2360252496,15.363701911237337,6.823311784,6.845439855,29.49136676,16,2.3740693887206668,passed,37,P-20GPa_frame00002303_U0.236025.poscar,False,,,,,,,,0.9999791571
npt_pressure,20,,P-20GPa,W-potential/03-npt-round-1/md/P-20GPa/multi_nnap_md.xyz,2353,0.3825655889,16.493089237540417,10.26491793,10.03114528,20.92526897,16,2.07461701701773,passed,38,P-20GPa_frame00002353_U0.382566.poscar,False,,,,,,,,0.9997697293
npt_pressure,20,,P-20GPa,W-potential/03-npt-round-1/md/P-20GPa/multi_nnap_md.xyz,2403,0.2857471595,18.27020524626513,5.702644613,5.818986686,5.496504861,16,2.2569020728496874,passed,39,P-20GPa_frame00002403_U0.285747.poscar,False,,,,,,,,0.9999638095
npt_pressure,20,,P-20GPa,W-potential/03-npt-round-1/md/P-20GPa/multi_nnap_md.xyz,2453,0.2471771375,15.839988808065309,7.306594371,7.054040252,21.01737252,16,2.3166915009507347,passed,40,P-20GPa_frame00002453_U0.247177.poscar,False,,,,,,,,0.9999591021
npt_pressure,20,,P-20GPa,W-potential/03-npt-round-1/md/P-20GPa/multi_nnap_md.xyz,2503,0.2237120327,15.386092901484872,8.092525917,8.205903183,29.21084756,16,2.2572587758483604,passed,41,P-20GPa_frame00002503_U0.223712.poscar,False,,,,,,,,0.9999729685
npt_pressure,20,,P-20GPa,W-potential/03-npt-round-1/md/P-20GPa/multi_nnap_md.xyz,2553,0.64542754,15.723819654886505,12.02402988,11.33213603,44.19492016,16,2.144760727837245,passed,42,P-20GPa_frame00002553_U0.645428.poscar,True,69,cur-fill,0.01776595946,000069.poscar,1.249894837e-05,2.096614519e-06,0.9991390054,0.9999502515
npt_pressure,20,,P-20GPa,W-potential/03-npt-round-1/md/P-20GPa/multi_nnap_md.xyz,2603,0.3218187694,16.961403145559537,8.784771105,8.656377795,12.7245002,16,2.2249958378682075,passed,43,P-20GPa_frame00002603_U0.321819.poscar,False,,,,,,,,0.999776245
npt_pressure,20,,P-20GPa,W-potential/03-npt-round-1/md/P-20GPa/multi_nnap_md.xyz,2653,0.2738818504,16.510706935389884,6.989413552,6.932537438,9.10922495,16,2.2801098832486515,passed,44,P-20GPa_frame00002653_U0.273882.poscar,False,,,,,,,,0.9998964128
npt_pressure,20,,P-20GPa,W-potential/03-npt-round-1/md/P-20GPa/multi_nnap_md.xyz,2703,0.2602007599,15.5419489624998,6.950810555,7.134874396,30.27070006,16,2.316995492392637,passed,45,P-20GPa_frame00002703_U0.260201.poscar,False,,,,,,,,0.999864998
npt_pressure,20,,P-20GPa,W-potential/03-npt-round-1/md/P-20GPa/multi_nnap_md.xyz,2753,0.3528651564,17.055623021403203,7.016490882,7.202832446,21.39524846,16,2.2452878983989533,passed,46,P-20GPa_frame00002753_U0.352865.poscar,False,,,,,,,,0.9999578945
npt_pressure,20,,P-20GPa,W-potential/03-npt-round-1/md/P-20GPa/multi_nnap_md.xyz,2803,0.3433140745,17.01356657826708,7.259870976,7.118955764,13.71838292,16,2.2241639019197814,passed,47,P-20GPa_frame00002803_U0.343314.poscar,False,,,,,,,,0.9998624841
npt_pressure,20,,P-20GPa,W-potential/03-npt-round-1/md/P-20GPa/multi_nnap_md.xyz,2853,0.3127520144,14.982620501169635,7.930390987,7.927400384,38.8069575,16,2.332072176661627,passed,48,P-20GPa_frame00002853_U0.312752.poscar,False,,,,,,,,0.9999297929
npt_pressure,20,,P-20GPa,W-potential/03-npt-round-1/md/P-20GPa/multi_nnap_md.xyz,2903,0.4194994042,17.009559645371635,7.804240067,7.338765507,11.70026566,16,2.1434504593170556,passed,49,P-20GPa_frame00002903_U0.419499.poscar,False,,,,,,,,0.9999066274
npt_pressure,20,,P-20GPa,W-potential/03-npt-round-1/md/P-20GPa/multi_nnap_md.xyz,2953,0.2715328474,17.006758208265833,5.143194967,4.962477345,17.6700819,16,2.3044698212413346,passed,50,P-20GPa_frame00002953_U0.271533.poscar,True,64,cur-fill,0.01609906196,000064.poscar,2.086682761e-05,3.053824844e-06,0.9990072299,0.9999660323
npt_pressure,20,,P-20GPa,W-potential/03-npt-round-1/md/P-20GPa/multi_nnap_md.xyz,3004,0.1961231305,15.792534202538983,5.721352607,5.573811339,21.50278317,16,2.422466411771464,passed,51,P-20GPa_frame00003004_U0.196123.poscar,False,,,,,,,,0.9999659818
npt_pressure,20,,P-20GPa,W-potential/03-npt-round-1/md/P-20GPa/multi_nnap_md.xyz,3054,0.3095777889,17.290026831039064,6.134289604,5.985874156,18.14554526,16,2.260892463922172,passed,52,P-20GPa_frame00003054_U0.309578.poscar,True,52,cur-fill,0.02201526159,000052.poscar,7.26303298e-05,1.33905819e-05,0.9988868701,0.9999914818
npt_pressure,20,,P-20GPa,W-potential/03-npt-round-1/md/P-20GPa/multi_nnap_md.xyz,3106,0.2151983009,15.504960423212903,7.480460667,7.649344479,25.85656981,16,2.2585276034898527,passed,53,P-20GPa_frame00003106_U0.215198.poscar,False,,,,,,,,0.9999609241
npt_pressure,20,,P-20GPa,W-potential/03-npt-round-1/md/P-20GPa/multi_nnap_md.xyz,3156,0.3186528957,16.666592098053346,5.844011792,6.173468668,23.13473287,16,2.3511863618760622,passed,54,P-20GPa_frame00003156_U0.318653.poscar,True,18,cur-fill,0.02081317112,000018.poscar,0.004808745688,0.0007509215475,0.997298373,0.9999092573
npt_pressure,20,,P-20GPa,W-potential/03-npt-round-1/md/P-20GPa/multi_nnap_md.xyz,3206,0.2953386629,15.01911091085922,6.459811633,6.709688582,46.83839556,16,2.2835017482462896,passed,55,P-20GPa_frame00003206_U0.295339.poscar,False,,,,,,,,0.9998810938
npt_pressure,20,,P-20GPa,W-potential/03-npt-round-1/md/P-20GPa/multi_nnap_md.xyz,3256,0.2245804034,16.92322711629305,5.237445962,5.034847488,5.978827384,16,2.3184317829839305,passed,56,P-20GPa_frame00003256_U0.224580.poscar,False,,,,,,,,0.9997975145
npt_pressure,20,,P-20GPa,W-potential/03-npt-round-1/md/P-20GPa/multi_nnap_md.xyz,3306,0.2755512368,16.785474902463402,6.696273811,6.676119911,13.15233634,16,2.2539019173412824,passed,57,P-20GPa_frame00003306_U0.275551.poscar,False,,,,,,,,0.9998008945
npt_pressure,20,,P-20GPa,W-potential/03-npt-round-1/md/P-20GPa/multi_nnap_md.xyz,3356,0.3878564746,16.84722918241251,9.673325229,9.271531011,13.78213892,16,2.155102953670669,passed,58,P-20GPa_frame00003356_U0.387856.poscar,False,,,,,,,,0.999926411
npt_pressure,20,,P-20GPa,W-potential/03-npt-round-1/md/P-20GPa/multi_nnap_md.xyz,3406,0.2025704947,15.833269620422708,6.144936739,6.157548392,25.36849046,16,2.3661482466113193,passed,59,P-20GPa_frame00003406_U0.202570.poscar,False,,,,,,,,0.9999132953
npt_pressure,20,,P-20GPa,W-potential/03-npt-round-1/md/P-20GPa/multi_nnap_md.xyz,3456,0.203674988,15.156788567820481,6.7948769,6.896973288,36.0037634,16,2.364587512732047,passed,60,P-20GPa_frame00003456_U0.203675.poscar,False,,,,,,,,0.9999354842
npt_pressure,20,,P-20GPa,W-potential/03-npt-round-1/md/P-20GPa/multi_nnap_md.xyz,3506,0.2424366098,17.480133861564877,3.939614685,4.082664876,0.6686392157,16,2.430665193305137,passed,61,P-20GPa_frame00003506_U0.242437.poscar,False,,,,,,,,0.9997479783
npt_pressure,20,,P-20GPa,W-potential/03-npt-round-1/md/P-20GPa/multi_nnap_md.xyz,3556,0.3842481578,16.63934621043506,9.59662276,10.00757354,19.44836671,16,2.237662456578104,passed,62,P-20GPa_frame00003556_U0.384248.poscar,True,99,cur-fill,0.004696527564,000099.poscar,5.173962253e-06,4.041916772e-07,0.9996472451,0.9997972359
npt_pressure,20,,P-20GPa,W-potential/03-npt-round-1/md/P-20GPa/multi_nnap_md.xyz,3606,0.3000755449,15.601157877804468,7.374913065,7.45979439,26.84194766,16,2.3464005536107844,passed,63,P-20GPa_frame00003606_U0.300076.poscar,False,,,,,,,,0.9999698585
npt_pressure,20,,P-20GPa,W-potential/03-npt-round-1/md/P-20GPa/multi_nnap_md.xyz,3656,0.3214299896,15.223210039767444,8.356880902,8.400663629,36.4595922,16,2.320236829382975,passed,64,P-20GPa_frame00003656_U0.321430.poscar,False,,,,,,,,0.9999368166
npt_pressure,20,,P-20GPa,W-potential/03-npt-round-1/md/P-20GPa/multi_nnap_md.xyz,3706,0.2736856338,16.067558888499235,7.996020908,8.095648728,21.19376367,16,2.24456169873518,passed,65,P-20GPa_frame00003706_U0.273686.poscar,False,,,,,,,,0.9999665952
npt_pressure,20,,P-20GPa,W-potential/03-npt-round-1/md/P-20GPa/multi_nnap_md.xyz,3756,0.3175466361,16.618522077416987,6.559925868,6.527849916,15.45931485,16,2.2796981259023092,passed,66,P-20GPa_frame00003756_U0.317547.poscar,False,,,,,,,,0.9997548539
npt_pressure,20,,P-20GPa,W-potential/03-npt-round-1/md/P-20GPa/multi_nnap_md.xyz,3806,0.286960558,16.451883177872244,6.904633278,7.096304524,16.82301189,16,2.2501396900003714,passed,67,P-20GPa_frame00003806_U0.286961.poscar,False,,,,,,,,0.9998958325
npt_pressure,20,,P-20GPa,W-potential/03-npt-round-1/md/P-20GPa/multi_nnap_md.xyz,3856,0.3673171307,15.389475443934037,7.40272115,7.192387508,39.20755073,16,2.307563333493951,passed,68,P-20GPa_frame00003856_U0.367317.poscar,False,,,,,,,,0.9998571519
npt_pressure,20,,P-20GPa,W-potential/03-npt-round-1/md/P-20GPa/multi_nnap_md.xyz,3906,0.2684857413,16.777872381230956,6.889217263,7.097784608,6.577501877,16,2.2285495928787373,passed,69,P-20GPa_frame00003906_U0.268486.poscar,False,,,,,,,,0.9997832781
npt_pressure,20,,P-20GPa,W-potential/03-npt-round-1/md/P-20GPa/multi_nnap_md.xyz,3956,0.3380538557,16.068450854519018,6.972685782,6.99944202,22.79798383,16,2.3615893458296235,passed,70,P-20GPa_frame00003956_U0.338054.poscar,False,,,,,,,,0.9999458686
npt_pressure,20,,P-20GPa,W-potential/03-npt-round-1/md/P-20GPa/multi_nnap_md.xyz,4006,0.7534377475,15.956761305857292,9.853000336,9.450297801,26.62472798,16,2.257178203265566,passed,71,P-20GPa_frame00004006_U0.753438.poscar,False,,,,,,,,0.9998345324
npt_pressure,20,,P-20GPa,W-potential/03-npt-round-1/md/P-20GPa/multi_nnap_md.xyz,4056,0.3843531709,16.466274406468695,9.280396411,9.151364777,17.13095916,16,2.1183393078679824,passed,72,P-20GPa_frame00004056_U0.384353.poscar,False,,,,,,,,0.9999117367
npt_pressure,20,,P-20GPa,W-potential/03-npt-round-1/md/P-20GPa/multi_nnap_md.xyz,4106,0.2561428646,16.031085183105063,4.187858399,4.201425033,18.8205939,16,2.406168751547819,passed,73,P-20GPa_frame00004106_U0.256143.poscar,False,,,,,,,,0.9999415933
npt_pressure,20,,P-20GPa,W-potential/03-npt-round-1/md/P-20GPa/multi_nnap_md.xyz,4156,0.2940260501,16.405514690164104,6.760352849,7.083473193,19.61079233,16,2.333492296187537,passed,74,P-20GPa_frame00004156_U0.294026.poscar,False,,,,,,,,0.999814309
npt_pressure,20,,P-20GPa,W-potential/03-npt-round-1/md/P-20GPa/multi_nnap_md.xyz,4206,0.2447466446,16.13294692011946,6.511615535,6.599560432,15.07247187,16,2.321782929643013,passed,75,P-20GPa_frame00004206_U0.244747.poscar,False,,,,,,,,0.9999535789
npt_pressure,20,,P-20GPa,W-potential/03-npt-round-1/md/P-20GPa/multi_nnap_md.xyz,4256,0.4536509607,17.21885151466865,8.852177708,8.902948983,9.21861755,16,2.25043559523198,passed,76,P-20GPa_frame00004256_U0.453651.poscar,False,,,,,,,,0.9997890604
npt_pressure,20,,P-20GPa,W-potential/03-npt-round-1/md/P-20GPa/multi_nnap_md.xyz,4306,0.3913031389,16.685891873814274,7.647789027,7.800114457,23.26298687,16,2.1672955136701573,passed,77,P-20GPa_frame00004306_U0.391303.poscar,False,,,,,,,,0.9998826302
npt_pressure,20,,P-20GPa,W-potential/03-npt-round-1/md/P-20GPa/multi_nnap_md.xyz,4356,0.2005946444,15.010679146381394,7.755432418,7.791011521,39.51918455,16,2.2939232324529293,passed,78,P-20GPa_frame00004356_U0.200595.poscar,False,,,,,,,,0.9999525848
npt_pressure,20,,P-20GPa,W-potential/03-npt-round-1/md/P-20GPa/multi_nnap_md.xyz,4406,0.2772454741,16.606550752835386,5.604958515,5.793250445,10.9324457,16,2.3860222073972728,passed,79,P-20GPa_frame00004406_U0.277245.poscar,False,,,,,,,,0.9998688314
npt_pressure,20,,P-20GPa,W-potential/03-npt-round-1/md/P-20GPa/multi_nnap_md.xyz,4456,0.3220476402,17.19215781532156,5.238197406,5.514710296,10.53583966,16,2.400253769455294,passed,80,P-20GPa_frame00004456_U0.322048.poscar,True,68,cur-fill,0.02046628473,000068.poscar,1.296727734e-05,2.20931132e-06,0.9994599785,0.999934503
npt_pressure,20,,P-20GPa,W-potential/03-npt-round-1/md/P-20GPa/multi_nnap_md.xyz,4506,0.200645548,15.888191012707107,5.414597854,5.383384926,19.42664428,16,2.3850312443820276,passed,81,P-20GPa_frame00004506_U0.200646.poscar,False,,,,,,,,0.9999754495
npt_pressure,20,,P-20GPa,W-potential/03-npt-round-1/md/P-20GPa/multi_nnap_md.xyz,4556,0.2934110195,16.146911906635626,5.809623831,5.993718629,17.26131199,16,2.3308529832323206,passed,82,P-20GPa_frame00004556_U0.293411.poscar,False,,,,,,,,0.9999459801
npt_pressure,20,,P-20GPa,W-potential/03-npt-round-1/md/P-20GPa/multi_nnap_md.xyz,4606,0.4792290868,16.59456551887031,11.94779875,11.51577605,27.38173356,16,2.1480182846304285,passed,83,P-20GPa_frame00004606_U0.479229.poscar,False,,,,,,,,0.9999682734
npt_pressure,20,,P-20GPa,W-potential/03-npt-round-1/md/P-20GPa/multi_nnap_md.xyz,4656,0.5788318956,16.678365670646404,10.89812325,10.44454526,17.61961807,16,2.0859370243410145,passed,84,P-20GPa_frame00004656_U0.578832.poscar,False,,,,,,,,0.9997720924
npt_pressure,20,,P-20GPa,W-potential/03-npt-round-1/md/P-20GPa/multi_nnap_md.xyz,4707,0.2224977855,16.060024253096817,6.340600883,6.338547955,14.58776842,16,2.3094991083455745,passed,85,P-20GPa_frame00004707_U0.222498.poscar,False,,,,,,,,0.9999905239
npt_pressure,20,,P-20GPa,W-potential/03-npt-round-1/md/P-20GPa/multi_nnap_md.xyz,4757,0.207486029,16.190589591354254,6.347601381,6.547926572,9.960926801,16,2.300969226505164,passed,86,P-20GPa_frame00004757_U0.207486.poscar,False,,,,,,,,0.999987876
npt_pressure,20,,P-20GPa,W-potential/03-npt-round-1/md/P-20GPa/multi_nnap_md.xyz,4807,0.3943370492,14.471121261452513,12.3635594,12.1751489,59.99868342,16,2.2242547938558883,passed,87,P-20GPa_frame00004807_U0.394337.poscar,False,,,,,,,,0.9999825461
npt_pressure,20,,P-20GPa,W-potential/03-npt-round-1/md/P-20GPa/multi_nnap_md.xyz,4857,0.2499632401,16.98885648315476,7.561840243,7.305372704,9.005862417,16,2.2610994373957256,passed,88,P-20GPa_frame00004857_U0.249963.poscar,False,,,,,,,,0.9998552716
npt_pressure,20,,P-20GPa,W-potential/03-npt-round-1/md/P-20GPa/multi_nnap_md.xyz,4907,0.3014713264,16.758845266401263,7.039718596,6.876736354,15.13101792,16,2.3057030244041097,passed,89,P-20GPa_frame00004907_U0.301471.poscar,False,,,,,,,,0.9997994304
npt_pressure,20,,P-20GPa,W-potential/03-npt-round-1/md/P-20GPa/multi_nnap_md.xyz,4957,0.3912100062,16.549200720284762,6.556352207,6.868745544,16.06294708,16,2.3529488890841312,passed,90,P-20GPa_frame00004957_U0.391210.poscar,True,80,cur-fill,0.007969687045,000080.poscar,5.173962253e-06,4.974711765e-07,0.9995964006,0.9998569328
npt_pressure,30,,P-30GPa,W-potential/03-npt-round-1/md/P-30GPa/multi_nnap_md.xyz,500,0.3378902614,16.337613180564283,6.198766148,6.362815676,25.25725291,16,2.2443489718682907,passed,1,P-30GPa_frame00000500_U0.337890.poscar,False,,,,,,,,0.9999392042
npt_pressure,30,,P-30GPa,W-potential/03-npt-round-1/md/P-30GPa/multi_nnap_md.xyz,550,0.3684504818,15.04423538139617,9.177891846,9.185626959,47.34811765,16,2.1765435667986446,passed,2,P-30GPa_frame00000550_U0.368450.poscar,False,,,,,,,,0.9999071828
npt_pressure,30,,P-30GPa,W-potential/03-npt-round-1/md/P-30GPa/multi_nnap_md.xyz,600,0.2721866284,16.265104008617556,7.127528679,7.330273981,19.09753186,16,2.2880233763820934,passed,3,P-30GPa_frame00000600_U0.272187.poscar,False,,,,,,,,0.9998652575
npt_pressure,30,,P-30GPa,W-potential/03-npt-round-1/md/P-30GPa/multi_nnap_md.xyz,650,0.28403766,14.763567954603054,7.241955362,7.465362394,52.32499978,16,2.2766397829519196,passed,4,P-30GPa_frame00000650_U0.284038.poscar,False,,,,,,,,0.9999306987
npt_pressure,30,,P-30GPa,W-potential/03-npt-round-1/md/P-30GPa/multi_nnap_md.xyz,700,0.248652779,16.23174455076831,6.404046962,6.634862254,12.17882883,16,2.3380205531489833,passed,5,P-30GPa_frame00000700_U0.248653.poscar,False,,,,,,,,0.9999781682
npt_pressure,30,,P-30GPa,W-potential/03-npt-round-1/md/P-30GPa/multi_nnap_md.xyz,750,0.3439017439,15.57612319627913,9.254029314,9.140873309,34.66289069,16,2.242600390589025,passed,6,P-30GPa_frame00000750_U0.343902.poscar,False,,,,,,,,0.9998711501
npt_pressure,30,,P-30GPa,W-potential/03-npt-round-1/md/P-30GPa/multi_nnap_md.xyz,800,0.3101978725,15.65656148752701,7.765280955,7.460972753,40.16206349,16,2.224328273130012,passed,7,P-30GPa_frame00000800_U0.310198.poscar,False,,,,,,,,0.9999695283
npt_pressure,30,,P-30GPa,W-potential/03-npt-round-1/md/P-30GPa/multi_nnap_md.xyz,850,0.2506947315,16.532849898306836,7.067321068,6.967622822,15.59311449,16,2.2585855362054974,passed,8,P-30GPa_frame00000850_U0.250695.poscar,False,,,,,,,,0.9999489109
npt_pressure,30,,P-30GPa,W-potential/03-npt-round-1/md/P-30GPa/multi_nnap_md.xyz,900,0.315541739,15.36696324333544,8.786687657,8.803066469,32.87463542,16,2.2884946900028598,passed,9,P-30GPa_frame00000900_U0.315542.poscar,False,,,,,,,,0.9999544856
npt_pressure,30,,P-30GPa,W-potential/03-npt-round-1/md/P-30GPa/multi_nnap_md.xyz,950,0.2650418754,15.749576369868498,8.486154277,8.34080895,22.19328117,16,2.2360413186731685,passed,10,P-30GPa_frame00000950_U0.265042.poscar,False,,,,,,,,0.9999597984
npt_pressure,30,,P-30GPa,W-potential/03-npt-round-1/md/P-30GPa/multi_nnap_md.xyz,1000,0.2075416261,15.418061503446646,7.444777715,7.438553619,31.70692477,16,2.335214802322091,passed,11,P-30GPa_frame00001000_U0.207542.poscar,False,,,,,,,,0.9999492966
npt_pressure,30,,P-30GPa,W-potential/03-npt-round-1/md/P-30GPa/multi_nnap_md.xyz,1050,0.2057162449,15.75879484022512,6.373943748,6.487114857,25.30460203,16,2.3292362646104894,passed,12,P-30GPa_frame00001050_U0.205716.poscar,False,,,,,,,,0.9999591075
npt_pressure,30,,P-30GPa,W-potential/03-npt-round-1/md/P-30GPa/multi_nnap_md.xyz,1100,0.3868747229,16.00132987358242,8.437412885,8.784156807,29.36136975,16,2.207777836123428,passed,13,P-30GPa_frame00001100_U0.386875.poscar,False,,,,,,,,0.9998223292
npt_pressure,30,,P-30GPa,W-potential/03-npt-round-1/md/P-30GPa/multi_nnap_md.xyz,1150,0.2836943964,15.760988876493984,6.121687018,6.16586858,25.81757935,16,2.3635394567908063,passed,14,P-30GPa_frame00001150_U0.283694.poscar,False,,,,,,,,0.9999707665
npt_pressure,30,,P-30GPa,W-potential/03-npt-round-1/md/P-30GPa/multi_nnap_md.xyz,1200,0.2527537491,15.771390113028902,7.019727815,7.143582473,27.1247392,16,2.2933339427122834,passed,15,P-30GPa_frame00001200_U0.252754.poscar,False,,,,,,,,0.9999399489
npt_pressure,30,,P-30GPa,W-potential/03-npt-round-1/md/P-30GPa/multi_nnap_md.xyz,1250,0.3385086561,15.549002252108407,7.49085491,7.717130009,32.76668539,16,2.3182753320137874,passed,16,P-30GPa_frame00001250_U0.338509.poscar,False,,,,,,,,0.9998563625
npt_pressure,30,,P-30GPa,W-potential/03-npt-round-1/md/P-30GPa/multi_nnap_md.xyz,1300,0.2832201385,15.170085458230032,8.520155033,8.810700324,38.32790275,16,2.2712454628245906,passed,17,P-30GPa_frame00001300_U0.283220.poscar,False,,,,,,,,0.9999630574
npt_pressure,30,,P-30GPa,W-potential/03-npt-round-1/md/P-30GPa/multi_nnap_md.xyz,1350,0.2402945949,15.926085652450858,6.629758943,6.643539336,14.27281882,16,2.280217377080328,passed,18,P-30GPa_frame00001350_U0.240295.poscar,False,,,,,,,,0.9999784853
npt_pressure,30,,P-30GPa,W-potential/03-npt-round-1/md/P-30GPa/multi_nnap_md.xyz,1404,0.2319393628,15.491147349537249,9.185361922,9.011942299,27.13767803,16,2.2063385444721115,passed,19,P-30GPa_frame00001404_U0.231939.poscar,False,,,,,,,,0.9999591671
npt_pressure,30,,P-30GPa,W-potential/03-npt-round-1/md/P-30GPa/multi_nnap_md.xyz,1454,0.3535917877,15.64097441481467,8.221401759,7.81247596,31.68256048,16,2.2355057230123023,passed,20,P-30GPa_frame00001454_U0.353592.poscar,False,,,,,,,,0.9998829393
npt_pressure,30,,P-30GPa,W-potential/03-npt-round-1/md/P-30GPa/multi_nnap_md.xyz,1504,0.4240851405,15.9184817265222,6.488625348,6.427646291,29.09623254,16,2.278373646279466,passed,21,P-30GPa_frame00001504_U0.424085.poscar,False,,,,,,,,0.9998962682
npt_pressure,30,,P-30GPa,W-potential/03-npt-round-1/md/P-30GPa/multi_nnap_md.xyz,1554,0.3691035789,15.646973436738808,7.387339796,7.710120354,41.11528474,16,2.3358469495809193,passed,22,P-30GPa_frame00001554_U0.369104.poscar,False,,,,,,,,0.9999182678
npt_pressure,30,,P-30GPa,W-potential/03-npt-round-1/md/P-30GPa/multi_nnap_md.xyz,1604,0.3354654477,15.762625455273877,7.929040319,7.927699935,31.13001776,16,2.2234785639643913,passed,23,P-30GPa_frame00001604_U0.335465.poscar,False,,,,,,,,0.9998607724
npt_pressure,30,,P-30GPa,W-potential/03-npt-round-1/md/P-30GPa/multi_nnap_md.xyz,1654,0.2628652267,15.101434057586522,8.491684384,8.684138565,40.68313821,16,2.3240980263419586,passed,24,P-30GPa_frame00001654_U0.262865.poscar,False,,,,,,,,0.9999358732
npt_pressure,30,,P-30GPa,W-potential/03-npt-round-1/md/P-30GPa/multi_nnap_md.xyz,1704,0.1962314704,15.814689808075887,6.609198998,6.699362686,20.22833433,16,2.312750446428178,passed,25,P-30GPa_frame00001704_U0.196231.poscar,False,,,,,,,,0.9999822273
npt_pressure,30,,P-30GPa,W-potential/03-npt-round-1/md/P-30GPa/multi_nnap_md.xyz,1754,0.2390483731,14.807297260300093,7.429187784,7.510213914,46.37427322,16,2.3330075502238916,passed,26,P-30GPa_frame00001754_U0.239048.poscar,False,,,,,,,,0.9999118836
npt_pressure,30,,P-30GPa,W-potential/03-npt-round-1/md/P-30GPa/multi_nnap_md.xyz,1804,0.3508529006,15.317677807961578,8.924612237,9.220129408,36.68059071,16,2.209685613272734,passed,27,P-30GPa_frame00001804_U0.350853.poscar,False,,,,,,,,0.9998549567
npt_pressure,30,,P-30GPa,W-potential/03-npt-round-1/md/P-30GPa/multi_nnap_md.xyz,1854,0.3329303982,15.953559050403525,8.507973249,8.499378467,25.96176856,16,2.2242865445995417,passed,28,P-30GPa_frame00001854_U0.332930.poscar,False,,,,,,,,0.9998338304
npt_pressure,30,,P-30GPa,W-potential/03-npt-round-1/md/P-30GPa/multi_nnap_md.xyz,1904,0.4372067717,15.470104545114621,8.730421767,8.857492403,45.36381916,16,2.2179564716278337,passed,29,P-30GPa_frame00001904_U0.437207.poscar,False,,,,,,,,0.9999492172
npt_pressure,30,,P-30GPa,W-potential/03-npt-round-1/md/P-30GPa/multi_nnap_md.xyz,1954,0.3168995447,16.9512754777495,8.836442401,9.056277675,10.03121757,16,2.21639174903094,passed,30,P-30GPa_frame00001954_U0.316900.poscar,True,81,cur-fill,0.007558746274,000081.poscar,5.173962253e-06,4.900002976e-07,0.9996472946,0.9998248828
npt_pressure,30,,P-30GPa,W-potential/03-npt-round-1/md/P-30GPa/multi_nnap_md.xyz,2004,0.2602558609,14.870712331841478,7.536869617,7.550897193,43.87740877,16,2.2839703099665543,passed,31,P-30GPa_frame00002004_U0.260256.poscar,False,,,,,,,,0.9999673037
npt_pressure,30,,P-30GPa,W-potential/03-npt-round-1/md/P-30GPa/multi_nnap_md.xyz,2060,0.2394036948,15.470855792663,7.82045881,7.904406683,27.22556995,16,2.2448601363651037,passed,32,P-30GPa_frame00002060_U0.239404.poscar,True,96,cur-fill,0.004842913519,000096.poscar,5.173962253e-06,4.650830894e-07,0.9994817758,0.999941019
npt_pressure,30,,P-30GPa,W-potential/03-npt-round-1/md/P-30GPa/multi_nnap_md.xyz,2110,0.2005791007,14.557379918092904,7.154585031,7.063560189,49.15505743,16,2.3046046240609215,passed,33,P-30GPa_frame00002110_U0.200579.poscar,False,,,,,,,,0.9999775043
npt_pressure,30,,P-30GPa,W-potential/03-npt-round-1/md/P-30GPa/multi_nnap_md.xyz,2160,0.2557587163,16.627465126730502,7.923832269,7.792214609,7.635847951,16,2.2014651727439034,passed,34,P-30GPa_frame00002160_U0.255759.poscar,False,,,,,,,,0.9998640994
npt_pressure,30,,P-30GPa,W-potential/03-npt-round-1/md/P-30GPa/multi_nnap_md.xyz,2210,0.3964076623,14.688082438255547,7.930276786,7.977585679,58.93744716,16,2.2255403369240647,passed,35,P-30GPa_frame00002210_U0.396408.poscar,False,,,,,,,,0.9999002676
npt_pressure,30,,P-30GPa,W-potential/03-npt-round-1/md/P-30GPa/multi_nnap_md.xyz,2260,0.2378356303,17.126320297786375,4.281789161,4.45244557,5.211806715,16,2.4065817575390693,passed,36,P-30GPa_frame00002260_U0.237836.poscar,False,,,,,,,,0.9997767528
npt_pressure,30,,P-30GPa,W-potential/03-npt-round-1/md/P-30GPa/multi_nnap_md.xyz,2310,0.2508908299,15.287927715242729,7.659329144,7.718767268,37.77632227,16,2.2699615006034914,passed,37,P-30GPa_frame00002310_U0.250891.poscar,False,,,,,,,,0.9998893145
npt_pressure,30,,P-30GPa,W-potential/03-npt-round-1/md/P-30GPa/multi_nnap_md.xyz,2360,0.2010541152,15.561312389951555,5.254004225,5.361996674,26.60996285,16,2.359352416241138,passed,38,P-30GPa_frame00002360_U0.201054.poscar,False,,,,,,,,0.999942187
npt_pressure,30,,P-30GPa,W-potential/03-npt-round-1/md/P-30GPa/multi_nnap_md.xyz,2410,0.2886473781,16.379833329449916,7.680869291,7.680479604,8.14910586,16,2.2310809721178795,passed,39,P-30GPa_frame00002410_U0.288647.poscar,False,,,,,,,,0.9999683837
npt_pressure,30,,P-30GPa,W-potential/03-npt-round-1/md/P-30GPa/multi_nnap_md.xyz,2460,0.2758968655,14.348507895895832,8.731402261,8.702247704,60.08793215,16,2.268283567488956,passed,40,P-30GPa_frame00002460_U0.275897.poscar,False,,,,,,,,0.9999730099
npt_pressure,30,,P-30GPa,W-potential/03-npt-round-1/md/P-30GPa/multi_nnap_md.xyz,2510,0.3549372482,16.791394705305855,7.32305857,7.578359849,15.70978465,16,2.2480473843718127,passed,41,P-30GPa_frame00002510_U0.354937.poscar,False,,,,,,,,0.9997480036
npt_pressure,30,,P-30GPa,W-potential/03-npt-round-1/md/P-30GPa/multi_nnap_md.xyz,2560,0.369287867,16.043335420252475,8.448356621,8.640216939,30.70912821,16,2.225501489561425,passed,42,P-30GPa_frame00002560_U0.369288.poscar,False,,,,,,,,0.9998989002
npt_pressure,30,,P-30GPa,W-potential/03-npt-round-1/md/P-30GPa/multi_nnap_md.xyz,2610,0.4541402343,15.233917192718172,10.35222982,10.43101727,41.36987607,16,2.225676603501315,passed,43,P-30GPa_frame00002610_U0.454140.poscar,False,,,,,,,,0.9999177952
npt_pressure,30,,P-30GPa,W-potential/03-npt-round-1/md/P-30GPa/multi_nnap_md.xyz,2660,0.1984342664,16.087092085924112,8.495166227,8.470559699,12.89783832,16,2.3218401416411987,passed,44,P-30GPa_frame00002660_U0.198434.poscar,False,,,,,,,,0.9999822504
npt_pressure,30,,P-30GPa,W-potential/03-npt-round-1/md/P-30GPa/multi_nnap_md.xyz,2710,0.2063088604,14.283152141891541,7.408549594,7.352262408,57.50452805,16,2.3117249589411193,passed,45,P-30GPa_frame00002710_U0.206309.poscar,True,87,cur-fill,0.005990669642,000087.poscar,5.173962253e-06,4.686155414e-07,0.9999502608,0.9999920568
npt_pressure,30,,P-30GPa,W-potential/03-npt-round-1/md/P-30GPa/multi_nnap_md.xyz,2760,0.2898122237,15.712335038067959,8.384832848,8.395004309,22.74623,16,2.293103231792017,passed,46,P-30GPa_frame00002760_U0.289812.poscar,False,,,,,,,,0.9999689908
npt_pressure,30,,P-30GPa,W-potential/03-npt-round-1/md/P-30GPa/multi_nnap_md.xyz,2810,0.3087943715,15.266646272622397,8.484711658,8.39524357,36.39750695,16,2.3537167625254853,passed,47,P-30GPa_frame00002810_U0.308794.poscar,False,,,,,,,,0.9999341925
npt_pressure,30,,P-30GPa,W-potential/03-npt-round-1/md/P-30GPa/multi_nnap_md.xyz,2860,0.3346169853,16.38228344973811,7.936328723,7.935012581,30.05218173,16,2.0987582206927042,passed,48,P-30GPa_frame00002860_U0.334617.poscar,False,,,,,,,,0.9999688156
npt_pressure,30,,P-30GPa,W-potential/03-npt-round-1/md/P-30GPa/multi_nnap_md.xyz,2910,0.2562209435,15.965832879151442,7.174613404,7.358225916,24.77181362,16,2.2194093716838266,passed,49,P-30GPa_frame00002910_U0.256221.poscar,False,,,,,,,,0.9998237424
npt_pressure,30,,P-30GPa,W-potential/03-npt-round-1/md/P-30GPa/multi_nnap_md.xyz,2960,0.213257224,14.925247965322402,8.250056711,8.271290857,39.96408266,16,2.2179336107422603,passed,50,P-30GPa_frame00002960_U0.213257.poscar,False,,,,,,,,0.9999522968
npt_pressure,30,,P-30GPa,W-potential/03-npt-round-1/md/P-30GPa/multi_nnap_md.xyz,3010,0.2314253997,16.48580572780417,6.061721394,6.223682411,13.13538024,16,2.315431888364427,passed,51,P-30GPa_frame00003010_U0.231425.poscar,False,,,,,,,,0.9999429308
npt_pressure,30,,P-30GPa,W-potential/03-npt-round-1/md/P-30GPa/multi_nnap_md.xyz,3060,0.4121983858,16.773736168407538,7.594091035,7.877961509,29.01191075,16,2.225090903710421,passed,52,P-30GPa_frame00003060_U0.412198.poscar,True,91,cur-fill,0.00569644655,000091.poscar,5.173962253e-06,6.464961174e-07,0.999059957,0.9999779595
npt_pressure,30,,P-30GPa,W-potential/03-npt-round-1/md/P-30GPa/multi_nnap_md.xyz,3110,0.2619466716,15.703154175492225,5.898744442,5.941235837,24.49242732,16,2.3472106479117065,passed,53,P-30GPa_frame00003110_U0.261947.poscar,False,,,,,,,,0.9999312321
npt_pressure,30,,P-30GPa,W-potential/03-npt-round-1/md/P-30GPa/multi_nnap_md.xyz,3161,0.2095050495,14.980293741547655,6.300389184,6.29722678,35.25133284,16,2.3378109988518387,passed,54,P-30GPa_frame00003161_U0.209505.poscar,False,,,,,,,,0.9999713021
npt_pressure,30,,P-30GPa,W-potential/03-npt-round-1/md/P-30GPa/multi_nnap_md.xyz,3211,0.2986232045,15.58440936181462,7.72185623,7.756261733,29.21285466,16,2.232649404318339,passed,55,P-30GPa_frame00003211_U0.298623.poscar,False,,,,,,,,0.9999193668
npt_pressure,30,,P-30GPa,W-potential/03-npt-round-1/md/P-30GPa/multi_nnap_md.xyz,3261,1.256204555,16.322781926600378,12.04042159,12.12800996,36.18433443,16,2.077839970120425,passed,56,P-30GPa_frame00003261_U1.256205.poscar,False,,,,,,,,0.9999594667
npt_pressure,30,,P-30GPa,W-potential/03-npt-round-1/md/P-30GPa/multi_nnap_md.xyz,3311,0.2738414791,15.323500842785796,7.004631396,7.134496004,32.109868,16,2.274706970494615,passed,57,P-30GPa_frame00003311_U0.273841.poscar,False,,,,,,,,0.99991182
npt_pressure,30,,P-30GPa,W-potential/03-npt-round-1/md/P-30GPa/multi_nnap_md.xyz,3361,0.2439608582,16.31533196054457,6.623155343,6.463993414,13.32350076,16,2.3092683851404687,passed,58,P-30GPa_frame00003361_U0.243961.poscar,False,,,,,,,,0.9999654642
npt_pressure,30,,P-30GPa,W-potential/03-npt-round-1/md/P-30GPa/multi_nnap_md.xyz,3411,0.444841332,15.436248810054133,8.278988504,8.228021208,50.93389687,16,2.1521124359868717,passed,59,P-30GPa_frame00003411_U0.444841.poscar,False,,,,,,,,0.9999557985
npt_pressure,30,,P-30GPa,W-potential/03-npt-round-1/md/P-30GPa/multi_nnap_md.xyz,3461,0.2966750414,16.377834663596946,5.375978432,5.478732951,17.09881386,16,2.321501886061604,passed,60,P-30GPa_frame00003461_U0.296675.poscar,False,,,,,,,,0.9997771828
npt_pressure,30,,P-30GPa,W-potential/03-npt-round-1/md/P-30GPa/multi_nnap_md.xyz,3511,0.2669820468,15.404503907136299,7.675234647,7.669626234,31.04180243,16,2.2414588467004672,passed,61,P-30GPa_frame00003511_U0.266982.poscar,False,,,,,,,,0.9999179303
npt_pressure,30,,P-30GPa,W-potential/03-npt-round-1/md/P-30GPa/multi_nnap_md.xyz,3561,0.280251214,14.867559465436177,7.872175547,8.212024835,49.24943528,16,2.3107339142272783,passed,62,P-30GPa_frame00003561_U0.280251.poscar,False,,,,,,,,0.999883188
npt_pressure,30,,P-30GPa,W-potential/03-npt-round-1/md/P-30GPa/multi_nnap_md.xyz,3611,0.2880065221,16.736736750367218,6.928562072,6.84406639,14.15849491,16,2.1964462540804317,passed,63,P-30GPa_frame00003611_U0.288007.poscar,False,,,,,,,,0.9998801069
npt_pressure,30,,P-30GPa,W-potential/03-npt-round-1/md/P-30GPa/multi_nnap_md.xyz,3661,0.3227484976,15.507818960927606,7.325198602,7.367556999,39.82563363,16,2.2822485037015685,passed,64,P-30GPa_frame00003661_U0.322748.poscar,False,,,,,,,,0.999977775
npt_pressure,30,,P-30GPa,W-potential/03-npt-round-1/md/P-30GPa/multi_nnap_md.xyz,3712,0.1995732462,15.558115677537296,5.865339515,5.91457218,25.13535463,16,2.2808329838542787,passed,65,P-30GPa_frame00003712_U0.199573.poscar,False,,,,,,,,0.9999410929
npt_pressure,30,,P-30GPa,W-potential/03-npt-round-1/md/P-30GPa/multi_nnap_md.xyz,3764,0.2083643913,14.797522672371509,7.273177558,7.406353684,44.80811783,16,2.254371036775709,passed,66,P-30GPa_frame00003764_U0.208364.poscar,False,,,,,,,,0.9999772719
npt_pressure,30,,P-30GPa,W-potential/03-npt-round-1/md/P-30GPa/multi_nnap_md.xyz,3814,0.3196146856,16.121632449530544,4.880722141,4.971524651,27.41671079,16,2.3510070033025063,passed,67,P-30GPa_frame00003814_U0.319615.poscar,False,,,,,,,,0.9998728303
npt_pressure,30,,P-30GPa,W-potential/03-npt-round-1/md/P-30GPa/multi_nnap_md.xyz,3864,0.2786272081,15.754523047385714,5.940083256,6.079196727,24.10491198,16,2.295712072838348,passed,68,P-30GPa_frame00003864_U0.278627.poscar,False,,,,,,,,0.9998700035
npt_pressure,30,,P-30GPa,W-potential/03-npt-round-1/md/P-30GPa/multi_nnap_md.xyz,3914,0.2854322617,15.724233298942275,7.040924997,6.851135714,23.26287314,16,2.292306453756364,passed,69,P-30GPa_frame00003914_U0.285432.poscar,True,92,cur-fill,0.005603381617,000092.poscar,5.173962253e-06,4.057013814e-07,0.9990356996,0.9999447471
npt_pressure,30,,P-30GPa,W-potential/03-npt-round-1/md/P-30GPa/multi_nnap_md.xyz,3964,0.3192251292,15.25764902922332,8.743549669,8.556777211,41.74865663,16,2.221682035025191,passed,70,P-30GPa_frame00003964_U0.319225.poscar,False,,,,,,,,0.9999066049
npt_pressure,30,,P-30GPa,W-potential/03-npt-round-1/md/P-30GPa/multi_nnap_md.xyz,4014,0.3885115406,16.03254481467826,5.786513141,5.957807546,30.16890404,16,2.2034307388117074,passed,71,P-30GPa_frame00004014_U0.388512.poscar,False,,,,,,,,0.9999853102
npt_pressure,30,,P-30GPa,W-potential/03-npt-round-1/md/P-30GPa/multi_nnap_md.xyz,4066,0.2011826976,14.990394941865201,5.70312486,5.803760103,38.23942325,16,2.2981235152460546,passed,72,P-30GPa_frame00004066_U0.201183.poscar,False,,,,,,,,0.9999411435
npt_pressure,30,,P-30GPa,W-potential/03-npt-round-1/md/P-30GPa/multi_nnap_md.xyz,4116,0.296133987,15.916191737856556,6.146449206,6.446532146,26.07492631,16,2.393560169579466,passed,73,P-30GPa_frame00004116_U0.296134.poscar,True,35,cur-fill,0.01847292303,000035.poscar,0.0005394585842,8.802291325e-05,0.999192552,0.9999197594
npt_pressure,30,,P-30GPa,W-potential/03-npt-round-1/md/P-30GPa/multi_nnap_md.xyz,4166,0.3704364598,15.243613884145477,7.244934662,7.47973451,46.17707962,16,2.2004694738178325,passed,74,P-30GPa_frame00004166_U0.370436.poscar,False,,,,,,,,0.9999586872
npt_pressure,30,,P-30GPa,W-potential/03-npt-round-1/md/P-30GPa/multi_nnap_md.xyz,4216,0.3161244863,16.443792625903054,7.444129968,7.63753499,15.42751225,16,2.2744076959765813,passed,75,P-30GPa_frame00004216_U0.316124.poscar,False,,,,,,,,0.99979327
npt_pressure,30,,P-30GPa,W-potential/03-npt-round-1/md/P-30GPa/multi_nnap_md.xyz,4266,0.2675662634,15.427045165999948,5.468159659,5.463124594,29.45213777,16,2.341131434527178,passed,76,P-30GPa_frame00004266_U0.267566.poscar,False,,,,,,,,0.9998857184
npt_pressure,30,,P-30GPa,W-potential/03-npt-round-1/md/P-30GPa/multi_nnap_md.xyz,4316,0.3357120671,15.33874379679459,7.03631617,7.061506591,47.71218693,16,2.214465023157046,passed,77,P-30GPa_frame00004316_U0.335712.poscar,False,,,,,,,,0.9999281913
npt_pressure,30,,P-30GPa,W-potential/03-npt-round-1/md/P-30GPa/multi_nnap_md.xyz,4366,0.2930358452,15.799462695288899,8.124840741,8.042357264,26.90976533,16,2.2960549259151666,passed,78,P-30GPa_frame00004366_U0.293036.poscar,False,,,,,,,,0.9998834101
npt_pressure,30,,P-30GPa,W-potential/03-npt-round-1/md/P-30GPa/multi_nnap_md.xyz,4416,0.2518294315,15.177244927390683,7.416915291,7.546538775,34.77482045,16,2.3843633958320933,passed,79,P-30GPa_frame00004416_U0.251829.poscar,True,100,cur-fill,0.004420092557,000100.poscar,5.173962253e-06,3.705488054e-07,0.9995225567,0.9999611054
npt_pressure,30,,P-30GPa,W-potential/03-npt-round-1/md/P-30GPa/multi_nnap_md.xyz,4466,0.2199304231,15.400504218014293,6.529871942,6.598820655,29.14591604,16,2.3869556676096275,passed,80,P-30GPa_frame00004466_U0.219930.poscar,False,,,,,,,,0.9999421419
npt_pressure,30,,P-30GPa,W-potential/03-npt-round-1/md/P-30GPa/multi_nnap_md.xyz,4516,0.2908557989,15.830473231138091,4.78931653,4.850648445,24.56702759,16,2.4719128450243186,passed,81,P-30GPa_frame00004516_U0.290856.poscar,True,49,cur-fill,0.02174084754,000049.poscar,0.000146676997,2.33647293e-05,0.9981283738,0.999936078
npt_pressure,30,,P-30GPa,W-potential/03-npt-round-1/md/P-30GPa/multi_nnap_md.xyz,4566,0.5876703179,15.565865283358955,11.25324203,11.29606893,39.29018663,16,2.1969240543973165,passed,82,P-30GPa_frame00004566_U0.587670.poscar,False,,,,,,,,0.9998868168
npt_pressure,30,,P-30GPa,W-potential/03-npt-round-1/md/P-30GPa/multi_nnap_md.xyz,4616,0.3531051071,16.241387231850865,8.663968632,8.457353836,24.63658524,16,2.19775776506918,passed,83,P-30GPa_frame00004616_U0.353105.poscar,False,,,,,,,,0.999828912
npt_pressure,30,,P-30GPa,W-potential/03-npt-round-1/md/P-30GPa/multi_nnap_md.xyz,4666,0.2843990293,15.653381395417819,7.374314159,7.403046015,31.54358649,16,2.3383890347845324,passed,84,P-30GPa_frame00004666_U0.284399.poscar,False,,,,,,,,0.9998595429
npt_pressure,30,,P-30GPa,W-potential/03-npt-round-1/md/P-30GPa/multi_nnap_md.xyz,4716,0.2646036189,15.972089900368404,6.215640135,6.368015886,16.04990547,16,2.382039948266751,passed,85,P-30GPa_frame00004716_U0.264604.poscar,False,,,,,,,,0.9999812957
npt_pressure,30,,P-30GPa,W-potential/03-npt-round-1/md/P-30GPa/multi_nnap_md.xyz,4766,0.281588379,15.272203166921416,7.429047936,7.413501277,40.44619139,16,2.286075069091167,passed,86,P-30GPa_frame00004766_U0.281588.poscar,False,,,,,,,,0.9998770255
npt_pressure,30,,P-30GPa,W-potential/03-npt-round-1/md/P-30GPa/multi_nnap_md.xyz,4816,0.3077917785,15.974503658012686,8.182203418,8.004362013,32.86023991,16,2.1750653717079413,passed,87,P-30GPa_frame00004816_U0.307792.poscar,False,,,,,,,,0.9999453256
npt_pressure,30,,P-30GPa,W-potential/03-npt-round-1/md/P-30GPa/multi_nnap_md.xyz,4866,0.3699618749,16.68239148324911,10.57209906,10.42271229,21.43960725,16,2.205422609144131,passed,88,P-30GPa_frame00004866_U0.369962.poscar,False,,,,,,,,0.9998949889
npt_pressure,30,,P-30GPa,W-potential/03-npt-round-1/md/P-30GPa/multi_nnap_md.xyz,4918,0.1998697821,14.656226613821888,6.939309413,7.086454803,52.6502154,16,2.359985159499403,passed,89,P-30GPa_frame00004918_U0.199870.poscar,False,,,,,,,,0.9999790098
npt_pressure,30,,P-30GPa,W-potential/03-npt-round-1/md/P-30GPa/multi_nnap_md.xyz,4968,0.3215576477,16.185799164947802,5.946065657,5.758049368,17.44707745,16,2.3082835842456784,passed,90,P-30GPa_frame00004968_U0.321558.poscar,False,,,,,,,,0.9999137529
npt_pressure,40,,P-40GPa,W-potential/03-npt-round-1/md/P-40GPa/multi_nnap_md.xyz,501,0.2356548359,14.939245752527746,8.538811234,8.669570594,40.94246613,16,2.258484048020603,passed,1,P-40GPa_frame00000501_U0.235655.poscar,False,,,,,,,,0.999962373
npt_pressure,40,,P-40GPa,W-potential/03-npt-round-1/md/P-40GPa/multi_nnap_md.xyz,551,0.210147919,14.868983702049562,8.756222777,8.762393561,41.28437489,16,2.371397875987664,passed,2,P-40GPa_frame00000551_U0.210148.poscar,False,,,,,,,,0.9999832683
npt_pressure,40,,P-40GPa,W-potential/03-npt-round-1/md/P-40GPa/multi_nnap_md.xyz,601,0.2759857599,15.332817622843404,7.460362826,7.705490325,37.331911,16,2.2546102432666615,passed,3,P-40GPa_frame00000601_U0.275986.poscar,False,,,,,,,,0.9998520167
npt_pressure,40,,P-40GPa,W-potential/03-npt-round-1/md/P-40GPa/multi_nnap_md.xyz,651,0.5086538982,15.44687743351152,9.673946523,9.888798084,42.78753813,16,2.1859300492028173,passed,4,P-40GPa_frame00000651_U0.508654.poscar,True,76,cur-fill,0.009130931789,000076.poscar,5.173962253e-06,5.44923562e-07,0.9987894313,0.9999465992
npt_pressure,40,,P-40GPa,W-potential/03-npt-round-1/md/P-40GPa/multi_nnap_md.xyz,701,0.3674566242,15.060031262704676,10.61816305,10.25913907,45.32949848,16,2.0928946648337656,passed,5,P-40GPa_frame00000701_U0.367457.poscar,False,,,,,,,,0.9999014838
npt_pressure,40,,P-40GPa,W-potential/03-npt-round-1/md/P-40GPa/multi_nnap_md.xyz,751,0.3432020663,15.783633822377595,8.885901777,8.871857977,22.7948301,16,2.190216544362721,passed,6,P-40GPa_frame00000751_U0.343202.poscar,False,,,,,,,,0.9999489392
npt_pressure,40,,P-40GPa,W-potential/03-npt-round-1/md/P-40GPa/multi_nnap_md.xyz,801,0.4351204596,13.848102695785164,10.77469668,11.17904157,80.66397986,16,2.2828943959581784,passed,7,P-40GPa_frame00000801_U0.435120.poscar,False,,,,,,,,0.9999568436
npt_pressure,40,,P-40GPa,W-potential/03-npt-round-1/md/P-40GPa/multi_nnap_md.xyz,851,0.2566293894,15.941983836953439,7.807526632,7.557045971,20.7437753,16,2.1739803659979993,passed,8,P-40GPa_frame00000851_U0.256629.poscar,False,,,,,,,,0.9999286937
npt_pressure,40,,P-40GPa,W-potential/03-npt-round-1/md/P-40GPa/multi_nnap_md.xyz,901,0.4392984834,13.842709324123394,9.677723276,9.855776574,89.5931343,16,2.1298651390163297,passed,9,P-40GPa_frame00000901_U0.439298.poscar,False,,,,,,,,0.9999781917
npt_pressure,40,,P-40GPa,W-potential/03-npt-round-1/md/P-40GPa/multi_nnap_md.xyz,951,0.3695798864,16.38647860584527,7.129500085,7.28541804,19.60165485,16,2.3128402395851086,passed,10,P-40GPa_frame00000951_U0.369580.poscar,False,,,,,,,,0.9998441939
npt_pressure,40,,P-40GPa,W-potential/03-npt-round-1/md/P-40GPa/multi_nnap_md.xyz,1001,0.4091457376,14.812210519459839,11.74730059,11.43115139,54.18261473,16,2.128256843810589,passed,11,P-40GPa_frame00001001_U0.409146.poscar,False,,,,,,,,0.9999058805
npt_pressure,40,,P-40GPa,W-potential/03-npt-round-1/md/P-40GPa/multi_nnap_md.xyz,1051,0.2915426164,15.346157810378914,7.484202739,7.666032716,35.99432166,16,2.3417341726565275,passed,12,P-40GPa_frame00001051_U0.291543.poscar,False,,,,,,,,0.9998630351
npt_pressure,40,,P-40GPa,W-potential/03-npt-round-1/md/P-40GPa/multi_nnap_md.xyz,1101,0.227321016,15.651498360736955,7.540437459,7.701256176,25.29131611,16,2.2568989276816467,passed,13,P-40GPa_frame00001101_U0.227321.poscar,False,,,,,,,,0.9999603505
npt_pressure,40,,P-40GPa,W-potential/03-npt-round-1/md/P-40GPa/multi_nnap_md.xyz,1151,0.2715274196,14.054416888632646,10.22021001,10.21361369,69.15496777,16,2.1399084247231595,passed,14,P-40GPa_frame00001151_U0.271527.poscar,True,75,cur-fill,0.009520924606,000075.poscar,5.173962253e-06,5.662978739e-07,0.9983648187,0.9999927761
npt_pressure,40,,P-40GPa,W-potential/03-npt-round-1/md/P-40GPa/multi_nnap_md.xyz,1201,0.2338623427,15.916230064187506,8.82413601,9.032432891,17.72522744,16,2.3025847645106237,passed,15,P-40GPa_frame00001201_U0.233862.poscar,False,,,,,,,,0.999992908
npt_pressure,40,,P-40GPa,W-potential/03-npt-round-1/md/P-40GPa/multi_nnap_md.xyz,1253,0.1948818472,14.845305602311663,8.809182048,8.924426898,44.68932143,16,2.2558528149197796,passed,16,P-40GPa_frame00001253_U0.194882.poscar,False,,,,,,,,0.9999659669
npt_pressure,40,,P-40GPa,W-potential/03-npt-round-1/md/P-40GPa/multi_nnap_md.xyz,1303,0.2524827451,14.707404709583066,8.289428595,8.461414392,49.98447123,16,2.335210373048328,passed,17,P-40GPa_frame00001303_U0.252483.poscar,False,,,,,,,,0.999943986
npt_pressure,40,,P-40GPa,W-potential/03-npt-round-1/md/P-40GPa/multi_nnap_md.xyz,1353,0.2707268823,15.926133906392796,9.54390609,9.424406998,23.27573486,16,2.174097757777085,passed,18,P-40GPa_frame00001353_U0.270727.poscar,False,,,,,,,,0.9999002521
npt_pressure,40,,P-40GPa,W-potential/03-npt-round-1/md/P-40GPa/multi_nnap_md.xyz,1403,0.3202584234,13.971364456204265,7.722390877,7.443154317,76.43390981,16,2.3276306385608287,passed,19,P-40GPa_frame00001403_U0.320258.poscar,False,,,,,,,,0.9999742383
npt_pressure,40,,P-40GPa,W-potential/03-npt-round-1/md/P-40GPa/multi_nnap_md.xyz,1453,0.2798686616,15.885793028724212,6.779097536,6.911981648,21.87820442,16,2.295049007474239,passed,20,P-40GPa_frame00001453_U0.279869.poscar,False,,,,,,,,0.9999466644
npt_pressure,40,,P-40GPa,W-potential/03-npt-round-1/md/P-40GPa/multi_nnap_md.xyz,1503,0.2909046049,14.570332169406498,9.263760988,9.19094507,55.14045441,16,2.175104084147121,passed,21,P-40GPa_frame00001503_U0.290905.poscar,True,94,cur-fill,0.005011111089,000094.poscar,5.173962253e-06,4.314267213e-07,0.9994510585,0.9999219933
npt_pressure,40,,P-40GPa,W-potential/03-npt-round-1/md/P-40GPa/multi_nnap_md.xyz,1553,0.403385835,15.627344902133899,10.45980573,10.39551242,28.75256574,16,2.0743188107026236,passed,22,P-40GPa_frame00001553_U0.403386.poscar,False,,,,,,,,0.999888441
npt_pressure,40,,P-40GPa,W-potential/03-npt-round-1/md/P-40GPa/multi_nnap_md.xyz,1603,0.3092611606,14.95844207889372,7.027188542,7.150981588,47.75511672,16,2.231772489923369,passed,23,P-40GPa_frame00001603_U0.309261.poscar,False,,,,,,,,0.999908602
npt_pressure,40,,P-40GPa,W-potential/03-npt-round-1/md/P-40GPa/multi_nnap_md.xyz,1654,0.1976650055,14.631378071024752,8.022727396,8.178752487,50.49352968,16,2.2729241517521235,passed,24,P-40GPa_frame00001654_U0.197665.poscar,True,6,cur-fill,0.009912068586,000006.poscar,0.04406763046,0.004607776386,0.9936579735,0.9999771727
npt_pressure,40,,P-40GPa,W-potential/03-npt-round-1/md/P-40GPa/multi_nnap_md.xyz,1704,0.1956858148,15.63919136236256,6.34255062,6.542086595,22.49997237,16,2.2980817476677298,passed,25,P-40GPa_frame00001704_U0.195686.poscar,False,,,,,,,,0.9999834627
npt_pressure,40,,P-40GPa,W-potential/03-npt-round-1/md/P-40GPa/multi_nnap_md.xyz,1754,0.292999013,14.175513321381652,10.7129856,10.81959221,67.28997607,16,2.2389879522020113,passed,26,P-40GPa_frame00001754_U0.292999.poscar,False,,,,,,,,0.9999931101
npt_pressure,40,,P-40GPa,W-potential/03-npt-round-1/md/P-40GPa/multi_nnap_md.xyz,1804,0.2687776453,15.432748348055151,7.431206121,7.409667336,32.90038243,16,2.313256388606768,passed,27,P-40GPa_frame00001804_U0.268778.poscar,False,,,,,,,,0.9998799109
npt_pressure,40,,P-40GPa,W-potential/03-npt-round-1/md/P-40GPa/multi_nnap_md.xyz,1854,0.307536967,15.107442687077578,7.502888204,7.551660096,44.38924736,16,2.2223755935530973,passed,28,P-40GPa_frame00001854_U0.307537.poscar,True,98,cur-fill,0.00475817395,000098.poscar,5.173962253e-06,3.726332401e-07,0.9990820304,0.9998408631
npt_pressure,40,,P-40GPa,W-potential/03-npt-round-1/md/P-40GPa/multi_nnap_md.xyz,1904,0.3543614351,15.598670603920844,8.374013757,8.455039505,31.42035792,16,2.3262819801036634,passed,29,P-40GPa_frame00001904_U0.354361.poscar,False,,,,,,,,0.99987673
npt_pressure,40,,P-40GPa,W-potential/03-npt-round-1/md/P-40GPa/multi_nnap_md.xyz,1954,0.4086932384,15.32132193903116,8.256637884,8.203277951,42.19924724,16,2.280105358194884,passed,30,P-40GPa_frame00001954_U0.408693.poscar,False,,,,,,,,0.9998746638
npt_pressure,40,,P-40GPa,W-potential/03-npt-round-1/md/P-40GPa/multi_nnap_md.xyz,2004,0.4559473745,15.141420067880881,9.570683551,9.854601158,44.05674261,16,2.27558957816703,passed,31,P-40GPa_frame00002004_U0.455947.poscar,False,,,,,,,,0.9998959236
npt_pressure,40,,P-40GPa,W-potential/03-npt-round-1/md/P-40GPa/multi_nnap_md.xyz,2054,0.2375736033,15.418390482008622,7.698833041,7.685089675,32.77046724,16,2.2931419619309685,passed,32,P-40GPa_frame00002054_U0.237574.poscar,False,,,,,,,,0.9998854251
npt_pressure,40,,P-40GPa,W-potential/03-npt-round-1/md/P-40GPa/multi_nnap_md.xyz,2104,0.2523793174,14.898369515406934,8.5502045,8.719359353,44.61544763,16,2.236434252062499,passed,33,P-40GPa_frame00002104_U0.252379.poscar,False,,,,,,,,0.9999487126
npt_pressure,40,,P-40GPa,W-potential/03-npt-round-1/md/P-40GPa/multi_nnap_md.xyz,2154,0.2953019269,15.168684824069604,8.963917235,8.854275621,37.21154654,16,2.1933106547560093,passed,34,P-40GPa_frame00002154_U0.295302.poscar,False,,,,,,,,0.9999254673
npt_pressure,40,,P-40GPa,W-potential/03-npt-round-1/md/P-40GPa/multi_nnap_md.xyz,2204,0.2933538164,14.947811076461406,7.842213759,7.941231848,46.50461931,16,2.244888646867145,passed,35,P-40GPa_frame00002204_U0.293354.poscar,False,,,,,,,,0.999905887
npt_pressure,40,,P-40GPa,W-potential/03-npt-round-1/md/P-40GPa/multi_nnap_md.xyz,2254,0.2611895127,15.04309536254968,7.55232894,7.597922752,39.93670712,16,2.3516237837013345,passed,36,P-40GPa_frame00002254_U0.261190.poscar,False,,,,,,,,0.9999409829
npt_pressure,40,,P-40GPa,W-potential/03-npt-round-1/md/P-40GPa/multi_nnap_md.xyz,2304,0.3549980209,15.351665015059252,8.536303274,8.258035604,35.30961296,16,2.20797375692857,passed,37,P-40GPa_frame00002304_U0.354998.poscar,False,,,,,,,,0.9999105858
npt_pressure,40,,P-40GPa,W-potential/03-npt-round-1/md/P-40GPa/multi_nnap_md.xyz,2354,0.3159330213,14.927252623320713,10.9117492,10.89027382,45.63587976,16,2.12588749016003,passed,38,P-40GPa_frame00002354_U0.315933.poscar,False,,,,,,,,0.9999649339
npt_pressure,40,,P-40GPa,W-potential/03-npt-round-1/md/P-40GPa/multi_nnap_md.xyz,2404,0.4007006503,15.469244668129045,8.767146263,8.6535596,33.61951405,16,2.3524665207622037,passed,39,P-40GPa_frame00002404_U0.400701.poscar,False,,,,,,,,0.9999053591
npt_pressure,40,,P-40GPa,W-potential/03-npt-round-1/md/P-40GPa/multi_nnap_md.xyz,2454,0.3439876743,14.648854385715001,10.60575009,10.47123873,57.98568774,16,2.2731696865573503,passed,40,P-40GPa_frame00002454_U0.343988.poscar,False,,,,,,,,0.9999413561
npt_pressure,40,,P-40GPa,W-potential/03-npt-round-1/md/P-40GPa/multi_nnap_md.xyz,2504,0.3565456701,15.677281993551405,9.610049703,9.546247861,27.22959757,16,2.227392036235601,passed,41,P-40GPa_frame00002504_U0.356546.poscar,False,,,,,,,,0.9999441086
npt_pressure,40,,P-40GPa,W-potential/03-npt-round-1/md/P-40GPa/multi_nnap_md.xyz,2554,0.3009827435,14.98408107192707,7.746983296,7.793518496,44.54563894,16,2.27635129702561,passed,42,P-40GPa_frame00002554_U0.300983.poscar,False,,,,,,,,0.9999127419
npt_pressure,40,,P-40GPa,W-potential/03-npt-round-1/md/P-40GPa/multi_nnap_md.xyz,2604,0.3072407815,14.823917482031769,9.287340514,9.059426611,46.70076107,16,2.164954677574103,passed,43,P-40GPa_frame00002604_U0.307241.poscar,False,,,,,,,,0.9999333055
npt_pressure,40,,P-40GPa,W-potential/03-npt-round-1/md/P-40GPa/multi_nnap_md.xyz,2655,0.2180713878,15.526031442192977,6.294525657,6.393972055,27.85281335,16,2.306786955420333,passed,44,P-40GPa_frame00002655_U0.218071.poscar,False,,,,,,,,0.999931372
npt_pressure,40,,P-40GPa,W-potential/03-npt-round-1/md/P-40GPa/multi_nnap_md.xyz,2705,0.2879782077,14.80712456608348,8.653231466,8.664047506,48.98074911,16,2.3022455918626386,passed,45,P-40GPa_frame00002705_U0.287978.poscar,False,,,,,,,,0.9999125015
npt_pressure,40,,P-40GPa,W-potential/03-npt-round-1/md/P-40GPa/multi_nnap_md.xyz,2755,0.2593612967,15.595371078614676,7.225116613,7.307121722,32.24620548,16,2.2611557542049416,passed,46,P-40GPa_frame00002755_U0.259361.poscar,False,,,,,,,,0.999847946
npt_pressure,40,,P-40GPa,W-potential/03-npt-round-1/md/P-40GPa/multi_nnap_md.xyz,2805,0.2944718894,15.412057883776646,8.398369146,8.45520477,38.39569815,16,2.218014444461287,passed,47,P-40GPa_frame00002805_U0.294472.poscar,False,,,,,,,,0.999933166
npt_pressure,40,,P-40GPa,W-potential/03-npt-round-1/md/P-40GPa/multi_nnap_md.xyz,2855,0.3915832481,15.037492104110003,8.222956801,8.331692134,49.5117708,16,2.2502937914217105,passed,48,P-40GPa_frame00002855_U0.391583.poscar,False,,,,,,,,0.9998560449
npt_pressure,40,,P-40GPa,W-potential/03-npt-round-1/md/P-40GPa/multi_nnap_md.xyz,2905,0.2879089925,15.408310864150913,7.102256038,7.104607314,32.18671428,16,2.2692777210395754,passed,49,P-40GPa_frame00002905_U0.287909.poscar,False,,,,,,,,0.9998909549
npt_pressure,40,,P-40GPa,W-potential/03-npt-round-1/md/P-40GPa/multi_nnap_md.xyz,2955,0.3279848884,15.041100368898425,6.484746618,6.481506302,41.59925752,16,2.3289798365779015,passed,50,P-40GPa_frame00002955_U0.327985.poscar,False,,,,,,,,0.9999211658
npt_pressure,40,,P-40GPa,W-potential/03-npt-round-1/md/P-40GPa/multi_nnap_md.xyz,3005,0.2248943866,15.569847677497103,8.124640102,8.182646705,29.81147397,16,2.213382211443304,passed,51,P-40GPa_frame00003005_U0.224894.poscar,False,,,,,,,,0.9998702826
npt_pressure,40,,P-40GPa,W-potential/03-npt-round-1/md/P-40GPa/multi_nnap_md.xyz,3055,0.2686622156,14.793520994227327,8.251292644,8.179354115,49.35390403,16,2.2727978435211167,passed,52,P-40GPa_frame00003055_U0.268662.poscar,False,,,,,,,,0.9999401108
npt_pressure,40,,P-40GPa,W-potential/03-npt-round-1/md/P-40GPa/multi_nnap_md.xyz,3105,0.2821219279,15.762038832261334,7.177149955,7.343066917,26.45414744,16,2.3585294671143973,passed,53,P-40GPa_frame00003105_U0.282122.poscar,False,,,,,,,,0.9999311143
npt_pressure,40,,P-40GPa,W-potential/03-npt-round-1/md/P-40GPa/multi_nnap_md.xyz,3155,0.4357221456,14.874764453105788,7.533994774,8.039626172,53.55809949,16,2.3144067752330324,passed,54,P-40GPa_frame00003155_U0.435722.poscar,False,,,,,,,,0.9998276626
npt_pressure,40,,P-40GPa,W-potential/03-npt-round-1/md/P-40GPa/multi_nnap_md.xyz,3205,0.2564640221,15.772166213872513,10.38342454,10.09100247,22.76749459,16,2.2109901323740764,passed,55,P-40GPa_frame00003205_U0.256464.poscar,False,,,,,,,,0.9999673181
npt_pressure,40,,P-40GPa,W-potential/03-npt-round-1/md/P-40GPa/multi_nnap_md.xyz,3255,0.4268274528,14.46841606138311,11.23982831,11.04794342,58.76050553,16,2.150833259634618,passed,56,P-40GPa_frame00003255_U0.426827.poscar,False,,,,,,,,0.9999524742
npt_pressure,40,,P-40GPa,W-potential/03-npt-round-1/md/P-40GPa/multi_nnap_md.xyz,3305,0.2579363038,15.196719437848857,8.049948267,7.870461104,34.55116131,16,2.251106627396533,passed,57,P-40GPa_frame00003305_U0.257936.poscar,False,,,,,,,,0.9999555293
npt_pressure,40,,P-40GPa,W-potential/03-npt-round-1/md/P-40GPa/multi_nnap_md.xyz,3355,0.2709679369,14.967312676369026,9.834574159,9.68713645,41.89223182,16,2.1500863862958117,passed,58,P-40GPa_frame00003355_U0.270968.poscar,False,,,,,,,,0.9999585594
npt_pressure,40,,P-40GPa,W-potential/03-npt-round-1/md/P-40GPa/multi_nnap_md.xyz,3405,0.2477124248,15.284125298663279,7.508938857,7.587974204,37.50665453,16,2.3246346179340764,passed,59,P-40GPa_frame00003405_U0.247712.poscar,False,,,,,,,,0.9999069735
npt_pressure,40,,P-40GPa,W-potential/03-npt-round-1/md/P-40GPa/multi_nnap_md.xyz,3455,0.3136710498,15.239266103162862,7.469023749,7.523887275,43.86231664,16,2.3042901484479996,passed,60,P-40GPa_frame00003455_U0.313671.poscar,False,,,,,,,,0.9998537016
npt_pressure,40,,P-40GPa,W-potential/03-npt-round-1/md/P-40GPa/multi_nnap_md.xyz,3505,0.2494150808,15.35287012852286,8.131550543,8.267863469,37.04855637,16,2.2214550595171874,passed,61,P-40GPa_frame00003505_U0.249415.poscar,False,,,,,,,,0.9998327141
npt_pressure,40,,P-40GPa,W-potential/03-npt-round-1/md/P-40GPa/multi_nnap_md.xyz,3555,0.2220090468,15.2184814887281,7.093419209,7.044008663,37.56632818,16,2.296730064703345,passed,62,P-40GPa_frame00003555_U0.222009.poscar,False,,,,,,,,0.9998978492
npt_pressure,40,,P-40GPa,W-potential/03-npt-round-1/md/P-40GPa/multi_nnap_md.xyz,3605,0.319217308,14.48903594737682,9.095661891,9.04025411,58.92038575,16,2.2298911860538606,passed,63,P-40GPa_frame00003605_U0.319217.poscar,False,,,,,,,,0.9999611894
npt_pressure,40,,P-40GPa,W-potential/03-npt-round-1/md/P-40GPa/multi_nnap_md.xyz,3655,0.2505493189,15.139996051572092,7.977019764,7.650426845,34.08295653,16,2.3085110492498546,passed,64,P-40GPa_frame00003655_U0.250549.poscar,False,,,,,,,,0.999950299
npt_pressure,40,,P-40GPa,W-potential/03-npt-round-1/md/P-40GPa/multi_nnap_md.xyz,3705,0.2812442959,14.483605929712963,9.432522751,9.175362996,57.25627521,16,2.2428393366945047,passed,65,P-40GPa_frame00003705_U0.281244.poscar,False,,,,,,,,0.9999609571
npt_pressure,40,,P-40GPa,W-potential/03-npt-round-1/md/P-40GPa/multi_nnap_md.xyz,3755,0.323266906,15.87035375831055,9.118959791,9.281360099,30.20065498,16,2.156222753375002,passed,66,P-40GPa_frame00003755_U0.323267.poscar,False,,,,,,,,0.999930268
npt_pressure,40,,P-40GPa,W-potential/03-npt-round-1/md/P-40GPa/multi_nnap_md.xyz,3805,0.3425322497,14.846779777804368,7.34033325,7.315255405,52.19529319,16,2.2993366440745686,passed,67,P-40GPa_frame00003805_U0.342532.poscar,False,,,,,,,,0.9998539175
npt_pressure,40,,P-40GPa,W-potential/03-npt-round-1/md/P-40GPa/multi_nnap_md.xyz,3855,0.2126272076,15.858003949446942,7.506911094,7.346698619,19.67054323,16,2.212277525005221,passed,68,P-40GPa_frame00003855_U0.212627.poscar,False,,,,,,,,0.9999848697
npt_pressure,40,,P-40GPa,W-potential/03-npt-round-1/md/P-40GPa/multi_nnap_md.xyz,3905,0.2315728531,14.590749160307752,6.336198262,6.459453396,53.52092605,16,2.357728706788733,passed,69,P-40GPa_frame00003905_U0.231573.poscar,False,,,,,,,,0.9999175735
npt_pressure,40,,P-40GPa,W-potential/03-npt-round-1/md/P-40GPa/multi_nnap_md.xyz,3955,0.2340300506,16.13050228547508,6.545496338,6.486395124,17.12749372,16,2.271095671771709,passed,70,P-40GPa_frame00003955_U0.234030.poscar,False,,,,,,,,0.9999567141
npt_pressure,40,,P-40GPa,W-potential/03-npt-round-1/md/P-40GPa/multi_nnap_md.xyz,4005,0.3179847542,14.372645070989137,12.59059254,12.17979976,62.99099293,16,2.099834355163245,passed,71,P-40GPa_frame00004005_U0.317985.poscar,True,89,cur-fill,0.005742002442,000089.poscar,5.173962253e-06,4.420414028e-07,0.9998337467,0.9999783547
npt_pressure,40,,P-40GPa,W-potential/03-npt-round-1/md/P-40GPa/multi_nnap_md.xyz,4055,0.2974651784,15.656302106248793,9.404127198,9.430864601,27.75952167,16,2.1671219436846507,passed,72,P-40GPa_frame00004055_U0.297465.poscar,False,,,,,,,,0.9999256538
npt_pressure,40,,P-40GPa,W-potential/03-npt-round-1/md/P-40GPa/multi_nnap_md.xyz,4105,0.30433218,15.034663248806536,6.410414545,6.748178391,44.57631026,16,2.3229803832288196,passed,73,P-40GPa_frame00004105_U0.304332.poscar,False,,,,,,,,0.9998712766
npt_pressure,40,,P-40GPa,W-potential/03-npt-round-1/md/P-40GPa/multi_nnap_md.xyz,4155,0.3201907309,14.869421064140194,7.450556015,7.433144858,48.20373548,16,2.353924462997842,passed,74,P-40GPa_frame00004155_U0.320191.poscar,False,,,,,,,,0.9999199268
npt_pressure,40,,P-40GPa,W-potential/03-npt-round-1/md/P-40GPa/multi_nnap_md.xyz,4205,0.2862941432,16.15133054848948,7.303346113,7.497649967,21.205634,16,2.370125452959075,passed,75,P-40GPa_frame00004205_U0.286294.poscar,False,,,,,,,,0.9999290063
npt_pressure,40,,P-40GPa,W-potential/03-npt-round-1/md/P-40GPa/multi_nnap_md.xyz,4255,0.2352244578,15.016704957710951,7.969793879,8.125121711,41.40399796,16,2.351559449883325,passed,76,P-40GPa_frame00004255_U0.235224.poscar,False,,,,,,,,0.9999376602
npt_pressure,40,,P-40GPa,W-potential/03-npt-round-1/md/P-40GPa/multi_nnap_md.xyz,4305,0.224022455,15.515747989478944,7.755265368,7.685172342,26.50569603,16,2.263358426185019,passed,77,P-40GPa_frame00004305_U0.224022.poscar,False,,,,,,,,0.9999569053
npt_pressure,40,,P-40GPa,W-potential/03-npt-round-1/md/P-40GPa/multi_nnap_md.xyz,4355,0.2841439737,14.606925513452175,8.418917422,8.471215073,53.78592838,16,2.3391900710022684,passed,78,P-40GPa_frame00004355_U0.284144.poscar,False,,,,,,,,0.9999169257
npt_pressure,40,,P-40GPa,W-potential/03-npt-round-1/md/P-40GPa/multi_nnap_md.xyz,4405,0.3019434727,15.610047648543004,6.188871236,5.851597106,30.22514605,16,2.3027298649777985,passed,79,P-40GPa_frame00004405_U0.301943.poscar,False,,,,,,,,0.999851085
npt_pressure,40,,P-40GPa,W-potential/03-npt-round-1/md/P-40GPa/multi_nnap_md.xyz,4455,0.2352115696,16.08077877320778,5.643843042,5.727472859,21.40395435,16,2.3078678002205484,passed,80,P-40GPa_frame00004455_U0.235212.poscar,False,,,,,,,,0.999879337
npt_pressure,40,,P-40GPa,W-potential/03-npt-round-1/md/P-40GPa/multi_nnap_md.xyz,4505,0.3189003147,14.586780546047487,8.214703389,8.063657712,60.52523793,16,2.2340244477539453,passed,81,P-40GPa_frame00004505_U0.318900.poscar,False,,,,,,,,0.999840927
npt_pressure,40,,P-40GPa,W-potential/03-npt-round-1/md/P-40GPa/multi_nnap_md.xyz,4555,0.29651091,15.054655302710252,7.252573832,7.414767061,42.2013,16,2.3536961481821805,passed,82,P-40GPa_frame00004555_U0.296511.poscar,False,,,,,,,,0.9998917816
npt_pressure,40,,P-40GPa,W-potential/03-npt-round-1/md/P-40GPa/multi_nnap_md.xyz,4605,0.2213609638,15.380861788602585,6.695249082,6.479327074,32.71329861,16,2.3713383373560406,passed,83,P-40GPa_frame00004605_U0.221361.poscar,False,,,,,,,,0.9999311654
npt_pressure,40,,P-40GPa,W-potential/03-npt-round-1/md/P-40GPa/multi_nnap_md.xyz,4655,0.3393608631,15.002617922763672,7.446453839,7.662232825,53.1224318,16,2.2558683818339675,passed,84,P-40GPa_frame00004655_U0.339361.poscar,False,,,,,,,,0.9998489817
npt_pressure,40,,P-40GPa,W-potential/03-npt-round-1/md/P-40GPa/multi_nnap_md.xyz,4705,0.2886462227,15.545376749474709,6.569713545,6.54774433,37.77387468,16,2.285902558516381,passed,85,P-40GPa_frame00004705_U0.288646.poscar,False,,,,,,,,0.99994026
npt_pressure,40,,P-40GPa,W-potential/03-npt-round-1/md/P-40GPa/multi_nnap_md.xyz,4755,0.3173804735,15.447893852406828,10.29397486,10.09089202,32.21614038,16,2.179902834468355,passed,86,P-40GPa_frame00004755_U0.317380.poscar,False,,,,,,,,0.9999095544
npt_pressure,40,,P-40GPa,W-potential/03-npt-round-1/md/P-40GPa/multi_nnap_md.xyz,4808,0.2045082777,14.389379111436856,6.541320387,6.735115776,56.77060528,16,2.3158677766187714,passed,87,P-40GPa_frame00004808_U0.204508.poscar,False,,,,,,,,0.9999673077
npt_pressure,40,,P-40GPa,W-potential/03-npt-round-1/md/P-40GPa/multi_nnap_md.xyz,4858,0.2964500104,15.340785203202238,9.831855727,9.911142158,33.48562804,16,2.2334212897220755,passed,88,P-40GPa_frame00004858_U0.296450.poscar,False,,,,,,,,0.9999203305
npt_pressure,40,,P-40GPa,W-potential/03-npt-round-1/md/P-40GPa/multi_nnap_md.xyz,4908,0.2628342404,16.12213066381476,6.777999246,6.864894557,25.46946766,16,2.2542662505368534,passed,89,P-40GPa_frame00004908_U0.262834.poscar,False,,,,,,,,0.9998961791
npt_pressure,40,,P-40GPa,W-potential/03-npt-round-1/md/P-40GPa/multi_nnap_md.xyz,4958,0.5638956589,14.855945187733884,9.935144235,9.394730754,63.07949152,16,2.1825761615175456,passed,90,P-40GPa_frame00004958_U0.563896.poscar,False,,,,,,,,0.999832547
npt_pressure,50,,P-50GPa,W-potential/03-npt-round-1/md/P-50GPa/multi_nnap_md.xyz,500,0.3294955898,15.765179154678314,7.035341959,7.001477262,32.39224856,16,2.2899527256522147,passed,1,P-50GPa_frame00000500_U0.329496.poscar,False,,,,,,,,0.9999467374
npt_pressure,50,,P-50GPa,W-potential/03-npt-round-1/md/P-50GPa/multi_nnap_md.xyz,550,0.4858196048,14.790731456846878,9.966647766,10.06217118,61.76855987,16,2.184631419323659,passed,2,P-50GPa_frame00000550_U0.485820.poscar,False,,,,,,,,0.9998381308
npt_pressure,50,,P-50GPa,W-potential/03-npt-round-1/md/P-50GPa/multi_nnap_md.xyz,600,0.5203944637,14.511031162837355,12.32644219,12.20585154,60.02481719,16,2.1679324297876645,passed,3,P-50GPa_frame00000600_U0.520394.poscar,False,,,,,,,,0.9999909127
npt_pressure,50,,P-50GPa,W-potential/03-npt-round-1/md/P-50GPa/multi_nnap_md.xyz,650,0.1953518888,14.61837455461617,8.614399629,8.873747777,45.27157507,16,2.2293943943860617,passed,4,P-50GPa_frame00000650_U0.195352.poscar,False,,,,,,,,0.999975262
npt_pressure,50,,P-50GPa,W-potential/03-npt-round-1/md/P-50GPa/multi_nnap_md.xyz,707,0.2154145126,14.126744826080703,8.438164204,8.289040529,62.35996606,16,2.23594388505509,passed,5,P-50GPa_frame00000707_U0.215415.poscar,False,,,,,,,,0.9999944786
npt_pressure,50,,P-50GPa,W-potential/03-npt-round-1/md/P-50GPa/multi_nnap_md.xyz,758,0.2488304818,14.47785593409152,9.704282525,9.572139424,53.72657141,16,2.2985486170714613,passed,6,P-50GPa_frame00000758_U0.248830.poscar,True,84,cur-fill,0.00716658793,000084.poscar,5.173962253e-06,5.049542651e-07,0.9989552103,0.999952887
npt_pressure,50,,P-50GPa,W-potential/03-npt-round-1/md/P-50GPa/multi_nnap_md.xyz,808,0.8517369769,14.467941944808834,14.52829459,13.15847666,66.23548125,16,2.110427437922659,passed,7,P-50GPa_frame00000808_U0.851737.poscar,False,,,,,,,,0.9999159107
npt_pressure,50,,P-50GPa,W-potential/03-npt-round-1/md/P-50GPa/multi_nnap_md.xyz,858,0.463164116,14.935305848445726,10.68691778,10.52821031,58.36592591,16,2.180853756296089,passed,8,P-50GPa_frame00000858_U0.463164.poscar,True,33,cur-fill,0.02758453897,000033.poscar,0.0008078278437,0.0001424728286,0.9975541629,0.9998418949
npt_pressure,50,,P-50GPa,W-potential/03-npt-round-1/md/P-50GPa/multi_nnap_md.xyz,908,0.3995040549,15.27923530387661,8.003424033,7.997710184,45.8551374,16,2.23644637165855,passed,9,P-50GPa_frame00000908_U0.399504.poscar,False,,,,,,,,0.9999611929
npt_pressure,50,,P-50GPa,W-potential/03-npt-round-1/md/P-50GPa/multi_nnap_md.xyz,958,0.2430983507,14.53563361806848,8.433407529,8.623186227,55.43560589,16,2.2896465796102277,passed,10,P-50GPa_frame00000958_U0.243098.poscar,False,,,,,,,,0.9999493618
npt_pressure,50,,P-50GPa,W-potential/03-npt-round-1/md/P-50GPa/multi_nnap_md.xyz,1012,0.204609574,14.579390797203228,9.349828496,9.585378296,48.62093335,16,2.268102545203494,passed,11,P-50GPa_frame00001012_U0.204610.poscar,True,82,cur-fill,0.007535481303,000082.poscar,5.173962253e-06,4.618624687e-07,0.9994529666,0.9999748603
npt_pressure,50,,P-50GPa,W-potential/03-npt-round-1/md/P-50GPa/multi_nnap_md.xyz,1065,0.2016928295,14.193903097305235,9.645695324,9.799349101,61.22085765,16,2.1667783997803465,passed,12,P-50GPa_frame00001065_U0.201693.poscar,False,,,,,,,,0.9999923243
npt_pressure,50,,P-50GPa,W-potential/03-npt-round-1/md/P-50GPa/multi_nnap_md.xyz,1115,0.2049700202,14.957458796537168,5.71585302,5.767984411,38.21818021,16,2.419736483385235,passed,13,P-50GPa_frame00001115_U0.204970.poscar,False,,,,,,,,0.99994595
npt_pressure,50,,P-50GPa,W-potential/03-npt-round-1/md/P-50GPa/multi_nnap_md.xyz,1165,0.2624969566,14.909602416132211,8.696704422,8.715866978,46.70973699,16,2.253539075350232,passed,14,P-50GPa_frame00001165_U0.262497.poscar,False,,,,,,,,0.9998967211
npt_pressure,50,,P-50GPa,W-potential/03-npt-round-1/md/P-50GPa/multi_nnap_md.xyz,1215,0.3445664469,14.998376771288733,7.356517359,7.755161194,50.52579731,16,2.2526278247132048,passed,15,P-50GPa_frame00001215_U0.344566.poscar,False,,,,,,,,0.9998662052
npt_pressure,50,,P-50GPa,W-potential/03-npt-round-1/md/P-50GPa/multi_nnap_md.xyz,1265,0.3464532371,15.32625251958545,7.240272216,7.519993645,44.02829909,16,2.2516288647227776,passed,16,P-50GPa_frame00001265_U0.346453.poscar,False,,,,,,,,0.9999521455
npt_pressure,50,,P-50GPa,W-potential/03-npt-round-1/md/P-50GPa/multi_nnap_md.xyz,1315,0.362169192,14.752001914102067,8.97823007,8.960490621,52.48979863,16,2.2429831864850907,passed,17,P-50GPa_frame00001315_U0.362169.poscar,False,,,,,,,,0.9998917063
npt_pressure,50,,P-50GPa,W-potential/03-npt-round-1/md/P-50GPa/multi_nnap_md.xyz,1365,0.3149130117,14.044026858165337,9.517837394,9.689986692,68.94056574,16,2.293801059610935,passed,18,P-50GPa_frame00001365_U0.314913.poscar,False,,,,,,,,0.9999842385
npt_pressure,50,,P-50GPa,W-potential/03-npt-round-1/md/P-50GPa/multi_nnap_md.xyz,1419,0.2287322387,14.357623268818648,10.11874512,9.794257981,55.04805788,16,2.2068344350826963,passed,19,P-50GPa_frame00001419_U0.228732.poscar,True,83,cur-fill,0.007295385198,000083.poscar,5.173962253e-06,5.786493745e-07,0.9995053345,0.9999708453
npt_pressure,50,,P-50GPa,W-potential/03-npt-round-1/md/P-50GPa/multi_nnap_md.xyz,1469,0.5566586824,14.74626924219791,7.906949627,7.934308888,62.32179587,16,2.2458083146678667,passed,20,P-50GPa_frame00001469_U0.556659.poscar,False,,,,,,,,0.9998506667
npt_pressure,50,,P-50GPa,W-potential/03-npt-round-1/md/P-50GPa/multi_nnap_md.xyz,1519,0.3639836176,15.319215430805336,6.234231539,5.940474563,40.45348426,16,2.3339073549242824,passed,21,P-50GPa_frame00001519_U0.363984.poscar,False,,,,,,,,0.9999277609
npt_pressure,50,,P-50GPa,W-potential/03-npt-round-1/md/P-50GPa/multi_nnap_md.xyz,1569,0.3058869617,14.99721915197325,6.992008975,6.964410512,45.61362868,16,2.375051377286257,passed,22,P-50GPa_frame00001569_U0.305887.poscar,False,,,,,,,,0.9998541557
npt_pressure,50,,P-50GPa,W-potential/03-npt-round-1/md/P-50GPa/multi_nnap_md.xyz,1619,0.3084099548,14.614851274910457,11.18119656,11.18732348,49.44058351,16,2.135636830553583,passed,23,P-50GPa_frame00001619_U0.308410.poscar,False,,,,,,,,0.9999742088
npt_pressure,50,,P-50GPa,W-potential/03-npt-round-1/md/P-50GPa/multi_nnap_md.xyz,1669,0.3962086164,15.23336783273053,8.642638588,8.619556822,44.52936557,16,2.210410300878032,passed,24,P-50GPa_frame00001669_U0.396209.poscar,False,,,,,,,,0.999895723
npt_pressure,50,,P-50GPa,W-potential/03-npt-round-1/md/P-50GPa/multi_nnap_md.xyz,1719,0.4453497582,14.411081628651944,8.129539002,7.864538996,76.22513044,16,2.2672056704228756,passed,25,P-50GPa_frame00001719_U0.445350.poscar,True,62,cur-fill,0.01651637913,000062.poscar,2.805626118e-05,3.847789505e-06,0.9982814542,0.9998214778
npt_pressure,50,,P-50GPa,W-potential/03-npt-round-1/md/P-50GPa/multi_nnap_md.xyz,1769,0.3287501069,15.13870537291444,8.949005001,8.981127353,41.9785826,16,2.2704943028744955,passed,26,P-50GPa_frame00001769_U0.328750.poscar,False,,,,,,,,0.9998716539
npt_pressure,50,,P-50GPa,W-potential/03-npt-round-1/md/P-50GPa/multi_nnap_md.xyz,1819,0.2184835015,14.833668645737783,6.522924396,6.735454839,44.13194529,16,2.3076858164728002,passed,27,P-50GPa_frame00001819_U0.218484.poscar,False,,,,,,,,0.9999425994
npt_pressure,50,,P-50GPa,W-potential/03-npt-round-1/md/P-50GPa/multi_nnap_md.xyz,1869,0.2469983752,14.073884430312331,6.5923651,6.570904256,65.08398685,16,2.3486515585167598,passed,28,P-50GPa_frame00001869_U0.246998.poscar,False,,,,,,,,0.9999971555
npt_pressure,50,,P-50GPa,W-potential/03-npt-round-1/md/P-50GPa/multi_nnap_md.xyz,1919,0.279561344,14.541369962137656,6.516544016,6.626219155,57.57327443,16,2.289575619176438,passed,29,P-50GPa_frame00001919_U0.279561.poscar,False,,,,,,,,0.9999231485
npt_pressure,50,,P-50GPa,W-potential/03-npt-round-1/md/P-50GPa/multi_nnap_md.xyz,1969,0.2825642709,15.896482552460432,6.051887423,6.058052186,23.47615079,16,2.3196525199043894,passed,30,P-50GPa_frame00001969_U0.282564.poscar,False,,,,,,,,0.9998951989
npt_pressure,50,,P-50GPa,W-potential/03-npt-round-1/md/P-50GPa/multi_nnap_md.xyz,2019,0.3559981055,14.879763891623526,8.541074565,8.636920205,50.94596941,16,2.1762494411999054,passed,31,P-50GPa_frame00002019_U0.355998.poscar,False,,,,,,,,0.9998635633
npt_pressure,50,,P-50GPa,W-potential/03-npt-round-1/md/P-50GPa/multi_nnap_md.xyz,2069,0.4475786425,14.070350867156638,10.01860792,10.12933074,74.96822106,16,2.1318474085145254,passed,32,P-50GPa_frame00002069_U0.447579.poscar,False,,,,,,,,0.9998934143
npt_pressure,50,,P-50GPa,W-potential/03-npt-round-1/md/P-50GPa/multi_nnap_md.xyz,2119,0.244600056,15.10772453727476,6.269017026,6.147774904,37.78588171,16,2.3530854493730797,passed,33,P-50GPa_frame00002119_U0.244600.poscar,False,,,,,,,,0.9999000166
npt_pressure,50,,P-50GPa,W-potential/03-npt-round-1/md/P-50GPa/multi_nnap_md.xyz,2169,0.2255357876,15.497195655612911,5.80761154,5.808290582,28.21819834,16,2.4454499040555913,passed,34,P-50GPa_frame00002169_U0.225536.poscar,False,,,,,,,,0.999939432
npt_pressure,50,,P-50GPa,W-potential/03-npt-round-1/md/P-50GPa/multi_nnap_md.xyz,2219,0.4002053934,14.419483407298776,9.252944745,9.237234758,62.96222039,16,2.271333328455539,passed,35,P-50GPa_frame00002219_U0.400205.poscar,False,,,,,,,,0.9999879028
npt_pressure,50,,P-50GPa,W-potential/03-npt-round-1/md/P-50GPa/multi_nnap_md.xyz,2269,0.4337413468,14.846800633583893,9.479724285,9.319856395,50.76284271,16,2.223273898757744,passed,36,P-50GPa_frame00002269_U0.433741.poscar,True,3,cur-fill,0.004031200593,000003.poscar,0.1536632838,0.0104189408,0.9737530598,0.9998861603
npt_pressure,50,,P-50GPa,W-potential/03-npt-round-1/md/P-50GPa/multi_nnap_md.xyz,2319,0.3359920566,15.265990588568743,9.877118569,9.60367129,39.79005731,16,2.113310048529585,passed,37,P-50GPa_frame00002319_U0.335992.poscar,False,,,,,,,,0.9998675232
npt_pressure,50,,P-50GPa,W-potential/03-npt-round-1/md/P-50GPa/multi_nnap_md.xyz,2369,0.2838689829,14.63334695859094,7.628501412,7.648817241,56.15828858,16,2.28016254321231,passed,38,P-50GPa_frame00002369_U0.283869.poscar,False,,,,,,,,0.9999276758
npt_pressure,50,,P-50GPa,W-potential/03-npt-round-1/md/P-50GPa/multi_nnap_md.xyz,2419,0.1976814869,14.885243683240649,6.487939376,6.573936772,41.82808329,16,2.4011842368815453,passed,39,P-50GPa_frame00002419_U0.197681.poscar,False,,,,,,,,0.9999673774
npt_pressure,50,,P-50GPa,W-potential/03-npt-round-1/md/P-50GPa/multi_nnap_md.xyz,2470,0.2152636253,14.938165279911582,6.555274873,6.529614222,41.981494,16,2.2921545160687886,passed,40,P-50GPa_frame00002470_U0.215264.poscar,False,,,,,,,,0.9999497557
npt_pressure,50,,P-50GPa,W-potential/03-npt-round-1/md/P-50GPa/multi_nnap_md.xyz,2520,0.2226834712,15.06327745261069,7.248530489,7.343006913,41.83360539,16,2.3368173364532487,passed,41,P-50GPa_frame00002520_U0.222683.poscar,False,,,,,,,,0.9999506582
npt_pressure,50,,P-50GPa,W-potential/03-npt-round-1/md/P-50GPa/multi_nnap_md.xyz,2570,0.4356372456,14.678676694992546,9.802462602,10.11200885,56.85654308,16,2.2819267693229257,passed,42,P-50GPa_frame00002570_U0.435637.poscar,False,,,,,,,,0.9999500955
npt_pressure,50,,P-50GPa,W-potential/03-npt-round-1/md/P-50GPa/multi_nnap_md.xyz,2620,0.2709442185,14.950914194193093,7.219142767,7.34019513,47.26676797,16,2.3063942109332407,passed,43,P-50GPa_frame00002620_U0.270944.poscar,False,,,,,,,,0.9998838056
npt_pressure,50,,P-50GPa,W-potential/03-npt-round-1/md/P-50GPa/multi_nnap_md.xyz,2670,0.3660441635,14.964383449021774,8.06522488,8.129775185,47.1732357,16,2.2591955035280766,passed,44,P-50GPa_frame00002670_U0.366044.poscar,True,86,cur-fill,0.006222224781,000086.poscar,5.173962253e-06,4.235627912e-07,0.9968436515,0.9998841337
npt_pressure,50,,P-50GPa,W-potential/03-npt-round-1/md/P-50GPa/multi_nnap_md.xyz,2720,0.2867792403,13.878063655386681,8.064454659,8.160929028,77.85269344,16,2.3280256148385705,passed,45,P-50GPa_frame00002720_U0.286779.poscar,False,,,,,,,,0.9999578315
npt_pressure,50,,P-50GPa,W-potential/03-npt-round-1/md/P-50GPa/multi_nnap_md.xyz,2770,0.4105984774,14.916428412717359,10.08197905,10.18614381,50.31429621,16,2.2247589859774237,passed,46,P-50GPa_frame00002770_U0.410598.poscar,False,,,,,,,,0.9998556609
npt_pressure,50,,P-50GPa,W-potential/03-npt-round-1/md/P-50GPa/multi_nnap_md.xyz,2820,0.2928510566,15.480137816574803,7.203094734,7.195578225,33.71718628,16,2.230663739940829,passed,47,P-50GPa_frame00002820_U0.292851.poscar,False,,,,,,,,0.9998508419
npt_pressure,50,,P-50GPa,W-potential/03-npt-round-1/md/P-50GPa/multi_nnap_md.xyz,2870,0.4224006761,14.59418016074197,9.148121432,9.079318242,60.52538143,16,2.27238005512427,passed,48,P-50GPa_frame00002870_U0.422401.poscar,True,97,cur-fill,0.004821096437,000097.poscar,5.173962253e-06,3.683460987e-07,0.9996795731,0.9999553338
npt_pressure,50,,P-50GPa,W-potential/03-npt-round-1/md/P-50GPa/multi_nnap_md.xyz,2920,0.3114698737,14.742354795337247,7.280639111,7.462626993,54.58549737,16,2.2382923778125936,passed,49,P-50GPa_frame00002920_U0.311470.poscar,False,,,,,,,,0.9998660207
npt_pressure,50,,P-50GPa,W-potential/03-npt-round-1/md/P-50GPa/multi_nnap_md.xyz,2971,0.2335068651,15.185898101469217,7.341985695,7.44126261,35.75368323,16,2.2905116706642747,passed,50,P-50GPa_frame00002971_U0.233507.poscar,False,,,,,,,,0.9999595139
npt_pressure,50,,P-50GPa,W-potential/03-npt-round-1/md/P-50GPa/multi_nnap_md.xyz,3021,0.2351821061,14.670902422365886,7.487449396,7.670500958,50.57829356,16,2.3138137034605077,passed,51,P-50GPa_frame00003021_U0.235182.poscar,True,95,cur-fill,0.004920336828,000095.poscar,5.173962253e-06,5.156613513e-07,0.9993705927,0.9999367734
npt_pressure,50,,P-50GPa,W-potential/03-npt-round-1/md/P-50GPa/multi_nnap_md.xyz,3072,0.2441312144,14.13820571329917,7.014296319,6.933939764,67.65033726,16,2.3503429709354373,passed,52,P-50GPa_frame00003072_U0.244131.poscar,False,,,,,,,,0.9999937915
npt_pressure,50,,P-50GPa,W-potential/03-npt-round-1/md/P-50GPa/multi_nnap_md.xyz,3122,0.2751813448,14.79065184882464,11.2495458,11.06857307,49.95678067,16,2.1640534828699387,passed,53,P-50GPa_frame00003122_U0.275181.poscar,False,,,,,,,,0.9999128425
npt_pressure,50,,P-50GPa,W-potential/03-npt-round-1/md/P-50GPa/multi_nnap_md.xyz,3172,0.3180548741,15.523843545176542,8.183924656,8.000738065,37.01290602,16,2.2771650620626507,passed,54,P-50GPa_frame00003172_U0.318055.poscar,False,,,,,,,,0.9999173266
npt_pressure,50,,P-50GPa,W-potential/03-npt-round-1/md/P-50GPa/multi_nnap_md.xyz,3222,0.372224674,14.714203574939203,9.777792062,9.838877162,58.98165053,16,2.193207713663487,passed,55,P-50GPa_frame00003222_U0.372225.poscar,True,77,cur-fill,0.008675983537,000077.poscar,5.173962253e-06,6.96545759e-07,0.9977558978,0.9998984569
npt_pressure,50,,P-50GPa,W-potential/03-npt-round-1/md/P-50GPa/multi_nnap_md.xyz,3272,0.2598129406,14.182147710953744,9.443698327,9.188931785,67.32206117,16,2.1788673456285355,passed,56,P-50GPa_frame00003272_U0.259813.poscar,False,,,,,,,,0.9999873885
npt_pressure,50,,P-50GPa,W-potential/03-npt-round-1/md/P-50GPa/multi_nnap_md.xyz,3322,0.2169187562,15.387730265234875,6.980763618,7.083986914,28.53492448,16,2.338638338607092,passed,57,P-50GPa_frame00003322_U0.216919.poscar,False,,,,,,,,0.9999496432
npt_pressure,50,,P-50GPa,W-potential/03-npt-round-1/md/P-50GPa/multi_nnap_md.xyz,3372,0.2002704795,15.055046336708113,7.517797159,7.418845,36.75113058,16,2.370677943843676,passed,58,P-50GPa_frame00003372_U0.200270.poscar,False,,,,,,,,0.9999602259
npt_pressure,50,,P-50GPa,W-potential/03-npt-round-1/md/P-50GPa/multi_nnap_md.xyz,3424,0.2348201556,14.121756935234702,9.596937878,9.563350896,67.71843712,16,2.235896567511661,passed,59,P-50GPa_frame00003424_U0.234820.poscar,False,,,,,,,,0.9999772356
npt_pressure,50,,P-50GPa,W-potential/03-npt-round-1/md/P-50GPa/multi_nnap_md.xyz,3474,0.4073780646,13.940950982544148,10.09772277,10.06219878,78.14044594,16,2.2086943676905246,passed,60,P-50GPa_frame00003474_U0.407378.poscar,False,,,,,,,,0.9999770832
npt_pressure,50,,P-50GPa,W-potential/03-npt-round-1/md/P-50GPa/multi_nnap_md.xyz,3524,0.4557985207,15.481888552667604,10.8951935,10.40446452,35.26501402,16,2.221286629177124,passed,61,P-50GPa_frame00003524_U0.455799.poscar,False,,,,,,,,0.9998693284
npt_pressure,50,,P-50GPa,W-potential/03-npt-round-1/md/P-50GPa/multi_nnap_md.xyz,3574,0.2912542238,15.04584229157323,8.716864718,8.856243498,47.35974636,16,2.3373572735648125,passed,62,P-50GPa_frame00003574_U0.291254.poscar,False,,,,,,,,0.9998558067
npt_pressure,50,,P-50GPa,W-potential/03-npt-round-1/md/P-50GPa/multi_nnap_md.xyz,3624,0.506224431,14.367774995901621,9.143143258,9.484804411,67.50007937,16,2.217193620516862,passed,63,P-50GPa_frame00003624_U0.506224.poscar,False,,,,,,,,0.9999671159
npt_pressure,50,,P-50GPa,W-potential/03-npt-round-1/md/P-50GPa/multi_nnap_md.xyz,3674,0.2411717699,15.061450091262165,6.916763259,6.894760897,40.52687577,16,2.373807324842542,passed,64,P-50GPa_frame00003674_U0.241172.poscar,False,,,,,,,,0.9999565632
npt_pressure,50,,P-50GPa,W-potential/03-npt-round-1/md/P-50GPa/multi_nnap_md.xyz,3724,0.2513227484,14.737734853659298,10.66366854,10.62701687,47.03587707,16,2.214704851443493,passed,65,P-50GPa_frame00003724_U0.251323.poscar,False,,,,,,,,0.9999723248
npt_pressure,50,,P-50GPa,W-potential/03-npt-round-1/md/P-50GPa/multi_nnap_md.xyz,3774,0.2835627252,14.364653500344327,7.867124853,7.954364121,60.2323331,16,2.2545807214128493,passed,66,P-50GPa_frame00003774_U0.283563.poscar,False,,,,,,,,0.999986131
npt_pressure,50,,P-50GPa,W-potential/03-npt-round-1/md/P-50GPa/multi_nnap_md.xyz,3824,0.5645018857,14.849048181312844,11.91622958,12.00666765,50.35921484,16,2.0708851698619997,passed,67,P-50GPa_frame00003824_U0.564502.poscar,False,,,,,,,,0.999858284
npt_pressure,50,,P-50GPa,W-potential/03-npt-round-1/md/P-50GPa/multi_nnap_md.xyz,3874,0.2475329368,14.912513224068352,8.870730776,8.990018186,46.79236356,16,2.168263131591295,passed,68,P-50GPa_frame00003874_U0.247533.poscar,False,,,,,,,,0.9999301841
npt_pressure,50,,P-50GPa,W-potential/03-npt-round-1/md/P-50GPa/multi_nnap_md.xyz,3924,0.3518407959,15.12687013055614,8.278051467,8.291713404,45.63566718,16,2.2083245638639806,passed,69,P-50GPa_frame00003924_U0.351841.poscar,False,,,,,,,,0.999900254
npt_pressure,50,,P-50GPa,W-potential/03-npt-round-1/md/P-50GPa/multi_nnap_md.xyz,3974,0.2866769051,14.534001477918487,7.165868961,7.255640064,58.41767647,16,2.357066982959697,passed,70,P-50GPa_frame00003974_U0.286677.poscar,False,,,,,,,,0.9999252908
npt_pressure,50,,P-50GPa,W-potential/03-npt-round-1/md/P-50GPa/multi_nnap_md.xyz,4024,0.2040625253,14.461679592908983,7.158032808,7.341531278,54.17035645,16,2.3465104270475914,passed,71,P-50GPa_frame00004024_U0.204063.poscar,False,,,,,,,,0.9999686144
npt_pressure,50,,P-50GPa,W-potential/03-npt-round-1/md/P-50GPa/multi_nnap_md.xyz,4074,0.3480439908,15.109178821525004,7.116717791,7.149698425,44.69901809,16,2.1723485167278107,passed,72,P-50GPa_frame00004074_U0.348044.poscar,False,,,,,,,,0.9998850493
npt_pressure,50,,P-50GPa,W-potential/03-npt-round-1/md/P-50GPa/multi_nnap_md.xyz,4124,0.6125760273,15.529108510018862,8.526729841,8.335718552,41.72691043,16,2.2183695993727865,passed,73,P-50GPa_frame00004124_U0.612576.poscar,False,,,,,,,,0.9999709828
npt_pressure,50,,P-50GPa,W-potential/03-npt-round-1/md/P-50GPa/multi_nnap_md.xyz,4174,0.3232484972,15.024739279090719,6.475528876,6.645984574,48.0741984,16,2.3665581792760726,passed,74,P-50GPa_frame00004174_U0.323248.poscar,False,,,,,,,,0.9998518329
npt_pressure,50,,P-50GPa,W-potential/03-npt-round-1/md/P-50GPa/multi_nnap_md.xyz,4230,0.2004566307,14.205874513848045,6.975495739,7.14179502,61.22663407,16,2.300811109737977,passed,75,P-50GPa_frame00004230_U0.200457.poscar,False,,,,,,,,0.9999876263
npt_pressure,50,,P-50GPa,W-potential/03-npt-round-1/md/P-50GPa/multi_nnap_md.xyz,4280,0.265662583,14.69908529929149,9.93343249,9.77301656,55.5051827,16,2.233303112527343,passed,76,P-50GPa_frame00004280_U0.265663.poscar,False,,,,,,,,0.9999032653
npt_pressure,50,,P-50GPa,W-potential/03-npt-round-1/md/P-50GPa/multi_nnap_md.xyz,4330,1.002399655,15.65952332356487,12.2386431,11.31388123,51.91603536,16,2.0305886332921803,passed,77,P-50GPa_frame00004330_U1.002400.poscar,True,73,cur-fill,0.02736679309,000073.poscar,5.827648596e-06,1.130271457e-06,0.9991135805,0.9999472925
npt_pressure,50,,P-50GPa,W-potential/03-npt-round-1/md/P-50GPa/multi_nnap_md.xyz,4380,0.5074564664,14.230940746007613,11.17606198,11.36936816,67.21068536,16,2.1405031033336854,passed,78,P-50GPa_frame00004380_U0.507456.poscar,False,,,,,,,,0.9999743144
npt_pressure,50,,P-50GPa,W-potential/03-npt-round-1/md/P-50GPa/multi_nnap_md.xyz,4430,0.2297736383,14.403276624777973,9.622013983,9.49123454,55.84065541,16,2.2713169873576624,passed,79,P-50GPa_frame00004430_U0.229774.poscar,False,,,,,,,,0.9999819366
npt_pressure,50,,P-50GPa,W-potential/03-npt-round-1/md/P-50GPa/multi_nnap_md.xyz,4480,0.2002215949,14.618043183943879,8.740462976,8.420283317,45.76298226,16,2.199893699649398,passed,80,P-50GPa_frame00004480_U0.200222.poscar,True,88,cur-fill,0.005770416716,000088.poscar,5.173962253e-06,4.182927705e-07,0.9996893898,0.9999864152
npt_pressure,50,,P-50GPa,W-potential/03-npt-round-1/md/P-50GPa/multi_nnap_md.xyz,4531,0.1949949585,14.572980167064612,9.097768937,9.132254959,48.85808846,16,2.2269614041772954,passed,81,P-50GPa_frame00004531_U0.194995.poscar,False,,,,,,,,0.9999667916
npt_pressure,50,,P-50GPa,W-potential/03-npt-round-1/md/P-50GPa/multi_nnap_md.xyz,4581,0.2677967471,14.45167676157446,9.455139001,9.400579115,60.53681407,16,2.184858249352169,passed,82,P-50GPa_frame00004581_U0.267797.poscar,False,,,,,,,,0.9999735889
npt_pressure,50,,P-50GPa,W-potential/03-npt-round-1/md/P-50GPa/multi_nnap_md.xyz,4631,0.401502539,15.11735756653154,12.65800864,12.30979594,45.14777814,16,2.127307671979762,passed,83,P-50GPa_frame00004631_U0.401503.poscar,False,,,,,,,,0.9999018737
npt_pressure,50,,P-50GPa,W-potential/03-npt-round-1/md/P-50GPa/multi_nnap_md.xyz,4681,0.3800697942,15.834795259709635,6.314388185,6.571084894,31.25437993,16,2.300998073564762,passed,84,P-50GPa_frame00004681_U0.380070.poscar,False,,,,,,,,0.9999536303
npt_pressure,50,,P-50GPa,W-potential/03-npt-round-1/md/P-50GPa/multi_nnap_md.xyz,4731,0.3765691754,14.523712305489694,8.01628717,8.374317285,64.97693037,16,2.199651318372599,passed,85,P-50GPa_frame00004731_U0.376569.poscar,False,,,,,,,,0.9999345594
npt_pressure,50,,P-50GPa,W-potential/03-npt-round-1/md/P-50GPa/multi_nnap_md.xyz,4781,0.390005049,14.177438567768613,8.357855565,8.148385182,74.49313698,16,2.220623288346281,passed,86,P-50GPa_frame00004781_U0.390005.poscar,True,78,cur-fill,0.008568154743,000078.poscar,5.173962253e-06,5.239591496e-07,0.9989593504,0.9999237002
npt_pressure,50,,P-50GPa,W-potential/03-npt-round-1/md/P-50GPa/multi_nnap_md.xyz,4831,0.2944827062,14.97353415646693,8.37926162,8.461532357,42.64877982,16,2.304581520123388,passed,87,P-50GPa_frame00004831_U0.294483.poscar,False,,,,,,,,0.9999415381
npt_pressure,50,,P-50GPa,W-potential/03-npt-round-1/md/P-50GPa/multi_nnap_md.xyz,4881,0.1964425259,14.913706563694463,7.129389078,7.354939181,40.78008916,16,2.3618966396435908,passed,88,P-50GPa_frame00004881_U0.196443.poscar,False,,,,,,,,0.9999595223
npt_pressure,50,,P-50GPa,W-potential/03-npt-round-1/md/P-50GPa/multi_nnap_md.xyz,4931,0.2112547086,14.13798235788695,7.880453843,7.864573104,66.60032035,16,2.2355918003044497,passed,89,P-50GPa_frame00004931_U0.211255.poscar,False,,,,,,,,0.9999840193
npt_pressure,50,,P-50GPa,W-potential/03-npt-round-1/md/P-50GPa/multi_nnap_md.xyz,4981,0.2653284845,14.636321158759914,7.186867415,7.359297331,52.32194805,16,2.3191529153658696,passed,90,P-50GPa_frame00004981_U0.265328.poscar,False,,,,,,,,0.9999135935
